hour_ms,n,overshoot_all,arb_loss_sum,arb_volume,cex,cex_n,share_cex,continuation,continuation_n,share_continuation,same_block,same_block_n,share_same_block,onchain,onchain_n,share_onchain,long,long_n,share_long,cex_jump,cex_move,cex_jump_n,cex_move_n,cex_tau_mean_ms,cex_tau_median_ms,cex_sqrt_tau_mean,cex_p_k1,sigma_ps,liq_mean,volume,hod,day,post,t_days
1765764000000,164,0.45833003363876607,215.63619851388916,1605582.57966173,0.43997125974416884,80,0.4878048780487805,0.7101240038041059,41,0.25,0.23936884596974126,42,0.25609756097560976,0.7998490505266584,1.0,0.006097560975609756,,,0.0,0.19149007548059732,0.24848118426357146,80,80,456.175,474.0,0.6564150400923311,0.975,4.7501505957739096e-05,8.270750356743881e+24,4008948.431792158,2,2025-12-15 00:00:00+00:00,0,-30.020833333333332
1765767600000,292,0.3859283505340406,295.51440919572,2511729.214536013,0.4138390368047909,158,0.541095890410959,0.6582229219774369,50,0.17123287671232876,0.17549487285309445,80,0.273972602739726,0.0884436534158714,4.0,0.0136986301369863,,,0.0,0.21244519119750654,0.2013938456072844,158,158,466.30379746835445,460.5,0.6632153583312181,0.9746835443037974,6.292549964289543e-05,8.336194432327338e+24,6617391.94972194,3,2025-12-15 00:00:00+00:00,0,-29.979166666666668
1765771200000,197,0.34729383650361995,191.8547932245965,1690537.1550170581,0.36420747665808534,103,0.5228426395939086,0.42744285030169954,46,0.233502538071066,0.23885732986635058,46,0.233502538071066,0.12685370385001699,2.0,0.01015228426395939,,,0.0,0.21896378212069512,0.14524369453739025,103,103,441.15533980582524,443.0,0.6446326850364696,0.9805825242718447,5.1732853439667825e-05,8.349652354330387e+24,5631983.046047161,4,2025-12-15 00:00:00+00:00,0,-29.9375
1765774800000,107,0.23775146020928892,68.52156561581336,676782.6126016157,0.31854705329668137,50,0.4672897196261682,0.17134215351352194,27,0.2523364485981308,0.1628605144231585,30,0.2803738317757009,,,0.0,,,0.0,0.2263384184383774,0.092208634858304,50,50,443.94,443.0,0.6408281957855079,0.94,3.426635997872219e-05,8.413179397457064e+24,3793845.326707636,5,2025-12-15 00:00:00+00:00,0,-29.895833333333332
1765778400000,149,0.2697911709759879,102.66954445371181,963333.6266262709,0.3902251968134414,56,0.37583892617449666,0.27768724524473454,45,0.30201342281879195,0.12252372364433055,47,0.31543624161073824,0.09173240657289834,1.0,0.006711409395973154,,,0.0,0.24960045273020798,0.14062474408323342,56,56,432.82142857142856,443.0,0.6321957189451016,1.0,3.8483473341902834e-05,8.33189395564723e+24,4305961.966370298,6,2025-12-15 00:00:00+00:00,0,-29.854166666666668
1765782000000,175,0.2534714117557767,112.64982461709401,1073643.1669783283,0.3408846057653068,68,0.38857142857142857,0.2524680232659025,41,0.2342857142857143,0.16294700402967457,62,0.35428571428571426,0.18086016536955712,4.0,0.022857142857142857,,,0.0,0.23673879503044534,0.10414581073486152,68,68,441.55882352941177,433.5,0.6374900475157727,0.9558823529411765,4.690217437479402e-05,8.481759796481424e+24,4778024.508492209,7,2025-12-15 00:00:00+00:00,0,-29.8125
1765785600000,139,0.2830406865285313,98.55380494610517,909810.3731102531,0.34699981911092487,46,0.33093525179856115,0.3811628953726007,35,0.2517985611510791,0.14434445022217685,55,0.39568345323741005,0.7003392160341857,3.0,0.02158273381294964,,,0.0,0.2248082311437345,0.12219158796719039,46,46,454.1521739130435,473.5,0.6453831770328319,0.9565217391304348,4.068510909668273e-05,8.414114564771196e+24,5524945.010068008,8,2025-12-15 00:00:00+00:00,0,-29.770833333333332
1765789200000,124,0.3217975592648826,103.23350882185423,978436.6093455116,0.37430105652654055,57,0.4596774193548387,0.34237018125982205,25,0.20161290322580644,0.19862175596213275,39,0.31451612903225806,0.7540780376046339,3.0,0.024193548387096774,,,0.0,0.21085084250388647,0.16345021402265406,57,57,426.63157894736844,441.0,0.6324361934039014,0.9824561403508771,4.333952746875218e-05,8.449327958306541e+24,4786491.193290763,9,2025-12-15 00:00:00+00:00,0,-29.729166666666668
1765792800000,178,0.37659855951985033,174.09595011935954,1474041.8416308807,0.4752957544610538,65,0.3651685393258427,0.4764719190250817,39,0.21910112359550563,0.2389835650350607,73,0.4101123595505618,0.11211446502723628,1.0,0.0056179775280898875,,,0.0,0.45976470408883435,0.015531050372219468,65,65,468.8615384615385,458.0,0.6614784324295586,0.9076923076923077,5.1125179879006e-05,8.559544221604413e+24,5652339.044817479,10,2025-12-15 00:00:00+00:00,0,-29.6875
1765796400000,94,0.2520782386500292,63.6669314107029,588737.2912114694,0.2568122140589683,38,0.40425531914893614,0.19567793403279235,24,0.2553191489361702,0.2937043610109129,30,0.3191489361702128,0.21454452587377298,2.0,0.02127659574468085,,,0.0,0.12959166879110137,0.12722054526786694,38,38,591.2631578947369,570.5,0.7355356889662407,0.8947368421052632,2.9182516588060756e-05,8.569640630762337e+24,3986685.014324416,11,2025-12-15 00:00:00+00:00,0,-29.645833333333332
1765800000000,150,0.31235954519330156,111.95798667019581,1021835.9351361876,0.38000515663296647,66,0.44,0.3218657877106891,30,0.2,0.1912510922902715,49,0.32666666666666666,0.5492628575350942,5.0,0.03333333333333333,,,0.0,0.3185226088989014,0.061482547734065085,66,66,463.42424242424244,480.0,0.6529915373419851,0.9090909090909091,4.34575143256316e-05,8.350302434179484e+24,4843414.278897222,12,2025-12-15 00:00:00+00:00,0,-29.604166666666668
1765803600000,232,0.3149496840804552,184.32324115211355,1698441.328321118,0.34504023380025334,96,0.41379310344827586,0.5567202204307932,38,0.16379310344827586,0.1815766332868997,97,0.41810344827586204,1.1761624566418725,1.0,0.004310344827586207,,,0.0,0.1771742324745773,0.167866001325676,96,96,442.3125,431.0,0.6345752600392697,0.9375,5.3313256612977e-05,8.274980829503853e+24,6797801.6348817,13,2025-12-15 00:00:00+00:00,0,-29.5625
1765807200000,688,0.5392381259720279,964.3746877379367,7503936.495946594,0.5291118010664084,287,0.4171511627906977,0.9376641023274538,158,0.22965116279069767,0.2949136936029589,239,0.34738372093023256,0.1263607059627811,4.0,0.005813953488372093,,,0.0,0.20929497051541784,0.31981683055099064,287,287,461.1707317073171,486.0,0.6524889981449705,0.9860627177700348,0.00015365172135479847,8.232488253414253e+24,23019737.465291634,14,2025-12-15 00:00:00+00:00,0,-29.520833333333332
1765810800000,1141,0.765251131523918,2237.565384083602,15389755.074045273,0.7127598369713088,412,0.36108676599474143,1.237591881595776,325,0.2848378615249781,0.4346938161098544,399,0.3496932515337423,0.7668588180304035,5.0,0.0043821209465381246,,,0.0,0.21497150546257032,0.4977883315087386,412,412,468.4271844660194,494.0,0.6622082418729609,0.9854368932038835,0.00021206397580245787,7.82605993308776e+24,54093252.9736027,15,2025-12-15 00:00:00+00:00,0,-29.479166666666668
1765814400000,1095,0.6297841192677952,1620.0618296953116,12433768.30849537,0.6686096883276275,468,0.4273972602739726,1.0036517403128142,280,0.2557077625570776,0.2755559542259761,340,0.3105022831050228,0.2846806766408924,7.0,0.006392694063926941,,,0.0,0.3198569590036315,0.3487527293239959,468,468,477.45940170940173,506.5,0.6686056243401094,0.9786324786324786,0.00018001796942486228,7.819722395733683e+24,35455902.771324426,16,2025-12-15 00:00:00+00:00,0,-29.4375
1765818000000,838,0.5626859321809025,1090.8967553435862,8423562.066662548,0.6051720543812869,434,0.5178997613365155,0.7840805144661604,194,0.2315035799522673,0.26505150132688426,206,0.2458233890214797,0.5434776215861312,4.0,0.00477326968973747,,,0.0,0.25439471429615107,0.3507773400851357,434,434,455.39400921658984,488.0,0.6524204712443079,0.9815668202764977,0.00011926401009546535,7.593388400097365e+24,23007666.97818872,17,2025-12-15 00:00:00+00:00,0,-29.395833333333332
1765821600000,818,0.5616571379123124,1056.2990981891319,8122179.833308615,0.6011493996706379,454,0.5550122249388753,0.7904494608762387,167,0.2041564792176039,0.2691643383801845,190,0.23227383863080683,0.48106101474785945,7.0,0.008557457212713936,,,0.0,0.21159286303478622,0.38955653663585166,454,454,436.10132158590307,450.5,0.6336572698764862,0.9889867841409692,0.0001298899014688512,7.462142676493061e+24,19886505.014050804,18,2025-12-15 00:00:00+00:00,0,-29.354166666666668
1765825200000,629,0.465019444098357,703.9067183895679,5962133.575530417,0.46099196023811695,399,0.6343402225755167,0.727717663542173,110,0.17488076311605724,0.2278657103491886,117,0.18600953895071543,0.6174023674545938,3.0,0.0047694753577106515,,,0.0,0.2159524451973135,0.24503951504080346,399,399,442.8872180451128,417.0,0.6354971272373956,0.9624060150375939,9.337945891832997e-05,7.78598163560727e+24,14833548.877100611,19,2025-12-15 00:00:00+00:00,0,-29.3125
1765828800000,643,0.45919787997551054,667.4394650426336,5709917.839622338,0.4741091351186591,443,0.6889580093312597,0.6177261551763112,98,0.15241057542768274,0.2338856502997535,101,0.15707620528771385,1.0742760791336856,1.0,0.0015552099533437014,,,0.0,0.18856839734714057,0.28554073777151856,443,443,407.0609480812641,404.0,0.611046858815806,0.9841986455981941,0.00011379397845256745,7.501789611518087e+24,11869554.38286762,20,2025-12-15 00:00:00+00:00,0,-29.270833333333332
1765832400000,279,0.4603806129985116,292.71927927835543,2506019.8599424437,0.4555506423851049,180,0.6451612903225806,0.6598928895148802,53,0.18996415770609318,0.2520706353535454,43,0.15412186379928317,0.21123831092491877,3.0,0.010752688172043012,,,0.0,0.204817283990985,0.2507333583941198,180,180,461.6666666666667,415.5,0.654449882014605,0.9277777777777778,5.676320222474965e-05,7.709009946588232e+24,6261385.6564307,21,2025-12-15 00:00:00+00:00,0,-29.229166666666668
1765836000000,213,0.43286477207782836,221.3893798414831,1797299.5963775397,0.4752324029206456,103,0.4835680751173709,0.5928900365655538,46,0.215962441314554,0.2595616949463592,61,0.2863849765258216,0.048351292669188056,3.0,0.014084507042253521,,,0.0,0.3077176949091906,0.16751470801145496,103,103,434.40776699029124,453.0,0.6311523739823814,0.970873786407767,5.47142400160109e-05,7.960592305313107e+24,5603157.103235674,22,2025-12-15 00:00:00+00:00,0,-29.1875
1765839600000,184,0.3877387663938331,175.5572594789554,1523098.9733339862,0.4581569699073356,95,0.5163043478260869,0.41723308697521666,47,0.2554347826086957,0.2051518275839441,39,0.21195652173913043,0.06938150388646842,3.0,0.016304347826086956,,,0.0,0.23337111172994754,0.22478585817738805,95,95,462.34736842105264,484.0,0.6495973769232893,0.9368421052631579,5.242751057056561e-05,7.881854374944412e+24,6879956.801899227,23,2025-12-15 00:00:00+00:00,0,-29.145833333333332
1765843200000,307,0.3744170161487658,274.63239003539115,2507865.01276504,0.4056135848756702,163,0.5309446254071661,0.4889530083012337,65,0.21172638436482086,0.22166682444513935,74,0.24104234527687296,0.12914381488327104,5.0,0.016286644951140065,,,0.0,0.2177829538305318,0.1878306310451384,163,163,450.80981595092027,437.0,0.649997383077132,0.9631901840490797,6.578511222186015e-05,7.873847368782344e+24,6976463.591909435,0,2025-12-16 00:00:00+00:00,0,-29.104166666666668
1765846800000,374,0.43797377334381377,395.6651385063423,3377713.660537874,0.47020456358571516,203,0.5427807486631016,0.5799711863420205,91,0.24331550802139038,0.1808584551874111,74,0.19786096256684493,0.3649601969489833,6.0,0.016042780748663103,,,0.0,0.22924418516256848,0.24096037842314666,203,203,444.3152709359606,455.0,0.6431494351572039,0.9852216748768473,9.423786553112884e-05,7.85109620692062e+24,13060688.131006625,1,2025-12-16 00:00:00+00:00,0,-29.0625
1765850400000,347,0.4174653082636324,342.9526287680091,3089467.1839491245,0.4290386252895278,191,0.5504322766570605,0.5780000985344461,74,0.2132564841498559,0.2543254264860606,77,0.2219020172910663,0.11180388124099135,5.0,0.01440922190201729,,,0.0,0.24291691197759052,0.18612171331193725,191,191,428.23560209424085,407.0,0.6288200150896341,0.9738219895287958,8.64455525101892e-05,7.886881231766778e+24,9954835.195048394,2,2025-12-16 00:00:00+00:00,0,-29.020833333333332
1765854000000,359,0.42930195641616287,381.5505267594289,3247913.7857832564,0.462028259630574,201,0.5598885793871866,0.5697312365333987,70,0.19498607242339833,0.23929870879321993,85,0.23676880222841226,0.3433817876318255,3.0,0.008356545961002786,,,0.0,0.2779951902308352,0.18403306939973885,201,201,413.5820895522388,413.0,0.6119313238149994,0.9651741293532339,9.290760003948506e-05,8.374887232561517e+24,9267515.406459518,3,2025-12-16 00:00:00+00:00,0,-28.979166666666668
1765857600000,394,0.44299116800274485,437.99183196808883,3737988.372088882,0.43956110468348397,199,0.5050761421319797,0.6315043586465423,87,0.22081218274111675,0.2841467060327052,102,0.25888324873096447,0.5236695239138435,6.0,0.015228426395939087,,,0.0,0.28288610175527484,0.15667500292820907,199,199,421.58793969849245,433.0,0.613791833441427,0.949748743718593,8.650989202698317e-05,8.311188744281216e+24,10935509.419986425,4,2025-12-16 00:00:00+00:00,0,-28.9375
1765861200000,321,0.3556981868945507,282.65580775981846,2585965.33158834,0.35890867682025696,185,0.5763239875389408,0.49637168160495176,51,0.1588785046728972,0.25037254776065354,79,0.24610591900311526,0.44777095774317743,6.0,0.018691588785046728,,,0.0,0.24447918795742088,0.11442948886283608,185,185,420.7837837837838,433.0,0.61799352014298,0.9837837837837838,5.566143848474558e-05,8.306770669380127e+24,7409644.373970717,5,2025-12-16 00:00:00+00:00,0,-28.895833333333332
1765864800000,193,0.3376480106556184,150.27762392865864,1429648.3057045608,0.38699377506424165,93,0.48186528497409326,0.35479349487412076,48,0.24870466321243523,0.22997325453737447,51,0.26424870466321243,0.4169212401959896,1.0,0.0051813471502590676,,,0.0,0.2222872773823547,0.16470649768188686,93,93,498.5806451612903,516.0,0.6841217012748756,0.9139784946236559,6.303719263974908e-05,7.673534193017432e+24,5947614.657172901,6,2025-12-16 00:00:00+00:00,0,-28.854166666666668
1765868400000,360,0.4006639699536971,341.97676291982043,3032271.192157419,0.3993078603854924,186,0.5166666666666667,0.5761227475849355,87,0.24166666666666667,0.23065524914839994,86,0.2388888888888889,0.008736684977584681,1.0,0.002777777777777778,,,0.0,0.20392132007037547,0.1953865403151169,186,186,438.31720430107526,461.5,0.6369316178992968,0.978494623655914,5.2960950219364925e-05,7.751918170783844e+24,9483435.839177152,7,2025-12-16 00:00:00+00:00,0,-28.8125
1765872000000,343,0.44536311885528834,373.4502756881449,3186969.401959683,0.407469837257798,176,0.5131195335276968,0.7360782022390886,89,0.2594752186588921,0.19447278321792788,74,0.21574344023323616,0.2857281131464781,4.0,0.011661807580174927,,,0.0,0.22300616582123797,0.18446367143656,176,176,441.45454545454544,474.5,0.6392382379099757,0.9829545454545454,8.716323965084251e-05,7.975526115919432e+24,9157052.301709812,8,2025-12-16 00:00:00+00:00,0,-28.770833333333332
1765875600000,331,0.40942207785620083,327.6490818673095,2893327.586827653,0.4397642861624341,185,0.5589123867069486,0.6964899248873326,51,0.1540785498489426,0.17157902219794807,91,0.27492447129909364,0.7569094102712346,4.0,0.012084592145015106,,,0.0,0.2372728053477459,0.20249148081468818,185,185,435.96216216216214,458.0,0.6367385344729747,0.9837837837837838,6.24672753873846e-05,7.969754399140726e+24,9535800.67566434,9,2025-12-16 00:00:00+00:00,0,-28.729166666666668
1765879200000,362,0.4253626486805969,362.941314114814,3209900.5494995094,0.4255837131940079,168,0.46408839779005523,0.6349750671024901,92,0.2541436464088398,0.23801477594864484,101,0.27900552486187846,0.02601646154054644,1.0,0.0027624309392265192,,,0.0,0.16605153107293158,0.2595321821210763,168,168,435.1547619047619,443.0,0.6334366563724764,0.9583333333333334,8.251610395464674e-05,7.795774769526709e+24,9755248.17915889,10,2025-12-16 00:00:00+00:00,0,-28.6875
1765882800000,258,0.39299251555277176,228.21845495965053,2057331.49162031,0.4745954929296181,122,0.4728682170542636,0.4904308616976204,64,0.24806201550387597,0.1720969443633136,67,0.2596899224806202,0.11466969084239582,5.0,0.01937984496124031,,,0.0,0.18602056560984018,0.2885749273197779,122,122,449.9918032786885,470.0,0.6538326923922767,0.9836065573770492,6.706788577593036e-05,7.652575870805108e+24,6936202.7595187165,11,2025-12-16 00:00:00+00:00,0,-28.645833333333332
1765886400000,302,0.37767722638316187,255.67473431052818,2382119.6880396535,0.4152976999655426,145,0.48013245033112584,0.464955568849513,70,0.23178807947019867,0.2447524833706356,87,0.28807947019867547,,,0.0,,,0.0,0.36602699033559233,0.04927070962995031,145,145,422.5310344827586,414.0,0.6217298360938416,0.9655172413793104,6.677726186470733e-05,7.560846249439177e+24,8865474.052786015,12,2025-12-16 00:00:00+00:00,0,-28.604166666666668
1765890000000,678,0.6164521252918533,1071.2305471066293,7421839.8796903575,0.6438041974499575,328,0.4837758112094395,0.9529322451525417,160,0.2359882005899705,0.2836835863626062,188,0.27728613569321536,0.4925453618569451,2.0,0.0029498525073746312,,,0.0,0.24076733175577558,0.4030368656941819,328,328,458.7743902439024,497.0,0.6494498695149166,0.975609756097561,0.00014270984899175781,7.591248508834891e+24,20390211.73018678,13,2025-12-16 00:00:00+00:00,0,-28.5625
1765893600000,930,0.6007632737401228,1314.2499672931137,9791842.912962908,0.5954961201162386,425,0.45698924731182794,0.9317214875900454,230,0.24731182795698925,0.3231824442914722,269,0.289247311827957,0.7319956447993853,6.0,0.0064516129032258064,,,0.0,0.21800869059369704,0.3774874295225416,425,425,448.6,475.0,0.642852901500987,0.9764705882352941,0.00014701930451208248,7.599924004883132e+24,26415115.56524108,14,2025-12-16 00:00:00+00:00,0,-28.520833333333332
1765897200000,839,0.48742102589378333,950.7254243307711,7837001.475114993,0.49924725607781223,420,0.5005959475566151,0.7217738796733294,183,0.21811680572109654,0.28483298665365847,233,0.27771156138259834,0.2705624338937848,3.0,0.003575685339690107,,,0.0,0.2071243517550707,0.2921229043227415,420,420,447.8309523809524,465.0,0.6455465600188648,0.9833333333333333,0.0001269128863272629,7.652165748026832e+24,21887074.471616462,15,2025-12-16 00:00:00+00:00,0,-28.479166666666668
1765900800000,660,0.41583941937414604,667.7667861398722,5821983.919784969,0.4121143265868979,352,0.5333333333333333,0.5909491154683024,137,0.20757575757575758,0.26865859411836973,166,0.2515151515151515,0.7664836771082992,5.0,0.007575757575757576,,,0.0,0.21991382186381295,0.19220050472308498,352,352,424.12784090909093,453.5,0.6239432129755976,0.9829545454545454,9.091217703469558e-05,8.074892208227867e+24,14891984.472923875,16,2025-12-16 00:00:00+00:00,0,-28.4375
1765904400000,418,0.34472038687295836,371.13997122401645,3301230.058491375,0.33283011669549556,236,0.5645933014354066,0.5751227233776384,75,0.17942583732057416,0.21137169499818462,106,0.2535885167464115,0.00561024962919627,1.0,0.0023923444976076554,,,0.0,0.22912538972519128,0.10370472697030425,236,236,414.6228813559322,415.5,0.6139901027644639,0.9788135593220338,6.347900087836946e-05,8.309754699298444e+24,9276496.422714196,17,2025-12-16 00:00:00+00:00,0,-28.395833333333332
1765908000000,351,0.3596196191157576,316.9511525784819,2805229.9456885774,0.3986276057414698,196,0.5584045584045584,0.39631852894876535,67,0.1908831908831909,0.24712917703158035,87,0.24786324786324787,0.04189574298807481,1.0,0.002849002849002849,,,0.0,0.2331766446378195,0.16545096110365026,196,196,464.63775510204084,482.5,0.6567514022036108,0.9540816326530612,6.883533594959422e-05,8.276814597019883e+24,7761267.1894510435,18,2025-12-16 00:00:00+00:00,0,-28.354166666666668
1765911600000,261,0.3100680826670253,212.91500004141946,1996771.277567793,0.3271179948337985,143,0.5478927203065134,0.40828808797947125,58,0.2222222222222222,0.17448645353418474,60,0.22988505747126436,,,0.0,,,0.0,0.2160982242563962,0.11101977057740228,143,143,437.3006993006993,440.0,0.632340852809094,0.9300699300699301,5.4263185571351314e-05,8.224284663279216e+24,6383688.341296811,19,2025-12-16 00:00:00+00:00,0,-28.3125
1765915200000,205,0.30462547715358723,166.74653675296858,1487803.2190614492,0.31666570488760926,109,0.5317073170731708,0.3800081143363053,57,0.2780487804878049,0.15985280989895143,37,0.18048780487804877,0.1783222501526857,2.0,0.00975609756097561,,,0.0,0.18810369426364396,0.12856201062396527,109,109,455.9633027522936,447.0,0.6425047009943242,0.963302752293578,4.2320132000603876e-05,8.316189000710225e+24,4853396.922129387,20,2025-12-16 00:00:00+00:00,0,-28.270833333333332
1765918800000,151,0.3252826774850589,136.44356632461395,1103491.0147975006,0.2934904569947113,83,0.5496688741721855,0.3760906459610437,33,0.2185430463576159,0.20361584452381704,32,0.2119205298013245,1.943759342735423,3.0,0.019867549668874173,,,0.0,0.2616743280472344,0.031816128947476964,83,83,494.3855421686747,486.0,0.6802314917371489,0.891566265060241,4.3719744603803155e-05,8.322982917377962e+24,4159026.8557289303,21,2025-12-16 00:00:00+00:00,0,-28.229166666666668
1765922400000,94,0.42929341730227716,101.51846076853111,847918.7133813932,0.4220370564097779,62,0.6595744680851063,0.4969095444692752,18,0.19148936170212766,0.37449370918291913,14,0.14893617021276595,,,0.0,,,0.0,0.22076187737409478,0.2012751790356831,62,62,528.4354838709677,477.0,0.6938476055071628,0.9354838709677419,4.380827012643445e-05,8.059203939786387e+24,3151774.144277152,22,2025-12-16 00:00:00+00:00,0,-28.1875
1765926000000,157,0.28074258568296595,132.88002651079879,1126275.2886459196,0.266397503677949,80,0.5095541401273885,0.21909316220447647,50,0.3184713375796178,0.4511442421415665,25,0.1592356687898089,0.2657607471133758,2.0,0.012738853503184714,,,0.0,0.19049323914145738,0.07590426453649157,80,80,487.85,469.5,0.6652026807211888,0.9375,4.1817738633263944e-05,8.130412438948225e+24,4464770.589275756,23,2025-12-16 00:00:00+00:00,0,-28.145833333333332
1765929600000,193,0.3251168614464091,169.05553188545684,1487877.6913318255,0.3511103807614386,109,0.5647668393782384,0.37694509610193755,44,0.22797927461139897,0.1972734631918724,40,0.20725388601036268,,,0.0,,,0.0,0.19757694086392993,0.15353343989750864,109,109,466.4678899082569,486.0,0.657760913334322,0.963302752293578,5.442768523022267e-05,8.228965429531133e+24,4571475.295006636,0,2025-12-17 00:00:00+00:00,0,-28.104166666666668
1765933200000,163,0.41115393064804734,189.12953007265452,1444822.2951949353,0.38795513191977216,82,0.5030674846625767,0.6942300246370295,43,0.26380368098159507,0.14530257354457218,36,0.22085889570552147,0.06149308560676832,2.0,0.012269938650306749,,,0.0,0.23415586064838279,0.15379927127138934,82,82,408.5121951219512,392.5,0.6152310283476307,0.975609756097561,5.822160269257308e-05,8.321974563864035e+24,4623247.726395137,1,2025-12-17 00:00:00+00:00,0,-28.0625
1765936800000,222,0.36695838747209814,214.90886142810638,1746741.2623880631,0.4109012359438736,122,0.5495495495495496,0.4511347336749281,43,0.19369369369369369,0.21232657854444054,55,0.24774774774774774,0.12902793284352926,2.0,0.009009009009009009,,,0.0,0.20185479572527742,0.20904644021859614,122,122,444.5655737704918,464.0,0.6289809374032056,0.9344262295081968,6.12561689151041e-05,8.21205442494353e+24,10848789.575807989,2,2025-12-17 00:00:00+00:00,0,-28.020833333333332
1765940400000,151,0.29137438320288367,115.21368139572495,1085885.4296683606,0.2937428600180731,71,0.47019867549668876,0.4289676300223893,39,0.2582781456953642,0.15492219846186067,40,0.26490066225165565,0.2151632930046396,1.0,0.006622516556291391,,,0.0,0.16675476664233474,0.1269880933757383,71,71,425.23943661971833,415.0,0.6225775072603835,0.9154929577464789,4.557151176520027e-05,8.163772279981077e+24,4428656.07408095,3,2025-12-17 00:00:00+00:00,0,-27.979166666666668
1765944000000,268,0.29627681144803397,169.6750986267925,1615089.1712211124,0.30471874492442,124,0.4626865671641791,0.48750539399407816,45,0.16791044776119404,0.20081650943744023,93,0.34701492537313433,0.16723049833826006,6.0,0.022388059701492536,,,0.0,0.258789190939886,0.04592955398453398,124,124,395.23387096774195,409.0,0.5983656241303019,0.9919354838709677,5.477998036973407e-05,7.258445323688853e+24,6531347.1712588975,4,2025-12-17 00:00:00+00:00,0,-27.9375
1765947600000,310,0.3763687828697051,223.96547414794344,1858065.9261532768,0.45040172742317436,141,0.45483870967741935,0.5303646211636588,59,0.19032258064516128,0.19725551335999228,105,0.3387096774193548,0.23286751429718672,5.0,0.016129032258064516,,,0.0,0.2396086112115486,0.21079311621162572,141,141,404.4468085106383,393.0,0.6057062866764682,0.9574468085106383,7.652389221468214e-05,5.991090469123309e+24,6859030.103589446,5,2025-12-17 00:00:00+00:00,0,-27.895833333333332
1765951200000,317,0.3663562698760528,269.69698345946614,2393994.068032979,0.42572207236818893,146,0.4605678233438486,0.5658993573727005,56,0.17665615141955837,0.1904175333981186,111,0.3501577287066246,0.2882011912226931,4.0,0.012618296529968454,,,0.0,0.2552208408835163,0.17050123148467258,146,146,445.76027397260276,423.5,0.6453553424607058,0.9726027397260274,8.041153424843251e-05,7.771779327489186e+24,8150701.75225879,6,2025-12-17 00:00:00+00:00,0,-27.854166666666668
1765954800000,304,0.4181179579173231,370.25014061274857,2611520.932855695,0.5294580807480121,120,0.39473684210526316,0.5592156043305223,64,0.21052631578947367,0.23384568144385598,114,0.375,0.1874471925586253,6.0,0.019736842105263157,,,0.0,0.22297582073112768,0.30648226001688444,120,120,435.60833333333335,448.0,0.6255125788275315,0.9666666666666667,6.687293321582828e-05,8.161691780676133e+24,10607648.861640327,7,2025-12-17 00:00:00+00:00,0,-27.8125
1765958400000,256,0.30794802425576984,191.58963445026998,1768323.2076739382,0.3911696634881809,102,0.3984375,0.36090725401445783,63,0.24609375,0.1843888054384664,84,0.328125,0.10136741056294463,7.0,0.02734375,,,0.0,0.23368705389332514,0.15748260959485572,102,102,451.0686274509804,476.5,0.646026045319831,0.9705882352941176,5.959599138969297e-05,8.257322861905514e+24,8822347.193936855,8,2025-12-17 00:00:00+00:00,0,-27.770833333333332
1765962000000,220,0.36625906127098923,208.36599204479765,1787301.6044918972,0.42869498968264624,93,0.42272727272727273,0.3776049507683627,47,0.21363636363636362,0.2974762034836822,71,0.32272727272727275,0.20445736729744995,9.0,0.04090909090909091,,,0.0,0.23207122500865807,0.19662376467398812,93,93,473.2043010752688,490.0,0.6574569246260689,0.946236559139785,6.419854307261053e-05,8.213590005297514e+24,7466705.431664352,9,2025-12-17 00:00:00+00:00,0,-27.729166666666668
1765965600000,356,0.37391778438131495,326.67867010206857,2782813.631794881,0.3462081143891289,103,0.2893258426966292,0.704153561092572,72,0.20224719101123595,0.25806564450168823,176,0.4943820224719101,0.2673371253411058,5.0,0.014044943820224719,,,0.0,0.19678819271693715,0.14941992167219179,103,103,375.29126213592235,368.0,0.5686317209636176,0.9805825242718447,0.00010270322650313642,8.017948502626407e+24,16882990.32293732,10,2025-12-17 00:00:00+00:00,0,-27.6875
1765969200000,308,0.3193708821685958,234.87352826487194,2205108.9197739605,0.39132888381192604,126,0.4090909090909091,0.4069810335779228,54,0.17532467532467533,0.20924932023391732,123,0.39935064935064934,0.26883002912903103,5.0,0.016233766233766232,,,0.0,0.2683823029377736,0.12294658087415244,126,126,439.2857142857143,450.0,0.6407585688864604,0.9761904761904762,5.843410851983709e-05,8.058479677864902e+24,7483988.187941183,11,2025-12-17 00:00:00+00:00,0,-27.645833333333332
1765972800000,342,0.35831000329792884,311.76092321339127,2818831.9370224024,0.3939549982637352,139,0.4064327485380117,0.49233900288060967,70,0.2046783625730994,0.2526113867595995,131,0.3830409356725146,0.11322725104112669,2.0,0.005847953216374269,,,0.0,0.2742285484993797,0.11972644976435552,139,139,464.0359712230216,510.0,0.6578306841956778,0.9856115107913669,6.81185417433023e-05,8.227035343566606e+24,8284697.247312867,12,2025-12-17 00:00:00+00:00,0,-27.604166666666668
1765976400000,434,0.3769707547661048,398.20093559968274,3365696.5384395607,0.43765090469990325,176,0.4055299539170507,0.627018197694257,86,0.19815668202764977,0.19063903356892206,166,0.3824884792626728,0.1681839611932254,6.0,0.013824884792626729,,,0.0,0.24548308940045468,0.19216781529944857,176,176,442.27272727272725,471.0,0.6336391295878255,0.9715909090909091,8.915101169180208e-05,8.126625738929196e+24,12220802.171880525,13,2025-12-17 00:00:00+00:00,0,-27.5625
1765980000000,808,0.5092244462971971,1032.972379250913,8266224.940673002,0.5294430369049612,324,0.400990099009901,0.9272490021012028,153,0.18935643564356436,0.29472339021689387,323,0.3997524752475248,0.3561320361733797,8.0,0.009900990099009901,,,0.0,0.2184288945668209,0.3110141423381403,324,324,443.1203703703704,474.0,0.6388362504609186,0.9969135802469136,0.00016776194936001939,8.085495599492911e+24,25994639.981067456,14,2025-12-17 00:00:00+00:00,0,-27.520833333333332
1765983600000,1065,0.6772487285925991,1902.6946642091168,13219903.4428476,0.6889787302761761,352,0.3305164319248826,1.1913798580248,263,0.24694835680751173,0.36090317156103974,440,0.4131455399061033,0.6619084746524182,10.0,0.009389671361502348,,,0.0,0.27329487824196014,0.41568385203421593,352,352,466.5681818181818,499.0,0.6578447126259043,0.9801136363636364,0.00020046971595978014,8.124753248009951e+24,43363892.34720729,15,2025-12-17 00:00:00+00:00,0,-27.479166666666668
1765987200000,1187,0.7050883200004981,2053.444770201822,14306733.755655603,0.7703939597967503,449,0.37826453243470937,1.1217211839911236,281,0.2367312552653749,0.38248188585372617,454,0.38247683235046337,0.7275063375843391,3.0,0.002527379949452401,,,0.0,0.22239614611866823,0.547997813678082,449,449,478.88195991091317,499.0,0.6714191354699456,0.9844097995545658,0.00019022240747681413,7.631729452214907e+24,43057362.688266166,16,2025-12-17 00:00:00+00:00,0,-27.4375
1765990800000,655,0.4555160043846722,665.2386828153597,5774551.288284384,0.4492542419966064,365,0.5572519083969466,0.7407992861900827,137,0.20916030534351146,0.19547360623995252,148,0.22595419847328244,0.7931177223289296,5.0,0.007633587786259542,,,0.0,0.24633880934383906,0.20291543265276735,365,365,419.78356164383564,429.0,0.6239733721117837,0.9917808219178083,9.916848378299902e-05,7.548823333571317e+24,15095150.866850415,17,2025-12-17 00:00:00+00:00,0,-27.395833333333332
1765994400000,611,0.5005222110684376,696.9577916378205,5623489.133971373,0.4958638775151504,300,0.4909983633387889,0.7811532314017875,142,0.23240589198036007,0.262754814634845,165,0.2700490998363339,0.6954011086167675,4.0,0.006546644844517185,,,0.0,0.24693106593894243,0.24893281157620795,300,300,437.4033333333333,448.5,0.6368055945442255,0.98,0.00010081694780830065,7.541748541025612e+24,15693969.256619014,18,2025-12-17 00:00:00+00:00,0,-27.354166666666668
1765998000000,652,0.4866674128737241,708.2740536537539,5756235.327830076,0.49774853806274844,333,0.5107361963190185,0.7639822666902676,146,0.22392638036809817,0.2323942442388278,172,0.26380368098159507,0.04366907291542072,1.0,0.0015337423312883436,,,0.0,0.20788766861394503,0.2898608694488034,333,333,429.3093093093093,433.0,0.6265511328785326,0.96996996996997,9.311163170590491e-05,7.481965521882975e+24,15002235.458039781,19,2025-12-17 00:00:00+00:00,0,-27.3125
1766001600000,338,0.39572400145469055,304.56888575038744,2662276.5652316194,0.41487040087326416,199,0.5887573964497042,0.5066724832430595,62,0.1834319526627219,0.25690660723163855,77,0.22781065088757396,,,0.0,,,0.0,0.17452364938666684,0.2403467514865973,199,199,412.0502512562814,434.0,0.6089912795900835,0.9748743718592965,8.672558057607408e-05,7.547978646441553e+24,8129029.656624796,20,2025-12-17 00:00:00+00:00,0,-27.270833333333332
1766005200000,235,0.2893774145463068,161.47432248550197,1544312.3881467367,0.2884559939678941,122,0.5191489361702127,0.4052018464300637,56,0.23829787234042554,0.177557153582727,57,0.2425531914893617,,,0.0,,,0.0,0.15197804401928883,0.13647794994860526,122,122,411.9836065573771,391.0,0.6161301406824274,0.9590163934426229,5.402919502085035e-05,7.553349986412548e+24,4966741.97704165,21,2025-12-17 00:00:00+00:00,0,-27.229166666666668
1766008800000,221,0.4198994967887875,217.01749431461855,1825393.5608794412,0.4419566045743225,116,0.5248868778280543,0.5588582012093604,60,0.27149321266968324,0.1808093316022066,43,0.19457013574660634,0.11226466412206454,2.0,0.00904977375565611,,,0.0,0.1946063751675525,0.24735022940677004,116,116,437.9310344827586,447.5,0.6401882235738586,0.9655172413793104,7.669471300209325e-05,7.585117426036544e+24,6023509.321498177,22,2025-12-17 00:00:00+00:00,0,-27.1875
1766012400000,175,0.35274994989998476,149.39285250310974,1304929.5815391508,0.47178999614672446,81,0.46285714285714286,0.37334646267245514,31,0.17714285714285713,0.1917828635807511,59,0.33714285714285713,0.15683056262555478,4.0,0.022857142857142857,,,0.0,0.2018486558422555,0.269941340304469,81,81,493.65432098765433,504.0,0.6871583408124015,0.9753086419753086,4.304955644886492e-05,7.705378650752302e+24,5025457.513771118,23,2025-12-17 00:00:00+00:00,0,-27.145833333333332
1766016000000,183,0.32460332228593447,140.73232275197608,1329066.5246018698,0.3515535162480861,73,0.3989071038251366,0.44010700372884654,56,0.30601092896174864,0.16970752116537066,53,0.2896174863387978,0.09851046163567108,1.0,0.00546448087431694,,,0.0,0.1696028069022605,0.18195070934582558,73,73,490.041095890411,498.0,0.6776085395932627,0.9452054794520548,5.660543680134312e-05,7.77847666121576e+24,4839100.570375084,0,2025-12-18 00:00:00+00:00,0,-27.104166666666668
1766019600000,419,0.44459534334093137,427.4559253084529,3680056.1675077886,0.4873378425803373,238,0.568019093078759,0.5273306845039542,92,0.21957040572792363,0.2305631179734821,84,0.20047732696897375,0.483463488318737,5.0,0.011933174224343675,,,0.0,0.17755940051370972,0.3097784420666275,238,238,476.52100840336135,524.0,0.6673951251195508,0.9705882352941176,8.836179764623813e-05,7.644128751137684e+24,8851814.66821769,1,2025-12-18 00:00:00+00:00,0,-27.0625
1766023200000,420,0.38709479127748936,400.94985920267766,3419331.996587982,0.3925289266792668,222,0.5285714285714286,0.5359095996811797,98,0.23333333333333334,0.2214178613299147,97,0.23095238095238096,0.48057243199698857,3.0,0.007142857142857143,,,0.0,0.1815244027050273,0.2110045239742395,222,222,449.6126126126126,459.0,0.6467784923959735,0.9594594594594594,7.95176548641842e-05,7.79735162267198e+24,9587427.58558331,2,2025-12-18 00:00:00+00:00,0,-27.020833333333332
1766026800000,312,0.41564472781313394,298.13114387741473,2547222.5539651047,0.5353913857471055,133,0.42628205128205127,0.4538378455866111,76,0.24358974358974358,0.2167578634849518,100,0.32051282051282054,0.7688793867517058,3.0,0.009615384615384616,,,0.0,0.2593765690341965,0.27601481671290895,133,133,446.390977443609,451.0,0.6412733419850026,0.9398496240601504,9.653527885392983e-05,7.659605733541422e+24,9095439.885698667,3,2025-12-18 00:00:00+00:00,0,-26.979166666666668
1766030400000,282,0.38608581804618536,252.37078747956548,2092354.9159817046,0.372722473286168,146,0.5177304964539007,0.6857674373271792,49,0.17375886524822695,0.24508085765170423,85,0.30141843971631205,0.012121129908560797,2.0,0.0070921985815602835,,,0.0,0.2002428339715065,0.17247963931466145,146,146,426.93835616438355,447.5,0.6276118465617344,0.9794520547945206,7.234285920476943e-05,7.527683142980642e+24,7193698.203259657,4,2025-12-18 00:00:00+00:00,0,-26.9375
1766034000000,244,0.28855284030655215,159.42879747136206,1523529.647013239,0.3141516136505287,105,0.430327868852459,0.39427102706703826,54,0.22131147540983606,0.18560197011166993,84,0.3442622950819672,0.5397726504928766,1.0,0.004098360655737705,,,0.0,0.17230703662062918,0.1418445770298995,105,105,393.0,393.0,0.5942279971906169,0.9523809523809523,7.230921935766745e-05,7.592105856464422e+24,7210704.219516293,5,2025-12-18 00:00:00+00:00,0,-26.895833333333332
1766037600000,208,0.29575730753731927,146.00786297379676,1389825.3343802174,0.3261444252610122,112,0.5384615384615384,0.3303131952236794,36,0.17307692307692307,0.2146240447705379,56,0.2692307692307692,0.26978070083161304,4.0,0.019230769230769232,,,0.0,0.18788767850389052,0.1382567467571217,112,112,436.41964285714283,453.0,0.6284478463475348,0.9642857142857143,5.493469802167119e-05,7.606009570656592e+24,5156376.428666903,6,2025-12-18 00:00:00+00:00,0,-26.854166666666668
1766041200000,201,0.33295040584056396,152.6633492021997,1345743.4578607844,0.4400244051813928,91,0.4527363184079602,0.36048187298156953,45,0.22388059701492538,0.15544190641453912,62,0.30845771144278605,0.3405760735248536,3.0,0.014925373134328358,,,0.0,0.2504509398286551,0.1895734653527377,91,91,430.1868131868132,481.0,0.6225686501799857,0.978021978021978,4.1711875840093424e-05,7.688820054267257e+24,5546530.307254118,7,2025-12-18 00:00:00+00:00,0,-26.8125
1766044800000,356,0.3789602836099148,309.639933770088,2704768.0195989916,0.4178506687701989,168,0.47191011235955055,0.5877437185165544,60,0.16853932584269662,0.229776785717987,126,0.3539325842696629,0.24722525013831737,2.0,0.0056179775280898875,,,0.0,0.25603032538257725,0.16182034338762158,168,168,420.7559523809524,438.0,0.6196295818354118,0.9761904761904762,6.217493464988813e-05,7.707852994397018e+24,7919810.169264194,8,2025-12-18 00:00:00+00:00,0,-26.770833333333332
1766048400000,323,0.366047310681124,268.2021931867701,2348321.3626499563,0.42393381119538043,128,0.39628482972136225,0.5566051047285693,57,0.17647058823529413,0.22680394294789402,134,0.4148606811145511,0.46288354811202614,4.0,0.01238390092879257,,,0.0,0.349266335596011,0.0746674755993694,128,128,464.390625,482.0,0.6585659720847221,0.9765625,6.562075605781169e-05,7.679235269341529e+24,9648458.677993245,9,2025-12-18 00:00:00+00:00,0,-26.729166666666668
1766052000000,216,0.3205637643777626,160.87442691792523,1419023.980381882,0.30022667796692637,72,0.3333333333333333,0.5188891795705398,52,0.24074074074074073,0.22142230092646692,91,0.4212962962962963,0.4937855700014601,1.0,0.004629629629629629,,,0.0,0.18945601851824476,0.11077065944868163,72,72,423.31944444444446,439.5,0.6187531559510057,0.9722222222222222,5.2529134893308686e-05,7.664563094839298e+24,9242265.820289897,10,2025-12-18 00:00:00+00:00,0,-26.6875
1766055600000,204,0.34100732417640434,166.12979006394218,1338497.9430180718,0.30073006317217366,61,0.29901960784313725,0.7372015895729621,31,0.15196078431372548,0.24178444871849739,108,0.5294117647058824,0.5637476350310875,4.0,0.0196078431372549,,,0.0,0.18736197724395118,0.11336808592822249,61,61,427.3606557377049,443.0,0.6287241316964784,0.9672131147540983,4.607105556939974e-05,7.642320800221932e+24,6050032.00456746,11,2025-12-18 00:00:00+00:00,0,-26.645833333333332
1766059200000,258,0.3609738070896044,216.02184632044484,1871147.7050390972,0.4249748616149295,106,0.4108527131782946,0.5407693157412475,51,0.19767441860465115,0.20301655242704753,101,0.39147286821705424,,,0.0,,,0.0,0.2720825518119403,0.1528923098029892,106,106,478.39622641509436,493.0,0.6710602294032201,0.9716981132075472,4.9872635584052856e-05,7.705485276499113e+24,6271736.820177959,12,2025-12-18 00:00:00+00:00,0,-26.604166666666668
1766062800000,667,0.5779634798984781,992.6341097138022,7088951.542606698,0.5149413548978338,231,0.34632683658170915,1.071452231649158,172,0.25787106446776614,0.3117332147641642,262,0.39280359820089955,0.29315099950955137,2.0,0.0029985007496251873,,,0.0,0.24964486248309667,0.2652964924147372,231,231,427.67965367965365,448.0,0.6249507390761466,0.9826839826839827,0.00013437044572126594,7.868640538331604e+24,24987272.793731116,13,2025-12-18 00:00:00+00:00,0,-26.5625
1766066400000,982,0.5325993535633884,1243.665556711759,9676982.592244094,0.5400908203152931,419,0.42668024439918534,0.9604739291453258,208,0.21181262729124237,0.26718014314237676,350,0.3564154786150713,0.6845768250159932,5.0,0.0050916496945010185,,,0.0,0.28738926076054766,0.2527015595547454,419,419,456.7828162291169,493.0,0.651645205368501,0.9832935560859188,0.00014467016368586048,7.872947127630475e+24,28549931.0783773,14,2025-12-18 00:00:00+00:00,0,-26.520833333333332
1766070000000,849,0.4395646332316093,860.9905615945052,7198235.397389003,0.5078415723161372,365,0.4299175500588928,0.6850317632795888,160,0.18845700824499412,0.24167240030021575,320,0.37691401648998824,0.2219873743607445,4.0,0.004711425206124852,,,0.0,0.26638498102552577,0.24145659129061145,365,365,432.49041095890414,464.0,0.6306298265568812,0.9863013698630136,0.00012152499638423266,7.901937939233922e+24,19445773.82266378,15,2025-12-18 00:00:00+00:00,0,-26.479166666666668
1766073600000,594,0.3789055765198317,555.7550725452355,4720777.818628859,0.37809005174417704,315,0.5303030303030303,0.6463403460580452,116,0.19528619528619529,0.18957294492128338,161,0.27104377104377103,0.23741093915219474,2.0,0.003367003367003367,,,0.0,0.18384314491202688,0.19424690683215015,315,315,425.5079365079365,448.0,0.6215561219537781,0.9904761904761905,8.949667150809393e-05,7.891897992127165e+24,11541751.212576183,16,2025-12-18 00:00:00+00:00,0,-26.4375
1766077200000,1040,0.6891371493197411,1433.6961047614109,9989488.418691466,0.6499804567268861,431,0.41442307692307695,1.2421017096055456,237,0.22788461538461538,0.3806144611110536,369,0.3548076923076923,0.5787390389165878,3.0,0.0028846153846153848,,,0.0,0.24375530073145957,0.4062251559954265,431,431,452.0232018561485,472.0,0.6486534934419517,0.9767981438515081,0.00023042128988264593,6.411254956449975e+24,31901728.635263108,17,2025-12-18 00:00:00+00:00,0,-26.395833333333332
1766080800000,744,0.39730950586314656,666.2849329386585,5930589.520665641,0.4238660949066361,403,0.5416666666666666,0.5656938037148541,129,0.17338709677419356,0.2396486824424255,206,0.2768817204301075,0.4063511420751387,6.0,0.008064516129032258,,,0.0,0.2361172446893373,0.18774885021729884,403,403,408.25558312655085,412.0,0.6059426069539453,0.9751861042183623,9.90202248246054e-05,7.577676054536865e+24,15590619.456239164,18,2025-12-18 00:00:00+00:00,0,-26.354166666666668
1766084400000,940,0.5022820337662499,1214.3523447866678,9710825.857457794,0.47151519627260574,476,0.5063829787234042,0.8395380417978315,219,0.23297872340425532,0.2582576607714384,242,0.2574468085106383,0.4488977513671397,3.0,0.0031914893617021275,,,0.0,0.2323457397885215,0.23916945648408428,476,476,424.0882352941176,435.5,0.6236306496768694,0.976890756302521,0.0001522805324019685,8.438240334560142e+24,24606684.540941365,19,2025-12-18 00:00:00+00:00,0,-26.3125
1766088000000,801,0.47864898180524035,933.7242900001518,7539696.402816041,0.48796621231317217,434,0.5418227215980025,0.7525387725956949,176,0.21972534332084895,0.19886511110602112,184,0.22971285892634208,0.368927694532943,7.0,0.008739076154806492,,,0.0,0.17446382207807956,0.3135023902350927,434,434,439.4585253456221,459.5,0.6365201634994969,0.988479262672811,8.86257034915505e-05,8.081036624822545e+24,18157914.5946909,20,2025-12-18 00:00:00+00:00,0,-26.270833333333332
1766091600000,510,0.40522959726237917,515.8713777337435,4369554.20827541,0.38160711749791676,278,0.5450980392156862,0.6471310866377401,115,0.22549019607843138,0.2260427564954432,115,0.22549019607843138,0.08266198953821385,2.0,0.00392156862745098,,,0.0,0.16233580836394923,0.21927130913396753,278,278,429.18345323741005,436.0,0.6260000397276058,0.9532374100719424,9.601505832890176e-05,8.221700433866761e+24,12541169.454464793,21,2025-12-18 00:00:00+00:00,0,-26.229166666666668
1766095200000,305,0.34747430962505654,297.8199204797955,2667603.010202028,0.33704096981210774,191,0.6262295081967213,0.49971599698703884,50,0.16393442622950818,0.2647745987992206,62,0.20327868852459016,0.10150711331302714,2.0,0.006557377049180328,,,0.0,0.24684596749667687,0.09019500231543089,191,191,453.29319371727746,451.0,0.6521336936500928,0.9528795811518325,7.202693761830212e-05,9.173199085045562e+24,9141701.187550735,22,2025-12-18 00:00:00+00:00,0,-26.1875
1766098800000,274,0.3697800935701039,269.1845509743904,2374702.8521073456,0.3813363712743821,158,0.5766423357664233,0.5333894717667329,54,0.19708029197080293,0.1988304776543971,57,0.20802919708029197,0.18644605503037678,5.0,0.01824817518248175,,,0.0,0.19146779459901334,0.18986857667536872,158,158,459.46835443037975,442.0,0.6475846268834748,0.9746835443037974,6.136996525373638e-05,8.972176350595234e+24,6685416.63716419,23,2025-12-18 00:00:00+00:00,0,-26.145833333333332
1766102400000,380,0.4147604539947777,434.0910359946277,3625431.908324781,0.41220192451561843,229,0.6026315789473684,0.6535665486677509,75,0.19736842105263158,0.1868057980770735,76,0.2,,,0.0,,,0.0,0.22125811088515707,0.19094381363046134,229,229,445.67248908296943,443.0,0.6423266645894212,0.9694323144104804,8.474340918120628e-05,8.865729017444051e+24,11724062.885284593,0,2025-12-19 00:00:00+00:00,0,-26.104166666666668
1766106000000,300,0.41402485720198234,320.78534294614064,2695023.24675323,0.4618570604663435,163,0.5433333333333333,0.5084588963499224,68,0.22666666666666666,0.20730977060607517,68,0.22666666666666666,0.2524869515728731,1.0,0.0033333333333333335,,,0.0,0.2334801562653205,0.228376904201023,163,163,459.8282208588957,453.0,0.6526029295419837,0.9877300613496932,8.161114243419793e-05,8.677321947462997e+24,10152389.500819901,1,2025-12-19 00:00:00+00:00,0,-26.0625
1766109600000,460,0.3733786973450005,381.75494791955117,3416492.832488327,0.37465639473739465,250,0.5434782608695652,0.5176099734034073,96,0.20869565217391303,0.2506137198600063,110,0.2391304347826087,0.2080088657559495,4.0,0.008695652173913044,,,0.0,0.23316180612115905,0.14149458861623554,250,250,446.912,455.0,0.6436491854934849,0.968,8.214577161493863e-05,7.546387380682562e+24,10805878.272392785,2,2025-12-19 00:00:00+00:00,0,-26.020833333333332
1766113200000,860,0.5258384937151117,1121.056305677556,8500501.562868575,0.5150129580707125,375,0.436046511627907,0.8348145790596238,208,0.24186046511627907,0.31025238340656064,275,0.31976744186046513,0.06520371863649817,2.0,0.002325581395348837,,,0.0,0.2538206547857792,0.26119230328493315,375,375,435.936,450.0,0.6309528896762958,0.9813333333333333,0.00015743124300777618,7.922649594253815e+24,24389324.349004213,3,2025-12-19 00:00:00+00:00,0,-25.979166666666668
1766116800000,471,0.39421592220883833,444.5607582931137,3688610.8627226567,0.4532854255350366,236,0.5010615711252654,0.5200266981820539,83,0.1762208067940552,0.23416078807089435,151,0.3205944798301486,0.17984398627868353,1.0,0.0021231422505307855,,,0.0,0.2921300341083137,0.1611553914267229,236,236,428.5169491525424,439.5,0.6214704975438495,0.9576271186440678,7.393272738736083e-05,7.9034713561688e+24,10542807.81179523,4,2025-12-19 00:00:00+00:00,0,-25.9375
1766120400000,356,0.39104607520033724,341.30627818668273,2709611.0961411623,0.42885471735097114,176,0.4943820224719101,0.5496939885908905,69,0.19382022471910113,0.23824532205517243,107,0.300561797752809,0.07820946121855993,4.0,0.011235955056179775,,,0.0,0.25723094759116516,0.17162376975980595,176,176,399.35795454545456,389.5,0.5978287590345063,0.9659090909090909,7.091125044199597e-05,7.909418651787489e+24,10316424.94011435,5,2025-12-19 00:00:00+00:00,0,-25.895833333333332
1766124000000,317,0.2677266430730739,197.19306230788231,1818014.8340014168,0.29405553542352947,148,0.4668769716088328,0.3659352289759896,70,0.22082018927444794,0.15913700429246233,97,0.305993690851735,0.14868558339697996,2.0,0.006309148264984227,,,0.0,0.23694218167188533,0.05711335375164412,148,148,404.93243243243245,419.0,0.6009907697306518,0.9797297297297297,6.869596439645493e-05,7.927515992379506e+24,6374576.393787382,6,2025-12-19 00:00:00+00:00,0,-25.854166666666668
1766127600000,562,0.3833003893498599,498.53202368872473,4295734.501388816,0.43026720435206683,239,0.42526690391459077,0.5697947734862959,116,0.20640569395017794,0.22223079857917188,205,0.36476868327402134,0.46372477066836204,2.0,0.0035587188612099642,,,0.0,0.26059119058799385,0.16967601376407293,239,239,391.98744769874475,388.0,0.590855625601373,0.9665271966527197,8.863357082799225e-05,8.044813103863051e+24,14828730.699486794,7,2025-12-19 00:00:00+00:00,0,-25.8125
1766131200000,629,0.3337044000386711,497.66781530924624,4252009.641192381,0.37335640076199017,272,0.43243243243243246,0.6215113777698439,97,0.15421303656597773,0.18405940943722224,259,0.4117647058823529,0.3891359291473559,1.0,0.001589825119236884,,,0.0,0.2501171837611965,0.12323921700079363,272,272,375.7904411764706,385.5,0.5669537511197879,0.9816176470588235,8.578780737630635e-05,8.092514296503853e+24,11985217.186549515,8,2025-12-19 00:00:00+00:00,0,-25.770833333333332
1766134800000,481,0.25845089133427745,297.471182676482,2791923.9108664882,0.2984453108487778,168,0.3492723492723493,0.4453935435546893,71,0.14760914760914762,0.17607811835173517,241,0.501039501039501,0.11829839404165017,1.0,0.002079002079002079,,,0.0,0.2808096836693028,0.017635627179474995,168,168,381.01190476190476,431.5,0.5658885211571988,0.9642857142857143,6.816323005853442e-05,8.086852394377608e+24,9952292.792641772,9,2025-12-19 00:00:00+00:00,0,-25.729166666666668
1766138400000,600,0.2839132800700407,414.8479117379432,3956271.275155815,0.297418271348434,283,0.4716666666666667,0.46005661056572533,73,0.12166666666666667,0.21548696788085123,240,0.4,0.21939809692883647,4.0,0.006666666666666667,,,0.0,0.358073661877442,-0.06065539052900799,283,283,331.93992932862193,315.0,0.5260864031866501,0.9787985865724381,6.40062779307906e-05,8.108393773629174e+24,14239661.952743972,10,2025-12-19 00:00:00+00:00,0,-25.6875
1766142000000,178,0.42943969851623726,195.17410135647654,1651803.2178114322,0.5457583082972329,75,0.42134831460674155,0.5031136008899834,52,0.29213483146067415,0.1832644307317376,51,0.28651685393258425,,,0.0,,,0.0,0.24364406184211218,0.30211424645512075,75,75,489.17333333333335,513.0,0.6715903844357967,0.9733333333333334,5.758216116074676e-05,9.116144899962038e+24,5305749.072674078,11,2025-12-19 00:00:00+00:00,0,-25.645833333333332
1766145600000,228,0.4522037366121454,275.008101014065,2379068.3161796075,0.5007966835417541,125,0.5482456140350878,0.4685506691378389,44,0.19298245614035087,0.3400778244239743,58,0.2543859649122807,0.16212324619446855,1.0,0.0043859649122807015,,,0.0,0.2554057088449965,0.24539097469675752,125,125,466.528,433.0,0.6682908031557024,0.936,6.589852243087543e-05,8.979880153570297e+24,7772573.759361446,12,2025-12-19 00:00:00+00:00,0,-25.604166666666668
1766149200000,170,0.4209660747728748,189.7959789277371,1561924.4467527454,0.48891588995492513,87,0.5117647058823529,0.560318885240275,40,0.23529411764705882,0.16126355744021004,39,0.22941176470588234,0.08162903388275829,4.0,0.023529411764705882,,,0.0,0.22156771562974129,0.2673481743251839,87,87,456.2528735632184,443.0,0.6470548364206608,0.9425287356321839,5.1746953478809994e-05,8.344079441970426e+24,5454816.343000089,13,2025-12-19 00:00:00+00:00,0,-25.5625
1766152800000,616,0.5479708125630398,865.742284410965,6551219.266705616,0.5104245960425581,286,0.4642857142857143,0.9363233439546125,149,0.2418831168831169,0.2912826709794985,177,0.28733766233766234,0.12484376451310591,4.0,0.006493506493506494,,,0.0,0.20095858280391524,0.3094660132386428,286,286,420.27972027972027,411.0,0.6205070400550956,0.9790209790209791,0.00012343767519978427,9.367440291231586e+24,17687980.734016635,14,2025-12-19 00:00:00+00:00,0,-25.520833333333332
1766156400000,641,0.5446828752561962,849.8368702248999,6751804.185115774,0.5462857999255873,316,0.49297971918876754,0.8362158419802201,139,0.21684867394695787,0.31592457332233936,180,0.28081123244929795,0.5691641715774122,6.0,0.0093603744149766,,,0.0,0.18937813319711194,0.35690766672847535,316,316,453.1012658227848,474.5,0.6481755606831373,0.9715189873417721,0.00014346791941749202,7.994859610581561e+24,18671944.540444113,15,2025-12-19 00:00:00+00:00,0,-25.479166666666668
1766160000000,476,0.41137616598328514,474.92548059578854,4136780.7221445325,0.41973823485828493,268,0.5630252100840336,0.5783139385130006,105,0.22058823529411764,0.21449229314388085,99,0.20798319327731093,0.3418768752285204,4.0,0.008403361344537815,,,0.0,0.1888529134302698,0.23088532142801513,268,268,442.2686567164179,452.5,0.6368175906863892,0.9701492537313433,7.676534117614495e-05,8.071227099944944e+24,11132097.686963383,16,2025-12-19 00:00:00+00:00,0,-25.4375
1766163600000,497,0.41301296446138147,516.0390878016173,4364095.36849359,0.3746264471904987,257,0.5171026156941649,0.6901618814692416,101,0.20321931589537223,0.27854810845808337,130,0.26156941649899396,0.34120469793380037,9.0,0.018108651911468814,,,0.0,0.17238875896958772,0.20223768822091093,257,257,425.07003891050584,396.0,0.6221757386813938,0.9688715953307393,0.00011437455062014063,8.031701131307516e+24,12037553.902698223,17,2025-12-19 00:00:00+00:00,0,-25.395833333333332
1766167200000,297,0.4742317819301464,352.104261503162,2919451.5588119742,0.49780976379158887,168,0.5656565656565656,0.6315560597447554,63,0.21212121212121213,0.23953029345090096,62,0.20875420875420875,0.6439722395977796,4.0,0.013468013468013467,,,0.0,0.20200515416776255,0.2958046096238263,168,168,452.4107142857143,472.0,0.6489481465727183,0.9821428571428571,7.568708742161415e-05,8.094534350397252e+24,8000412.252743622,18,2025-12-19 00:00:00+00:00,0,-25.354166666666668
1766170800000,294,0.39156152345854817,292.019380550073,2491926.3902654387,0.4170674184903558,135,0.45918367346938777,0.5295225884386809,75,0.25510204081632654,0.23525536236330555,81,0.2755102040816326,0.015035972095438598,3.0,0.01020408163265306,,,0.0,0.21848166899301902,0.19858574949733673,135,135,443.1111111111111,459.0,0.641593071627543,0.9407407407407408,7.65836490169419e-05,8.16283018962392e+24,9886681.193141233,19,2025-12-19 00:00:00+00:00,0,-25.3125
1766174400000,234,0.3720867120045681,202.08773795535996,1855841.978908022,0.44771674748717105,116,0.49572649572649574,0.35847196637633727,61,0.2606837606837607,0.23650432799508003,54,0.23076923076923078,0.1650414132887328,3.0,0.01282051282051282,,,0.0,0.2155719341401288,0.23214481334704226,116,116,472.0431034482759,441.5,0.6649255494500173,0.9396551724137931,7.20882786386807e-05,7.737836760598748e+24,7502290.336741091,20,2025-12-19 00:00:00+00:00,0,-25.270833333333332
1766178000000,148,0.41124449403893204,160.73315953667495,1334113.405989821,0.4735765524047194,78,0.527027027027027,0.4383953117963318,35,0.23648648648648649,0.2451822319234917,35,0.23648648648648649,,,0.0,,,0.0,0.3017152774448572,0.17186127495986225,78,78,428.1666666666667,396.0,0.6266278305292383,0.9487179487179487,4.810313947768702e-05,8.15726137592523e+24,4242349.271122778,21,2025-12-19 00:00:00+00:00,0,-25.229166666666668
1766181600000,150,0.2846980446689822,114.91167513600604,930333.1371520357,0.34302625155719313,65,0.43333333333333335,0.34476524776362677,48,0.32,0.10541820481520177,36,0.24,0.06421308312842906,1.0,0.006666666666666667,,,0.0,0.17051022006641442,0.1725160314907787,65,65,385.4923076923077,409.0,0.59246014526093,1.0,3.7749181846257305e-05,8.263659448163611e+24,3298728.4757704404,22,2025-12-19 00:00:00+00:00,0,-25.1875
1766185200000,147,0.3316383736375355,122.6699297706642,1090679.0853478322,0.38996337806232895,71,0.48299319727891155,0.39989211196866403,36,0.24489795918367346,0.17446323545841882,34,0.23129251700680273,0.1225958409723698,6.0,0.04081632653061224,,,0.0,0.20398339568867976,0.1859799823736492,71,71,453.5211267605634,480.0,0.6543114382133348,0.9436619718309859,4.1006277170581585e-05,8.257219153462106e+24,3821388.982772605,23,2025-12-19 00:00:00+00:00,0,-25.145833333333332
1766188800000,165,0.42971437769592447,177.6703268923647,1529112.6604259503,0.540217213074895,86,0.5212121212121212,0.4491114764475787,40,0.24242424242424243,0.16928740059629133,38,0.23030303030303031,0.04681171482434716,1.0,0.006060606060606061,,,0.0,0.2399055904054917,0.30031162266940326,86,86,445.3488372093023,484.0,0.6493746301792028,0.9883720930232558,4.732017794423859e-05,8.265080798259683e+24,4393009.017343725,0,2025-12-20 00:00:00+00:00,0,-25.104166666666668
1766192400000,129,0.353692549796065,111.22136869118232,975640.9880672,0.3953322787254622,59,0.4573643410852713,0.5015108460881922,37,0.2868217054263566,0.09717995975703442,32,0.24806201550387597,0.636074461401904,1.0,0.007751937984496124,,,0.0,0.21257699304889735,0.18275528567656488,59,59,473.66101694915255,439.0,0.6588946565644291,0.9491525423728814,3.942457178640697e-05,8.356008075991304e+24,3041934.0436269427,1,2025-12-20 00:00:00+00:00,0,-25.0625
1766196000000,84,0.34594259066248395,73.11017821348982,707273.0125721334,0.4221687003961667,44,0.5238095238095238,0.3325822728660341,18,0.21428571428571427,0.15582266169877984,20,0.23809523809523808,0.6904103263265524,2.0,0.023809523809523808,,,0.0,0.16158928701956288,0.26057941337660384,44,44,454.47727272727275,472.5,0.6515109336930508,0.9772727272727273,3.628929478569844e-05,8.250232700989436e+24,3030714.0072615286,2,2025-12-20 00:00:00+00:00,0,-25.020833333333332
1766199600000,107,0.3895601747646632,102.26210886440393,836481.312428558,0.3796086852069233,47,0.4392523364485981,0.4041478806263217,31,0.2897196261682243,0.40218636780443345,28,0.2616822429906542,0.05152789715345913,1.0,0.009345794392523364,,,0.0,0.19841216457030747,0.18119652063661587,47,47,512.063829787234,493.0,0.6956729939696777,0.9148936170212766,4.4852291148341666e-05,8.238021469626221e+24,3083023.375271735,3,2025-12-20 00:00:00+00:00,0,-24.979166666666668
1766203200000,105,0.379692607527836,110.89128698421227,830550.6823582858,0.41183409182953334,49,0.4666666666666667,0.4780743787054121,28,0.26666666666666666,0.19994696746015628,24,0.22857142857142856,0.3757608669950904,4.0,0.0380952380952381,,,0.0,0.2451183344726873,0.166715757356846,49,49,444.3061224489796,430.0,0.6457324847279737,0.9591836734693877,4.114237440663851e-05,8.233942745933714e+24,3298595.241779793,4,2025-12-20 00:00:00+00:00,0,-24.9375
1766206800000,102,0.44984027975274016,110.40280285778142,908918.6705053224,0.5493763890628509,50,0.49019607843137253,0.4603869820008814,28,0.27450980392156865,0.23016889940051144,24,0.23529411764705882,,,0.0,,,0.0,0.22180717332496244,0.32756921573788844,50,50,515.72,538.0,0.7012999375940161,0.92,4.2457437934411144e-05,8.233084031034223e+24,3776760.979990961,5,2025-12-20 00:00:00+00:00,0,-24.895833333333332
1766210400000,42,0.3886283377143699,50.49111638139474,387372.98207680276,0.6484284794149318,15,0.35714285714285715,0.2643607893347841,16,0.38095238095238093,0.2503225370814114,9,0.21428571428571427,0.05664376484515539,2.0,0.047619047619047616,,,0.0,0.22685652789404165,0.42157195152089005,15,15,509.06666666666666,457.0,0.6987411347991123,0.8,2.9658775507043104e-05,8.266610834030027e+24,2234386.6300002434,6,2025-12-20 00:00:00+00:00,0,-24.854166666666668
1766214000000,103,0.2990159469952771,79.10778440266232,704489.6489841872,0.4508555874907514,40,0.3883495145631068,0.20209744126584872,31,0.30097087378640774,0.20437649337816008,30,0.2912621359223301,0.18405178014868712,2.0,0.019417475728155338,,,0.0,0.2575360155454018,0.19331957194534954,40,40,448.575,476.5,0.6447355733452941,0.925,4.054930569953281e-05,8.316229431936732e+24,3279653.2495255307,7,2025-12-20 00:00:00+00:00,0,-24.8125
1766217600000,86,0.30731597995982396,78.59978307909866,698800.8589104721,0.24898626032147023,42,0.4883720930232558,0.28920588304114553,22,0.2558139534883721,0.42500510945164915,18,0.20930232558139536,0.48978248650205586,4.0,0.046511627906976744,,,0.0,0.15152129591492935,0.09746496440654089,42,42,481.95238095238096,512.0,0.6635402994288271,0.9047619047619048,3.176352931284671e-05,8.247493514942782e+24,4274186.435351721,8,2025-12-20 00:00:00+00:00,0,-24.770833333333332
1766221200000,67,0.21279835729140786,36.487842179665925,388104.9215237023,0.295782133170436,18,0.26865671641791045,0.24744361037010248,20,0.29850746268656714,0.13940429164839083,27,0.40298507462686567,0.11031172977393838,2.0,0.029850746268656716,,,0.0,0.21768682549970736,0.07809530767072864,18,18,343.5,392.5,0.5556671674502852,1.0,2.462972961673856e-05,8.48644153998891e+24,2475446.2750101048,9,2025-12-20 00:00:00+00:00,0,-24.729166666666668
1766224800000,68,0.2726301578685875,48.267801832658556,397248.9049581154,0.3650549990593674,20,0.29411764705882354,0.2086052030821522,17,0.25,0.24811168714451667,31,0.45588235294117646,,,0.0,,,0.0,0.2066947630606228,0.1583602359987446,20,20,504.7,529.5,0.6917119482239009,0.9,3.222104903085548e-05,8.492283587372842e+24,2253966.5670915344,10,2025-12-20 00:00:00+00:00,0,-24.6875
1766228400000,67,0.3404893274048704,60.195151003134,489120.88766708603,0.43879420036935324,32,0.47761194029850745,0.29474681536789754,21,0.31343283582089554,0.21094105883651212,12,0.1791044776119403,0.025197347771511454,2.0,0.029850746268656716,,,0.0,0.3547313248349346,0.08406287553441863,32,32,387.84375,393.0,0.5937244167530265,0.96875,3.040729934390269e-05,8.597172800200842e+24,2412805.670004825,11,2025-12-20 00:00:00+00:00,0,-24.645833333333332
1766232000000,49,0.35596715407673873,53.625553355277425,354336.206536308,0.27536506892935714,25,0.5102040816326531,1.5190287718283393,6,0.12244897959183673,0.08022728864201298,18,0.3673469387755102,,,0.0,,,0.0,0.176914906268367,0.09845016266099016,25,25,384.48,354.0,0.5748119140762322,0.96,2.2825668235508248e-05,8.792810323146958e+24,2051675.882362954,12,2025-12-20 00:00:00+00:00,0,-24.604166666666668
1766235600000,76,0.34276076208138173,65.82034230274598,573341.3282526268,0.36208028737731335,30,0.39473684210526316,0.6367887548470369,15,0.19736842105263158,0.17541194009731664,28,0.3684210526315789,0.2413478838117312,3.0,0.039473684210526314,,,0.0,0.14692710805056974,0.2151531793267436,30,30,359.96666666666664,388.0,0.570573939087744,0.9666666666666667,4.578609120542554e-05,8.9114852386662e+24,3557076.982556149,13,2025-12-20 00:00:00+00:00,0,-24.5625
1766239200000,66,0.1990403597475748,38.75528363974506,418885.6761263058,0.26507761612017405,21,0.3181818181818182,0.22696166358059988,19,0.2878787878787879,0.1252985460301879,26,0.3939393939393939,,,0.0,,,0.0,0.20361241423143422,0.061465201888739815,21,21,395.4761904761905,393.0,0.61210939644644,1.0,2.9163168250821033e-05,8.627242563578434e+24,2204458.9455850343,14,2025-12-20 00:00:00+00:00,0,-24.520833333333332
1766242800000,63,0.36519493199719005,58.36380172600335,528266.5839480357,0.5230230185126814,25,0.3968253968253968,0.2757526542074037,13,0.20634920634920634,0.26599640395862123,23,0.36507936507936506,0.11450172863070124,2.0,0.031746031746031744,,,0.0,0.41504879305025527,0.10797422546242612,25,25,443.76,457.0,0.6398625467145049,0.96,3.3835939966787074e-05,8.60831022157845e+24,2759687.164009259,15,2025-12-20 00:00:00+00:00,0,-24.479166666666668
1766246400000,63,0.21792394704513973,31.593529538782175,286338.2522144726,0.16427549607389652,14,0.2222222222222222,0.3181515062063804,23,0.36507936507936506,0.15758626150328497,25,0.3968253968253968,0.1722105384803782,1.0,0.015873015873015872,,,0.0,0.07224634009116046,0.09202915598273607,14,14,431.57142857142856,493.5,0.6326280200510983,1.0,1.883175911921386e-05,8.485091665647888e+24,1834243.5344544298,16,2025-12-20 00:00:00+00:00,0,-24.4375
1766250000000,40,0.16574819737147445,16.42675636862555,162488.28960375657,0.17920635603193283,18,0.45,0.18467105492928798,13,0.325,0.11149886357816044,9,0.225,,,0.0,,,0.0,0.13366121342149834,0.04554514261043449,18,18,475.3333333333333,345.0,0.6537622721875112,0.8888888888888888,2.013872718546899e-05,8.538991446715044e+24,1407455.9569679936,17,2025-12-20 00:00:00+00:00,0,-24.395833333333332
1766253600000,27,0.2162580291609338,14.866500293801227,147165.09070647828,0.2686781818046658,7,0.25925925925925924,0.2548383481135738,10,0.37037037037037035,0.15637411233968393,9,0.3333333333333333,0.002469022519658589,1.0,0.037037037037037035,,,0.0,0.05099596729076233,0.21768221451390346,7,7,407.2857142857143,526.0,0.5765244469439106,0.8571428571428571,2.4802875874748344e-05,8.833416098026846e+24,1475838.0231755145,18,2025-12-20 00:00:00+00:00,0,-24.354166666666668
1766257200000,27,0.21644643131551067,18.014594353293216,169589.6114599974,0.34180230667180206,15,0.5555555555555556,0.07472728077775964,8,0.2962962962962963,0.029800199804919943,4,0.14814814814814814,,,0.0,,,0.0,0.1542328490703468,0.18756945760145527,15,15,425.0,388.0,0.6052816494540535,0.8666666666666667,1.7522026440902977e-05,9.164161602457549e+24,1288347.362999957,19,2025-12-20 00:00:00+00:00,0,-24.3125
1766260800000,27,0.29088314740932325,25.607921287683883,202444.68652016553,0.33541896884292743,10,0.37037037037037035,0.5134598033353771,7,0.25925925925925924,0.0646931885389359,7,0.25925925925925924,0.1508614495007544,3.0,0.1111111111111111,,,0.0,0.1595391098190299,0.17587985902389747,10,10,429.0,502.0,0.6116891048609143,1.0,1.8962108305190787e-05,9.241726304150934e+24,2293885.543889457,20,2025-12-20 00:00:00+00:00,0,-24.270833333333332
1766264400000,37,0.22531796990411398,25.275674055159012,232537.46380047093,0.39390848858407984,12,0.32432432432432434,0.18955218014971104,17,0.4594594594594595,0.04843449511227144,8,0.21621621621621623,,,0.0,,,0.0,0.15949447617465687,0.23441401240942294,12,12,418.0,456.0,0.6271727454637632,1.0,2.0829420773366057e-05,9.195409671853515e+24,1247554.6364985441,21,2025-12-20 00:00:00+00:00,0,-24.229166666666668
1766268000000,47,0.388369883811326,46.41688290389842,399962.06282050075,0.4987408296486318,19,0.40425531914893614,0.4259728756244409,15,0.3191489361702128,0.19809333620370564,12,0.2553191489361702,0.010595606997233227,1.0,0.02127659574468085,,,0.0,0.23301289032724287,0.2657279393213889,19,19,524.3157894736842,475.0,0.7012981887005386,0.8947368421052632,2.3959558245759473e-05,8.810824189678202e+24,1532802.651919708,22,2025-12-20 00:00:00+00:00,0,-24.1875
1766271600000,65,0.3649403715740518,61.64916805078818,541577.2190270204,0.4225005657807364,27,0.4153846153846154,0.4317430958279334,26,0.4,0.08987571670932593,11,0.16923076923076924,0.09965550090462823,1.0,0.015384615384615385,,,0.0,0.17044954781704616,0.2520510179636903,27,27,448.4074074074074,430.0,0.6579192830045512,1.0,4.1850183731613786e-05,9.178660492437607e+24,2354612.6848059255,23,2025-12-20 00:00:00+00:00,0,-24.145833333333332
1766275200000,58,0.27733503655086583,43.624717049599255,413142.8242715661,0.38073155486470445,19,0.3275862068965517,0.18984451313596348,22,0.3793103448275862,0.22628457565269552,15,0.25862068965517243,0.6403423268696038,2.0,0.034482758620689655,,,0.0,0.18362032187425745,0.19711123299044692,19,19,502.7368421052632,570.0,0.6891874405092777,0.9473684210526315,2.4806117856172646e-05,8.34687040136816e+24,1673787.5278398667,0,2025-12-21 00:00:00+00:00,0,-24.104166666666668
1766278800000,88,0.36408807980486285,88.20226883557521,810007.2868549688,0.4444402221239105,50,0.5681818181818182,0.41189680892606084,15,0.17045454545454544,0.162878821365787,22,0.25,0.055953712694179765,1.0,0.011363636363636364,,,0.0,0.22628244055906774,0.21815778156484278,50,50,445.42,459.0,0.6556908360623416,0.98,3.258365160456565e-05,8.906794305877829e+24,2948139.695617995,1,2025-12-21 00:00:00+00:00,0,-24.0625
1766282400000,178,0.3883855831394132,170.98500667553017,1572010.3232024189,0.45200319541603584,84,0.47191011235955055,0.4312765581693465,42,0.23595505617977527,0.2602575483894984,50,0.2808988764044944,0.018936260640534948,2.0,0.011235955056179775,,,0.0,0.2529157077957135,0.1990874876203223,84,84,508.32142857142856,495.5,0.6999755866167845,0.9523809523809523,5.541323502450728e-05,8.246294241291002e+24,6963624.172296062,2,2025-12-21 00:00:00+00:00,0,-24.020833333333332
1766286000000,80,0.40438669042004804,83.86003890793387,762077.9298901665,0.37578277155421996,45,0.5625,0.47845505195820515,20,0.25,0.39144063163332277,15,0.1875,,,0.0,,,0.0,0.24238376398635683,0.1333990075678631,45,45,400.8666666666667,415.0,0.5985037701424909,0.9777777777777777,3.668320134072196e-05,8.358183065867277e+24,2861592.046961908,3,2025-12-21 00:00:00+00:00,0,-23.979166666666668
1766289600000,56,0.3458436866606304,48.60657777457136,484125.9134512405,0.37572175991270323,39,0.6964285714285714,0.30992434958880166,6,0.10714285714285714,0.2849179564039525,10,0.17857142857142858,0.0053721548275440035,1.0,0.017857142857142856,,,0.0,0.2007326103929818,0.17498914951972142,39,39,515.8461538461538,493.0,0.6805328269975768,0.8974358974358975,2.7014499375641654e-05,8.198352633297108e+24,2120489.751061993,4,2025-12-21 00:00:00+00:00,0,-23.9375
1766293200000,63,0.3052866831440129,43.69010824228803,407350.5682601984,0.3458812075588791,33,0.5238095238095238,0.3491457646547244,16,0.25396825396825395,0.12670635288682666,12,0.19047619047619047,0.3560863597561479,2.0,0.031746031746031744,,,0.0,0.2423812814787993,0.10349992608007978,33,33,511.8484848484849,443.0,0.6946884109993661,0.8787878787878788,2.6492321872739765e-05,8.139558657991381e+24,2164797.8980222526,5,2025-12-21 00:00:00+00:00,0,-23.895833333333332
1766296800000,77,0.3056095723946264,55.82336758145401,509971.91238956334,0.4616567655254662,37,0.4805194805194805,0.21421563777473418,18,0.23376623376623376,0.12570413285012488,20,0.2597402597402597,0.0403363064981352,2.0,0.025974025974025976,,,0.0,0.3439851044961004,0.11767166102936576,37,37,516.7027027027027,583.0,0.6888422124302245,0.918918918918919,2.9915889143404388e-05,8.271155150525215e+24,2187185.6232305137,6,2025-12-21 00:00:00+00:00,0,-23.854166666666668
1766300400000,64,0.27962475344856047,43.74243396856511,427063.98951413034,0.398761606534117,34,0.53125,0.19715680178938458,11,0.171875,0.12029784459239447,18,0.28125,0.00400357620156195,1.0,0.015625,,,0.0,0.39175767492175567,0.007003931612361308,34,34,431.3235294117647,400.0,0.6281796780782437,0.9117647058823529,2.744699168128356e-05,8.210487117287736e+24,2461911.9191930327,7,2025-12-21 00:00:00+00:00,0,-23.8125
1766304000000,175,0.40230998421827985,178.52726597839484,1553067.5213323396,0.49643500544525004,71,0.4057142857142857,0.4574881524511468,39,0.22285714285714286,0.24309237437499512,60,0.34285714285714286,0.545956288698358,5.0,0.02857142857142857,,,0.0,0.23392855363471698,0.26250645181053306,71,71,471.6901408450704,439.0,0.6549261030246221,0.9577464788732394,5.498986415094869e-05,8.607943779913642e+24,5971350.472101402,8,2025-12-21 00:00:00+00:00,0,-23.770833333333332
1766307600000,306,0.40927204356449537,319.8227224741414,2752461.0430607283,0.454654339074042,156,0.5098039215686274,0.549742675472167,56,0.1830065359477124,0.24600545577426158,86,0.28104575163398693,0.29613867651964804,8.0,0.026143790849673203,,,0.0,0.2544282657381349,0.20022607333590708,156,156,452.12179487179486,488.0,0.6479946840548946,0.9807692307692307,7.679773647916519e-05,8.461952343465064e+24,7735620.048634106,9,2025-12-21 00:00:00+00:00,0,-23.729166666666668
1766311200000,211,0.4108088784318113,221.31057908930444,1957756.703699042,0.4066438626988646,118,0.5592417061611374,0.5936805025742462,40,0.1895734597156398,0.25494786647940726,52,0.24644549763033174,1.6921883907471411,1.0,0.004739336492890996,,,0.0,0.22562754268915,0.18101632000971454,118,118,479.0508474576271,492.5,0.6760037379013836,0.9491525423728814,6.648926207322393e-05,8.307464490000234e+24,6036055.674399946,10,2025-12-21 00:00:00+00:00,0,-23.6875
1766314800000,117,0.4717583862148076,138.04935834830218,1104465.049164006,0.6105110114869592,60,0.5128205128205128,0.4219468886291868,24,0.20512820512820512,0.2516461302208847,28,0.23931623931623933,0.27845070492593743,5.0,0.042735042735042736,,,0.0,0.2720046900178509,0.33850632146910825,60,60,476.65,489.5,0.665388462341342,0.95,3.494965884412362e-05,8.316011801274467e+24,3712421.4321739343,11,2025-12-21 00:00:00+00:00,0,-23.645833333333332
1766318400000,193,0.4561281857114486,232.45499325049715,1825436.8568233813,0.460087076810513,89,0.46113989637305697,0.6170068844941651,58,0.3005181347150259,0.2534475101965753,44,0.22797927461139897,0.07345012843151895,2.0,0.010362694300518135,,,0.0,0.22291185989273632,0.23717521691777674,89,89,484.60674157303373,501.0,0.6770372495853728,0.9438202247191011,4.439549520275248e-05,8.43378837971915e+24,9166512.3118894,12,2025-12-21 00:00:00+00:00,0,-23.604166666666668
1766322000000,585,0.5858481972513988,884.2906251185748,6711970.1559351375,0.5479680106852077,306,0.5230769230769231,1.0261101857073633,117,0.2,0.3386746266691381,158,0.27008547008547007,0.36937534522735266,4.0,0.006837606837606838,,,0.0,0.21819490966764105,0.3297731010175666,306,306,447.3888888888889,444.5,0.6475312107122028,0.9771241830065359,0.00012070513801011594,8.277772344678689e+24,18192948.73211535,13,2025-12-21 00:00:00+00:00,0,-23.5625
1766325600000,325,0.4645495565742768,376.14274166251926,3157224.9050349887,0.47636138574020714,173,0.5323076923076923,0.6617820410497269,77,0.23692307692307693,0.23137644350858766,73,0.2246153846153846,0.36019430831413324,2.0,0.006153846153846154,,,0.0,0.24419362253922955,0.2321677632009776,173,173,453.4913294797688,443.0,0.6457388879372481,0.9653179190751445,7.242052024058352e-05,8.243310679728704e+24,7879795.337669754,14,2025-12-21 00:00:00+00:00,0,-23.520833333333332
1766329200000,226,0.38800392322068517,216.0426103573922,1859832.8171019184,0.4106612370556881,114,0.504424778761062,0.6976480859611417,36,0.1592920353982301,0.21033305108593162,74,0.3274336283185841,0.09676437428318779,2.0,0.008849557522123894,,,0.0,0.28130759660565624,0.1293536404500319,114,114,425.7894736842105,442.5,0.6272525389323858,0.9912280701754386,6.628900590657574e-05,8.066059363445105e+24,5804271.89946813,15,2025-12-21 00:00:00+00:00,0,-23.479166666666668
1766332800000,175,0.32446668470489465,136.79628244070076,1213674.4492889645,0.3914724369687347,62,0.35428571428571426,0.4195119543874979,44,0.25142857142857145,0.19663600332033201,67,0.38285714285714284,0.438620257891432,2.0,0.011428571428571429,,,0.0,0.2280630608263633,0.1634093761423714,62,62,495.03225806451616,533.0,0.6872106039898697,1.0,4.8109901502701946e-05,8.264685832867074e+24,4445136.133180335,16,2025-12-21 00:00:00+00:00,0,-23.4375
1766336400000,133,0.6139023259411165,1181.9220464604034,1502718.2423587423,0.38725207770230996,43,0.3233082706766917,0.3717541748083752,38,0.2857142857142857,1.0171731166213513,50,0.37593984962406013,0.005927767591674412,2.0,0.015037593984962405,,,0.0,0.21572973125967423,0.17152234644263575,43,43,497.04651162790697,555.0,0.6836052572832767,0.9069767441860465,5.4739170300486155e-05,8.47749356501809e+24,5874935.161549121,17,2025-12-21 00:00:00+00:00,0,-23.395833333333332
1766340000000,105,0.31784279331051807,92.84610201104711,837653.9372751263,0.3401786988763313,59,0.5619047619047619,0.41903376242012513,21,0.2,0.18012964212312885,25,0.23809523809523808,,,0.0,,,0.0,0.1889377377264609,0.15124096114987037,59,59,454.59322033898303,444.0,0.6470978272582679,0.9491525423728814,4.52942731288324e-05,8.523279057559835e+24,3280028.490955922,18,2025-12-21 00:00:00+00:00,0,-23.354166666666668
1766343600000,104,0.4633833315401518,137.70552417364712,906340.4236560508,0.5058785496619044,33,0.3173076923076923,0.6181635698870058,38,0.36538461538461536,0.2620805318048613,29,0.27884615384615385,0.10183081582143622,4.0,0.038461538461538464,,,0.0,0.2647658431291954,0.241112706532709,33,33,563.4848484848485,582.0,0.7371079943982134,0.8787878787878788,5.562947037710369e-05,8.358557569497462e+24,4162272.6523605743,19,2025-12-21 00:00:00+00:00,0,-23.3125
1766347200000,51,0.27346661695144064,34.519101089071604,355791.3292870791,0.29949433858225605,17,0.3333333333333333,0.40055124012050664,14,0.27450980392156865,0.16238381734690138,20,0.39215686274509803,,,0.0,,,0.0,0.2788445410704576,0.02064979751179847,17,17,524.0588235294117,546.0,0.7049475136767069,0.8823529411764706,2.8146788464163623e-05,8.404897581039244e+24,2556311.147111731,20,2025-12-21 00:00:00+00:00,0,-23.270833333333332
1766350800000,107,0.33658564876198405,94.60866250341759,922530.8711047502,0.43966439232950394,51,0.4766355140186916,0.29439646931927255,26,0.24299065420560748,0.22259322950530194,26,0.24299065420560748,0.037512059822165385,4.0,0.037383177570093455,,,0.0,0.2581381611525783,0.18152623117692557,51,51,504.3529411764706,451.0,0.6865454338575929,0.9215686274509803,3.718650536261328e-05,8.485619811186163e+24,3037446.4682911,21,2025-12-21 00:00:00+00:00,0,-23.229166666666668
1766354400000,136,0.3793188490462796,119.9605776695218,1056345.35612412,0.49912797048617424,54,0.39705882352941174,0.384211060742105,38,0.27941176470588236,0.21363231191405957,42,0.3088235294117647,0.5309378277250651,2.0,0.014705882352941176,,,0.0,0.24323038010905376,0.25589759037712045,54,54,567.3888888888889,549.0,0.7315090138577839,0.8888888888888888,5.700368693940353e-05,8.456985833598421e+24,3540466.4649732816,22,2025-12-21 00:00:00+00:00,0,-23.1875
1766358000000,184,0.3879792671395405,185.40926916090496,1737000.0522400907,0.3980499920485584,94,0.5108695652173914,0.5766713946254359,48,0.2608695652173913,0.15335160310280913,41,0.22282608695652173,0.003843231874856864,1.0,0.005434782608695652,,,0.0,0.3061895692109397,0.0918604228376187,94,94,484.01063829787233,493.0,0.6792533864156568,0.9680851063829787,6.26996497288836e-05,8.314373409235531e+24,5967847.177563263,23,2025-12-21 00:00:00+00:00,0,-23.145833333333332
1766361600000,489,0.4965641983400958,594.2584539433711,5112539.401123876,0.5245722673779988,229,0.46830265848670755,0.6282990580183593,127,0.25971370143149286,0.31737444180341934,129,0.26380368098159507,0.48939009944309975,4.0,0.0081799591002045,,,0.0,0.19354149621699013,0.33103077116100865,229,229,444.6244541484716,471.0,0.636058031077134,0.9650655021834061,0.00011859981413473758,8.322102342513317e+24,15197328.423294388,0,2025-12-22 00:00:00+00:00,0,-23.104166666666668
1766365200000,317,0.4084190331963136,362.3759664459849,2983605.354663619,0.5330200558758481,150,0.47318611987381703,0.35611204236646843,89,0.2807570977917981,0.2349318168335177,75,0.23659305993690852,0.06732236957488934,3.0,0.00946372239747634,,,0.0,0.2689918459128702,0.26402820996297793,150,150,453.94,493.0,0.6510356409032727,0.96,7.831327187959522e-05,8.290437782005701e+24,8865318.157926911,1,2025-12-22 00:00:00+00:00,0,-23.0625
1766368800000,339,0.4375315879183578,370.2384465904527,3229677.6220023143,0.45313477780643935,196,0.5781710914454278,0.5763319283408482,67,0.1976401179941003,0.28139373552840397,74,0.2182890855457227,0.035708113161226636,2.0,0.0058997050147492625,,,0.0,0.20220605109644038,0.25092872670999894,196,196,460.0357142857143,464.5,0.6477264041345224,0.9336734693877551,9.077659940704365e-05,8.295414543465993e+24,10577013.213461379,2,2025-12-22 00:00:00+00:00,0,-23.020833333333332
1766372400000,242,0.4013879181760224,265.77128225900975,2150944.4602319812,0.4559922865521601,128,0.5289256198347108,0.5417501602299885,56,0.23140495867768596,0.14965733701617917,56,0.23140495867768596,0.025021837067763238,2.0,0.008264462809917356,,,0.0,0.2489511661585746,0.20704112039358555,128,128,431.921875,442.5,0.6274174473869137,0.96875,5.924545487596418e-05,8.401147087307928e+24,7251184.02825137,3,2025-12-22 00:00:00+00:00,0,-22.979166666666668
1766376000000,223,0.3558705867711179,255.33523989160952,1953947.1341348407,0.37340599678314845,126,0.5650224215246636,0.5762428006357009,46,0.2062780269058296,0.11588558521571451,50,0.2242152466367713,0.00853716525461929,1.0,0.004484304932735426,,,0.0,0.21333288076873122,0.1600731160144172,126,126,428.87301587301585,433.0,0.6261573081753588,0.9603174603174603,5.342312417175063e-05,8.744068872955015e+24,5570954.594243395,4,2025-12-22 00:00:00+00:00,0,-22.9375
1766379600000,169,0.29412706840312464,136.6623396837857,1231408.9501632093,0.35149390079139015,73,0.4319526627218935,0.4066376727680148,33,0.1952662721893491,0.17553955549021255,59,0.34911242603550297,0.0681357067723884,4.0,0.023668639053254437,,,0.0,0.22690730856766916,0.12458659222372094,73,73,486.986301369863,496.0,0.6725802937734714,0.958904109589041,5.3611026477780836e-05,8.615451991491122e+24,4856013.900267479,5,2025-12-22 00:00:00+00:00,0,-22.895833333333332
1766383200000,139,0.3617842080510178,137.95150125100406,1322152.9039770241,0.4475454553348754,55,0.39568345323741005,0.3422875355292181,29,0.20863309352517986,0.28578522305597875,53,0.381294964028777,0.3000247616795635,2.0,0.014388489208633094,,,0.0,0.3225421082146668,0.12500334712020864,55,55,505.6727272727273,515.0,0.6941874626455746,0.9272727272727272,4.88955014997223e-05,9.170369626581081e+24,4304362.718622233,6,2025-12-22 00:00:00+00:00,0,-22.854166666666668
1766386800000,176,0.2873141277846669,150.5763678958789,1479495.560810709,0.37085020440707656,69,0.39204545454545453,0.3090477588648674,40,0.22727272727272727,0.1978771009533915,61,0.3465909090909091,0.09103481221025271,6.0,0.03409090909090909,,,0.0,0.24955581222429143,0.1212943921827851,69,69,443.8550724637681,484.0,0.6375225699193641,0.9565217391304348,4.709829291237355e-05,9.861318555681018e+24,6345046.806876994,7,2025-12-22 00:00:00+00:00,0,-22.8125
1766390400000,337,0.3918888752711884,338.96118502920604,2892579.618401485,0.415735744279125,143,0.42433234421364985,0.6159407646191432,67,0.19881305637982197,0.25394331528164144,120,0.3560830860534125,0.12501578159943497,7.0,0.020771513353115726,,,0.0,0.3010452630450149,0.1146904812341101,143,143,455.5524475524476,483.0,0.6521854046132084,0.993006993006993,9.109462035923445e-05,8.266873091569635e+24,11759314.675858162,8,2025-12-22 00:00:00+00:00,0,-22.770833333333332
1766394000000,227,0.36664954851835135,207.30136249737595,1780630.3077587301,0.44240020664242846,92,0.4052863436123348,0.46699307324464273,61,0.2687224669603524,0.1764383523874297,72,0.31718061674008813,0.6692448313720964,2.0,0.00881057268722467,,,0.0,0.23503398162905467,0.20736622501337376,92,92,445.4891304347826,462.5,0.6509143421303112,0.9782608695652174,7.915283417838403e-05,8.707233833032994e+24,7732565.239968741,9,2025-12-22 00:00:00+00:00,0,-22.729166666666668
1766397600000,306,0.36452724194697356,289.7092042243957,2502411.8304994334,0.3280876174867979,92,0.3006535947712418,0.5698446199794379,78,0.2549019607843137,0.2760549838869471,127,0.4150326797385621,0.20604576832778532,9.0,0.029411764705882353,,,0.0,0.2689562626055434,0.059131354881254525,92,92,414.5869565217391,452.0,0.6145343647765806,1.0,9.361433596609898e-05,8.416144445876927e+24,13428001.861862043,10,2025-12-22 00:00:00+00:00,0,-22.6875
1766401200000,150,0.3643690375755153,141.1435680565628,1322285.3949634226,0.4326080664547832,59,0.3933333333333333,0.42619810448877926,46,0.30666666666666664,0.21064361147080943,44,0.29333333333333333,0.25804800429563096,1.0,0.006666666666666667,,,0.0,0.21518567442834077,0.21742239202644245,59,59,471.5593220338983,504.0,0.6598570265382215,0.9661016949152542,3.9593960781491406e-05,8.4390684674117e+24,5331556.3700061,11,2025-12-22 00:00:00+00:00,0,-22.645833333333332
1766404800000,249,0.4519453558885393,307.07243799014213,2441648.0791954244,0.46389951500139853,108,0.43373493975903615,0.7508866591371828,58,0.23293172690763053,0.22749180441130884,83,0.3333333333333333,,,0.0,,,0.0,0.25148499613924125,0.21241451886215723,108,108,445.8240740740741,488.0,0.63491750119664,0.9444444444444444,5.899978306629267e-05,8.485001541891655e+24,7894891.454935531,12,2025-12-22 00:00:00+00:00,0,-22.604166666666668
1766408400000,172,0.3824137081630743,183.9858310472887,1425365.459684368,0.40115032132611406,68,0.3953488372093023,0.47362150527186037,50,0.29069767441860467,0.27436779056074084,54,0.313953488372093,,,0.0,,,0.0,0.36211580523711256,0.039034516089001485,68,68,489.5147058823529,502.5,0.6755899876361793,0.9705882352941176,4.747021971266001e-05,8.61381737016829e+24,5038329.570842977,13,2025-12-22 00:00:00+00:00,0,-22.5625
1766412000000,524,0.5461603730509468,760.5871879062348,5902838.25180242,0.5580441939660653,214,0.4083969465648855,0.9017207768195444,130,0.2480916030534351,0.2615392212141548,174,0.3320610687022901,0.6725087486924028,6.0,0.011450381679389313,,,0.0,0.22903298726739874,0.3290112066986665,214,214,467.20093457943926,474.5,0.6630518432864123,0.985981308411215,9.854946226835223e-05,8.554458564774054e+24,15680191.934205655,14,2025-12-22 00:00:00+00:00,0,-22.520833333333332
1766415600000,605,0.48178811444755376,744.0021151906304,6289011.5152487485,0.5158236595576408,290,0.4793388429752066,0.6410887647393676,146,0.2413223140495868,0.27605911404185085,162,0.26776859504132233,0.510344548903816,7.0,0.011570247933884297,,,0.0,0.226168420184185,0.2896552393734557,290,290,443.99310344827586,466.0,0.6406074246993038,0.9862068965517241,0.00010074829401886257,8.57071321321986e+24,17786970.466627043,15,2025-12-22 00:00:00+00:00,0,-22.479166666666668
1766419200000,312,0.3965356251640551,329.9989610565248,2785755.4319408434,0.42039193578292994,148,0.47435897435897434,0.6167625499739394,63,0.20192307692307693,0.19464082566977484,99,0.3173076923076923,1.687813082822843,2.0,0.00641025641025641,,,0.0,0.23193582489305703,0.18845611088987288,148,148,452.61486486486484,482.5,0.6517380829096088,0.9932432432432432,6.879617381931693e-05,8.516636951367479e+24,8811321.028240528,16,2025-12-22 00:00:00+00:00,0,-22.4375
1766422800000,226,0.3773803414969323,220.4807437691789,1898232.6361082243,0.43222256599937176,119,0.5265486725663717,0.5060366520093028,37,0.16371681415929204,0.20651660254780377,66,0.2920353982300885,0.37500498297055124,4.0,0.017699115044247787,,,0.0,0.25183378934802536,0.18038877665134645,119,119,420.16806722689074,434.0,0.6213639117629505,0.9495798319327731,5.4228201217526145e-05,8.552869177064922e+24,5485832.486111568,17,2025-12-22 00:00:00+00:00,0,-22.395833333333332
1766426400000,148,0.3965623247265525,154.75577793233577,1226080.4791471516,0.4257890544539735,72,0.4864864864864865,0.5341581644072674,38,0.25675675675675674,0.19257800518530244,36,0.24324324324324326,0.4017968523483137,2.0,0.013513513513513514,,,0.0,0.28649697457600126,0.13929207987797226,72,72,480.1388888888889,443.0,0.670267331839221,0.9166666666666666,5.000936259758525e-05,8.513006006882642e+24,4830328.343359448,18,2025-12-22 00:00:00+00:00,0,-22.354166666666668
1766430000000,373,0.39348574466587904,382.8082042283481,3437048.9024484344,0.4130581667151121,197,0.5281501340482574,0.5148325792890684,78,0.20911528150134048,0.26324976582347254,94,0.2520107238605898,0.12382618638551252,4.0,0.010723860589812333,,,0.0,0.215700465806886,0.1973577009082261,197,197,470.46700507614213,493.0,0.6621288680400382,0.9644670050761421,8.420550581228722e-05,8.828806070719657e+24,9559349.023093812,19,2025-12-22 00:00:00+00:00,0,-22.3125
1766433600000,462,0.46706940249108064,543.9454893368568,4576301.469741805,0.5054687629861059,270,0.5844155844155844,0.5735124307290567,103,0.22294372294372294,0.22898308021054653,87,0.18831168831168832,0.1580948006101321,2.0,0.004329004329004329,,,0.0,0.22545330030648314,0.28001546267962274,270,270,455.2074074074074,478.0,0.6505049077556015,0.9814814814814815,9.279219802998288e-05,8.423861471135775e+24,12440669.020510325,20,2025-12-22 00:00:00+00:00,0,-22.270833333333332
1766437200000,187,0.42631613087482156,200.81601836415592,1730436.9473140968,0.5077464890053219,120,0.6417112299465241,0.41026298227775837,29,0.15508021390374332,0.18609809133939276,37,0.19786096256684493,0.008281927340481894,1.0,0.0053475935828877,,,0.0,0.243199580890586,0.2645469081147359,120,120,452.7916666666667,438.5,0.6423387016825448,0.9583333333333334,5.114829677972486e-05,8.509034831069153e+24,4357317.504245767,21,2025-12-22 00:00:00+00:00,0,-22.229166666666668
1766440800000,173,0.41137698757062074,191.02353356612582,1634045.8757536341,0.46324365334280926,99,0.5722543352601156,0.501289760476275,32,0.18497109826589594,0.2018047043261259,40,0.23121387283236994,0.5968183302467187,2.0,0.011560693641618497,,,0.0,0.3337033895453917,0.1295402637974175,99,99,454.8484848484849,443.0,0.6541225654013545,0.9595959595959596,5.2055179914899875e-05,8.75970898594823e+24,4513718.496821861,22,2025-12-22 00:00:00+00:00,0,-22.1875
1766444400000,192,0.3957430471317651,207.31705392510162,1913734.6870663022,0.42712662754800756,132,0.6875,0.5677966212415684,24,0.125,0.1852510335213367,32,0.16666666666666666,0.011699557620371288,4.0,0.020833333333333332,,,0.0,0.24539248599077454,0.181734141557233,132,132,479.92424242424244,490.5,0.6760203907447833,0.946969696969697,4.85985562626985e-05,8.990594149901329e+24,4549193.074533754,23,2025-12-22 00:00:00+00:00,0,-22.145833333333332
1766448000000,162,0.39967065651807815,190.25955108522754,1688042.340046175,0.4408226145665584,94,0.5802469135802469,0.5629907689913033,29,0.17901234567901234,0.17954846412331804,37,0.22839506172839505,0.1696475566808084,2.0,0.012345679012345678,,,0.0,0.26145198125256824,0.17937063331399009,94,94,473.02127659574467,493.0,0.667780615575225,0.9574468085106383,5.7951784970490885e-05,9.99253143339134e+24,4787680.097621731,0,2025-12-23 00:00:00+00:00,0,-22.104166666666668
1766451600000,144,0.6455651796095664,1458.8069484667997,1833326.4409976974,0.32675154173451293,74,0.5138888888888888,0.4482825804142439,39,0.2708333333333333,1.6864858059993573,30,0.20833333333333334,0.7041769592873734,1.0,0.006944444444444444,,,0.0,0.1866899161107448,0.14006162562376814,74,74,466.4594594594595,492.5,0.6598469932188525,0.972972972972973,4.108736542689034e-05,8.970137317202523e+24,5319930.820991443,1,2025-12-23 00:00:00+00:00,0,-22.0625
1766455200000,201,0.38968615476797175,212.23854940735413,1885399.0561668028,0.44515911839144684,112,0.5572139303482587,0.44243859650560213,51,0.2537313432835821,0.15538756386143598,38,0.1890547263681592,,,0.0,,,0.0,0.1889802231337061,0.25617889525774074,112,112,463.35714285714283,492.5,0.6551722404823221,0.9732142857142857,6.291190807968804e-05,8.886754171272049e+24,5971094.435948709,2,2025-12-23 00:00:00+00:00,0,-22.020833333333332
1766458800000,164,0.352800137263444,156.8428068787289,1512269.1056438752,0.317971060346219,91,0.5548780487804879,0.5631231934276931,36,0.21951219512195122,0.20710593933948113,35,0.21341463414634146,0.7013565897100458,2.0,0.012195121951219513,,,0.0,0.17259939474962616,0.14537166559659287,91,91,425.04395604395603,441.0,0.6254533727637767,0.978021978021978,6.0227483587850256e-05,8.446611415537818e+24,17405261.603745725,3,2025-12-23 00:00:00+00:00,0,-21.979166666666668
1766462400000,94,0.39945930470303115,147.05954773788403,841059.5830643047,0.7191678082271812,35,0.3723404255319149,0.22890254064537374,31,0.32978723404255317,0.19174478348846866,25,0.26595744680851063,0.16290100230509447,3.0,0.031914893617021274,,,0.0,0.262115901737986,0.4570519064891952,35,35,422.25714285714287,412.0,0.6126063956663158,0.9714285714285714,3.8072771495746144e-05,8.491547363370825e+24,3807771.840991421,4,2025-12-23 00:00:00+00:00,0,-21.9375
1766466000000,158,0.48298826928233635,214.51545859726335,1656376.865946137,0.4826624344219692,76,0.4810126582278481,0.6844281409585017,47,0.2974683544303797,0.21934904263918653,34,0.21518987341772153,0.003811455757563872,1.0,0.006329113924050633,,,0.0,0.2653873686107714,0.21727506581119782,76,76,454.6578947368421,478.0,0.6526730764714552,0.9868421052631579,4.851815622497609e-05,8.475208982246286e+24,5962953.2438495895,5,2025-12-23 00:00:00+00:00,0,-21.895833333333332
1766469600000,234,0.4376462710010088,281.53538035391813,2246939.8174029426,0.5708955418010284,94,0.4017094017094017,0.536193658835477,67,0.2863247863247863,0.17760006634275619,72,0.3076923076923077,0.03286656628398527,1.0,0.004273504273504274,,,0.0,0.25262370634622966,0.3182718354547987,94,94,461.63829787234044,492.0,0.6569365271803265,0.9893617021276596,6.290616980236946e-05,8.254561356829784e+24,14548203.477627005,6,2025-12-23 00:00:00+00:00,0,-21.854166666666668
1766473200000,117,0.35025850546763987,101.1347207492269,931726.2688884012,0.3827817057304523,52,0.4444444444444444,0.42051410659105315,25,0.21367521367521367,0.26907497162736327,37,0.3162393162393162,0.20232327558052643,3.0,0.02564102564102564,,,0.0,0.19942385125404874,0.18335785447640354,52,52,432.84615384615387,460.0,0.6363586399881783,0.9807692307692307,4.098964369621635e-05,8.308687423687345e+24,4150529.550951694,7,2025-12-23 00:00:00+00:00,0,-21.8125
1766476800000,101,0.29768572155009687,74.24113021142422,685454.0670555421,0.36671245227726984,51,0.504950495049505,0.356388071536263,20,0.19801980198019803,0.14220568988088977,28,0.27722772277227725,0.12720103151442425,2.0,0.019801980198019802,,,0.0,0.2143565833443252,0.15235586893294464,51,51,406.52941176470586,393.0,0.6187693009337913,0.9803921568627451,3.8782258188858343e-05,8.382782615462677e+24,2964482.652009531,8,2025-12-23 00:00:00+00:00,0,-21.770833333333332
1766480400000,127,0.3974361673346976,123.86933229369242,1133595.2794399404,0.48072799055660886,57,0.44881889763779526,0.46487558129756074,30,0.23622047244094488,0.20644215221096276,37,0.29133858267716534,0.49609023968248306,3.0,0.023622047244094488,,,0.0,0.26373302332044674,0.2169949672361621,57,57,459.9298245614035,460.0,0.6594420063472728,0.9649122807017544,4.665841999728968e-05,8.387299453865834e+24,4575907.447283337,9,2025-12-23 00:00:00+00:00,0,-21.729166666666668
1766484000000,106,0.27854987289669925,79.25721409403867,754858.3568910237,0.34714282310252614,56,0.5283018867924528,0.24124282764231927,24,0.22641509433962265,0.12145664636197448,22,0.20754716981132076,0.40610358748238795,4.0,0.03773584905660377,,,0.0,0.208539715805919,0.13860310729660716,56,56,464.69642857142856,488.5,0.6483096123422948,0.9285714285714286,3.1725526336939675e-05,8.604011886356206e+24,3134748.869903728,10,2025-12-23 00:00:00+00:00,0,-21.6875
1766487600000,118,0.359047953208151,109.39841141696019,975208.0702014464,0.33177069779720936,59,0.5,0.5966369124556511,28,0.23728813559322035,0.19636625031510438,31,0.2627118644067797,,,0.0,,,0.0,0.20057111787569937,0.13119957992151,59,59,479.08474576271186,451.0,0.6704332433349663,0.8813559322033898,3.276957622623289e-05,8.729730722899037e+24,19491763.00985241,11,2025-12-23 00:00:00+00:00,0,-21.645833333333332
1766491200000,178,0.33628611562252636,174.22526397818731,1440399.6903594758,0.3968649967994145,86,0.48314606741573035,0.47392704469890223,33,0.1853932584269663,0.17359931163102876,57,0.3202247191011236,0.0968928090138163,2.0,0.011235955056179775,,,0.0,0.17814875528514348,0.21871624151427102,86,86,431.66279069767444,459.5,0.6231887813078631,0.9767441860465116,3.779503451528514e-05,8.690094162109379e+24,8205895.738180944,12,2025-12-23 00:00:00+00:00,0,-21.604166666666668
1766494800000,276,0.4018538619774125,295.8076743569961,2579090.530526717,0.43768173018312906,136,0.4927536231884058,0.5966663385607295,52,0.18840579710144928,0.19443052377728187,83,0.3007246376811594,0.8445135044375949,5.0,0.018115942028985508,,,0.0,0.19787875112013364,0.23980297906299544,136,136,467.6470588235294,503.0,0.6589345185272513,0.9705882352941176,7.993203474825249e-05,8.571095908859668e+24,7903257.224287921,13,2025-12-23 00:00:00+00:00,0,-21.5625
1766498400000,578,0.5282007307510928,805.1539456887014,6241176.823983941,0.48871819940493655,278,0.4809688581314879,0.881669076143262,142,0.24567474048442905,0.2634371659364543,153,0.2647058823529412,0.78669354778771,5.0,0.00865051903114187,,,0.0,0.20507106578459394,0.2836471336203426,278,278,463.7841726618705,500.0,0.6514698421981101,0.9712230215827338,0.00011532485209697716,8.324687996263323e+24,17196824.231795125,14,2025-12-23 00:00:00+00:00,0,-21.520833333333332
1766502000000,597,0.5179423594564381,732.3495005007978,6065081.363848698,0.5063469766989456,335,0.5611390284757118,0.8764037996347024,126,0.21105527638190955,0.21553350390539644,132,0.22110552763819097,0.1770125329654823,4.0,0.006700167504187605,,,0.0,0.2164325181081147,0.2899144585908309,335,335,447.98805970149255,466.0,0.6428772052523571,0.9611940298507463,0.00011358523014352128,8.017348858156211e+24,13219260.899828866,15,2025-12-23 00:00:00+00:00,0,-21.479166666666668
1766505600000,522,0.4430737951571384,567.3332195238224,4966277.542352628,0.47090106329948345,250,0.4789272030651341,0.6586589217219075,111,0.21264367816091953,0.25123052755294195,161,0.30842911877394635,,,0.0,,,0.0,0.27112805905663423,0.19977300424284916,250,250,445.056,473.5,0.6392001367361799,0.96,0.00011359050401747634,8.331717582761728e+24,12838065.638394833,16,2025-12-23 00:00:00+00:00,0,-21.4375
1766509200000,301,0.3639713436122092,265.7762048919737,2416166.9653235385,0.3741100199056044,163,0.5415282392026578,0.45945438260955057,64,0.21262458471760798,0.2590589283195974,74,0.24584717607973422,,,0.0,,,0.0,0.20193961182270992,0.17217040808289447,163,163,447.6134969325153,454.0,0.6368340938058037,0.9263803680981595,7.750121228872031e-05,8.279640856286507e+24,7467388.8112647,17,2025-12-23 00:00:00+00:00,0,-21.395833333333332
1766512800000,294,0.3605539771675522,259.7128311887095,2349088.2338077067,0.42392109125014643,147,0.5,0.4700169666275926,60,0.20408163265306123,0.18005276366807324,85,0.2891156462585034,0.09048298202352173,2.0,0.006802721088435374,,,0.0,0.2325716747089449,0.19134941654120152,147,147,451.94557823129253,463.0,0.6436684573967802,0.9523809523809523,6.847209113434888e-05,8.090997835499634e+24,7203626.808743443,18,2025-12-23 00:00:00+00:00,0,-21.354166666666668
1766516400000,151,0.3641933047021909,136.46996109884813,1282878.733258471,0.40978827850594496,90,0.5960264900662252,0.25825226347269126,23,0.152317880794702,0.29654466488760595,37,0.24503311258278146,1.200289283782464,1.0,0.006622516556291391,,,0.0,0.2504371149032837,0.15935116360266122,90,90,485.8888888888889,494.0,0.6777851928072611,0.9222222222222223,5.6558290424549545e-05,8.109476678598384e+24,4014412.051473026,19,2025-12-23 00:00:00+00:00,0,-21.3125
1766520000000,248,0.43084846274247224,254.18497268183725,2275130.7450559363,0.44894187236803845,145,0.5846774193548387,0.49990880804825216,54,0.21774193548387097,0.31043492653400057,47,0.18951612903225806,0.08416504253194818,2.0,0.008064516129032258,,,0.0,0.20548005215304826,0.24346182021499016,145,145,474.6896551724138,493.0,0.6680281066349082,0.9379310344827586,7.12218043369475e-05,8.186498131874182e+24,5774381.714184335,20,2025-12-23 00:00:00+00:00,0,-21.270833333333332
1766523600000,174,0.3541361328459609,150.88984526437832,1397930.668892894,0.37591392846875127,121,0.6954022988505747,0.372631222785709,29,0.16666666666666666,0.22744960734823327,23,0.13218390804597702,0.09645534068336654,1.0,0.005747126436781609,,,0.0,0.21833450696044324,0.15757942150830806,121,121,457.45454545454544,489.0,0.6541438072963176,0.9586776859504132,3.818473446722484e-05,8.3239125689652e+24,3319601.7057171618,21,2025-12-23 00:00:00+00:00,0,-21.229166666666668
1766527200000,192,0.3877660999102199,183.0266301485825,1641293.8767448354,0.41026331587836873,128,0.6666666666666666,0.4775051454891594,32,0.16666666666666666,0.20844413540562481,30,0.15625,0.20194901625458866,2.0,0.010416666666666666,,,0.0,0.22678485419872893,0.18347846167963977,128,128,492.125,493.0,0.6733244721077702,0.90625,6.134332041408806e-05,8.247141994356843e+24,3888788.6291315197,22,2025-12-23 00:00:00+00:00,0,-21.1875
1766530800000,184,0.43073608576309114,190.44547921456945,1664921.963706572,0.4919563617158333,109,0.592391304347826,0.497871332154325,42,0.22826086956521738,0.14485229954654966,31,0.16847826086956522,0.11558955847912417,2.0,0.010869565217391304,,,0.0,0.28516573125345374,0.20679063046237958,109,109,512.9633027522935,491.0,0.6830126743367589,0.926605504587156,4.7644015297972e-05,8.214772593842667e+24,4073237.3523516953,23,2025-12-23 00:00:00+00:00,0,-21.145833333333332
1766534400000,161,0.40868827622707765,161.0342797720128,1371472.5093812575,0.3962623168495157,90,0.5590062111801242,0.5153617150889941,42,0.2608695652173913,0.29275903180570134,29,0.18012422360248448,,,0.0,,,0.0,0.1897755255890639,0.20648679126045175,90,90,498.1333333333333,543.0,0.6847277052257319,0.9444444444444444,4.515275385290339e-05,8.348524363261644e+24,3432532.931517249,0,2025-12-24 00:00:00+00:00,0,-21.104166666666668
1766538000000,145,0.3083176806438549,111.1518170024937,1096874.5694690181,0.3614150550613829,73,0.503448275862069,0.32522070169909945,41,0.2827586206896552,0.14222134597452557,30,0.20689655172413793,0.7220755249791608,1.0,0.006896551724137931,,,0.0,0.2690930636242934,0.09232199143708943,73,73,551.2876712328767,542.0,0.7147605636381824,0.863013698630137,5.122091325852072e-05,8.372208213116894e+24,6424462.18846002,1,2025-12-24 00:00:00+00:00,0,-21.0625
1766541600000,177,0.3591993378586913,153.07870439503122,1321623.4112854688,0.39019615429963755,94,0.5310734463276836,0.3973020235684174,34,0.192090395480226,0.2732974590917598,49,0.2768361581920904,,,0.0,,,0.0,0.22697373399565615,0.16322242030398143,94,94,450.51063829787233,483.5,0.6413128489303852,0.9574468085106383,6.642358905469949e-05,7.941825475549916e+24,4914712.91131246,2,2025-12-24 00:00:00+00:00,0,-21.020833333333332
1766545200000,178,0.36154230633505485,156.3492526650816,1498743.8942158995,0.3528241271747982,105,0.5898876404494382,0.49491631209013004,43,0.24157303370786518,0.20403418704570098,28,0.15730337078651685,0.15681925856536688,2.0,0.011235955056179775,,,0.0,0.22788824825518594,0.12493587891961232,105,105,444.9047619047619,453.0,0.6413466534117671,0.9619047619047619,4.9811119486166215e-05,7.893303626692953e+24,4448379.66188002,3,2025-12-24 00:00:00+00:00,0,-20.979166666666668
1766548800000,147,0.3591067964077171,129.4146204522502,1160172.1718380316,0.40218904574741005,73,0.4965986394557823,0.3919837314602112,35,0.23809523809523808,0.24896072131451502,39,0.2653061224489796,,,0.0,,,0.0,0.22132846385333263,0.18086058189407742,73,73,459.0,454.0,0.6547842422000594,0.9452054794520548,4.833315309249784e-05,8.00026875219831e+24,3742208.0532352915,4,2025-12-24 00:00:00+00:00,0,-20.9375
1766552400000,102,0.3563969908506873,89.15455498394917,747793.1419533882,0.42243240542836763,47,0.46078431372549017,0.4495949659641087,28,0.27450980392156865,0.14394557783095147,25,0.24509803921568626,0.15543575943399807,2.0,0.0196078431372549,,,0.0,0.19443231271535416,0.22800009271301347,47,47,415.7659574468085,413.0,0.6220141312135308,0.9787234042553191,4.867697283015578e-05,7.94321588094452e+24,4375769.42109334,5,2025-12-24 00:00:00+00:00,0,-20.895833333333332
1766556000000,95,0.5752199777041915,429.7319772078238,1002071.1719049112,0.35479644708618774,44,0.4631578947368421,0.3730298960158205,25,0.2631578947368421,1.2336103791640212,24,0.25263157894736843,0.051228854886954125,2.0,0.021052631578947368,,,0.0,0.1677046712590702,0.18709177582711753,44,44,463.0,449.0,0.6595293986977616,0.9318181818181818,3.9050132216739226e-05,8.00349913809121e+24,6822362.281623695,6,2025-12-24 00:00:00+00:00,0,-20.854166666666668
1766559600000,142,0.3383713341325668,114.497715714558,999121.6333629949,0.33253969648056525,71,0.5,0.4826602863697917,37,0.2605633802816901,0.18592090259944477,31,0.21830985915492956,0.2721441401464251,3.0,0.02112676056338028,,,0.0,0.2554095495510705,0.07713014692949477,71,71,444.4507042253521,443.0,0.6405735250680742,0.9577464788732394,3.9537883898536e-05,8.171188867576195e+24,3562988.7610579613,7,2025-12-24 00:00:00+00:00,0,-20.8125
1766563200000,84,0.40042391925119614,81.27401794843993,646632.706642601,0.42786495241010625,33,0.39285714285714285,0.5751337689160406,29,0.34523809523809523,0.06851784193007221,21,0.25,1.398311808470277,1.0,0.011904761904761904,,,0.0,0.27593432311891586,0.15193062929119033,33,33,438.5151515151515,468.0,0.6354299740249112,0.9393939393939394,4.8710962990494746e-05,8.023709609088609e+24,5936830.728879025,8,2025-12-24 00:00:00+00:00,0,-20.770833333333332
1766566800000,137,0.29221761813949837,96.5677371743412,944131.6761064297,0.24506511066301626,58,0.4233576642335766,0.44740773319557764,36,0.26277372262773724,0.2285263421077047,41,0.29927007299270075,0.17188942259982548,2.0,0.014598540145985401,,,0.0,0.19761843890451603,0.0474466717585002,58,58,449.08620689655174,446.0,0.6349224989189194,0.9310344827586207,3.9357579816764516e-05,8.048044641175226e+24,10419498.803197322,9,2025-12-24 00:00:00+00:00,0,-20.729166666666668
1766570400000,161,0.30138034841771427,120.4169650956318,1159542.2668515795,0.3172956635421354,76,0.4720496894409938,0.44707744565284163,31,0.19254658385093168,0.19342973054398652,52,0.32298136645962733,0.24500943126215619,2.0,0.012422360248447204,,,0.0,0.2607466515153122,0.05654901202682329,76,76,421.5921052631579,393.0,0.6048921044651242,0.9342105263157895,3.819541150989079e-05,8.168252283835909e+24,6861468.226919584,10,2025-12-24 00:00:00+00:00,0,-20.6875
1766574000000,87,0.32459961478912924,71.29648093252098,703122.0619517525,0.3552249099488745,58,0.6666666666666666,0.289055691232055,14,0.16091954022988506,0.25498157491148765,14,0.16091954022988506,0.020599983609926605,1.0,0.011494252873563218,,,0.0,0.2442008634019226,0.11102404654695192,58,58,469.9655172413793,449.0,0.6622687625326684,0.9310344827586207,3.3819073730515904e-05,8.181732998704108e+24,2623445.3387701614,11,2025-12-24 00:00:00+00:00,0,-20.645833333333332
1766577600000,91,0.37634115846916943,94.62560525978789,696610.9611230722,0.46832437988712683,53,0.5824175824175825,0.24441673521083315,17,0.18681318681318682,0.2509889899091683,21,0.23076923076923078,,,0.0,,,0.0,0.27710528097191717,0.19121909891520966,53,53,445.33962264150944,443.0,0.6301444279960945,0.8867924528301887,3.861888761454102e-05,8.195823702620804e+24,2630211.75232692,12,2025-12-24 00:00:00+00:00,0,-20.604166666666668
1766581200000,123,0.34936377773641764,107.13557849203251,905541.7006107509,0.5046536394405186,51,0.4146341463414634,0.31565174347675334,28,0.22764227642276422,0.19082182347190527,44,0.35772357723577236,,,0.0,,,0.0,0.21529470439651677,0.28935893504400184,51,51,499.37254901960785,533.0,0.6842765626123208,0.9803921568627451,4.6877510177036615e-05,8.265857156707331e+24,3757589.812291956,13,2025-12-24 00:00:00+00:00,0,-20.5625
1766584800000,442,0.4983555646546307,542.6346198552941,4529136.99164788,0.52929421276747,221,0.5,0.6922918291057987,98,0.22171945701357465,0.29299155489588674,121,0.2737556561085973,0.0012805804826551768,2.0,0.004524886877828055,,,0.0,0.23223788658383046,0.29705632618363964,221,221,477.07239819004525,493.0,0.6664828303119976,0.9819004524886877,9.019521343297381e-05,8.26542215939866e+24,10938077.306560023,14,2025-12-24 00:00:00+00:00,0,-20.520833333333332
1766588400000,519,0.4222568764110654,542.3959438499628,4741976.982619269,0.44855773908887364,317,0.6107899807321773,0.6138575356296905,85,0.16377649325626203,0.21217109900561332,114,0.21965317919075145,0.19770658366880053,3.0,0.005780346820809248,,,0.0,0.24165843792174527,0.20689930116712835,317,317,472.1703470031546,493.0,0.6662292007852263,0.9873817034700315,8.572101527198545e-05,8.280377959389423e+24,10542082.120001322,15,2025-12-24 00:00:00+00:00,0,-20.479166666666668
1766592000000,326,0.3712246418010446,306.5534311979888,2823738.8884568624,0.37863360289943354,168,0.5153374233128835,0.5450752709093557,66,0.20245398773006135,0.23297630500019811,92,0.2822085889570552,,,0.0,,,0.0,0.21114790515125126,0.16748569774818228,168,168,452.0833333333333,472.0,0.6492391340403999,0.9761904761904762,9.159922519289903e-05,8.347591914338034e+24,8610843.639409535,16,2025-12-24 00:00:00+00:00,0,-20.4375
1766595600000,260,0.3971193445876512,258.5169112301001,2276022.97175322,0.4062669818647236,142,0.5461538461538461,0.5020349999651079,66,0.25384615384615383,0.2425029998697212,51,0.19615384615384615,0.05915517694565859,1.0,0.0038461538461538464,,,0.0,0.23951640751326092,0.16675057435146265,142,142,444.14084507042253,443.0,0.6429285153966001,0.9577464788732394,6.144810764892096e-05,8.375680135752268e+24,6352308.515682487,17,2025-12-24 00:00:00+00:00,0,-20.395833333333332
1766599200000,195,0.33702380696063206,175.52118436108032,1539322.1767705118,0.43494819892838704,99,0.5076923076923077,0.278779874074131,41,0.21025641025641026,0.20749419744516434,51,0.26153846153846155,0.1618979391675443,4.0,0.020512820512820513,,,0.0,0.2713650994324103,0.1635830994959768,99,99,460.1212121212121,493.0,0.6529050170780233,0.9494949494949495,4.939464350438604e-05,8.370308591544175e+24,5265688.078956828,18,2025-12-24 00:00:00+00:00,0,-20.354166666666668
1766602800000,103,0.3522366781022929,91.01475358382923,796155.8526898568,0.34441022592714726,53,0.5145631067961165,0.5060689189641232,27,0.2621359223300971,0.21701435998577961,20,0.1941747572815534,0.007495952883482174,3.0,0.02912621359223301,,,0.0,0.21740049507758638,0.12700973084956088,53,53,546.7924528301887,458.0,0.6934589675285933,0.8679245283018868,3.4669372208532804e-05,8.346769485363416e+24,3252396.648787894,19,2025-12-24 00:00:00+00:00,0,-20.3125
1766606400000,61,0.2797401305146219,38.86963866866424,327057.43178892735,0.4307492729342159,21,0.3442622950819672,0.25127247793020635,23,0.3770491803278688,0.13978230890196536,16,0.26229508196721313,0.0026292949472103777,1.0,0.01639344262295082,,,0.0,0.20636559179820851,0.22438368113600735,21,21,493.4761904761905,499.0,0.6659322657558236,0.8571428571428571,3.2299207745124424e-05,8.373817136339608e+24,1921835.9014117464,20,2025-12-24 00:00:00+00:00,0,-20.270833333333332
1766610000000,109,0.3710657565723695,108.9005466568679,892643.8182288671,0.3955904915022209,62,0.5688073394495413,0.4965500060729747,16,0.14678899082568808,0.21181175284277137,28,0.25688073394495414,0.6813426054951286,3.0,0.027522935779816515,,,0.0,0.213179634641443,0.1824108568607779,62,62,450.8709677419355,447.5,0.6415219310701922,0.9354838709677419,3.8238674577125234e-05,8.370638568759568e+24,2847522.9143446586,21,2025-12-24 00:00:00+00:00,0,-20.229166666666668
1766613600000,131,0.3749349447388633,127.04518109447764,1142094.4135994427,0.4345450052817601,78,0.5954198473282443,0.4670093444163701,25,0.19083969465648856,0.12289858030111446,24,0.183206106870229,0.14929195279445112,4.0,0.030534351145038167,,,0.0,0.2881089009135304,0.14643610436822965,78,78,493.12820512820514,493.0,0.6774554624310035,0.9230769230769231,4.736455712094896e-05,8.385999891397788e+24,3677312.844988795,22,2025-12-24 00:00:00+00:00,0,-20.1875
1766617200000,86,0.31747043723453683,70.58800138241286,661051.271443427,0.39553265985517927,49,0.5697674418604651,0.22655218888963122,21,0.2441860465116279,0.20968173796079773,14,0.16279069767441862,0.1141084855664784,2.0,0.023255813953488372,,,0.0,0.2295420201847049,0.1659906396704744,49,49,558.3265306122449,543.0,0.7387262633809949,0.8775510204081632,3.538175042960705e-05,8.398796329502245e+24,2241755.159885379,23,2025-12-24 00:00:00+00:00,0,-20.145833333333332
1766620800000,93,0.37027321731104557,83.00078104088782,699073.7379524127,0.3648484137252601,34,0.3655913978494624,0.47847502259212943,38,0.40860215053763443,0.1852359946268028,19,0.20430107526881722,0.1645141934291114,2.0,0.021505376344086023,,,0.0,0.22943033215779335,0.13541808156746674,34,34,467.6470588235294,472.5,0.6560521527509008,0.9117647058823529,4.086824164509562e-05,8.43775873678409e+24,2684665.3407607386,0,2025-12-25 00:00:00+00:00,0,-20.104166666666668
1766624400000,51,0.3188014297243053,40.79126576138917,389362.5244969659,0.38559516379923153,31,0.6078431372549019,0.22209052471437352,6,0.11764705882352941,0.21955468311951695,11,0.21568627450980393,0.18592605852082156,3.0,0.058823529411764705,,,0.0,0.1722651127755687,0.21333005102366281,31,31,444.0,443.0,0.6283737073785872,0.9032258064516129,3.0083598463108686e-05,8.458568810186909e+24,1817951.8730016884,1,2025-12-25 00:00:00+00:00,0,-20.0625
1766628000000,97,0.2703782266139542,64.83171685898293,594060.0142566854,0.30664520772117687,41,0.422680412371134,0.3042131449522793,33,0.3402061855670103,0.16919163777200952,18,0.18556701030927836,0.11395024033278385,5.0,0.05154639175257732,,,0.0,0.22319528009031617,0.08344992763086068,41,41,442.8780487804878,479.0,0.6320503373504691,0.9512195121951219,3.21225587408567e-05,8.466524154977342e+24,2505568.0917135566,2,2025-12-25 00:00:00+00:00,0,-20.020833333333332
1766631600000,69,0.18118333026306593,34.99957724778794,401920.6356097921,0.229352238228014,26,0.37681159420289856,0.18705707614755182,24,0.34782608695652173,0.11348360647282406,18,0.2608695652173913,0.006416850171110108,1.0,0.014492753623188406,,,0.0,0.14295291746754255,0.08639932076047142,26,26,483.5,515.5,0.6589813428614677,0.8846153846153846,3.242829038040558e-05,8.466539326894827e+24,2304728.6938954336,3,2025-12-25 00:00:00+00:00,0,-19.979166666666668
1766635200000,28,0.30760213272411235,19.868293551594142,215931.5505259807,0.379471719021863,8,0.2857142857142857,0.3022752081293109,15,0.5357142857142857,0.20859156843211574,5,0.17857142857142858,,,0.0,,,0.0,0.0836213441225983,0.2958503748992647,8,8,486.0,530.0,0.6835477878459665,1.0,2.525822486942218e-05,8.472240246202918e+24,1807345.2465028479,4,2025-12-25 00:00:00+00:00,0,-19.9375
1766638800000,34,0.3367208584431176,28.4971751197883,261008.46633673194,0.5816439156682479,15,0.4411764705882353,0.19566079567690048,10,0.29411764705882354,0.09579991485808653,8,0.23529411764705882,0.000843176408583398,1.0,0.029411764705882353,,,0.0,0.558187428510808,0.023456487157439792,15,15,443.4,356.0,0.6201251532049519,0.9333333333333333,3.033546093416991e-05,8.37312797533671e+24,5140582.687020268,5,2025-12-25 00:00:00+00:00,0,-19.895833333333332
1766642400000,50,0.296488326205214,34.43146820705384,324295.5979827012,0.3691439199942296,27,0.54,0.37104834425624816,8,0.16,0.12594291442443442,15,0.3,,,0.0,,,0.0,0.2768707365301351,0.09227318346409445,27,27,401.1111111111111,426.0,0.5971643040349195,1.0,2.10862896363581e-05,8.370291805692806e+24,1566555.1347125398,6,2025-12-25 00:00:00+00:00,0,-19.854166666666668
1766646000000,55,0.27109539595917437,36.25568477663976,311325.6449404188,0.3378131538004795,16,0.2909090909090909,0.3519528778548216,18,0.32727272727272727,0.10154830677140837,19,0.34545454545454546,0.6203333434516853,2.0,0.03636363636363636,,,0.0,0.06344054395267336,0.2743726098478061,16,16,431.625,397.0,0.6336837104811044,1.0,2.2440793829597348e-05,8.380481283951008e+24,1898619.1297232301,7,2025-12-25 00:00:00+00:00,0,-19.8125
1766649600000,159,0.3720503620675156,150.30439553211164,1385534.3413381916,0.3434313627533473,80,0.5031446540880503,0.522340727946464,40,0.25157232704402516,0.28558173972245854,37,0.23270440251572327,0.11067253043883868,2.0,0.012578616352201259,,,0.0,0.21863230186811106,0.12479906088523618,80,80,431.1875,414.0,0.6331378391903666,0.9625,5.2250270173560915e-05,8.334182824923965e+24,4545319.081890785,8,2025-12-25 00:00:00+00:00,0,-19.770833333333332
1766653200000,77,0.26789821369325534,53.60464664118637,470046.8718441418,0.2441543649553225,36,0.4675324675324675,0.32426325852377785,16,0.2077922077922078,0.27570364815976495,24,0.3116883116883117,0.03350562377424455,1.0,0.012987012987012988,,,0.0,0.16157074855651984,0.08258361639880264,36,36,446.97222222222223,408.5,0.6378000876046396,0.9444444444444444,3.328379528826594e-05,8.479866822320784e+24,2784209.5213364037,9,2025-12-25 00:00:00+00:00,0,-19.729166666666668
1766656800000,109,0.28936141103586493,73.60622036117029,726650.6365293086,0.23202016551488272,59,0.5412844036697247,0.4850424585349335,24,0.22018348623853212,0.22051686791482253,25,0.22935779816513763,0.6972633348222299,1.0,0.009174311926605505,,,0.0,0.14499702650091134,0.08702313901397134,59,59,390.1525423728813,393.0,0.5911532446205885,0.9661016949152542,4.955894855506429e-05,8.085997399975989e+24,3936065.404288596,10,2025-12-25 00:00:00+00:00,0,-19.6875
1766660400000,85,0.2534377393515777,56.102331009088665,554750.2264164903,0.28455689793964417,55,0.6470588235294118,0.42713591514286187,9,0.10588235294117647,0.08747233788436533,20,0.23529411764705882,0.2979084642306126,1.0,0.011764705882352941,,,0.0,0.14780978457316363,0.13674711336648054,55,55,407.94545454545454,466.0,0.6039836138736652,0.9818181818181818,3.0600436587475805e-05,8.046548125521485e+24,2367705.8387088142,11,2025-12-25 00:00:00+00:00,0,-19.645833333333332
1766664000000,49,0.3006234557653785,40.487404656765506,402392.7709182037,0.3424472395063835,30,0.6122448979591837,0.2620415157571507,12,0.24489795918367346,0.187519136889462,7,0.14285714285714285,,,0.0,,,0.0,0.23100732778151176,0.11143991172487173,30,30,417.9,395.5,0.62367746851862,0.9666666666666667,2.619636313865741e-05,8.152275114306414e+24,2006527.7359973595,12,2025-12-25 00:00:00+00:00,0,-19.604166666666668
1766667600000,76,0.35181683151136833,64.95648905026495,553801.8708403008,0.30720988950938993,31,0.40789473684210525,0.5530227089697397,26,0.34210526315789475,0.14926222036103523,19,0.25,,,0.0,,,0.0,0.22631172709185943,0.08089816241753053,31,31,406.16129032258067,379.0,0.6134676075852468,0.9354838709677419,4.2566039001767526e-05,8.190645734725902e+24,4426887.567324132,13,2025-12-25 00:00:00+00:00,0,-19.5625
1766671200000,83,0.24563755247036148,52.977543270682446,543299.033145403,0.36128081542730145,35,0.42168674698795183,0.21041264663316694,18,0.21686746987951808,0.10106541333855751,29,0.3493975903614458,1.02476368886928,1.0,0.012048192771084338,,,0.0,0.2487197289988229,0.11256108642847858,35,35,484.6,521.0,0.6716941033243838,0.9428571428571428,2.6043507528212133e-05,8.225522283955909e+24,2676129.3096569264,14,2025-12-25 00:00:00+00:00,0,-19.520833333333332
1766674800000,289,0.4838202515613876,358.24995432013935,2861750.5094167977,0.5306400717321005,135,0.4671280276816609,0.7116133114000821,62,0.21453287197231835,0.26160454033263436,92,0.31833910034602075,,,0.0,,,0.0,0.24112572847182942,0.289514343260271,135,135,444.3703703703704,453.0,0.6312663383051703,0.9629629629629629,6.956790201274018e-05,8.390177335309696e+24,8131373.697623711,15,2025-12-25 00:00:00+00:00,0,-19.479166666666668
1766678400000,155,0.344825284891033,137.83597483196914,1295374.3885527193,0.3353657614729834,64,0.4129032258064516,0.4868201957854595,34,0.21935483870967742,0.26642207350242353,56,0.36129032258064514,0.5129876509978324,1.0,0.0064516129032258064,,,0.0,0.22209318457293376,0.11327257690004963,64,64,456.125,457.0,0.6566403701016122,0.9375,5.176943772820126e-05,8.427711116781095e+24,4601705.956189782,16,2025-12-25 00:00:00+00:00,0,-19.4375
1766682000000,98,0.35932058384513377,87.96434826246903,756658.9826881645,0.4199099601366199,48,0.4897959183673469,0.4599274833933713,21,0.21428571428571427,0.1523173023553212,25,0.25510204081632654,0.39783235503038167,4.0,0.04081632653061224,,,0.0,0.23658732924337986,0.18332263089324008,48,48,489.9166666666667,496.5,0.6664035382992344,0.9166666666666666,3.553125900828385e-05,8.583532455447478e+24,2712781.8358197655,17,2025-12-25 00:00:00+00:00,0,-19.395833333333332
1766685600000,85,0.2856356529375609,62.286481140517616,590028.4777079826,0.3262987150955205,39,0.4588235294117647,0.28407078531723917,17,0.2,0.23895350338132365,28,0.32941176470588235,0.03347916589724415,1.0,0.011764705882352941,,,0.0,0.1556324927353145,0.17066622236020598,39,39,485.97435897435895,502.0,0.6596853466838805,0.8717948717948718,4.2689608894726886e-05,8.612246063177566e+24,2978315.3615678158,18,2025-12-25 00:00:00+00:00,0,-19.354166666666668
1766689200000,60,0.24848585178064886,39.0650337118442,397766.2211256831,0.3470389018168216,25,0.4166666666666667,0.18770184331339065,16,0.26666666666666666,0.19302565612523775,16,0.26666666666666666,0.04717952346677907,3.0,0.05,,,0.0,0.2186473855079871,0.1283915163088345,25,25,481.84,543.0,0.6773398591935588,0.96,2.8570116371160486e-05,8.667364633869547e+24,1545408.958135878,19,2025-12-25 00:00:00+00:00,0,-19.3125
1766692800000,73,0.2976213211747199,53.79700915495317,517739.23679618916,0.2851115452044505,35,0.4794520547945205,0.4922775801671599,18,0.2465753424657534,0.14432279602949544,20,0.273972602739726,,,0.0,,,0.0,0.16954474095482774,0.11556680424962273,35,35,418.9714285714286,401.0,0.6133378337176292,0.9142857142857143,3.1690071833329015e-05,8.671668904240639e+24,2423254.416959449,20,2025-12-25 00:00:00+00:00,0,-19.270833333333332
1766696400000,57,0.30218022155154584,48.49344349737754,450310.87766931474,0.35925741057819743,27,0.47368421052631576,0.38156553098321494,14,0.24561403508771928,0.13537281863111214,15,0.2631578947368421,0.15181282959508907,1.0,0.017543859649122806,,,0.0,0.18768026699843524,0.1715771435797622,27,27,463.77777777777777,471.0,0.6544294197658443,1.0,2.8310757651399188e-05,8.522026675719408e+24,1815423.2302334416,21,2025-12-25 00:00:00+00:00,0,-19.229166666666668
1766700000000,160,0.4409597400900919,183.83200014787593,1495564.706908267,0.42529248166121114,75,0.46875,0.667990059167352,45,0.28125,0.21492674068232603,40,0.25,,,0.0,,,0.0,0.17529837357580227,0.2499941080854088,75,75,490.58666666666664,443.0,0.6560371599590368,0.96,6.681444459584548e-05,8.451778395003154e+24,6306861.863070702,22,2025-12-25 00:00:00+00:00,0,-19.1875
1766703600000,338,0.5550406360407,460.9798881217621,3620153.2392222336,0.5572940758757632,163,0.4822485207100592,0.8378532133084639,75,0.22189349112426035,0.34653597921828566,96,0.28402366863905326,0.1645889027292466,4.0,0.011834319526627219,,,0.0,0.23319794334424462,0.32409613253151853,163,163,475.4723926380368,490.0,0.6689584284865504,0.950920245398773,0.00010624850093983863,7.927751995987358e+24,14285833.63026115,23,2025-12-25 00:00:00+00:00,0,-19.145833333333332
1766707200000,299,0.4471361282698699,310.01330326927877,2695996.9145393926,0.4834629695492651,125,0.4180602006688963,0.5228746710826704,84,0.2809364548494983,0.30106836490329053,85,0.2842809364548495,0.7497095542617913,5.0,0.016722408026755852,,,0.0,0.2202332134361171,0.26322975611314803,125,125,469.8,486.0,0.661762277139421,0.968,7.745634570255472e-05,8.130145183436983e+24,15139430.324333055,0,2025-12-26 00:00:00+00:00,0,-19.104166666666668
1766710800000,138,0.32906999482072247,115.14747282958639,1068805.569873186,0.3793106099832005,74,0.5362318840579711,0.4533343149133706,18,0.13043478260869565,0.2045260032354589,42,0.30434782608695654,0.14814108554323052,4.0,0.028985507246376812,,,0.0,0.22976247095660612,0.1495481390265944,74,74,479.85135135135135,507.5,0.6723290783229653,0.972972972972973,3.7129344126187876e-05,8.378734303902971e+24,3588085.1659730026,1,2025-12-26 00:00:00+00:00,0,-19.0625
1766714400000,564,0.5653933820943471,876.0460390411898,6432990.650872581,0.48839339759270445,247,0.4379432624113475,0.9377711603000471,145,0.2570921985815603,0.3467105875393755,167,0.29609929078014185,0.874242386646241,5.0,0.008865248226950355,,,0.0,0.2635417984861724,0.2248515991065321,247,247,450.69635627530363,457.0,0.6486589749160312,0.979757085020243,0.00012774572475798823,8.547431008750969e+24,18265217.17433477,2,2025-12-26 00:00:00+00:00,0,-19.020833333333332
1766718000000,275,0.39634282738872106,288.91281328524815,2440971.657268747,0.43074842474226005,150,0.5454545454545454,0.3499216990442752,69,0.2509090909090909,0.3507983177149989,53,0.19272727272727272,0.5483685825364487,3.0,0.01090909090909091,,,0.0,0.20864155626886716,0.2221068684733929,150,150,480.24666666666667,487.5,0.6604320988407045,0.94,6.785765446148049e-05,8.633292073048656e+24,7051236.026725456,3,2025-12-26 00:00:00+00:00,0,-18.979166666666668
1766721600000,195,0.3704802139957272,185.8287101077371,1671198.4724373235,0.3936043899138234,115,0.5897435897435898,0.4962249113911355,35,0.1794871794871795,0.21839034749627262,44,0.22564102564102564,0.002089700551378423,1.0,0.005128205128205128,,,0.0,0.26731371754275884,0.12629067237106456,115,115,457.83478260869566,461.0,0.6519342767991112,0.9478260869565217,5.877981224296413e-05,8.600799679014391e+24,4925504.577068447,4,2025-12-26 00:00:00+00:00,0,-18.9375
1766725200000,128,0.28186006177973677,94.22854068876968,917194.5483250548,0.3463950266905453,69,0.5390625,0.3061574463609269,26,0.203125,0.1285332856263846,32,0.25,0.10367232073027562,1.0,0.0078125,,,0.0,0.24464771815840358,0.10174730853214173,69,69,444.3768115942029,437.0,0.634650272398413,0.9420289855072463,4.080346760613063e-05,8.81294231944296e+24,3234368.3852052335,5,2025-12-26 00:00:00+00:00,0,-18.895833333333332
1766728800000,132,0.3350034316221181,116.98784271198238,1031656.1309829259,0.38172164846750073,62,0.4696969696969697,0.41301625198293324,29,0.2196969696969697,0.21416504124295982,39,0.29545454545454547,0.11190142657702214,2.0,0.015151515151515152,,,0.0,0.1963542646177236,0.18536738384977713,62,62,438.4032258064516,474.0,0.6342609958010382,0.9838709677419355,4.088284584222837e-05,8.686987484260751e+24,3973443.3144747256,6,2025-12-26 00:00:00+00:00,0,-18.854166666666668
1766732400000,254,0.3646468515636445,251.36365787432737,2097178.1858345997,0.382993948386868,120,0.47244094488188976,0.4714954225837949,52,0.2047244094488189,0.27703087169544544,79,0.3110236220472441,0.08594188414801168,3.0,0.011811023622047244,,,0.0,0.2545272456367754,0.1284667027500926,120,120,473.6166666666667,466.0,0.6656626354577464,0.9583333333333334,6.573633771654755e-05,8.680748026814969e+24,8138486.535830222,7,2025-12-26 00:00:00+00:00,0,-18.8125
1766736000000,197,0.31029268314778113,154.25074270412563,1407385.9706655124,0.29992444879156727,104,0.5279187817258884,0.4348648156497439,36,0.18274111675126903,0.2505330270596333,57,0.2893401015228426,,,0.0,,,0.0,0.21539921608096024,0.08452523271060702,104,104,380.2980769230769,402.5,0.5857615363071383,0.9807692307692307,4.368016363663375e-05,8.723920473177286e+24,4302030.517713041,8,2025-12-26 00:00:00+00:00,0,-18.770833333333332
1766739600000,93,0.27399999896435023,67.50552221982159,630044.9156702152,0.32617894028005545,35,0.3763440860215054,0.3526305017346879,26,0.27956989247311825,0.14776978287437986,29,0.3118279569892473,0.20400674847457678,3.0,0.03225806451612903,,,0.0,0.15990758750534562,0.1662713527747098,35,35,376.9714285714286,421.0,0.5670484431707754,0.9714285714285714,3.629985047935903e-05,8.779645852740931e+24,3176228.8964503747,9,2025-12-26 00:00:00+00:00,0,-18.729166666666668
1766743200000,84,0.25213152271573336,52.55641870147645,483692.01648745604,0.23791848609597724,37,0.44047619047619047,0.3636463175514812,18,0.21428571428571427,0.20104931747047514,29,0.34523809523809523,,,0.0,,,0.0,0.1961775252530612,0.041740960842916064,37,37,390.8378378378378,378.0,0.5895675429676899,0.9459459459459459,3.449788184666476e-05,8.850675012679201e+24,2632079.5587066053,10,2025-12-26 00:00:00+00:00,0,-18.6875
1766746800000,71,0.15952963541805568,31.089287023505207,327574.1703280797,0.16907208959400793,28,0.39436619718309857,0.19612248310585476,24,0.3380281690140845,0.09924452692153773,19,0.2676056338028169,,,0.0,,,0.0,0.10100393909962065,0.06806815049438729,28,28,352.2857142857143,320.5,0.5563498786426159,1.0,3.208803372044114e-05,8.743598888369512e+24,2526168.0416365,11,2025-12-26 00:00:00+00:00,0,-18.645833333333332
1766750400000,83,0.33612632674549114,78.89637091196066,757715.0307591727,0.37799395432318666,50,0.6024096385542169,0.3536136796976627,16,0.1927710843373494,0.202586425769897,16,0.1927710843373494,0.09958571623547381,1.0,0.012048192771084338,,,0.0,0.21154628845971943,0.16644766586346726,50,50,445.1,484.5,0.635180297687617,0.98,2.9550192738683405e-05,9.132057633030763e+24,3076022.809038949,12,2025-12-26 00:00:00+00:00,0,-18.604166666666668
1766754000000,115,0.3584632219307448,113.81231838311065,1044728.2414207177,0.4187586442277863,70,0.6086956521739131,0.34348083178781325,20,0.17391304347826086,0.2065228813303321,23,0.2,0.14526125986835753,2.0,0.017391304347826087,,,0.0,0.26281543357171466,0.1559432106560716,70,70,427.84285714285716,447.0,0.6253315289367398,0.9428571428571428,3.6720326090296076e-05,9.017156986833388e+24,3754847.771142534,13,2025-12-26 00:00:00+00:00,0,-18.5625
1766757600000,420,0.47608895859496764,511.24248010189757,4416443.144786668,0.4637811980024781,217,0.5166666666666667,0.6247114138351773,102,0.24285714285714285,0.3509307775827039,100,0.23809523809523808,0.5032006738902037,1.0,0.002380952380952381,,,0.0,0.19976843107520434,0.2640127669272737,217,217,432.10138248847926,471.0,0.627742551097038,0.9723502304147466,0.00010046296419263368,8.826125426827548e+24,14106336.4275416,14,2025-12-26 00:00:00+00:00,0,-18.520833333333332
1766761200000,764,0.5546548751570195,964.0799931012712,7373570.157428386,0.5204413345939887,337,0.4410994764397906,0.935442470990576,184,0.24083769633507854,0.30853286260180174,239,0.31282722513089006,0.6267065094230371,4.0,0.005235602094240838,,,0.0,0.2021204976377357,0.3183208369562529,337,337,451.90207715133533,475.0,0.6468393878472262,0.9821958456973294,0.0001487284324600267,7.424163648823371e+24,25647576.58167645,15,2025-12-26 00:00:00+00:00,0,-18.479166666666668
1766764800000,344,0.3767083014114762,313.2137539676166,2755924.1623264207,0.4043986147884391,193,0.561046511627907,0.5477165894458492,65,0.18895348837209303,0.17800330945391374,84,0.2441860465116279,0.4924333616350704,2.0,0.005813953488372093,,,0.0,0.19574149174567293,0.2086571230427661,193,193,435.2953367875648,454.0,0.6284060042632992,0.9689119170984456,7.886974670258852e-05,8.428932123890461e+24,8242116.550071817,16,2025-12-26 00:00:00+00:00,0,-18.4375
1766768400000,215,0.347230205107563,190.73224367961998,1759102.266736463,0.3641081742617029,113,0.5255813953488372,0.4104259202936398,48,0.22325581395348837,0.24154621628675166,53,0.24651162790697675,1.0078767692610633,1.0,0.004651162790697674,,,0.0,0.16184000389402864,0.20226817036767428,113,113,388.0353982300885,405.0,0.582977802697316,0.9646017699115044,6.798277533398327e-05,8.742376205380587e+24,5634247.721008235,17,2025-12-26 00:00:00+00:00,0,-18.395833333333332
1766772000000,164,0.32689029153480637,133.00774786651513,1260229.025533492,0.33690345018551454,86,0.524390243902439,0.3874040091014069,35,0.21341463414634146,0.2639768464426104,40,0.24390243902439024,0.1726989731667784,3.0,0.018292682926829267,,,0.0,0.17087522272802735,0.1660282274574872,86,86,489.45348837209303,533.5,0.6544010493441772,0.9302325581395349,4.4532303240654334e-05,8.518117184388519e+24,4231492.992443099,18,2025-12-26 00:00:00+00:00,0,-18.354166666666668
1766775600000,112,0.3172895643778175,89.64670492549375,812927.374620347,0.3532866507196407,59,0.5267857142857143,0.4349858127853943,20,0.17857142857142858,0.19184682597614405,31,0.2767857142857143,0.022775478444204418,2.0,0.017857142857142856,,,0.0,0.35729577962872155,-0.004009128909080884,59,59,469.6949152542373,460.0,0.6551239739454106,0.864406779661017,4.632128481852271e-05,8.527086502318758e+24,2947544.6705957567,19,2025-12-26 00:00:00+00:00,0,-18.3125
1766779200000,143,0.49565817499515546,230.57330099882185,1393805.4919737042,0.4232418972839394,73,0.5104895104895105,1.0598785225763623,28,0.1958041958041958,0.2474017261884724,39,0.2727272727272727,0.21906485636369408,3.0,0.02097902097902098,,,0.0,0.31507632559416826,0.10816557168977113,73,73,451.3013698630137,425.0,0.6343510030925027,0.958904109589041,5.029722308898762e-05,8.512373602413527e+24,4051912.795398212,20,2025-12-26 00:00:00+00:00,0,-18.270833333333332
1766782800000,85,0.35563835513769915,75.35396252966054,659887.8422142484,0.4091582404038803,49,0.5764705882352941,0.40807435921954904,18,0.21176470588235294,0.16662553871183608,17,0.2,0.0025337828611923874,1.0,0.011764705882352941,,,0.0,0.3213770497541633,0.08778119064971705,49,49,466.8979591836735,450.0,0.659971800040867,0.9387755102040817,3.9354443551859456e-05,8.502552392137538e+24,2179839.837107548,21,2025-12-26 00:00:00+00:00,0,-18.229166666666668
1766786400000,95,0.41093895237153144,98.21314273840542,868326.7233878147,0.4551976763305107,54,0.5684210526315789,0.502357979122256,24,0.25263157894736843,0.14489309008147794,15,0.15789473684210525,0.11426905164579976,2.0,0.021052631578947368,,,0.0,0.2156029418589784,0.23959473447153232,54,54,517.5370370370371,504.0,0.7048837219468398,0.9074074074074074,5.3059902987967326e-05,8.499961892503552e+24,2714359.6563217146,22,2025-12-26 00:00:00+00:00,0,-18.1875
1766790000000,55,0.3379626628904956,48.31878206258775,466359.3617060237,0.4167328062756396,36,0.6545454545454545,0.08946520213182292,10,0.18181818181818182,0.18759630602385807,8,0.14545454545454545,1.1901429635451386,1.0,0.01818181818181818,,,0.0,0.2737003516048882,0.1430324546707514,36,36,487.80555555555554,430.5,0.6732226257041619,0.8888888888888888,2.5263845018679343e-05,8.555811011290475e+24,1768099.3162174907,23,2025-12-26 00:00:00+00:00,0,-18.145833333333332
1766793600000,79,0.3877115054299254,75.90168605508724,699241.9529714526,0.3924711330419514,42,0.5316455696202531,0.5227144582279596,19,0.24050632911392406,0.19368363347354248,17,0.21518987341772153,0.9212248658206921,1.0,0.012658227848101266,,,0.0,0.21293181403834902,0.17953931900360237,42,42,490.4761904761905,523.5,0.6770698297884258,0.9285714285714286,3.1687452519326206e-05,8.833570269369333e+24,2326828.0695374645,0,2025-12-27 00:00:00+00:00,0,-18.104166666666668
1766797200000,43,0.31103407727941185,36.84689854305857,359905.8305715364,0.4391806456288892,21,0.4883720930232558,0.21118505285011666,12,0.27906976744186046,0.14861201480917097,7,0.16279069767441862,0.19238900898081346,3.0,0.06976744186046512,,,0.0,0.3081053917610031,0.13107525386788604,21,21,495.76190476190476,493.0,0.6917273590758846,1.0,2.3863024190520553e-05,8.868738665292716e+24,1501018.5441900305,1,2025-12-27 00:00:00+00:00,0,-18.0625
1766800800000,71,0.3008836664234562,49.337661627084735,430889.01862123335,0.4417174145671119,25,0.352112676056338,0.1969138077403407,25,0.352112676056338,0.25622129902755664,13,0.18309859154929578,0.2582603588776053,8.0,0.11267605633802817,,,0.0,0.29803792565637005,0.14367948891074178,25,25,501.84,588.0,0.6876360446699943,0.96,2.5547086561778996e-05,8.915084791944902e+24,2554251.901065034,2,2025-12-27 00:00:00+00:00,0,-18.020833333333332
1766804400000,46,0.24540750217896534,28.711156859938967,290135.55481875926,0.2490565199186676,25,0.5434782608695652,0.31567026464565745,8,0.17391304347826086,0.19515153731541973,13,0.2826086956521739,,,0.0,,,0.0,0.1867786828067217,0.0622778371119459,25,25,530.8,503.0,0.7176459725158207,0.96,2.3206669817795316e-05,8.918540249178613e+24,1670114.587820354,3,2025-12-27 00:00:00+00:00,0,-17.979166666666668
1766808000000,47,0.19417330350992332,23.95196719104304,218541.41501457855,0.21518119499319782,20,0.425531914893617,0.36727883752282836,8,0.1702127659574468,0.1114871627460748,16,0.3404255319148936,0.03349868699420528,3.0,0.06382978723404255,,,0.0,0.251097711819582,-0.03591651682638419,20,20,389.45,375.5,0.602385798454321,1.0,2.1905252589142488e-05,8.933731515036163e+24,1541417.5658314906,4,2025-12-27 00:00:00+00:00,0,-17.9375
1766811600000,29,0.2705794183292138,21.355341532506742,202380.81522789766,0.26850530687439006,15,0.5172413793103449,0.5383557800119352,5,0.1724137931034483,0.1420828207623198,7,0.2413793103448276,0.06643244151771728,2.0,0.06896551724137931,,,0.0,0.14894991340489894,0.11955539346949114,15,15,453.26666666666665,486.0,0.6328843042154735,0.8666666666666667,1.9084699169045727e-05,8.980913983912689e+24,1490753.8095899858,5,2025-12-27 00:00:00+00:00,0,-17.895833333333332
1766815200000,62,0.3591952845629891,53.99875271688468,480310.8435485005,0.3845241050530292,24,0.3870967741935484,0.5172495355149208,18,0.2903225806451613,0.1552104523832657,18,0.2903225806451613,0.46862466973263217,2.0,0.03225806451612903,,,0.0,0.23528126475559252,0.14924284029743662,24,24,541.0833333333334,616.5,0.7115447871989513,0.8333333333333334,2.9253863476517206e-05,9.002344954749587e+24,2171150.5516931103,6,2025-12-27 00:00:00+00:00,0,-17.854166666666668
1766818800000,118,0.3181450423189387,104.38726219048097,833977.5062818892,0.4710482252332752,51,0.4322033898305085,0.24500850027562254,33,0.2796610169491525,0.17121922926466773,29,0.2457627118644068,0.09340346979336361,5.0,0.0423728813559322,,,0.0,0.25658696506657525,0.21446126016669995,51,51,452.2352941176471,509.0,0.6438489074333691,0.9803921568627451,4.112138828113668e-05,8.976257640807774e+24,4527122.484465335,7,2025-12-27 00:00:00+00:00,0,-17.8125
1766822400000,124,0.2996302939576983,100.77598757869004,860323.4775673047,0.3832037886904411,59,0.47580645161290325,0.36424273632358595,26,0.20967741935483872,0.1410546077470697,33,0.2661290322580645,0.07000328632533832,6.0,0.04838709677419355,,,0.0,0.2443142428696167,0.13888954582082436,59,59,443.03389830508473,443.0,0.6162960759767576,0.8983050847457628,3.743681170721789e-05,8.939154843888947e+24,4769925.572195086,8,2025-12-27 00:00:00+00:00,0,-17.770833333333332
1766826000000,105,0.2268429791671076,63.54436405565686,622808.187263187,0.276054425437061,39,0.37142857142857144,0.25216275957795714,36,0.34285714285714286,0.1599754983533383,20,0.19047619047619047,0.07750209086276967,10.0,0.09523809523809523,,,0.0,0.13862840908421425,0.13742601635284674,39,39,496.9230769230769,514.0,0.679609379091666,0.9230769230769231,6.446132228596302e-05,8.94701534140025e+24,4978035.33925686,9,2025-12-27 00:00:00+00:00,0,-17.729166666666668
1766829600000,270,0.38255029661051687,286.47635481435856,2180933.4108523885,0.3523034611462314,68,0.2518518518518518,0.636715683372092,80,0.2962962962962963,0.2387215797068588,118,0.43703703703703706,0.0563859129297803,4.0,0.014814814814814815,,,0.0,0.18972797153073806,0.16257548961549334,68,68,416.22058823529414,475.5,0.6027348786734961,0.9852941176470589,8.351509825993651e-05,8.985290007130117e+24,19074531.67093934,10,2025-12-27 00:00:00+00:00,0,-17.6875
1766833200000,115,0.24507699228501936,71.70394831960097,647633.0274407173,0.32843015130260206,46,0.4,0.3326051343783638,22,0.19130434782608696,0.12404365002182077,45,0.391304347826087,0.08839497277579683,2.0,0.017391304347826087,,,0.0,0.183634962351067,0.14479518895153506,46,46,390.6304347826087,302.0,0.5866271219493725,0.9782608695652174,3.3093445807596774e-05,9.269646534490146e+24,4577415.733468097,11,2025-12-27 00:00:00+00:00,0,-17.645833333333332
1766836800000,98,0.11000375387234318,31.284489464311193,327802.5010714336,0.1252588172255828,42,0.42857142857142855,0.11707197971933064,12,0.12244897959183673,0.09351440453143606,44,0.4489795918367347,,,0.0,,,0.0,0.10828416669222254,0.01697465053336027,42,42,313.0,233.5,0.5070777786747495,0.9761904761904762,2.1343615618390784e-05,9.401768602974061e+24,3608727.2225812473,12,2025-12-27 00:00:00+00:00,0,-17.604166666666668
1766840400000,78,0.3169191583555057,73.30772639796126,650249.7647971784,0.43476566583162346,32,0.41025641025641024,0.2976819022381125,11,0.14102564102564102,0.2005626823265464,33,0.4230769230769231,0.4570618018611148,2.0,0.02564102564102564,,,0.0,0.28597387543383923,0.14879179039778423,32,32,402.25,432.0,0.6052952277975602,1.0,2.7077436059615698e-05,9.770451721089983e+24,3828489.65264526,13,2025-12-27 00:00:00+00:00,0,-17.5625
1766844000000,76,0.28785115377416365,71.64454960873536,560763.9375387899,0.31409912839167003,21,0.27631578947368424,0.39542036560857946,17,0.2236842105263158,0.23551601084603177,34,0.4473684210526316,0.13772885162510826,4.0,0.05263157894736842,,,0.0,0.16100094667908363,0.15309818171258643,21,21,459.57142857142856,567.0,0.6358703384397322,0.9523809523809523,2.6374615922344013e-05,1.0857913405300252e+25,3798359.2743355674,14,2025-12-27 00:00:00+00:00,0,-17.520833333333332
1766847600000,72,0.24930764583037257,50.57113415686219,442994.66405637946,0.18492079343840243,31,0.4305555555555556,0.4491997707522617,17,0.2361111111111111,0.1908837416836626,24,0.3333333333333333,,,0.0,,,0.0,0.11197347872739725,0.0729473147110052,31,31,307.258064516129,304.0,0.5126239117570742,1.0,2.9201568681166763e-05,1.0406714777926313e+25,3263667.9922743766,15,2025-12-27 00:00:00+00:00,0,-17.479166666666668
1766851200000,73,0.27552266280270615,62.34738585123504,553798.0340404037,0.43888333490178055,29,0.3972602739726027,0.2127332309909144,20,0.273972602739726,0.13590014949255966,23,0.3150684931506849,0.00516961429875091,1.0,0.0136986301369863,,,0.0,0.2216748099551414,0.21720852494663917,29,29,526.7586206896551,527.0,0.7115620867040751,0.9310344827586207,3.13127805606552e-05,1.0581634077322483e+25,2978874.958579089,16,2025-12-27 00:00:00+00:00,0,-17.4375
1766854800000,51,0.17872636770459147,27.41025244312219,272015.29679507174,0.21082877074765974,22,0.43137254901960786,0.14104208345366936,15,0.29411764705882354,0.16865575319147202,14,0.27450980392156865,,,0.0,,,0.0,0.12432154946904482,0.08650722127861493,22,22,456.04545454545456,443.5,0.6513219109207221,0.9545454545454546,2.130549254674927e-05,1.1062711867333898e+25,2352772.4630589215,17,2025-12-27 00:00:00+00:00,0,-17.395833333333332
1766858400000,28,0.18982893347992416,16.48638097757611,162769.3532777251,0.37169605149242696,8,0.2857142857142857,0.12509241976528507,13,0.4642857142857143,0.11848642625774387,6,0.21428571428571427,0.0045217110032921915,1.0,0.03571428571428571,,,0.0,0.28242324536773084,0.08927280612469612,8,8,421.75,411.5,0.6348920838310511,1.0,1.7998771613494107e-05,1.1174387035686764e+25,1266026.3882542995,18,2025-12-27 00:00:00+00:00,0,-17.354166666666668
1766862000000,15,0.20898291028651936,9.480000861289007,92449.913381227,0.31034608715330236,6,0.4,0.11004338601820383,3,0.2,0.1570894955538942,6,0.4,,,0.0,,,0.0,0.21120191961476822,0.09914416753853407,6,6,435.6666666666667,409.5,0.6464059702094289,0.8333333333333334,1.4324018809479299e-05,1.084899774120628e+25,1002913.9106137706,19,2025-12-27 00:00:00+00:00,0,-17.3125
1766865600000,40,0.3435961897544923,39.81063607274875,317207.05677623855,0.3968926982798313,13,0.325,0.6137956462595563,9,0.225,0.17000453867810433,18,0.45,,,0.0,,,0.0,0.2139511421922659,0.18294155608756546,13,13,451.2307692307692,393.0,0.6349063039235763,0.9230769230769231,2.39910380777568e-05,1.0489326289292523e+25,2062054.2053292145,20,2025-12-27 00:00:00+00:00,0,-17.270833333333332
1766869200000,31,0.19473122032997373,18.991128354341733,198762.12160833552,0.24730994607946674,15,0.4838709677419355,0.13115459265566984,6,0.1935483870967742,0.16925138528222047,9,0.2903225806451613,0.01682861556318111,1.0,0.03225806451612903,,,0.0,0.14425297700693204,0.1030569690725347,15,15,523.8,573.0,0.6897377203348735,0.9333333333333333,1.4310415692605058e-05,1.046908542224987e+25,1375870.6165020275,21,2025-12-27 00:00:00+00:00,0,-17.229166666666668
1766872800000,121,0.49964618657555526,185.9597555990136,1288882.4093295408,0.5208076547798095,62,0.512396694214876,0.6868091590253157,29,0.2396694214876033,0.2749882789186613,30,0.24793388429752067,,,0.0,,,0.0,0.3045243662243309,0.2162832885554787,62,62,489.4516129032258,443.0,0.6750475483182442,0.8387096774193549,5.795568449583919e-05,9.670011060322846e+24,4341946.987520409,22,2025-12-27 00:00:00+00:00,0,-17.1875
1766876400000,83,0.37569562544294316,89.60475566230375,809118.6713723802,0.4706588613736896,45,0.5421686746987951,0.2742754385137466,26,0.3132530120481928,0.23883621430686083,11,0.13253012048192772,0.2447283912153661,1.0,0.012048192771084338,,,0.0,0.24162142411603993,0.2290374372576497,45,45,440.53333333333336,479.0,0.6417325242208884,0.9777777777777777,6.794254772120014e-05,1.0221750682353307e+25,3895630.7508171373,23,2025-12-27 00:00:00+00:00,0,-17.145833333333332
1766880000000,76,0.26261082616714954,60.19269668479441,566964.716984466,0.3234176731269072,38,0.5,0.35421990521900065,15,0.19736842105263158,0.1022518663077251,21,0.27631578947368424,0.10398171956682663,2.0,0.02631578947368421,,,0.0,0.2797311154996861,0.043686557627221095,38,38,405.6842105263158,409.5,0.6138754196011748,0.9473684210526315,3.300028560917834e-05,1.0384952258743359e+25,2908604.9875799944,0,2025-12-28 00:00:00+00:00,0,-17.104166666666668
1766883600000,48,0.35609863304247025,69.87928685673864,414132.4213721553,0.25685582592916917,23,0.4791666666666667,0.22159289797618692,15,0.3125,0.7861156920024877,10,0.20833333333333334,,,0.0,,,0.0,0.17936895812713505,0.07748686780203413,23,23,480.95652173913044,474.0,0.6672482530983486,0.8695652173913043,4.076365417063367e-05,1.0487460586066833e+25,2329943.5555294543,1,2025-12-28 00:00:00+00:00,0,-17.0625
1766887200000,38,0.2495999199653805,29.593051346894235,336014.56545392016,0.3442686898709358,21,0.5526315789473685,0.1713529731510124,9,0.23684210526315788,0.03299474814266819,5,0.13157894736842105,0.18266799077411844,3.0,0.07894736842105263,,,0.0,0.7682191454682084,-0.4239504555972725,21,21,465.9047619047619,426.0,0.6704148493178078,0.9523809523809523,1.8497256019984448e-05,1.0448738480467003e+25,2267562.0359917968,2,2025-12-28 00:00:00+00:00,0,-17.020833333333332
1766890800000,43,0.2772932775877122,34.475756023800805,320409.05410527834,0.3882247891079946,20,0.46511627906976744,0.2141112350608218,16,0.37209302325581395,0.10476219901979782,7,0.16279069767441862,,,0.0,,,0.0,0.24561103673936907,0.1426137523686255,20,20,428.25,440.5,0.6109532798362693,0.9,1.9583748610392035e-05,1.0575223969534198e+25,1702270.4967709195,3,2025-12-28 00:00:00+00:00,0,-16.979166666666668
1766894400000,60,0.49580669512646325,94.88783626364122,643081.1519034632,0.6061948588147673,27,0.45,0.7002946490514552,11,0.18333333333333332,0.23889555202631263,21,0.35,0.6610927874705084,1.0,0.016666666666666666,,,0.0,0.3337300051962796,0.27246485361848766,27,27,566.5555555555555,476.0,0.7280259969793483,0.8148148148148148,3.206886531069099e-05,1.0266400112387712e+25,2842441.0588243846,4,2025-12-28 00:00:00+00:00,0,-16.9375
1766898000000,102,0.2758260553787773,86.92269393610701,791319.860392152,0.36100348831011403,40,0.39215686274509803,0.35309323576387003,27,0.2647058823529412,0.11594630004187916,33,0.3235294117647059,0.16718642461210992,2.0,0.0196078431372549,,,0.0,0.2691160241249388,0.09188746418517524,40,40,408.75,430.0,0.6176859323142669,0.95,3.2655555022185206e-05,1.0578892035365396e+25,4751297.0277718315,5,2025-12-28 00:00:00+00:00,0,-16.895833333333332
1766901600000,32,0.31767774366312035,35.837787564791505,337273.8208513137,0.32388095499991776,19,0.59375,0.59728455697139,5,0.15625,0.12819085842055794,8,0.25,,,0.0,,,0.0,0.1490946228504287,0.17478633214948908,19,19,396.4736842105263,414.0,0.5984170023470285,0.9473684210526315,2.5492177961980306e-05,1.0427673552474362e+25,2620585.7190369433,6,2025-12-28 00:00:00+00:00,0,-16.854166666666668
1766905200000,33,0.22557590282854145,26.97957149399988,279515.2663484648,0.2436177638916159,18,0.5454545454545454,0.2769896828720983,8,0.24242424242424243,0.12042394004514223,7,0.21212121212121213,,,0.0,,,0.0,0.1513987290309415,0.0922190348606744,18,18,361.8888888888889,345.0,0.5785694482742256,1.0,1.7704904254912155e-05,1.0452054571027173e+25,1896328.6408278076,7,2025-12-28 00:00:00+00:00,0,-16.8125
1766908800000,60,0.2540701869466763,44.56040427813959,452274.63074659667,0.25559182355442867,30,0.5,0.260235425005434,14,0.23333333333333334,0.2806924060804192,14,0.23333333333333334,0.001733437482887853,2.0,0.03333333333333333,,,0.0,0.16489184299210324,0.09069998056232542,30,30,530.7,501.0,0.7111347876212577,0.8666666666666667,3.402045264630268e-05,1.0118854264313154e+25,2554205.0152699566,8,2025-12-28 00:00:00+00:00,0,-16.770833333333332
1766912400000,55,0.2879016016056142,45.93052212644323,399613.78033373907,0.41016923185397597,21,0.38181818181818183,0.4681284392773497,10,0.18181818181818182,0.11178751149152631,22,0.4,0.04021228689410434,2.0,0.03636363636363636,,,0.0,0.28053534793245066,0.12963388392152528,21,21,397.04761904761904,344.0,0.6017469492959124,0.9523809523809523,3.082232611687722e-05,9.894972905332638e+24,2749619.3817197164,9,2025-12-28 00:00:00+00:00,0,-16.729166666666668
1766916000000,101,0.2266263582154063,70.61041199836843,690383.0940994308,0.20352612915559157,45,0.44554455445544555,0.2692418376794934,39,0.38613861386138615,0.16322012844854197,14,0.13861386138613863,0.31502429999152953,3.0,0.0297029702970297,,,0.0,0.16159588672583144,0.041930242429760116,45,45,431.31111111111113,393.0,0.6047000995211925,0.9555555555555556,3.7397427034873826e-05,1.0259085550448703e+25,7726750.770703777,10,2025-12-28 00:00:00+00:00,0,-16.6875
1766919600000,142,0.39952982426437067,173.71483966864957,1537293.399890319,0.49786179023950383,75,0.528169014084507,0.440896190951462,28,0.19718309859154928,0.1648775870624751,36,0.2535211267605634,0.3709714322292695,3.0,0.02112676056338028,,,0.0,0.3777357460505642,0.12012604418893957,75,75,437.73333333333335,481.0,0.6364557154785131,0.9733333333333334,8.252579810574397e-05,9.798856026653546e+24,12257784.057284709,11,2025-12-28 00:00:00+00:00,0,-16.645833333333332
1766923200000,126,0.43801071062686436,157.49844820025234,1300845.7090867327,0.5287382061437154,57,0.4523809523809524,0.5484991553984158,30,0.23809523809523808,0.1542661562441604,33,0.2619047619047619,0.584252328463894,6.0,0.047619047619047616,,,0.0,0.30726041079310623,0.2214777953506091,57,57,464.87719298245617,481.0,0.6649052852848524,1.0,6.716928616475546e-05,9.773671664057308e+24,4934074.516115792,12,2025-12-28 00:00:00+00:00,0,-16.604166666666668
1766926800000,167,0.3685534982584586,174.80719649295148,1526063.572664305,0.514514568338877,65,0.38922155688622756,0.4208893544059324,42,0.25149700598802394,0.1800825176928082,56,0.33532934131736525,0.08575334782229355,4.0,0.023952095808383235,,,0.0,0.2883955995580419,0.22611896878083498,65,65,470.2,513.0,0.6591325692677402,0.9692307692307692,4.729618100006892e-05,9.72872636399314e+24,6350334.207202515,13,2025-12-28 00:00:00+00:00,0,-16.5625
1766930400000,134,0.34763618124092965,130.59669846114565,1108069.4706990118,0.47704501911457076,64,0.47761194029850745,0.2752646985893378,29,0.21641791044776118,0.21079265017612034,36,0.26865671641791045,0.09623107950418403,5.0,0.03731343283582089,,,0.0,0.28378644727365415,0.1932585718409166,64,64,450.328125,445.5,0.641440326963823,0.96875,4.537794098787967e-05,1.012011519393083e+25,4522846.842609449,14,2025-12-28 00:00:00+00:00,0,-16.520833333333332
1766934000000,145,0.310724571538591,134.33617404595964,1252458.472726423,0.38299702213601966,74,0.5103448275862069,0.3134690088620892,35,0.2413793103448276,0.15406889663659049,35,0.2413793103448276,0.3494565425764548,1.0,0.006896551724137931,,,0.0,0.2510050308738967,0.1319919912621229,74,74,440.1756756756757,442.5,0.6309729613785913,0.9459459459459459,5.4655639313615045e-05,1.031578495843867e+25,5485358.697406726,15,2025-12-28 00:00:00+00:00,0,-16.479166666666668
1766937600000,168,0.5081661846882183,263.70846360045476,2042460.922767282,0.5646550851922414,77,0.4583333333333333,0.6498700452098845,48,0.2857142857142857,0.24827429435062828,41,0.24404761904761904,0.26023461468394155,2.0,0.011904761904761904,,,0.0,0.35089614802525837,0.21375893716698294,77,77,466.93506493506493,452.0,0.6622724674527249,0.935064935064935,7.233485053533231e-05,9.95759140912322e+24,7540181.251756909,16,2025-12-28 00:00:00+00:00,0,-16.4375
1766941200000,77,0.7482908703243798,531.3945516299015,1217264.336285128,0.5770922398410837,34,0.44155844155844154,0.44375810826004636,26,0.33766233766233766,1.7532075089728991,15,0.19480519480519481,0.08071870551285082,2.0,0.025974025974025976,,,0.0,0.3012529578107011,0.27583928203038266,34,34,500.3235294117647,542.0,0.6737820289971233,0.8823529411764706,6.0467539511691834e-05,9.78161396023071e+24,6206666.399405459,17,2025-12-28 00:00:00+00:00,0,-16.395833333333332
1766944800000,252,0.48663980032462084,355.77713059843796,2906215.249609711,0.5904024199123384,108,0.42857142857142855,0.5985650392922115,64,0.25396825396825395,0.2534227984210222,75,0.2976190476190476,0.31097918699873967,5.0,0.01984126984126984,,,0.0,0.32831684237891573,0.2620855775334227,108,108,467.72222222222223,458.0,0.6580571743935673,0.9259259259259259,7.836674232552718e-05,9.963429988662507e+24,8716609.258643294,18,2025-12-28 00:00:00+00:00,0,-16.354166666666668
1766948400000,203,0.435707438495428,282.80330762182155,2297352.302484227,0.537750516228248,89,0.43842364532019706,0.42727112973458936,55,0.270935960591133,0.22893012443434846,55,0.270935960591133,1.1244362727415589,4.0,0.019704433497536946,,,0.0,0.26614497022700073,0.2716055460012473,89,89,493.9325842696629,458.0,0.6758808909332116,0.9213483146067416,5.918396279934111e-05,1.0640955190472047e+25,5990409.349426393,19,2025-12-28 00:00:00+00:00,0,-16.3125
1766952000000,136,0.3575182782977626,152.427014380962,1352160.0842920546,0.42704902395928424,67,0.49264705882352944,0.39444720650066195,38,0.27941176470588236,0.161974432135436,31,0.22794117647058823,,,0.0,,,0.0,0.21358096162803353,0.21346806233125068,67,67,485.0,484.0,0.6677625805630835,0.9104477611940298,4.75602732511759e-05,1.0374157547794703e+25,4332205.3340118285,20,2025-12-28 00:00:00+00:00,0,-16.270833333333332
1766955600000,163,0.4093986125873758,222.8743606335807,1927351.3027008532,0.41039188812721117,102,0.6257668711656442,0.4969977892326395,35,0.2147239263803681,0.3061349627780552,23,0.1411042944785276,0.14532483190969234,3.0,0.018404907975460124,,,0.0,0.2049098416546949,0.2054820464725162,102,102,496.2450980392157,493.5,0.6780986390777943,0.8921568627450981,4.440462509225669e-05,1.040802126033723e+25,5597827.686066944,21,2025-12-28 00:00:00+00:00,0,-16.229166666666668
1766959200000,84,0.43550998256307205,125.64776952880247,908183.1131706502,0.5162639672165433,49,0.5833333333333334,0.5009876414962604,18,0.21428571428571427,0.1408275305912346,16,0.19047619047619047,0.014886105294987524,1.0,0.011904761904761904,,,0.0,0.2477098557527752,0.2685541114637681,49,49,552.1224489795918,443.0,0.6990642089927414,0.8775510204081632,3.6293017621812504e-05,1.0630343686496432e+25,3456476.8754728762,22,2025-12-28 00:00:00+00:00,0,-16.1875
1766962800000,98,0.27661277098651277,85.57132819169199,813324.9440267809,0.3709180778800296,46,0.46938775510204084,0.21624261543190612,28,0.2857142857142857,0.17538623181011123,21,0.21428571428571427,0.10263862469706092,3.0,0.030612244897959183,,,0.0,0.16592452945468472,0.20499354842534492,46,46,583.3260869565217,552.5,0.7357134987279051,0.8695652173913043,3.88094685429639e-05,1.0564801607901405e+25,3621544.166940684,23,2025-12-28 00:00:00+00:00,0,-16.145833333333332
1766966400000,264,0.4217917862361911,333.97582160693,2873212.0983248935,0.43629080217321403,142,0.5378787878787878,0.508994877204421,66,0.25,0.2906048453539717,54,0.20454545454545456,0.05670705657590065,2.0,0.007575757575757576,,,0.0,0.17977176937212078,0.2565190328010933,142,142,452.0633802816901,475.0,0.6516097124994016,0.9647887323943662,6.914970853380526e-05,1.0275593059375787e+25,8631950.112675602,0,2025-12-29 00:00:00+00:00,0,-16.104166666666668
1766970000000,255,0.3614444999533393,301.2393979944842,2682761.1129869455,0.41192624871379885,115,0.45098039215686275,0.45831082875829815,65,0.2549019607843137,0.19757344050025544,73,0.28627450980392155,0.29188193010332236,2.0,0.00784313725490196,,,0.0,0.21132638559652617,0.20059986311727268,115,115,476.60869565217394,477.0,0.6626051839641192,0.9652173913043478,6.644250337107159e-05,1.038113140819656e+25,7755400.334571008,1,2025-12-29 00:00:00+00:00,0,-16.0625
1766973600000,368,0.4482703543438203,455.09433473419483,3931845.2150548045,0.44583030148770725,193,0.5244565217391305,0.6421235817380145,83,0.22554347826086957,0.2837830403921169,90,0.24456521739130435,0.040755645926316704,2.0,0.005434782608695652,,,0.0,0.3007027976916118,0.14512750379609546,193,193,465.419689119171,467.0,0.6589777172523675,0.9637305699481865,9.030533440130696e-05,9.475286820782716e+24,12871031.146844879,2,2025-12-29 00:00:00+00:00,0,-16.020833333333332
1766977200000,283,0.42287458970148956,351.40648986441,3041096.2990751117,0.4312589411536372,142,0.5017667844522968,0.6148878375123331,58,0.2049469964664311,0.2849783598869136,76,0.26855123674911663,0.15898418779775927,7.0,0.024734982332155476,,,0.0,0.2253164214153796,0.20594251973825756,142,142,458.32394366197184,453.0,0.6500468327610269,0.9577464788732394,6.610965403286308e-05,9.709661312619608e+24,9406323.57283122,3,2025-12-29 00:00:00+00:00,0,-15.979166666666666
1766980800000,247,0.30161798850427307,225.97334713143712,2174871.670116648,0.3193164204012459,122,0.4939271255060729,0.44513117225180376,52,0.21052631578947367,0.16257337787987028,70,0.2834008097165992,0.3386941543062451,3.0,0.012145748987854251,,,0.0,0.2325845469680611,0.0867318734331848,122,122,414.3032786885246,443.0,0.6154146941208716,0.9672131147540983,5.6371396466104866e-05,9.805706821428385e+24,7123864.9270513365,4,2025-12-29 00:00:00+00:00,0,-15.9375
1766984400000,101,0.33153385937753416,99.017712131114,964767.4135865733,0.44792338390798403,41,0.40594059405940597,0.3628521897719305,29,0.2871287128712871,0.15007411633564569,30,0.297029702970297,0.09512406344824949,1.0,0.009900990099009901,,,0.0,0.3383406150752741,0.1095827688327099,41,41,475.3170731707317,497.0,0.6653510962434294,0.975609756097561,5.598959081346608e-05,1.008688997703299e+25,4637035.007911576,5,2025-12-29 00:00:00+00:00,0,-15.895833333333334
1766988000000,107,0.26847825925204677,83.16427613692349,821857.6727635688,0.23728826477188797,32,0.29906542056074764,0.3780334169904848,41,0.38317757009345793,0.17331017919702207,32,0.29906542056074764,0.044326718177002136,2.0,0.018691588785046728,,,0.0,0.2047360741368126,0.03255219063507537,32,32,467.28125,492.0,0.6571543067254585,0.90625,3.249600091769499e-05,1.0385185684929028e+25,4029498.51433317,6,2025-12-29 00:00:00+00:00,0,-15.854166666666666
1766991600000,111,0.419678431541567,154.15468669005142,1345142.0299841063,0.534813392118727,41,0.36936936936936937,0.3731569438941258,34,0.3063063063063063,0.34063751033663964,35,0.3153153153153153,0.047307870063462994,1.0,0.009009009009009009,,,0.0,0.7636194010982624,-0.22880600897953537,41,41,426.1463414634146,411.0,0.6291973198941087,1.0,6.092389483620649e-05,1.0526363683649106e+25,7052250.83681158,7,2025-12-29 00:00:00+00:00,0,-15.8125
1766995200000,149,0.36306719076740634,189.05424368156986,1665858.6217675118,0.38316474227752656,65,0.436241610738255,0.4546451289765653,30,0.20134228187919462,0.28924073304661485,50,0.33557046979865773,0.27247816366915506,4.0,0.026845637583892617,,,0.0,0.21324420738989378,0.1699205348876328,65,65,436.5846153846154,420.0,0.6334852256570257,0.9230769230769231,4.7098506151200856e-05,1.1510892008456444e+25,6501165.6137192855,8,2025-12-29 00:00:00+00:00,0,-15.770833333333334
1766998800000,318,0.49064239043293484,448.3019579686467,3830382.42403385,0.48056844697393913,127,0.39937106918238996,0.5516684443180708,76,0.2389937106918239,0.44303992735250536,112,0.3522012578616352,1.1482712534430053,3.0,0.009433962264150943,,,0.0,0.26150814578874887,0.21906030118519024,127,127,466.0,488.0,0.6532220690377962,0.9606299212598425,0.00010041312034321322,9.624031516960621e+24,15318221.496704387,9,2025-12-29 00:00:00+00:00,0,-15.729166666666666
1767002400000,144,0.34218959652130126,141.86028209515652,1290187.0932048482,0.3956104684999288,70,0.4861111111111111,0.31112385815694,37,0.2569444444444444,0.19393649391289328,35,0.24305555555555555,1.6416045326571602,2.0,0.013888888888888888,,,0.0,0.2365599715591051,0.15905049694082368,70,70,478.45714285714286,469.5,0.6707609005315717,0.9571428571428572,4.616137579274557e-05,9.314052121219318e+24,6963990.964000397,10,2025-12-29 00:00:00+00:00,0,-15.6875
1767006000000,105,0.33922566702434787,107.34256971243471,930887.9108546716,0.3186216323927968,40,0.38095238095238093,0.5473549059031092,33,0.3142857142857143,0.1440083446030424,30,0.2857142857142857,0.245433754475389,2.0,0.01904761904761905,,,0.0,0.27467549011739395,0.04394614227540283,40,40,489.975,513.5,0.6748730926453745,0.95,3.398481199415811e-05,9.382988914735971e+24,4303274.787021698,11,2025-12-29 00:00:00+00:00,0,-15.645833333333334
1767009600000,427,0.46871236643560216,564.0892700775809,4486640.270068246,0.5038826247647967,168,0.39344262295081966,0.7124185269206202,103,0.24121779859484777,0.26109952449640067,150,0.351288056206089,0.49064376003871235,6.0,0.01405152224824356,,,0.0,0.18086590923383683,0.3230167155309599,168,168,457.1904761904762,494.0,0.6542709127641143,0.9761904761904762,0.00010706246068873598,9.193050103690582e+24,14437177.720398005,12,2025-12-29 00:00:00+00:00,0,-15.604166666666666
1767013200000,180,0.3607605648716411,186.22949725795422,1679370.7351388037,0.35626408010968474,86,0.4777777777777778,0.5011540869540758,41,0.22777777777777777,0.2594504381574605,53,0.29444444444444445,,,0.0,,,0.0,0.19087143627921846,0.1653926438304663,86,86,396.5581395348837,411.5,0.5965284545426632,0.9883720930232558,5.452201348311431e-05,9.375149552148165e+24,6335903.746605962,13,2025-12-29 00:00:00+00:00,0,-15.5625
1767016800000,441,0.4574999902562766,555.5475830689919,4678637.677218384,0.47325153743787746,221,0.5011337868480725,0.7183047110943444,94,0.21315192743764172,0.23093752907538115,122,0.2766439909297052,0.36847113479554583,4.0,0.009070294784580499,,,0.0,0.21954836667171973,0.25370317076615767,221,221,461.2352941176471,475.0,0.6558556367822865,0.9728506787330317,9.096960659386252e-05,9.288481863375416e+24,12254464.36800256,14,2025-12-29 00:00:00+00:00,0,-15.520833333333334
1767020400000,332,0.379654609083275,346.79550815345516,2990405.8533623605,0.3823219469967599,135,0.4066265060240964,0.4949405773524424,81,0.24397590361445784,0.2426758063399656,109,0.32831325301204817,1.1271453877829456,7.0,0.02108433734939759,,,0.0,0.20766562836849684,0.17465631862826306,135,135,426.5777777777778,439.0,0.6260884972800883,0.9925925925925926,5.528079641487358e-05,9.354425263826892e+24,15196687.048406374,15,2025-12-29 00:00:00+00:00,0,-15.479166666666666
1767024000000,283,0.3459598151714417,270.4928330410834,2350012.6608972647,0.38751601508624306,95,0.33568904593639576,0.5225400120176193,77,0.27208480565371024,0.17568175813537387,104,0.3674911660777385,0.36944606984133543,7.0,0.024734982332155476,,,0.0,0.21589434917801495,0.17162166590822817,95,95,461.41052631578947,494.0,0.6516775789900172,0.9578947368421052,6.868232935755931e-05,9.378804823470038e+24,12935673.23426998,16,2025-12-29 00:00:00+00:00,0,-15.4375
1767027600000,167,0.2790124518689818,136.4369798148219,1324319.1607495234,0.34068722657414846,89,0.5329341317365269,0.40251378001300864,21,0.12574850299401197,0.13965888303214313,56,0.33532934131736525,0.00022946694755527556,1.0,0.005988023952095809,,,0.0,0.23535665885759596,0.10533056771655253,89,89,499.02247191011236,523.0,0.6684805598902703,0.9550561797752809,4.0924698411547863e-05,9.396327245224573e+24,5630351.479849817,17,2025-12-29 00:00:00+00:00,0,-15.395833333333334
1767031200000,173,0.3026860452231998,141.87750067898267,1311042.2229519826,0.4288050121756738,65,0.37572254335260113,0.3092598527104295,44,0.2543352601156069,0.17007697676462305,64,0.3699421965317919,,,0.0,,,0.0,0.271940213293175,0.15686479888249877,65,65,496.6307692307692,505.0,0.6771193354623235,0.9538461538461539,5.0094560332059525e-05,9.40560758932886e+24,6121905.406935902,18,2025-12-29 00:00:00+00:00,0,-15.354166666666666
1767034800000,120,0.24523022520499807,81.95697840665444,832105.4328042609,0.2620170685253704,47,0.39166666666666666,0.3019366887787256,39,0.325,0.1538457559655615,32,0.26666666666666666,0.20711487531954814,2.0,0.016666666666666666,,,0.0,0.14468939178898904,0.11732767673638128,47,47,423.531914893617,427.0,0.6303877262776862,0.9574468085106383,5.084391481454615e-05,9.501358727983834e+24,6908775.743975002,19,2025-12-29 00:00:00+00:00,0,-15.3125
1767038400000,143,0.2718313494475663,108.62299791960866,1065028.3811195875,0.3531038999979034,57,0.3986013986013986,0.2889505525531987,31,0.21678321678321677,0.17915142118935995,53,0.3706293706293706,0.14623410946812493,2.0,0.013986013986013986,,,0.0,0.20101197981471505,0.15209192018318832,57,57,432.56140350877195,443.0,0.6233246831757824,0.9824561403508771,3.987767119510327e-05,9.36105057648763e+24,7119311.898369152,20,2025-12-29 00:00:00+00:00,0,-15.270833333333334
1767042000000,74,0.23613884247697478,47.97823773642575,475374.8139041465,0.3288154913810222,35,0.47297297297297297,0.19184497901349468,21,0.28378378378378377,0.10859156286789794,17,0.22972972972972974,0.09093101692270263,1.0,0.013513513513513514,,,0.0,0.2316817892988726,0.0971337020821496,35,35,521.7714285714286,493.0,0.7065710455417735,0.9142857142857143,2.967626668229756e-05,9.431726539475548e+24,2414911.7927541262,21,2025-12-29 00:00:00+00:00,0,-15.229166666666666
1767045600000,59,0.23003241936776697,38.03162123093258,370980.2754622882,0.34188850632085965,24,0.4067796610169492,0.21141733054850784,19,0.3220338983050847,0.07883839985552123,13,0.22033898305084745,0.10825337081806487,3.0,0.05084745762711865,,,0.0,0.20033773745818284,0.14155076886267678,24,24,452.9166666666667,440.0,0.6474459125949855,0.9166666666666666,3.2037395986896036e-05,9.594083910142886e+24,2801564.7501620143,22,2025-12-29 00:00:00+00:00,0,-15.1875
1767049200000,58,0.1820705106202478,32.450578451795316,340675.6242279542,0.2546188744933425,24,0.41379310344827586,0.23468143029215047,11,0.1896551724137931,0.08485082761173246,22,0.3793103448275862,0.0010226874623828284,1.0,0.017241379310344827,,,0.0,0.1325145617853878,0.12210431270795463,24,24,531.9166666666666,535.0,0.7170171372404539,0.9583333333333334,2.657622484157612e-05,1.0123126410797141e+25,2369454.0490427567,23,2025-12-29 00:00:00+00:00,0,-15.145833333333334
1767052800000,84,0.2924909892632407,84.25085833879065,835837.1929988707,0.24558790440709719,52,0.6190476190476191,0.5092443641929161,21,0.25,0.1004127655356299,11,0.13095238095238096,,,0.0,,,0.0,0.12590762463400124,0.11968027977309594,52,52,471.34615384615387,482.5,0.666331044086683,0.9615384615384616,3.79622198318395e-05,1.0603260068041767e+25,3764984.993833638,0,2025-12-30 00:00:00+00:00,0,-15.104166666666666
1767056400000,115,0.2570618801399164,95.00202432358495,930344.5820504746,0.30754046987820755,59,0.5130434782608696,0.3383703805840736,21,0.1826086956521739,0.12777103731678055,33,0.28695652173913044,0.047503134778415786,2.0,0.017391304347826087,,,0.0,0.168233439804904,0.13930703007330356,59,59,454.0,478.0,0.646688614010249,0.9322033898305084,4.135335842184839e-05,1.0035753601550731e+25,3599320.1573881204,1,2025-12-30 00:00:00+00:00,0,-15.0625
1767060000000,115,0.37539771781565756,123.2616647225905,1127330.0756210359,0.3746748358030711,68,0.591304347826087,0.5506837736856127,22,0.19130434782608696,0.23141225587301373,24,0.20869565217391303,0.02391155215597602,1.0,0.008695652173913044,,,0.0,0.14998550588400172,0.2246893299190693,68,68,446.8235294117647,428.0,0.6491447372523224,0.9705882352941176,4.340355493460179e-05,9.995963325274548e+24,3906440.0029225023,2,2025-12-30 00:00:00+00:00,0,-15.020833333333334
1767063600000,147,0.30595195302572087,135.9740651380913,1301603.59981322,0.3470044640006081,75,0.5102040816326531,0.42435927482289654,28,0.19047619047619047,0.164821068936207,42,0.2857142857142857,0.07252885218678257,2.0,0.013605442176870748,,,0.0,0.2012690455292851,0.14573541847132296,75,75,468.76,493.0,0.6571302711463374,0.9466666666666667,4.587909552892372e-05,1.0280686961969798e+25,4808592.736853507,3,2025-12-30 00:00:00+00:00,0,-14.979166666666666
1767067200000,65,0.2643650714879802,48.07658100211724,440231.52398024604,0.3496523321982903,34,0.5230769230769231,0.3093150547973823,14,0.2153846153846154,0.056772916753734914,17,0.26153846153846155,,,0.0,,,0.0,0.2806230145467236,0.06902931765156668,34,34,421.8235294117647,413.5,0.6146922203757721,0.9411764705882353,2.940658479893974e-05,1.024436064487807e+25,2526456.6385348635,4,2025-12-30 00:00:00+00:00,0,-14.9375
1767070800000,83,0.2827594289447499,73.70368011094254,703087.9242705803,0.3288302006162766,40,0.4819277108433735,0.35479165578510613,13,0.1566265060240964,0.16152212950639655,27,0.3253012048192771,0.44747851862803145,3.0,0.03614457831325301,,,0.0,0.24657183960033552,0.08225836101594108,40,40,466.35,441.5,0.6637903545382242,0.95,3.6681653672395194e-05,1.0510219415376142e+25,4846323.675904981,5,2025-12-30 00:00:00+00:00,0,-14.895833333333334
1767074400000,77,0.4432215220016565,106.60150677845688,854943.6660668314,0.4850930288735333,41,0.5324675324675324,0.6649387090850176,15,0.19480519480519481,0.20828709781251037,20,0.2597402597402597,0.0994204177872113,1.0,0.012987012987012988,,,0.0,0.22496816702348416,0.2601248618500491,41,41,497.7073170731707,493.0,0.6819193773876507,0.926829268292683,3.6115313473301626e-05,1.0446999051251594e+25,3806984.5242356434,6,2025-12-30 00:00:00+00:00,0,-14.854166666666666
1767078000000,97,0.21679805059462356,68.85217822704669,709380.5757179558,0.27507562515590617,41,0.422680412371134,0.22684419412302623,17,0.17525773195876287,0.1511627579491312,36,0.3711340206185567,0.15103323000872074,3.0,0.030927835051546393,,,0.0,0.18366266244168813,0.09141296271421803,41,41,439.2682926829268,438.0,0.6403812648013361,1.0,2.7426350126471853e-05,1.0420497771739644e+25,3987408.5714647314,7,2025-12-30 00:00:00+00:00,0,-14.8125
1767081600000,284,0.3920774674497058,349.5978837528793,2943552.590468507,0.5513533040062695,122,0.4295774647887324,0.4122790355187427,67,0.23591549295774647,0.17494593289680171,93,0.3274647887323944,0.09611526389663533,2.0,0.007042253521126761,,,0.0,0.39312858080833885,0.15822472319793057,122,122,475.6639344262295,499.5,0.6656559120487102,0.9918032786885246,8.986602165629092e-05,1.0122833272600054e+25,10378717.508640958,8,2025-12-30 00:00:00+00:00,0,-14.770833333333334
1767085200000,138,0.316455392190284,128.02394942328968,1201042.7765853053,0.35459083844860223,62,0.4492753623188406,0.5650832656814824,26,0.18840579710144928,0.14259163849974177,49,0.35507246376811596,0.007056944239970117,1.0,0.007246376811594203,,,0.0,0.23776566662808243,0.1168251718205198,62,62,452.0967741935484,492.0,0.6412795841215285,0.9838709677419355,4.959097161675374e-05,1.0417161223664746e+25,5704683.896358944,9,2025-12-30 00:00:00+00:00,0,-14.729166666666666
1767088800000,122,0.30091693633606587,113.41131749952203,1012121.9975885523,0.45123280395519644,54,0.4426229508196721,0.2437016869088141,27,0.22131147540983606,0.15048722343510199,38,0.3114754098360656,0.015611594115857911,3.0,0.02459016393442623,,,0.0,0.28886135301252575,0.1623714509426707,54,54,480.5,444.0,0.6606601466746698,0.9629629629629629,3.5066568277563135e-05,1.034941084762122e+25,5548186.876825689,10,2025-12-30 00:00:00+00:00,0,-14.6875
1767092400000,88,0.27038874463015655,71.0854762063359,710888.1438557142,0.29084430787369525,50,0.5681818181818182,0.47799930958092407,12,0.13636363636363635,0.13523086226145867,26,0.29545454545454547,,,0.0,,,0.0,0.19025571539836947,0.10058859247532581,50,50,490.1,491.0,0.6794188460025827,0.96,3.2056593305767735e-05,1.04559125958649e+25,3221280.5755362753,11,2025-12-30 00:00:00+00:00,0,-14.645833333333334
1767096000000,99,0.2498260507352234,74.65054469243522,712007.27798864,0.32087437758241494,50,0.5050505050505051,0.27547595678240755,18,0.18181818181818182,0.09126364823028607,26,0.26262626262626265,0.27152761351911886,5.0,0.050505050505050504,,,0.0,0.14090481710333863,0.1799695604790763,50,50,445.74,451.5,0.6453250839418342,0.96,2.802622349629323e-05,1.0545766087116541e+25,4092663.9347460405,12,2025-12-30 00:00:00+00:00,0,-14.604166666666666
1767099600000,202,0.32749909694567964,197.86842402258682,1875956.0049010576,0.3910021947463001,97,0.4801980198019802,0.38749821614858093,44,0.21782178217821782,0.18384374026681188,59,0.29207920792079206,0.16545125317835113,2.0,0.009900990099009901,,,0.0,0.21456536343936353,0.17643683130693655,97,97,449.8556701030928,477.0,0.6458273656390245,0.979381443298969,5.368904935652769e-05,1.0202461473146848e+25,7046421.2898840215,13,2025-12-30 00:00:00+00:00,0,-14.5625
1767103200000,491,0.40143034581170933,639.2450123607395,5395295.173544913,0.43114419140068544,234,0.47657841140529533,0.666664244228615,107,0.21792260692464357,0.16904779500102815,144,0.29327902240325865,0.08976706552984152,6.0,0.012219959266802444,,,0.0,0.23485336547068564,0.1962908259299998,234,234,455.482905982906,493.0,0.648627020898694,0.9743589743589743,9.481867219185825e-05,1.0952075836970412e+25,16239202.883806808,14,2025-12-30 00:00:00+00:00,0,-14.520833333333334
1767106800000,475,0.38902599996117393,684.4642676094883,5206829.350513967,0.460263920481206,253,0.5326315789473685,0.4201014723336236,98,0.2063157894736842,0.22248790413162634,122,0.25684210526315787,0.013554753529488602,2.0,0.004210526315789474,,,0.0,0.249370119720814,0.21089380076039202,253,253,460.1699604743083,462.0,0.6551054895596982,0.9762845849802372,7.368548346336279e-05,1.0634231183452475e+25,13899476.82442378,15,2025-12-30 00:00:00+00:00,0,-14.479166666666666
1767110400000,275,0.2897251077071817,247.153428408307,2342093.2516547856,0.30025107953486824,129,0.4690909090909091,0.3736149547085821,72,0.26181818181818184,0.19097249967386482,73,0.26545454545454544,0.10074614426691748,1.0,0.0036363636363636364,,,0.0,0.19399250037357962,0.1062585791612886,129,129,481.1240310077519,469.0,0.6611997715707433,0.9612403100775194,5.7508951626080195e-05,1.0606807563166654e+25,8653539.563880237,16,2025-12-30 00:00:00+00:00,0,-14.4375
1767114000000,173,0.4200539714100052,230.39855011339705,1904489.0894427693,0.48429623661834,98,0.5664739884393064,0.4693033313330217,32,0.18497109826589594,0.242538606388645,42,0.24277456647398843,0.003977794353794147,1.0,0.005780346820809248,,,0.0,0.3016948068522715,0.18260142976606847,98,98,481.7142857142857,485.0,0.6669191643643428,0.9285714285714286,4.6536393610120256e-05,1.0849341984608713e+25,5521461.559558875,17,2025-12-30 00:00:00+00:00,0,-14.395833333333334
1767117600000,116,0.3554048262013742,177.1377470799429,1173598.3282517162,0.47783850172747844,59,0.5086206896551724,0.39072339495371894,20,0.1724137931034483,0.13612014391713714,36,0.3103448275862069,0.3196951573468673,1.0,0.008620689655172414,,,0.0,0.2886284913225304,0.189210010404948,59,59,414.3898305084746,407.0,0.6088842410690061,0.9152542372881356,4.961721736799874e-05,1.1479379787375677e+25,4106647.7041455344,18,2025-12-30 00:00:00+00:00,0,-14.354166666666666
1767121200000,148,0.3216517806504859,180.15396441725474,1463630.0778617973,0.3126949396124887,83,0.5608108108108109,0.6113295176593228,28,0.1891891891891892,0.12369955095419673,35,0.23648648648648649,0.10203638528871824,2.0,0.013513513513513514,,,0.0,0.16819373679902547,0.14450120281346318,83,83,469.3614457831325,466.0,0.6569963120365381,0.927710843373494,4.459014672277884e-05,1.152631082282392e+25,5052667.77429812,19,2025-12-30 00:00:00+00:00,0,-14.3125
1767124800000,85,0.35604429591866277,109.4537350828877,1001013.6958594846,0.431681887410456,55,0.6470588235294118,0.2824227615131486,17,0.2,0.1323134153682869,13,0.15294117647058825,,,0.0,,,0.0,0.33223596897798346,0.09944591843247252,55,55,521.290909090909,532.0,0.7052977177610108,0.9090909090909091,3.494702010243195e-05,1.1879988467163989e+25,3503192.6814374216,20,2025-12-30 00:00:00+00:00,0,-14.270833333333334
1767128400000,80,0.2831338462585273,76.11099276774475,625335.5329181345,0.4363045674281257,33,0.4125,0.1840173307217436,26,0.325,0.17600123852388735,19,0.2375,0.06209142241742156,2.0,0.025,,,0.0,0.3128112868049211,0.12349328062320458,33,33,533.939393939394,547.0,0.6945620688166908,0.7878787878787878,2.8221222576491763e-05,1.0895057816797478e+25,2329950.6204202645,21,2025-12-30 00:00:00+00:00,0,-14.229166666666666
1767132000000,47,0.3036074088705223,50.952305945069504,374923.01786572504,0.22765291927942166,19,0.40425531914893614,0.4576875115953871,18,0.3829787234042553,0.1759899148056085,9,0.19148936170212766,0.12185830863809062,1.0,0.02127659574468085,,,0.0,0.15432291940997794,0.07332999986944372,19,19,496.42105263157896,443.0,0.6740930065089902,0.8421052631578947,2.9306077584154345e-05,1.0265837080626846e+25,2002344.2040168815,22,2025-12-30 00:00:00+00:00,0,-14.1875
1767135600000,76,0.310016220695367,72.30551895570035,621537.9027090428,0.3838833662354055,35,0.4605263157894737,0.30640510200987564,22,0.2894736842105263,0.18406140787677902,17,0.2236842105263158,0.12767938824309683,2.0,0.02631578947368421,,,0.0,0.24136803094674972,0.14251533528865576,35,35,424.74285714285713,495.0,0.6144197258716183,0.9714285714285714,3.2638731185723996e-05,1.0256023287377014e+25,2640438.072934443,23,2025-12-30 00:00:00+00:00,0,-14.145833333333334
1767139200000,105,0.31691542383375165,112.68162594878332,1033418.1384913198,0.41702276952099643,56,0.5333333333333333,0.27535767364084224,25,0.23809523809523808,0.137028360009991,22,0.20952380952380953,0.012139324063632224,2.0,0.01904761904761905,,,0.0,0.2054391137124309,0.2115836558085655,56,56,466.7142857142857,482.0,0.6617955934304894,0.9285714285714286,3.764295541013313e-05,1.1434402153609393e+25,4546913.355758731,0,2025-12-31 00:00:00+00:00,0,-14.104166666666666
1767142800000,101,0.3432374216178637,109.58684989064697,1036207.9100588779,0.3823179499708914,55,0.5445544554455446,0.42660895321169856,21,0.2079207920792079,0.18700659277368167,24,0.2376237623762376,0.19254609099117553,1.0,0.009900990099009901,,,0.0,0.20713606388224043,0.17518188608865096,55,55,446.76363636363635,446.0,0.6470830819910544,0.9636363636363636,4.7335916538921235e-05,1.1025173776683287e+25,4412354.602122099,1,2025-12-31 00:00:00+00:00,0,-14.0625
1767146400000,92,0.3282972899817922,106.8309164939421,977192.070832563,0.3206664684954444,53,0.5760869565217391,0.4259828621656275,24,0.2608695652173913,0.1989626104060846,15,0.16304347826086957,,,0.0,,,0.0,0.2394999578103575,0.0811665106850869,53,53,436.9056603773585,473.0,0.6343074407575516,0.9811320754716981,3.48995283329861e-05,1.162189576016293e+25,3617021.14547837,2,2025-12-31 00:00:00+00:00,0,-14.020833333333334
1767150000000,79,0.32726071188328815,85.29235731199283,777940.6046047214,0.3062682721358377,43,0.5443037974683544,0.37493402506625023,21,0.26582278481012656,0.3403192205466793,13,0.16455696202531644,0.19314807172032905,2.0,0.02531645569620253,,,0.0,0.211583100527042,0.09468517160879569,43,43,462.69767441860466,443.0,0.6546125961026074,0.9302325581395349,3.0845474358135115e-05,1.1536223550744668e+25,3117675.194101687,3,2025-12-31 00:00:00+00:00,0,-13.979166666666666
1767153600000,122,0.2242280275823055,97.99517727139096,921618.2339744671,0.28119401614409717,52,0.4262295081967213,0.20454280441473754,41,0.3360655737704918,0.1165078422749587,27,0.22131147540983606,0.6008819015600473,2.0,0.01639344262295082,,,0.0,0.19177517428425114,0.08941884185984603,52,52,518.6346153846154,513.0,0.6936629606717859,0.8846153846153846,3.4203393573495535e-05,1.2138305017543522e+25,3666117.59663565,4,2025-12-31 00:00:00+00:00,0,-13.9375
1767157200000,94,0.21516014010403942,59.26724726459876,589038.7545034983,0.25479667684570095,28,0.2978723404255319,0.24908346780356397,45,0.4787234042553192,0.10128201850474063,18,0.19148936170212766,0.019637944618123578,3.0,0.031914893617021274,,,0.0,0.16785940766032734,0.08693726918537362,28,28,553.1071428571429,540.5,0.7156847012474566,0.8928571428571429,3.312632152784512e-05,1.00508507231876e+25,4241187.660388554,5,2025-12-31 00:00:00+00:00,0,-13.895833333333334
1767160800000,82,0.32610231015086943,78.34707485206896,666221.7835172011,0.3089646916905617,28,0.34146341463414637,0.40672931463102496,32,0.3902439024390244,0.09968036752994265,20,0.24390243902439024,1.5402163231219577,2.0,0.024390243902439025,,,0.0,0.19327821827608369,0.11568647341447802,28,28,422.89285714285717,435.0,0.6181949139051625,0.9642857142857143,3.951817062625232e-05,9.798235869997828e+24,5940744.962646808,6,2025-12-31 00:00:00+00:00,0,-13.854166666666666
1767164400000,62,0.21549368310380765,40.097321697730365,403987.1348313159,0.2795914232064045,13,0.20967741935483872,0.21821822520236572,28,0.45161290322580644,0.17493915701311064,20,0.3225806451612903,0.11702640482436162,1.0,0.016129032258064516,,,0.0,0.1640305207196209,0.11556090248678362,13,13,420.3076923076923,379.0,0.596291188484599,0.8461538461538461,3.0358461328056942e-05,1.018043985988509e+25,3613601.3727514995,7,2025-12-31 00:00:00+00:00,0,-13.8125
1767168000000,110,0.3059954623588877,98.88687585189248,919061.3929448816,0.3607076555543456,56,0.509090909090909,0.28177152206150013,35,0.3181818181818182,0.1893615198043047,19,0.17272727272727273,,,0.0,,,0.0,0.18345700964264663,0.17725064591169895,56,56,434.17857142857144,447.5,0.6400643518129241,0.9642857142857143,4.3840822667214e-05,1.031171801381896e+25,4260168.631000592,8,2025-12-31 00:00:00+00:00,0,-13.770833333333334
1767171600000,75,0.2797149117295347,65.99039155272756,634862.9512564684,0.38712599389707825,37,0.49333333333333335,0.1455854224156563,9,0.12,0.18429957944076902,29,0.38666666666666666,,,0.0,,,0.0,0.3589399636961698,0.028186030200908478,37,37,402.81081081081084,438.0,0.6152573233892261,1.0,2.824328617605029e-05,1.0681840002910559e+25,2996105.945656385,9,2025-12-31 00:00:00+00:00,0,-13.729166666666666
1767175200000,104,0.44207013289582936,133.17991824484815,1120458.9079929404,0.48403004365582625,42,0.40384615384615385,0.5309067719533455,36,0.34615384615384615,0.25128416143465826,26,0.25,,,0.0,,,0.0,0.21499078085970005,0.26903926279612617,42,42,527.5714285714286,545.5,0.7137864723963336,0.9047619047619048,4.517631240822152e-05,9.941626525412292e+24,4708449.108933794,10,2025-12-31 00:00:00+00:00,0,-13.6875
1767178800000,140,0.24009034949317568,111.46771526492337,1058705.115392887,0.2935334432226386,52,0.37142857142857144,0.30061033592960723,39,0.2785714285714286,0.13544820622699563,48,0.34285714285714286,0.12359288131691488,1.0,0.007142857142857143,,,0.0,0.2360013935193532,0.05753204970328539,52,52,461.3269230769231,459.5,0.65804742075222,0.9615384615384616,3.4729116314253855e-05,1.0704558312909967e+25,5247753.971971824,11,2025-12-31 00:00:00+00:00,0,-13.645833333333334
1767182400000,113,0.25014165170222125,87.41735052419155,812866.6381401136,0.3198435350921694,42,0.37168141592920356,0.3216800420736624,31,0.2743362831858407,0.10873428126739831,36,0.3185840707964602,0.2365156846425029,4.0,0.035398230088495575,,,0.0,0.2814521097269977,0.03839142536517171,42,42,450.5,455.5,0.6405517235978285,0.9285714285714286,3.0437309362460447e-05,1.0496079517855042e+25,4533658.697561306,12,2025-12-31 00:00:00+00:00,0,-13.604166666666666
1767186000000,133,0.2532531979308577,106.39874518798803,988028.6433878244,0.26653740942054394,58,0.43609022556390975,0.3126514870770107,34,0.2556390977443609,0.18520378092180872,41,0.3082706766917293,,,0.0,,,0.0,0.17512464249471887,0.09141276692582506,58,58,394.8965517241379,393.0,0.5972315538273516,1.0,4.292120532546421e-05,1.0518103951977388e+25,5794943.941638212,13,2025-12-31 00:00:00+00:00,0,-13.5625
1767189600000,438,0.4967834282307902,702.2284782892585,5033130.067466363,0.4987184838414252,201,0.4589041095890411,0.7275117778545,109,0.24885844748858446,0.29726517599077457,128,0.2922374429223744,,,0.0,,,0.0,0.2130709572084696,0.28564752663295556,201,201,458.3880597014925,472.0,0.6511882800889132,0.9701492537313433,0.00012353950594580786,9.496175491729125e+24,17678794.399206646,14,2025-12-31 00:00:00+00:00,0,-13.520833333333334
1767193200000,478,0.4656846995218861,644.3280296405187,5403575.564521922,0.4793307188991685,257,0.5376569037656904,0.6898376342392982,86,0.1799163179916318,0.2961522422547616,132,0.27615062761506276,0.3303863640556912,3.0,0.006276150627615063,,,0.0,0.20679068526937575,0.27254003362979273,257,257,466.1400778210117,486.0,0.6602607850898307,0.9649805447470817,9.104268505556086e-05,9.869334715432484e+24,15818175.759364545,15,2025-12-31 00:00:00+00:00,0,-13.479166666666666
1767196800000,439,0.43359200585575813,579.4490329426142,4860730.311231212,0.434185955402586,235,0.5353075170842825,0.6154836401298117,97,0.22095671981776766,0.27205144035988155,104,0.23690205011389523,0.10597605368356607,3.0,0.00683371298405467,,,0.0,0.2648514971896825,0.1693344582129035,235,235,452.9021276595745,460.0,0.6547343353804185,0.9872340425531915,9.46958549851008e-05,1.0181974797308894e+25,12654928.472735072,16,2025-12-31 00:00:00+00:00,0,-13.4375
1767200400000,183,0.24553773933571066,134.35442152833977,1275133.0041582834,0.29409337868149965,78,0.4262295081967213,0.26058899979287076,52,0.28415300546448086,0.16623170783849425,50,0.273224043715847,0.04396979337469567,3.0,0.01639344262295082,,,0.0,0.21083270497778478,0.08326067370371486,78,78,506.96153846153845,462.0,0.6813191682517677,0.9230769230769231,4.937393557351318e-05,9.82211596851042e+24,5828874.779890393,17,2025-12-31 00:00:00+00:00,0,-13.395833333333334
1767204000000,136,0.34456671133953265,130.81403763888636,1168573.316314903,0.375410449956684,71,0.5220588235294118,0.3902531309991704,34,0.25,0.23088617710997988,30,0.22058823529411764,0.011739027980684776,1.0,0.007352941176470588,,,0.0,0.18276319959256368,0.1926472503641203,71,71,478.7042253521127,478.0,0.6701480177178725,0.9295774647887324,4.6191846165691706e-05,9.419285378525922e+24,5353759.661758962,18,2025-12-31 00:00:00+00:00,0,-13.354166666666666
1767207600000,201,0.3218625135626706,181.37112735465905,1633837.1123922851,0.4283962370605211,66,0.3283582089552239,0.3667941693554367,61,0.3034825870646766,0.1898119470794687,67,0.3333333333333333,0.1897669707280503,7.0,0.03482587064676617,,,0.0,0.23020527132573898,0.19819096573478215,66,66,468.7121212121212,475.0,0.6655901153494852,0.9393939393939394,6.0612603772424135e-05,9.394558074597106e+24,6986722.315912727,19,2025-12-31 00:00:00+00:00,0,-13.3125
1767211200000,262,0.34410277021941416,252.14396359374356,2206936.6878567967,0.40016417580260477,101,0.38549618320610685,0.39838037594088926,63,0.24045801526717558,0.2569663884135117,94,0.35877862595419846,0.12138496156932715,4.0,0.015267175572519083,,,0.0,0.24185282031409203,0.15831135548851274,101,101,443.8019801980198,467.0,0.6439654427442478,0.9603960396039604,5.983766167867533e-05,9.366948379452721e+24,10185366.65823612,20,2025-12-31 00:00:00+00:00,0,-13.270833333333334
1767214800000,77,0.31729304271304015,106.43566095570993,556808.6210283907,0.7139273403130172,21,0.2727272727272727,0.16926876854767603,33,0.42857142857142855,0.16318023593401212,21,0.2727272727272727,0.2132179128215847,2.0,0.025974025974025976,,,0.0,0.17384249759214107,0.5400848427208761,21,21,503.2857142857143,493.0,0.6787959343957576,0.8571428571428571,2.9882965420889116e-05,9.586054773941353e+24,3419971.7602926004,21,2025-12-31 00:00:00+00:00,0,-13.229166666666666
1767218400000,46,0.2449048844029188,36.900080015407234,338787.6623304715,0.447283422989181,14,0.30434782608695654,0.14887980777316526,21,0.45652173913043476,0.17065279976811462,11,0.2391304347826087,,,0.0,,,0.0,0.2161988431443258,0.23108457984485511,14,14,423.14285714285717,397.5,0.6318372147645128,1.0,2.6196809998940714e-05,1.0333722420050684e+25,2983156.4169176556,22,2025-12-31 00:00:00+00:00,0,-13.1875
1767222000000,89,0.24700590985490314,67.37748163826255,653519.1026895966,0.3049937211860936,53,0.5955056179775281,0.22690289641669276,15,0.16853932584269662,0.12446780939707597,19,0.21348314606741572,0.025213464714291818,2.0,0.02247191011235955,,,0.0,0.22423339958735597,0.08076032159873764,53,53,394.62264150943395,393.0,0.6013425698469297,1.0,3.089731494272727e-05,1.0502485112973199e+25,2775789.780014194,23,2025-12-31 00:00:00+00:00,0,-13.145833333333334
1767225600000,102,0.2901474637580893,85.36530627216916,780354.8968554002,0.3288200336069331,41,0.4019607843137255,0.3305523373184833,28,0.27450980392156865,0.21967695395523124,31,0.30392156862745096,0.02398445395557309,2.0,0.0196078431372549,,,0.0,0.1793363955273828,0.14948363807955029,41,41,499.1463414634146,476.0,0.6936441916251248,0.9512195121951219,3.0855401560128873e-05,1.0431395478657162e+25,3358045.099958675,0,2026-01-01 00:00:00+00:00,0,-13.104166666666666
1767229200000,95,0.529144356728591,163.91194830889498,1164483.144989043,0.5536198076500394,43,0.45263157894736844,0.5270178374856319,28,0.29473684210526313,0.5236406944627275,22,0.23157894736842105,0.09323371624336914,2.0,0.021052631578947368,,,0.0,0.2087256671004507,0.3448941405495887,43,43,541.6511627906976,493.0,0.6899472027712242,0.8837209302325582,6.462482088261718e-05,9.539126465781698e+24,6284902.695874058,1,2026-01-01 00:00:00+00:00,0,-13.0625
1767232800000,135,0.34104610911834604,138.90493602025938,1260077.1285709667,0.43923366210276515,57,0.4222222222222222,0.3319553368328228,36,0.26666666666666666,0.22430123852288927,38,0.2814814814814815,0.13276670031692278,4.0,0.02962962962962963,,,0.0,0.2037597638099462,0.23547389829281895,57,57,484.17543859649123,493.0,0.6658717560631556,0.8947368421052632,4.830337719219893e-05,9.593876290271683e+24,4998306.5656130435,2,2026-01-01 00:00:00+00:00,0,-13.020833333333334
1767236400000,117,0.36609248730652666,120.07134014976694,1025087.8588837554,0.49445042943521783,48,0.41025641025641024,0.4618094209187645,28,0.23931623931623933,0.1504521125914087,41,0.3504273504273504,,,0.0,,,0.0,0.3652419147636152,0.12920851467160266,48,48,467.3125,480.5,0.6652586712644694,0.9375,4.176429585881332e-05,1.0061446604504037e+25,3885100.3335394575,3,2026-01-01 00:00:00+00:00,0,-12.979166666666666
1767240000000,73,0.3285416388165974,66.2070550966468,616692.9057436469,0.45912616304616494,24,0.3287671232876712,0.30829017571231315,22,0.3013698630136986,0.22896769832713945,27,0.3698630136986301,,,0.0,,,0.0,0.24300625772802428,0.21611990531814063,24,24,436.0833333333333,443.0,0.647492186089817,1.0,4.752003025251708e-05,9.865377340564506e+24,4026460.1876260475,4,2026-01-01 00:00:00+00:00,0,-12.9375
1767243600000,85,0.3840833490772997,100.19399310120797,778420.0101778536,0.48005064173176465,36,0.4235294117647059,0.2614366316283336,28,0.32941176470588235,0.3774004116334226,20,0.23529411764705882,0.4970276509651547,1.0,0.011764705882352941,,,0.0,0.3615093778558529,0.11854126387591167,36,36,454.30555555555554,450.0,0.6597732915823731,0.9722222222222222,3.681979483201185e-05,1.0098786394720491e+25,3471673.355208014,5,2026-01-01 00:00:00+00:00,0,-12.895833333333334
1767247200000,68,0.42815256604363955,80.07437099687544,634987.3820343697,0.6851156501771781,23,0.3382352941176471,0.2858284005139038,22,0.3235294117647059,0.2582816775115931,21,0.3088235294117647,0.822287248921528,2.0,0.029411764705882353,,,0.0,0.2523634762507806,0.4327521739263975,23,23,468.17391304347825,478.0,0.6687761375627996,1.0,3.874204992295082e-05,1.0312593433995874e+25,3399085.5068563647,6,2026-01-01 00:00:00+00:00,0,-12.854166666666666
1767250800000,45,0.21080474704259183,32.77999386751207,372575.84419547237,0.1295161970779578,13,0.28888888888888886,0.25320202719736423,20,0.4444444444444444,0.2479026784526705,11,0.24444444444444444,0.011533047976520501,1.0,0.022222222222222223,,,0.0,0.12054639438940147,0.008969802688556346,13,13,372.84615384615387,343.0,0.5560459503172035,0.9230769230769231,3.891377559882746e-05,1.1516135782403835e+25,3658934.7607137193,7,2026-01-01 00:00:00+00:00,0,-12.8125
1767254400000,77,0.3736234944081629,97.15314497021737,889781.6127508648,0.4581490708065192,40,0.5194805194805194,0.3237361747724385,20,0.2597402597402597,0.25517017730573477,15,0.19480519480519481,0.07038504106649053,2.0,0.025974025974025976,,,0.0,0.353535186704835,0.10461388410168415,40,40,448.225,462.0,0.6445018711899042,0.95,2.9718194557169108e-05,1.1167827110031037e+25,6079784.0514683565,8,2026-01-01 00:00:00+00:00,0,-12.770833333333334
1767258000000,67,0.375674256530519,76.07891498889744,669444.3058265758,0.5020028578013388,34,0.5074626865671642,0.30332332715723775,18,0.26865671641791045,0.1761505422312653,15,0.22388059701492538,,,0.0,,,0.0,0.27319316348014694,0.2288096943211918,34,34,463.29411764705884,431.5,0.6661665132860813,0.9705882352941176,2.5732039241370634e-05,1.045644665632231e+25,2898341.8367036306,9,2026-01-01 00:00:00+00:00,0,-12.729166666666666
1767261600000,51,0.4096807761338252,63.36155986739849,489796.43404577876,0.7452042622972335,18,0.35294117647058826,0.323764416235329,8,0.1568627450980392,0.20263002577310021,23,0.45098039215686275,0.11471846940547342,2.0,0.0392156862745098,,,0.0,0.8160292484643076,-0.07082498616707403,18,18,433.3333333333333,389.0,0.6354042385767139,1.0,2.075488621315796e-05,1.0882345829125903e+25,2988361.2833074643,10,2026-01-01 00:00:00+00:00,0,-12.6875
1767265200000,63,0.25023798703302025,48.626535516519745,476585.37027027144,0.34364843169314513,25,0.3968253968253968,0.2646086686189416,17,0.2698412698412698,0.11197495505175074,18,0.2857142857142857,0.21996194443270878,3.0,0.047619047619047616,,,0.0,0.22757280324137238,0.11607562845177277,25,25,538.6,553.0,0.7091471897758487,0.84,2.7897654971942134e-05,1.0373285516105838e+25,2675597.718064504,11,2026-01-01 00:00:00+00:00,0,-12.645833333333334
1767268800000,81,0.22235021631220162,57.50744735438927,548110.9139407553,0.32374273113057217,21,0.25925925925925924,0.2264094329299535,25,0.30864197530864196,0.15861526697992795,35,0.43209876543209874,,,0.0,,,0.0,0.17988005344740607,0.1438626776831661,21,21,412.6190476190476,391.0,0.6093334873977627,0.9523809523809523,4.078580411772692e-05,9.879329760531625e+24,3606731.4488031105,12,2026-01-01 00:00:00+00:00,0,-12.604166666666666
1767272400000,63,0.3333675724268455,70.60509975966077,641610.0106622279,0.4153567496216397,30,0.47619047619047616,0.3166798371250602,15,0.23809523809523808,0.21062538985367618,18,0.2857142857142857,,,0.0,,,0.0,0.22155564865955577,0.193801100962084,30,30,462.1,465.5,0.6616470536598792,0.9333333333333333,3.0056310711066093e-05,1.1694298869132257e+25,3295630.257451626,13,2026-01-01 00:00:00+00:00,0,-12.5625
1767276000000,55,0.29918521670627474,50.12501799868052,493212.97816935054,0.40401359785062446,22,0.4,0.23940527029627506,15,0.2727272727272727,0.22087826176040273,18,0.32727272727272727,,,0.0,,,0.0,0.23446380655216217,0.16954979129846226,22,22,497.95454545454544,565.0,0.6868819956474839,0.9545454545454546,3.1276686252924546e-05,1.061509947613337e+25,3001713.1366912867,14,2026-01-01 00:00:00+00:00,0,-12.520833333333334
1767279600000,144,0.4411355019724474,198.14583575317107,1685336.0872113607,0.44050541604259574,78,0.5416666666666666,0.5986475131609826,35,0.24305555555555555,0.2648847378088894,31,0.2152777777777778,,,0.0,,,0.0,0.3030878304261286,0.1374175856164671,78,78,447.96153846153845,438.5,0.645429143372208,0.9358974358974359,5.477248785020458e-05,1.0728630256116612e+25,5619123.909004473,15,2026-01-01 00:00:00+00:00,0,-12.479166666666666
1767283200000,93,0.3468498324037463,106.52172064331708,996342.9745632682,0.3274987152215219,48,0.5161290322580645,0.5501200928214054,20,0.21505376344086022,0.20614980943373193,24,0.25806451612903225,0.5870988000776798,1.0,0.010752688172043012,,,0.0,0.13349890152091934,0.1939998137006025,48,48,458.4375,454.5,0.6291879100147523,0.9375,2.9499104227168773e-05,1.0879089027092512e+25,3955198.360250615,16,2026-01-01 00:00:00+00:00,0,-12.4375
1767286800000,124,0.33648101814184866,134.46000054954092,1202389.04942632,0.4021010232822618,70,0.5645161290322581,0.3187381936478958,21,0.1693548387096774,0.19026150617730322,31,0.25,0.49248293086434725,2.0,0.016129032258064516,,,0.0,0.2590579049371093,0.14304311834515257,70,70,445.4428571428571,455.5,0.6423352694958601,0.9571428571428572,4.923054116830887e-05,1.1339658135733016e+25,4226414.688927119,17,2026-01-01 00:00:00+00:00,0,-12.395833333333334
1767290400000,59,0.3187740858911886,69.28430486088206,646601.1840027141,0.3936199642373507,36,0.6101694915254238,0.29364684827320486,9,0.15254237288135594,0.14246648004119,14,0.23728813559322035,,,0.0,,,0.0,0.2610926962083262,0.13252726802902448,36,36,456.44444444444446,467.0,0.6543808519439894,0.9722222222222222,3.126754660361876e-05,1.2333195869109092e+25,2717046.145572988,18,2026-01-01 00:00:00+00:00,0,-12.354166666666666
1767294000000,62,0.383086752457814,106.6503207541358,671833.2605549007,0.2654810082791678,30,0.4838709677419355,0.6955246820767117,19,0.3064516129032258,0.19784457265783909,13,0.20967741935483872,,,0.0,,,0.0,0.16860641483399838,0.09687459344516942,30,30,575.5666666666667,481.0,0.720832272981838,0.8666666666666667,2.358572966812817e-05,1.1696516333852762e+25,2384311.7875511227,19,2026-01-01 00:00:00+00:00,0,-12.3125
1767297600000,50,0.4074457793958883,64.54502192857845,553331.0390286129,0.46550741475803004,27,0.54,0.42515447149847074,11,0.22,0.2656857281936127,11,0.22,0.20434657471468748,1.0,0.02,,,0.0,0.43537443072206655,0.03013298403596341,27,27,588.8888888888889,649.0,0.7538188795755819,0.8148148148148148,3.0937591676597845e-05,1.0919577705609988e+25,2164203.068146673,20,2026-01-01 00:00:00+00:00,0,-12.270833333333334
1767301200000,51,0.2453515026357578,42.07739220401786,333095.14623188536,0.2737787056123217,16,0.3137254901960784,0.2944791375847768,22,0.43137254901960786,0.12722510136626242,13,0.2549019607843137,,,0.0,,,0.0,0.2012235875518556,0.0725551180604661,16,16,611.75,592.0,0.679549323360075,0.8125,2.3115619352024675e-05,1.0677123857319434e+25,1619175.9035498733,21,2026-01-01 00:00:00+00:00,0,-12.229166666666666
1767304800000,63,0.3647534217571819,68.09225142152697,630007.4525976389,0.41263824972738533,32,0.5079365079365079,0.4126320933187981,14,0.2222222222222222,0.23641347026796908,16,0.25396825396825395,0.2155767486754509,1.0,0.015873015873015872,,,0.0,0.2349522341000354,0.17768601562734992,32,32,464.5625,441.0,0.6345397498497641,0.9375,2.9086100997003823e-05,1.0093519892082654e+25,2144030.7772812257,22,2026-01-01 00:00:00+00:00,0,-12.1875
1767308400000,100,0.40117959156483834,132.07239769012205,956335.033236554,0.4919927593715888,41,0.41,0.4184682304112731,31,0.31,0.2667901647451795,25,0.25,0.10132892028991232,3.0,0.03,,,0.0,0.25744240676093677,0.23455035261065205,41,41,502.8048780487805,493.0,0.6936051763742463,0.9512195121951219,3.8057519329526586e-05,1.0078715237818017e+25,2788010.5415418437,23,2026-01-01 00:00:00+00:00,0,-12.145833333333334
1767312000000,120,0.38764650659651634,139.29140376010028,1257535.5797005084,0.399453324650873,68,0.5666666666666667,0.5065211168282284,28,0.23333333333333334,0.21959543761707143,23,0.19166666666666668,0.12146837893956071,1.0,0.008333333333333333,,,0.0,0.20519621942997404,0.19425710522089895,68,68,457.77941176470586,471.5,0.6528790135076044,0.9558823529411765,4.466034225470749e-05,1.0214765741967426e+25,4202973.18685002,0,2026-01-02 00:00:00+00:00,0,-12.104166666666666
1767315600000,63,0.3080157833717229,56.16322462650387,520010.33194659423,0.38891843374233653,27,0.42857142857142855,0.2579801336795901,18,0.2857142857142857,0.1886237045692393,17,0.2698412698412698,1.0539512574657692,1.0,0.015873015873015872,,,0.0,0.2087063647303197,0.18021206901201683,27,27,467.4074074074074,476.0,0.6677555783585485,0.8888888888888888,3.040422704282783e-05,1.0421095507554567e+25,2654732.7850248716,1,2026-01-02 00:00:00+00:00,0,-12.0625
1767319200000,91,0.29589375844789517,86.57916834780286,858998.568943872,0.33395572693911646,43,0.4725274725274725,0.31671898258732695,18,0.1978021978021978,0.22903051387996629,28,0.3076923076923077,0.22621984258275413,2.0,0.02197802197802198,,,0.0,0.2043470880690336,0.12960863887008287,43,43,482.3255813953488,447.0,0.6805470782399026,0.9302325581395349,3.7999295139036135e-05,1.0521214603803172e+25,2981187.1265944596,2,2026-01-02 00:00:00+00:00,0,-12.020833333333334
1767322800000,150,0.3672424504788338,172.29590938651984,1430107.0425106888,0.3559286078009501,79,0.5266666666666666,0.5482561969603863,35,0.23333333333333334,0.22995412306829568,33,0.22,0.06351820022757924,3.0,0.02,,,0.0,0.21114145537137413,0.14478715242957593,79,79,429.27848101265823,402.0,0.6173111297837118,0.9493670886075949,5.300763358266532e-05,1.0152144079968614e+25,5429481.791650335,3,2026-01-02 00:00:00+00:00,0,-11.979166666666666
1767326400000,109,0.4757886929707763,214.49076235586168,1261906.1982075772,0.6043883183010771,65,0.5963302752293578,0.41234758976716,20,0.1834862385321101,0.1680977507310264,23,0.21100917431192662,0.4625267820878029,1.0,0.009174311926605505,,,0.0,0.24684633880057535,0.3575419795005017,65,65,506.04615384615386,493.0,0.6868702320122526,0.9384615384615385,3.685826796918125e-05,1.006021110948927e+25,3356443.0854063067,4,2026-01-02 00:00:00+00:00,0,-11.9375
1767330000000,90,0.3406101534966365,100.28604557553349,755710.2266779725,0.33263174449367144,29,0.32222222222222224,0.3191161199360007,32,0.35555555555555557,0.21584541933525966,25,0.2777777777777778,1.3501854757618232,4.0,0.044444444444444446,,,0.0,0.18907029757854696,0.14356144691512454,29,29,482.2758620689655,445.0,0.6616550802004577,0.9310344827586207,4.016442314641175e-05,1.0208642417731799e+25,2942793.899775312,5,2026-01-02 00:00:00+00:00,0,-11.895833333333334
1767333600000,76,0.2764936836755298,60.860093002679136,530150.5286160194,0.39955501606441046,32,0.42105263157894735,0.2619354402113369,25,0.32894736842105265,0.08838807578924772,19,0.25,,,0.0,,,0.0,0.3201669050784056,0.07938811098600479,32,32,472.9375,496.5,0.6690878150302476,0.96875,3.262744999432246e-05,1.0403231369142145e+25,2411250.691537875,6,2026-01-02 00:00:00+00:00,0,-11.854166666666666
1767337200000,79,0.3690756232761039,114.52167643069942,739863.1846154992,0.5213426854449595,40,0.5063291139240507,0.3493971499349662,13,0.16455696202531644,0.15769276421144288,23,0.2911392405063291,0.04472343166535822,3.0,0.0379746835443038,,,0.0,0.32215849857761353,0.19918418686734604,40,40,503.55,439.5,0.6795724481353572,0.85,2.5519636202649807e-05,1.0728217561389662e+25,3123640.6238156725,7,2026-01-02 00:00:00+00:00,0,-11.8125
1767340800000,130,0.4260696041347421,176.41848790326853,1371725.6451992737,0.5690604576958262,64,0.49230769230769234,0.2698914182376407,34,0.26153846153846155,0.306027219528244,32,0.24615384615384617,,,0.0,,,0.0,0.3043071795701931,0.26475327812563315,64,64,452.734375,435.5,0.6464055168520538,0.984375,5.4000495224464936e-05,1.0370695395856413e+25,6680962.802615994,8,2026-01-02 00:00:00+00:00,0,-11.770833333333334
1767344400000,206,0.3495019432125641,221.10890841376388,1963208.730553815,0.4150024188418363,81,0.3932038834951456,0.3961378886154548,61,0.2961165048543689,0.20836365372071572,60,0.2912621359223301,0.42899348670344484,4.0,0.019417475728155338,,,0.0,0.21626487250290372,0.19873754633893254,81,81,540.7654320987655,499.0,0.7190926515348026,0.9135802469135802,6.100871968304797e-05,1.05958141002963e+25,8291375.003552355,9,2026-01-02 00:00:00+00:00,0,-11.729166666666666
1767348000000,182,0.37503322156547825,204.22413027652385,1897110.3746965427,0.4100024485704991,92,0.5054945054945055,0.5406465690943123,36,0.1978021978021978,0.2079070326452478,53,0.29120879120879123,0.05347183883774948,1.0,0.005494505494505495,,,0.0,0.3016706361527717,0.10833181241772745,92,92,465.3369565217391,470.0,0.6549894876845935,0.9456521739130435,4.666323010422675e-05,1.0281529333005107e+25,6082069.999028183,10,2026-01-02 00:00:00+00:00,0,-11.6875
1767351600000,121,0.3182319814979011,124.6792047299261,1148866.8611820838,0.3445833931817581,52,0.4297520661157025,0.35755902399420364,36,0.2975206611570248,0.19268409129862676,28,0.23140495867768596,0.4640907791283464,5.0,0.04132231404958678,,,0.0,0.1962447491509636,0.1483386440307945,52,52,404.25,420.5,0.6016424259401039,0.9615384615384616,4.399114418919779e-05,1.0265473880786772e+25,4780918.396364489,11,2026-01-02 00:00:00+00:00,0,-11.645833333333334
1767355200000,109,0.3420205150809767,113.85651501321894,1053212.6619914798,0.3566176425812183,63,0.5779816513761468,0.3843486857626115,15,0.13761467889908258,0.29187401208937175,31,0.28440366972477066,,,0.0,,,0.0,0.1760272647065407,0.18059037787467763,63,63,445.984126984127,443.0,0.6450047262147914,0.9682539682539683,4.1063073794360064e-05,1.0704458001460555e+25,3929263.281527932,12,2026-01-02 00:00:00+00:00,0,-11.604166666666666
1767358800000,151,0.3342580929913223,151.48750048879288,1386456.6235307814,0.3239530559703989,88,0.5827814569536424,0.458509233378702,20,0.13245033112582782,0.27903425933215126,40,0.26490066225165565,0.5445160251448264,3.0,0.019867549668874173,,,0.0,0.19216698430225537,0.13178607166814355,88,88,479.67045454545456,493.0,0.6668162726500585,0.9318181818181818,4.529583034048478e-05,1.0415612059602037e+25,4337039.134237195,13,2026-01-02 00:00:00+00:00,0,-11.5625
1767362400000,566,0.4553136011525669,758.7922345325889,6559853.103557632,0.430881142927812,275,0.48586572438162545,0.6973800447649645,141,0.24911660777385158,0.27444377363191574,148,0.26148409893992935,0.13345956891053307,2.0,0.0035335689045936395,,,0.0,0.2311041510134361,0.19977699191437587,275,275,465.7090909090909,474.0,0.6535101371932249,0.9745454545454545,0.00011781356084123281,9.901381067866463e+24,18489485.47139181,14,2026-01-02 00:00:00+00:00,0,-11.520833333333334
1767366000000,683,0.46184762325553247,912.4670143708425,7785883.478514777,0.46459945886330745,348,0.5095168374816984,0.6699501057942934,162,0.23718887262079064,0.2516322378222379,168,0.24597364568081992,0.5910363812572381,5.0,0.007320644216691069,,,0.0,0.2267242775262346,0.23787518133707286,348,348,437.1666666666667,456.0,0.6361670023525778,0.985632183908046,0.00012502547657566344,9.753271337814139e+24,22140949.401452135,15,2026-01-02 00:00:00+00:00,0,-11.479166666666666
1767369600000,640,0.4828239341853622,916.2610631921592,7274337.883291964,0.5040328264479762,311,0.4859375,0.6696141358697024,164,0.25625,0.2562397268844542,158,0.246875,0.27864481756231485,7.0,0.0109375,,,0.0,0.2739966844963736,0.2300361419516026,311,311,448.3086816720257,478.0,0.6442919232474008,0.9742765273311897,0.00011264763925493823,9.34440690166754e+24,19231009.82159228,16,2026-01-02 00:00:00+00:00,0,-11.4375
1767373200000,428,0.4260421966781946,524.543950960645,4579914.108601458,0.4349963679487552,239,0.5584112149532711,0.5483436660147692,103,0.24065420560747663,0.22595142806720622,84,0.19626168224299065,1.4613053406741248,2.0,0.004672897196261682,,,0.0,0.3000100554986391,0.1349863124501161,239,239,446.1380753138075,459.0,0.6392348632528678,0.9581589958158996,8.088515633313781e-05,9.350475220844233e+24,12760708.16363838,17,2026-01-02 00:00:00+00:00,0,-11.395833333333334
1767376800000,320,0.35476256237171405,323.9308858001669,3086661.0256713717,0.3701370161648257,178,0.55625,0.4316767935517945,66,0.20625,0.2331611297050548,71,0.221875,0.5189044996264388,5.0,0.015625,,,0.0,0.187048093150208,0.1830889230146177,178,178,457.4550561797753,475.0,0.6505028951824581,0.9269662921348315,7.681043910843508e-05,9.502329967915794e+24,8736096.341507152,18,2026-01-02 00:00:00+00:00,0,-11.354166666666666
1767380400000,258,0.3972082350170604,290.248660290237,2625824.9422874707,0.41622367267376575,157,0.6085271317829457,0.5487640484371487,44,0.17054263565891473,0.2308103167336356,55,0.2131782945736434,0.1462112365179244,2.0,0.007751937984496124,,,0.0,0.24640849109107857,0.1698151815826872,157,157,462.5668789808917,448.0,0.6551252440575829,0.9171974522292994,4.9321981747743245e-05,9.187377334944056e+24,6431628.267643972,19,2026-01-02 00:00:00+00:00,0,-11.3125
1767384000000,202,0.3135259746659312,182.62827891843256,1814460.9582135058,0.32454803124929604,130,0.6435643564356436,0.4106647100213878,32,0.15841584158415842,0.17829514708368607,38,0.18811881188118812,0.6122582551225673,2.0,0.009900990099009901,,,0.0,0.24510056496126476,0.07944746628803127,130,130,433.6384615384615,443.0,0.6342786337395855,0.9692307692307692,5.7397052975628576e-05,9.181907437988446e+24,5595858.394836366,20,2026-01-02 00:00:00+00:00,0,-11.270833333333334
1767387600000,103,0.3067161725020585,86.66913081099965,802572.1262266454,0.3298666712482287,57,0.5533980582524272,0.2849811599127125,25,0.24271844660194175,0.1902812799838846,20,0.1941747572815534,1.8592109090674889,1.0,0.009708737864077669,,,0.0,0.29198963572507314,0.03787703552315557,57,57,448.12280701754383,418.0,0.6365562213400213,0.9298245614035088,4.289262039854806e-05,9.325680292673255e+24,3301028.5017723124,21,2026-01-02 00:00:00+00:00,0,-11.229166666666666
1767391200000,155,0.36507123364163374,173.2082904332418,1448028.791791736,0.4199844873456523,85,0.5483870967741935,0.37829666998167955,41,0.2645161290322581,0.21149438556506872,24,0.15483870967741936,0.06026621345245427,5.0,0.03225806451612903,,,0.0,0.19505441281672778,0.22493007452892455,85,85,490.2352941176471,493.0,0.676428456423883,0.8823529411764706,5.4253167514315066e-05,9.575562028913467e+24,4830960.775083266,22,2026-01-02 00:00:00+00:00,0,-11.1875
1767394800000,87,0.3786987233584204,99.77694838279149,885245.9991226555,0.44206040343706116,48,0.5517241379310345,0.3535523343879418,25,0.28735632183908044,0.20636294339322112,14,0.16091954022988506,,,0.0,,,0.0,0.21557398096959476,0.2264864224674664,48,48,443.0833333333333,399.5,0.6509897204226966,0.9583333333333334,4.279292077215354e-05,1.044981223102537e+25,6168977.600309937,23,2026-01-02 00:00:00+00:00,0,-11.145833333333334
1767398400000,119,0.3627208408511266,144.00201649582013,1344069.479032687,0.3835266874877539,68,0.5714285714285714,0.41934611842051894,22,0.18487394957983194,0.22185928024802762,25,0.21008403361344538,0.5779671751661728,4.0,0.03361344537815126,,,0.0,0.1802261339409562,0.20330055354679766,68,68,441.77941176470586,455.0,0.6445197182580342,0.9558823529411765,4.2707246014078625e-05,1.1532325477284614e+25,4525654.840398225,0,2026-01-03 00:00:00+00:00,0,-11.104166666666666
1767402000000,84,0.33319611569675317,105.43717893932794,955763.7219028285,0.33278637505883785,46,0.5476190476190477,0.4041392836085873,22,0.2619047619047619,0.14665947178001676,15,0.17857142857142858,1.589344149731554,1.0,0.011904761904761904,,,0.0,0.1549880879502261,0.17779828710861179,46,46,524.6521739130435,456.5,0.668109003157084,0.9130434782608695,3.219719977490138e-05,1.1769155158881584e+25,3770539.486505786,1,2026-01-03 00:00:00+00:00,0,-11.0625
1767405600000,152,0.4947317639800815,230.79211898488592,1835503.9374757966,0.4967359565645021,82,0.5394736842105263,0.5207117499561421,36,0.23684210526315788,0.3891170901295549,31,0.20394736842105263,1.2195422980819668,3.0,0.019736842105263157,,,0.0,0.24920521876865478,0.24753073779584733,82,82,504.219512195122,465.5,0.6611956378179084,0.9146341463414634,6.345195263658875e-05,9.783877112242085e+24,7657238.042642728,2,2026-01-03 00:00:00+00:00,0,-11.020833333333334
1767409200000,94,0.24979381834917347,72.30847814439008,717509.629976366,0.29575272332341224,40,0.425531914893617,0.29380228485659327,28,0.2978723404255319,0.1295392812348444,24,0.2553191489361702,0.15755163313246973,2.0,0.02127659574468085,,,0.0,0.18184743458588087,0.11390528873753136,40,40,509.55,493.0,0.6949925376591848,0.925,3.111208020518632e-05,1.0109859746207054e+25,3434384.6822492634,3,2026-01-03 00:00:00+00:00,0,-10.979166666666666
1767412800000,120,0.2515978212633653,87.03921000454022,796148.5304607259,0.26024388649221825,50,0.4166666666666667,0.3016454691088252,30,0.25,0.21816725736791545,36,0.3,0.0690397221208014,4.0,0.03333333333333333,,,0.0,0.1851579900312936,0.07508589646092467,50,50,453.88,452.5,0.6338846299134393,0.92,4.2148778565444994e-05,1.029998176977853e+25,3741514.7263118406,4,2026-01-03 00:00:00+00:00,0,-10.9375
1767416400000,90,0.36780265204214685,102.67230351948784,804363.4173556562,0.35468455974634727,42,0.4666666666666667,0.525194343003522,20,0.2222222222222222,0.28321081697481254,27,0.3,0.054908256056252776,1.0,0.011111111111111112,,,0.0,0.17271483801938464,0.18196972172696266,42,42,396.1190476190476,391.0,0.60198215962899,1.0,3.939132417358776e-05,1.0186578172303767e+25,3901965.1144857737,5,2026-01-03 00:00:00+00:00,0,-10.895833333333334
1767420000000,139,0.306628820890481,128.7651722676046,1181512.7887927268,0.3025538357483687,66,0.4748201438848921,0.4519226525594056,28,0.2014388489208633,0.2265577261128244,42,0.302158273381295,0.16119805866084683,3.0,0.02158273381294964,,,0.0,0.2644589852630414,0.03809485048532724,66,66,476.0151515151515,465.0,0.6606942980286267,0.9090909090909091,4.4685892648474035e-05,1.0257619930961583e+25,7607372.733780928,6,2026-01-03 00:00:00+00:00,0,-10.854166666666666
1767423600000,303,0.3938265663171833,351.66629817344136,3208576.196638269,0.4319591401802625,165,0.5445544554455446,0.49720926923189535,60,0.19801980198019803,0.23169697983253787,71,0.23432343234323433,0.25330710604847667,7.0,0.0231023102310231,,,0.0,0.20946601991168584,0.22249312026857662,165,165,454.5212121212121,463.0,0.6528394517986662,0.9818181818181818,6.192142803105727e-05,9.928018994430286e+24,9372596.576120012,7,2026-01-03 00:00:00+00:00,0,-10.8125
1767427200000,172,0.24939805617100427,130.3856070946344,1313883.3683743125,0.2339932980535052,79,0.45930232558139533,0.27570600136461815,43,0.25,0.2348654395587666,46,0.26744186046511625,0.4379567092009937,4.0,0.023255813953488372,,,0.0,0.154301548780619,0.07969174927288623,79,79,498.32911392405066,499.0,0.6792202125131652,0.9240506329113924,5.2759120554244966e-05,1.004828126302889e+25,5528657.1417177,8,2026-01-03 00:00:00+00:00,0,-10.770833333333334
1767430800000,96,0.24585539384878166,76.1905992466497,666446.8853647293,0.2348472501465506,39,0.40625,0.3939534503551574,23,0.23958333333333334,0.15984180526599676,30,0.3125,0.1467228844047605,4.0,0.041666666666666664,,,0.0,0.1322361691315863,0.10261108101496429,39,39,366.28205128205127,311.0,0.583659802779512,0.9743589743589743,3.5631216624407395e-05,1.0424252614763632e+25,4180598.2731477353,9,2026-01-03 00:00:00+00:00,0,-10.729166666666666
1767434400000,66,0.2676833414614778,59.60172137284982,561082.1502451696,0.30291919051327626,37,0.5606060606060606,0.12783401719940274,9,0.13636363636363635,0.18158628291389456,19,0.2878787878787879,1.858444957307693,1.0,0.015151515151515152,,,0.0,0.16993202727832185,0.1329871632349544,37,37,392.72972972972974,380.0,0.5977284306747026,0.972972972972973,3.356727708911852e-05,1.0071585010156966e+25,3612352.250596898,10,2026-01-03 00:00:00+00:00,0,-10.6875
1767438000000,43,0.3318961968789786,45.031941657408595,369514.45678033674,0.4034947703562838,20,0.46511627906976744,0.43873551482534945,7,0.16279069767441862,0.21264182270510085,14,0.32558139534883723,0.07675346851077153,2.0,0.046511627906976744,,,0.0,0.41490339893657324,-0.01140862858028946,20,20,445.35,369.0,0.6336677501484675,0.95,1.8807990562004642e-05,1.040610231413397e+25,2227386.689126512,11,2026-01-03 00:00:00+00:00,0,-10.645833333333334
1767441600000,58,0.22409763399408386,41.16565646214677,356338.3708514314,0.23405331321699838,25,0.43103448275862066,0.2760239305312226,16,0.27586206896551724,0.16058512074896136,17,0.29310344827586204,,,0.0,,,0.0,0.22031619013629464,0.01373712308070374,25,25,506.88,492.0,0.6557034830444641,0.84,2.6367305400175554e-05,1.051033457616322e+25,2662873.4608126204,12,2026-01-03 00:00:00+00:00,0,-10.604166666666666
1767445200000,36,0.18184548972330125,19.605712385657768,200297.42978832443,0.32972664213336167,7,0.19444444444444445,0.20105371093570665,15,0.4166666666666667,0.10095219689992913,12,0.3333333333333333,0.00555955413528237,2.0,0.05555555555555555,,,0.0,0.1993575966289566,0.13036904550440503,7,7,489.42857142857144,493.0,0.6966914411009032,1.0,2.8407632363748104e-05,1.0804939280970447e+25,2795703.3347252295,13,2026-01-03 00:00:00+00:00,0,-10.5625
1767448800000,113,0.3920547618707027,147.621005140861,1174131.8802130139,0.5271342470557271,48,0.4247787610619469,0.4134251130822524,30,0.26548672566371684,0.19276170927399988,33,0.2920353982300885,0.11792721710246562,2.0,0.017699115044247787,,,0.0,0.4983722174281843,0.02876202962754278,48,48,417.8125,380.5,0.6289477362759722,0.9791666666666666,4.353528177143451e-05,1.054588179113999e+25,4562264.057784813,14,2026-01-03 00:00:00+00:00,0,-10.520833333333334
1767452400000,85,0.27967130797996687,82.61630734377295,597538.3338322507,0.42544509074895626,39,0.4588235294117647,0.12991448549493162,20,0.23529411764705882,0.1496005634460219,24,0.2823529411764706,0.4954997032423645,2.0,0.023529411764705882,,,0.0,0.4551168334409344,-0.029671742691978087,39,39,408.94871794871796,409.0,0.6119764175044615,0.9743589743589743,4.022747573603475e-05,1.0463875839970456e+25,2989764.159072842,15,2026-01-03 00:00:00+00:00,0,-10.479166666666666
1767456000000,102,0.35007120169344685,112.789676331601,1011413.7372447178,0.5133774525661399,36,0.35294117647058826,0.3064803365588536,45,0.4411764705882353,0.17168266182970932,20,0.19607843137254902,0.0004058986079477709,1.0,0.00980392156862745,,,0.0,0.3037126273033081,0.20966482526283167,36,36,492.44444444444446,494.0,0.6850715630374801,0.9444444444444444,3.859550238327772e-05,1.0240329187094474e+25,6616862.30658853,16,2026-01-03 00:00:00+00:00,0,-10.4375
1767459600000,58,0.2107942355163149,34.49090070155542,326507.7917683606,0.34619058143471687,16,0.27586206896551724,0.1722415145581551,30,0.5172413793103449,0.1599404065697359,9,0.15517241379310345,0.026769087039506635,3.0,0.05172413793103448,,,0.0,0.27484316700343653,0.07134741443128034,16,16,502.6875,448.0,0.6829317379202982,0.9375,1.955888449748789e-05,1.0293651568480496e+25,1939654.466825599,17,2026-01-03 00:00:00+00:00,0,-10.395833333333334
1767463200000,51,0.4445763792604076,80.00942801848954,529341.6152222337,0.6465689924938653,27,0.5294117647058824,0.31252996582809084,10,0.19607843137254902,0.14933806333325103,14,0.27450980392156865,,,0.0,,,0.0,0.5282781398015429,0.11829085269232245,27,27,392.44444444444446,353.0,0.598854724981396,1.0,3.0094087167373912e-05,1.0488443599889011e+25,2322945.7260618396,18,2026-01-03 00:00:00+00:00,0,-10.354166666666666
1767466800000,37,0.21232305110014973,24.956253705936486,249411.54196240712,0.23841767835802802,20,0.5405405405405406,0.2105308728599384,12,0.32432432432432434,0.11224576984514374,5,0.13513513513513514,,,0.0,,,0.0,0.20990795313041793,0.02850972522761009,20,20,566.4,671.5,0.7333251975050522,0.8,1.7734614527832545e-05,1.0733392245997445e+25,1408129.4275505464,19,2026-01-03 00:00:00+00:00,0,-10.3125
1767470400000,38,0.1745878450177359,23.318705575447296,246445.43041495435,0.20874311958001354,25,0.6578947368421053,0.0893185415221979,7,0.18421052631578946,0.15667369016603233,5,0.13157894736842105,0.0071618796880787506,1.0,0.02631578947368421,,,0.0,0.15853559447369744,0.0502075251063161,25,25,390.64,348.0,0.5974618537856613,0.92,1.9500283250749e-05,1.0492057795809088e+25,1548042.8208846273,20,2026-01-03 00:00:00+00:00,0,-10.270833333333334
1767474000000,71,0.20997953103895328,46.24183032016391,461719.06126579945,0.27590070193071786,31,0.43661971830985913,0.17391914468650027,28,0.39436619718309857,0.1297010484878633,11,0.15492957746478872,0.059177359324925356,1.0,0.014084507042253521,,,0.0,0.21341783077479815,0.06248287115591971,31,31,630.3870967741935,544.0,0.7429397745032753,0.7741935483870968,2.434935550320624e-05,1.0319945711616788e+25,2162692.0173632186,21,2026-01-03 00:00:00+00:00,0,-10.229166666666666
1767477600000,45,0.300281511342168,41.35595179546195,338767.65655073215,0.3006346674343286,23,0.5111111111111111,0.42180294095880133,15,0.3333333333333333,0.0434431319665075,6,0.13333333333333333,0.010367753226937233,1.0,0.022222222222222223,,,0.0,0.22641058970104785,0.07422407773328071,23,23,392.4347826086956,397.0,0.5983489047029223,1.0,2.4754638524007665e-05,1.0219038150305316e+25,2033825.8519445183,22,2026-01-03 00:00:00+00:00,0,-10.1875
1767481200000,50,0.245826115153692,40.339970824297,417354.1898932741,0.2470415317351681,28,0.56,0.25781938122969766,11,0.22,0.23073906141574707,11,0.22,,,0.0,,,0.0,0.1942189538585723,0.05282257787659577,28,28,429.9642857142857,412.0,0.6317895408481319,0.9642857142857143,2.6463702332122365e-05,1.0473764380486801e+25,2062788.0571600215,23,2026-01-03 00:00:00+00:00,0,-10.145833333333334
1767484800000,209,0.4820291007802303,329.34795365271276,2522983.8107331228,0.49831326276209803,102,0.4880382775119617,0.6484396336801956,44,0.21052631578947367,0.3392240002344822,61,0.291866028708134,0.3460606825510535,2.0,0.009569377990430622,,,0.0,0.27234921223700836,0.22596405052508964,102,102,461.578431372549,511.5,0.655075965278705,0.9803921568627451,6.719229356983182e-05,1.0141634738643751e+25,8790063.110702518,0,2026-01-04 00:00:00+00:00,0,-10.104166666666666
1767488400000,133,0.3214931707166127,136.25880796470625,1235151.144691404,0.3409714343011764,66,0.49624060150375937,0.4269154802052267,31,0.23308270676691728,0.19500269875193954,36,0.2706766917293233,,,0.0,,,0.0,0.20359618691151352,0.1373752473896628,66,66,435.3787878787879,414.0,0.6237372697982653,0.9545454545454546,5.800897216412585e-05,1.0185591030937635e+25,4801693.829607881,1,2026-01-04 00:00:00+00:00,0,-10.0625
1767492000000,70,0.4075844013952597,91.64908428214109,772834.8968109326,0.5441764648360409,43,0.6142857142857143,0.21819819234511875,18,0.2571428571428571,0.1485353716286783,8,0.11428571428571428,0.015469674476854274,1.0,0.014285714285714285,,,0.0,0.21954576949278098,0.3246306953432599,43,43,516.0232558139535,501.0,0.6950755986919698,0.9534883720930233,3.193411123920561e-05,1.064168627044287e+25,2958722.1904494823,2,2026-01-04 00:00:00+00:00,0,-10.020833333333334
1767495600000,127,0.3760629698390562,148.36064347663324,1244015.4050640808,0.4030478267111885,69,0.5433070866141733,0.44025505209138194,27,0.2125984251968504,0.26009066838776845,31,0.2440944881889764,,,0.0,,,0.0,0.23542916568288894,0.16761866102829953,69,69,428.92753623188406,443.0,0.6253778713485072,0.9420289855072463,4.09336545622806e-05,1.035699218220646e+25,3795137.4748926912,3,2026-01-04 00:00:00+00:00,0,-9.979166666666666
1767499200000,143,0.39275288075580955,169.73163953223647,1474135.3647243648,0.3791460288600743,63,0.4405594405594406,0.3783722934160792,51,0.35664335664335667,0.3273038551847787,27,0.1888111888111888,2.071635537843509,2.0,0.013986013986013986,,,0.0,0.22538894256627376,0.15375708629380055,63,63,439.984126984127,444.0,0.6228315462648788,0.9523809523809523,6.004644689944292e-05,1.0041665720446113e+25,6126381.157339471,4,2026-01-04 00:00:00+00:00,0,-9.9375
1767502800000,133,0.3922293254093069,158.16712199854575,1414404.7362427942,0.4795940157447033,65,0.48872180451127817,0.4635506962473923,29,0.21804511278195488,0.16739845912287787,38,0.2857142857142857,1.1887776181883645,1.0,0.007518796992481203,,,0.0,0.2611624413696112,0.21843157437509206,65,65,464.53846153846155,443.0,0.6645048230134235,0.9230769230769231,4.641369233563345e-05,1.033599743755594e+25,4453126.050271911,5,2026-01-04 00:00:00+00:00,0,-9.895833333333334
1767506400000,211,0.37770011952596555,243.1202469919619,2154720.837230109,0.44066214145805943,111,0.5260663507109005,0.42079618557991444,40,0.1895734597156398,0.23248966824895942,60,0.2843601895734597,,,0.0,,,0.0,0.28632353636752905,0.15433860509053035,111,111,505.5315315315315,520.0,0.6868815511448568,0.9099099099099099,5.1008462178463344e-05,1.043226193112926e+25,7682150.122314162,6,2026-01-04 00:00:00+00:00,0,-9.854166666666666
1767510000000,115,0.26026196302617005,94.72891023861331,920289.0151232113,0.3195714192308611,51,0.4434782608695652,0.29245595348361925,28,0.24347826086956523,0.15424049758125077,35,0.30434782608695654,0.04479925435052574,1.0,0.008695652173913044,,,0.0,0.1954154084534968,0.1241560107773643,51,51,406.29411764705884,400.0,0.6092291844391734,1.0,4.320124805100998e-05,1.0457323100143446e+25,4384177.300640556,7,2026-01-04 00:00:00+00:00,0,-9.8125
1767513600000,127,0.358785450632968,137.75081207651368,1239817.6839606452,0.3676250804201601,63,0.49606299212598426,0.3500104923915607,28,0.2204724409448819,0.317304227764542,34,0.2677165354330709,0.9083673164793646,2.0,0.015748031496062992,,,0.0,0.24019745253862929,0.12742762788153078,63,63,470.6031746031746,516.0,0.6527971865153545,0.9523809523809523,4.351312717975225e-05,1.0365494122763417e+25,5113611.108532751,8,2026-01-04 00:00:00+00:00,0,-9.770833333333334
1767517200000,99,0.24078129532956155,76.93800036258196,734034.3147877698,0.2576536985755901,39,0.3939393939393939,0.3745636247311399,25,0.25252525252525254,0.12976349861130185,34,0.3434343434343434,0.012804422115820509,1.0,0.010101010101010102,,,0.0,0.17656605921892599,0.0810876393566641,39,39,420.79487179487177,394.0,0.6213433547235658,0.9487179487179487,3.942059257195154e-05,1.060536712408104e+25,3894070.4566887757,9,2026-01-04 00:00:00+00:00,0,-9.729166666666666
1767520800000,111,0.19855880600809528,73.29575365342306,712872.0637361346,0.2361630074784963,46,0.4144144144144144,0.15051870985764598,28,0.25225225225225223,0.1976684146671157,34,0.3063063063063063,0.0804263827305741,3.0,0.02702702702702703,,,0.0,0.15278381932313126,0.08337918815536505,46,46,424.2608695652174,414.5,0.6240031806328944,0.9347826086956522,3.614146020601221e-05,1.0626230974193248e+25,3394107.076527137,10,2026-01-04 00:00:00+00:00,0,-9.6875
1767524400000,48,0.15755156038869114,28.367407193027077,309964.0242579061,0.23290253724039897,12,0.25,0.16876246835068137,20,0.4166666666666667,0.09304430853884856,14,0.2916666666666667,0.044887382607440025,2.0,0.041666666666666664,,,0.0,0.21409299174017138,0.018809545500227582,12,12,389.3333333333333,398.0,0.5962233423883755,1.0,3.471961132075496e-05,1.0662687868658586e+25,2970399.934315756,11,2026-01-04 00:00:00+00:00,0,-9.645833333333334
1767528000000,96,0.2869374239271244,91.90077740696915,864166.7777469301,0.3309359283108416,52,0.5416666666666666,0.27012559659257357,23,0.23958333333333334,0.07789580994875045,17,0.17708333333333334,0.7000517335205578,4.0,0.041666666666666664,,,0.0,0.3313722473594464,-0.0004363190486048479,52,52,439.25,450.5,0.6336685292995281,0.9230769230769231,3.4183756112480665e-05,1.0725570894259258e+25,4347544.387620804,12,2026-01-04 00:00:00+00:00,0,-9.604166666666666
1767531600000,139,0.3077769667579098,136.90448503557226,1265992.807853903,0.3283425815436092,62,0.4460431654676259,0.48054345287565176,31,0.22302158273381295,0.16362850618479322,46,0.33093525179856115,,,0.0,,,0.0,0.21938410109232165,0.10895848045128757,62,62,540.4516129032259,521.5,0.715153305702049,0.9193548387096774,4.0841684675906015e-05,1.0850814156596487e+25,5637567.568509375,13,2026-01-04 00:00:00+00:00,0,-9.5625
1767535200000,137,0.16876272489700045,77.44590660254926,807856.728001734,0.20171332415102522,46,0.3357664233576642,0.20121061042808916,35,0.25547445255474455,0.12315506463980046,55,0.40145985401459855,0.025780479769755567,1.0,0.0072992700729927005,,,0.0,0.1599962877597279,0.04171703639129727,46,46,404.89130434782606,431.5,0.6053201897476227,0.9782608695652174,4.3593370253619574e-05,1.0633628766315494e+25,5160804.957653144,14,2026-01-04 00:00:00+00:00,0,-9.520833333333334
1767538800000,116,0.32631063400897464,126.29576486765926,1160110.9827416588,0.3373162671282276,53,0.45689655172413796,0.4407830807203018,30,0.25862068965517243,0.19189444935783384,31,0.2672413793103448,0.40102551777154805,2.0,0.017241379310344827,,,0.0,0.16070748570977303,0.17660878141845457,53,53,407.9622641509434,472.0,0.5989782665753595,0.9622641509433962,4.436359563271962e-05,1.7245642966395542e+25,12168219.13504187,15,2026-01-04 00:00:00+00:00,0,-9.479166666666666
1767542400000,280,0.3698917585814239,325.16194562525914,2945097.2549663987,0.42804174613133544,116,0.4142857142857143,0.4015536634546561,70,0.25,0.2558853529840379,88,0.3142857142857143,0.5483637245237528,6.0,0.02142857142857143,,,0.0,0.2669976188550128,0.16104412727632267,116,116,448.26724137931035,452.0,0.6414752580032668,0.9482758620689655,0.00010098495329020355,1.05419609615709e+25,13048560.724104555,16,2026-01-04 00:00:00+00:00,0,-9.4375
1767546000000,121,0.40125218135589147,144.36689800896872,1465982.5434041042,0.5068947192833316,51,0.4214876033057851,0.4120983370835852,38,0.3140495867768595,0.22516519851537192,31,0.256198347107438,0.06002529746018754,1.0,0.008264462809917356,,,0.0,0.24323207852825618,0.2636626407550754,51,51,474.8627450980392,494.0,0.6701316422030275,0.9607843137254902,8.114477274500829e-05,9.940492687567037e+24,13089152.17266779,17,2026-01-04 00:00:00+00:00,0,-9.395833333333334
1767549600000,277,0.4293134110840202,364.2730282326356,3072940.687145763,0.50865509093665,138,0.4981949458483754,0.4480529694433502,64,0.23104693140794225,0.26414571265071596,71,0.2563176895306859,0.3239191696101659,4.0,0.01444043321299639,,,0.0,0.27194098869579547,0.23671410224085446,138,138,438.4855072463768,443.0,0.6410162892726162,0.9637681159420289,7.013777249333956e-05,1.01899784634289e+25,7744183.966322621,18,2026-01-04 00:00:00+00:00,0,-9.354166666666666
1767553200000,151,0.4050652990700546,183.3159011584752,1657765.2960849938,0.481275908517363,74,0.4900662251655629,0.4037531980776765,47,0.31125827814569534,0.2191347539880862,30,0.1986754966887417,,,0.0,,,0.0,0.23892140853617874,0.24235449998118425,74,74,500.7972972972973,511.5,0.6823297289411221,0.9054054054054054,6.51279224192307e-05,1.0219865023982409e+25,6674354.8652841095,19,2026-01-04 00:00:00+00:00,0,-9.3125
1767556800000,137,0.3593018660474447,154.5238732194458,1398374.1978624663,0.39977480627707673,78,0.5693430656934306,0.442097776458151,32,0.23357664233576642,0.14668547234276513,26,0.1897810218978102,0.08096963131520947,1.0,0.0072992700729927005,,,0.0,0.27671949318158406,0.12305531309549267,78,78,472.7307692307692,483.5,0.6647068452639296,0.9230769230769231,5.109807647834464e-05,1.0069062144077906e+25,3851632.86283523,20,2026-01-04 00:00:00+00:00,0,-9.270833333333334
1767560400000,127,0.4156991607624959,167.97500729918855,1428395.124526702,0.40716471145036826,81,0.6377952755905512,0.6252041533716677,24,0.1889763779527559,0.18343492706018955,20,0.15748031496062992,0.5699267836166708,2.0,0.015748031496062992,,,0.0,0.22803579217980022,0.17912891927056804,81,81,449.25925925925924,479.0,0.6415486022467103,0.9753086419753086,5.368366223312657e-05,1.0196814405741671e+25,4207898.347623524,21,2026-01-04 00:00:00+00:00,0,-9.229166666666666
1767564000000,130,0.4124958055904156,174.96277187823722,1431870.0278716618,0.49950418516270895,69,0.5307692307692308,0.3246942399705123,24,0.18461538461538463,0.3310107200818847,34,0.26153846153846155,0.03721323615024725,3.0,0.023076923076923078,,,0.0,0.29208344349301707,0.20742074166969188,69,69,470.81159420289856,450.0,0.6493076198623484,0.927536231884058,7.366074148246944e-05,1.0420161923792783e+25,4263560.3370948285,22,2026-01-04 00:00:00+00:00,0,-9.1875
1767567600000,258,0.3331409080977293,277.0665902575274,2620695.493111227,0.3466261079491177,143,0.5542635658914729,0.4356916585692034,67,0.2596899224806202,0.15293216683278643,47,0.1821705426356589,0.0036678872127335416,1.0,0.003875968992248062,,,0.0,0.20121105457232524,0.14541505337679245,143,143,450.5874125874126,444.0,0.6516505151503968,0.9790209790209791,6.196367986173903e-05,1.0440591804363497e+25,7474731.857500981,23,2026-01-04 00:00:00+00:00,0,-9.145833333333334
1767571200000,389,0.42590788485520087,500.0748587714626,4448417.863973626,0.4530775120265964,213,0.5475578406169666,0.5666123914488232,77,0.19794344473007713,0.25461079996469255,96,0.2467866323907455,0.36695540294606843,3.0,0.007712082262210797,,,0.0,0.2302379125269131,0.2228395994996833,213,213,477.48826291079814,480.0,0.6682723566397968,0.9389671361502347,9.128846162419716e-05,9.973426235986113e+24,12397075.063651444,0,2026-01-05 00:00:00+00:00,0,-9.104166666666666
1767574800000,424,0.40979820958354424,497.2800161765673,4368939.851200124,0.4352887409655898,209,0.49292452830188677,0.46554860374055856,112,0.2641509433962264,0.2698700258256132,98,0.23113207547169812,0.83807757035237,5.0,0.01179245283018868,,,0.0,0.24986514131732906,0.1854235996482607,209,209,435.39234449760767,432.0,0.630565799613189,0.9569377990430622,8.519334047844573e-05,9.408063414731862e+24,13296681.003540775,1,2026-01-05 00:00:00+00:00,0,-9.0625
1767578400000,236,0.3395574720747114,242.0470813354265,2281506.7848310093,0.37241373369048353,124,0.5254237288135594,0.3573204955809576,61,0.2584745762711864,0.24632680089060974,48,0.2033898305084746,0.11200791960808228,3.0,0.012711864406779662,,,0.0,0.2248932181253432,0.14752051556514031,124,124,469.7016129032258,474.0,0.6667595587394117,0.9838709677419355,6.400971133400039e-05,9.755521472339085e+24,7436818.7498053145,2,2026-01-05 00:00:00+00:00,0,-9.020833333333334
1767582000000,156,0.33888246492835494,156.8006909310923,1450001.145933002,0.3705203457800448,88,0.5641025641025641,0.3791082523262679,32,0.20512820512820512,0.22449135024120295,31,0.1987179487179487,0.2338356336523137,5.0,0.03205128205128205,,,0.0,0.2026296916273468,0.167890654152698,88,88,510.79545454545456,493.0,0.693852960523259,0.8977272727272727,4.3543631438819316e-05,9.804646887209723e+24,4864929.3969278615,3,2026-01-05 00:00:00+00:00,0,-8.979166666666666
1767585600000,237,0.35038905202661424,246.15579574534112,2184685.997841594,0.351922354059187,124,0.5232067510548524,0.4746934982240568,45,0.189873417721519,0.28041869263193564,62,0.2616033755274262,0.10944451061763717,6.0,0.02531645569620253,,,0.0,0.21608241827919444,0.13583993577999254,124,124,423.7016129032258,417.5,0.6094960677313124,0.967741935483871,8.339562056812831e-05,9.74935068671031e+24,8898410.698310126,4,2026-01-05 00:00:00+00:00,0,-8.9375
1767589200000,145,0.3264496965733274,154.30972203335162,1346936.7345998825,0.30860417495582815,81,0.5586206896551724,0.5408463940018342,30,0.20689655172413793,0.1640788449161818,33,0.22758620689655173,0.6982741294213621,1.0,0.006896551724137931,,,0.0,0.17194284472705496,0.1366613302287732,81,81,436.75308641975306,423.0,0.6334535530110796,0.9629629629629629,4.2101020420631646e-05,9.898553293706963e+24,6356484.534086132,5,2026-01-05 00:00:00+00:00,0,-8.895833333333334
1767592800000,173,0.3872859697254554,191.37909627317185,1768698.508715215,0.4357650004067479,86,0.49710982658959535,0.4885644212642998,33,0.1907514450867052,0.2568536148776303,51,0.2947976878612717,0.10084082234747817,3.0,0.017341040462427744,,,0.0,0.19801883487503566,0.23774616553171232,86,86,444.25581395348837,469.5,0.6433400577325458,0.9767441860465116,7.165109355430636e-05,9.702652841519492e+24,6009358.974080677,6,2026-01-05 00:00:00+00:00,0,-8.854166666666666
1767596400000,109,0.35595290452355416,128.3433262207296,1016877.4599393592,0.4802801252143544,44,0.4036697247706422,0.3822042914391375,25,0.22935779816513763,0.1824666434083812,37,0.3394495412844037,0.45338933051575303,3.0,0.027522935779816515,,,0.0,0.18701357115924047,0.29326655405511404,44,44,517.5681818181819,504.5,0.6854173474397456,0.9545454545454546,4.08516551226318e-05,9.862558594503022e+24,5866837.810574065,7,2026-01-05 00:00:00+00:00,0,-8.8125
1767600000000,159,0.33535391343087,157.77686320192808,1433456.7803223524,0.4009122666185528,70,0.44025157232704404,0.41930200084395314,37,0.23270440251572327,0.18736999117275716,52,0.3270440251572327,,,0.0,,,0.0,0.2579419437486194,0.14297032286993336,70,70,469.54285714285714,465.0,0.6506312317648685,0.9142857142857143,4.616771727031907e-05,9.926219926151045e+24,5213778.350658614,8,2026-01-05 00:00:00+00:00,0,-8.770833333333334
1767603600000,194,0.38087031238301544,224.73007514777186,2037986.0758625802,0.4196447320119714,98,0.5051546391752577,0.5293423024244968,50,0.25773195876288657,0.13688134225884702,46,0.23711340206185566,,,0.0,,,0.0,0.2535989217054441,0.16604581030652724,98,98,445.6530612244898,460.0,0.6428313051842921,0.9693877551020408,6.100062590941074e-05,9.871128602431295e+24,6117231.313741165,9,2026-01-05 00:00:00+00:00,0,-8.729166666666666
1767607200000,200,0.45076284803519195,263.38251891501716,2172834.26295251,0.47622455685032544,73,0.365,0.5322787153820681,66,0.33,0.3211406082328758,59,0.295,0.6552429280042302,2.0,0.01,,,0.0,0.24256191020803342,0.233662646642292,73,73,492.52054794520546,516.0,0.6823265148523483,0.958904109589041,6.167080007120042e-05,9.684190420084233e+24,7278508.401414331,10,2026-01-05 00:00:00+00:00,0,-8.6875
1767610800000,210,0.32288534422257215,195.62477504416984,1804656.4360986557,0.371984720003315,89,0.4238095238095238,0.46183719822138875,51,0.24285714285714285,0.1488027574084213,68,0.3238095238095238,0.5134987966908264,2.0,0.009523809523809525,,,0.0,0.2540340422583965,0.11795067774491849,89,89,447.65168539325845,478.0,0.6421317706096222,0.9438202247191011,5.3520752753886645e-05,9.69998980851276e+24,6686339.786571196,11,2026-01-05 00:00:00+00:00,0,-8.645833333333334
1767614400000,252,0.2874841723863161,215.01225595604558,2028910.7033668905,0.35683294905029167,105,0.4166666666666667,0.3398091684439321,48,0.19047619047619047,0.1902720178388722,98,0.3888888888888889,0.021053957552808762,1.0,0.003968253968253968,,,0.0,0.1992160518255864,0.15761689722470523,105,105,468.9142857142857,525.0,0.6560423102368678,0.9523809523809523,4.80026153517203e-05,9.809685003804241e+24,7175846.490709737,12,2026-01-05 00:00:00+00:00,0,-8.604166666666666
1767618000000,252,0.3300042947860079,250.90417970632024,2328596.5553261824,0.35034382833223165,137,0.5436507936507936,0.47313711865179026,53,0.21031746031746032,0.16407473669984565,60,0.23809523809523808,0.12161315701131409,2.0,0.007936507936507936,,,0.0,0.2792199916867482,0.07112383664548341,137,137,446.9051094890511,443.0,0.6417175996475272,0.9708029197080292,5.374028508435063e-05,9.848376227080144e+24,8362129.433728662,13,2026-01-05 00:00:00+00:00,0,-8.5625
1767621600000,582,0.4577475584344682,811.3439283507862,6773432.889752113,0.4870829929103913,291,0.5,0.6500462508293599,148,0.2542955326460481,0.19678779732733978,140,0.24054982817869416,0.30359710778793486,3.0,0.005154639175257732,,,0.0,0.2141700219739914,0.27291297093639993,291,291,453.5189003436426,474.0,0.6455648787506473,0.9759450171821306,8.734062679115355e-05,1.0145510725475103e+25,17882517.55347672,14,2026-01-05 00:00:00+00:00,0,-8.520833333333334
1767625200000,432,0.3952981164802154,499.3310513631312,4435413.25575667,0.41027511445751025,227,0.5254629629629629,0.5444448775273124,98,0.22685185185185186,0.2246842842513655,105,0.24305555555555555,0.3444437467641235,2.0,0.004629629629629629,,,0.0,0.24481206535009428,0.16546304910741597,227,227,424.58590308370043,443.0,0.6232520489749502,0.973568281938326,8.451527095173406e-05,9.650203835363973e+24,12532414.879153246,15,2026-01-05 00:00:00+00:00,0,-8.479166666666666
1767628800000,382,0.4007505691995665,459.20807422387077,4152333.637746537,0.41722913065419637,228,0.5968586387434555,0.515215728852448,75,0.19633507853403143,0.23663854049048352,78,0.20418848167539266,0.8594898228863066,1.0,0.002617801047120419,,,0.0,0.27580328085095585,0.14142584980324052,228,228,426.7675438596491,443.0,0.6220332350624598,0.9605263157894737,8.762554657915051e-05,9.644591116463497e+24,12778000.642290069,16,2026-01-05 00:00:00+00:00,0,-8.4375
1767632400000,316,0.33218065175119865,318.1484727465899,2839750.9395163045,0.3005940846344543,159,0.5031645569620253,0.4943458604791117,62,0.1962025316455696,0.27921245417679585,95,0.30063291139240506,,,0.0,,,0.0,0.2192375643844509,0.0813565202500034,159,159,425.685534591195,428.0,0.6232725322495468,0.9685534591194969,6.225096159533734e-05,9.713004654158631e+24,8948563.799351528,17,2026-01-05 00:00:00+00:00,0,-8.395833333333334
1767636000000,219,0.3328519671171666,238.56683262507022,2079666.1661494893,0.34402651025989794,112,0.5114155251141552,0.44434471204328224,58,0.2648401826484018,0.17584505502389225,48,0.2191780821917808,0.15105570989371125,1.0,0.0045662100456621,,,0.0,0.23072132680630233,0.11330518345359562,112,112,427.6875,440.0,0.6267236620704811,0.9821428571428571,5.804203808879892e-05,9.615100636667619e+24,6894283.142768633,18,2026-01-05 00:00:00+00:00,0,-8.354166666666666
1767639600000,273,0.36572290951951625,251.9287829187492,2299938.56764624,0.36581370874653213,156,0.5714285714285714,0.5426253529646279,45,0.16483516483516483,0.26652709132382474,65,0.23809523809523808,0.14757341641600968,7.0,0.02564102564102564,,,0.0,0.25024956324653297,0.11556414549999913,156,156,449.5705128205128,459.5,0.645786630805078,0.9743589743589743,7.197173666324721e-05,8.083072508420331e+24,6528308.667443111,19,2026-01-05 00:00:00+00:00,0,-8.3125
1767643200000,319,0.3996447941308768,261.10205154861137,2311825.7105079764,0.42562264549364515,165,0.5172413793103449,0.5267098183794496,67,0.21003134796238246,0.25252178149281745,87,0.2727272727272727,,,0.0,,,0.0,0.23341577835061658,0.1922068671430286,165,165,442.3151515151515,427.0,0.6392959990410931,0.9575757575757575,7.929431475921938e-05,6.69142607586129e+24,6905126.582383413,20,2026-01-05 00:00:00+00:00,0,-8.270833333333334
1767646800000,152,0.2852471886671881,98.69639028885085,978093.8382179782,0.3801185138353145,71,0.46710526315789475,0.2550477425477232,46,0.3026315789473684,0.13614836409405,32,0.21052631578947367,0.09340479563346799,3.0,0.019736842105263157,,,0.0,0.26574744800464445,0.11437106583066999,71,71,461.3521126760563,418.0,0.6483513369696043,0.9436619718309859,5.191693128018745e-05,7.496284781630874e+24,3522777.876884322,21,2026-01-05 00:00:00+00:00,0,-8.229166666666666
1767650400000,124,0.41730932898968953,110.26119633118013,979331.5498315955,0.4656339521850488,75,0.6048387096774194,0.576156650901106,20,0.16129032258064516,0.17549681275803064,22,0.1774193548387097,0.20567821173486342,7.0,0.056451612903225805,,,0.0,0.33419516691836526,0.13143878526668354,75,75,525.9333333333333,543.0,0.7120581987051532,0.92,4.354850933073794e-05,6.771504051310852e+24,2795666.540627915,22,2026-01-05 00:00:00+00:00,0,-8.1875
1767654000000,122,0.3259849854907923,85.51650908747008,813223.3341801629,0.3986328540720496,62,0.5081967213114754,0.31105468542797027,20,0.16393442622950818,0.22276051198522134,39,0.319672131147541,0.14617760142654562,1.0,0.00819672131147541,,,0.0,0.2500168740505674,0.1486159800214822,62,62,460.6290322580645,443.0,0.645749926832046,0.967741935483871,3.9075725814652264e-05,7.0869023509759e+24,2894083.331570935,23,2026-01-05 00:00:00+00:00,0,-8.145833333333334
1767657600000,305,0.3169924598935135,280.80421129138597,2601186.2942316425,0.36075513329348,158,0.5180327868852459,0.3255262644675247,60,0.19672131147540983,0.23866451637335803,81,0.26557377049180325,0.13666458547638047,6.0,0.019672131147540985,,,0.0,0.25960876935512456,0.10114636393835547,158,158,450.9177215189873,454.5,0.6496514744967351,0.9367088607594937,6.087885618565444e-05,9.183137135086011e+24,7484254.935907408,0,2026-01-06 00:00:00+00:00,0,-8.104166666666666
1767661200000,245,0.36214692755696376,271.828048700668,2486978.376968782,0.3676648097030194,143,0.5836734693877551,0.46904401690416886,53,0.2163265306122449,0.22611702073826634,48,0.19591836734693877,0.4369795725666101,1.0,0.004081632653061225,,,0.0,0.24075016963387671,0.12691464006914271,143,143,470.4755244755245,449.0,0.6541095088846746,0.958041958041958,5.999095402798314e-05,9.658702491604169e+24,6915710.899162248,1,2026-01-06 00:00:00+00:00,0,-8.0625
1767664800000,211,0.36491883680377984,252.83431522698936,2056708.6547998912,0.415234267484066,122,0.5781990521327014,0.3859272077000301,41,0.1943127962085308,0.22039346046392982,47,0.22274881516587677,0.15778577503555796,1.0,0.004739336492890996,,,0.0,0.2325967262040779,0.1826375412799881,122,122,487.3606557377049,523.0,0.6758987444137187,0.9508196721311475,5.6558896023395545e-05,9.429001228564525e+24,5760277.559593274,2,2026-01-06 00:00:00+00:00,0,-8.020833333333334
1767668400000,156,0.29244210277779387,136.4142719834822,1301411.5253559365,0.3072427377845003,80,0.5128205128205128,0.3067879989276942,40,0.2564102564102564,0.2165618723453624,33,0.21153846153846154,0.5411624220236971,3.0,0.019230769230769232,,,0.0,0.1845388771574566,0.12270386062704364,80,80,460.375,443.0,0.6456683916057385,0.95,4.3377015262628545e-05,9.476105439347162e+24,5389037.965543475,3,2026-01-06 00:00:00+00:00,0,-7.979166666666667
1767672000000,96,0.2982816170039578,87.81776263641864,886946.186988728,0.3491837301582851,53,0.5520833333333334,0.2724931462559929,20,0.20833333333333334,0.20341020038569488,23,0.23958333333333334,,,0.0,,,0.0,0.21626652922743586,0.13291720093084922,53,53,471.92452830188677,482.0,0.6579502115150886,0.8867924528301887,4.0983782821488415e-05,9.630317250379191e+24,3559931.2293643313,4,2026-01-06 00:00:00+00:00,0,-7.9375
1767675600000,158,0.34457395702115157,158.18067332400906,1525562.9115806858,0.3597053336340511,87,0.5506329113924051,0.4135013640824728,41,0.25949367088607594,0.2064921751932707,30,0.189873417721519,,,0.0,,,0.0,0.2556793691402094,0.10402596449384167,87,87,474.0689655172414,494.0,0.6608366003256385,0.9540229885057471,4.937890317333764e-05,9.441279032103696e+24,5489166.191539556,5,2026-01-06 00:00:00+00:00,0,-7.895833333333333
1767679200000,179,0.3745796667431792,191.9791284970824,1689848.4296192313,0.41795409032598907,84,0.4692737430167598,0.40263008624766833,48,0.2681564245810056,0.2528729179174102,46,0.2569832402234637,0.9832183955570404,1.0,0.00558659217877095,,,0.0,0.265679180836865,0.1522749094891241,84,84,505.85714285714283,525.5,0.6841553968344192,0.9047619047619048,5.464337007729077e-05,9.627724152358878e+24,6678908.421590847,6,2026-01-06 00:00:00+00:00,0,-7.854166666666667
1767682800000,209,0.30398546723809433,182.62988085714258,1705589.031727733,0.38644837964476686,100,0.4784688995215311,0.33225346296182645,46,0.22009569377990432,0.15945039456151425,58,0.27751196172248804,0.07126850149463766,5.0,0.023923444976076555,,,0.0,0.2308065944889645,0.1556417851558023,100,100,446.45,469.5,0.6446992906577265,0.98,5.0038661762516595e-05,9.615998711895141e+24,6158446.407861307,7,2026-01-06 00:00:00+00:00,0,-7.8125
1767686400000,180,0.3717033584219298,193.5370731226791,1740709.405194516,0.409052706370257,115,0.6388888888888888,0.3535825023639212,29,0.16111111111111112,0.2071857615884399,33,0.18333333333333332,0.9248401941318605,3.0,0.016666666666666666,,,0.0,0.27085005891997727,0.1382026474502797,115,115,460.6608695652174,449.0,0.6501488421863161,0.9217391304347826,4.4931900846609427e-05,9.465609684695177e+24,5225269.963155902,8,2026-01-06 00:00:00+00:00,0,-7.770833333333333
1767690000000,236,0.3282038710539771,220.65356969296454,2023666.252208839,0.3910677020125727,110,0.4661016949152542,0.38426401466266774,62,0.2627118644067797,0.1568110720251557,63,0.2669491525423729,0.7351999006853802,1.0,0.00423728813559322,,,0.0,0.2573324347286166,0.13373526728395604,110,110,444.9909090909091,457.5,0.6439944289939914,0.9636363636363636,6.023584428652618e-05,9.655248716297582e+24,7085043.975516302,9,2026-01-06 00:00:00+00:00,0,-7.729166666666667
1767693600000,140,0.29763398824971654,126.93560225592051,1190699.669138016,0.29858181292140096,53,0.37857142857142856,0.3192899076850815,37,0.2642857142857143,0.284098792510897,49,0.35,0.10935485274410435,1.0,0.007142857142857143,,,0.0,0.22004630687677637,0.07853550604462456,53,53,471.62264150943395,454.0,0.6572236943414232,0.9056603773584906,4.2999932226288425e-05,9.747633661933423e+24,5020702.760986576,10,2026-01-06 00:00:00+00:00,0,-7.6875
1767697200000,179,0.29127915944315874,148.6871624059055,1317030.363259762,0.33782995972702734,84,0.4692737430167598,0.28013921446961904,53,0.29608938547486036,0.21473346386187334,41,0.22905027932960895,0.10980253802850366,1.0,0.00558659217877095,,,0.0,0.2348272765643658,0.10300268316266155,84,84,480.0833333333333,484.5,0.6604791864777292,0.9047619047619048,4.218559247701767e-05,9.860915159016245e+24,4561348.700515055,11,2026-01-06 00:00:00+00:00,0,-7.645833333333333
1767700800000,122,0.26750534738805753,101.53503411476298,885347.7561153367,0.37740194587516535,43,0.3524590163934426,0.31169234740802215,30,0.2459016393442623,0.14747978897563624,47,0.38524590163934425,0.06252410230767143,2.0,0.01639344262295082,,,0.0,0.19393036423304874,0.18347158164211655,43,43,468.4651162790698,478.0,0.6635989698144515,1.0,4.293642916983889e-05,9.961980232171513e+24,3856896.422929816,12,2026-01-06 00:00:00+00:00,0,-7.604166666666667
1767704400000,145,0.2507773958518569,102.89340906958518,974693.5374609228,0.29764346683044546,51,0.35172413793103446,0.19332847965756902,42,0.2896551724137931,0.26211279681566674,49,0.33793103448275863,0.07319413352698526,3.0,0.020689655172413793,,,0.0,0.26974257958492,0.02790088724552551,51,51,410.11764705882354,407.0,0.6058627781058166,0.9803921568627451,4.122093963989871e-05,9.691446900488284e+24,5033675.156216152,13,2026-01-06 00:00:00+00:00,0,-7.5625
1767708000000,540,0.49383899574065077,1135.381009555656,6178459.7301350925,0.4952492979752112,197,0.3648148148148148,0.602449743254887,128,0.23703703703703705,0.43059703699421303,209,0.387037037037037,0.33343302173645945,6.0,0.011111111111111112,,,0.0,0.36181431217124066,0.13343498580397056,197,197,489.75634517766497,508.0,0.6776253697971342,0.9695431472081218,0.00013368769372853917,9.261648666104169e+24,22920438.970327206,14,2026-01-06 00:00:00+00:00,0,-7.520833333333333
1767711600000,447,0.46849156937493674,602.4975521804587,5294744.136453394,0.41103493271249036,207,0.46308724832214765,0.6529460689501824,111,0.2483221476510067,0.40085238120340144,128,0.28635346756152125,0.5453819916055878,1.0,0.0022371364653243847,,,0.0,0.2366164469096682,0.17441848580282215,207,207,472.24154589371983,493.0,0.6634415812939953,0.9758454106280193,0.00011655370482855784,9.474926512722404e+24,18548313.85323709,15,2026-01-06 00:00:00+00:00,0,-7.479166666666667
1767715200000,701,0.4129840020076058,828.588541167472,7356378.345860618,0.4029703147042646,313,0.44650499286733236,0.585855771530544,136,0.19400855920114124,0.3323034880612542,248,0.3537803138373752,0.3211067343879557,4.0,0.005706134094151213,,,0.0,0.274144005320023,0.12882630938424158,313,313,462.1821086261981,493.0,0.6526394245280575,0.9712460063897763,0.00012296672293836712,9.571475693865955e+24,21451920.721008968,16,2026-01-06 00:00:00+00:00,0,-7.4375
1767718800000,514,0.41713845779551745,619.0428467701227,5712989.561256759,0.39492645394490966,258,0.5019455252918288,0.5499849354125186,127,0.24708171206225682,0.32154125745477563,124,0.24124513618677043,0.5597878934654474,5.0,0.009727626459143969,,,0.0,0.21904723912013432,0.17587921482477534,258,258,470.3837209302326,482.5,0.6620903112448144,0.9728682170542635,0.00011924987213299506,9.325502029409443e+24,18234418.591789775,17,2026-01-06 00:00:00+00:00,0,-7.395833333333333
1767722400000,344,0.39523348313201523,373.5908294903611,3353499.87202309,0.36928082119048816,142,0.4127906976744186,0.4774355359965266,97,0.2819767441860465,0.3576443214034769,103,0.29941860465116277,0.18691474607135466,2.0,0.005813953488372093,,,0.0,0.187265184653678,0.18201563653681013,142,142,473.15492957746477,487.0,0.6639826646830121,0.9507042253521126,7.535801178375429e-05,9.023944952889928e+24,12857219.7552104,18,2026-01-06 00:00:00+00:00,0,-7.354166666666667
1767726000000,188,0.3425639874589786,176.6506402045988,1667041.6643860952,0.39624181029460825,105,0.5585106382978723,0.314158382115127,40,0.2127659574468085,0.23791405294765156,43,0.22872340425531915,,,0.0,,,0.0,0.2420246227304019,0.15421718756420638,105,105,464.04761904761904,483.0,0.6602845994625106,0.9619047619047619,4.765422571553892e-05,9.263828819387244e+24,4357013.330591205,19,2026-01-06 00:00:00+00:00,0,-7.3125
1767729600000,204,0.3252571636588426,184.06140200639402,1806121.3824179657,0.3582395146696096,96,0.47058823529411764,0.32021066245330093,62,0.30392156862745096,0.28057732196978,43,0.2107843137254902,0.014527353772054448,3.0,0.014705882352941176,,,0.0,0.21544568376060383,0.1427938309090058,96,96,460.5625,479.0,0.649670822550407,0.9583333333333334,5.50256671776126e-05,9.372578646728434e+24,5822264.727701838,20,2026-01-06 00:00:00+00:00,0,-7.270833333333333
1767733200000,337,0.3775038463031518,357.8144522344159,3128370.172311881,0.4384433629345402,170,0.5044510385756676,0.3960853641447871,75,0.22255192878338279,0.24895971247525786,90,0.26706231454005935,0.28532403582903854,2.0,0.005934718100890208,,,0.0,0.2500165344811497,0.18842682845339057,170,170,493.2176470588235,492.0,0.6777848226644989,0.9235294117647059,9.946063444670513e-05,9.265736962896859e+24,11261050.503252326,21,2026-01-06 00:00:00+00:00,0,-7.229166666666667
1767736800000,260,0.3929340373011018,288.5127599236107,2530642.4589203172,0.4070427524608091,140,0.5384615384615384,0.5264523153116468,55,0.21153846153846154,0.2516948853796318,64,0.24615384615384617,0.11351434733619743,1.0,0.0038461538461538464,,,0.0,0.333534794504408,0.07350795795640115,140,140,463.0571428571429,450.0,0.6606191558645652,0.95,5.9240748770634616e-05,9.217866645584977e+24,6443107.080037992,22,2026-01-06 00:00:00+00:00,0,-7.1875
1767740400000,207,0.3330654512482823,188.53170917425982,1786848.2196352093,0.41766948765304773,99,0.4782608695652174,0.29494606413675273,47,0.22705314009661837,0.22768041486838914,60,0.2898550724637681,0.07197922421198295,1.0,0.004830917874396135,,,0.0,0.32512025422941415,0.09254923342363353,99,99,480.74747474747477,450.0,0.6688876010799509,0.9191919191919192,5.817638511352206e-05,9.037005963893665e+24,6093647.23704747,23,2026-01-06 00:00:00+00:00,0,-7.145833333333333
1767744000000,262,0.3633526744319115,268.61360368201696,2360277.59337982,0.34070026831018635,136,0.5190839694656488,0.37506045712037084,63,0.24045801526717558,0.3954371586719788,59,0.22519083969465647,0.47589076268633823,4.0,0.015267175572519083,,,0.0,0.2315730714432015,0.10912719686698484,136,136,443.54411764705884,434.0,0.6387975265481739,0.9485294117647058,6.246022028728622e-05,9.312820461274739e+24,7355529.963435514,0,2026-01-07 00:00:00+00:00,0,-7.104166666666667
1767747600000,393,0.3859643824714526,421.599289035625,3924643.183589727,0.4419400373878105,219,0.5572519083969466,0.3537011615854352,92,0.2340966921119593,0.2752325771767658,80,0.2035623409669211,0.1700105416745376,2.0,0.005089058524173028,,,0.0,0.23216560985368062,0.20977442753412984,219,219,461.42922374429224,443.0,0.6559500547957515,0.9634703196347032,8.654943850971586e-05,9.311796834840507e+24,10765928.342474502,1,2026-01-07 00:00:00+00:00,0,-7.0625
1767751200000,304,0.36330695768036314,313.9729559601425,2829156.3361287597,0.41301617145742286,156,0.5131578947368421,0.36002799349834913,69,0.22697368421052633,0.2707784559223549,78,0.2565789473684211,0.052141274142659406,1.0,0.003289473684210526,,,0.0,0.2676415849984431,0.1453745864589798,156,156,464.4807692307692,443.0,0.6601119887145461,0.967948717948718,8.513660835017837e-05,9.405701908749889e+24,7846680.809221302,2,2026-01-07 00:00:00+00:00,0,-7.020833333333333
1767754800000,185,0.31747765182729865,165.5281469123671,1505804.9197356552,0.39745545121955117,92,0.4972972972972973,0.3144979758836715,39,0.21081081081081082,0.18897652423399777,52,0.2810810810810811,0.03763187811023445,2.0,0.010810810810810811,,,0.0,0.23880037191775144,0.15865507930179973,92,92,481.9782608695652,493.0,0.6761416273474153,0.9456521739130435,4.256358062492193e-05,9.640127790225398e+24,4799160.88631524,3,2026-01-07 00:00:00+00:00,0,-6.979166666666667
1767758400000,132,0.3892491553124243,144.91154989884797,1279143.2092627524,0.4291793170870869,82,0.6212121212121212,0.3922665745678038,24,0.18181818181818182,0.26389637641222125,25,0.1893939393939394,0.17637730016606484,1.0,0.007575757575757576,,,0.0,0.2684380783866296,0.16074123870045726,82,82,444.5975609756098,428.0,0.6398926892258784,0.9512195121951219,4.7409428774439503e-05,9.642748502376744e+24,4389940.516054865,4,2026-01-07 00:00:00+00:00,0,-6.9375
1767762000000,174,0.32696628418964846,165.41718219332225,1508687.0779481311,0.35867861144833846,77,0.4425287356321839,0.3827981102466558,43,0.2471264367816092,0.24080891016346861,53,0.3045977011494253,0.050689388206738024,1.0,0.005747126436781609,,,0.0,0.25621488452483365,0.10246372692350476,77,77,455.4025974025974,483.0,0.6470033466523427,0.974025974025974,5.8473279939796666e-05,9.469514624514909e+24,5319082.442610283,5,2026-01-07 00:00:00+00:00,0,-6.895833333333333
1767765600000,144,0.3062191984688282,129.18949587493583,1153763.466857723,0.41288356985517477,62,0.4305555555555556,0.3005938851587477,39,0.2708333333333333,0.15476065778954967,40,0.2777777777777778,0.19439847190575912,3.0,0.020833333333333332,,,0.0,0.1747764386642994,0.23810713119087532,62,62,487.14516129032256,518.0,0.6749984315591263,0.9516129032258065,4.415622920193313e-05,9.437152693002855e+24,5225193.87750624,6,2026-01-07 00:00:00+00:00,0,-6.854166666666667
1767769200000,160,0.29554391224553916,127.46031526410451,1168259.6211984572,0.3254408681057776,57,0.35625,0.3628499790074016,53,0.33125,0.20545890699403416,45,0.28125,0.05203935502662378,5.0,0.03125,,,0.0,0.20483759786035916,0.12060327024541846,57,57,429.56140350877195,443.0,0.6221036720048557,0.9473684210526315,4.750620117450545e-05,9.264290417325619e+24,5717342.506710322,7,2026-01-07 00:00:00+00:00,0,-6.8125
1767772800000,254,0.44063438879488354,343.3070692302404,2666473.8452180945,0.4832061119072368,108,0.4251968503937008,0.5473825932733353,78,0.30708661417322836,0.258632234337013,57,0.22440944881889763,0.2088177304899043,11.0,0.04330708661417323,,,0.0,0.2754819536631465,0.20772415824409032,108,108,435.8240740740741,443.0,0.6356447433034111,0.9907407407407407,7.628515171267807e-05,9.430005458393591e+24,9517955.850219028,8,2026-01-07 00:00:00+00:00,0,-6.770833333333333
1767776400000,375,0.36624295290806036,403.7398759048892,3662338.0421768734,0.46051378582361646,156,0.416,0.3608990194399074,109,0.2906666666666667,0.248650321801704,93,0.248,0.1787343356194161,17.0,0.04533333333333334,,,0.0,0.2535957908473681,0.2069179949762483,156,156,443.37179487179486,453.0,0.6401978385748739,0.9743589743589743,9.116201658721169e-05,9.543793141786e+24,14017707.441138212,9,2026-01-07 00:00:00+00:00,0,-6.729166666666667
1767780000000,406,0.3521138419872034,428.84444711807316,3578214.467846021,0.5232578925227441,87,0.21428571428571427,0.46375200373379877,85,0.20935960591133004,0.25155063213035045,227,0.5591133004926109,0.13055276948048616,7.0,0.017241379310344827,,,0.0,0.26043733569459654,0.2628205568281476,87,87,445.37931034482756,468.0,0.6494146453405153,1.0,6.897823618916201e-05,9.74684119344987e+24,26462176.264483947,10,2026-01-07 00:00:00+00:00,0,-6.6875
1767783600000,287,0.26002928336162884,226.5337528375902,2061724.687396125,0.37132331106565886,67,0.23344947735191637,0.3506587323146688,61,0.21254355400696864,0.1809818355878948,154,0.5365853658536586,0.09767142633154786,5.0,0.017421602787456445,,,0.0,0.28617978853808146,0.08514352252757738,67,67,448.7014925373134,420.0,0.6543924377255363,0.9850746268656716,4.9430957175600715e-05,9.493341433263975e+24,11536984.605024252,11,2026-01-07 00:00:00+00:00,0,-6.645833333333333
1767787200000,188,0.2921144171715422,156.41036475335773,1428603.1133823427,0.3965639586291008,60,0.3191489361702128,0.30422969843314723,53,0.28191489361702127,0.20882523375485168,67,0.35638297872340424,0.12602602899650178,8.0,0.0425531914893617,,,0.0,0.3157513976418585,0.08081256098724232,60,60,464.43333333333334,488.0,0.663133130764955,0.9833333333333333,5.4532479003020746e-05,9.430132538499684e+24,8403691.435737226,12,2026-01-07 00:00:00+00:00,0,-6.604166666666667
1767790800000,257,0.2971416195768048,212.4741890085215,1973922.3242852648,0.39118166235817686,84,0.32684824902723736,0.371975546779434,72,0.2801556420233463,0.1688262257344813,98,0.38132295719844356,0.05964236768452119,3.0,0.011673151750972763,,,0.0,0.28462209661877624,0.10655956573940055,84,84,455.51190476190476,463.5,0.6517572360956848,0.9761904761904762,5.957140854259803e-05,9.210024730409585e+24,9343207.891382392,13,2026-01-07 00:00:00+00:00,0,-6.5625
1767794400000,581,0.4782393229017055,787.9269065339664,6271729.898019472,0.5237508629699492,248,0.4268502581755594,0.7972182030535715,121,0.2082616179001721,0.24579401344206253,207,0.35628227194492257,0.1248138474708735,5.0,0.008605851979345954,,,0.0,0.2810618807689515,0.24268898220099783,248,248,463.866935483871,492.0,0.6589268759616149,0.9717741935483871,0.00012781503284515851,9.077399817599302e+24,19782191.251813382,14,2026-01-07 00:00:00+00:00,0,-6.520833333333333
1767798000000,599,0.4552458148462358,741.4022164641788,6388367.667006876,0.4908304840427043,274,0.4574290484140234,0.670917452625178,141,0.2353923205342237,0.2308856113782736,177,0.29549248747913187,0.39122520444139625,7.0,0.011686143572621035,,,0.0,0.2181708372800034,0.2726596467627009,274,274,457.8905109489051,463.0,0.6542618978656639,0.9781021897810219,0.0001061690772726882,9.050299720315036e+24,17955299.79777989,15,2026-01-07 00:00:00+00:00,0,-6.479166666666667
1767801600000,293,0.35873884056636435,310.12884299774885,2687515.6148426975,0.3720471542561406,159,0.5426621160409556,0.44753141569894844,62,0.21160409556313994,0.19593123299660864,68,0.23208191126279865,1.2211777855285497,4.0,0.013651877133105802,,,0.0,0.23511495963889079,0.13693219461724981,159,159,446.0125786163522,456.0,0.6448563648301237,0.9748427672955975,7.408810912343375e-05,9.073744717054553e+24,8042306.240459794,16,2026-01-07 00:00:00+00:00,0,-6.4375
1767805200000,202,0.35522873064523447,200.59455851948306,1836463.395835914,0.3795368123448793,107,0.5297029702970297,0.44162161071603734,45,0.22277227722772278,0.22265079272802313,48,0.2376237623762376,0.2927770681342432,2.0,0.009900990099009901,,,0.0,0.2632626180085936,0.1162741943362857,107,107,410.3551401869159,431.0,0.6118169844679815,0.9719626168224299,5.361151447377771e-05,9.074395054842838e+24,6761428.317370922,17,2026-01-07 00:00:00+00:00,0,-6.395833333333333
1767808800000,219,0.31561338178352116,206.6263363833623,1907702.0376093944,0.34463480106175987,105,0.4794520547945205,0.36942556532480086,47,0.2146118721461187,0.23573074852758383,66,0.3013698630136986,0.011445526020171522,1.0,0.0045662100456621,,,0.0,0.22051539265890938,0.12411940840285048,105,105,461.6952380952381,456.0,0.6574152671731969,0.9523809523809523,7.535146550999367e-05,9.088181371743165e+24,6544075.64873881,18,2026-01-07 00:00:00+00:00,0,-6.354166666666667
1767812400000,236,0.3530168761487521,235.41162062538777,2098781.9274300775,0.35471513017198925,121,0.5127118644067796,0.5010845294385219,53,0.2245762711864407,0.22312858000085717,62,0.2627118644067797,,,0.0,,,0.0,0.24401576803183603,0.11069936214015318,121,121,466.26446280991735,512.0,0.6584229251373913,0.9669421487603306,6.331355537387064e-05,8.988180809051362e+24,6619170.670670761,19,2026-01-07 00:00:00+00:00,0,-6.3125
1767816000000,212,0.3687454016083706,224.0102553828341,1978360.6432411964,0.4011342560239288,124,0.5849056603773585,0.4729469895000124,36,0.16981132075471697,0.15221269549132807,50,0.2358490566037736,1.8983254987202667,2.0,0.009433962264150943,,,0.0,0.23100519106118841,0.1701290649627404,124,124,463.89516129032256,493.0,0.6555605209448712,0.9435483870967742,5.91521640840327e-05,9.015089575086257e+24,5175967.371777996,20,2026-01-07 00:00:00+00:00,0,-6.270833333333333
1767819600000,87,0.3232398992680077,84.34837709686849,794760.0515931103,0.3622545852438807,55,0.632183908045977,0.2005304665523297,20,0.22988505747126436,0.34893830973805323,12,0.13793103448275862,,,0.0,,,0.0,0.19810568845660462,0.16414889678727607,55,55,473.3454545454546,473.0,0.6614279613843745,0.9272727272727272,3.8412530187778863e-05,9.110936159275331e+24,2734663.135438275,21,2026-01-07 00:00:00+00:00,0,-6.229166666666667
1767823200000,121,0.3184416038956606,107.47829651293046,1012266.1391683422,0.3323888060758139,61,0.5041322314049587,0.26505952350139084,36,0.2975206611570248,0.36306558561250873,24,0.19834710743801653,,,0.0,,,0.0,0.1790125350255723,0.1533762710502416,61,61,479.91803278688525,430.0,0.6523780899970565,0.9016393442622951,4.892733386657749e-05,9.137037975057022e+24,3290675.655270762,22,2026-01-07 00:00:00+00:00,0,-6.1875
1767826800000,186,0.4411206688561025,224.26247091082726,1980314.6133060704,0.40902400545849754,112,0.6021505376344086,0.7636831195842677,38,0.20430107526881722,0.19226673261737678,35,0.1881720430107527,0.48846161007298855,1.0,0.005376344086021506,,,0.0,0.24209730290262907,0.16692670255586844,112,112,501.49107142857144,493.0,0.6754637638821466,0.9553571428571429,5.4446365357607395e-05,9.160044377618159e+24,5703293.343706718,23,2026-01-07 00:00:00+00:00,0,-6.145833333333333
1767830400000,167,0.35704691309890196,162.59174263958215,1445702.5945698856,0.5160628297922195,78,0.46706586826347307,0.27326772422965473,38,0.2275449101796407,0.1762698086862083,51,0.30538922155688625,,,0.0,,,0.0,0.3022733222768823,0.2137895075153373,78,78,463.15384615384613,447.5,0.6553299244040898,0.8974358974358975,5.293028600978069e-05,9.136274362431599e+24,4393199.419196836,0,2026-01-08 00:00:00+00:00,0,-6.104166666666667
1767834000000,121,0.4099552358573129,143.61648755275863,1263587.921778828,0.38195179121520373,64,0.5289256198347108,0.5398238123829764,37,0.30578512396694213,0.28882993475197627,17,0.14049586776859505,0.09202631733603296,3.0,0.024793388429752067,,,0.0,0.19850355979706982,0.1834482314181339,64,64,505.0,553.0,0.6920241957726692,0.953125,4.1816732507654984e-05,9.121365581393768e+24,3959107.714277861,1,2026-01-08 00:00:00+00:00,0,-6.0625
1767837600000,271,0.37986754739151396,287.44741045077734,2594607.3703595134,0.43821870023183623,138,0.5092250922509225,0.469494385803443,64,0.23616236162361623,0.1815701765360505,66,0.24354243542435425,0.14621745610240147,3.0,0.01107011070110701,,,0.0,0.1915039330977628,0.24671476713407342,138,138,468.0072463768116,485.5,0.6650672750327833,0.9637681159420289,6.744688572548664e-05,9.069806245825257e+24,7820116.4251794685,2,2026-01-08 00:00:00+00:00,0,-6.020833333333333
1767841200000,254,0.38393154933603996,266.5895803722225,2376960.166872901,0.4532337002883795,146,0.5748031496062992,0.44326228757543173,48,0.1889763779527559,0.1701810450418947,59,0.23228346456692914,0.029221828158233216,1.0,0.003937007874015748,,,0.0,0.28024735554115127,0.17298634474722827,146,146,429.76027397260276,426.0,0.632402109059636,0.9657534246575342,6.415267100552381e-05,9.099143322370491e+24,6660565.875088327,3,2026-01-08 00:00:00+00:00,0,-5.979166666666667
1767844800000,211,0.3812120352314778,223.8421525810716,1979144.7157504805,0.4092038074603371,120,0.5687203791469194,0.5083131256279846,41,0.1943127962085308,0.16698249700338444,45,0.2132701421800948,0.5952464045403403,5.0,0.023696682464454975,,,0.0,0.20981217694904328,0.1993916305112938,120,120,469.4166666666667,493.0,0.6589320323001867,0.925,5.805237826882309e-05,9.020621671385687e+24,5698696.2291108,4,2026-01-08 00:00:00+00:00,0,-5.9375
1767848400000,174,0.41962709437105433,222.98572419503196,1742511.17219282,0.45756596646818837,100,0.5747126436781609,0.5804385248931551,38,0.21839080459770116,0.1444959396612423,36,0.20689655172413793,,,0.0,,,0.0,0.21647395981342438,0.24109200665476394,100,100,466.58,445.0,0.663251776380065,0.97,4.7583255665192117e-05,9.123803348778181e+24,4686395.082198139,5,2026-01-08 00:00:00+00:00,0,-5.895833333333333
1767852000000,443,0.48756572986023006,526.4889601736147,4352042.7525226595,0.5198492534802872,189,0.42663656884875845,0.7251592975247989,109,0.24604966139954854,0.25783634853040055,142,0.32054176072234764,0.6949948329292308,3.0,0.006772009029345372,,,0.0,0.24100543981228376,0.2788438136680035,189,189,462.6084656084656,465.0,0.65754289903287,0.9788359788359788,0.00011336039582816725,8.256868810697135e+24,18885158.728241324,6,2026-01-08 00:00:00+00:00,0,-5.854166666666667
1767855600000,397,0.5065824162154057,492.3917651770389,3940344.0368292504,0.6164855854673513,157,0.3954659949622166,0.6796842746715851,92,0.23173803526448364,0.2834037753453616,147,0.3702770780856423,0.1336740735878869,1.0,0.0025188916876574307,,,0.0,0.24286094759894894,0.37362463786840233,157,157,487.54777070063693,501.0,0.6781354078122586,0.9681528662420382,0.00010101111408907408,7.911074336586497e+24,15166391.363528693,7,2026-01-08 00:00:00+00:00,0,-5.8125
1767859200000,238,0.37254165683858603,219.95369926167157,2048447.2306902846,0.4047319358936617,115,0.4831932773109244,0.47502520879640625,60,0.25210084033613445,0.20524394722021927,59,0.24789915966386555,0.3774590715087686,4.0,0.01680672268907563,,,0.0,0.2181249995637232,0.1866069363299385,115,115,489.95652173913044,485.0,0.6781196182295547,0.9478260869565217,5.313098040372431e-05,8.126550150277446e+24,6534508.289803442,8,2026-01-08 00:00:00+00:00,0,-5.770833333333333
1767862800000,266,0.3346351316080407,228.25359501855385,2260239.8362981267,0.4020999953303221,123,0.462406015037594,0.4303734867303047,59,0.22180451127819548,0.1727160203422192,81,0.30451127819548873,0.05753740576715785,3.0,0.011278195488721804,,,0.0,0.22531389131303303,0.17678610401728906,123,123,499.3170731707317,460.0,0.6884474545831699,0.943089430894309,5.9093937987318207e-05,8.002869599071413e+24,7068007.532341125,9,2026-01-08 00:00:00+00:00,0,-5.729166666666667
1767866400000,222,0.4200845009584225,234.46156428812978,1994794.3414764984,0.486732815524251,91,0.4099099099099099,0.561535874498906,61,0.2747747747747748,0.21017692365185267,70,0.3153153153153153,,,0.0,,,0.0,0.27113922776542415,0.2155935877588268,91,91,474.967032967033,458.0,0.6637201485351393,0.9230769230769231,6.542474261452123e-05,8.092367495376562e+24,6550761.144110342,10,2026-01-08 00:00:00+00:00,0,-5.6875
1767870000000,266,0.37027839832720166,251.15799101550598,2102537.364983011,0.4248411206477737,95,0.35714285714285715,0.5181181987554864,71,0.2669172932330827,0.2206053795350719,96,0.3609022556390977,0.042409736622673624,4.0,0.015037593984962405,,,0.0,0.2757278293069139,0.14911329134085977,95,95,442.61052631578946,450.0,0.6358401877646126,0.9578947368421052,6.819179903794009e-05,8.167757256495683e+24,7620205.736211525,11,2026-01-08 00:00:00+00:00,0,-5.645833333333333
1767873600000,241,0.33515819319642925,200.93044361677633,1926195.6684808654,0.4173479405677779,104,0.4315352697095436,0.368613698451488,54,0.22406639004149378,0.21040721716759278,83,0.34439834024896265,,,0.0,,,0.0,0.22380652834448814,0.19354141222328977,104,104,453.83653846153845,466.0,0.6530206740448913,0.9903846153846154,6.96291938098637e-05,8.315240809797255e+24,7398450.559146719,12,2026-01-08 00:00:00+00:00,0,-5.604166666666667
1767877200000,168,0.37113286713604793,157.6074032856488,1404324.6532895744,0.4387945228678517,68,0.40476190476190477,0.4344503153892959,47,0.27976190476190477,0.2281722509536835,53,0.31547619047619047,,,0.0,,,0.0,0.1843491647951215,0.25444535807273017,68,68,436.86764705882354,447.0,0.6382154347559564,0.9852941176470589,5.45672733697102e-05,8.319754026302172e+24,5357675.932600913,13,2026-01-08 00:00:00+00:00,0,-5.5625
1767880800000,609,0.5006688580986248,808.8097161556246,6194810.745978158,0.5218419207099272,248,0.4072249589490969,0.7763202555057853,158,0.2594417077175698,0.2559408447023533,199,0.32676518883415434,0.47492744507954354,4.0,0.006568144499178982,,,0.0,0.21034569277072312,0.31149622793920406,248,248,469.8024193548387,480.5,0.663251208840769,0.9798387096774194,0.0001110870514855604,8.280536946092851e+24,19984014.470848188,14,2026-01-08 00:00:00+00:00,0,-5.520833333333333
1767884400000,494,0.402112157660241,498.49763127073567,4418575.862152428,0.3977026360061101,237,0.4797570850202429,0.5608127357337419,124,0.25101214574898784,0.25984053910777555,131,0.2651821862348178,0.4039956483041793,2.0,0.004048582995951417,,,0.0,0.22635648274739426,0.17134615325871588,237,237,446.6033755274262,449.0,0.6382060523251419,0.9662447257383966,9.533212074672364e-05,8.382041321335042e+24,12806297.228873694,15,2026-01-08 00:00:00+00:00,0,-5.479166666666667
1767888000000,301,0.3744662061711279,293.86665795872216,2615022.7873177584,0.42282176020611945,161,0.5348837209302325,0.470736428659283,62,0.2059800664451827,0.209731439367571,72,0.23920265780730898,0.0589504088306019,6.0,0.019933554817275746,,,0.0,0.28430348515378673,0.13851827505233272,161,161,473.14906832298135,490.0,0.6640524182939517,0.9440993788819876,7.904260355489652e-05,8.717928630301337e+24,8085669.287403449,16,2026-01-08 00:00:00+00:00,0,-5.4375
1767891600000,259,0.4103800722775874,309.64216339948797,2738092.79414211,0.3893643776394968,152,0.5868725868725869,0.6623325277594224,58,0.22393822393822393,0.17043284134886458,48,0.18532818532818532,0.5089903238996172,1.0,0.003861003861003861,,,0.0,0.18894490706255831,0.20041947057693846,152,152,444.4342105263158,444.5,0.63995418503221,0.9605263157894737,5.307003085158874e-05,9.637088596856838e+24,6891020.846886008,17,2026-01-08 00:00:00+00:00,0,-5.395833333333333
1767895200000,164,0.39854648205768417,188.13274948797653,1767875.4074392612,0.4151187169973449,101,0.6158536585365854,0.5338871331889238,28,0.17073170731707318,0.24245122604110003,35,0.21341463414634146,,,0.0,,,0.0,0.22030397492078446,0.19481474207656052,101,101,425.03960396039605,442.0,0.6307582807726505,0.9801980198019802,5.276825710037643e-05,9.229352338211538e+24,4675527.270040362,18,2026-01-08 00:00:00+00:00,0,-5.354166666666667
1767898800000,156,0.35321098383333027,155.31000288603687,1456560.295734605,0.39604413273508465,93,0.5961538461538461,0.3617239197754098,37,0.23717948717948717,0.18788554238255728,26,0.16666666666666666,,,0.0,,,0.0,0.18189560711120029,0.21414852562388437,93,93,485.6989247311828,479.0,0.6734735634146587,0.946236559139785,4.940777292141856e-05,9.545569567907004e+24,4463857.33596098,19,2026-01-08 00:00:00+00:00,0,-5.3125
1767902400000,222,0.3426788115550114,207.03155919330396,1930131.0331786158,0.3641572067693496,123,0.5540540540540541,0.41536142408211535,57,0.25675675675675674,0.18489460478838737,41,0.18468468468468469,0.027079763578075906,1.0,0.0045045045045045045,,,0.0,0.1753425080877617,0.18881469868158784,123,123,504.2276422764228,480.0,0.684618313614489,0.9105691056910569,6.535645378610144e-05,8.916376500594682e+24,5476072.367830296,20,2026-01-08 00:00:00+00:00,0,-5.270833333333333
1767906000000,91,0.2864951892075761,76.35566536475588,716743.584694891,0.29372073606079796,47,0.5164835164835165,0.3490069514528822,22,0.24175824175824176,0.20854703141220535,22,0.24175824175824176,,,0.0,,,0.0,0.16227256843240007,0.1314481676283979,47,47,499.3404255319149,440.0,0.6555832768227345,0.9574468085106383,3.696207111410246e-05,9.368225929378886e+24,2889736.322551146,21,2026-01-08 00:00:00+00:00,0,-5.229166666666667
1767909600000,113,0.32213689863480993,107.16055063184918,957086.2692879906,0.39847517603959925,64,0.5663716814159292,0.2960307568656683,27,0.23893805309734514,0.1321012656284601,22,0.19469026548672566,,,0.0,,,0.0,0.2285162573294136,0.16995891871018562,64,64,458.90625,443.0,0.6388269237815154,0.953125,4.972815351195973e-05,9.139937994893259e+24,3497674.194151744,22,2026-01-08 00:00:00+00:00,0,-5.1875
1767913200000,99,0.43579802607903556,122.87785149745376,1011570.3130094134,0.47954887650175904,62,0.6262626262626263,0.5031632701597205,21,0.21212121212121213,0.1780350358624828,15,0.15151515151515152,0.17502002742408956,1.0,0.010101010101010102,,,0.0,0.20680224939072991,0.27274662711102915,62,62,434.5806451612903,464.5,0.6263139942056485,0.9516129032258065,4.19133795557751e-05,9.146652370071155e+24,2821643.177663341,23,2026-01-08 00:00:00+00:00,0,-5.145833333333333
1767916800000,85,0.294869146971359,71.2905232286872,672674.8532183011,0.34650456907441274,46,0.5411764705882353,0.3242913921278631,20,0.23529411764705882,0.1464993186400941,18,0.21176470588235294,0.0018517370635748396,1.0,0.011764705882352941,,,0.0,0.2491243444545663,0.09738022461984644,46,46,444.60869565217394,457.0,0.6392975857461753,0.9347826086956522,3.4637832219814194e-05,9.197387035038293e+24,2555841.24367656,0,2026-01-09 00:00:00+00:00,0,-5.104166666666667
1767920400000,220,0.4383553547062868,284.1221725683288,2411008.4061586284,0.4742452385006538,110,0.5,0.6782640700238605,40,0.18181818181818182,0.2418494799569605,68,0.3090909090909091,0.3474371811417196,2.0,0.00909090909090909,,,0.0,0.24899222323110962,0.22525301526954422,110,110,493.0,508.5,0.6839049667993135,0.9454545454545454,0.00010537930704988282,9.574527990763492e+24,8476874.814159025,1,2026-01-09 00:00:00+00:00,0,-5.0625
1767924000000,156,0.3793522303084806,170.17082673244303,1428627.758206773,0.49315323812705597,85,0.5448717948717948,0.35552136159091036,28,0.1794871794871795,0.15822910060704495,38,0.24358974358974358,0.2587237479420032,5.0,0.03205128205128205,,,0.0,0.29678618166646364,0.19636705646059233,85,85,481.6823529411765,445.0,0.6705550499190158,0.9176470588235294,4.6784492022088096e-05,9.257289034100162e+24,4609714.938348438,2,2026-01-09 00:00:00+00:00,0,-5.020833333333333
1767927600000,147,0.2977798923381527,123.67195977347642,1111084.0508606571,0.4256336248367566,57,0.3877551020408163,0.22118071974427103,45,0.30612244897959184,0.20349000594957112,43,0.2925170068027211,0.4046624568447852,2.0,0.013605442176870748,,,0.0,0.2273333626727096,0.19830026216404698,57,57,517.8245614035088,497.0,0.7021460189006836,0.9298245614035088,4.288657149177545e-05,9.257900483322072e+24,4237579.777219714,3,2026-01-09 00:00:00+00:00,0,-4.979166666666667
1767931200000,100,0.25703403221378845,76.1302133084144,765499.1441745078,0.389935355832545,36,0.36,0.20330578446057185,33,0.33,0.16156287635079306,30,0.3,0.10975323368456276,1.0,0.01,,,0.0,0.25346590752716747,0.13646944830537755,36,36,484.0,438.0,0.6761399244267989,0.8611111111111112,3.9447335163926354e-05,9.239139567678338e+24,3306529.27201396,4,2026-01-09 00:00:00+00:00,0,-4.9375
1767934800000,91,0.33071221838364395,81.31779370664319,710396.3709892073,0.40848571630401503,35,0.38461538461538464,0.32653770955734496,27,0.2967032967032967,0.24533975625939244,28,0.3076923076923077,0.11178046895976652,1.0,0.01098901098901099,,,0.0,0.2204837192820886,0.18800199702192646,35,35,481.74285714285713,513.0,0.6602109843380214,0.9142857142857143,3.857473668704125e-05,9.212048374228508e+24,3266893.9679719587,5,2026-01-09 00:00:00+00:00,0,-4.895833333333333
1767938400000,94,0.3853212010723121,101.23249278047288,948610.5179649482,0.4336214757594094,48,0.5106382978723404,0.395890935291022,20,0.2127659574468085,0.28802089840481715,26,0.2765957446808511,,,0.0,,,0.0,0.27797115004451656,0.1556503257148928,48,48,518.6875,563.0,0.7098270413814359,0.9375,4.165937279941395e-05,9.2162702647378e+24,3280077.8359998567,6,2026-01-09 00:00:00+00:00,0,-4.854166666666667
1767942000000,120,0.3163515278670767,107.4418047005841,982339.1781663827,0.3628303010651543,72,0.6,0.2827518356979261,20,0.16666666666666666,0.22511714659003274,26,0.21666666666666667,0.16515957102936157,2.0,0.016666666666666666,,,0.0,0.22478765854558716,0.13804264251956713,72,72,474.9583333333333,461.0,0.6716449974125999,0.9305555555555556,3.40574840013006e-05,9.286722082940843e+24,3508664.588600926,7,2026-01-09 00:00:00+00:00,0,-4.8125
1767945600000,276,0.41263003434440093,312.6381412004715,2755820.5835939297,0.46305435480222756,107,0.38768115942028986,0.5148400194906936,69,0.25,0.29093558322786867,99,0.358695652173913,0.01248943079945692,1.0,0.0036231884057971015,,,0.0,0.2525792692481842,0.2104750855540433,107,107,488.05607476635515,496.0,0.6742236673330217,0.9532710280373832,7.197833494852858e-05,9.293548331052618e+24,9420599.707442299,8,2026-01-09 00:00:00+00:00,0,-4.770833333333333
1767949200000,171,0.37914738421513855,185.67048262799577,1595379.4851507253,0.4333130189818193,86,0.5029239766081871,0.492862121887685,32,0.1871345029239766,0.2258550774750627,52,0.30409356725146197,0.05323113924304929,1.0,0.005847953216374269,,,0.0,0.22694847735514276,0.20636454162667653,86,86,474.80232558139534,475.5,0.6709072843960395,0.9651162790697675,5.197036345878861e-05,9.459040184119501e+24,5141571.175837107,9,2026-01-09 00:00:00+00:00,0,-4.729166666666667
1767952800000,72,0.3310767726190818,84.92526744939659,770685.6717620197,0.3954665065510577,37,0.5138888888888888,0.3707054789915301,21,0.2916666666666667,0.10146084481161599,14,0.19444444444444445,,,0.0,,,0.0,0.1765993813655611,0.21886712518549656,37,37,385.8918918918919,390.0,0.6015211617857,0.9459459459459459,3.10495753897236e-05,1.158295830626333e+25,3114826.544613985,10,2026-01-09 00:00:00+00:00,0,-4.6875
1767956400000,102,0.28054249130392234,96.77104474923983,770817.6085898962,0.31039640177103767,38,0.37254901960784315,0.38491089280058055,28,0.27450980392156865,0.1695065474161468,35,0.3431372549019608,0.1100366877192513,1.0,0.00980392156862745,,,0.0,0.13026321746350308,0.18013318430753458,38,38,444.42105263157896,418.5,0.642278116404355,0.9210526315789473,3.964534941785918e-05,1.0611758898092774e+25,3214715.582354265,11,2026-01-09 00:00:00+00:00,0,-4.645833333333333
1767960000000,91,0.2917012973197809,91.38336810960143,850160.9666401382,0.3086441408216812,47,0.5164835164835165,0.25989857315962445,23,0.25274725274725274,0.2886131549909373,21,0.23076923076923078,,,0.0,,,0.0,0.1603016071448646,0.14834253367681657,47,47,466.6595744680851,479.0,0.6618535566047051,0.9574468085106383,3.45526606374741e-05,1.1274890602536297e+25,3317248.2132320437,12,2026-01-09 00:00:00+00:00,0,-4.604166666666667
1767963600000,230,0.4193129308023396,307.3648392994031,2655358.658846975,0.459027324691973,92,0.4,0.546152971752191,63,0.27391304347826084,0.26730121616074387,74,0.3217391304347826,0.023532996593523543,1.0,0.004347826086956522,,,0.0,0.2453836332731642,0.21364369141880876,92,92,512.0326086956521,541.5,0.6955836751711079,0.9130434782608695,6.593528835844412e-05,1.0779928825625072e+25,8460155.23368036,13,2026-01-09 00:00:00+00:00,0,-4.5625
1767967200000,425,0.41159028345581544,532.6586063302227,4575416.891365792,0.44469724736884186,203,0.4776470588235294,0.6116246454664872,98,0.23058823529411765,0.1994781438865945,122,0.28705882352941176,0.18839022148320422,2.0,0.004705882352941176,,,0.0,0.23826968336104626,0.20642756400779558,203,203,489.20197044334975,493.0,0.6681357945601937,0.9556650246305419,7.905758540313284e-05,1.0097565026695925e+25,12112398.214675587,14,2026-01-09 00:00:00+00:00,0,-4.520833333333333
1767970800000,631,0.48099944544352713,915.6592682426123,7681155.406976059,0.5421399375628995,258,0.40887480190174325,0.6911384860684449,162,0.25673534072900156,0.24059183459952715,206,0.3264659270998415,0.42243870260938543,5.0,0.00792393026941363,,,0.0,0.21236959595689744,0.329770341606002,258,258,488.1356589147287,517.5,0.6802728000818761,0.9651162790697675,0.00012021110776670564,9.999326273777287e+24,20527912.864748117,15,2026-01-09 00:00:00+00:00,0,-4.479166666666667
1767974400000,340,0.3710559927256991,425.5299900449113,3934659.581543112,0.3909065116447294,150,0.4411764705882353,0.3957029309768835,102,0.3,0.31210270053778566,87,0.25588235294117645,0.008426873598811065,1.0,0.0029411764705882353,,,0.0,0.18679041499991642,0.204116096644813,150,150,461.8466666666667,499.0,0.6527420601551036,0.98,7.197792267039554e-05,1.1359254749956978e+25,11572935.191908147,16,2026-01-09 00:00:00+00:00,0,-4.4375
1767978000000,252,0.40893770707650656,363.57745767101477,3130105.359923044,0.43251450282927195,135,0.5357142857142857,0.5425239769228938,62,0.24603174603174602,0.20047923149288216,55,0.21825396825396826,,,0.0,,,0.0,0.21885509182080623,0.21365941100846572,135,135,486.77777777777777,518.0,0.6773716496310139,0.9555555555555556,6.0924269372276155e-05,1.0852839409563955e+25,8922360.084161863,17,2026-01-09 00:00:00+00:00,0,-4.395833333333333
1767981600000,301,0.38215220421665086,347.53431719728826,2961126.439722956,0.3883059306033087,164,0.5448504983388704,0.5765975881768326,64,0.21262458471760798,0.20081814281766786,71,0.23588039867109634,0.09265353344878408,2.0,0.006644518272425249,,,0.0,0.20372094432141669,0.18458498628189204,164,164,457.7378048780488,454.0,0.6460472585041526,0.9573170731707317,7.255405571040403e-05,9.496570820752042e+24,9135360.852824084,18,2026-01-09 00:00:00+00:00,0,-4.354166666666667
1767985200000,196,0.32753810380949044,186.9829763201448,1784041.1812774348,0.3616931253532419,98,0.5,0.3278942634425006,46,0.23469387755102042,0.23422189428317172,50,0.25510204081632654,0.9786556147644019,2.0,0.01020408163265306,,,0.0,0.21655823395324134,0.14513489140000058,98,98,470.1326530612245,480.0,0.6616691348999953,0.9591836734693877,5.686744238691455e-05,9.56107500637537e+24,7826621.590523506,19,2026-01-09 00:00:00+00:00,0,-4.3125
1767988800000,149,0.3557206901029776,155.14738624350045,1409417.6551837823,0.41320734592699504,80,0.5369127516778524,0.35282645420783015,45,0.30201342281879195,0.17288014006339977,23,0.15436241610738255,0.09236149037350568,1.0,0.006711409395973154,,,0.0,0.15459707497940484,0.25861027094759015,80,80,497.8375,454.5,0.66025411315523,0.925,4.6888780395038924e-05,9.590608601855058e+24,4627578.977362474,20,2026-01-09 00:00:00+00:00,0,-4.270833333333333
1767992400000,75,0.4191659269111885,89.0751417633775,748004.0314702138,0.49290543890083893,39,0.52,0.4976560345620893,20,0.26666666666666666,0.14948344994266385,15,0.2,0.018759960824677742,1.0,0.013333333333333334,,,0.0,0.1512936828121193,0.34161175608871963,39,39,502.6923076923077,513.0,0.6885172200579411,0.9487179487179487,4.534969951705202e-05,9.556278396820133e+24,3078454.7794680144,21,2026-01-09 00:00:00+00:00,0,-4.229166666666667
1767996000000,72,0.3379929736275559,71.23445494709999,656976.48954214,0.34569592976130353,30,0.4166666666666667,0.3208144400069623,27,0.375,0.2743663922825427,14,0.19444444444444445,1.4614968362013379,1.0,0.013888888888888888,,,0.0,0.2675442137922339,0.0781517159690696,30,30,569.9666666666667,473.5,0.707474899889193,0.8666666666666667,3.846626698621116e-05,9.555559109614445e+24,3007268.1325836047,22,2026-01-09 00:00:00+00:00,0,-4.1875
1767999600000,54,0.35620266691093977,57.844877401454774,508589.4463845454,0.4281263554230825,29,0.5370370370370371,0.29522775338598845,16,0.2962962962962963,0.23284840574950427,9,0.16666666666666666,,,0.0,,,0.0,0.239738192572898,0.18838816285018456,29,29,536.5172413793103,562.0,0.7041606317672793,0.896551724137931,3.326542389781326e-05,9.59244582216244e+24,2396194.0577473626,23,2026-01-09 00:00:00+00:00,0,-4.145833333333333
1768003200000,39,0.1654596244049548,21.359689022279557,258435.511002632,0.15144965284761733,12,0.3076923076923077,0.22017496215140459,16,0.41025641025641024,0.10115728392721408,11,0.28205128205128205,,,0.0,,,0.0,0.09573068952234504,0.0557189633252723,12,12,329.5,289.0,0.5374388922703489,1.0,3.0731274996181115e-05,9.62969231332262e+24,2662496.870778311,0,2026-01-10 00:00:00+00:00,0,-4.104166666666667
1768006800000,46,0.26902218953839346,35.45535892563144,371039.6785427672,0.2614278702521852,12,0.2608695652173913,0.37735381390101536,18,0.391304347826087,0.15284485159510003,16,0.34782608695652173,,,0.0,,,0.0,0.27064351081414745,-0.009215640561962184,12,12,558.8333333333334,548.0,0.7415857488727445,0.9166666666666666,3.326615709780257e-05,9.617113336040768e+24,2758006.1957628466,1,2026-01-10 00:00:00+00:00,0,-4.0625
1768010400000,71,0.2257410806321536,48.40415139556446,523969.0106625463,0.34921133296903784,22,0.30985915492957744,0.2205721854428543,26,0.36619718309859156,0.11348219904564605,23,0.323943661971831,,,0.0,,,0.0,0.20277763420848702,0.1464336987605508,22,22,596.4090909090909,580.5,0.7438599211006053,0.8181818181818182,3.265275072945703e-05,9.61525678263379e+24,3159590.061914539,2,2026-01-10 00:00:00+00:00,0,-4.020833333333333
1768014000000,126,0.352809557565149,137.0182870381651,1029060.0079471968,0.43861302856092377,41,0.3253968253968254,0.4808129770642153,39,0.30952380952380953,0.17006908793659822,45,0.35714285714285715,0.06605501955958633,1.0,0.007936507936507936,,,0.0,0.20867239042466146,0.22994063813626228,41,41,516.4878048780488,519.0,0.6929200773691155,0.926829268292683,7.141190583598222e-05,9.495734160948579e+24,6853074.72220411,3,2026-01-10 00:00:00+00:00,0,-3.9791666666666665
1768017600000,211,0.35525534571918016,213.54367748124096,1810461.163862128,0.44021842629587726,68,0.3222748815165877,0.5013525972764975,56,0.26540284360189575,0.19645191337692722,86,0.4075829383886256,0.05341496072774982,1.0,0.004739336492890996,,,0.0,0.3005312177640684,0.1396872085318089,68,68,488.70588235294116,514.5,0.6762413266639866,0.9411764705882353,6.775670895445799e-05,9.370359463152683e+24,7952326.2009725515,4,2026-01-10 00:00:00+00:00,0,-3.9375
1768021200000,174,0.3917260461065176,195.34584647568724,1664437.6251404511,0.5254456546779536,54,0.3103448275862069,0.45451557558047684,55,0.3160919540229885,0.2362686771026777,62,0.3563218390804598,0.04641734421077414,3.0,0.017241379310344827,,,0.0,0.3417024552459172,0.18374319943203632,54,54,543.5925925925926,563.0,0.7305628584476126,0.9814814814814815,5.636911695431323e-05,9.425578264775536e+24,6149395.176000265,5,2026-01-10 00:00:00+00:00,0,-3.8958333333333335
1768024800000,129,0.336130389828881,125.19011143802123,1202462.3567432072,0.38724870042996234,60,0.46511627906976744,0.40095816518335,36,0.27906976744186046,0.17539575354073245,32,0.24806201550387597,0.0787402022238712,1.0,0.007751937984496124,,,0.0,0.2255756454147929,0.1616730550151694,60,60,478.8,493.0,0.6722695192823217,0.9166666666666666,4.33070799739456e-05,9.348328471571288e+24,4318732.478777514,6,2026-01-10 00:00:00+00:00,0,-3.8541666666666665
1768028400000,93,0.4103203496406302,114.65609437842097,917475.8567528516,0.3580925692010684,35,0.3763440860215054,0.4918076876604873,33,0.3548387096774194,0.4012581224692973,23,0.24731182795698925,0.0839810424756457,2.0,0.021505376344086023,,,0.0,0.19739761467060488,0.1606949545304635,35,35,512.8285714285714,543.0,0.6695824499316142,0.7714285714285715,3.253766729097778e-05,9.558278123594676e+24,3963934.849728434,7,2026-01-10 00:00:00+00:00,0,-3.8125
1768032000000,129,0.3455047291278416,122.06824554921845,1012319.1538467727,0.6101581156544216,30,0.23255813953488372,0.4055950615601276,40,0.31007751937984496,0.17510805009145883,56,0.43410852713178294,0.07850444011070574,3.0,0.023255813953488372,,,0.0,0.30435439814628273,0.3058037175081389,30,30,473.73333333333335,501.0,0.6639317394676979,0.9666666666666667,4.2533925858122036e-05,9.507407583361642e+24,4692721.443100356,8,2026-01-10 00:00:00+00:00,0,-3.7708333333333335
1768035600000,150,0.4138557145177088,190.27608010530886,1497162.111649178,0.43758681507196356,48,0.32,0.5609165391993453,52,0.3466666666666667,0.24083301076045405,48,0.32,0.1732727496671646,2.0,0.013333333333333334,,,0.0,0.25494114780980154,0.182645667262162,48,48,462.0625,437.0,0.6443320378276157,0.9583333333333334,5.685316739900992e-05,9.67927923366561e+24,6888511.001068968,9,2026-01-10 00:00:00+00:00,0,-3.7291666666666665
1768039200000,130,0.38711657256736975,166.83377559330734,1146613.6523457984,0.5515593746027178,45,0.34615384615384615,0.46688318719789296,42,0.3230769230769231,0.1397382824662738,42,0.3230769230769231,0.026880850740763358,1.0,0.007692307692307693,,,0.0,0.2509052978319316,0.3006540767707862,45,45,471.44444444444446,506.0,0.6611629437091029,0.9555555555555556,5.064464463452106e-05,9.762124942274127e+24,4433817.556939307,10,2026-01-10 00:00:00+00:00,0,-3.6875
1768042800000,84,0.1540441135695924,36.84546951153101,339510.9308630819,0.2168769466051642,17,0.20238095238095238,0.10556132642064386,37,0.44047619047619047,0.18436721743620343,29,0.34523809523809523,0.00037906434424778905,1.0,0.011904761904761904,,,0.0,0.1451272149814026,0.07174973162376161,17,17,604.8823529411765,608.0,0.7573236886171367,0.8823529411764706,3.1708025250295685e-05,9.867037738436236e+24,2708467.867347078,11,2026-01-10 00:00:00+00:00,0,-3.6458333333333335
1768046400000,61,0.2465290969515814,46.42267577713723,462210.4897552089,0.5690054934616513,13,0.21311475409836064,0.19911755263638983,27,0.4426229508196721,0.11770198814002608,19,0.3114754098360656,0.014345901600988094,2.0,0.03278688524590164,,,0.0,0.2443110706308666,0.32469442283078465,13,13,495.6923076923077,546.0,0.6842475881166297,0.9230769230769231,2.799272675136926e-05,9.83620007806747e+24,4122943.196898855,12,2026-01-10 00:00:00+00:00,0,-3.6041666666666665
1768050000000,115,0.2750847076182357,101.87539776602395,907324.7030482185,0.35545722730955615,27,0.23478260869565218,0.33097646796799146,33,0.28695652173913044,0.19462519394071784,51,0.4434782608695652,0.29732197620469053,4.0,0.034782608695652174,,,0.0,0.2856366671463335,0.06982056016322266,27,27,535.0,528.0,0.7156927367881061,0.8518518518518519,3.855416677504702e-05,1.044762581521765e+25,4995197.969869735,13,2026-01-10 00:00:00+00:00,0,-3.5625
1768053600000,173,0.3329965623594261,181.53230135477835,1577253.5265140343,0.46394592288087705,40,0.23121387283236994,0.45220302908596827,47,0.27167630057803466,0.21059892479284248,83,0.4797687861271676,0.10577174936639834,3.0,0.017341040462427744,,,0.0,0.1954800156234457,0.26846590725743136,40,40,490.25,520.0,0.6812030919896331,0.95,4.534092144624361e-05,1.0323635298859761e+25,7494459.56497523,14,2026-01-10 00:00:00+00:00,0,-3.5208333333333335
1768057200000,221,0.30188568148545464,213.68348790121425,1731373.5016419312,0.5011341449189253,35,0.1583710407239819,0.5085278661684264,52,0.23529411764705882,0.16555043139596168,131,0.5927601809954751,0.3488283274979788,3.0,0.013574660633484163,,,0.0,0.22747279126384737,0.2736613536550779,35,35,495.8285714285714,524.0,0.6885777533266092,0.9714285714285714,6.11608160973586e-05,9.951882014777542e+24,9295108.886668488,15,2026-01-10 00:00:00+00:00,0,-3.4791666666666665
1768060800000,186,0.35094218776276537,195.7160986777137,1627944.9699012307,0.6370578975390324,49,0.26344086021505375,0.3388867872460693,56,0.3010752688172043,0.18095931862394055,79,0.42473118279569894,0.39298184369529565,2.0,0.010752688172043012,,,0.0,0.35843710031649695,0.2786207972225356,49,49,497.16326530612247,526.0,0.6875113880934844,0.9795918367346939,5.810142146342912e-05,9.86065168189056e+24,6891869.623119128,16,2026-01-10 00:00:00+00:00,0,-3.4375
1768064400000,167,0.26653130628393185,129.8849945054856,1182223.393480461,0.4048610054256023,36,0.2155688622754491,0.3492990430375625,45,0.2694610778443114,0.16705532562142386,83,0.49700598802395207,0.11722766360881441,3.0,0.017964071856287425,,,0.0,0.3101658425526068,0.09469516287299554,36,36,491.80555555555554,511.5,0.6815410724928365,0.8888888888888888,4.064998863701217e-05,9.737062842936178e+24,6211439.829287281,17,2026-01-10 00:00:00+00:00,0,-3.3958333333333335
1768068000000,169,0.4496528101511372,241.79592086591342,1839993.4287450751,0.5734752650561036,61,0.3609467455621302,0.5945495822743849,50,0.2958579881656805,0.1950931259624723,57,0.33727810650887574,0.16154645353971903,1.0,0.005917159763313609,,,0.0,0.37172418596932677,0.20175107908677675,61,61,470.5081967213115,499.0,0.6666266160852302,0.9672131147540983,5.122045452444104e-05,9.86901523533191e+24,6545976.190204703,18,2026-01-10 00:00:00+00:00,0,-3.3541666666666665
1768071600000,163,0.5469457186234944,375.3505257200489,2043140.3215381596,0.6179751658922308,61,0.37423312883435583,0.7239095319659633,53,0.32515337423312884,0.27032435547602174,44,0.26993865030674846,0.23883803621249727,5.0,0.03067484662576687,,,0.0,0.28059148578900583,0.33738368010322495,61,61,506.04918032786884,555.0,0.6954172005994654,0.9836065573770492,5.816638428865011e-05,9.655108756148748e+24,6322131.679738527,19,2026-01-10 00:00:00+00:00,0,-3.3125
1768075200000,120,0.32028836996512605,115.69389894428686,1046876.2453164181,0.36408791347545727,45,0.375,0.3857861288640473,43,0.35833333333333334,0.13038969620319707,30,0.25,0.7750769310848069,2.0,0.016666666666666666,,,0.0,0.28867822262641096,0.07540969084904622,45,45,534.7555555555556,546.0,0.7146044298943903,0.8444444444444444,3.970539147959729e-05,9.754540502121895e+24,4248581.8947671745,20,2026-01-10 00:00:00+00:00,0,-3.2708333333333335
1768078800000,75,0.3162225709180131,73.08322923786601,717940.1089046622,0.3184279164872118,21,0.28,0.3174243661074706,36,0.48,0.339306021707759,16,0.21333333333333335,0.08676652271322279,2.0,0.02666666666666667,,,0.0,0.1084286023963602,0.2099993140908516,21,21,524.7142857142857,508.0,0.7134852772912695,1.0,3.6220379377201815e-05,9.904311735180654e+24,4512964.652995077,21,2026-01-10 00:00:00+00:00,0,-3.2291666666666665
1768082400000,100,0.3921695254887734,125.79999139616676,1019235.880858371,0.4535463196540136,35,0.35,0.47579303170334136,35,0.35,0.23279893604532761,27,0.27,0.13483465938202238,3.0,0.03,,,0.0,0.3586233181922694,0.09492300146174415,35,35,486.6857142857143,499.0,0.6754397979888159,0.9142857142857143,3.847565601739256e-05,9.899818877673127e+24,4780180.55909265,22,2026-01-10 00:00:00+00:00,0,-3.1875
1768086000000,134,0.34504037519196334,156.19956584941198,1230639.1554801557,0.5694489393925178,61,0.4552238805970149,0.18016134073261636,21,0.15671641791044777,0.1582987581802706,48,0.3582089552238806,0.029324106185391892,4.0,0.029850746268656716,,,0.0,0.17689869047335055,0.39255024891916734,61,61,495.39344262295083,527.0,0.688666632585059,0.9672131147540983,4.165016444439775e-05,9.9902183853121e+24,4215375.283445492,23,2026-01-10 00:00:00+00:00,0,-3.1458333333333335
1768089600000,125,0.31022017382424133,121.93197681975573,1104425.461751968,0.4711831200342877,55,0.44,0.20579689406026996,30,0.24,0.16198482356200727,36,0.288,0.21427241402599637,4.0,0.032,,,0.0,0.21268323409952988,0.2584998859347578,55,55,568.6,506.0,0.70979577444186,0.8909090909090909,4.056667375713399e-05,1.0012038489981551e+25,3890902.700877943,0,2026-01-11 00:00:00+00:00,0,-3.1041666666666665
1768093200000,132,0.3309618302595219,153.00651366751242,1212695.393878401,0.4207503597345646,48,0.36363636363636365,0.44667334997536673,45,0.3409090909090909,0.08926409869218738,36,0.2727272727272727,0.05904534172918113,3.0,0.022727272727272728,,,0.0,0.17713439052013105,0.24361596921443351,48,48,520.5625,525.5,0.7028090629260516,0.8958333333333334,4.74882715324451e-05,1.0150209881408664e+25,4861859.969039816,1,2026-01-11 00:00:00+00:00,0,-3.0625
1768096800000,142,0.2686435518767622,122.5514817236639,1076338.8352380444,0.4499252375383964,40,0.28169014084507044,0.2716918994224693,45,0.31690140845070425,0.15098259063814642,52,0.36619718309859156,0.014628935553929476,5.0,0.035211267605633804,,,0.0,0.1970219243395696,0.25290331319882675,40,40,525.75,502.5,0.6975701124975094,0.875,4.08968274894805e-05,1.0117209803065614e+25,5591591.059384591,2,2026-01-11 00:00:00+00:00,0,-3.0208333333333335
1768100400000,128,0.30392553997250854,113.46447451283682,1015444.9879994397,0.48615712609952616,36,0.28125,0.3122259444699538,32,0.25,0.19775779780625383,57,0.4453125,0.045795959634387935,3.0,0.0234375,,,0.0,0.30008647041398206,0.18607065568554404,36,36,512.9444444444445,522.0,0.6949275461282854,0.9444444444444444,4.3480277821455197e-05,1.0207719416305601e+25,6188920.724288679,3,2026-01-11 00:00:00+00:00,0,-2.9791666666666665
1768104000000,209,0.25906931473292094,161.51398326055303,1486494.9350759275,0.3668130918191395,53,0.2535885167464115,0.34975592889767926,51,0.24401913875598086,0.1624413882060271,102,0.4880382775119617,0.09927298065655889,3.0,0.014354066985645933,,,0.0,0.23038919442703154,0.13642389739210797,53,53,451.8679245283019,472.0,0.6527921196087136,0.9811320754716981,4.963612160916e-05,9.895731505108495e+24,7662476.458647915,4,2026-01-11 00:00:00+00:00,0,-2.9375
1768107600000,140,0.22238340597380363,92.82103795570468,841967.1013771706,0.4273058887405213,19,0.1357142857142857,0.27962597346338297,50,0.35714285714285715,0.1288339862641613,70,0.5,0.015187238602166482,1.0,0.007142857142857143,,,0.0,0.24870148049288346,0.1786044082476378,19,19,553.9473684210526,562.0,0.736370555406716,1.0,4.697135184729269e-05,9.949573229585668e+24,6073316.010230377,5,2026-01-11 00:00:00+00:00,0,-2.8958333333333335
1768111200000,148,0.27017937203892106,117.14754692962312,1036698.9426207766,0.44476085108605207,40,0.2702702702702703,0.251239059770944,42,0.28378378378378377,0.1812798416975148,63,0.42567567567567566,0.07448082699838442,3.0,0.02027027027027027,,,0.0,0.24200250247388783,0.20275834861216424,40,40,502.675,501.5,0.6868774578808543,0.975,4.0427372437313985e-05,9.941644705607388e+24,5466435.516891563,6,2026-01-11 00:00:00+00:00,0,-2.8541666666666665
1768114800000,130,0.4002135776539466,157.28816538176446,1244833.7622077467,0.5645521897901278,39,0.3,0.5326423351086529,33,0.25384615384615383,0.22757345574089688,52,0.4,0.0998688226809827,6.0,0.046153846153846156,,,0.0,0.25881138587249986,0.3057408039176278,39,39,532.8205128205128,555.0,0.7125192946417227,0.8461538461538461,5.884951783832138e-05,9.93680316019215e+24,5611211.732748702,7,2026-01-11 00:00:00+00:00,0,-2.8125
1768118400000,108,0.29991902042987706,94.75877313399303,825764.8786280454,0.5105149411676667,37,0.3425925925925926,0.2249022564411658,35,0.32407407407407407,0.17801443764888444,31,0.28703703703703703,0.022434968133367712,5.0,0.046296296296296294,,,0.0,0.32737383963387995,0.18314110153378665,37,37,524.4054054054054,553.0,0.7015554547610533,0.918918918918919,3.356406310720707e-05,9.884381888393485e+24,3972887.593748945,8,2026-01-11 00:00:00+00:00,0,-2.7708333333333335
1768122000000,133,0.36194914543385137,163.60873164160463,1138330.7494520468,0.7069217967815454,37,0.2781954887218045,0.3451475786881994,40,0.3007518796992481,0.14614438909662233,54,0.40601503759398494,0.14271485151973268,2.0,0.015037593984962405,,,0.0,0.37347428490799267,0.33344751187355276,37,37,499.97297297297297,549.0,0.6879547086308311,0.972972972972973,3.917443684113168e-05,9.759856655308653e+24,6078510.596960743,9,2026-01-11 00:00:00+00:00,0,-2.7291666666666665
1768125600000,93,0.21554676660833516,62.58593547500216,528016.222757813,0.5496598869023844,12,0.12903225806451613,0.0952925247737112,33,0.3548387096774194,0.2001421248804041,43,0.46236559139784944,0.33983319287134245,5.0,0.053763440860215055,,,0.0,0.2027614246209091,0.34689846228147525,12,12,352.9166666666667,445.5,0.5574645768128347,1.0,2.7099650511758913e-05,9.879368087769988e+24,4132736.8756038477,10,2026-01-11 00:00:00+00:00,0,-2.6875
1768129200000,52,0.24038903168861736,35.136734192437096,341801.3785711131,0.28778163825782327,20,0.38461538461538464,0.20700255798564243,16,0.3076923076923077,0.21453474718008486,16,0.3076923076923077,,,0.0,,,0.0,0.20015873238438203,0.08762290587344124,20,20,426.95,322.0,0.6226077611574895,0.9,2.6448880487408164e-05,9.933292918939033e+24,2442976.1468780534,11,2026-01-11 00:00:00+00:00,0,-2.6458333333333335
1768132800000,95,0.3635151691166323,109.71055827079486,808086.6884155207,0.5157069957950853,25,0.2631578947368421,0.45211426754904854,29,0.30526315789473685,0.18472182035769807,40,0.42105263157894735,1.141079597972606,1.0,0.010526315789473684,,,0.0,0.2835859622034817,0.23212103359160352,25,25,508.48,497.0,0.6951533708554577,0.96,3.1009309931364163e-05,9.926288849795397e+24,4379900.846102432,12,2026-01-11 00:00:00+00:00,0,-2.6041666666666665
1768136400000,142,0.2808753512978372,110.92895042590422,933844.72661391,0.4343087070368453,38,0.2676056338028169,0.3852523372591473,42,0.29577464788732394,0.11828448071804959,59,0.4154929577464789,0.07372882988121528,3.0,0.02112676056338028,,,0.0,0.2988179900931905,0.13549071694365483,38,38,486.42105263157896,501.5,0.6754456599828953,0.9210526315789473,4.508260395436957e-05,9.89503837420695e+24,4166280.8360968716,13,2026-01-11 00:00:00+00:00,0,-2.5625
1768140000000,193,0.2792887182313666,161.1102951949651,1434252.4052037292,0.4267644305339922,52,0.2694300518134715,0.34522530527861733,42,0.21761658031088082,0.1769260030475174,94,0.48704663212435234,0.11609302454351851,5.0,0.025906735751295335,,,0.0,0.3532739147624163,0.07349051577157587,52,52,460.5192307692308,493.0,0.6524553025891391,1.0,4.6511204837368674e-05,9.93136618068287e+24,7346761.234448115,14,2026-01-11 00:00:00+00:00,0,-2.5208333333333335
1768143600000,255,0.3321919157839551,252.94678093197487,2234921.0288961553,0.4564239388504393,81,0.3176470588235294,0.3876731147643026,58,0.22745098039215686,0.21234861149815473,114,0.4470588235294118,0.5229085554518962,2.0,0.00784313725490196,,,0.0,0.2934562210489522,0.1629677178014871,81,81,455.69135802469134,493.0,0.643581448608933,0.9506172839506173,6.985866272120502e-05,1.0050169632977e+25,9828319.625734806,15,2026-01-11 00:00:00+00:00,0,-2.4791666666666665
1768147200000,200,0.3695287437168468,217.31164548507684,1886983.5800394882,0.47560352581800996,69,0.345,0.3952360804757922,57,0.285,0.2501176839218665,70,0.35,0.2631027500689673,4.0,0.02,,,0.0,0.38168244688471276,0.09392107893329713,69,69,475.42028985507244,537.0,0.6689247477717186,0.9565217391304348,5.614190653545769e-05,1.012701178291522e+25,6967471.793535486,16,2026-01-11 00:00:00+00:00,0,-2.4375
1768150800000,96,0.24596767364994424,71.19160981440699,686887.1271519865,0.32816183864812937,35,0.3645833333333333,0.2649412446242885,29,0.3020833333333333,0.1388730069876798,32,0.3333333333333333,,,0.0,,,0.0,0.2746969100478265,0.05346492860030289,35,35,514.2857142857143,443.0,0.6895128810744099,0.9428571428571428,3.6083051725856705e-05,1.0010813267554335e+25,3430281.6814405113,17,2026-01-11 00:00:00+00:00,0,-2.3958333333333335
1768154400000,88,0.30934325960550696,81.11013676612662,725611.283250369,0.4878108414343449,30,0.3409090909090909,0.27033236153362145,30,0.3409090909090909,0.15992538415162927,28,0.3181818181818182,,,0.0,,,0.0,0.21926883818808857,0.2685420032462564,30,30,561.2666666666667,544.5,0.7385639214736652,0.9333333333333333,3.610532370816213e-05,9.941016365537196e+24,3420607.452187286,18,2026-01-11 00:00:00+00:00,0,-2.3541666666666665
1768158000000,72,0.3343279432779458,77.70016952752667,616053.2520785659,0.411969077308307,31,0.4305555555555556,0.3505597934589571,21,0.2916666666666667,0.19694074284082402,20,0.2777777777777778,,,0.0,,,0.0,0.32289910292137847,0.08906997438692853,31,31,489.48387096774195,494.0,0.6843603650156281,0.9354838709677419,3.297405192460925e-05,9.930662320452865e+24,2379248.846007943,19,2026-01-11 00:00:00+00:00,0,-2.3125
1768161600000,139,0.39941422153436446,174.51013516113437,1487504.3567763495,0.5622192769525894,64,0.460431654676259,0.3086288073679841,36,0.2589928057553957,0.16791480530789724,38,0.2733812949640288,2.045143401363415,1.0,0.007194244604316547,,,0.0,0.30925532605775935,0.25296395089483004,64,64,491.6875,513.0,0.6781233958817483,0.9375,5.498897430192504e-05,9.801544320041412e+24,4845738.335149996,20,2026-01-11 00:00:00+00:00,0,-2.2708333333333335
1768165200000,109,0.3025991472679232,91.31190619198772,838303.1957985186,0.3515849766997182,51,0.46788990825688076,0.34679595971406063,30,0.27522935779816515,0.17035228876042424,26,0.23853211009174313,0.10971747066257448,2.0,0.01834862385321101,,,0.0,0.2819867326789988,0.06959824402071944,51,51,461.8235294117647,392.0,0.6531689772677173,0.8823529411764706,4.157001710315913e-05,9.833381801121392e+24,3404114.140303411,21,2026-01-11 00:00:00+00:00,0,-2.2291666666666665
1768168800000,125,0.3407333542005606,132.7026599908049,1211491.8336462635,0.44523312193643527,63,0.504,0.2775272843752983,34,0.272,0.18861181092479423,27,0.216,0.013536029345063434,1.0,0.008,,,0.0,0.2219188428073582,0.22331427912907703,63,63,537.2222222222222,491.0,0.678892282613202,0.9206349206349206,5.249314958714818e-05,9.834984646634542e+24,4004478.2986564026,22,2026-01-11 00:00:00+00:00,0,-2.1875
1768172400000,249,0.42928277128218406,320.72882695256374,2758494.7588005955,0.44981526579437525,119,0.4779116465863454,0.5172531309190136,85,0.3413654618473896,0.2182633679030295,43,0.17269076305220885,0.005776235893374122,2.0,0.008032128514056224,,,0.0,0.21789947636913445,0.23191578942524074,119,119,491.0504201680672,490.0,0.6721318112181192,0.9327731092436975,7.015781548943661e-05,9.813571785124173e+24,7569445.263763984,23,2026-01-11 00:00:00+00:00,0,-2.1458333333333335
1768176000000,314,0.4375324835973953,419.23034758353765,3674063.727995828,0.47864591716718924,153,0.4872611464968153,0.5968601969153075,81,0.25796178343949044,0.20425872467053305,76,0.24203821656050956,0.07075887447544144,4.0,0.012738853503184714,,,0.0,0.20559154326799814,0.27305437389919107,153,153,465.9281045751634,453.0,0.6659041214867487,0.9477124183006536,8.551057134890288e-05,9.785255924578196e+24,11315466.200824259,0,2026-01-12 00:00:00+00:00,0,-2.1041666666666665
1768179600000,341,0.46612859499955905,472.56925909785787,3923781.0532510825,0.5170971081928971,157,0.4604105571847507,0.5769358145157731,94,0.2756598240469208,0.26208551847544515,84,0.24633431085043989,0.25307579869079105,6.0,0.017595307917888565,,,0.0,0.23986227191279436,0.27723483628010276,157,157,458.1910828025478,472.0,0.6515213783549478,0.9426751592356688,8.468938398823388e-05,9.839581553220316e+24,10443992.492438294,1,2026-01-12 00:00:00+00:00,0,-2.0625
1768183200000,289,0.3336076734833683,279.5336864457117,2520160.2307984717,0.3970670986711992,114,0.3944636678200692,0.42928638237270794,73,0.25259515570934254,0.19174477954474983,98,0.3391003460207612,0.2545185198958863,4.0,0.01384083044982699,,,0.0,0.2565273587219502,0.140539739949249,114,114,528.8947368421053,503.0,0.7056099106227907,0.8947368421052632,6.223660359829906e-05,9.997312854039222e+24,8672158.04880639,2,2026-01-12 00:00:00+00:00,0,-2.0208333333333335
1768186800000,209,0.3540166360839647,238.3396771392917,1999310.0667250531,0.3961436989282023,78,0.37320574162679426,0.4809162897366779,60,0.28708133971291866,0.206322241905693,68,0.3253588516746411,0.06845953045368403,3.0,0.014354066985645933,,,0.0,0.32564322618033675,0.07050047274786547,78,78,481.2564102564103,474.5,0.6714901118702711,0.9358974358974359,5.410814685175639e-05,1.015053621784162e+25,7208789.715111089,3,2026-01-12 00:00:00+00:00,0,-1.9791666666666667
1768190400000,106,0.2678080846769041,85.98936653471264,778835.9019016693,0.2809362669841388,41,0.3867924528301887,0.33797736922218,36,0.33962264150943394,0.16214085301391923,29,0.27358490566037735,,,0.0,,,0.0,0.31295944924672486,-0.03202318226258603,41,41,470.2926829268293,453.0,0.6565433229515162,0.926829268292683,3.881954474403853e-05,1.0087205151207339e+25,3864563.434909004,4,2026-01-12 00:00:00+00:00,0,-1.9375
1768194000000,93,0.34436665161100055,99.48468870278558,882503.4175296554,0.5461287283329065,29,0.3118279569892473,0.2683524465898955,38,0.40860215053763443,0.2304220195289513,26,0.27956989247311825,,,0.0,,,0.0,0.39422752252197474,0.15190120581093178,29,29,445.0689655172414,493.0,0.6364720604292202,0.9655172413793104,4.25272524527225e-05,9.989013466948036e+24,3976027.884893317,5,2026-01-12 00:00:00+00:00,0,-1.8958333333333333
1768197600000,119,0.3121336692333182,119.08626590220503,950925.0767707005,0.3329784625413052,37,0.31092436974789917,0.4487162786375185,32,0.2689075630252101,0.21138599020182886,49,0.4117647058823529,0.10686908844637162,1.0,0.008403361344537815,,,0.0,0.2883510998128065,0.044627362728498675,37,37,426.02702702702703,453.0,0.6220287618712036,0.972972972972973,4.608986864002038e-05,1.0016747757820816e+25,5041013.746308214,6,2026-01-12 00:00:00+00:00,0,-1.8541666666666667
1768201200000,181,0.27185611291988054,147.7184151519268,1392851.0170112099,0.3451362164454087,59,0.3259668508287293,0.35626554589833453,44,0.2430939226519337,0.16999509676769767,74,0.4088397790055249,0.14689962197073164,4.0,0.022099447513812154,,,0.0,0.2852931772635804,0.05984303918182832,59,59,484.9830508474576,543.0,0.6724870980872117,0.9830508474576272,4.950253243806499e-05,9.928967226369894e+24,7295467.923347887,7,2026-01-12 00:00:00+00:00,0,-1.8125
1768204800000,322,0.3591939460912199,341.6470962854053,3025699.6010394455,0.3287629721288792,96,0.2981366459627329,0.49367196269061603,88,0.2732919254658385,0.2988884145563676,136,0.422360248447205,0.0036241102800990766,2.0,0.006211180124223602,,,0.0,0.19730982324784774,0.13145314888103146,96,96,483.0833333333333,529.5,0.6738636718104676,0.96875,7.867539049796209e-05,9.923214922997634e+24,11640948.707950313,8,2026-01-12 00:00:00+00:00,0,-1.7708333333333333
1768208400000,227,0.31395922745122484,215.55942508068085,1969628.9760362385,0.2936196709908433,87,0.3832599118942731,0.4896574025315842,53,0.23348017621145375,0.2307504931804501,85,0.3744493392070485,0.07909950035622865,2.0,0.00881057268722467,,,0.0,0.19304812306749472,0.10057154792334859,87,87,431.7011494252874,435.0,0.6283657766679626,0.9770114942528736,5.02232667713824e-05,9.88027738662656e+24,6359190.402145666,9,2026-01-12 00:00:00+00:00,0,-1.7291666666666667
1768212000000,161,0.28248171620983353,136.23553500129788,1328598.3827880232,0.30617993927018,65,0.40372670807453415,0.46253877711707475,39,0.2422360248447205,0.13372582648298764,55,0.3416149068322981,0.09196374654563218,2.0,0.012422360248447204,,,0.0,0.22414777817967044,0.08203216109050956,65,65,517.3538461538461,525.0,0.6970283864460588,0.9230769230769231,4.837569873143836e-05,9.80720060063225e+24,5195499.452124095,10,2026-01-12 00:00:00+00:00,0,-1.6875
1768215600000,130,0.22348031819293676,89.76150111687228,902394.3023449125,0.2603733026132125,41,0.3153846153846154,0.26325345880372997,32,0.24615384615384617,0.17565731650517977,56,0.4307692307692308,0.11621555193064377,1.0,0.007692307692307693,,,0.0,0.20079219554185704,0.05958110707135546,41,41,485.2682926829268,481.0,0.668562209893744,0.9512195121951219,3.813367720297956e-05,9.83025512907939e+24,4192582.44184385,11,2026-01-12 00:00:00+00:00,0,-1.6458333333333333
1768219200000,113,0.3272926635027179,110.76522303219144,935343.6308647628,0.38642479596192497,41,0.36283185840707965,0.3855810847668515,25,0.22123893805309736,0.24931486173839937,46,0.40707964601769914,0.032643582230541264,1.0,0.008849557522123894,,,0.0,0.25656507794299566,0.12985971801892932,41,41,457.0731707317073,457.0,0.6483994444570305,0.975609756097561,5.119574462709974e-05,9.95734078075e+24,4284744.81580535,12,2026-01-12 00:00:00+00:00,0,-1.6041666666666667
1768222800000,119,0.29668077304579316,111.86157611129623,1053038.6781929443,0.372186314415579,48,0.40336134453781514,0.3348789382323644,30,0.25210084033613445,0.17884082782890304,40,0.33613445378151263,0.24006764037454248,1.0,0.008403361344537815,,,0.0,0.21489770960910937,0.15728860480646958,48,48,486.4166666666667,489.5,0.6770029010566482,0.9791666666666666,4.630613379895318e-05,1.0033472778773108e+25,4869674.725675249,13,2026-01-12 00:00:00+00:00,0,-1.5625
1768226400000,418,0.3534650373836126,448.6318135894116,4166597.3209043206,0.3654420017360224,152,0.36363636363636365,0.5424810208210848,100,0.23923444976076555,0.22956845645279353,164,0.3923444976076555,0.1519362110540276,2.0,0.004784688995215311,,,0.0,0.20865813872678282,0.1567838630092396,152,152,480.2828947368421,518.0,0.6680362341670603,0.9868421052631579,9.94976701132373e-05,1.006586589742543e+25,17057834.19617518,14,2026-01-12 00:00:00+00:00,0,-1.5208333333333333
1768230000000,389,0.3132423739270596,386.95487310328076,3653791.6040731957,0.35622764111186994,127,0.3264781491002571,0.4211051823822329,105,0.2699228791773779,0.20666267612576997,155,0.39845758354755784,0.18080704339496018,2.0,0.005141388174807198,,,0.0,0.2348389256809021,0.1213887154309678,127,127,442.00787401574803,475.0,0.6355385176068546,0.9921259842519685,6.401767130869336e-05,1.0504269106241185e+25,13173400.933488479,15,2026-01-12 00:00:00+00:00,0,-1.4791666666666667
1768233600000,309,0.3338560955282288,304.6660711674367,2805912.1883303,0.3782727773497622,118,0.3818770226537217,0.405231558754589,70,0.22653721682847897,0.24795897034162306,119,0.3851132686084142,0.32600960373818744,2.0,0.006472491909385114,,,0.0,0.25566966081115977,0.12260311653860254,118,118,473.8813559322034,531.5,0.6654241608444902,0.940677966101695,7.057382129711253e-05,1.0171824932109366e+25,10042631.035875205,16,2026-01-12 00:00:00+00:00,0,-1.4375
1768237200000,303,0.34375987658913687,309.3858134658306,2861173.6297122,0.3408180229931582,117,0.38613861386138615,0.4558934664198596,92,0.30363036303630364,0.2365739439367507,91,0.30033003300330036,0.27103536914585646,3.0,0.009900990099009901,,,0.0,0.2358002038363083,0.10501781915684989,117,117,458.02564102564105,476.0,0.6503090088872395,0.9401709401709402,6.622178822974875e-05,1.0151939179038183e+25,9205927.120794842,17,2026-01-12 00:00:00+00:00,0,-1.3958333333333333
1768240800000,168,0.2594336028863099,136.056291323326,1330388.8121300696,0.2888077657436442,72,0.42857142857142855,0.3077982772481821,58,0.34523809523809523,0.12909121862070355,36,0.21428571428571427,0.14555110030889468,2.0,0.011904761904761904,,,0.0,0.1922158534023113,0.09659191234133292,72,72,481.68055555555554,504.0,0.6656263385980545,0.9444444444444444,5.502592939538445e-05,1.0141414387547575e+25,4915592.753201943,18,2026-01-12 00:00:00+00:00,0,-1.3541666666666667
1768244400000,127,0.30494103665783984,112.15912033590675,1037718.4859615845,0.3797375428024858,39,0.30708661417322836,0.28275131977563595,53,0.41732283464566927,0.26883734337852183,32,0.25196850393700787,0.10971085000910459,3.0,0.023622047244094488,,,0.0,0.24688995737655722,0.13284758542592856,39,39,490.9230769230769,528.0,0.6800682664312371,0.9230769230769231,4.862257595518561e-05,1.0188867086831097e+25,4093467.674454108,19,2026-01-12 00:00:00+00:00,0,-1.3125
1768248000000,97,0.30451065469332056,93.1294563667952,910386.0633009629,0.31037811983659064,48,0.4948453608247423,0.3520274347938787,25,0.25773195876288657,0.243279078468699,24,0.24742268041237114,,,0.0,,,0.0,0.1862419899860467,0.1241361298505439,48,48,546.5833333333334,584.0,0.712265055968217,0.8333333333333334,4.102129300662243e-05,1.015422850900996e+25,3676058.7398191784,20,2026-01-12 00:00:00+00:00,0,-1.2708333333333333
1768251600000,135,0.33423734629870927,138.59640280670303,1230194.7727920657,0.3883856996347125,60,0.4444444444444444,0.34272545401555027,32,0.23703703703703705,0.258369911887034,42,0.3111111111111111,0.00014894448996467173,1.0,0.007407407407407408,,,0.0,0.253839912416362,0.1345457872183505,60,60,489.26666666666665,502.5,0.6737677125883285,0.9166666666666666,5.138039102790605e-05,1.011961625844274e+25,4087801.9080251977,21,2026-01-12 00:00:00+00:00,0,-1.2291666666666667
1768255200000,121,0.4091795214333965,150.17135268729191,1240143.5725318969,0.5931640786440937,50,0.4132231404958678,0.2602543959427947,38,0.3140495867768595,0.31579481578438484,29,0.2396694214876033,0.20120036441573314,4.0,0.03305785123966942,,,0.0,0.39433095906928983,0.19883311957480387,50,50,491.12,472.0,0.6830109446924263,0.92,4.986842249792873e-05,1.0228066572804276e+25,4094623.380349184,22,2026-01-12 00:00:00+00:00,0,-1.1875
1768258800000,123,0.32725025956649406,125.7068034979186,1200031.7672556473,0.3622094297071618,60,0.4878048780487805,0.33983857990346905,41,0.3333333333333333,0.16023334003529693,19,0.15447154471544716,0.513800302512062,3.0,0.024390243902439025,,,0.0,0.29047007080695936,0.07173935890020244,60,60,457.9166666666667,443.0,0.6555511462081679,0.9333333333333333,4.177627030000141e-05,1.0149707507590111e+25,3807694.99150108,23,2026-01-12 00:00:00+00:00,0,-1.1458333333333333
1768262400000,120,0.4173595946652869,150.197006951186,1245733.3713770777,0.4588259421798476,47,0.39166666666666666,0.43348854056545094,34,0.2833333333333333,0.3626237102427081,38,0.31666666666666665,2.0708933346776743e-05,1.0,0.008333333333333333,,,0.0,0.3085910404191664,0.15023490176068116,47,47,528.2978723404256,522.0,0.7101655924014393,0.8723404255319149,4.824383152345374e-05,1.0156491132739776e+25,4760823.827217777,0,2026-01-13 00:00:00+00:00,0,-1.1041666666666667
1768266000000,129,0.3214270716941866,119.0708284818918,1043816.0543208122,0.3829833296996965,62,0.4806201550387597,0.33165086893516355,35,0.2713178294573643,0.19778191125378497,30,0.23255813953488372,0.0889440284123086,2.0,0.015503875968992248,,,0.0,0.2921227054104517,0.09086062428924481,62,62,461.258064516129,480.5,0.6638689960589825,0.9516129032258065,4.610196465370259e-05,1.0095374889012706e+25,4345972.147305422,1,2026-01-13 00:00:00+00:00,0,-1.0625
1768269600000,120,0.36771428647286525,138.23737007370454,1095616.7018470282,0.377038814878955,42,0.35,0.4368503754902636,46,0.38333333333333336,0.2728166986118966,29,0.24166666666666667,0.0944275398435306,3.0,0.025,,,0.0,0.2612059603992317,0.11583285447972333,42,42,478.9761904761905,509.0,0.6704044867285516,0.9523809523809523,4.060060584617039e-05,1.0041081438506762e+25,4667642.703209157,2,2026-01-13 00:00:00+00:00,0,-1.0208333333333333
1768273200000,130,0.3491096248746499,140.10600014544866,1211860.8372890535,0.4624705567884774,55,0.4230769230769231,0.3144914851443918,37,0.2846153846153846,0.2238348781449218,37,0.2846153846153846,0.030295168633621423,1.0,0.007692307692307693,,,0.0,0.2235465313080022,0.23892402548047526,55,55,501.54545454545456,516.0,0.683205306909377,0.9090909090909091,5.3481762331388816e-05,1.0101461761600538e+25,4934491.645185688,3,2026-01-13 00:00:00+00:00,0,-0.9791666666666666
1768276800000,145,0.28280786606226666,135.55086234112417,1113106.8527512508,0.27079840636183194,42,0.2896551724137931,0.4081618040595072,42,0.2896551724137931,0.2140326912979967,58,0.4,0.025638548682872252,3.0,0.020689655172413793,,,0.0,0.2393513819418455,0.03144702441998646,42,42,460.6666666666667,473.0,0.6554163790846836,0.9285714285714286,4.818260184582894e-05,1.0264727999328205e+25,4535225.401621591,4,2026-01-13 00:00:00+00:00,0,-0.9375
1768280400000,178,0.4035840023462095,226.17734270851224,1956941.1254811888,0.4913818108208044,69,0.38764044943820225,0.3628344594755543,45,0.25280898876404495,0.33044836510381187,61,0.34269662921348315,0.482568841085774,3.0,0.016853932584269662,,,0.0,0.3527772556066757,0.1386045552141286,69,69,480.60869565217394,493.0,0.6750185269700754,0.9130434782608695,5.347799042117834e-05,1.0783135688449731e+25,6914192.801331464,5,2026-01-13 00:00:00+00:00,0,-0.8958333333333334
1768284000000,137,0.3170681147063469,141.03926529557728,1258970.882846889,0.3812166133401916,63,0.45985401459854014,0.38192835247565793,31,0.22627737226277372,0.17851094589523545,42,0.30656934306569344,0.0844464199921688,1.0,0.0072992700729927005,,,0.0,0.25218178828988785,0.12903482505030375,63,63,500.22222222222223,510.0,0.6872420652236009,0.9206349206349206,4.799571335119993e-05,1.0373746694806429e+25,5199762.459422851,6,2026-01-13 00:00:00+00:00,0,-0.8541666666666666
1768287600000,267,0.34706107382377477,292.79331399281654,2501352.140302087,0.4784766934370859,103,0.3857677902621723,0.38461820763939003,62,0.23220973782771537,0.1991291105950291,89,0.3333333333333333,0.13949135156371073,13.0,0.04868913857677903,,,0.0,0.28280001873693245,0.19567667470015346,103,103,453.0388349514563,478.0,0.6534800992380362,0.970873786407767,6.956096436711e-05,1.0102168376857053e+25,9465375.227340443,7,2026-01-13 00:00:00+00:00,0,-0.8125
1768291200000,169,0.29806231351031914,163.44322375979533,1571182.8944894602,0.3061742537052723,55,0.3254437869822485,0.356199370588528,52,0.3076923076923077,0.2510651397551858,58,0.3431952662721893,0.11220041326243185,4.0,0.023668639053254437,,,0.0,0.190412836261968,0.11576141744330425,55,55,575.9636363636364,555.0,0.7153341865136164,0.9090909090909091,6.216319065011781e-05,1.0555841651531784e+25,10321696.352963759,8,2026-01-13 00:00:00+00:00,0,-0.7708333333333334
1768294800000,176,0.21035852463078425,115.76002274572419,1186282.1612464108,0.27329270741157985,36,0.20454545454545456,0.23229177528878933,69,0.39204545454545453,0.1672327810369735,62,0.3522727272727273,0.08755532766470327,9.0,0.05113636363636364,,,0.0,0.3007392744341434,-0.027446567022563578,36,36,402.1666666666667,419.5,0.6073215575157777,0.9722222222222222,6.588769448659661e-05,1.0796529185729932e+25,13052767.801261976,9,2026-01-13 00:00:00+00:00,0,-0.7291666666666666
1768298400000,239,0.26652599199779975,238.44577045362036,2134516.0127100926,0.30065180198503194,83,0.3472803347280335,0.3634428583708156,65,0.2719665271966527,0.17075264678028676,79,0.3305439330543933,0.1360306360809017,12.0,0.0502092050209205,,,0.0,0.23038143909787373,0.0702703628871582,83,83,429.33734939759034,464.0,0.6177604468949136,0.9397590361445783,5.8557728880019046e-05,1.1143529895784256e+25,20545740.739690196,10,2026-01-13 00:00:00+00:00,0,-0.6875
1768302000000,79,0.3307186119204672,83.81750791691205,780649.0497187962,0.38557908525740026,31,0.3924050632911392,0.43370610608171334,22,0.27848101265822783,0.1312212677788943,23,0.2911392405063291,0.53806506867508,3.0,0.0379746835443038,,,0.0,0.26132045041165364,0.1242586348457466,31,31,428.258064516129,421.0,0.6383941288174364,1.0,3.518454430120647e-05,1.0964543680429519e+25,4198975.413688752,11,2026-01-13 00:00:00+00:00,0,-0.6458333333333334
1768305600000,166,0.18751154480823648,107.60087526133195,973444.3581218482,0.2856204432312302,33,0.19879518072289157,0.2403563880266131,26,0.1566265060240964,0.14684544701283891,105,0.6325301204819277,0.01670189324831734,2.0,0.012048192771084338,,,0.0,0.13532585814274553,0.1502945850884847,33,33,464.1212121212121,455.0,0.6487845065704858,0.9696969696969697,3.129232027448369e-05,1.118488735863511e+25,6685571.678934053,12,2026-01-13 00:00:00+00:00,0,-0.6041666666666666
1768309200000,263,0.397767459514911,360.2574304535586,2756131.447387636,0.5284190094130493,71,0.26996197718631176,0.6155253898231601,63,0.23954372623574144,0.22401653162770274,126,0.4790874524714829,0.030303213381822357,3.0,0.011406844106463879,,,0.0,0.28880593079244,0.23961307862060927,71,71,447.0,469.0,0.6445824750038754,0.971830985915493,6.461507556070322e-05,1.1310833040682464e+25,12186647.626091946,13,2026-01-13 00:00:00+00:00,0,-0.5625
1768312800000,354,0.3915296199135808,470.9901956566504,3989276.101100045,0.4456936945713283,142,0.4011299435028249,0.540471796774129,84,0.23728813559322035,0.23665777113150271,122,0.3446327683615819,0.17351696886813792,6.0,0.01694915254237288,,,0.0,0.2549086745287362,0.19078502004259204,142,142,480.01408450704224,518.0,0.6672036748094706,0.9436619718309859,6.74428268434566e-05,1.1518573313069454e+25,12380316.663310954,14,2026-01-13 00:00:00+00:00,0,-0.5208333333333334
1768316400000,363,0.31171691875927854,391.0175163830266,3544956.0446166038,0.3831355317404251,140,0.3856749311294766,0.41888555995074406,82,0.22589531680440772,0.16784662369658657,137,0.3774104683195592,0.5426659258913067,4.0,0.011019283746556474,,,0.0,0.29221293519858416,0.09092259654184096,140,140,452.09285714285716,471.5,0.6458187550549827,0.9785714285714285,7.868361356977557e-05,1.1696982053363058e+25,12551486.45919052,15,2026-01-13 00:00:00+00:00,0,-0.4791666666666667
1768320000000,433,0.3896659252484935,577.5428205979998,4884354.166253307,0.4365816899205906,174,0.4018475750577367,0.5163932281412434,105,0.24249422632794457,0.25231769965248313,150,0.3464203233256351,0.17279692092797644,4.0,0.009237875288683603,,,0.0,0.2941539831500476,0.142427706770543,174,174,446.367816091954,469.0,0.6414859858449152,0.9655172413793104,9.199937719179658e-05,1.0169801087961362e+25,18045856.06895162,16,2026-01-13 00:00:00+00:00,0,-0.4375
1768323600000,361,0.35159111059880854,387.49893866385383,3507456.0280958316,0.3757019683336161,190,0.5263157894736842,0.5019706119135272,76,0.21052631578947367,0.17760881415004506,93,0.25761772853185594,0.43681536070028315,2.0,0.00554016620498615,,,0.0,0.22294895670455328,0.15275301162906282,190,190,469.4526315789474,472.5,0.6628662736575883,0.9578947368421052,6.904017562428324e-05,9.767340125789989e+24,10357831.855104223,17,2026-01-13 00:00:00+00:00,0,-0.3958333333333333
1768327200000,417,0.4861899461003266,431.09690750449363,3519896.0532650957,0.5289680940007658,203,0.486810551558753,0.6447788933905764,99,0.23741007194244604,0.28218044930781455,110,0.2637889688249401,0.09754491443081464,5.0,0.011990407673860911,,,0.0,0.31115563152215536,0.21781246247861047,203,203,433.9802955665025,431.0,0.6263133106365841,0.9605911330049262,0.00016536276753605647,6.900873759045127e+24,16302174.480127146,18,2026-01-13 00:00:00+00:00,0,-0.3541666666666667
1768330800000,351,0.5052647526901596,380.9810026613445,2976852.6510119773,0.6162797740477022,174,0.49572649572649574,0.5498740734336607,74,0.21082621082621084,0.27310838077176536,92,0.2621082621082621,0.39078136771386696,11.0,0.03133903133903134,,,0.0,0.3123100517054966,0.3039697223422056,174,174,468.2758620689655,479.0,0.6650625359289639,0.9367816091954023,0.0001057898172963265,6.276874533357717e+24,9862742.683296107,19,2026-01-13 00:00:00+00:00,0,-0.3125
1768334400000,385,0.44522307732855676,354.06699739222165,2922855.1065509147,0.45669080555624897,179,0.4649350649350649,0.7177579099578401,87,0.22597402597402597,0.2142330358228609,115,0.2987012987012987,0.6453733227411727,4.0,0.01038961038961039,,,0.0,0.2581658743271564,0.19852493122909265,179,179,460.2737430167598,473.0,0.652077659065937,0.9217877094972067,8.154099710255053e-05,6.397476810784987e+24,9150584.111568056,20,2026-01-13 00:00:00+00:00,0,-0.2708333333333333
1768338000000,198,0.36469498260112077,152.45629611997015,1361536.7396912118,0.39013933183808586,108,0.5454545454545454,0.4361256695028253,39,0.19696969696969696,0.2552214088827155,48,0.24242424242424243,0.2716766598426983,3.0,0.015151515151515152,,,0.0,0.2614732305627752,0.1286661012753107,108,108,455.01851851851853,444.0,0.649190550460758,0.9444444444444444,5.405059382683128e-05,6.50029474475797e+24,4391154.468717874,21,2026-01-13 00:00:00+00:00,0,-0.22916666666666666
1768341600000,485,0.582853816248415,649.4485273774784,4508051.741179512,0.673416806815695,203,0.41855670103092785,0.7679655121531657,122,0.2515463917525773,0.333200224003741,151,0.311340206185567,0.2194958655160132,9.0,0.018556701030927835,,,0.0,0.39664180877853134,0.2767749980371637,203,203,479.27093596059115,502.0,0.6686557193182818,0.9704433497536946,0.00018163774586684483,6.328242029489052e+24,20497710.933180608,22,2026-01-13 00:00:00+00:00,0,-0.1875
1768345200000,389,0.42201996196911346,389.2706407005698,3337387.2494299137,0.48814163892272006,194,0.4987146529562982,0.5399449482401226,85,0.2185089974293059,0.2134804966555115,103,0.2647814910025707,0.22606792843561935,7.0,0.017994858611825194,,,0.0,0.27231926089035624,0.21582237803236382,194,194,479.7319587628866,494.0,0.672253133443119,0.9536082474226805,8.112578857980652e-05,7.507274019075992e+24,10014076.938345123,23,2026-01-13 00:00:00+00:00,0,-0.14583333333333334
1768348800000,327,0.3975113420176256,345.35749286028715,2636853.4166886886,0.47744992955047993,140,0.42813455657492355,0.5043123538513181,73,0.22324159021406728,0.22143646789311852,109,0.3333333333333333,0.43836837424005104,5.0,0.01529051987767584,,,0.0,0.2820622752283842,0.19538765432209576,140,140,442.62142857142857,472.0,0.6427966552760372,0.9857142857142858,7.700312978127082e-05,7.228712500140684e+24,8216599.404664841,0,2026-01-14 00:00:00+00:00,0,-0.10416666666666667
1768352400000,234,0.3976123017419629,210.00601943264215,1725643.3935681884,0.41519439725454793,96,0.41025641025641024,0.5250339225279042,57,0.24358974358974358,0.29836843101547367,72,0.3076923076923077,0.19701731710867654,9.0,0.038461538461538464,,,0.0,0.27137805010975086,0.143816347144797,96,96,430.09375,425.0,0.6348649712209126,0.9479166666666666,6.253738946364078e-05,6.97987882602581e+24,7788735.95964079,1,2026-01-14 00:00:00+00:00,0,-0.0625
1768356000000,236,0.36644450068449347,329.7588665894516,2763140.0663740477,0.39836550134346027,79,0.3347457627118644,0.5695669355816343,60,0.2542372881355932,0.2205960212301326,93,0.3940677966101695,0.08014536152667423,4.0,0.01694915254237288,,,0.0,0.23313549726934577,0.1652300040741145,79,79,390.0126582278481,399.0,0.6058576580684221,0.9493670886075949,8.925005169217745e-05,1.1867296144855686e+25,11888978.43094054,2,2026-01-14 00:00:00+00:00,0,-0.020833333333333332
1768359600000,146,0.3091726659170361,138.92393672443401,1121254.392468669,0.29623435906328516,49,0.3356164383561644,0.391697285265042,46,0.3150684931506849,0.25126784189366147,47,0.3219178082191781,0.19901548464806934,4.0,0.0273972602739726,,,0.0,0.2122784770057226,0.08395588205756255,49,49,312.42857142857144,296.0,0.5352655597836077,0.8367346938775511,4.185087346822789e-05,9.54958141585918e+24,6488106.633423401,3,2026-01-14 00:00:00+00:00,1,0.020833333333333332
1768363200000,251,0.28525929953779283,211.20833449690235,1786439.4096080894,0.3958852371380613,59,0.2350597609561753,0.3277504153856589,80,0.3187250996015936,0.18863884847760443,109,0.4342629482071713,0.4870624926429284,3.0,0.01195219123505976,,,0.0,0.19224827236992348,0.20363696476813778,59,59,323.52542372881356,311.0,0.5503331767201953,0.847457627118644,7.151112269699154e-05,7.645075509582294e+24,10239326.070045127,4,2026-01-14 00:00:00+00:00,1,0.0625
1768366800000,163,0.2939111225151193,101.54153755819705,888668.4468507315,0.3482399834237472,47,0.2883435582822086,0.28731057626624285,60,0.36809815950920244,0.26581062180093945,52,0.31901840490797545,0.11986170985622907,4.0,0.024539877300613498,,,0.0,0.2082135245995983,0.14002645882414883,47,47,343.2340425531915,334.0,0.5628815937217483,0.7659574468085106,4.6945507206145545e-05,6.891881881659375e+24,4992242.684670689,5,2026-01-14 00:00:00+00:00,1,0.10416666666666667
1768370400000,208,0.35129763297123545,162.79180032732597,1355739.0895764695,0.41919787025971067,52,0.25,0.3674945838958479,82,0.3942307692307692,0.2951710065633093,61,0.2932692307692308,0.2408947018992789,13.0,0.0625,,,0.0,0.8026320149160859,-0.3834341446563754,52,52,276.2692307692308,293.5,0.49871289214285025,0.9423076923076923,5.165829627362297e-05,6.341046706662604e+24,7346976.178564707,6,2026-01-14 00:00:00+00:00,1,0.14583333333333334
1768374000000,155,0.2414140161471909,102.77689974091528,983059.7234648739,0.35545149541968024,41,0.2645161290322581,0.22643686952821115,58,0.3741935483870968,0.19512632533060506,48,0.3096774193548387,0.04328239276280094,8.0,0.05161290322580645,,,0.0,0.2800152337616579,0.07543626165802235,41,41,305.2926829268293,319.0,0.5336848665456881,0.8780487804878049,4.389286853972593e-05,9.204215732850714e+24,6414978.913115558,7,2026-01-14 00:00:00+00:00,1,0.1875
1768377600000,128,0.31208039160362294,84.91350925913395,732746.9132662261,0.3101553049406221,31,0.2421875,0.44681757929975346,53,0.4140625,0.15958376139399516,40,0.3125,0.0666983783644279,4.0,0.03125,,,0.0,0.21383084562081342,0.09632445931980867,31,31,289.5483870967742,358.0,0.5072456296369975,0.9032258064516129,3.833109559220847e-05,6.488847051574416e+24,5063844.313954051,8,2026-01-14 00:00:00+00:00,1,0.22916666666666666
1768381200000,131,0.2709774932264305,122.85421167232037,1085697.1823206784,0.3452541193354298,45,0.3435114503816794,0.3203827096044324,31,0.2366412213740458,0.18458273434078884,50,0.3816793893129771,0.16012310555824166,5.0,0.03816793893129771,,,0.0,0.22682223261589343,0.11843188671953639,45,45,273.1333333333333,276.0,0.5005851781976907,0.9333333333333333,3.801181312973221e-05,1.086442982843587e+25,5863581.225939238,9,2026-01-14 00:00:00+00:00,1,0.2708333333333333
1768384800000,200,0.2361635306301577,117.8498936419009,1130018.2466240134,0.24508948965286664,35,0.175,0.3554223580682367,60,0.3,0.16799087660588166,98,0.49,0.1237323709586569,7.0,0.035,,,0.0,0.23591461221136553,0.009174877441501092,35,35,307.0857142857143,311.0,0.5366450857157864,0.9142857142857143,5.3055082392758095e-05,8.052747987408946e+24,6684970.853467089,10,2026-01-14 00:00:00+00:00,1,0.3125
1768388400000,212,0.3149872538360833,132.66838079102868,1257955.7842279018,0.3796252025427113,50,0.2358490566037736,0.317800363535423,79,0.37264150943396224,0.27905154759452494,78,0.36792452830188677,0.18475765088854595,5.0,0.02358490566037736,,,0.0,0.23569420652176462,0.14393099602094672,50,50,340.88,355.0,0.559097512986455,0.86,6.21042342060449e-05,6.555114782561564e+24,6880067.086504456,11,2026-01-14 00:00:00+00:00,1,0.3541666666666667
1768392000000,180,0.2873937903097506,106.41732733443823,1019357.1065490793,0.3328767180725733,51,0.2833333333333333,0.30832033465380865,59,0.3277777777777778,0.23808128075894666,66,0.36666666666666664,0.21247633984716827,4.0,0.022222222222222223,,,0.0,0.25493614343047505,0.07794057464209826,51,51,361.37254901960785,338.0,0.5737639032452835,0.7843137254901961,4.7741218334100476e-05,6.591240136575268e+24,5829212.413979887,12,2026-01-14 00:00:00+00:00,1,0.3958333333333333
1768395600000,181,0.23463203167289148,96.95388505451857,899558.4511279742,0.2606699084041545,61,0.3370165745856354,0.23044551851993225,47,0.2596685082872928,0.15495477618102585,70,0.3867403314917127,1.6299198723437704,3.0,0.016574585635359115,,,0.0,0.2255307074343544,0.03513920096980006,61,61,330.0655737704918,351.0,0.5608328976626378,0.9180327868852459,4.6611219584919466e-05,6.64667076061975e+24,5976121.435148601,13,2026-01-14 00:00:00+00:00,1,0.4375
1768399200000,554,0.4037285111659649,713.5760754746855,6177773.483392178,0.3536177919008238,194,0.35018050541516244,0.5532764789876924,174,0.3140794223826715,0.32542883941097167,180,0.3249097472924188,0.03607418655856279,6.0,0.010830324909747292,,,0.0,0.20712649879579037,0.1464912931050334,194,194,297.0927835051546,318.5,0.5214999134192372,0.9484536082474226,0.00010651238942029903,9.778571352283012e+24,18251937.076163266,14,2026-01-14 00:00:00+00:00,1,0.4791666666666667
1768402800000,602,0.38090812897631904,829.794565419226,7125663.310946234,0.38266950998523924,215,0.35714285714285715,0.5013665558013292,202,0.33554817275747506,0.2460648811942815,180,0.29900332225913623,0.2930052220156973,5.0,0.008305647840531562,,,0.0,0.22909267913381126,0.15357683085142795,215,215,303.4651162790698,322.0,0.5301494450669804,0.9255813953488372,0.00010325456072315851,1.1601398871187169e+25,22077013.260981396,15,2026-01-14 00:00:00+00:00,1,0.5208333333333334
1768406400000,380,0.30068499640684226,417.3609186662366,3794911.467738449,0.29924239161713984,155,0.40789473684210525,0.3755011521620249,120,0.3157894736842105,0.21392002234379467,102,0.26842105263157895,0.33258246514444956,3.0,0.007894736842105263,,,0.0,0.21186631809936632,0.08737607351777353,155,155,309.05806451612904,316.0,0.5373043696980232,0.9225806451612903,8.167092157680897e-05,1.1686730289906533e+25,15278147.946794597,16,2026-01-14 00:00:00+00:00,1,0.5625
1768410000000,397,0.31016113260603273,464.761154671152,4145235.6753908605,0.32036138140079057,161,0.40554156171284633,0.43011812441602254,101,0.25440806045340053,0.21118670789077837,133,0.3350125944584383,0.013012261787959951,2.0,0.005037783375314861,,,0.0,0.24401112304240094,0.0763502583583896,161,161,301.95652173913044,309.0,0.5340161378928476,0.9316770186335404,7.660184800050045e-05,1.1654495005998786e+25,13873913.047636347,17,2026-01-14 00:00:00+00:00,1,0.6041666666666666
1768413600000,370,0.3610991716391585,484.14077076566673,4178056.8662554068,0.3683918250786027,157,0.4243243243243243,0.4618288231812162,117,0.3162162162162162,0.22640838184318493,96,0.2594594594594595,,,0.0,,,0.0,0.1950424399845265,0.17334938509407616,157,157,298.0636942675159,308.0,0.5255505806837019,0.9171974522292994,8.828941419621328e-05,1.1701348009195608e+25,14899491.792196946,18,2026-01-14 00:00:00+00:00,1,0.6458333333333334
1768417200000,268,0.3533427710618067,344.1391029539417,3085487.2772141593,0.3692198046761464,118,0.44029850746268656,0.36581436481549323,92,0.34328358208955223,0.24422715402821915,54,0.20149253731343283,1.0711844530574286,4.0,0.014925373134328358,,,0.0,0.2489642752899671,0.12025552938617934,118,118,296.9237288135593,323.0,0.525050833680205,0.9322033898305084,8.90228528592986e-05,1.1723603536956374e+25,11858424.812269634,19,2026-01-14 00:00:00+00:00,1,0.6875
1768420800000,273,0.3183228978260615,325.4539430559176,2938616.8165701334,0.3583336890401476,135,0.4945054945054945,0.33430534633386755,90,0.32967032967032966,0.17751002301409538,46,0.1684981684981685,0.13708042869919973,2.0,0.007326007326007326,,,0.0,0.2274931231927556,0.13084056584739195,135,135,333.2962962962963,300.0,0.5404076536095026,0.9037037037037037,6.843372856035885e-05,1.169951023314438e+25,11730174.856191622,20,2026-01-14 00:00:00+00:00,1,0.7291666666666666
1768424400000,158,0.26570071750572677,157.1481082272489,1536383.0903582766,0.2947917182481701,73,0.4620253164556962,0.2747309251594626,56,0.35443037974683544,0.17503400430546598,29,0.18354430379746836,,,0.0,,,0.0,0.2077806753112095,0.08701104293696053,73,73,359.45205479452056,365.0,0.5743288812522745,0.821917808219178,4.747953007622189e-05,1.1732473612602633e+25,7544287.45417766,21,2026-01-14 00:00:00+00:00,1,0.7708333333333334
1768428000000,172,0.36390495791809213,265.36011764051653,1844521.52984663,0.3800670491841387,78,0.45348837209302323,0.4214985116147248,57,0.3313953488372093,0.24491856546837804,36,0.20930232558139536,0.10393940664810226,1.0,0.005813953488372093,,,0.0,0.23244628538732015,0.14762076379681854,78,78,336.70512820512823,342.5,0.5617250168083505,0.8974358974358975,5.828988136801187e-05,1.1624238869832156e+25,7532245.657646195,22,2026-01-14 00:00:00+00:00,1,0.8125
1768431600000,103,0.31490563432258795,119.7833969273155,1064503.735050488,0.44755530085553985,46,0.44660194174757284,0.17782701279770896,45,0.4368932038834951,0.3495922384289891,11,0.10679611650485436,6.297255939765418e-06,1.0,0.009708737864077669,,,0.0,0.3467078152556747,0.1008474855998652,46,46,331.1521739130435,322.0,0.5539236045236064,0.782608695652174,5.8944064293911385e-05,1.1924651212056551e+25,6032865.560553183,23,2026-01-14 00:00:00+00:00,1,0.8541666666666666
1768435200000,154,0.3029983429911935,169.363467091713,1611539.1315950463,0.3124510473818684,60,0.38961038961038963,0.381160063893753,60,0.38961038961038963,0.1503849030654785,33,0.21428571428571427,0.08237634294572334,1.0,0.006493506493506494,,,0.0,0.23487811084719656,0.07757293653467186,60,60,334.1666666666667,343.0,0.5612435163744852,0.8333333333333334,6.300854889542076e-05,1.185330601906328e+25,7244377.888795672,0,2026-01-15 00:00:00+00:00,1,0.8958333333333334
1768438800000,127,0.35057996295736743,136.22380860517248,1240203.586460826,0.3916585325899979,42,0.33070866141732286,0.36784127186925414,53,0.41732283464566927,0.27789228986842557,28,0.2204724409448819,0.19935635035484095,4.0,0.031496062992125984,,,0.0,0.30792541445582755,0.0837331181341703,42,42,328.23809523809524,325.0,0.5544908052183997,0.8809523809523809,7.028257019044227e-05,9.098324380250871e+24,7152791.910401586,1,2026-01-15 00:00:00+00:00,1,0.9375
1768442400000,269,0.32190001174276717,232.5817692015157,2037279.3031927214,0.3578142439358657,108,0.40148698884758366,0.3277542227844845,83,0.30855018587360594,0.23417200758437728,71,0.26394052044609667,0.5881931120182673,7.0,0.026022304832713755,,,0.0,0.22822327885900323,0.12959096507686246,108,108,346.6203703703704,338.0,0.5718646098596848,0.8611111111111112,7.9214628627681e-05,8.418714484179781e+24,9002432.31934428,2,2026-01-15 00:00:00+00:00,1,0.9791666666666666
1768446000000,278,0.32763182656392575,226.1106205997164,2054232.0056784225,0.34433924155742907,103,0.37050359712230213,0.39444956199963443,97,0.3489208633093525,0.22655321432754327,74,0.26618705035971224,0.14704013253835718,4.0,0.014388489208633094,,,0.0,0.2495530401281756,0.09478620142925342,103,103,313.2135922330097,331.0,0.5365998934422685,0.8543689320388349,7.198677067377008e-05,8.237829247313251e+24,9225705.939110894,3,2026-01-15 00:00:00+00:00,1,1.0208333333333333
1768449600000,213,0.352482706540919,190.17018303855613,1714090.8584599367,0.38271864189990284,103,0.4835680751173709,0.3572354487754491,64,0.3004694835680751,0.27217294530381136,42,0.19718309859154928,0.34111598828423606,4.0,0.018779342723004695,,,0.0,0.2705113777302915,0.1122072641696113,103,103,343.8252427184466,344.0,0.5672821457023655,0.8252427184466019,5.663685563820387e-05,8.457786181841883e+24,6037250.238765395,4,2026-01-15 00:00:00+00:00,1,1.0625
1768453200000,159,0.32390304025098293,149.2692678055839,1202501.349691036,0.42151318224057177,62,0.389937106918239,0.3540106274443688,53,0.3333333333333333,0.15916931165258463,38,0.2389937106918239,0.0926281672735127,6.0,0.03773584905660377,,,0.0,0.32159377737967215,0.09991940486089958,62,62,347.2741935483871,345.0,0.5657919088733825,0.8064516129032258,4.904015299597605e-05,8.472331456875986e+24,5426655.365328059,5,2026-01-15 00:00:00+00:00,1,1.1041666666666667
1768456800000,178,0.30576792546181214,147.40317226178527,1345802.4791319345,0.3936010417426258,89,0.5,0.27646788816799306,45,0.25280898876404495,0.16311675099348139,40,0.2247191011235955,0.10761825245248019,4.0,0.02247191011235955,,,0.0,0.3215356517583998,0.072065389984226,89,89,358.7752808988764,356.0,0.5842081626777813,0.8202247191011236,4.576775928351773e-05,8.459630407178704e+24,5407684.18771623,6,2026-01-15 00:00:00+00:00,1,1.1458333333333333
1768460400000,128,0.2716909863764135,88.12334019452783,869340.4347103799,0.3165982295946232,55,0.4296875,0.25144294589363264,45,0.3515625,0.22142966525720095,25,0.1953125,0.1709564772777181,3.0,0.0234375,,,0.0,0.2972083193605523,0.019389910234070905,55,55,345.54545454545456,344.0,0.5731730361720139,0.8,4.2208121332174715e-05,8.579883649955856e+24,4594346.722719115,7,2026-01-15 00:00:00+00:00,1,1.1875
1768464000000,156,0.22191535586314737,91.37639003348944,907165.0483200665,0.2147322503674152,39,0.25,0.25476518405611687,50,0.32051282051282054,0.20121472668690035,65,0.4166666666666667,0.21351065643371386,2.0,0.01282051282051282,,,0.0,0.15195039168253666,0.06278185868487854,39,39,307.94871794871796,317.0,0.5249898786036523,0.8461538461538461,4.5116312545377653e-05,8.675420094332361e+24,7875473.02377358,8,2026-01-15 00:00:00+00:00,1,1.2291666666666667
1768467600000,203,0.2934167826152177,168.65635496315352,1541093.294284802,0.3713845992932682,75,0.3694581280788177,0.30087344669079696,65,0.32019704433497537,0.18670193077348077,54,0.2660098522167488,0.23012040302492323,9.0,0.04433497536945813,,,0.0,0.23682302280670636,0.1345615764865619,75,75,288.0133333333333,293.0,0.5075157145974691,0.96,5.236809848504459e-05,8.817974560310561e+24,8230462.201985482,9,2026-01-15 00:00:00+00:00,1,1.2708333333333333
1768471200000,113,0.3046237989774435,92.60155304537729,847825.5844216922,0.3502337446662606,49,0.4336283185840708,0.3894077297125303,26,0.23008849557522124,0.18428494262561151,31,0.2743362831858407,0.20337165741208577,7.0,0.061946902654867256,,,0.0,0.25479416093498425,0.09543958373127635,49,49,299.7959183673469,274.0,0.5252687059283769,0.8979591836734694,3.365106847540416e-05,8.792761231340694e+24,4164879.5759891886,10,2026-01-15 00:00:00+00:00,1,1.3125
1768474800000,108,0.2218484014441851,71.69679766110242,740199.0121361418,0.25533825267894317,55,0.5092592592592593,0.2708544743081251,25,0.23148148148148148,0.10646989824603187,26,0.24074074074074073,0.1882221232650813,2.0,0.018518518518518517,,,0.0,0.17592333305715044,0.07941491962179273,55,55,307.4727272727273,310.0,0.5370195622377453,0.9454545454545454,3.420510955446647e-05,8.732838936460327e+24,3564634.3478623005,11,2026-01-15 00:00:00+00:00,1,1.3541666666666667
1768478400000,108,0.23263299531788256,71.71126283583598,704233.4302466252,0.2917480873395522,48,0.4444444444444444,0.18698639279275164,35,0.32407407407407407,0.174698553314989,22,0.2037037037037037,0.24418779378558195,3.0,0.027777777777777776,,,0.0,0.2095481372530886,0.0821999500864636,48,48,290.5208333333333,310.0,0.5254226248749583,0.9791666666666666,3.317209623069009e-05,8.790557790949269e+24,4093673.723313275,12,2026-01-15 00:00:00+00:00,1,1.3958333333333333
1768482000000,190,0.2576386703481858,134.29940111550604,1287294.4296605764,0.20992671564362186,76,0.4,0.29470290270033894,63,0.33157894736842103,0.3146920100277419,43,0.22631578947368422,0.11235970949072333,8.0,0.042105263157894736,,,0.0,0.14565813454126375,0.06426858110235811,76,76,290.82894736842104,291.0,0.4901101416995343,0.8552631578947368,5.771268592589281e-05,8.828040069552239e+24,5850179.627378202,13,2026-01-15 00:00:00+00:00,1,1.4375
1768485600000,485,0.3827799235048797,542.9774843044552,4429944.593551061,0.3702933292814295,204,0.42061855670103093,0.500211305009929,162,0.334020618556701,0.24590282428195104,115,0.23711340206185566,0.19884188060553892,4.0,0.008247422680412371,,,0.0,0.2054680208615699,0.16482530841985962,204,204,281.6666666666667,295.0,0.5105837383063371,0.9362745098039216,0.0001016423615560502,8.704678426722993e+24,17064621.158927817,14,2026-01-15 00:00:00+00:00,1,1.4791666666666667
1768489200000,664,0.39195373571226083,685.7657498838067,6188054.3971638,0.3659202774067066,273,0.411144578313253,0.5530282742834634,213,0.3207831325301205,0.2349358415636671,173,0.2605421686746988,0.3844243536036416,5.0,0.007530120481927711,,,0.0,0.20944952306218123,0.15647075434452531,273,273,287.9340659340659,306.0,0.5127536786070447,0.9304029304029304,0.00012843946196059426,8.545308222950787e+24,19137423.923511207,15,2026-01-15 00:00:00+00:00,1,1.5208333333333333
1768492800000,449,0.33497481649805894,408.88050762691176,3794329.824792694,0.35143941413613256,177,0.39420935412026725,0.4308335322088365,137,0.3051224944320713,0.2165475861627383,132,0.29398663697104677,0.19681367314698286,3.0,0.0066815144766146995,,,0.0,0.1899181874251464,0.16152122671098615,177,177,299.3276836158192,325.0,0.525755068519616,0.9152542372881356,8.073971340719249e-05,8.653692800234169e+24,12119742.413812634,16,2026-01-15 00:00:00+00:00,1,1.5625
1768496400000,264,0.29181321675826644,211.56839088747458,2025750.4977588682,0.2720663685434853,104,0.3939393939393939,0.35268868028237454,102,0.38636363636363635,0.2295214671553392,53,0.20075757575757575,0.12098074952493572,5.0,0.01893939393939394,,,0.0,0.17180445608778352,0.1002619124557018,104,104,326.47115384615387,311.0,0.5492639892981285,0.8653846153846154,6.058192634884616e-05,8.721760484888079e+24,7601046.9087278815,17,2026-01-15 00:00:00+00:00,1,1.6041666666666667
1768500000000,254,0.383766689140711,287.40193354001036,2389763.798796957,0.3954122818175187,132,0.5196850393700787,0.4306048903304132,72,0.28346456692913385,0.2881628859031287,48,0.1889763779527559,0.22347360734409433,2.0,0.007874015748031496,,,0.0,0.23166202603748057,0.1637502557800381,132,132,304.82575757575756,294.0,0.5319376082388694,0.8939393939393939,7.256387234388906e-05,8.569549470904641e+24,7986585.10526519,18,2026-01-15 00:00:00+00:00,1,1.6458333333333333
1768503600000,329,0.3468261493385437,267.5992004484031,2447966.5984132476,0.3675608265022879,162,0.49240121580547114,0.3974588286527518,105,0.3191489361702128,0.22026691738144222,56,0.1702127659574468,0.08213747618509284,6.0,0.0182370820668693,,,0.0,0.21111304770121564,0.15644777880107222,162,162,302.679012345679,307.0,0.5322396185728235,0.9074074074074074,0.00010252418568160339,7.148414194766472e+24,9122556.955080137,19,2026-01-15 00:00:00+00:00,1,1.6875
1768507200000,225,0.3975064447192961,199.43297786118433,1705421.7779198508,0.4563861946916603,106,0.4711111111111111,0.4677441519301495,65,0.28888888888888886,0.16481488630066587,35,0.15555555555555556,0.25737486992329534,19.0,0.08444444444444445,,,0.0,0.26100120236332475,0.19538499232833556,106,106,310.20754716981133,304.0,0.5344183780574422,0.8867924528301887,6.083115409279018e-05,7.098582997562746e+24,5932976.6833759,20,2026-01-15 00:00:00+00:00,1,1.7291666666666667
1768510800000,110,0.33109432243646875,83.21269706396278,759024.4139556084,0.39619584982707606,53,0.4818181818181818,0.3343673489330891,24,0.21818181818181817,0.2189596497168331,25,0.22727272727272727,0.24039847623269578,8.0,0.07272727272727272,,,0.0,0.24576107788944365,0.15043477193763238,53,53,362.47169811320754,377.0,0.5867325771742035,0.7169811320754716,4.087359348441621e-05,7.253394278949587e+24,2875276.037453062,21,2026-01-15 00:00:00+00:00,1,1.7708333333333333
1768514400000,65,0.3105792048717987,52.27941856763842,508275.0465104754,0.3341107875414204,32,0.49230769230769234,0.36263971600519834,20,0.3076923076923077,0.18694017550250808,12,0.18461538461538463,2.668920740051743e-05,1.0,0.015384615384615385,,,0.0,0.2032799184026957,0.13083086913872471,32,32,365.6875,289.5,0.5659230946899633,0.90625,3.942443722989908e-05,8.41221113812338e+24,2927440.815314444,22,2026-01-15 00:00:00+00:00,1,1.8125
1768518000000,116,0.3575878291757004,108.29324377121256,918480.7623952368,0.390595421730435,59,0.5086206896551724,0.4089295671229545,33,0.28448275862068967,0.22163611003609704,22,0.1896551724137931,0.032194083216975096,2.0,0.017241379310344827,,,0.0,0.2558952640171446,0.13470015771329047,59,59,321.7457627118644,340.0,0.5341964535812438,0.8813559322033898,4.0098497596472125e-05,8.488607398380804e+24,3124832.630852042,23,2026-01-15 00:00:00+00:00,1,1.8541666666666667
1768521600000,121,0.32154960619714196,102.9444413283111,974173.8754578942,0.3663992639153094,65,0.5371900826446281,0.27237552005618915,38,0.3140495867768595,0.30558261456303887,14,0.11570247933884298,0.11578095733533272,4.0,0.03305785123966942,,,0.0,0.34489531171503385,0.021503952200275532,65,65,355.3076923076923,343.0,0.5794078158334587,0.7846153846153846,4.6632868120656175e-05,8.552751160013033e+24,3220814.0057964604,0,2026-01-16 00:00:00+00:00,1,1.8958333333333333
1768525200000,130,0.3281258415447702,107.36083024467237,989576.4214229357,0.3801833594091782,67,0.5153846153846153,0.33537529529307675,36,0.27692307692307694,0.18928013666127524,27,0.2076923076923077,,,0.0,,,0.0,0.2519801877337389,0.12820317167543924,67,67,311.1044776119403,293.0,0.5318289220896805,0.8507462686567164,4.182882213802451e-05,8.437526222499254e+24,3934438.320074749,1,2026-01-16 00:00:00+00:00,1,1.9375
1768528800000,165,0.30871610900120133,137.54961544603634,1353961.2337855129,0.35744218908387293,83,0.503030303030303,0.31818488557125996,41,0.24848484848484848,0.1786725049932611,40,0.24242424242424243,1.0779757830846624,1.0,0.006060606060606061,,,0.0,0.2862861360697725,0.0711560530141004,83,83,322.8192771084337,330.0,0.5481301769390138,0.8192771084337349,4.900454070040136e-05,8.512841991923908e+24,4517416.338572324,2,2026-01-16 00:00:00+00:00,1,1.9791666666666667
1768532400000,110,0.2934207474851038,81.18238026837844,760836.5171300563,0.37596331538529926,51,0.4636363636363636,0.2960729224016977,29,0.2636363636363636,0.14804610797940243,27,0.24545454545454545,0.17293115787268454,3.0,0.02727272727272727,,,0.0,0.32542133001368284,0.05054198537161635,51,51,362.8235294117647,333.0,0.579204873956147,0.8431372549019608,3.6109103462709e-05,8.447472633426837e+24,3133395.9565011603,3,2026-01-16 00:00:00+00:00,1,2.0208333333333335
1768536000000,138,0.34039863285435534,115.15281358684831,1065647.8833853651,0.3786295893081022,55,0.39855072463768115,0.3084119619511564,61,0.4420289855072464,0.3493705403729915,17,0.12318840579710146,0.27959101131880354,5.0,0.036231884057971016,,,0.0,0.21420936355458178,0.1644202257535204,55,55,333.6,353.0,0.5649869174943862,0.8909090909090909,5.2235436287096874e-05,7.633422078083268e+24,4743842.008808768,4,2026-01-16 00:00:00+00:00,1,2.0625
1768539600000,159,0.2785259035219123,111.92388886927816,1053663.1288121825,0.36766227620071223,66,0.41509433962264153,0.2848495832787408,51,0.32075471698113206,0.13167005331724074,40,0.25157232704402516,0.11288877541582117,2.0,0.012578616352201259,,,0.0,0.25204157441329306,0.1156207017874192,66,66,344.04545454545456,374.0,0.5600024679997014,0.7727272727272727,4.43607266983964e-05,8.020594901662636e+24,4625480.313440428,5,2026-01-16 00:00:00+00:00,1,2.1041666666666665
1768543200000,116,0.27701332866229966,90.6848500625445,803465.4377401805,0.382173097092649,47,0.4051724137931034,0.25531747749883943,45,0.3879310344827586,0.11822676973499786,20,0.1724137931034483,0.07939716983113104,4.0,0.034482758620689655,,,0.0,0.22955869369987586,0.15261440339277318,47,47,348.0851063829787,325.0,0.5598505837548613,0.8297872340425532,3.254284608107455e-05,8.707110624783373e+24,3611852.1760787396,6,2026-01-16 00:00:00+00:00,1,2.1458333333333335
1768546800000,114,0.2192629197927533,68.19412442460641,672517.3123183409,0.3877746810049775,31,0.2719298245614035,0.1541810488305733,48,0.42105263157894735,0.14646338403598655,31,0.2719298245614035,0.2584756240591188,4.0,0.03508771929824561,,,0.0,0.32908806052358947,0.05868662048138804,31,31,348.3225806451613,330.0,0.573716035736963,0.7741935483870968,3.348510989704252e-05,8.74691581499293e+24,4540120.678736166,7,2026-01-16 00:00:00+00:00,1,2.1875
1768550400000,133,0.32200639815421217,114.46956780467801,1036704.7428580037,0.4008567383111926,53,0.39849624060150374,0.33565150602474236,39,0.2932330827067669,0.2319873135309768,35,0.2631578947368421,0.06191318591131173,6.0,0.045112781954887216,,,0.0,0.28002155689817654,0.12083518141301612,53,53,312.75471698113205,328.0,0.5353640236429714,0.8113207547169812,4.317705298802333e-05,8.735208663826875e+24,4913721.522263553,8,2026-01-16 00:00:00+00:00,1,2.2291666666666665
1768554000000,126,0.20991875971541957,73.82351986021756,687818.4680165678,0.28547015833284434,42,0.3333333333333333,0.20902185253979327,35,0.2777777777777778,0.14422579968232913,44,0.3492063492063492,0.15966340984963165,5.0,0.03968253968253968,,,0.0,0.18881099708938767,0.09665916124345668,42,42,347.4047619047619,351.0,0.5671079040935477,0.8095238095238095,3.2405046608690254e-05,9.341117551886238e+24,3986593.4581496003,9,2026-01-16 00:00:00+00:00,1,2.2708333333333335
1768557600000,101,0.2804537687431905,88.36337508964162,848639.879402738,0.35374788211179375,44,0.43564356435643564,0.2553673063533212,38,0.37623762376237624,0.1729942976239768,17,0.16831683168316833,0.05803156455475107,2.0,0.019801980198019802,,,0.0,0.28078729888855064,0.07296058322324313,44,44,320.95454545454544,299.5,0.5505483917762373,0.8409090909090909,3.69005850443036e-05,9.667030484837739e+24,3508373.09329799,10,2026-01-16 00:00:00+00:00,1,2.3125
1768561200000,143,0.2885564507544991,125.52221937520399,1169350.5989677443,0.3518840335435339,69,0.4825174825174825,0.3095015568352025,39,0.2727272727272727,0.1524245452924313,28,0.1958041958041958,0.0921608798040795,7.0,0.04895104895104895,,,0.0,0.20600472508882756,0.14587930845470634,69,69,310.3768115942029,289.0,0.5311231400673386,0.9130434782608695,4.856275269894802e-05,9.661025489532196e+24,5489710.509971276,11,2026-01-16 00:00:00+00:00,1,2.3541666666666665
1768564800000,121,0.3116124501354932,112.88598377840218,1026523.0923197636,0.34332004886251194,59,0.48760330578512395,0.256669215537479,39,0.32231404958677684,0.3364173972160972,22,0.18181818181818182,0.037941438790657096,1.0,0.008264462809917356,,,0.0,0.22738994543706154,0.11593010342545038,59,59,341.2542372881356,335.0,0.5501728077347829,0.8305084745762712,3.4055113037072566e-05,9.510269173036467e+24,4713800.17895845,12,2026-01-16 00:00:00+00:00,1,2.3958333333333335
1768568400000,171,0.26569634226946814,141.60224253339857,1341825.8247747489,0.27591504202147393,81,0.47368421052631576,0.291276012374478,44,0.2573099415204678,0.24239482201099477,40,0.23391812865497075,0.09550311657047311,6.0,0.03508771929824561,,,0.0,0.20583398765591082,0.07008105436556311,81,81,324.30864197530866,335.0,0.5459544933011464,0.9012345679012346,5.306806989573249e-05,9.624572664326524e+24,5875987.003370099,13,2026-01-16 00:00:00+00:00,1,2.4375
1768572000000,410,0.3051282701043896,385.06950434269606,3698653.4048873466,0.3293084212445888,189,0.4609756097560976,0.3304987891009681,124,0.3024390243902439,0.22757150418389088,95,0.23170731707317074,0.13107819079139021,2.0,0.004878048780487805,,,0.0,0.22435484337557518,0.1049535778690136,189,189,302.8253968253968,309.0,0.5313077086674277,0.9206349206349206,7.392404211666784e-05,9.637514554333283e+24,11794618.746088004,14,2026-01-16 00:00:00+00:00,1,2.4791666666666665
1768575600000,674,0.3741392540560494,688.2551489020877,6161971.168664641,0.3439046673755164,325,0.4821958456973294,0.49323165840080835,199,0.2952522255192878,0.244938869578667,143,0.21216617210682492,1.031640280746316,7.0,0.010385756676557863,,,0.0,0.21001677740926522,0.13388788996625117,325,325,296.40923076923076,323.0,0.5209571580461448,0.9261538461538461,0.00011585858797149497,8.593928190796246e+24,16974732.98343669,15,2026-01-16 00:00:00+00:00,1,2.5208333333333335
1768579200000,294,0.35852194345718075,290.16889680736165,2471075.753092769,0.3501702090193785,134,0.4557823129251701,0.4062395624972939,106,0.36054421768707484,0.28483932488067276,52,0.17687074829931973,0.3048024246531397,2.0,0.006802721088435374,,,0.0,0.23206923553404643,0.11810097348533206,134,134,312.0,309.5,0.5323247201369892,0.8955223880597015,7.053476144950811e-05,8.606980957421975e+24,8474980.152001146,16,2026-01-16 00:00:00+00:00,1,2.5625
1768582800000,152,0.2751398388734236,112.2762492432284,1101491.938987392,0.29166172080363845,77,0.506578947368421,0.29645489812360626,47,0.3092105263157895,0.16086405870943207,25,0.16447368421052633,0.46944044244497657,3.0,0.019736842105263157,,,0.0,0.20496557932512835,0.08669614147851011,77,77,328.961038961039,320.0,0.5446827120638016,0.8051948051948052,5.2425043885473435e-05,8.810185457932681e+24,4010998.8063270925,17,2026-01-16 00:00:00+00:00,1,2.6041666666666665
1768586400000,85,0.23626197551080272,58.835197305987066,577338.2287376018,0.21110265671479544,41,0.4823529411764706,0.2836988858249449,35,0.4117647058823529,0.18641131727881263,7,0.08235294117647059,0.09635938414343043,2.0,0.023529411764705882,,,0.0,0.1482648480884224,0.06283780862637305,41,41,307.1463414634146,299.0,0.5312052580870322,0.8536585365853658,3.147211279854019e-05,9.595124854330632e+24,3109081.6074433015,18,2026-01-16 00:00:00+00:00,1,2.6458333333333335
1768590000000,105,0.23711089505644586,74.32721819515334,754084.7546912588,0.2824252899829289,63,0.6,0.16825904791849902,27,0.2571428571428571,0.16548793355486507,14,0.13333333333333333,0.2440253484347074,1.0,0.009523809523809525,,,0.0,0.17155080639718182,0.11087448358574707,63,63,313.2063492063492,293.0,0.5312596757333635,0.8571428571428571,3.4585659193938396e-05,9.176064323923028e+24,2852032.3327367455,19,2026-01-16 00:00:00+00:00,1,2.6875
1768593600000,86,0.22298263810965327,53.23647159952875,512444.65646104934,0.18436160415035494,26,0.3023255813953488,0.2673208491621087,45,0.5232558139534884,0.16665066460947778,14,0.16279069767441862,0.02055765269337679,1.0,0.011627906976744186,,,0.0,0.10594307384641423,0.07841853030394069,26,26,729.1923076923077,352.5,0.6995555885739597,0.7307692307692307,3.860023476315042e-05,9.418755198407309e+24,2904948.2121520503,20,2026-01-16 00:00:00+00:00,1,2.7291666666666665
1768597200000,104,0.21518881350701766,70.36325926578083,713590.0370130467,0.2556441342684939,52,0.5,0.21435189641624403,27,0.25961538461538464,0.12889914385854545,23,0.22115384615384615,0.16698005539150879,2.0,0.019230769230769232,,,0.0,0.18154048949229937,0.07410364477619455,52,52,279.2692307692308,293.0,0.508979120148339,0.9423076923076923,3.346683670641308e-05,9.60897651903259e+24,3439567.0753323413,21,2026-01-16 00:00:00+00:00,1,2.7708333333333335
1768600800000,99,0.3450995927246656,102.19095498127153,909353.7749736775,0.4041659603052687,42,0.42424242424242425,0.32294141595633646,43,0.43434343434343436,0.19833167955411074,13,0.13131313131313133,0.7250966265947021,1.0,0.010101010101010102,,,0.0,0.27942351505211116,0.12474244525315753,42,42,366.14285714285717,302.5,0.5588563704506017,0.8333333333333334,4.365861085449849e-05,9.331071892649178e+24,3694476.2071625623,22,2026-01-16 00:00:00+00:00,1,2.8125
1768604400000,90,0.3291177094162017,80.92995692618332,709489.3830465612,0.5184901348341401,26,0.28888888888888886,0.27444508535101153,41,0.45555555555555555,0.24159698613439903,19,0.2111111111111111,0.07431477645636426,4.0,0.044444444444444446,,,0.0,0.35030384377646884,0.16818629105767122,26,26,318.03846153846155,269.0,0.5409848789033638,0.8461538461538461,3.821038333833663e-05,8.758324799395176e+24,4018578.147647144,23,2026-01-16 00:00:00+00:00,1,2.8541666666666665
1768608000000,80,0.2714972848936329,57.16315160550473,575473.2251834924,0.2884039685397365,31,0.3875,0.3483312440583423,27,0.3375,0.1682751661744039,20,0.25,0.004406426847737018,2.0,0.025,,,0.0,0.1679534710831449,0.12045049745659159,31,31,303.06451612903226,308.0,0.5353478945740069,0.9032258064516129,3.2873424145044534e-05,8.729047459007228e+24,2966092.343046844,0,2026-01-17 00:00:00+00:00,1,2.8958333333333335
1768611600000,72,0.2482904936082475,51.57409082585362,519987.44727043854,0.2903081709690219,31,0.4305555555555556,0.276663485667235,23,0.3194444444444444,0.14511643432839422,16,0.2222222222222222,0.09611956007671368,2.0,0.027777777777777776,,,0.0,0.18015778849683653,0.11015038247218537,31,31,353.8709677419355,363.0,0.5759257911159692,0.8709677419354839,4.51188790134335e-05,8.789588838061278e+24,3302002.9247052902,1,2026-01-17 00:00:00+00:00,1,2.9375
1768615200000,63,0.2919948204150242,50.25946744562755,466182.74281456403,0.3896579299463187,23,0.36507936507936506,0.2803365456238724,20,0.31746031746031744,0.1389454261033493,16,0.25396825396825395,0.4009208918125404,4.0,0.06349206349206349,,,0.0,0.23173797918857164,0.157919950757747,23,23,323.4782608695652,293.0,0.5555881978413373,0.9130434782608695,3.112682881690583e-05,8.91949398701439e+24,3377602.0121207377,2,2026-01-17 00:00:00+00:00,1,2.9791666666666665
1768618800000,92,0.2541492081089012,65.61079686672136,629671.5106639119,0.37072645911673335,29,0.31521739130434784,0.20029921773522752,32,0.34782608695652173,0.18842544786915777,26,0.2826086956521739,0.2644046439016509,5.0,0.05434782608695652,,,0.0,0.27870814429592,0.09201831482081332,29,29,317.6896551724138,303.0,0.552354451461325,0.896551724137931,2.6400342397216114e-05,8.569947886661672e+24,3267918.2460850165,3,2026-01-17 00:00:00+00:00,1,3.0208333333333335
1768622400000,90,0.23805071910136155,56.805817576472506,548557.944926333,0.37805851015917163,29,0.32222222222222224,0.16864003013863024,31,0.34444444444444444,0.12972391027430386,19,0.2111111111111111,0.25166115409065926,11.0,0.12222222222222222,,,0.0,0.32656983678645396,0.051488673372717654,29,29,382.2068965517241,387.0,0.5999840750129124,0.6896551724137931,2.8971622297971865e-05,8.721912032405373e+24,3648065.004587382,4,2026-01-17 00:00:00+00:00,1,3.0625
1768626000000,73,0.22937616500996652,45.08687510924307,418920.3060853549,0.2595725906383939,31,0.4246575342465753,0.205021992072619,20,0.273972602739726,0.20624052054128592,14,0.1917808219178082,0.21373782586337015,8.0,0.1095890410958904,,,0.0,0.18393216413188232,0.07564042650651158,31,31,271.741935483871,220.0,0.4857969856803185,0.7741935483870968,2.0502972688486262e-05,8.785342463637967e+24,3858672.645903844,5,2026-01-17 00:00:00+00:00,1,3.1041666666666665
1768629600000,68,0.2626045767814107,48.78180109272517,454612.3476943625,0.3210679182479849,31,0.45588235294117646,0.13920048878265276,19,0.27941176470588236,0.24808370230758198,13,0.19117647058823528,0.4068216677158851,5.0,0.07352941176470588,,,0.0,0.31769228460780974,0.0033756336401751814,31,31,329.0,362.0,0.55933176819296,0.9354838709677419,2.594034770961911e-05,8.59283713869476e+24,3075690.100764826,6,2026-01-17 00:00:00+00:00,1,3.1458333333333335
1768633200000,102,0.2046337044361027,63.3049298899531,554767.2361316747,0.39611284297169347,29,0.28431372549019607,0.11975492640024672,35,0.3431372549019608,0.15913234329231835,32,0.3137254901960784,0.0169513328234236,6.0,0.058823529411764705,,,0.0,0.2820028098369967,0.11411003313469674,29,29,434.3103448275862,376.0,0.6260922991047062,0.7241379310344828,3.036711097191171e-05,9.073420174521444e+24,3574324.954459695,7,2026-01-17 00:00:00+00:00,1,3.1875
1768636800000,64,0.1901043485763873,35.83931179645237,358229.97475550865,0.2884761548645484,20,0.3125,0.19837667518189928,23,0.359375,0.0929853915861431,16,0.25,0.06934508340716933,5.0,0.078125,,,0.0,0.2351493799575563,0.053326774906992114,20,20,331.15,336.5,0.5691903013852271,0.95,1.9398650964746042e-05,8.993841038839892e+24,3714495.78327943,8,2026-01-17 00:00:00+00:00,1,3.2291666666666665
1768640400000,87,0.3567065852387042,82.35112544352508,685038.1914244156,0.43448642059516385,36,0.41379310344827586,0.34586250372561994,32,0.367816091954023,0.2455364123402776,17,0.19540229885057472,0.07512132266840416,2.0,0.022988505747126436,,,0.0,0.2895782054776606,0.1449082151175032,36,36,339.3333333333333,349.5,0.5657223925422858,0.8611111111111112,3.836918440137633e-05,9.140813664851014e+24,3456911.2462782143,9,2026-01-17 00:00:00+00:00,1,3.2708333333333335
1768644000000,77,0.22186530201119253,56.02241720963767,598670.4376281921,0.22950073224061707,42,0.5454545454545454,0.2543655284465623,24,0.3116883116883117,0.12607155779666077,9,0.11688311688311688,0.10259039893423333,2.0,0.025974025974025976,,,0.0,0.2041911681071313,0.02530956413348577,42,42,297.0238095238095,291.0,0.5282818964716077,0.9047619047619048,3.272059451973616e-05,9.242225711439144e+24,2896807.051904505,10,2026-01-17 00:00:00+00:00,1,3.3125
1768647600000,111,0.25729417947745825,76.37319633486929,792799.9950499312,0.3508336859764195,36,0.32432432432432434,0.25004338741119264,45,0.40540540540540543,0.14570660664206742,23,0.2072072072072072,0.18949097722507796,7.0,0.06306306306306306,,,0.0,0.2918683512586379,0.0589653347177816,36,36,322.47222222222223,331.5,0.5381391031982707,0.8333333333333334,2.833855934710685e-05,9.165270615724468e+24,4166987.484278794,11,2026-01-17 00:00:00+00:00,1,3.3541666666666665
1768651200000,78,0.3057179160770486,67.13328790494012,588003.5352745488,0.5303245796666816,18,0.23076923076923078,0.27242859683698434,33,0.4230769230769231,0.1930456759716968,26,0.3333333333333333,0.2908237491249252,1.0,0.01282051282051282,,,0.0,0.40661205568499204,0.12371252398168942,18,18,322.3888888888889,374.5,0.5460608166524085,0.9444444444444444,3.1374143961037835e-05,9.405177460209594e+24,4661423.376632957,12,2026-01-17 00:00:00+00:00,1,3.3958333333333335
1768654800000,87,0.20233854705590065,52.91655478529924,529363.3346763098,0.23135923608547188,36,0.41379310344827586,0.19252495516187482,27,0.3103448275862069,0.18613320021732663,19,0.21839080459770116,0.10796330025730856,5.0,0.05747126436781609,,,0.0,0.14291339976365888,0.08844583632181299,36,36,290.72222222222223,286.5,0.5216986794307377,0.9166666666666666,3.084598826717653e-05,9.382234119522803e+24,3755293.302165976,13,2026-01-17 00:00:00+00:00,1,3.4375
1768658400000,114,0.2457284288208497,83.47120441354474,797741.2026647142,0.3163285356368397,45,0.39473684210526316,0.2911636731298462,29,0.2543859649122807,0.1405191009502176,36,0.3157894736842105,0.06895565673642552,4.0,0.03508771929824561,,,0.0,0.20794203733740363,0.1083864982994361,45,45,301.6666666666667,289.0,0.5318844859304614,0.8888888888888888,3.457623114826436e-05,9.474244254079841e+24,4580285.7910561655,14,2026-01-17 00:00:00+00:00,1,3.4791666666666665
1768662000000,263,0.41499739038314426,322.5928675872686,2646442.5327837225,0.5576266207436876,88,0.33460076045627374,0.32585302983397996,76,0.2889733840304182,0.35680505481831,82,0.311787072243346,0.35590154604932583,17.0,0.06463878326996197,,,0.0,0.4361108003310949,0.12151582041259273,88,88,299.32954545454544,315.0,0.5266687595623551,0.9090909090909091,0.00016474417402128136,9.188063154485127e+24,13480911.272828871,15,2026-01-17 00:00:00+00:00,1,3.5208333333333335
1768665600000,369,0.36567227935326246,363.9177467133119,3286090.0567900063,0.39652949976593216,165,0.44715447154471544,0.3569330447359166,106,0.2872628726287263,0.2704359225299213,78,0.21138211382113822,0.5288399460317015,20.0,0.05420054200542006,,,0.0,0.2279628679636655,0.1685666318022667,165,165,309.369696969697,307.0,0.5343104626579708,0.9030303030303031,8.144168854081054e-05,8.738240091169423e+24,12346978.339780474,16,2026-01-17 00:00:00+00:00,1,3.5625
1768669200000,150,0.31853374571856785,125.87211452259594,1147804.6503035836,0.27934329194365237,69,0.46,0.4193308046655775,36,0.24,0.22845978380234735,37,0.24666666666666667,0.61955671812819,8.0,0.05333333333333334,,,0.0,0.22914723335520032,0.05019605858845206,69,69,303.7971014492754,320.0,0.5339990056293978,0.8985507246376812,4.9027083231176213e-05,8.679427680473285e+24,4931822.587046328,17,2026-01-17 00:00:00+00:00,1,3.6041666666666665
1768672800000,102,0.33530708731048137,95.10838529847457,885384.9753859777,0.43016349003866583,42,0.4117647058823529,0.28731617191765824,29,0.28431372549019607,0.1890770570823137,28,0.27450980392156865,0.8360432467094215,3.0,0.029411764705882353,,,0.0,0.3076067651425691,0.1225567248960967,42,42,387.2857142857143,332.0,0.5794482246792209,0.7857142857142857,3.190072224303026e-05,8.657212164569387e+24,3562593.5313856197,18,2026-01-17 00:00:00+00:00,1,3.6458333333333335
1768676400000,104,0.3468572166530207,111.74831063369176,899156.8358402131,0.6044294869003095,34,0.3269230769230769,0.18777092050846572,32,0.3076923076923077,0.24675512295180363,35,0.33653846153846156,0.2924830725731991,3.0,0.028846153846153848,,,0.0,0.2154481532575419,0.3889813336427676,34,34,310.6764705882353,346.0,0.537694372589114,0.9117647058823529,3.790009862643073e-05,8.697974084638802e+24,3586883.8638907536,19,2026-01-17 00:00:00+00:00,1,3.6875
1768680000000,69,0.4154831285740121,93.62468404760058,624676.139711618,0.44964389240030145,23,0.3333333333333333,0.4788122019263827,25,0.36231884057971014,0.1407827103164791,15,0.21739130434782608,0.7074134405821914,6.0,0.08695652173913043,,,0.0,0.21216938865841425,0.23747450374188717,23,23,289.4347826086956,307.0,0.529129603504322,0.9565217391304348,2.9687853166149015e-05,8.770307838079017e+24,3245896.927160335,20,2026-01-17 00:00:00+00:00,1,3.7291666666666665
1768683600000,74,0.3587264618946764,76.54984037908582,674952.9253760689,0.4777446141921056,37,0.5,0.3313895091443831,19,0.25675675675675674,0.13809138376655797,14,0.1891891891891892,0.1598818521557641,4.0,0.05405405405405406,,,0.0,0.1912275682062572,0.28651704598584843,37,37,379.6216216216216,344.0,0.5801246020821557,0.8378378378378378,3.455268174345571e-05,8.792958487542482e+24,2644962.0437501236,21,2026-01-17 00:00:00+00:00,1,3.7708333333333335
1768687200000,142,0.3723119986608825,162.76177590663983,1485450.046748005,0.40823441170677494,85,0.5985915492957746,0.43497167104078144,27,0.19014084507042253,0.2141381232222784,30,0.2112676056338028,,,0.0,,,0.0,0.25964139467909747,0.14859301702767744,85,85,307.6,321.0,0.5354037222873004,0.8705882352941177,7.566528387752233e-05,9.19115563521369e+24,4987578.041074002,22,2026-01-17 00:00:00+00:00,1,3.8125
1768690800000,73,0.34947816374992136,82.40135560167253,720983.6883218657,0.40456683705168545,41,0.5616438356164384,0.2906893379011579,22,0.3013698630136986,0.24326685415747965,7,0.0958904109589041,0.27554407389910784,3.0,0.0410958904109589,,,0.0,0.46108819438388216,-0.056521357332196764,41,41,301.3658536585366,336.0,0.5305115955595784,0.8780487804878049,3.843454422701093e-05,9.518044417462427e+24,3092964.5301671075,23,2026-01-17 00:00:00+00:00,1,3.8541666666666665
1768694400000,113,0.41810778224366296,139.45521657541545,1243993.8864207468,0.4340179026156302,59,0.5221238938053098,0.49708336625188243,22,0.19469026548672566,0.34316203253326266,29,0.25663716814159293,0.2505300460685653,3.0,0.02654867256637168,,,0.0,0.19985148807164746,0.23416641454398282,59,59,365.864406779661,365.0,0.5837494544106108,0.7627118644067796,5.896417391617524e-05,9.606554690658899e+24,4370381.276852715,0,2026-01-18 00:00:00+00:00,1,3.8958333333333335
1768698000000,141,0.34305836402746553,139.8608837229135,1233947.8228462522,0.3918592883695515,58,0.41134751773049644,0.3936185725480227,49,0.3475177304964539,0.2046684430048308,29,0.20567375886524822,0.08413914008909092,5.0,0.03546099290780142,,,0.0,0.29330718957334573,0.09855209879620573,58,58,361.0689655172414,334.0,0.5720471838897792,0.8793103448275862,4.8368065474676186e-05,9.441820098209371e+24,4584514.266187801,1,2026-01-18 00:00:00+00:00,1,3.9375
1768701600000,141,0.34165863221213294,141.2714673123549,1339358.5403324969,0.36568843320620165,82,0.5815602836879432,0.4536584737665667,27,0.19148936170212766,0.16643831225453012,29,0.20567375886524822,0.37064192397451373,3.0,0.02127659574468085,,,0.0,0.266482320006479,0.09920611319972268,82,82,358.8414634146341,327.5,0.5670400431168061,0.8414634146341463,4.887875922291336e-05,9.599028802297583e+24,4701455.132952789,2,2026-01-18 00:00:00+00:00,1,3.9791666666666665
1768705200000,109,0.31614363099984916,104.616610920695,965117.6617705063,0.351708043988518,51,0.46788990825688076,0.3654892801268451,30,0.27522935779816515,0.1969106009807051,22,0.2018348623853211,0.2043056516980454,6.0,0.05504587155963303,,,0.0,0.256553164409879,0.09515487957863902,51,51,315.84313725490193,301.0,0.5420799643374136,0.9019607843137255,4.90212539951913e-05,1.0078798354671478e+25,3860611.248116665,3,2026-01-18 00:00:00+00:00,1,4.020833333333333
1768708800000,81,0.2488655175025554,76.08275407574557,762455.8276328907,0.3073376337261385,41,0.5061728395061729,0.20267389418641318,26,0.32098765432098764,0.16341019186346917,14,0.1728395061728395,,,0.0,,,0.0,0.25337939695629325,0.053958236769845215,41,41,422.4390243902439,352.0,0.6178177520230174,0.8292682926829268,3.496204791836681e-05,1.0481038363485239e+25,3431045.116790901,4,2026-01-18 00:00:00+00:00,1,4.0625
1768712400000,76,0.24542649299533145,62.778701672975274,636440.5497805065,0.26142734876574264,37,0.4868421052631579,0.24333167347231588,14,0.18421052631578946,0.23205173059530895,24,0.3157894736842105,0.0037166004128738684,1.0,0.013157894736842105,,,0.0,0.18731816119003752,0.0741091875757051,37,37,301.1621621621622,319.0,0.5146628271304298,0.8378378378378378,2.844246377692678e-05,9.881513728024169e+24,2722035.9450875693,5,2026-01-18 00:00:00+00:00,1,4.104166666666667
1768716000000,61,0.33629606972390697,67.94922915135133,551432.9948391817,0.29643936754466804,23,0.3770491803278688,0.4217671296103672,23,0.3770491803278688,0.3057092139356053,13,0.21311475409836064,0.010545518714822628,2.0,0.03278688524590164,,,0.0,0.22302510764572397,0.07341425989894405,23,23,334.4782608695652,343.0,0.5661824804836024,0.8695652173913043,3.0897121760273894e-05,9.611574172453274e+24,2763685.575987576,6,2026-01-18 00:00:00+00:00,1,4.145833333333333
1768719600000,111,0.24632102043435156,80.06492112927656,770392.5858188345,0.28751825276079296,41,0.36936936936936937,0.2576366063997146,40,0.36036036036036034,0.18349807580341618,28,0.25225225225225223,0.0549872632681367,2.0,0.018018018018018018,,,0.0,0.2900205435987975,-0.0025022908380045185,41,41,318.6585365853659,343.0,0.5459501523631176,0.8292682926829268,3.694424648176011e-05,9.689244659269636e+24,3879794.72305559,7,2026-01-18 00:00:00+00:00,1,4.1875
1768723200000,87,0.2462970198667694,60.220652702904495,549108.1775800626,0.33551969575045937,22,0.25287356321839083,0.2537682791109558,41,0.47126436781609193,0.16171681585164327,20,0.22988505747126436,0.10189291532919448,4.0,0.04597701149425287,,,0.0,0.2826458957103255,0.05287380004013389,22,22,288.45454545454544,264.0,0.520221559634116,0.8636363636363636,3.444778659522842e-05,9.391341310211628e+24,4046232.574898038,8,2026-01-18 00:00:00+00:00,1,4.229166666666667
1768726800000,95,0.2492817445687017,70.6100692987426,686125.3303472582,0.41162546691464547,30,0.3157894736842105,0.18321156109813663,32,0.3368421052631579,0.16457651179187321,32,0.3368421052631579,0.20378339410698304,1.0,0.010526315789473684,,,0.0,0.3094421545275884,0.1021833123870571,30,30,376.93333333333334,345.5,0.5944433771273748,0.8333333333333334,3.5213357597419676e-05,9.495385824889703e+24,3632729.0702936836,9,2026-01-18 00:00:00+00:00,1,4.270833333333333
1768730400000,50,0.22231632794562725,36.32504068523575,339724.88881803496,0.3547551930946181,18,0.36,0.16941401066480252,19,0.38,0.12629853929528548,11,0.22,0.06103639334942375,2.0,0.04,,,0.0,0.1959314461782197,0.1588237469163984,18,18,402.1666666666667,332.0,0.6068683215247798,0.8888888888888888,2.6329585514575943e-05,9.407762756911908e+24,2404106.8961725566,10,2026-01-18 00:00:00+00:00,1,4.3125
1768734000000,82,0.25541974947772933,64.39203869532602,632817.946106732,0.2550144473483361,45,0.5487804878048781,0.3689618649728291,19,0.23170731707317074,0.13519855927527813,15,0.18292682926829268,0.14350516762858526,3.0,0.036585365853658534,,,0.0,0.2104017849418428,0.04461266240649328,45,45,325.31111111111113,341.0,0.5487176915897376,0.8444444444444444,3.550096356379405e-05,9.503858339562182e+24,3289193.3285294683,11,2026-01-18 00:00:00+00:00,1,4.354166666666667
1768737600000,85,0.23526986429370156,60.356665105662145,563362.2761026312,0.2709994120598521,23,0.27058823529411763,0.28763499482220123,42,0.49411764705882355,0.09913416263991699,16,0.18823529411764706,0.024533900704227514,4.0,0.047058823529411764,,,0.0,0.18834573384950656,0.08265367821034554,23,23,271.04347826086956,270.0,0.48963049826087474,0.8695652173913043,3.289198787331261e-05,9.437821716173803e+24,3082966.9429543098,12,2026-01-18 00:00:00+00:00,1,4.395833333333333
1768741200000,124,0.3605876988942892,142.30015800930803,1133541.0669773207,0.4085126316566692,49,0.3951612903225806,0.3244101557784202,33,0.2661290322580645,0.3531986132096453,39,0.31451612903225806,0.07182488528367865,3.0,0.024193548387096774,,,0.0,0.35036225859623465,0.05815037306043459,49,49,341.9183673469388,361.0,0.5728784153798813,0.9183673469387755,4.71206225387387e-05,9.529108580035766e+24,5493536.464724203,13,2026-01-18 00:00:00+00:00,1,4.4375
1768744800000,117,0.31115066514604145,101.60574562244068,944716.0860646584,0.3137713188092161,52,0.4444444444444444,0.3318662863617335,34,0.2905982905982906,0.2803956970808683,27,0.23076923076923078,0.3085954216313089,4.0,0.03418803418803419,,,0.0,0.2650698312157405,0.04870148759347556,52,52,325.5,343.0,0.5553491427113648,0.8653846153846154,4.068881015793877e-05,9.525832406728237e+24,4738392.081816048,14,2026-01-18 00:00:00+00:00,1,4.479166666666667
1768748400000,133,0.31999432543610806,132.20289413070398,1195390.3417365272,0.41462191053024544,59,0.44360902255639095,0.2773016186062341,43,0.3233082706766917,0.21086358039951267,28,0.21052631578947367,0.08946757015448975,3.0,0.022556390977443608,,,0.0,0.32864648376752426,0.08597542676272112,59,59,311.52542372881356,315.0,0.5431131850188706,0.864406779661017,4.8462120718924045e-05,1.0620895274558036e+25,6610259.274367268,15,2026-01-18 00:00:00+00:00,1,4.520833333333333
1768752000000,96,0.2723083954462148,105.90667408896853,825365.0241458424,0.24520647494799624,40,0.4166666666666667,0.22933787741180067,45,0.46875,0.1399840403863992,8,0.08333333333333333,1.6310900527648506,3.0,0.03125,,,0.0,0.18993250576793214,0.05527396918006411,40,40,302.075,270.0,0.5323839264075181,0.875,4.461806846294796e-05,1.2024207145590143e+25,5126009.534095602,16,2026-01-18 00:00:00+00:00,1,4.5625
1768755600000,81,0.27409523661069374,82.01983894462687,789480.2076895942,0.3161513364907796,36,0.4444444444444444,0.30350482621788655,29,0.35802469135802467,0.13455112100376468,15,0.18518518518518517,0.00035927642294626065,1.0,0.012345679012345678,,,0.0,0.22847084257196895,0.08768049391881065,36,36,288.80555555555554,293.0,0.5138064230546517,0.8888888888888888,3.451849543132652e-05,1.2178561731865807e+25,3741361.5980392057,17,2026-01-18 00:00:00+00:00,1,4.604166666666667
1768759200000,110,0.2840075635277054,122.20099857011081,1218832.4377916702,0.3239972213234067,57,0.5181818181818182,0.28082158598254164,32,0.2909090909090909,0.20417563152545404,18,0.16363636363636364,0.03717941790463596,3.0,0.02727272727272727,,,0.0,0.2521153678262743,0.07188185349713237,57,57,332.3333333333333,343.0,0.5591919538554496,0.8245614035087719,4.823999710347794e-05,1.1974231826826534e+25,5582719.149837859,18,2026-01-18 00:00:00+00:00,1,4.645833333333333
1768762800000,56,0.3125266058537841,68.28145859302131,611834.7023291969,0.2659894336485209,28,0.5,0.3335098969884618,19,0.3392857142857143,0.5050588095912231,7,0.125,0.09084303786699527,2.0,0.03571428571428571,,,0.0,0.1909173180443821,0.0750721156041388,28,28,300.5357142857143,326.0,0.5290060957682812,0.9285714285714286,3.0140915259337767e-05,1.2221329234123057e+25,2643033.222515439,19,2026-01-18 00:00:00+00:00,1,4.6875
1768766400000,67,0.31981464237852053,77.37894040505248,722715.952186322,0.38312349674931356,29,0.43283582089552236,0.3005312492703757,20,0.29850746268656714,0.26296697607116326,15,0.22388059701492538,0.12062333571860678,3.0,0.04477611940298507,,,0.0,0.35043707777041394,0.03268641897889963,29,29,309.82758620689657,302.0,0.5424533345662003,0.896551724137931,3.372936480113823e-05,1.2091305679872874e+25,2861112.948037229,20,2026-01-18 00:00:00+00:00,1,4.729166666666667
1768770000000,71,0.30176833806819203,76.91399442837239,722009.4405158918,0.32797325989646264,39,0.5492957746478874,0.30403335782864654,19,0.2676056338028169,0.21984315908733126,13,0.18309859154929578,,,0.0,,,0.0,0.2579003262169763,0.07007293367948637,39,39,303.5897435897436,293.0,0.5375290902932353,0.9230769230769231,3.4444583955343056e-05,1.2165683736030866e+25,2532846.297998421,21,2026-01-18 00:00:00+00:00,1,4.770833333333333
1768773600000,50,0.40530615381491136,85.6911768351881,642268.3660563731,0.5566279917649352,22,0.44,0.2930093993988774,15,0.3,0.27879622161029505,13,0.26,,,0.0,,,0.0,0.3797692609093551,0.17685873085558004,22,22,412.6818181818182,393.0,0.6178973919307343,0.6818181818181818,3.117160374101145e-05,1.233415614755344e+25,2030341.9350433485,22,2026-01-18 00:00:00+00:00,1,4.8125
1768777200000,359,0.4015593882261224,402.1173705268042,3842312.223538172,0.42670854426602456,166,0.4623955431754875,0.45419220960357226,117,0.32590529247910865,0.2711999322356781,74,0.20612813370473537,0.05845925797987124,2.0,0.005571030640668524,,,0.0,0.28356631185061526,0.14314223241540927,166,166,276.8855421686747,257.0,0.5005755803554666,0.9337349397590361,0.00011088118445070933,8.896921099275207e+24,18295232.44176535,23,2026-01-18 00:00:00+00:00,1,4.854166666666667
1768780800000,1126,0.6888696160429907,1650.4665382786739,11810392.365210347,0.5852604896841338,370,0.3285968028419183,0.959383757499764,411,0.3650088809946714,0.4873149291579185,332,0.29484902309058614,0.23273274372662006,13.0,0.011545293072824156,,,0.0,0.25876750718173946,0.3264929825023943,370,370,297.0972972972973,313.5,0.5194887920411284,0.9054054054054054,0.0003775380534057955,6.505686246566086e+24,47198008.83682556,0,2026-01-19 00:00:00+00:00,1,4.895833333333333
1768784400000,513,0.41800989652563736,572.8820557791764,5115810.14639369,0.4130147577566354,234,0.45614035087719296,0.5275646584167536,164,0.31968810916179335,0.28020826100186413,107,0.20857699805068225,0.161341961881529,8.0,0.015594541910331383,,,0.0,0.27921962589034566,0.13379513186628966,234,234,290.38461538461536,298.0,0.5184915773164105,0.9487179487179487,9.683001444424686e-05,9.215066908737634e+24,16469784.8253568,1,2026-01-19 00:00:00+00:00,1,4.9375
1768788000000,255,0.3612162337595885,304.1652018428687,2470276.3045942076,0.3415435886655437,107,0.4196078431372549,0.46738161129164596,80,0.3137254901960784,0.2698542273214255,66,0.25882352941176473,0.18203385746806772,2.0,0.00784313725490196,,,0.0,0.17094624854777818,0.17059734011776548,107,107,322.5327102803738,334.0,0.5507917227219277,0.8691588785046729,6.087437446646662e-05,9.263183447807587e+24,8918624.417128036,2,2026-01-19 00:00:00+00:00,1,4.979166666666667
1768791600000,231,0.3350316426687926,173.66612122885385,1456317.2395702533,0.3279747317785492,81,0.35064935064935066,0.419015777549904,78,0.33766233766233766,0.26011636845547464,65,0.2813852813852814,0.17650879770431996,7.0,0.030303030303030304,,,0.0,0.27448956553610493,0.05348516624244426,81,81,327.18518518518516,349.0,0.5549575004833243,0.8271604938271605,5.268910067654085e-05,6.591327045942513e+24,5830333.190997706,3,2026-01-19 00:00:00+00:00,1,5.020833333333333
1768795200000,201,0.4024558873231318,166.00385776077113,1493625.5627964626,0.4322203449073389,89,0.4427860696517413,0.5269051237832337,55,0.2736318407960199,0.24486796157929488,54,0.26865671641791045,0.0744569739455182,3.0,0.014925373134328358,,,0.0,0.4040530119594596,0.028167332947879306,89,89,326.4719101123595,343.0,0.548883411054471,0.8314606741573034,6.190957471557409e-05,6.628904004707332e+24,5331399.694661545,4,2026-01-19 00:00:00+00:00,1,5.0625
1768798800000,229,0.37038437866128654,170.72205445217023,1514031.957717003,0.3929710712380969,84,0.36681222707423583,0.4043734113852632,81,0.3537117903930131,0.28403890787183905,60,0.26200873362445415,0.502967983729453,4.0,0.017467248908296942,,,0.0,0.3132113829554206,0.07975968828267624,84,84,296.8809523809524,301.0,0.5237533250258081,0.9047619047619048,6.656528118989831e-05,6.749900322382686e+24,7327922.808716687,5,2026-01-19 00:00:00+00:00,1,5.104166666666667
1768802400000,232,0.32069571284379456,209.34568830984588,1844881.0960845854,0.3921918300661889,83,0.3577586206896552,0.38321707559180135,82,0.35344827586206895,0.15547317100898414,60,0.25862068965517243,0.156756146457129,7.0,0.03017241379310345,,,0.0,0.27237075385827686,0.119821076207912,83,83,333.0120481927711,343.0,0.5580336586827497,0.8795180722891566,6.491679298144674e-05,9.368234008399752e+24,8690679.47106144,6,2026-01-19 00:00:00+00:00,1,5.145833333333333
1768806000000,239,0.28702767558116843,181.10638756658054,1724751.4387921297,0.34652652155886293,68,0.28451882845188287,0.33383015352693407,88,0.3682008368200837,0.14473017201020325,59,0.24686192468619247,0.29665322245518333,24.0,0.100418410041841,,,0.0,0.2606483438705544,0.08587817768830852,68,68,296.55882352941177,328.5,0.5252389372154287,0.9117647058823529,4.5519567301138746e-05,8.181897713405408e+24,9444127.339228548,7,2026-01-19 00:00:00+00:00,1,5.1875
1768809600000,386,0.341124792610672,306.8793373700606,2764526.7437124075,0.3339476670083383,101,0.2616580310880829,0.35858547828275145,120,0.31088082901554404,0.2918811477011417,124,0.32124352331606215,0.45663258221964614,41.0,0.10621761658031088,,,0.0,0.2037031474560417,0.1302445195522966,101,101,279.0693069306931,303.0,0.5068827360606043,0.9306930693069307,6.32129741222023e-05,7.472589778842671e+24,13509604.871090474,8,2026-01-19 00:00:00+00:00,1,5.229166666666667
1768813200000,334,0.27830122752210357,217.38383652901476,2185957.2520833197,0.36745546077922736,51,0.15269461077844312,0.27807671714927346,128,0.38323353293413176,0.23601545977477148,126,0.3772455089820359,0.3062280608935787,29.0,0.08682634730538923,,,0.0,0.22773459608675503,0.13972086469247236,51,51,347.078431372549,345.0,0.5619368729308817,0.8431372549019608,4.204703872898482e-05,7.490654162064801e+24,13675998.444465993,9,2026-01-19 00:00:00+00:00,1,5.270833333333333
1768816800000,241,0.25234186452385915,156.06880281899382,1482621.3874623505,0.3356794715145814,49,0.2033195020746888,0.33769272851144805,79,0.3278008298755187,0.15751239921948787,96,0.3983402489626556,0.1510105510917846,17.0,0.07053941908713693,,,0.0,0.2697185326312635,0.06596093888331786,49,49,331.9183673469388,343.0,0.5618736824245917,0.9387755102040817,5.676743999642067e-05,8.280910027024371e+24,8930140.369384518,10,2026-01-19 00:00:00+00:00,1,5.3125
1768820400000,183,0.29816460122473476,170.49977824944222,1633382.9244442198,0.3903541017755475,58,0.31693989071038253,0.2849355482231697,69,0.3770491803278688,0.1766614664269309,42,0.22950819672131148,0.34594640741535004,14.0,0.07650273224043716,,,0.0,0.288109514510638,0.1022445872649095,58,58,311.6034482758621,293.5,0.5418651760535529,0.9310344827586207,4.9380014261908615e-05,1.0063328851014915e+25,8823211.28099036,11,2026-01-19 00:00:00+00:00,1,5.354166666666667
1768824000000,129,0.33460475141001017,166.32780704129124,1327023.8102817794,0.305597389875107,33,0.2558139534883721,0.344588223829727,57,0.4418604651162791,0.20795171886811653,35,0.2713178294573643,1.539865036833566,4.0,0.031007751937984496,,,0.0,0.17820559493750107,0.1273917949376059,33,33,358.3333333333333,343.0,0.5900328031120706,0.8787878787878788,5.55626098769505e-05,1.121497335080659e+25,10333776.837981975,12,2026-01-19 00:00:00+00:00,1,5.395833333333333
1768827600000,143,0.23491971282877402,97.99274508076412,877369.8073345586,0.2950523295588946,26,0.18181818181818182,0.2859736931287593,68,0.4755244755244755,0.13213947955728356,41,0.2867132867132867,0.1322785714223959,8.0,0.055944055944055944,,,0.0,0.12509320356800863,0.16995912599088597,26,26,307.15384615384613,325.5,0.5184301225372309,0.8846153846153846,6.109636282191975e-05,9.803112730656754e+24,10558946.909448454,13,2026-01-19 00:00:00+00:00,1,5.4375
1768831200000,320,0.2573751974727653,311.56115906130674,3069208.4868047014,0.1721732594214507,95,0.296875,0.36758618583234914,109,0.340625,0.21975416728172598,110,0.34375,0.2939584815885307,6.0,0.01875,,,0.0,0.1596355202722823,0.012537739149168371,95,95,295.2842105263158,292.0,0.519801727864953,0.8947368421052632,5.559137582645511e-05,1.2376289951930914e+25,21430213.112857703,14,2026-01-19 00:00:00+00:00,1,5.479166666666667
1768834800000,184,0.32748353080429793,236.06212753440042,1994213.8919648556,0.34575731725314846,98,0.532608695652174,0.3575934212097614,49,0.266304347826087,0.23261783471613073,34,0.18478260869565216,0.31388951918517033,3.0,0.016304347826086956,,,0.0,0.223335329424107,0.12242198782904146,98,98,294.05102040816325,295.5,0.53036988093772,0.9489795918367347,5.173401152620907e-05,1.255943170514034e+25,8021403.197626711,15,2026-01-19 00:00:00+00:00,1,5.520833333333333
1768838400000,140,0.31370875391067266,168.96335331400596,1630124.598580686,0.38057673710869916,62,0.44285714285714284,0.2661630524921971,47,0.3357142857142857,0.25427558020267205,30,0.21428571428571427,0.18553697354140114,1.0,0.007142857142857143,,,0.0,0.20999462381262077,0.1705821132960784,62,62,336.56451612903226,336.5,0.5574972494463077,0.8548387096774194,4.366318924173079e-05,1.2422403929755287e+25,5787797.087633894,16,2026-01-19 00:00:00+00:00,1,5.5625
1768842000000,94,0.27920940862442367,99.64034393701263,925740.6606366723,0.3005317195928123,50,0.5319148936170213,0.30971914163349185,25,0.26595744680851063,0.18295367843252186,19,0.20212765957446807,,,0.0,,,0.0,0.1689768736504957,0.1315548459423166,50,50,327.84,319.0,0.5541640372109882,0.84,3.527966478100124e-05,1.187743212894841e+25,4744895.372341507,17,2026-01-19 00:00:00+00:00,1,5.604166666666667
1768845600000,85,0.29900792677610266,93.78855270106315,813080.4479409512,0.30227367330308647,32,0.3764705882352941,0.36983040116448046,38,0.4470588235294118,0.12649246054688293,13,0.15294117647058825,0.022479499455108916,2.0,0.023529411764705882,,,0.0,0.2145598919632502,0.08771378133983626,32,32,332.09375,293.0,0.5520213101471335,0.90625,3.1129585981337956e-05,1.271902785104385e+25,3774816.9485986084,18,2026-01-19 00:00:00+00:00,1,5.645833333333333
1768849200000,86,0.2977581020846872,96.55574765761814,842995.0833202312,0.40605147260633695,44,0.5116279069767442,0.20830404608287328,22,0.2558139534883721,0.16035852868463382,17,0.19767441860465115,0.14404932771409537,3.0,0.03488372093023256,,,0.0,0.3251777274907046,0.08087374511563232,44,44,322.77272727272725,292.0,0.5343405479029602,0.8636363636363636,3.2501378785584536e-05,1.1646040445828889e+25,2874226.6649737246,19,2026-01-19 00:00:00+00:00,1,5.6875
1768852800000,113,0.322271720299596,147.5581704242789,1294460.3399265697,0.3477470817752696,45,0.39823008849557523,0.4007739501312702,37,0.3274336283185841,0.1915951470680714,31,0.2743362831858407,,,0.0,,,0.0,0.2541711641086787,0.09357591766659093,45,45,332.15555555555557,317.0,0.5532427744649363,0.8444444444444444,4.0160692355787334e-05,1.2786783491052738e+25,5223239.906419668,20,2026-01-19 00:00:00+00:00,1,5.729166666666667
1768856400000,168,0.4729174595436354,370.06857719627453,2232335.3049448114,0.27727521673981487,50,0.2976190476190476,0.8487837873151333,62,0.36904761904761907,0.24046194365947657,50,0.2976190476190476,0.15644672830465342,6.0,0.03571428571428571,,,0.0,0.1952111779341079,0.082064038805707,50,50,369.3,298.5,0.569830847291231,0.86,3.444896266109081e-05,1.2976915409411542e+25,23446874.918065805,21,2026-01-19 00:00:00+00:00,1,5.770833333333333
1768860000000,168,0.37286419286593886,299.1319066682167,2298774.0224724025,0.28145027501191056,63,0.375,0.5517477927336004,61,0.3630952380952381,0.2702400922906734,41,0.24404761904761904,0.05778597835337601,3.0,0.017857142857142856,,,0.0,0.18531646958729292,0.09613380542461766,63,63,310.6190476190476,293.0,0.5297960990269975,0.9047619047619048,6.320998382292652e-05,1.48576450054678e+25,20727597.501133144,22,2026-01-19 00:00:00+00:00,1,5.8125
1768863600000,289,0.36241960021609915,505.29288712373767,4619240.77077441,0.36491932079639555,160,0.5536332179930796,0.43601799606570735,78,0.2698961937716263,0.2531959597724877,46,0.15916955017301038,0.13915105847395276,5.0,0.01730103806228374,,,0.0,0.19556933491499895,0.16934998588139655,160,160,329.0125,321.0,0.5531505818444378,0.8625,6.993614915468023e-05,1.434981560231371e+25,13327265.708790423,23,2026-01-19 00:00:00+00:00,1,5.854166666666667
1768867200000,287,0.3394522718679551,350.23474703893754,3239207.302701015,0.37833104317977395,128,0.445993031358885,0.35897162874417615,92,0.3205574912891986,0.22566511565320269,59,0.20557491289198607,0.332099603886111,8.0,0.027874564459930314,,,0.0,0.21486890133719844,0.16346214184257551,128,128,300.40625,302.0,0.5290067281601449,0.8984375,6.933191552817911e-05,1.16605271713304e+25,11435788.097015424,0,2026-01-20 00:00:00+00:00,1,5.895833333333333
1768870800000,341,0.3020364999683442,421.54606959098476,3703385.2731567654,0.32716888008385037,121,0.3548387096774194,0.2910085883446735,110,0.3225806451612903,0.30610346123173854,96,0.28152492668621704,0.14358107163560677,14.0,0.04105571847507331,,,0.0,0.19225312718049004,0.13491575290336033,121,121,334.87603305785126,339.0,0.551591664854705,0.8677685950413223,7.673715614583585e-05,1.2852582336994236e+25,28381965.24924664,1,2026-01-20 00:00:00+00:00,1,5.9375
1768874400000,347,0.48470800969740385,928.5076941912082,4582441.744734206,0.458854452024438,104,0.29971181556195964,0.7274632946745281,116,0.33429394812680113,0.2929193170442793,116,0.33429394812680113,0.1916757631887224,11.0,0.03170028818443804,,,0.0,0.26017872227543026,0.19867572974900766,104,104,336.1442307692308,342.5,0.5574422609357634,0.9038461538461539,4.988944692676347e-05,1.1775727244927097e+25,44367076.8911157,2,2026-01-20 00:00:00+00:00,1,5.979166666666667
1768878000000,324,0.33663258240977556,585.6787070272956,3259890.9700086648,0.35490325069757367,60,0.18518518518518517,0.5111452271934281,112,0.345679012345679,0.1880653112897163,123,0.37962962962962965,0.2549814801590962,29.0,0.08950617283950617,,,0.0,0.27230963470688807,0.08259361599068556,60,60,330.8833333333333,324.5,0.5464762154794228,0.8666666666666667,3.868761437814439e-05,1.159536232683478e+25,40501239.511134915,3,2026-01-20 00:00:00+00:00,1,6.020833333333333
1768881600000,228,0.33830404152748283,349.0478655920944,2186547.92514955,0.23956011306496186,52,0.22807017543859648,0.4773472889422846,70,0.30701754385964913,0.31533270639763056,84,0.3684210526315789,0.21699718297850853,22.0,0.09649122807017543,,,0.0,0.19186697104113504,0.04769314202382682,52,52,380.9807692307692,345.0,0.5907651860410047,0.8461538461538461,3.829901545024286e-05,1.1483286189490577e+25,24171782.61314473,4,2026-01-20 00:00:00+00:00,1,6.0625
1768885200000,411,0.4270863837435436,682.0228445401533,4955730.054300989,0.4021661804795048,101,0.24574209245742093,0.5646543737204637,155,0.3771289537712895,0.30465967614612005,139,0.3381995133819951,0.3152872861989933,16.0,0.038929440389294405,,,0.0,0.44846352712472437,-0.04629734664521953,101,101,321.009900990099,342.0,0.5479997128849222,0.900990099009901,8.965399995555887e-05,1.1662206572415452e+25,47853901.353879094,5,2026-01-20 00:00:00+00:00,1,6.104166666666667
1768888800000,407,0.36464478065123185,528.1844513373836,4427302.900611821,0.4254001634400207,140,0.343980343980344,0.36832817053877026,120,0.29484029484029484,0.3140285116339727,121,0.2972972972972973,0.25606047965712925,26.0,0.06388206388206388,,,0.0,0.2339297159484975,0.19147044749152314,140,140,300.12857142857143,314.5,0.5233390649008312,0.8928571428571429,9.211277169022131e-05,1.1719973768067855e+25,23489636.789938405,6,2026-01-20 00:00:00+00:00,1,6.145833333333333
1768892400000,357,0.3108096667558042,404.72901801478554,3661944.344431319,0.3417392927818185,118,0.33053221288515405,0.42789930620384736,114,0.31932773109243695,0.17111088513521278,105,0.29411764705882354,0.1943325318565789,20.0,0.056022408963585436,,,0.0,0.23454918898222346,0.10719010379959504,118,118,288.5593220338983,293.0,0.5131269329124842,0.9152542372881356,7.356870467655711e-05,1.2121110277170323e+25,17074997.536492445,7,2026-01-20 00:00:00+00:00,1,6.1875
1768896000000,424,0.3273770522046291,493.6309872367844,4861749.696650839,0.2947868866559937,145,0.3419811320754717,0.446850145949541,143,0.33726415094339623,0.24312549432519268,124,0.29245283018867924,0.1680532835446159,12.0,0.02830188679245283,,,0.0,0.19212520030215396,0.10266168635383972,145,145,278.9862068965517,293.0,0.5009774020708062,0.9310344827586207,9.406112565305504e-05,1.1582739352311815e+25,25473774.109133214,8,2026-01-20 00:00:00+00:00,1,6.229166666666667
1768899600000,279,0.25669636967963133,282.39690158191803,3098904.8793752925,0.34701436356034643,73,0.2616487455197133,0.283000439194553,92,0.32974910394265233,0.17473386275541572,97,0.34767025089605735,0.19417726514927391,17.0,0.06093189964157706,,,0.0,0.204595615127941,0.1424187484324054,73,73,301.93150684931504,293.0,0.5164690526828495,0.8767123287671232,4.808148720113733e-05,1.2159270284286497e+25,20272651.489203144,9,2026-01-20 00:00:00+00:00,1,6.270833333333333
1768903200000,145,0.33597881284497727,198.42464296436924,1706982.2605525653,0.34608482132208596,44,0.30344827586206896,0.41794469820292846,53,0.36551724137931035,0.24312748551511276,43,0.296551724137931,0.1767289684889714,5.0,0.034482758620689655,,,0.0,0.22921896999217906,0.11686585132990691,44,44,305.22727272727275,283.5,0.5328520752871619,0.8636363636363636,4.621479974077014e-05,1.2098823823824558e+25,10865857.930798534,10,2026-01-20 00:00:00+00:00,1,6.3125
1768906800000,147,0.23661145879969253,138.0867682333915,1525720.939582748,0.2582384221168318,43,0.2925170068027211,0.30044562582796097,58,0.3945578231292517,0.14138377474615693,44,0.29931972789115646,0.015449952839197985,2.0,0.013605442176870748,,,0.0,0.2580505599911828,0.00018786212564897819,43,43,250.97674418604652,273.0,0.4737144171870179,0.9534883720930233,4.065523196644926e-05,1.2188719737853985e+25,12214243.390583346,11,2026-01-20 00:00:00+00:00,1,6.354166666666667
1768910400000,179,0.2937984818301412,197.32009930753014,2013531.9881900777,0.37543289212300324,64,0.3575418994413408,0.35791334532199165,55,0.30726256983240224,0.12944579274978915,48,0.2681564245810056,0.2219659255853036,12.0,0.0670391061452514,,,0.0,0.255839658424844,0.11959323369815922,64,64,299.96875,311.5,0.526048645142897,0.890625,4.8249872763761366e-05,1.21075830552053e+25,12278692.566725543,12,2026-01-20 00:00:00+00:00,1,6.395833333333333
1768914000000,345,0.2828851822187949,346.35881029833234,3718230.433785285,0.2736616610148709,94,0.27246376811594203,0.3881050768343684,121,0.3507246376811594,0.19291514476046218,118,0.34202898550724636,0.17887419594943824,12.0,0.034782608695652174,,,0.0,0.17659656244430405,0.0970650985705668,94,94,268.98936170212767,252.0,0.4804554091491619,0.8829787234042553,5.196004034622147e-05,1.1277060656325407e+25,19373082.670885507,13,2026-01-20 00:00:00+00:00,1,6.4375
1768917600000,644,0.3934617854878117,818.6590556980958,7939467.001383616,0.35935690829979766,230,0.35714285714285715,0.5352656633830215,221,0.34316770186335405,0.2751245815288031,168,0.2608695652173913,0.24890638562842324,25.0,0.03881987577639751,,,0.0,0.19717113289398008,0.16218577540581752,230,230,309.0086956521739,310.5,0.5286580665851689,0.908695652173913,0.00011840850851386972,1.052803403459924e+25,30954921.237219468,14,2026-01-20 00:00:00+00:00,1,6.479166666666667
1768921200000,757,0.45603944990696893,1386.9469566089247,10255568.07027002,0.35333917347951566,219,0.2892998678996037,0.7666915101477164,240,0.31704095112285335,0.28070741432696017,289,0.3817701453104359,0.30113104573534616,9.0,0.011889035667107,,,0.0,0.18434462845711103,0.16899454502240463,219,219,280.3424657534247,284.0,0.503067202944716,0.9178082191780822,0.00013887826154892146,1.1480431698120395e+25,57708272.39321691,15,2026-01-20 00:00:00+00:00,1,6.520833333333333
1768924800000,444,0.3755225748101398,584.0156698225337,4602730.139854694,0.26313954740399376,142,0.31981981981981983,0.5854084002555978,176,0.3963963963963964,0.21206205026056268,118,0.26576576576576577,0.1638758885754163,8.0,0.018018018018018018,,,0.0,0.14691468210160094,0.11622486530239279,142,142,273.3098591549296,289.0,0.4987200504815463,0.9577464788732394,8.587564561337915e-05,1.0377155273668685e+25,30395142.160105396,16,2026-01-20 00:00:00+00:00,1,6.5625
1768928400000,483,0.3797607892817866,414.87502941803103,4303847.365361618,0.39861755654852066,193,0.3995859213250518,0.4323297734702268,133,0.2753623188405797,0.31838388194036304,142,0.2939958592132505,0.25206011347778196,15.0,0.031055900621118012,,,0.0,0.2626076806430913,0.13600987590542934,193,193,238.4455958549223,232.0,0.4567736859714993,0.9481865284974094,0.0001072354386537833,7.229372614349095e+24,20664544.942396376,17,2026-01-20 00:00:00+00:00,1,6.604166666666667
1768932000000,347,0.34916904768329554,277.11408457537254,2727015.4007575777,0.37624309623151503,113,0.3256484149855908,0.44562971665593765,121,0.34870317002881845,0.24263566125170608,95,0.2737752161383285,0.09303367431454494,18.0,0.05187319884726225,,,0.0,0.23542713769936058,0.14081595853215448,113,113,289.9911504424779,280.0,0.5009888494955929,0.9203539823008849,8.417818740757033e-05,6.990336533018947e+24,19018451.64632251,18,2026-01-20 00:00:00+00:00,1,6.645833333333333
1768935600000,327,0.32129610536593783,248.32122712799065,2402081.509572313,0.37473237699986295,115,0.3516819571865443,0.31183479822083265,124,0.37920489296636084,0.3028202920995094,70,0.21406727828746178,0.11692598185158465,18.0,0.05504587155963303,,,0.0,0.23070839359460196,0.14402398340526099,115,115,295.6,293.0,0.519343353325903,0.8956521739130435,7.221217696551817e-05,6.738572758793083e+24,16990634.00725459,19,2026-01-20 00:00:00+00:00,1,6.6875
1768939200000,233,0.2387237212678844,134.388622623899,1551985.4787960793,0.21917889095826903,74,0.31759656652360513,0.29506697099255835,91,0.3905579399141631,0.18930258242177433,53,0.22746781115879827,0.167950526388554,15.0,0.06437768240343347,,,0.0,0.1648397686696175,0.05433912228865152,74,74,278.0,222.0,0.4892069319013489,0.918918918918919,6.953953602357694e-05,6.856457629927202e+24,12833061.158794748,20,2026-01-20 00:00:00+00:00,1,6.729166666666667
1768942800000,105,0.2605347119510097,56.47658579036405,518919.5688637514,0.320059022886566,25,0.23809523809523808,0.267079802380734,36,0.34285714285714286,0.21733943874029882,32,0.3047619047619048,0.2320778547746565,12.0,0.11428571428571428,,,0.0,0.20385460443284129,0.11620441845372476,25,25,188.28,158.0,0.39827339446218163,1.0,3.6719008339040266e-05,6.873703213961007e+24,5478455.935607493,21,2026-01-20 00:00:00+00:00,1,6.770833333333333
1768946400000,273,0.6207232503340706,385.03726169170716,2854088.4921805714,0.5651787451442252,81,0.2967032967032967,0.7968777381515791,96,0.3516483516483517,0.517789958421138,85,0.31135531135531136,0.2877781505609748,11.0,0.040293040293040296,,,0.0,0.32791234376306844,0.23726640138115676,81,81,300.39506172839504,293.0,0.5048375589015274,0.8641975308641975,0.00018575246822416015,6.746923596354789e+24,15500024.485651137,22,2026-01-20 00:00:00+00:00,1,6.8125
1768950000000,360,0.3778068281246243,440.81355323745544,4375065.727104945,0.3800806337736834,133,0.36944444444444446,0.4691765539189642,120,0.3333333333333333,0.26089624193316957,86,0.2388888888888889,0.3200700264969804,21.0,0.058333333333333334,,,0.0,0.23345505530074206,0.14662557847294128,133,133,283.81954887218046,291.0,0.5073847644561894,0.8947368421052632,9.236726053294575e-05,1.0462239174719526e+25,23324607.28719615,23,2026-01-20 00:00:00+00:00,1,6.854166666666667
1768953600000,672,0.5727708146609459,766.6137304000415,6738242.312998093,0.5474522067668389,198,0.29464285714285715,0.7761853402244429,264,0.39285714285714285,0.3066807439910311,190,0.28273809523809523,0.6662089667386359,20.0,0.02976190476190476,,,0.0,0.27541211430852436,0.2720400924583146,198,198,286.6969696969697,292.0,0.509602616951188,0.9242424242424242,0.00013964185830132658,7.57792901019443e+24,38096053.785444126,0,2026-01-21 00:00:00+00:00,1,6.895833333333333
1768957200000,394,0.42518823045529747,492.57177277703835,4552718.950261731,0.42369093949209996,118,0.29949238578680204,0.47853064867818046,158,0.4010152284263959,0.3658103572542842,101,0.2563451776649746,0.29258490385201136,17.0,0.04314720812182741,,,0.0,0.21777348303143323,0.20591745646066673,118,118,295.3728813559322,293.0,0.5203350383983764,0.9067796610169492,9.798914546356918e-05,9.371497551829332e+24,30994586.503962424,1,2026-01-21 00:00:00+00:00,1,6.9375
1768960800000,429,0.3494814787476868,436.7943793337888,4379950.970540061,0.43727641147005913,132,0.3076923076923077,0.3580617477970609,157,0.36596736596736595,0.2399077889754645,121,0.28205128205128205,0.3664490104494781,19.0,0.04428904428904429,,,0.0,0.24515214640317426,0.19212426506688488,132,132,315.0530303030303,320.5,0.5354759961773108,0.8257575757575758,7.648486979117858e-05,9.346570398338737e+24,22857767.29365448,2,2026-01-21 00:00:00+00:00,1,6.979166666666667
1768964400000,412,0.3313786470117043,425.46227232233633,3688970.8069457347,0.3795860836565352,96,0.23300970873786409,0.43357294946586045,141,0.3422330097087379,0.22926083168666175,153,0.3713592233009709,0.1762293370476911,22.0,0.05339805825242718,,,0.0,0.20415499033871964,0.17543109331781548,96,96,304.2395833333333,294.5,0.5214578137860246,0.8958333333333334,7.0741142900206e-05,9.424287683043399e+24,20916146.905789144,3,2026-01-21 00:00:00+00:00,1,7.020833333333333
1768968000000,227,0.2271456517640692,160.3288700560986,1702643.103166198,0.3075658441852528,54,0.23788546255506607,0.2412635071393482,77,0.3392070484581498,0.17210330177752725,85,0.3744493392070485,0.1588578785109488,11.0,0.048458149779735685,,,0.0,0.17941194833120835,0.12815389585404444,54,54,284.0925925925926,281.5,0.5009800476050688,0.9074074074074074,5.2427431100243995e-05,1.002947115869298e+25,13428878.110670254,4,2026-01-21 00:00:00+00:00,1,7.0625
1768971600000,279,0.2707566514971387,237.8992028339389,2332892.5512440703,0.3423116273436331,77,0.27598566308243727,0.30164451165863754,81,0.2903225806451613,0.2214713706062151,108,0.3870967741935484,0.0639228455708518,13.0,0.04659498207885305,,,0.0,0.18468658775630722,0.15762503958732582,77,77,244.37662337662337,256.0,0.46218174089509867,0.974025974025974,6.435793856660334e-05,1.025150418027912e+25,15057837.48187697,5,2026-01-21 00:00:00+00:00,1,7.104166666666667
1768975200000,340,0.1899140300477725,216.85241091224677,2355569.6745815086,0.24996677629480538,56,0.16470588235294117,0.20277035042886016,115,0.3382352941176471,0.16019221735648126,149,0.43823529411764706,0.16927000291494604,20.0,0.058823529411764705,,,0.0,0.1933422668164241,0.05662450947838127,56,56,323.57142857142856,337.0,0.5409539180828634,0.8392857142857143,5.582806406574336e-05,1.0257449833248775e+25,15585839.49470374,6,2026-01-21 00:00:00+00:00,1,7.145833333333333
1768978800000,310,0.21920932826323083,222.09378086695904,2323214.26843237,0.2580261309775145,69,0.22258064516129034,0.2458903742267803,88,0.2838709677419355,0.18630192255267544,136,0.43870967741935485,0.1868043720607372,17.0,0.054838709677419356,,,0.0,0.14402822900131848,0.11399790197619597,69,69,300.8985507246377,323.0,0.5260483205969363,0.8840579710144928,6.055108046289948e-05,9.996983626465035e+24,16288531.93316556,7,2026-01-21 00:00:00+00:00,1,7.1875
1768982400000,468,0.27317350899608994,386.90824216428473,3883954.9258700353,0.30799799286963164,67,0.14316239316239315,0.3481651657884006,166,0.3547008547008547,0.21229071482869258,226,0.4829059829059829,0.1595797350828619,9.0,0.019230769230769232,,,0.0,0.1917944846494173,0.1162035082202143,67,67,267.4179104477612,295.0,0.48971059142926415,0.9402985074626866,7.472010372668416e-05,9.488705523324613e+24,22781478.487381723,8,2026-01-21 00:00:00+00:00,1,7.229166666666667
1768986000000,303,0.2771439830835722,237.32447801933216,2316426.9066720423,0.2907617704639879,43,0.1419141914191419,0.3279963896054347,100,0.33003300330033003,0.24913532518435028,142,0.46864686468646866,0.18305642264720445,18.0,0.0594059405940594,,,0.0,0.13096142438820293,0.15980034607578494,43,43,265.4651162790698,254.0,0.49926085353183525,0.9534883720930233,5.475703608333757e-05,9.25468687424915e+24,14186483.654715959,9,2026-01-21 00:00:00+00:00,1,7.270833333333333
1768989600000,213,0.25601052836994,155.02263312251898,1567076.7221446137,0.31779286804135437,61,0.2863849765258216,0.2540130199958021,71,0.3333333333333333,0.21503971012290243,71,0.3333333333333333,0.18421337538465726,10.0,0.046948356807511735,,,0.0,0.24281126156183166,0.07498160647952272,61,61,327.72131147540983,381.0,0.5496822767302912,0.8360655737704918,4.847690853844298e-05,9.24824913492869e+24,8634784.594016071,10,2026-01-21 00:00:00+00:00,1,7.3125
1768993200000,314,0.2503909676218726,218.85058298779657,2254169.187104629,0.24193718736756128,63,0.20063694267515925,0.29486068340094856,78,0.2484076433121019,0.23065298289973996,161,0.5127388535031847,0.27053812308162517,12.0,0.03821656050955414,,,0.0,0.1929323662308183,0.04900482113674302,63,63,230.33333333333334,233.0,0.4547414644713574,0.9682539682539683,5.7447234750946784e-05,9.237553238748173e+24,16285582.806845186,11,2026-01-21 00:00:00+00:00,1,7.354166666666667
1768996800000,476,0.2916237923980751,374.3654432351303,3825310.482135238,0.3418821026327622,110,0.23109243697478993,0.3476174272778719,149,0.3130252100840336,0.22637724395018613,210,0.4411764705882353,0.2673822854197031,7.0,0.014705882352941176,,,0.0,0.19194106498632377,0.1499410376464384,110,110,258.5090909090909,240.0,0.474635496338505,0.9636363636363636,9.071748687082945e-05,9.074612063763974e+24,20995575.66732739,12,2026-01-21 00:00:00+00:00,1,7.395833333333333
1769000400000,350,0.2802833804059269,270.41314396110505,2546348.309709424,0.34010458674524785,87,0.24857142857142858,0.3127559310205587,129,0.36857142857142855,0.21107988055367075,120,0.34285714285714286,0.20249880908180576,14.0,0.04,,,0.0,0.1703741865284091,0.16973040021683872,87,87,333.2183908045977,347.0,0.5541013197579602,0.8735632183908046,7.492530716884909e-05,9.24523542175552e+24,15733682.187066762,13,2026-01-21 00:00:00+00:00,1,7.4375
1769004000000,766,0.3794876039539997,827.3937128826382,7977327.356778769,0.3409478366692543,205,0.26762402088772846,0.5630057732918983,214,0.2793733681462141,0.29188409461226156,342,0.4464751958224543,0.09712045394139142,5.0,0.006527415143603133,,,0.0,0.19582265513004724,0.14512518153920712,205,205,256.4878048780488,279.0,0.4775947391335031,0.9414634146341463,0.000145295498875351,9.526101235329128e+24,36106302.5187079,14,2026-01-21 00:00:00+00:00,1,7.479166666666667
1769007600000,624,0.34967435456466905,746.1530451525763,6128412.241939128,0.300684346419658,172,0.27564102564102566,0.5105016509045036,192,0.3076923076923077,0.25921645087829637,255,0.40865384615384615,0.47251554330840584,5.0,0.008012820512820512,,,0.0,0.21821486049147948,0.08246948592817857,172,172,262.86046511627904,269.5,0.4918752705914625,0.9476744186046512,0.00012304792622149573,9.6774120756017e+24,30872118.776572783,15,2026-01-21 00:00:00+00:00,1,7.520833333333333
1769011200000,705,0.39522864935562607,806.2885669059729,7789617.985779634,0.38141560810541125,233,0.3304964539007092,0.517359449763519,211,0.29929078014184396,0.3113115730512877,251,0.35602836879432626,0.24643123711798415,10.0,0.014184397163120567,,,0.0,0.2246958535481956,0.15671975455721568,233,233,251.55364806866953,268.0,0.4726651515581672,0.944206008583691,0.0001696677557208591,9.439095550293368e+24,36626479.37661246,16,2026-01-21 00:00:00+00:00,1,7.5625
1769014800000,957,0.4494244293670181,1190.470714051626,11083500.816916868,0.4352942597194731,366,0.3824451410658307,0.6334215501777053,254,0.26541274817136884,0.32825976709387344,315,0.329153605015674,0.29502633941826834,22.0,0.022988505747126436,,,0.0,0.22040112633126807,0.214893133388205,366,366,267.1612021857924,262.0,0.49011782488770805,0.9316939890710383,0.00017132365696263422,9.132229665528473e+24,40261306.57285212,17,2026-01-21 00:00:00+00:00,1,7.604166666666667
1769018400000,414,0.3267519635847373,387.8546901064849,4099997.5300821937,0.3727510229956045,159,0.38405797101449274,0.39110173452871116,110,0.26570048309178745,0.21301317482374515,122,0.2946859903381642,0.3043087887445652,23.0,0.05555555555555555,,,0.0,0.20305073846418986,0.1697002845314146,159,159,269.37735849056605,281.0,0.4909792383739565,0.9056603773584906,8.248836793757143e-05,9.163449505999816e+24,21696452.429467384,18,2026-01-21 00:00:00+00:00,1,7.645833333333333
1769022000000,708,0.3799252909551567,807.2935118196923,7683183.470332832,0.350651064142618,271,0.3827683615819209,0.5323173181864814,217,0.3064971751412429,0.2669827966274061,197,0.2782485875706215,0.25444341876243415,23.0,0.03248587570621469,,,0.0,0.18035358492015627,0.1702974792224617,271,271,263.49446494464945,270.0,0.4837477518301672,0.9446494464944649,0.0001617869109170704,9.438470066594157e+24,33120327.68004741,19,2026-01-21 00:00:00+00:00,1,7.6875
1769025600000,487,0.3604735531393498,506.7287710216355,5063016.021209347,0.3599361603814515,220,0.4517453798767967,0.4507314918276776,132,0.27104722792607805,0.28916446088486597,122,0.25051334702258726,0.12231107274899458,13.0,0.026694045174537988,,,0.0,0.20026764275905534,0.15966851762239614,220,220,282.1318181818182,281.0,0.5094626849178968,0.9136363636363637,0.00010151240207010288,9.567107579360914e+24,22896614.512372766,20,2026-01-21 00:00:00+00:00,1,7.729166666666667
1769029200000,210,0.23503535479780557,155.54085579400757,1623069.5334884666,0.29312144961596237,82,0.3904761904761905,0.23043041509265758,68,0.3238095238095238,0.16792697135488557,54,0.2571428571428571,0.09735682659428674,6.0,0.02857142857142857,,,0.0,0.16145182403023323,0.13166962558572914,82,82,297.4878048780488,290.0,0.5146326061156727,0.8780487804878049,6.432098620106697e-05,9.68302092603196e+24,9122949.887783863,21,2026-01-21 00:00:00+00:00,1,7.770833333333333
1769032800000,180,0.35704411398918084,204.48447787090288,1785358.6770994964,0.4547460872162452,78,0.43333333333333335,0.35581604961463553,56,0.3111111111111111,0.20425422884473932,41,0.22777777777777777,0.09952471082630505,5.0,0.027777777777777776,,,0.0,0.2888343973286252,0.16591168988762003,78,78,314.61538461538464,316.5,0.5360135493490724,0.8076923076923077,6.651093895687768e-05,9.715198478571722e+24,8715457.399871506,22,2026-01-21 00:00:00+00:00,1,7.8125
1769036400000,234,0.35270865925753475,249.45811595796184,2521863.5269444026,0.3373907766284599,88,0.37606837606837606,0.4123804932865398,89,0.3803418803418803,0.27930345684661606,53,0.2264957264957265,0.33462270189649285,4.0,0.017094017094017096,,,0.0,0.2154531215504365,0.12193765507802339,88,88,234.5340909090909,242.5,0.4612690380219328,0.9886363636363636,6.05457059049247e-05,9.733852473189678e+24,12038989.307380669,23,2026-01-21 00:00:00+00:00,1,7.854166666666667
1769040000000,218,0.268589733931442,173.3770225868151,1716392.663092936,0.34836283508427557,52,0.23853211009174313,0.2675226531829443,89,0.40825688073394495,0.21905220229311728,73,0.3348623853211009,0.15934191799810232,4.0,0.01834862385321101,,,0.0,0.16429420683171145,0.18406862825256412,52,52,316.46153846153845,305.5,0.5310531966687357,0.8846153846153846,5.138767091232219e-05,9.745938375621232e+24,10721760.208925571,0,2026-01-22 00:00:00+00:00,1,7.895833333333333
1769043600000,265,0.31080069984543085,246.91440928962334,2560579.052506846,0.3355417446256569,87,0.3283018867924528,0.3741880305437987,84,0.3169811320754717,0.23339606712253397,93,0.35094339622641507,0.032424868532277835,1.0,0.0037735849056603774,,,0.0,0.2374752659360688,0.09806647868958807,87,87,290.3448275862069,293.0,0.5097491569577999,0.8735632183908046,6.528748134348382e-05,9.811585692820404e+24,12363234.249104448,1,2026-01-22 00:00:00+00:00,1,7.9375
1769047200000,216,0.28838546180970764,187.06181984132203,1812584.3853908794,0.25611499092586965,54,0.25,0.36652851450381724,82,0.37962962962962965,0.23381787069962662,78,0.3611111111111111,0.08395906850800022,2.0,0.009259259259259259,,,0.0,0.1378082599193282,0.11830673100654143,54,54,326.68518518518516,302.5,0.5580716874756484,0.9259259259259259,4.8705088922983365e-05,9.847002418063252e+24,10645934.033342972,2,2026-01-22 00:00:00+00:00,1,7.979166666666667
1769050800000,177,0.2681252823880925,145.31112890683113,1448831.7791845624,0.28446638100685334,71,0.4011299435028249,0.32584367799955105,49,0.2768361581920904,0.20404787299914953,48,0.2711864406779661,0.16671375614095668,9.0,0.05084745762711865,,,0.0,0.18964805485952543,0.09481832614732788,71,71,319.90140845070425,331.0,0.544014391271451,0.8873239436619719,5.652142400215448e-05,9.867913042791358e+24,8861237.694770595,3,2026-01-22 00:00:00+00:00,1,8.020833333333334
1769054400000,164,0.31094211302282876,164.00846584506598,1371858.7079796284,0.4109373513133515,53,0.3231707317073171,0.3728191281859011,44,0.2682926829268293,0.19659337726630963,63,0.38414634146341464,0.1063506270447831,4.0,0.024390243902439025,,,0.0,0.2755831552555887,0.1353541960577628,53,53,304.9811320754717,343.0,0.5300432513905399,0.9245283018867925,3.8924677679153417e-05,9.872182478780492e+24,8100424.568285922,4,2026-01-22 00:00:00+00:00,1,8.0625
1769058000000,92,0.2581897064677045,69.48334214313012,622900.077829844,0.4792899935033484,24,0.2608695652173913,0.21369281642158539,40,0.43478260869565216,0.13378265316950902,27,0.29347826086956524,0.09064885850829181,1.0,0.010869565217391304,,,0.0,0.22687209074018308,0.2524179027631653,24,24,289.5,315.0,0.5105984568680806,0.8333333333333334,4.389087314808135e-05,9.876055669933885e+24,5305547.675829228,5,2026-01-22 00:00:00+00:00,1,8.104166666666666
1769061600000,135,0.2860775967904798,124.24722705236667,1048328.7940887779,0.3470336204802454,55,0.4074074074074074,0.2798012182526162,38,0.2814814814814815,0.14569883428804728,39,0.28888888888888886,1.072975203156006,3.0,0.022222222222222223,,,0.0,0.18177311687045986,0.1652605036097856,55,55,311.2,299.0,0.5381342719144697,0.8363636363636363,4.920603177519786e-05,9.870461831277828e+24,6979796.037721828,6,2026-01-22 00:00:00+00:00,1,8.145833333333334
1769065200000,110,0.2701031104594872,89.75840619171603,833334.370432163,0.39936938404115546,28,0.2545454545454545,0.2801456450242597,41,0.37272727272727274,0.17811137397274893,39,0.35454545454545455,0.04834218322968904,2.0,0.01818181818181818,,,0.0,0.1863012312776247,0.21306815276353078,28,28,308.82142857142856,285.0,0.5201154537723535,0.7857142857142857,3.519731012623783e-05,9.92499508666877e+24,5697653.667119406,7,2026-01-22 00:00:00+00:00,1,8.1875
1769068800000,125,0.2672919880404709,108.46104631381583,1160920.2465750407,0.27994265701511817,54,0.432,0.3382011542098195,27,0.216,0.20825372414948531,44,0.352,,,0.0,,,0.0,0.20921892450333962,0.0707237325117785,54,54,286.05555555555554,279.5,0.5118992428553738,0.9259259259259259,4.788109405736482e-05,1.0018996933827622e+25,7213424.180341094,8,2026-01-22 00:00:00+00:00,1,8.229166666666666
1769072400000,97,0.3060035779394357,90.79156777049333,851221.9803415631,0.3050271946930687,44,0.4536082474226804,0.39067556560472416,29,0.29896907216494845,0.21436083616139498,23,0.23711340206185566,0.0012598593811538681,1.0,0.010309278350515464,,,0.0,0.1904920335408595,0.1145351611522092,44,44,349.5681818181818,343.0,0.5634466071325082,0.8409090909090909,4.5859993571488277e-05,9.920340409788716e+24,5318545.810884784,9,2026-01-22 00:00:00+00:00,1,8.270833333333334
1769076000000,127,0.2862912462408529,107.39693662151772,1027588.5691308423,0.28021167723358814,33,0.25984251968503935,0.33814983280136435,43,0.33858267716535434,0.2514102434479701,50,0.3937007874015748,0.0010479410227368167,1.0,0.007874015748031496,,,0.0,0.28690717624964823,-0.006695499016060093,33,33,334.45454545454544,299.0,0.5508023233513563,0.7878787878787878,3.6954319494806336e-05,9.89932200780337e+24,6883722.541364804,10,2026-01-22 00:00:00+00:00,1,8.3125
1769079600000,192,0.227710988208538,133.1325954798142,1358284.0075774938,0.2970061819971353,53,0.2760416666666667,0.21091373606295588,53,0.2760416666666667,0.1934971645661679,80,0.4166666666666667,0.22016348559350615,6.0,0.03125,,,0.0,0.240065688732885,0.05694049326425028,53,53,325.2830188679245,343.0,0.5430544235355039,0.8679245283018868,6.638022839369428e-05,1.0059068532199317e+25,9294482.66004176,11,2026-01-22 00:00:00+00:00,1,8.354166666666666
1769083200000,96,0.17556570592110735,59.43228012531741,658352.0160184251,0.19111698305709576,33,0.34375,0.12185832156386217,30,0.3125,0.21280431762123964,32,0.3333333333333333,0.08195951674661113,1.0,0.010416666666666666,,,0.0,0.11642740612240902,0.07468957693468672,33,33,290.6363636363636,243.0,0.4918466521062234,0.8181818181818182,4.167199043334763e-05,1.0095897418555522e+25,5621672.792190547,12,2026-01-22 00:00:00+00:00,1,8.395833333333334
1769086800000,243,0.3115292722845674,241.51538607458355,2309891.5967638795,0.3172785645395339,62,0.2551440329218107,0.39299107837474245,83,0.34156378600823045,0.24390676461796082,91,0.37448559670781895,0.1737952969086735,7.0,0.02880658436213992,,,0.0,0.19779455846814556,0.11948400607138836,62,62,289.0806451612903,291.0,0.5128030031318422,0.9193548387096774,8.165814129587818e-05,1.0059076255209069e+25,11932348.830008939,13,2026-01-22 00:00:00+00:00,1,8.4375
1769090400000,431,0.3492690556336291,439.2677964869384,4269623.473206724,0.35017827327493545,115,0.2668213457076566,0.44522499068836435,147,0.34106728538283065,0.27392757576031757,163,0.37819025522041766,0.027698845225873542,6.0,0.013921113689095127,,,0.0,0.18411228216939454,0.1660659911055409,115,115,281.4869565217391,303.0,0.5042434377664231,0.9304347826086956,9.398823657487347e-05,9.924640083874333e+24,18806088.363402147,14,2026-01-22 00:00:00+00:00,1,8.479166666666666
1769094000000,572,0.3598253888278854,639.7276607214498,6238994.37176588,0.35073038698702813,210,0.36713286713286714,0.47833541716240013,151,0.263986013986014,0.28449189171363193,204,0.35664335664335667,0.27167817731017274,7.0,0.012237762237762238,,,0.0,0.17966344299739545,0.17106694398963265,210,210,262.6190476190476,252.5,0.4887830132654129,0.9380952380952381,0.0001186792850397706,9.856449456202101e+24,25754238.184167594,15,2026-01-22 00:00:00+00:00,1,8.520833333333334
1769097600000,394,0.339654494557508,432.0441811325902,4430216.422656879,0.31024629391334924,150,0.38071065989847713,0.50476754789844,108,0.27411167512690354,0.23876534685752435,133,0.33756345177664976,0.3387468211911724,3.0,0.007614213197969543,,,0.0,0.2046937042497744,0.10555258966357488,150,150,256.4,264.5,0.48106608045761645,0.9666666666666667,9.201271598605465e-05,9.94392612595002e+24,18814323.930363778,16,2026-01-22 00:00:00+00:00,1,8.5625
1769101200000,231,0.2982072879881982,221.73078926684138,2308968.043299,0.29080021505832,128,0.5541125541125541,0.36922659354442466,45,0.19480519480519481,0.2454741061985622,56,0.24242424242424243,0.6508546705951144,2.0,0.008658008658008658,,,0.0,0.1946654125595014,0.09613480249881859,128,128,272.640625,286.5,0.48786288730089217,0.9140625,7.336026757106042e-05,9.998354461245714e+24,12247929.561858106,17,2026-01-22 00:00:00+00:00,1,8.604166666666666
1769104800000,200,0.27533323697974205,171.86876960430675,1712470.0680574607,0.24799966265656956,95,0.475,0.3953148022487346,49,0.245,0.21671882381046978,56,0.28,,,0.0,,,0.0,0.17205568269161303,0.0759439799649565,95,95,269.2315789473684,262.0,0.4899375207191213,0.8947368421052632,5.665800937093433e-05,1.0059483952509481e+25,9558417.267444085,18,2026-01-22 00:00:00+00:00,1,8.645833333333334
1769108400000,143,0.2926109326898478,135.4304942341936,1394268.641499064,0.27718083989413406,74,0.5174825174825175,0.3937129769780216,42,0.2937062937062937,0.183747191936172,26,0.18181818181818182,0.018609199064934807,1.0,0.006993006993006993,,,0.0,0.15675925180714084,0.1204215880869932,74,74,248.51351351351352,243.0,0.4697047138455342,0.9459459459459459,5.9822465436910426e-05,1.0079607127675531e+25,6930934.115511157,19,2026-01-22 00:00:00+00:00,1,8.6875
1769112000000,139,0.24121274405997337,108.86762346316053,1141703.9010887186,0.27791856463945236,65,0.4676258992805755,0.20073034133960355,39,0.2805755395683453,0.22322257116783617,34,0.2446043165467626,0.0458139908209318,1.0,0.007194244604316547,,,0.0,0.20167935751944385,0.07623920712000849,65,65,287.15384615384613,289.0,0.5057210075890958,0.9076923076923077,5.471266355497612e-05,1.0203087456474032e+25,6933199.145398344,20,2026-01-22 00:00:00+00:00,1,8.729166666666666
1769115600000,106,0.2513092452111116,83.96172591497114,881430.5225026351,0.2735762737681424,45,0.42452830188679247,0.27968255725315055,32,0.3018867924528302,0.19464131515948452,26,0.24528301886792453,0.10577721552133444,3.0,0.02830188679245283,,,0.0,0.1510164470997076,0.1225598266684348,45,45,342.22222222222223,303.0,0.5411405921606423,0.9333333333333333,4.4852505794946145e-05,1.0176709983817003e+25,4621653.894575117,21,2026-01-22 00:00:00+00:00,1,8.770833333333334
1769119200000,124,0.45799107629047464,258.9646072970873,1503802.0581442667,0.5656247576141733,56,0.45161290322580644,0.42131535738011633,36,0.2903225806451613,0.32040180491367815,28,0.22580645161290322,0.2443259075894941,4.0,0.03225806451612903,,,0.0,0.487489441705276,0.07813531590889726,56,56,288.85714285714283,243.0,0.5187866816248583,0.9107142857142857,6.444917055774888e-05,1.0158431428026798e+25,6296665.181130864,22,2026-01-22 00:00:00+00:00,1,8.8125
1769122800000,92,0.3141039584345913,88.81620142492177,811186.5012030894,0.3705393806171119,38,0.41304347826086957,0.2240258794512145,30,0.32608695652173914,0.3794042938419792,19,0.20652173913043478,0.17752194919962247,5.0,0.05434782608695652,,,0.0,0.20731784859481148,0.16322153202230041,38,38,310.7631578947368,294.0,0.5422110773733141,0.8947368421052632,4.598372214629409e-05,1.013994656645397e+25,4877001.988247067,23,2026-01-22 00:00:00+00:00,1,8.854166666666666
1769126400000,91,0.2119052763900143,63.75950100111825,653929.2218188699,0.3064305026324607,30,0.32967032967032966,0.19989463293644424,28,0.3076923076923077,0.13750331137302066,29,0.31868131868131866,0.12645483011986064,4.0,0.04395604395604396,,,0.0,0.18265609141598999,0.1237744112164707,30,30,390.43333333333334,328.0,0.5968386877940409,0.8333333333333334,4.2505140044672785e-05,1.009736250969212e+25,5257393.68441785,0,2026-01-23 00:00:00+00:00,1,8.895833333333334
1769130000000,120,0.27154228556553,98.65720065446375,946627.7235200346,0.28311392956813,52,0.43333333333333335,0.3505045175067212,34,0.2833333333333333,0.18451577146454207,32,0.26666666666666666,0.020745824113489193,2.0,0.016666666666666666,,,0.0,0.2075457525353994,0.07556817703273057,52,52,270.3076923076923,288.5,0.49522214558969135,0.9615384615384616,3.625608674333524e-05,1.0037632578025951e+25,5535761.547000173,1,2026-01-23 00:00:00+00:00,1,8.9375
1769133600000,134,0.2509105088095539,105.11642806564093,1045235.3541791389,0.2741661123267536,59,0.44029850746268656,0.3148035584585033,34,0.2537313432835821,0.17918427385954588,35,0.26119402985074625,0.07857283008809067,6.0,0.04477611940298507,,,0.0,0.19419298142341399,0.07997313090333961,59,59,326.7118644067797,330.0,0.548242678590758,0.8305084745762712,4.25757819367126e-05,1.0098336100659548e+25,5541040.842182236,2,2026-01-23 00:00:00+00:00,1,8.979166666666666
1769137200000,108,0.22804353316935394,76.90772133244784,773168.0988806181,0.27237173722082964,48,0.4444444444444444,0.2395074582296571,29,0.26851851851851855,0.148681997000979,31,0.28703703703703703,,,0.0,,,0.0,0.18820661931783492,0.0841651179029947,48,48,349.6666666666667,315.5,0.5617592403364325,0.7916666666666666,3.413180962284664e-05,1.0055434022892217e+25,4603041.083234321,3,2026-01-23 00:00:00+00:00,1,9.020833333333334
1769140800000,125,0.2413684042807915,96.06308341965364,988354.4637408975,0.31709488824391635,53,0.424,0.24922750160942894,25,0.2,0.1517943386794819,47,0.376,,,0.0,,,0.0,0.24518707335962422,0.0719078148842921,53,53,309.1698113207547,343.0,0.5336256807873313,0.8679245283018868,4.142068929119284e-05,1.0032122975860746e+25,5265541.3389141355,4,2026-01-23 00:00:00+00:00,1,9.0625
1769144400000,91,0.2500374188952011,64.05505780257064,603950.0662856492,0.33854871887003785,28,0.3076923076923077,0.24420285509918566,35,0.38461538461538464,0.14498361881372185,25,0.27472527472527475,0.3674501974292319,3.0,0.03296703296703297,,,0.0,0.290445631986849,0.04810308688318887,28,28,292.89285714285717,297.0,0.5191260470201999,0.8928571428571429,3.844413330137203e-05,1.005406455832551e+25,7565570.209899762,5,2026-01-23 00:00:00+00:00,1,9.104166666666666
1769148000000,154,0.2523027348072506,121.55109247424177,1186524.834476304,0.3354289891691719,49,0.3181818181818182,0.22001810961227256,57,0.37012987012987014,0.20836470961814,46,0.2987012987012987,0.14639590034659727,2.0,0.012987012987012988,,,0.0,0.2460636604762634,0.08936532869290847,49,49,292.7755102040816,309.0,0.5213233109068887,0.9387755102040817,5.59815603915703e-05,1.0062875030541696e+25,6730028.951911664,6,2026-01-23 00:00:00+00:00,1,9.145833333333334
1769151600000,106,0.21763496680089184,74.34889745028534,809072.4770996704,0.2542344632634199,43,0.4056603773584906,0.1448718449029726,25,0.2358490566037736,0.22711462738205637,35,0.330188679245283,0.18880549320706422,3.0,0.02830188679245283,,,0.0,0.20727388840120364,0.046960574862216255,43,43,279.8139534883721,322.0,0.5072669563904867,0.9767441860465116,4.072020607796558e-05,1.0068589752769486e+25,5160300.315202758,7,2026-01-23 00:00:00+00:00,1,9.1875
1769155200000,164,0.28806981784001257,146.40316199761745,1397636.973983777,0.44688356014244685,49,0.29878048780487804,0.33980519695354683,42,0.25609756097560976,0.1550104716296288,69,0.42073170731707316,0.09465371607220247,4.0,0.024390243902439025,,,0.0,0.32076892686198444,0.12611463328046238,49,49,294.1224489795918,323.0,0.5221565664244199,0.9387755102040817,5.6535824748643125e-05,1.022733573993415e+25,8509929.765600383,8,2026-01-23 00:00:00+00:00,1,9.229166666666666
1769158800000,182,0.2606255506676121,150.98337617987858,1526541.184822093,0.3173534703083649,56,0.3076923076923077,0.2893758078123842,57,0.3131868131868132,0.19319701804996547,68,0.37362637362637363,0.030237611533424365,1.0,0.005494505494505495,,,0.0,0.21686267905463502,0.10049079125372991,56,56,337.9107142857143,356.0,0.5447171139642851,0.8214285714285714,5.378840422001535e-05,1.0264312729359364e+25,8698324.572362715,9,2026-01-23 00:00:00+00:00,1,9.270833333333334
1769162400000,211,0.2513672025599559,164.07486444657505,1685208.5086543073,0.22850081569880057,32,0.15165876777251186,0.35987805932927164,66,0.3127962085308057,0.20223984167101172,107,0.5071090047393365,0.05580644387648354,6.0,0.02843601895734597,,,0.0,0.20034581320153233,0.02815500249726821,32,32,254.90625,261.5,0.4746864757420446,0.9375,4.800015368725408e-05,1.0271970815908436e+25,13683919.78399562,10,2026-01-23 00:00:00+00:00,1,9.3125
1769166000000,119,0.2467874322153278,91.81204816802297,883914.1645888797,0.22849328706821878,29,0.24369747899159663,0.2748099237779725,32,0.2689075630252101,0.2341152625410944,54,0.453781512605042,0.3263143426328616,4.0,0.03361344537815126,,,0.0,0.14318463586629074,0.08530865120192804,29,29,282.3448275862069,295.0,0.5016645757610941,0.896551724137931,3.64262235940996e-05,1.0467739707518062e+25,7742953.388914903,11,2026-01-23 00:00:00+00:00,1,9.354166666666666
1769169600000,103,0.23852510150673936,77.29053585292026,737702.953158232,0.3374603646666982,20,0.1941747572815534,0.3088028622320785,29,0.2815533980582524,0.16812733207542013,52,0.5048543689320388,0.06048694460403321,2.0,0.019417475728155338,,,0.0,0.13460154383587802,0.20285882083082019,20,20,282.85,266.5,0.5159268037672708,0.95,3.157128696502822e-05,1.0728949344471962e+25,5976080.932729604,12,2026-01-23 00:00:00+00:00,1,9.395833333333334
1769173200000,91,0.22584895464857999,73.79920446438287,816503.4610697036,0.2262272232449971,33,0.3626373626373626,0.2746279414068903,32,0.3516483516483517,0.14475432804765903,25,0.27472527472527475,0.6798041797239094,1.0,0.01098901098901099,,,0.0,0.17840789202355345,0.04781933122144366,33,33,287.90909090909093,312.0,0.5004806625226506,0.9090909090909091,3.332668280178936e-05,1.070492916219376e+25,4976344.5781206,13,2026-01-23 00:00:00+00:00,1,9.4375
1769176800000,374,0.3703170528160869,432.6569061545146,4244617.337070236,0.3701511582711107,107,0.28609625668449196,0.5033482193306769,136,0.36363636363636365,0.2323445129576678,127,0.339572192513369,0.23232321090294134,4.0,0.0106951871657754,,,0.0,0.16142637618075958,0.20872478209035114,107,107,277.4299065420561,271.0,0.49766337882332756,0.9065420560747663,0.0001089869251748251,1.0354730439812947e+25,18057091.228540227,14,2026-01-23 00:00:00+00:00,1,9.479166666666666
1769180400000,401,0.3505115350063633,460.822053644254,4569065.918752268,0.37666733522240115,169,0.42144638403990026,0.4318352805820183,93,0.23192019950124687,0.26466075442705267,132,0.32917705735660846,0.2574921723524605,7.0,0.017456359102244388,,,0.0,0.2314558251986375,0.14521151002376365,169,169,245.23076923076923,243.0,0.46553630557368936,0.9467455621301775,9.97159180345858e-05,1.0410134382760178e+25,19029906.522511996,15,2026-01-23 00:00:00+00:00,1,9.520833333333334
1769184000000,296,0.32452068726593725,332.0716887315013,3103919.636280375,0.37180299515072046,99,0.3344594594594595,0.3731951491211485,88,0.2972972972972973,0.2463570598143044,104,0.35135135135135137,0.15746391348947592,5.0,0.016891891891891893,,,0.0,0.23973504111400773,0.13206795403671273,99,99,265.83838383838383,267.0,0.49065468898799114,0.9292929292929293,7.818957594544558e-05,1.014344887719566e+25,15041253.301656777,16,2026-01-23 00:00:00+00:00,1,9.5625
1769187600000,321,0.3806314601635197,372.9486050237807,3535277.5393548124,0.39161316576421,117,0.3644859813084112,0.554236637719059,87,0.27102803738317754,0.24711973553143424,112,0.34890965732087226,0.09359209139969767,5.0,0.01557632398753894,,,0.0,0.2482927415370979,0.1433204242271121,117,117,274.86324786324786,255.0,0.5000459118996576,0.905982905982906,0.00010338395138716853,9.966463556628318e+24,15014285.624077408,17,2026-01-23 00:00:00+00:00,1,9.604166666666666
1769191200000,296,0.3118729072094576,295.57120932777553,2950662.554202921,0.3375519118398669,146,0.49324324324324326,0.3413484899118598,68,0.22972972972972974,0.2511471423028795,77,0.26013513513513514,0.0963548268101419,5.0,0.016891891891891893,,,0.0,0.2174442829667259,0.12010762887314098,146,146,271.9109589041096,297.5,0.4950685712363405,0.9383561643835616,7.28289923282302e-05,1.0105503398068354e+25,11243514.762593353,18,2026-01-23 00:00:00+00:00,1,9.645833333333334
1769194800000,285,0.37237483468540244,344.9025013774274,3088682.6178690097,0.4246668673639073,119,0.41754385964912283,0.45957140635350124,81,0.28421052631578947,0.22753930026124608,80,0.2807017543859649,0.032608546700286525,5.0,0.017543859649122806,,,0.0,0.30161298001239245,0.12305388735151482,119,119,291.87394957983196,277.0,0.5161912592300775,0.8991596638655462,8.090783097297017e-05,1.0035636584036464e+25,13925365.26368201,19,2026-01-23 00:00:00+00:00,1,9.6875
1769198400000,237,0.36691712371936014,273.32524976427476,2678735.842794864,0.3940930330139167,125,0.5274261603375527,0.404193681284732,66,0.27848101265822783,0.24043516164943723,45,0.189873417721519,0.20136395573178228,1.0,0.004219409282700422,,,0.0,0.20205424151130552,0.19203879150261116,125,125,272.84,272.0,0.5017326783049545,0.92,6.398427637986065e-05,9.975669096453423e+24,12558117.042857608,20,2026-01-23 00:00:00+00:00,1,9.729166666666666
1769202000000,75,0.2598344105824536,69.33436903684847,654620.9410240363,0.29358268505285073,36,0.48,0.5678626439781518,8,0.10666666666666667,0.15356675755520055,27,0.36,0.057350131491441254,4.0,0.05333333333333334,,,0.0,0.2656649749788627,0.027917710073988022,36,36,317.47222222222223,296.0,0.5411158675158476,0.8333333333333334,4.125762479237845e-05,1.003519281289294e+25,5134198.697742236,21,2026-01-23 00:00:00+00:00,1,9.770833333333334
1769205600000,94,0.3485383456769842,104.99628278844705,1032879.4563487134,0.40729867285450044,46,0.48936170212765956,0.41041187812436236,25,0.26595744680851063,0.17358525049676693,20,0.2127659574468085,0.0982878597617003,3.0,0.031914893617021274,,,0.0,0.21727662698996134,0.19002204586453905,46,46,359.0217391304348,361.0,0.5657190728974616,0.8043478260869565,4.573699637215664e-05,1.006045196776421e+25,4922326.035962471,22,2026-01-23 00:00:00+00:00,1,9.8125
1769209200000,59,0.2878309334144899,57.81469559497549,563692.6292383946,0.3381583220513604,34,0.576271186440678,0.2711645692483249,18,0.3050847457627119,0.10002215754060693,6,0.1016949152542373,0.003546929995158218,1.0,0.01694915254237288,,,0.0,0.21277268564113455,0.1253856364102259,34,34,305.79411764705884,300.0,0.5204376678529267,0.8823529411764706,4.120958622162612e-05,1.0043212183592185e+25,3513504.057676313,23,2026-01-23 00:00:00+00:00,1,9.854166666666666
1769212800000,87,0.20908190466460638,58.83483805387092,622976.5026830205,0.2711259628972871,27,0.3103448275862069,0.17888501972558243,29,0.3333333333333333,0.19432124338763193,29,0.3333333333333333,0.02337153865539316,2.0,0.022988505747126436,,,0.0,0.20038322061911382,0.07074274227817326,27,27,269.51851851851853,244.0,0.49896852807561387,0.8518518518518519,3.379542454160869e-05,9.996432413902187e+24,4169918.8560122466,0,2026-01-24 00:00:00+00:00,1,9.895833333333334
1769216400000,88,0.22402592741892172,60.63976244821873,610699.9607486593,0.2368195859333498,29,0.32954545454545453,0.23001304107818296,27,0.3068181818181818,0.23277390937972858,26,0.29545454545454547,0.097339977969014,6.0,0.06818181818181818,,,0.0,0.2019351443608209,0.034884441572528894,29,29,284.41379310344826,249.0,0.5037480362989113,0.9310344827586207,2.9481659462246358e-05,9.977663637500682e+24,3436219.436977883,1,2026-01-24 00:00:00+00:00,1,9.9375
1769220000000,54,0.30254979359482825,45.72891896248395,419324.3911852582,0.33838473968200805,20,0.37037037037037035,0.3716870643565304,15,0.2777777777777778,0.2214008700480357,18,0.3333333333333333,0.00947243426796613,1.0,0.018518518518518517,,,0.0,0.2710359827455275,0.06734875693648057,20,20,306.15,312.0,0.5451178199545123,0.95,2.7258399063792085e-05,1.0145646063037955e+25,2679004.706484661,2,2026-01-24 00:00:00+00:00,1,9.979166666666666
1769223600000,90,0.27128511522014676,98.4149473683284,748297.9109027679,0.2913989283265629,30,0.3333333333333333,0.41769354019486793,30,0.3333333333333333,0.10709812070631065,29,0.32222222222222224,0.03704081368727325,1.0,0.011111111111111112,,,0.0,0.21675697913348196,0.07464194919308091,30,30,305.8666666666667,284.5,0.5361466968474162,0.8666666666666667,4.039637208906475e-05,1.0153320409536225e+25,4159605.7109313314,3,2026-01-24 00:00:00+00:00,1,10.020833333333334
1769227200000,49,0.21514483059777553,36.51070788748171,379348.8531713353,0.37165094542177374,18,0.3673469387755102,0.09913295602080048,11,0.22448979591836735,0.15265528381345042,18,0.3673469387755102,0.007061028414080135,2.0,0.04081632653061224,,,0.0,0.24722748234187517,0.12442346307989854,18,18,325.1666666666667,336.5,0.5590382481341671,0.9444444444444444,2.542074174173212e-05,1.0182946563997697e+25,2422212.0003157384,4,2026-01-24 00:00:00+00:00,1,10.0625
1769230800000,44,0.27055003201620437,37.840356926466455,386877.19112858287,0.3426911075275083,23,0.5227272727272727,0.13428531172712585,9,0.20454545454545456,0.23313261555813009,10,0.22727272727272727,0.24120598722743386,2.0,0.045454545454545456,,,0.0,0.2064041013665929,0.1362870061609154,23,23,378.4782608695652,393.0,0.5912617742565197,0.6086956521739131,2.5224707333561173e-05,1.024670580820718e+25,2544201.965957657,5,2026-01-24 00:00:00+00:00,1,10.104166666666666
1769234400000,41,0.24541903387866912,28.07593673073484,271897.13464875123,0.40639130226379483,15,0.36585365853658536,0.16525811976399732,12,0.2926829268292683,0.15239281280227626,13,0.3170731707317073,0.0021068514709518616,1.0,0.024390243902439025,,,0.0,0.29440072837705417,0.11199057388674068,15,15,343.2,386.0,0.5643130546810216,0.7333333333333333,2.0682694383863037e-05,1.0307948354067126e+25,2330187.3670234485,6,2026-01-24 00:00:00+00:00,1,10.145833333333334
1769238000000,53,0.22008159173992087,35.38906890512263,319802.0163236429,0.3989118596618305,16,0.3018867924528302,0.14472044024949143,15,0.2830188679245283,0.15969843180136534,18,0.33962264150943394,0.059089057864892554,4.0,0.07547169811320754,,,0.0,0.2798310049779576,0.11908085468387286,16,16,500.5,346.0,0.6507776998501051,0.8125,2.3588005183750773e-05,1.0264893508713485e+25,2649162.7581937676,7,2026-01-24 00:00:00+00:00,1,10.1875
1769241600000,53,0.14986897322404366,23.703749683653644,236095.33234172847,0.36815971348591686,10,0.18867924528301888,0.10280584452143722,24,0.4528301886792453,0.10035143207752589,16,0.3018867924528302,0.06283175475341268,3.0,0.05660377358490566,,,0.0,0.1214273616227954,0.24673235186312148,10,10,353.9,320.5,0.55116618253274,0.7,1.97781184449024e-05,1.0142256286027972e+25,2111227.4924054425,8,2026-01-24 00:00:00+00:00,1,10.229166666666666
1769245200000,46,0.22138534101515323,30.09115505084127,260345.84304550508,0.35440471711924704,12,0.2608695652173913,0.2514361374986215,17,0.3695652173913043,0.10249680720153616,15,0.32608695652173914,0.05950131788323794,2.0,0.043478260869565216,,,0.0,0.17689642057133834,0.17750829654790876,12,12,433.3333333333333,393.0,0.6429240590690525,0.75,2.150366494102915e-05,1.0176902739216877e+25,2096411.4054865027,9,2026-01-24 00:00:00+00:00,1,10.270833333333334
1769248800000,39,0.1746290767666582,20.172814794682843,207169.2445460031,0.23421093317754854,7,0.1794871794871795,0.15732151863961685,17,0.4358974358974359,0.17742769970833167,14,0.358974358974359,0.012603848866699914,1.0,0.02564102564102564,,,0.0,0.2502368743212104,-0.01602594114366188,7,7,262.0,233.0,0.5060108564295328,1.0,1.6651476332532557e-05,1.0319017732125102e+25,2013837.7886132714,10,2026-01-24 00:00:00+00:00,1,10.3125
1769252400000,85,0.1049197072505995,33.3838751177624,358596.3710073774,0.1807076235173665,19,0.2235294117647059,0.09509805805511143,39,0.4588235294117647,0.06577429649339439,27,0.3176470588235294,,,0.0,,,0.0,0.15713804977417797,0.023569573743188525,19,19,365.4736842105263,333.0,0.5837940159896807,0.8947368421052632,2.354298213572457e-05,1.0483017234914403e+25,3132994.2790341433,11,2026-01-24 00:00:00+00:00,1,10.354166666666666
1769256000000,19,0.1782132115849786,10.580260010915826,113870.1743492641,0.213003932162282,3,0.15789473684210525,0.18559164263684222,14,0.7368421052631579,0.07437811335597817,2,0.10526315789473684,,,0.0,,,0.0,0.17565330516877783,0.037350626993504214,3,3,430.0,486.0,0.652316776440987,0.3333333333333333,1.860952179942373e-05,1.0513317145691734e+25,1996185.2986581423,12,2026-01-24 00:00:00+00:00,1,10.395833333333334
1769259600000,45,0.15252194110432918,20.815955679500345,179952.72724556839,0.07380394774092552,6,0.13333333333333333,0.10122921491389339,21,0.4666666666666667,0.29534144433063325,14,0.3111111111111111,0.04001748235715835,4.0,0.08888888888888889,,,0.0,0.036430975217920485,0.03737297252300505,6,6,498.1666666666667,385.0,0.6758916437416135,0.6666666666666666,2.7417378196299387e-05,1.0480232896431487e+25,2007463.9136056527,13,2026-01-24 00:00:00+00:00,1,10.4375
1769263200000,61,0.24774739950974434,46.084282816961476,409071.7549237011,0.2637552605513055,11,0.18032786885245902,0.3574673444317518,22,0.36065573770491804,0.15977564026996657,25,0.4098360655737705,0.11753697326077978,3.0,0.04918032786885246,,,0.0,0.2229869670252948,0.04076829352601069,11,11,339.1818181818182,341.0,0.5470822575618116,0.7272727272727273,2.6594222667020025e-05,1.046962281025802e+25,3544513.284916488,14,2026-01-24 00:00:00+00:00,1,10.479166666666666
1769266800000,63,0.25971650452902145,52.42501931396114,506681.6914271308,0.4030481707323473,18,0.2857142857142857,0.22657939912573785,30,0.47619047619047616,0.1579720607496773,13,0.20634920634920634,0.12812697431408088,2.0,0.031746031746031744,,,0.0,0.23476027883996484,0.16828789189238247,18,18,329.1111111111111,342.5,0.5471190276122162,0.8333333333333334,3.2546623708371554e-05,1.0277949956359334e+25,3667212.2125556604,15,2026-01-24 00:00:00+00:00,1,10.520833333333334
1769270400000,63,0.3097937352336147,59.83608743393016,511384.53806720034,0.28929251975290476,20,0.31746031746031744,0.4076452406041778,29,0.4603174603174603,0.15627635270278598,12,0.19047619047619047,0.01706335735252113,2.0,0.031746031746031744,,,0.0,0.22739044085823362,0.06190207889467114,20,20,247.7,253.5,0.47357655013228495,0.9,3.91090028931503e-05,9.969218176721837e+24,3764958.9112842293,16,2026-01-24 00:00:00+00:00,1,10.5625
1769274000000,66,0.23975952163067316,46.95871067999499,451948.18292442866,0.3050472112975756,15,0.22727272727272727,0.22492019930873586,24,0.36363636363636365,0.20696451703844462,24,0.36363636363636365,0.29439568860948795,3.0,0.045454545454545456,,,0.0,0.2525588997668683,0.05248831153070732,15,15,300.93333333333334,308.0,0.5240867998591882,0.8,2.4403665068887634e-05,1.0102470351548844e+25,3160897.2294897065,17,2026-01-24 00:00:00+00:00,1,10.604166666666666
1769277600000,31,0.26259694884688745,25.877221296888063,252108.57010417024,0.1521754084471828,11,0.3548387096774194,0.3271830333494439,15,0.4838709677419355,0.3117660842185685,5,0.16129032258064516,,,0.0,,,0.0,0.10104698624733573,0.05112842219984708,11,11,307.72727272727275,364.0,0.5308503593218272,0.9090909090909091,2.616824924622623e-05,1.0176547046275466e+25,2059999.469946825,18,2026-01-24 00:00:00+00:00,1,10.645833333333334
1769281200000,29,0.21004798961771484,19.32304210018465,189896.49798925323,0.3120594359161685,9,0.3103448275862069,0.09857867404250514,8,0.27586206896551724,0.1614427918247047,9,0.3103448275862069,0.34708075230194346,3.0,0.10344827586206896,,,0.0,0.21196921353865994,0.10009022237750859,9,9,348.1111111111111,296.0,0.5772121356558583,0.8888888888888888,1.7428128132580517e-05,1.0417119570756818e+25,1381803.6339970676,19,2026-01-24 00:00:00+00:00,1,10.6875
1769284800000,22,0.17126228946218267,11.132282868377988,108135.29886599472,0.21415988104778266,7,0.3181818181818182,0.06748110885490628,10,0.45454545454545453,0.40118684106904645,3,0.13636363636363635,0.19513979453866875,2.0,0.09090909090909091,,,0.0,0.19808937389022566,0.016070507157556993,7,7,329.85714285714283,380.0,0.558414499944812,0.8571428571428571,1.524126415944929e-05,1.0907360120690123e+25,1124127.6083659774,20,2026-01-24 00:00:00+00:00,1,10.729166666666666
1769288400000,23,0.2520913628354053,19.526255257993725,179557.19732800763,0.36178883961124425,10,0.43478260869565216,0.10274635792287351,8,0.34782608695652173,0.271648417143778,5,0.21739130434782608,,,0.0,,,0.0,0.1364715533617175,0.22531728624952674,10,10,379.1,319.5,0.5606559366839414,0.9,1.6600734620155902e-05,1.10566200735081e+25,1270649.973021356,21,2026-01-24 00:00:00+00:00,1,10.770833333333334
1769292000000,22,0.2817309877416976,22.399571640381378,191935.5820419228,0.43648646842473954,12,0.5454545454545454,0.11161254141382371,6,0.2727272727272727,0.0726422151843828,4,0.18181818181818182,,,0.0,,,0.0,0.22087421194979243,0.21561225647494706,12,12,398.0,342.5,0.5579725080003252,0.75,1.6887101276524147e-05,1.0474249880051386e+25,1305836.7837651698,22,2026-01-24 00:00:00+00:00,1,10.8125
1769295600000,40,0.3294647418198579,44.894082196947515,426846.3880253272,0.29117408601119404,22,0.55,0.4590553485117434,12,0.3,0.21068259973452122,6,0.15,,,0.0,,,0.0,0.23999736576674288,0.0511767202444512,22,22,277.5,276.5,0.5155953225913626,0.9090909090909091,3.052993784180713e-05,1.0575479867471044e+25,2278297.023428066,23,2026-01-24 00:00:00+00:00,1,10.854166666666666
1769299200000,92,0.26144856651058795,73.43299413641981,724551.875452571,0.3520296191895718,34,0.3695652173913043,0.2242834945134367,32,0.34782608695652173,0.20631522015352707,23,0.25,0.053979726189184,3.0,0.03260869565217391,,,0.0,0.20274808509088385,0.14928153409868794,34,34,366.05882352941177,272.5,0.5459952898766148,0.8529411764705882,3.169054122119206e-05,1.02880505187387e+25,3513190.665141627,0,2026-01-25 00:00:00+00:00,1,10.895833333333334
1769302800000,43,0.23680339745180995,28.757185274563398,264813.26472815423,0.20660335147249048,10,0.23255813953488372,0.2719962842788756,24,0.5581395348837209,0.17651130588998967,9,0.20930232558139536,,,0.0,,,0.0,0.08222922278344842,0.12437412868904207,10,10,408.2,405.5,0.6309877283169743,0.8,2.8311050840911095e-05,1.0024828130666565e+25,2320529.646858547,1,2026-01-25 00:00:00+00:00,1,10.9375
1769306400000,45,0.3294382569877003,48.5302002070787,410520.9496692819,0.5599354784257002,12,0.26666666666666666,0.2982724189903205,25,0.5555555555555556,0.08108566857251226,8,0.17777777777777778,,,0.0,,,0.0,0.3620695275805746,0.19786595084512562,12,12,358.6666666666667,385.5,0.578314007201727,0.8333333333333334,3.5797835871943055e-05,9.981117175407193e+24,2257684.456672417,2,2026-01-25 00:00:00+00:00,1,10.979166666666666
1769310000000,65,0.21505370522766692,43.12371487627486,458090.69337849726,0.19143010949873668,20,0.3076923076923077,0.22268368933235858,31,0.47692307692307695,0.23190673432289302,14,0.2153846153846154,,,0.0,,,0.0,0.1347574634151258,0.05667264608361089,20,20,292.15,271.5,0.518213080782987,0.9,3.824610406732646e-05,9.814327313228605e+24,3305396.965741737,3,2026-01-25 00:00:00+00:00,1,11.020833333333334
1769313600000,66,0.3004348934690699,57.261987067201645,538208.074087329,0.43733546607608764,30,0.45454545454545453,0.2168234992606402,17,0.25757575757575757,0.19332670588086678,15,0.22727272727272727,0.0306847277580244,4.0,0.06060606060606061,,,0.0,0.35427330259385575,0.08306216348223187,30,30,332.7,312.5,0.5510247287742925,0.8,3.1259319184677393e-05,9.812262971290773e+24,2840263.56531091,4,2026-01-25 00:00:00+00:00,1,11.0625
1769317200000,63,0.21109439948055253,39.20653563913041,376880.8247996347,0.2115105650827172,18,0.2857142857142857,0.24174221054044817,28,0.4444444444444444,0.17476200177028342,15,0.23809523809523808,0.05077253704954905,2.0,0.031746031746031744,,,0.0,0.1674100698922446,0.04410049519047258,18,18,281.0,285.5,0.5001438313948592,0.8333333333333334,2.87974746894624e-05,9.790202010443863e+24,2756988.13794039,5,2026-01-25 00:00:00+00:00,1,11.104166666666666
1769320800000,97,0.2384756759781177,72.86297394954013,745086.3045274306,0.2777339146480597,34,0.35051546391752575,0.28678730332826113,33,0.3402061855670103,0.140840215400359,30,0.30927835051546393,,,0.0,,,0.0,0.18089750137338823,0.09683641327467149,34,34,347.7647058823529,318.5,0.5769353146308445,0.8235294117647058,4.0957556486840096e-05,1.001411888984514e+25,4211079.879120988,6,2026-01-25 00:00:00+00:00,1,11.145833333333334
1769324400000,94,0.2045293098765124,57.08237603416223,568918.103141745,0.2853205379128226,24,0.2553191489361702,0.205607972523566,32,0.3404255319148936,0.1566869156446905,37,0.39361702127659576,0.0011912188767623864,1.0,0.010638297872340425,,,0.0,0.27584380351791754,0.009476734394905003,24,24,345.2083333333333,348.0,0.5682083763065586,0.7916666666666666,3.0269106494888162e-05,9.967633286907455e+24,3477145.746868107,7,2026-01-25 00:00:00+00:00,1,11.1875
1769328000000,130,0.3201347679815144,120.51590744582833,1164532.6878185933,0.3421245992461554,42,0.3230769230769231,0.3407267929404227,47,0.36153846153846153,0.2858504104900899,38,0.2923076923076923,0.123937267478355,3.0,0.023076923076923078,,,0.0,0.26637601922790255,0.07574858001825283,42,42,300.92857142857144,300.0,0.5283857281274775,0.8333333333333334,4.3111161417896405e-05,1.0117994095692608e+25,6484989.506905577,8,2026-01-25 00:00:00+00:00,1,11.229166666666666
1769331600000,106,0.28237060209182097,93.04524686444024,811270.305449144,0.39745658530960765,39,0.36792452830188677,0.2686400808878048,32,0.3018867924528302,0.1745591611567951,29,0.27358490566037735,0.12862978878358605,6.0,0.05660377358490566,,,0.0,0.3188353447166566,0.07862124059295106,39,39,249.53846153846155,243.0,0.47118222681560257,0.9230769230769231,4.031677225598552e-05,1.0009251855446863e+25,4886484.603080649,9,2026-01-25 00:00:00+00:00,1,11.270833333333334
1769335200000,95,0.2425967403939764,80.83294731457313,783444.034336356,0.28387317123733263,35,0.3684210526315789,0.2793979079312796,31,0.3263157894736842,0.15583648626528376,27,0.28421052631578947,0.12110453454439257,2.0,0.021052631578947368,,,0.0,0.22229133256010078,0.06158183867723187,35,35,335.0571428571429,360.0,0.5643596330127927,0.8857142857142857,3.0155297679663703e-05,1.2162997618971858e+25,4608396.222676191,10,2026-01-25 00:00:00+00:00,1,11.3125
1769338800000,67,0.2556680409839799,60.3890211435935,579552.0980005388,0.279549206157952,30,0.44776119402985076,0.17792868827234903,19,0.2835820895522388,0.2979243046674144,18,0.26865671641791045,,,0.0,,,0.0,0.2644412123731611,0.015107993784790885,30,30,389.43333333333334,385.5,0.6055665708378073,0.7,3.3993267049219616e-05,1.1988942567857232e+25,3309453.006255431,11,2026-01-25 00:00:00+00:00,1,11.354166666666666
1769342400000,87,0.21605230671047118,73.62975408394772,782595.9836601793,0.23419277681701164,31,0.3563218390804598,0.22788002772478963,27,0.3103448275862069,0.1856487535832521,29,0.3333333333333333,,,0.0,,,0.0,0.19752464012083082,0.03666813669618081,31,31,295.9032258064516,243.0,0.5059157128691111,0.8387096774193549,3.3992066440024403e-05,1.1787676651264195e+25,5290875.765926946,12,2026-01-25 00:00:00+00:00,1,11.395833333333334
1769346000000,65,0.25068558408721797,51.59775541815432,498317.9540424767,0.37000413517295555,26,0.4,0.23906015413584772,18,0.27692307692307694,0.10591123959496374,18,0.27692307692307694,0.15499012133923878,3.0,0.046153846153846156,,,0.0,0.27389687500717863,0.09610726016577693,26,26,316.84615384615387,322.0,0.5429071183821771,0.8461538461538461,3.138584924515122e-05,1.0814154005143714e+25,3579420.08899988,13,2026-01-25 00:00:00+00:00,1,11.4375
1769349600000,142,0.24339519231847567,102.62369139583667,1047787.8059418054,0.2780608123668005,46,0.323943661971831,0.2609303575888741,50,0.352112676056338,0.18998838483761105,43,0.3028169014084507,0.18510050429658043,3.0,0.02112676056338028,,,0.0,0.21617460062738095,0.061886211739419605,46,46,272.7391304347826,291.5,0.4974302080084037,0.9130434782608695,5.772087221098849e-05,9.88457781928929e+24,6016850.66929364,14,2026-01-25 00:00:00+00:00,1,11.479166666666666
1769353200000,87,0.33497097881211735,92.93659545739874,914559.8789808751,0.3795673149792996,38,0.4367816091954023,0.3040411469668135,28,0.3218390804597701,0.31009947518867514,20,0.22988505747126436,0.0037755685965432184,1.0,0.011494252873563218,,,0.0,0.2268597741182648,0.15270754086103477,38,38,272.3157894736842,270.5,0.504055877281646,0.9473684210526315,4.238336318760476e-05,1.1153841086308214e+25,4513436.327848409,15,2026-01-25 00:00:00+00:00,1,11.520833333333334
1769356800000,526,0.4408605186569358,667.2795730296443,6186232.210940044,0.4569399223336623,185,0.3517110266159696,0.545943115794402,164,0.311787072243346,0.33617463339132053,165,0.31368821292775667,0.19627180683090636,12.0,0.022813688212927757,,,0.0,0.26774473547490174,0.18919518685876055,185,185,274.61621621621623,282.0,0.4950648930173773,0.9243243243243243,0.0001197640477158042,9.551961259914053e+24,27061700.503355425,16,2026-01-25 00:00:00+00:00,1,11.5625
1769360400000,216,0.3304104323021662,202.62084432844088,2083606.606419427,0.38122562864956866,103,0.47685185185185186,0.350150538885721,52,0.24074074074074073,0.24131337661053423,56,0.25925925925925924,0.07620730282298456,5.0,0.023148148148148147,,,0.0,0.22262745615208462,0.15859817249748404,103,103,299.4854368932039,293.0,0.5274234228858312,0.9029126213592233,5.789880225959085e-05,9.294076860414606e+24,9820637.489661327,17,2026-01-25 00:00:00+00:00,1,11.604166666666666
1769364000000,409,0.38772806877570176,455.8926557659029,4366985.355639858,0.41455233441617506,189,0.4621026894865526,0.45031836598166164,107,0.2616136919315403,0.29337904170718454,105,0.2567237163814181,0.15519054816409777,8.0,0.019559902200488997,,,0.0,0.20930302968224562,0.20524930473392938,189,189,277.53968253968253,271.0,0.5035352794511634,0.9206349206349206,8.41943769467366e-05,9.170779822227472e+24,19150982.819724742,18,2026-01-25 00:00:00+00:00,1,11.645833333333334
1769367600000,443,0.3839716743427177,400.61945866282673,4015954.812948627,0.38682297211165445,174,0.3927765237020316,0.48445993106286817,133,0.3002257336343115,0.2871628715310133,129,0.291196388261851,0.18786761821912784,7.0,0.01580135440180587,,,0.0,0.2220369561706475,0.1647860159410069,174,174,260.61494252873564,243.5,0.48438715433841895,0.9482758620689655,0.00011004691603628796,8.024170881841889e+24,18315931.145866424,19,2026-01-25 00:00:00+00:00,1,11.6875
1769371200000,333,0.3992121456529027,354.94408785806576,3451376.02512134,0.41161982108871664,162,0.4864864864864865,0.47373323817968416,87,0.26126126126126126,0.3030904991449522,79,0.23723723723723725,0.2192584663921479,5.0,0.015015015015015015,,,0.0,0.2311589445970189,0.18046087649169773,162,162,280.858024691358,281.0,0.5032275642189022,0.9320987654320988,8.655013818609408e-05,8.521958735788169e+24,15394859.027940815,20,2026-01-25 00:00:00+00:00,1,11.729166666666666
1769374800000,262,0.4263510836789094,307.72242990662966,2613229.925669748,0.5301507897197564,115,0.4389312977099237,0.48581110395826943,76,0.2900763358778626,0.20712966265826277,64,0.24427480916030533,0.07981439930642555,7.0,0.026717557251908396,,,0.0,0.2901588695596177,0.23999192016013868,115,115,312.1304347826087,322.0,0.5338940418173563,0.8869565217391304,8.286760073779335e-05,9.04565688891473e+24,12471771.634598838,21,2026-01-25 00:00:00+00:00,1,11.770833333333334
1769378400000,206,0.37391190861503704,216.72381286474806,1964132.0666567865,0.4174454482568113,84,0.4077669902912621,0.38686362440449756,67,0.32524271844660196,0.29885584280304484,51,0.24757281553398058,0.19973117576721575,4.0,0.019417475728155338,,,0.0,0.2060752090707153,0.21137023918609593,84,84,300.14285714285717,300.0,0.5236628153762527,0.8690476190476191,7.889716136738366e-05,9.395221295918993e+24,10295123.614280373,22,2026-01-25 00:00:00+00:00,1,11.8125
1769382000000,308,0.335800934961214,299.94565431057976,3113931.956272567,0.3894359406298069,157,0.5097402597402597,0.38040099692206353,75,0.2435064935064935,0.18431889994415213,72,0.23376623376623376,0.12105243101012769,4.0,0.012987012987012988,,,0.0,0.21824550424484504,0.1711904363849619,157,157,309.28025477707007,282.0,0.5143290008027843,0.9426751592356688,9.483406608236471e-05,9.343169294728183e+24,12256412.153475355,23,2026-01-25 00:00:00+00:00,1,11.854166666666666
1769385600000,257,0.4000558563629811,338.5277978872983,2638271.4544987953,0.4777495918300935,91,0.3540856031128405,0.3763517462958241,86,0.3346303501945525,0.3341065130643568,74,0.28793774319066145,0.37483501342405834,6.0,0.023346303501945526,,,0.0,0.28518355320731253,0.19256603862278102,91,91,281.45054945054943,251.0,0.5022043183195047,0.8791208791208791,7.275652430654317e-05,9.308945332757379e+24,10657561.132935064,0,2026-01-26 00:00:00+00:00,1,11.895833333333334
1769389200000,314,0.37902898582204825,348.11409501373697,3266375.5259440397,0.4263165790636884,131,0.4171974522292994,0.448258417521792,101,0.321656050955414,0.2207385560969452,76,0.24203821656050956,0.1862332096185257,6.0,0.01910828025477707,,,0.0,0.2907592631378068,0.1355573159258816,131,131,297.87786259541986,293.0,0.5215045589949707,0.8854961832061069,9.734652485600177e-05,9.603377939559593e+24,13767277.076389337,1,2026-01-26 00:00:00+00:00,1,11.9375
1769392800000,226,0.3643147136510406,235.886774370311,2181763.2220930476,0.43450350220136114,97,0.42920353982300885,0.4166899795647006,69,0.3053097345132743,0.1899186424676598,59,0.2610619469026549,0.2314770760468718,1.0,0.004424778761061947,,,0.0,0.2466471846538797,0.18785631754748142,97,97,335.97938144329896,312.0,0.5474980056851526,0.8865979381443299,6.471908552473049e-05,9.74058512691232e+24,9468041.096601352,2,2026-01-26 00:00:00+00:00,1,11.979166666666666
1769396400000,127,0.309928124107248,119.07669112280571,1171885.1114953323,0.383157149020886,50,0.3937007874015748,0.16062187199528205,35,0.2755905511811024,0.36188340226583987,40,0.31496062992125984,0.05295635005386852,2.0,0.015748031496062992,,,0.0,0.2312588668230484,0.15189828219783763,50,50,296.68,279.0,0.5223627330738825,0.84,4.561701865585446e-05,9.606006310780426e+24,6146412.5780388685,3,2026-01-26 00:00:00+00:00,1,12.020833333333334
1769400000000,133,0.3007554459886158,116.20558329500123,1116199.5516273258,0.3367504944771781,59,0.44360902255639095,0.37137089428836473,34,0.2556390977443609,0.17603746916462634,38,0.2857142857142857,0.40808045413609584,2.0,0.015037593984962405,,,0.0,0.22405676012026585,0.11269373435691225,59,59,337.7457627118644,331.0,0.5637964089152371,0.8813559322033898,4.807097364636106e-05,9.536995029968202e+24,5271678.213737797,4,2026-01-26 00:00:00+00:00,1,12.0625
1769403600000,99,0.25932570699257523,76.73778351142988,763151.6615711835,0.2790817524935094,47,0.47474747474747475,0.22339465451016555,26,0.26262626262626265,0.259543907992527,26,0.26262626262626265,,,0.0,,,0.0,0.26200609215248644,0.017075660341022963,47,47,302.51063829787233,305.0,0.5270202569256978,0.8936170212765957,3.722348136489954e-05,9.525334969812032e+24,4315452.123721122,5,2026-01-26 00:00:00+00:00,1,12.104166666666666
1769407200000,141,0.2670071426115817,109.76128540798884,1125281.5672853086,0.3236860852240854,57,0.40425531914893614,0.273809437332033,46,0.3262411347517731,0.16063474178924098,36,0.2553191489361702,0.40990771438698204,2.0,0.014184397163120567,,,0.0,0.2532892359954147,0.07039684922867068,57,57,334.6140350877193,292.0,0.5413200604005838,0.8421052631578947,4.129633545188858e-05,9.520634830365528e+24,5190504.656426348,6,2026-01-26 00:00:00+00:00,1,12.145833333333334
1769410800000,159,0.3003149354344376,145.87295085869255,1382487.898637792,0.3530748045241051,78,0.49056603773584906,0.3618173645204447,37,0.23270440251572327,0.15471979879681946,42,0.2641509433962264,0.16238297223625325,2.0,0.012578616352201259,,,0.0,0.22829963536157777,0.12477516916252733,78,78,290.38461538461536,293.0,0.5138467741476084,0.9102564102564102,4.7019541360704906e-05,9.55318538387339e+24,6157113.475826905,7,2026-01-26 00:00:00+00:00,1,12.1875
1769414400000,185,0.4252392205156823,277.2920368341581,1898727.9622336777,0.48533556589049065,68,0.3675675675675676,0.5532481796392423,57,0.3081081081081081,0.2381903636837192,57,0.3081081081081081,0.18481344847968603,3.0,0.016216216216216217,,,0.0,0.35766857508766187,0.1276669908028288,68,68,309.0,293.0,0.5264248495131285,0.8529411764705882,4.581749754240396e-05,9.598105174574662e+24,7645276.830888296,8,2026-01-26 00:00:00+00:00,1,12.229166666666666
1769418000000,127,0.26946563132093493,97.28274423546492,993231.8919369907,0.34358661891779185,46,0.36220472440944884,0.2668548136840793,36,0.28346456692913385,0.20605105076157715,41,0.3228346456692913,0.09057108342219818,4.0,0.031496062992125984,,,0.0,0.24625945892708548,0.09732715999070639,46,46,346.32608695652175,331.5,0.5599307940350592,0.8043478260869565,4.3425517600688816e-05,9.57518250493342e+24,5591572.315721436,9,2026-01-26 00:00:00+00:00,1,12.270833333333334
1769421600000,75,0.2459743229141858,55.668534964308265,495093.7774348282,0.3978012143929088,29,0.38666666666666666,0.14609217022671195,19,0.25333333333333335,0.15681373785289,26,0.3466666666666667,0.058930582686912154,1.0,0.013333333333333334,,,0.0,0.27530528145066213,0.12249593294224669,29,29,315.3103448275862,245.0,0.535862580598446,0.7931034482758621,3.36656234830738e-05,9.646567629435768e+24,3315985.4109979165,10,2026-01-26 00:00:00+00:00,1,12.3125
1769425200000,63,0.27412259528260013,50.876995106055325,518373.8973983757,0.4055796778232003,28,0.4444444444444444,0.13602769957626537,13,0.20634920634920634,0.15583973082611363,20,0.31746031746031744,0.514168906370239,2.0,0.031746031746031744,,,0.0,0.24594973073944523,0.15962994708375508,28,28,328.2857142857143,321.5,0.5620853122377332,0.8571428571428571,3.0883888079686594e-05,9.701408692305632e+24,3409880.194266434,11,2026-01-26 00:00:00+00:00,1,12.354166666666666
1769428800000,82,0.21644209037075607,53.12651730693483,527508.1202390438,0.27225769701375785,37,0.45121951219512196,0.18996792181766103,29,0.35365853658536583,0.14412576494449242,15,0.18292682926829268,0.003760414013399279,1.0,0.012195121951219513,,,0.0,0.25380544413617045,0.018452252877587373,37,37,366.4594594594595,396.0,0.5808920267008492,0.7297297297297297,3.366487237678075e-05,9.768949524100582e+24,3845773.724921525,12,2026-01-26 00:00:00+00:00,1,12.395833333333334
1769432400000,121,0.27916845831275267,101.53578951470197,980931.0285515795,0.30206162579619195,59,0.48760330578512395,0.32592712582533667,31,0.256198347107438,0.20094212720526855,28,0.23140495867768596,0.07587569051159622,3.0,0.024793388429752067,,,0.0,0.22833752751485592,0.07372409828133605,59,59,291.52542372881356,294.0,0.5228661462730136,0.9152542372881356,4.1497941205779994e-05,9.78515596757823e+24,5066329.576437489,13,2026-01-26 00:00:00+00:00,1,12.4375
1769436000000,423,0.4140831693873367,533.6698658911994,4773900.26986297,0.4360708421941255,163,0.38534278959810875,0.49233061061681155,118,0.2789598108747045,0.3098786815583838,132,0.3120567375886525,0.5078635354710546,10.0,0.02364066193853428,,,0.0,0.2533911429795151,0.18267969921461039,163,163,298.7177914110429,299.0,0.5253349968029188,0.9325153374233128,0.00010128077258893467,9.719066171909697e+24,19002286.569762763,14,2026-01-26 00:00:00+00:00,1,12.479166666666666
1769439600000,486,0.36958291930576886,539.6970301815719,5368326.72062002,0.4028153921892526,175,0.360082304526749,0.4607972554016953,147,0.30246913580246915,0.24927353962288162,158,0.32510288065843623,0.3336982241699917,6.0,0.012345679012345678,,,0.0,0.2851735940800373,0.11764179810921531,175,175,290.1542857142857,316.0,0.5140854798142495,0.9371428571428572,0.00010327323999948166,9.705359589988126e+24,22274528.375354968,15,2026-01-26 00:00:00+00:00,1,12.520833333333334
1769443200000,316,0.3502582206603754,337.48272431356855,3284835.5119301085,0.338541369723098,160,0.5063291139240507,0.46186137724011145,79,0.25,0.2431932592087709,75,0.23734177215189872,0.8942176651781661,2.0,0.006329113924050633,,,0.0,0.21817292074729436,0.12036844897580364,160,160,242.1625,230.5,0.4600421254411339,0.91875,9.914040787168222e-05,9.768561504813934e+24,15504523.392069068,16,2026-01-26 00:00:00+00:00,1,12.5625
1769446800000,207,0.34486488606321747,228.65773189545848,2021238.362698653,0.3969756003940403,91,0.4396135265700483,0.37544914188290435,60,0.2898550724637681,0.23262295005623332,54,0.2608695652173913,0.086831981608749,2.0,0.00966183574879227,,,0.0,0.25572248356724,0.14125311682680028,91,91,306.56043956043953,296.0,0.5265826371904906,0.9010989010989011,7.560106234227358e-05,9.760389441369628e+24,9383173.429507874,17,2026-01-26 00:00:00+00:00,1,12.604166666666666
1769450400000,197,0.3412892524609279,203.0502265824776,1933823.619790559,0.3559263362655782,64,0.3248730964467005,0.4000063567875494,75,0.38071065989847713,0.26872178708416083,53,0.26903553299492383,0.04239314785581345,5.0,0.025380710659898477,,,0.0,0.23653923432390922,0.11938710194166896,64,64,271.234375,276.0,0.49525595920350607,0.890625,5.6126703167163904e-05,9.710347470560047e+24,9233656.271164242,18,2026-01-26 00:00:00+00:00,1,12.645833333333334
1769454000000,97,0.2991798799281815,89.40965573966983,893107.2126003501,0.424627978317644,53,0.5463917525773195,0.14791101032851722,19,0.1958762886597938,0.15343372493331703,24,0.24742268041237114,0.02244690755703966,1.0,0.010309278350515464,,,0.0,0.26528811211686887,0.15933986620077512,53,53,300.1132075471698,286.0,0.5256994626818947,0.8490566037735849,4.404554705413207e-05,9.763696579913097e+24,5528815.150057223,19,2026-01-26 00:00:00+00:00,1,12.6875
1769457600000,125,0.2687635040518685,103.08799540579635,1039381.6632988387,0.3082505534612406,52,0.416,0.2766714356158216,34,0.272,0.2018014212012914,32,0.256,0.24313356244568468,7.0,0.056,,,0.0,0.1981926745968865,0.1100578788643541,52,52,289.7307692307692,293.0,0.5195982173902307,0.9038461538461539,4.83561368465031e-05,9.845875812432002e+24,5865565.835388146,20,2026-01-26 00:00:00+00:00,1,12.729166666666666
1769461200000,108,0.2887747196569952,90.57055194588179,898308.7536875779,0.3526161468169872,50,0.46296296296296297,0.2893582364846795,29,0.26851851851851855,0.18445407839558506,28,0.25925925925925924,0.0007593289740323659,1.0,0.009259259259259259,,,0.0,0.23619586605347995,0.1164202807635073,50,50,322.64,263.5,0.5295262677621451,0.88,6.22641603716111e-05,9.833685700442412e+24,5993590.962119119,21,2026-01-26 00:00:00+00:00,1,12.770833333333334
1769464800000,50,0.37852515603924525,61.76611290004002,455624.8529322039,0.7093723489815249,16,0.32,0.205797884666421,23,0.46,0.2784795367830614,10,0.2,0.05815350309956808,1.0,0.02,,,0.0,0.1964533161348822,0.5129190328466426,16,16,447.375,364.0,0.5992277196928664,0.875,5.497480553742566e-05,9.826362010531077e+24,3751737.596635045,22,2026-01-26 00:00:00+00:00,1,12.8125
1769468400000,86,0.2263691223516492,61.22276489451853,677690.2397560396,0.22074159631366555,27,0.313953488372093,0.2707532037701135,38,0.4418604651162791,0.1663588722876065,19,0.22093023255813954,0.029140552522012038,2.0,0.023255813953488372,,,0.0,0.11114792002986457,0.10959367628380098,27,27,295.9259259259259,318.0,0.5253316828736939,0.9259259259259259,4.0860289172085994e-05,9.7941435836747e+24,4346528.8578009615,23,2026-01-26 00:00:00+00:00,1,12.854166666666666
1769472000000,55,0.2455051260630996,41.36146763471984,426483.1233595994,0.45188362518601355,18,0.32727272727272727,0.16184508795166586,22,0.4,0.13702815674175348,13,0.23636363636363636,0.01345935377139535,2.0,0.03636363636363636,,,0.0,0.3695999274886282,0.08228369769738533,18,18,381.6111111111111,389.5,0.5505756529111658,0.8333333333333334,3.443383008175346e-05,9.812933766453577e+24,3449865.647091622,0,2026-01-27 00:00:00+00:00,1,12.895833333333334
1769475600000,82,0.22225844140822476,56.88326882729343,592009.3953174492,0.22792093584382178,15,0.18292682926829268,0.24492364250827764,37,0.45121951219512196,0.20186596074005927,28,0.34146341463414637,0.04597824214458508,2.0,0.024390243902439025,,,0.0,0.20519938979087485,0.022721546052946923,15,15,301.46666666666664,334.0,0.4991179509889416,0.8,4.827143256808957e-05,9.861150330573398e+24,4794374.471994897,1,2026-01-27 00:00:00+00:00,1,12.9375
1769479200000,88,0.2516567523418579,63.13215626346571,636426.2541436306,0.15820474902661447,17,0.19318181818181818,0.3276653689271167,40,0.45454545454545453,0.21163889448701784,30,0.3409090909090909,0.0005318809358509445,1.0,0.011363636363636364,,,0.0,0.13158377108052755,0.02662097794608693,17,17,396.6470588235294,305.0,0.5879975585232636,0.7647058823529411,3.913811624282373e-05,9.750136038398267e+24,4550328.662065805,2,2026-01-27 00:00:00+00:00,1,12.979166666666666
1769482800000,85,0.18798474524083772,44.83875616613835,463725.84042699804,0.23866286669523165,19,0.2235294117647059,0.1835253911210955,37,0.43529411764705883,0.16047135885452657,29,0.3411764705882353,,,0.0,,,0.0,0.18513640815457624,0.05352645854065539,19,19,357.6842105263158,342.0,0.5874569819778479,0.8947368421052632,3.3693866235276296e-05,9.779069761919615e+24,3681396.3746652626,3,2026-01-27 00:00:00+00:00,1,13.020833333333334
1769486400000,110,0.2417720811998696,77.74700151951087,734271.6969786802,0.2601997490514077,32,0.2909090909090909,0.27258443097011664,41,0.37272727272727274,0.2017562417605473,32,0.2909090909090909,0.12727511124566243,5.0,0.045454545454545456,,,0.0,0.1615446257235914,0.09865512332781629,32,32,306.46875,340.5,0.5303926845834996,0.8125,3.905270764727845e-05,9.794670087123228e+24,5203733.132410903,4,2026-01-27 00:00:00+00:00,1,13.0625
1769490000000,72,0.22802180168120176,48.404203751914274,505966.357097338,0.3146459144277483,21,0.2916666666666667,0.22118937717543807,27,0.375,0.1319149380134058,22,0.3055555555555556,0.46788184901602836,2.0,0.027777777777777776,,,0.0,0.21773269806589388,0.09691321636185442,21,21,286.23809523809524,304.0,0.5179946657941943,0.9047619047619048,3.200645930504246e-05,9.8590963104312e+24,3515286.1401962996,5,2026-01-27 00:00:00+00:00,1,13.104166666666666
1769493600000,78,0.18677324246371993,47.21109234382911,474615.2469469588,0.30992701569206577,24,0.3076923076923077,0.14684566759288706,34,0.4358974358974359,0.11112951490892849,19,0.24358974358974358,0.025851054132775837,1.0,0.01282051282051282,,,0.0,0.22970980099811514,0.0802172146939506,24,24,270.4166666666667,259.5,0.5022705299337942,0.9166666666666666,3.342516688732925e-05,9.854512624830646e+24,3296872.8075431245,6,2026-01-27 00:00:00+00:00,1,13.145833333333334
1769497200000,74,0.2624151389248103,56.786242478964084,477802.05254067667,0.36277039179481346,15,0.20270270270270271,0.18410067179000902,36,0.4864864864864865,0.33955387877442217,21,0.28378378378378377,0.10945438240528377,2.0,0.02702702702702703,,,0.0,0.2044740368618208,0.15829635493299263,15,15,360.6,350.0,0.5787282791870145,0.8,2.7232927153319745e-05,9.886688226615082e+24,3319547.41937125,7,2026-01-27 00:00:00+00:00,1,13.1875
1769500800000,87,0.2623633362636013,64.96787380426173,670078.3604907654,0.3187823082297016,23,0.26436781609195403,0.21465237696211986,31,0.3563218390804598,0.26452048361876584,30,0.3448275862068966,0.30125965708716146,3.0,0.034482758620689655,,,0.0,0.24013130032822783,0.0786510079014738,23,23,290.5652173913044,290.0,0.509729867730334,0.9130434782608695,3.132623765884776e-05,9.916598585227804e+24,4038273.1959321946,8,2026-01-27 00:00:00+00:00,1,13.229166666666666
1769504400000,91,0.21557841874384462,61.51998306843916,588844.2756648144,0.2064715232506332,30,0.32967032967032966,0.24631719000654478,37,0.4065934065934066,0.17635876232988645,19,0.2087912087912088,0.19178757873217295,5.0,0.054945054945054944,,,0.0,0.11213033806042041,0.0943411851902128,30,30,280.1666666666667,277.0,0.5087569351490208,0.9333333333333333,3.4797047704575234e-05,9.96616893291473e+24,4527196.334622585,9,2026-01-27 00:00:00+00:00,1,13.270833333333334
1769508000000,137,0.2466868959247894,101.13771328748979,930171.1152990415,0.41744109227331355,29,0.2116788321167883,0.22316382091368034,65,0.4744525547445255,0.16343653433920957,42,0.30656934306569344,0.3203302641340286,1.0,0.0072992700729927005,,,0.0,0.20965420381011302,0.20778688846320056,29,29,341.0344827586207,343.0,0.5462693168164515,0.8620689655172413,3.706915499918919e-05,9.73983371062928e+24,5153751.366755864,10,2026-01-27 00:00:00+00:00,1,13.3125
1769511600000,64,0.4322598446332712,91.5517345724896,669767.9691834067,0.6595621239970595,26,0.40625,0.19533367320806216,17,0.265625,0.26518788956370754,18,0.28125,0.8073201253073398,3.0,0.046875,,,0.0,0.27915414005210265,0.38040798394495684,26,26,346.3076923076923,300.5,0.5478059641337082,0.8076923076923077,3.953593841900779e-05,9.834555342565813e+24,3944847.065122105,11,2026-01-27 00:00:00+00:00,1,13.354166666666666
1769515200000,69,0.21831531060901954,46.77952207441625,409957.0431248767,0.38179615398287264,20,0.2898550724637681,0.11830895268432146,25,0.36231884057971014,0.20188578422226244,18,0.2608695652173913,0.13936090320935576,6.0,0.08695652173913043,,,0.0,0.3080939369133348,0.07370221706953783,20,20,331.9,367.0,0.5504374393485882,0.75,2.506319772581322e-05,9.872415622415415e+24,3118582.9842122584,12,2026-01-27 00:00:00+00:00,1,13.395833333333334
1769518800000,97,0.1838849613395771,55.80739935995457,585453.2092033721,0.25584433440031334,25,0.25773195876288657,0.15957305411407136,40,0.41237113402061853,0.169363529013193,28,0.28865979381443296,0.07890797824972123,4.0,0.041237113402061855,,,0.0,0.19224558711015224,0.06359874729016113,25,25,334.6,282.0,0.5475018486094753,0.72,4.150435735265034e-05,9.841914965527706e+24,4276472.219835651,13,2026-01-27 00:00:00+00:00,1,13.4375
1769522400000,259,0.30671466063694974,248.25506874977364,2536935.251544584,0.35277610671700965,108,0.416988416988417,0.3802850482663071,77,0.2972972972972973,0.16708679485726258,72,0.277992277992278,0.013539816652198007,2.0,0.007722007722007722,,,0.0,0.2247428667542207,0.12803323996278898,108,108,260.6203703703704,250.0,0.4916484190330748,0.9722222222222222,8.705483322289652e-05,9.830252410537633e+24,13955401.000044389,14,2026-01-27 00:00:00+00:00,1,13.479166666666666
1769526000000,222,0.29102275632472857,199.5245236578653,2073357.3157064768,0.30044306889450645,96,0.43243243243243246,0.32162134446155866,66,0.2972972972972973,0.2473850838501777,57,0.25675675675675674,0.14551959209803947,3.0,0.013513513513513514,,,0.0,0.1872140626467339,0.11322900624777255,96,96,287.3645833333333,280.0,0.5099915446394131,0.90625,7.320695518814564e-05,9.851468381445822e+24,11667282.97526126,15,2026-01-27 00:00:00+00:00,1,13.520833333333334
1769529600000,253,0.34090595757960496,253.44015743102347,2573438.9602187057,0.32910691810916626,98,0.38735177865612647,0.4324214958886774,72,0.2845849802371542,0.2656044094600332,77,0.30434782608695654,0.4018070100890734,6.0,0.023715415019762844,,,0.0,0.22747555486208196,0.10163136324708433,98,98,258.98979591836735,293.0,0.48492362510343867,0.9591836734693877,9.6107192538705e-05,9.831532120224365e+24,16396849.310752496,16,2026-01-27 00:00:00+00:00,1,13.5625
1769533200000,381,0.3419652688244504,407.5960615792969,4066203.15326786,0.38120783311617257,156,0.4094488188976378,0.40029266075425907,115,0.30183727034120733,0.20597913051143465,102,0.2677165354330709,0.4721022696358166,8.0,0.02099737532808399,,,0.0,0.19675750830765076,0.18445032480852178,156,156,241.59615384615384,253.5,0.4603505543670177,0.9487179487179487,0.00011089702101046177,9.940940181609773e+24,18714630.920075424,17,2026-01-27 00:00:00+00:00,1,13.604166666666666
1769536800000,188,0.3016512942001671,183.08186753740662,2050633.926894859,0.3277301258920347,79,0.42021276595744683,0.30618050738693503,64,0.3404255319148936,0.2576738281708179,43,0.22872340425531915,0.07211814002583501,2.0,0.010638297872340425,,,0.0,0.20260394510139063,0.12512618079064408,79,79,249.9746835443038,235.0,0.4749359967917611,0.9493670886075949,7.979128562946704e-05,1.006924879415609e+25,12161886.685908748,18,2026-01-27 00:00:00+00:00,1,13.645833333333334
1769540400000,137,0.21656852514423602,103.40113113800335,1120949.9190228935,0.2367892624321871,70,0.5109489051094891,0.1961458682659298,25,0.18248175182481752,0.1994576824860229,41,0.29927007299270075,0.013227885932055324,1.0,0.0072992700729927005,,,0.0,0.20312076069048077,0.03366850174170631,70,70,290.0571428571429,308.5,0.516365940318375,0.9142857142857143,5.2628464460400985e-05,1.0188148818604995e+25,7037631.610366638,19,2026-01-27 00:00:00+00:00,1,13.6875
1769544000000,203,0.29941062864232837,204.52160990932666,2035341.7358954486,0.30948140320833173,91,0.4482758620689655,0.37066046669462266,59,0.29064039408866993,0.1901643995807185,48,0.23645320197044334,0.32413824151544895,5.0,0.024630541871921183,,,0.0,0.20158095844943336,0.10790044475889841,91,91,276.4065934065934,276.0,0.5050543605240946,0.8901098901098901,8.164671849077708e-05,1.0140087747435934e+25,11310571.634385219,20,2026-01-27 00:00:00+00:00,1,13.729166666666666
1769547600000,122,0.3239767549280189,123.23709361419309,1239495.76877708,0.4187554821972161,65,0.5327868852459017,0.21578752037812143,28,0.22950819672131148,0.23576611410235712,26,0.21311475409836064,0.04469607371685901,3.0,0.02459016393442623,,,0.0,0.2627327541231329,0.15602272807408318,65,65,286.66153846153844,276.0,0.5207494055661565,0.9384615384615385,5.528241959227146e-05,1.010342908439855e+25,6835253.415384142,21,2026-01-27 00:00:00+00:00,1,13.770833333333334
1769551200000,98,0.24525041769946954,80.11940638137098,903589.4447196475,0.2631751445099825,47,0.47959183673469385,0.22119079836719988,25,0.25510204081632654,0.23598227628457083,26,0.2653061224489796,,,0.0,,,0.0,0.17312391373703567,0.09005123077294683,47,47,278.97872340425533,250.0,0.4896347666796622,0.9574468085106383,4.741205397074663e-05,1.0102476248778545e+25,5087964.570134579,22,2026-01-27 00:00:00+00:00,1,13.8125
1769554800000,82,0.27839454271350395,68.861060952066,714889.1933192731,0.33722155086213845,42,0.5121951219512195,0.28516740354546244,19,0.23170731707317074,0.16208943323486963,20,0.24390243902439024,0.005078034236328529,1.0,0.012195121951219513,,,0.0,0.17569772687598992,0.16152382398614856,42,42,256.92857142857144,264.5,0.49480568769960814,0.9761904761904762,4.390154810201887e-05,9.371538910537058e+24,4374530.729136554,23,2026-01-27 00:00:00+00:00,1,13.854166666666666
1769558400000,118,0.25622311938936443,97.21937676544268,1150813.423759298,0.29638513978247044,57,0.4830508474576271,0.2649810919879482,34,0.288135593220339,0.16335774129783237,24,0.2033898305084746,0.13681073386865758,3.0,0.025423728813559324,,,0.0,0.17740002993738488,0.11898510984508558,57,57,298.49122807017545,292.0,0.5213322462084071,0.9122807017543859,5.397408035844539e-05,9.880724531655506e+24,6001408.68862849,0,2026-01-28 00:00:00+00:00,1,13.895833333333334
1769562000000,132,0.2766295636630662,113.46150313951382,1216572.7738353563,0.3187485594858862,64,0.48484848484848486,0.3312757306310258,33,0.25,0.15592334822234294,30,0.22727272727272727,0.10107900778677599,5.0,0.03787878787878788,,,0.0,0.23177512602545833,0.08697343346042788,64,64,294.09375,292.5,0.5205665715170361,0.890625,5.347849345570921e-05,9.689260725921812e+24,6569976.248859075,1,2026-01-28 00:00:00+00:00,1,13.9375
1769565600000,174,0.2731672688283545,166.89065278835022,1627581.6121413845,0.343254081351608,60,0.3448275862068966,0.2813086353826349,66,0.3793103448275862,0.17803285483563747,47,0.27011494252873564,0.0019457825083399403,1.0,0.005747126436781609,,,0.0,0.2800015569446321,0.06325252440697593,60,60,302.68333333333334,336.0,0.5323435262766038,0.95,5.3405471014755676e-05,1.1668435263371274e+25,7563544.39166,2,2026-01-28 00:00:00+00:00,1,13.979166666666666
1769569200000,113,0.26522134899914834,127.38508817876513,1273997.7976275967,0.3342009759251181,35,0.30973451327433627,0.28545239322261357,40,0.35398230088495575,0.18510521593026621,37,0.3274336283185841,0.005989561200237811,1.0,0.008849557522123894,,,0.0,0.2672385954641501,0.06696238046096806,35,35,415.0571428571429,343.0,0.6055916645588919,0.8857142857142857,4.645442778866291e-05,1.376617175730544e+25,7880653.23371665,3,2026-01-28 00:00:00+00:00,1,14.020833333333334
1769572800000,101,0.2895739217988148,90.35385809552525,921799.1363292729,0.31271701616987163,46,0.45544554455445546,0.22531983763119293,29,0.2871287128712871,0.3937445441812381,21,0.2079207920792079,0.011814527751120303,5.0,0.04950495049504951,,,0.0,0.25452828182500165,0.05818873434487002,46,46,268.8695652173913,267.0,0.5021127121401555,0.9782608695652174,4.435782917403257e-05,1.0181485444107253e+25,4807673.455294903,4,2026-01-28 00:00:00+00:00,1,14.0625
1769576400000,94,0.2817410571201224,78.80667797043338,777345.8643829243,0.3488930158386909,29,0.30851063829787234,0.2702095048900778,36,0.3829787234042553,0.22890412875609198,29,0.30851063829787234,,,0.0,,,0.0,0.2530334627359407,0.09585955310275024,29,29,280.0,320.0,0.5116408133481907,0.9310344827586207,3.529306036396176e-05,9.843486077666108e+24,4393888.906617976,5,2026-01-28 00:00:00+00:00,1,14.104166666666666
1769580000000,105,0.24243934112828955,56.51713505458594,502981.6317461322,0.19937959764676771,29,0.2761904761904762,0.32873083077499415,43,0.4095238095238095,0.16527334859347514,29,0.2761904761904762,0.1864424135446527,4.0,0.0380952380952381,,,0.0,0.12291761829731473,0.07646197934945295,29,29,374.7586206896552,344.0,0.5695510290332177,0.7586206896551724,4.6936436878440114e-05,7.524038341539926e+24,4258351.214573575,6,2026-01-28 00:00:00+00:00,1,14.145833333333334
1769583600000,74,0.25810599607669293,53.173479354335775,505919.87642864324,0.4325197759905355,19,0.25675675675675674,0.24570178042519955,26,0.35135135135135137,0.16612616262620655,27,0.36486486486486486,0.004157641946168363,2.0,0.02702702702702703,,,0.0,0.20534094358129118,0.22717883240924427,19,19,283.2105263157895,243.0,0.5047350722248457,0.8947368421052632,4.0491034751023195e-05,9.82017791874156e+24,4439662.326955575,7,2026-01-28 00:00:00+00:00,1,14.1875
1769587200000,149,0.2567655047791641,126.07332836581898,1330081.260059491,0.3216564158649416,51,0.3422818791946309,0.255850714085237,49,0.3288590604026846,0.1777671482904575,43,0.28859060402684567,0.27881843938619044,6.0,0.040268456375838924,,,0.0,0.2284235366002819,0.09323287926465973,51,51,345.80392156862746,293.0,0.5628841196587901,0.9411764705882353,4.930351178462299e-05,9.999150312611617e+24,6189641.643977187,8,2026-01-28 00:00:00+00:00,1,14.229166666666666
1769590800000,134,0.26957025200880863,112.95351955680349,1037338.8954034173,0.3173661448193777,53,0.39552238805970147,0.30292721202749523,43,0.3208955223880597,0.17655895348353712,33,0.2462686567164179,0.08993850232286243,5.0,0.03731343283582089,,,0.0,0.20688123917686205,0.1104849056425157,53,53,288.3207547169811,293.0,0.5127684815979752,0.9245283018867925,5.0778563061327605e-05,1.0086633486255932e+25,6328582.989565897,9,2026-01-28 00:00:00+00:00,1,14.270833333333334
1769594400000,148,0.28663440302111914,131.50382985930412,1325647.583049142,0.31035268089558293,54,0.36486486486486486,0.325911726835216,36,0.24324324324324326,0.2456860276250319,55,0.3716216216216216,0.13909773110654194,3.0,0.02027027027027027,,,0.0,0.2430044840970137,0.06734819679856921,54,54,256.01851851851853,281.0,0.48353047015344913,0.9629629629629629,4.507501853544051e-05,1.0080931326180254e+25,6709708.079733365,10,2026-01-28 00:00:00+00:00,1,14.3125
1769598000000,151,0.30602624875308126,146.5940768638668,1422520.828142695,0.35971589791266345,57,0.37748344370860926,0.2866173858414042,44,0.2913907284768212,0.26564869148107434,49,0.32450331125827814,0.07820652109902322,1.0,0.006622516556291391,,,0.0,0.20678376341883373,0.1529321344938297,57,57,294.7543859649123,276.0,0.5115947590583401,0.8596491228070176,4.326097952004778e-05,1.0167888985813872e+25,8026805.689565957,11,2026-01-28 00:00:00+00:00,1,14.354166666666666
1769601600000,156,0.26883161980074644,132.02910822640433,1202285.4342771086,0.3128602699241653,41,0.26282051282051283,0.289854019309658,64,0.41025641025641024,0.21643300303076365,48,0.3076923076923077,0.0570067469103013,3.0,0.019230769230769232,,,0.0,0.26166782686439416,0.05119244305977116,41,41,308.1951219512195,301.0,0.5254953382530154,0.7560975609756098,5.842489959302214e-05,9.884457253994068e+24,7894049.14592329,12,2026-01-28 00:00:00+00:00,1,14.395833333333334
1769605200000,170,0.2451417064306609,137.62657487545764,1551280.1345117046,0.27132712838810064,72,0.4235294117647059,0.2632500604259124,48,0.2823529411764706,0.2056713821300382,45,0.2647058823529412,0.04946435059471983,5.0,0.029411764705882353,,,0.0,0.18556478456110745,0.08576234382699315,72,72,282.6388888888889,281.0,0.5007429056310997,0.9027777777777778,5.067990432837465e-05,9.995981330509887e+24,7013924.867014697,13,2026-01-28 00:00:00+00:00,1,14.4375
1769608800000,279,0.29648179020354815,274.618994137431,2763472.978202915,0.3249741329221354,117,0.41935483870967744,0.4324797257445392,68,0.24372759856630824,0.1681364230375786,88,0.3154121863799283,0.08196988949408689,6.0,0.021505376344086023,,,0.0,0.20761361977467083,0.11736051314746457,117,117,264.7606837606838,269.0,0.48898549530825175,0.9572649572649573,6.102669237816953e-05,1.0130121666860058e+25,14669672.451342184,14,2026-01-28 00:00:00+00:00,1,14.479166666666666
1769612400000,250,0.2709435104209365,222.99235460495217,2375819.6559464047,0.2858278170142095,112,0.448,0.2908065850253391,60,0.24,0.22581653040692135,73,0.292,0.35803205568341134,5.0,0.02,,,0.0,0.19868304674092657,0.08714477027328296,112,112,255.78571428571428,229.5,0.47156841712277286,0.8928571428571429,8.534718217652466e-05,1.0127493144130924e+25,12548840.516245238,15,2026-01-28 00:00:00+00:00,1,14.520833333333334
1769616000000,249,0.28958680448043145,246.21027978320865,2504146.264322099,0.3097094839767351,118,0.4738955823293173,0.3303405794190446,61,0.24497991967871485,0.2340496409576949,65,0.26104417670682734,0.03947863991216134,5.0,0.020080321285140562,,,0.0,0.3446400072834286,-0.03493052330669351,118,118,284.5593220338983,262.5,0.5002596603565809,0.9152542372881356,8.41604027050673e-05,1.0131208240751685e+25,12220911.293143796,16,2026-01-28 00:00:00+00:00,1,14.5625
1769619600000,204,0.3464410091512505,217.6626919776605,2131616.1648680987,0.40229575481383195,91,0.44607843137254904,0.44684109745028927,52,0.2549019607843137,0.1775297559242844,61,0.29901960784313725,,,0.0,,,0.0,0.24514782102310126,0.15714793379073067,91,91,293.34065934065933,293.0,0.5194804577174643,0.9010989010989011,5.9094429378063114e-05,1.0145054194846707e+25,9348837.414861562,17,2026-01-28 00:00:00+00:00,1,14.604166666666666
1769623200000,122,0.38516015436170736,164.96519746164404,1242257.8923273063,0.46013709992628904,47,0.38524590163934425,0.42150968813736783,35,0.28688524590163933,0.28073558381426994,37,0.30327868852459017,0.07434648321895009,3.0,0.02459016393442623,,,0.0,0.4460843130879125,0.014052786838376564,47,47,277.78723404255317,302.0,0.49675987756018797,0.9361702127659575,7.292951701487838e-05,1.0122531609850968e+25,8032690.624326728,18,2026-01-28 00:00:00+00:00,1,14.645833333333334
1769626800000,348,0.3421331862861826,384.5538521854984,3951404.9207515134,0.33531662050061584,167,0.47988505747126436,0.4491380265204714,89,0.2557471264367816,0.2736517776397089,81,0.23275862068965517,0.08412680498639406,11.0,0.031609195402298854,,,0.0,0.1566819483539024,0.1786346721467134,167,167,262.34131736526945,261.0,0.48551961422740847,0.9461077844311377,9.415083289378446e-05,1.0131656018859864e+25,18324580.38707156,19,2026-01-28 00:00:00+00:00,1,14.6875
1769630400000,125,0.3279500073590977,136.01836753532552,1320708.4514008842,0.29443924028615276,58,0.464,0.4213274875130563,41,0.328,0.262729465824508,25,0.2,0.0736113496423449,1.0,0.008,,,0.0,0.180175213809623,0.11426402647652972,58,58,240.31034482758622,234.5,0.45559794444583973,0.9655172413793104,5.561302594318546e-05,1.0084926288436439e+25,8434374.953443343,20,2026-01-28 00:00:00+00:00,1,14.729166666666666
1769634000000,138,0.31196794701172104,139.80206525479807,1358595.8575064107,0.3451327366637179,66,0.4782608695652174,0.33439609672151976,47,0.34057971014492755,0.13178402773939085,20,0.14492753623188406,0.3841037934225753,5.0,0.036231884057971016,,,0.0,0.1351111765655501,0.2100215600981678,66,66,319.3333333333333,283.0,0.5203811931141687,0.8787878787878788,5.708709901805998e-05,1.0127042997781287e+25,8574470.614956928,21,2026-01-28 00:00:00+00:00,1,14.770833333333334
1769637600000,85,0.222853377776187,66.55972610066584,713979.4697671877,0.3040623761979317,45,0.5294117647058824,0.1516000457056363,20,0.23529411764705882,0.11743247111458402,18,0.21176470588235294,0.056972393946864444,2.0,0.023529411764705882,,,0.0,0.17868291094379446,0.12537946525413723,45,45,282.4222222222222,282.0,0.5186015802584996,0.9555555555555556,4.204604096240917e-05,1.014130654189222e+25,4637794.908238224,22,2026-01-28 00:00:00+00:00,1,14.8125
1769641200000,75,0.3315361437795066,80.37813226689121,818834.5633706282,0.3290506854484889,41,0.5466666666666666,0.35690041215671564,21,0.28,0.29424964025928424,9,0.12,0.3077443156125912,4.0,0.05333333333333334,,,0.0,0.2506036499451632,0.07844703550332567,41,41,251.6341463414634,261.0,0.4838445166366035,1.0,4.600502171079368e-05,1.0174188854324e+25,5513319.235241059,23,2026-01-28 00:00:00+00:00,1,14.854166666666666
1769644800000,133,0.2387364990875871,107.9039691706821,1208941.9294789901,0.3235080242016466,68,0.5112781954887218,0.20253530562507838,32,0.24060150375939848,0.10376928204846157,31,0.23308270676691728,0.027715604716150595,2.0,0.015037593984962405,,,0.0,0.19974343968236058,0.12376458451928597,68,68,318.3235294117647,300.5,0.5365867268935588,0.8823529411764706,6.579231274557395e-05,1.0182576423212202e+25,7980704.982017845,0,2026-01-29 00:00:00+00:00,1,14.895833333333334
1769648400000,213,0.3111637034921293,212.19278434044708,2193241.7881457373,0.3558915517497976,104,0.48826291079812206,0.33990907060874037,62,0.29107981220657275,0.17580435714214684,46,0.215962441314554,0.10378465556393297,1.0,0.004694835680751174,,,0.0,0.22033460853799586,0.13555694321180176,104,104,287.59615384615387,290.5,0.5111221120999145,0.9038461538461539,6.964033049507815e-05,1.0271016703818615e+25,8595566.979523432,1,2026-01-29 00:00:00+00:00,1,14.9375
1769652000000,296,0.37004192706729205,343.9505029773384,3343747.5224998496,0.3515366111853685,117,0.3952702702702703,0.4228318226999312,85,0.28716216216216217,0.3502221723802863,92,0.3108108108108108,0.12074105737491875,2.0,0.006756756756756757,,,0.0,0.2182149015541589,0.13332170963120957,117,117,317.4102564102564,321.0,0.5356730347358973,0.9145299145299145,8.398719472494893e-05,1.0418736219427173e+25,14091445.33050705,2,2026-01-29 00:00:00+00:00,1,14.979166666666666
1769655600000,275,0.36365306786147705,324.57907857982656,2969141.5160895255,0.38940777920158987,117,0.4254545454545455,0.45324309572049876,77,0.28,0.24585365300555176,78,0.28363636363636363,0.12252673013624178,3.0,0.01090909090909091,,,0.0,0.24834293443181024,0.14106484476977962,117,117,348.2564102564103,351.0,0.5718302447845846,0.8034188034188035,8.380525642551692e-05,1.044236541659134e+25,12499183.311228167,3,2026-01-29 00:00:00+00:00,1,15.020833333333334
1769659200000,163,0.3061719294120413,149.0286805191189,1422460.0610642608,0.32612012010627506,58,0.3558282208588957,0.3605746552044273,50,0.3067484662576687,0.23994601479608613,54,0.3312883435582822,0.005239968788762491,1.0,0.006134969325153374,,,0.0,0.24340909489312007,0.082711025213155,58,58,312.9655172413793,291.5,0.5368354634190224,0.8275862068965517,5.493877177777308e-05,1.0396115716336368e+25,6846304.27485632,4,2026-01-29 00:00:00+00:00,1,15.0625
1769662800000,160,0.3203577881475761,165.6789395018214,1476934.8124766217,0.3236445927420045,66,0.4125,0.43240243375320825,37,0.23125,0.24579812895723976,51,0.31875,0.22701805949199103,6.0,0.0375,,,0.0,0.21594978784665386,0.10769480489535063,66,66,322.8787878787879,330.0,0.5466612728505714,0.8939393939393939,4.843034272114869e-05,1.0413478722247235e+25,6551531.218430846,5,2026-01-29 00:00:00+00:00,1,15.104166666666666
1769666400000,89,0.27868465242853374,78.22185275868733,728154.2145669283,0.2774222431231052,25,0.2808988764044944,0.3252378766874293,31,0.34831460674157305,0.25125526011056937,30,0.33707865168539325,0.0824486691448272,3.0,0.033707865168539325,,,0.0,0.19744239860963828,0.07997984451346696,25,25,377.48,393.0,0.5963257863091118,0.8,3.871667306102781e-05,1.0430214242495025e+25,4449824.539304362,6,2026-01-29 00:00:00+00:00,1,15.145833333333334
1769670000000,202,0.2567538121286986,161.59442521516715,1523652.061930033,0.237382125429641,64,0.31683168316831684,0.2785260704412278,64,0.31683168316831684,0.26654801018180974,67,0.3316831683168317,0.1410612617257509,7.0,0.034653465346534656,,,0.0,0.21665578487769804,0.020726340551942973,64,64,304.59375,252.0,0.514986909141596,0.859375,5.691739978317399e-05,1.0085423997257457e+25,8212878.3487722045,7,2026-01-29 00:00:00+00:00,1,15.1875
1769673600000,209,0.21885743394080412,137.40768740854637,1335284.968202799,0.21765762975531427,40,0.19138755980861244,0.3018607261693205,62,0.2966507177033493,0.17432521480580515,104,0.49760765550239233,0.06323704703796072,3.0,0.014354066985645933,,,0.0,0.15134947950426553,0.06630815025104875,40,40,252.525,234.5,0.47534492744812373,0.925,4.416967216370896e-05,1.0145233001519969e+25,11548376.614856042,8,2026-01-29 00:00:00+00:00,1,15.229166666666666
1769677200000,51,0.20680555471319725,31.06591664976913,314362.467913153,0.23424910624495404,14,0.27450980392156865,0.21842987948657686,23,0.45098039215686275,0.12848614963948854,12,0.23529411764705882,0.3509373895392862,2.0,0.0392156862745098,,,0.0,0.21054616770437698,0.023702938540577055,14,14,269.85714285714283,187.0,0.48469845274201034,0.8571428571428571,4.6361048899791116e-05,1.0159917147106347e+25,8513057.318397056,9,2026-01-29 00:00:00+00:00,1,15.270833333333334
1769680800000,225,0.3723981099280882,335.03069443283334,2300161.968119717,0.30839409394521905,56,0.24888888888888888,0.4343463985415515,72,0.32,0.37205023608619364,94,0.4177777777777778,0.09128086193122081,3.0,0.013333333333333334,,,0.0,0.37603678173931726,-0.06764268779409817,56,56,303.9642857142857,319.5,0.5219642458764256,0.9107142857142857,6.539135016137152e-05,1.0314709749070972e+25,21877546.003098756,10,2026-01-29 00:00:00+00:00,1,15.3125
1769684400000,145,0.27678334678484956,132.09568526167175,1288392.8842061684,0.25650844462199535,54,0.3724137931034483,0.3641701207256495,42,0.2896551724137931,0.23904297279346715,42,0.2896551724137931,0.13531133520179084,7.0,0.04827586206896552,,,0.0,0.13855849700748182,0.11794994761451351,54,54,247.83333333333334,234.0,0.4696271648043461,0.9259259259259259,4.8113875001497106e-05,1.1072672939042072e+25,7204508.453881809,11,2026-01-29 00:00:00+00:00,1,15.354166666666666
1769688000000,102,0.26601066091531633,82.9019460627748,766534.3835177169,0.2727638478627187,28,0.27450980392156865,0.31609959042545926,41,0.4019607843137255,0.2092495334909652,28,0.27450980392156865,0.1353259056030573,5.0,0.049019607843137254,,,0.0,0.172590344561329,0.10017350330138967,28,28,337.85714285714283,303.5,0.5349659884150058,0.8214285714285714,5.200724948144945e-05,1.0361618496572246e+25,5469589.670052541,12,2026-01-29 00:00:00+00:00,1,15.395833333333334
1769691600000,84,0.25150792704770664,67.79624304822569,654802.9638767616,0.35815529816268077,35,0.4166666666666667,0.2032290236161739,24,0.2857142857142857,0.1567675965709743,23,0.27380952380952384,0.05403957419647472,2.0,0.023809523809523808,,,0.0,0.2812425880037408,0.07691271015894,35,35,325.0857142857143,370.0,0.5463228716519403,0.8857142857142857,3.405753111757664e-05,1.037403571883222e+25,3356241.7300308724,13,2026-01-29 00:00:00+00:00,1,15.4375
1769695200000,267,0.33312991336858494,264.3993153242963,2353250.0497756875,0.369198176076278,86,0.32209737827715357,0.4286061644125442,91,0.3408239700374532,0.21589774296238223,84,0.3146067415730337,0.00934539274510899,6.0,0.02247191011235955,,,0.0,0.18729978284072196,0.18189839323555598,86,86,289.24418604651163,312.0,0.5141127735198474,0.9069767441860465,9.037814308086037e-05,1.0008479058927778e+25,11320877.7883237,14,2026-01-29 00:00:00+00:00,1,15.479166666666666
1769698800000,1128,0.5437828495912674,1123.9649660723976,9072093.675828421,0.4597406944593664,302,0.26773049645390073,0.7781473158433924,407,0.3608156028368794,0.3768272728667035,406,0.3599290780141844,0.3728872523137532,13.0,0.01152482269503546,,,0.0,0.2183646260193935,0.24137606843997286,302,302,280.7317880794702,313.0,0.5024441585916241,0.9370860927152318,0.00021016864155503782,6.081753614713442e+24,33978880.601255886,15,2026-01-29 00:00:00+00:00,1,15.520833333333334
1769702400000,631,0.4420903203998688,494.84184339148084,4355576.344934042,0.4281435304587427,242,0.38351822503961963,0.5942106649532015,207,0.32805071315372425,0.2904998191088647,173,0.27416798732171155,0.23224238335057412,9.0,0.014263074484944533,,,0.0,0.2217816792852541,0.20636185117348863,242,242,284.89669421487605,300.5,0.5119905319404596,0.9297520661157025,0.00013189565324107656,5.883839798706206e+24,17409399.312806066,16,2026-01-29 00:00:00+00:00,1,15.5625
1769706000000,507,0.3465758588475984,331.22870696601905,3161895.869438738,0.36143367318418096,234,0.46153846153846156,0.45559788986200067,136,0.2682445759368836,0.2096378609201252,125,0.2465483234714004,0.24770293953219144,12.0,0.023668639053254437,,,0.0,0.14931858276474555,0.21211509041943538,234,234,304.6880341880342,299.5,0.5268483582052498,0.9102564102564102,0.00010553357542744923,6.151044703429629e+24,13806081.982253663,17,2026-01-29 00:00:00+00:00,1,15.604166666666666
1769709600000,632,0.41767638783263017,490.59706468451213,4182001.8852328365,0.3901274001791514,251,0.3971518987341772,0.5648123818811163,193,0.30537974683544306,0.3008074382126728,179,0.28322784810126583,0.35513094690348834,9.0,0.014240506329113924,,,0.0,0.20650351151509516,0.18362388866405618,251,251,313.9721115537849,324.0,0.530951265338945,0.8804780876494024,0.00015849140629964012,6.095404592858042e+24,14074254.430602338,18,2026-01-29 00:00:00+00:00,1,15.645833333333334
1769713200000,569,0.461300034243447,489.1673395014803,4042867.089843954,0.42124168845396603,247,0.43409490333919154,0.6580143343547251,168,0.29525483304042177,0.31548443180456687,144,0.2530755711775044,0.24568560849402926,10.0,0.01757469244288225,,,0.0,0.19712611028312627,0.22411557817083982,247,247,294.9514170040486,293.0,0.5220315605435185,0.9271255060728745,0.00013391890869111328,5.929351853920845e+24,12726898.75493127,19,2026-01-29 00:00:00+00:00,1,15.6875
1769716800000,282,0.36866697569331164,183.21490897961368,1688410.0012220235,0.41085606758159915,122,0.4326241134751773,0.41338287489419945,98,0.3475177304964539,0.20705600975412602,60,0.2127659574468085,0.45238228783983736,2.0,0.0070921985815602835,,,0.0,0.24151951262077698,0.1693365549608222,122,122,330.5081967213115,343.0,0.5520673357282918,0.8852459016393442,8.149135621525165e-05,6.083239234077635e+24,5616483.227159305,20,2026-01-29 00:00:00+00:00,1,15.729166666666666
1769720400000,325,0.37050850329281443,231.92119335894216,2089098.673023031,0.40045375403099553,154,0.47384615384615386,0.42038194352967156,101,0.31076923076923074,0.24089512873466443,67,0.20615384615384616,0.04894517589067718,3.0,0.009230769230769232,,,0.0,0.23894168466783386,0.1615120693631617,154,154,327.3766233766234,331.0,0.554346865948895,0.8766233766233766,7.026731885446514e-05,6.218111582137145e+24,6143384.800132609,21,2026-01-29 00:00:00+00:00,1,15.770833333333334
1769724000000,117,0.37359093646266195,83.1356561467908,774358.1678689299,0.35686742819109735,56,0.47863247863247865,0.46755582645003047,33,0.28205128205128205,0.33157156174077784,24,0.20512820512820512,0.08462595820008051,4.0,0.03418803418803419,,,0.0,0.2558051088468588,0.10106231934423852,56,56,343.69642857142856,362.0,0.5686481605402137,0.8571428571428571,5.3916411437979576e-05,6.219548260069374e+24,2769458.3665818167,22,2026-01-29 00:00:00+00:00,1,15.8125
1769727600000,155,0.3679433250545178,103.80309353363252,967933.2403838774,0.4199444308841869,79,0.5096774193548387,0.3825451301050204,44,0.2838709677419355,0.2317745911612173,29,0.1870967741935484,0.10071882510109903,3.0,0.01935483870967742,,,0.0,0.26082257358205,0.15912185730213693,79,79,345.7848101265823,346.0,0.573879881292798,0.8227848101265823,4.847669549047805e-05,6.3761734662615e+24,2856607.901015114,23,2026-01-29 00:00:00+00:00,1,15.854166666666666
1769731200000,269,0.31584662868538405,230.26704535297094,2153602.9787792307,0.3350922126721512,136,0.5055762081784386,0.39253518838592266,69,0.25650557620817843,0.20049910713585628,61,0.22676579925650558,0.024942886346617333,3.0,0.011152416356877323,,,0.0,0.2078623191957522,0.12722989347639904,136,136,336.9852941176471,349.5,0.5631782679428196,0.8676470588235294,6.511275533392287e-05,8.926280849430044e+24,6458673.6283525955,0,2026-01-30 00:00:00+00:00,1,15.895833333333334
1769734800000,588,0.6068261682647222,1154.5933720650535,7820613.887843262,0.5239615352000042,209,0.3554421768707483,0.8967915509496378,197,0.33503401360544216,0.3934680029509788,179,0.304421768707483,0.06903933918397101,3.0,0.00510204081632653,,,0.0,0.24878392820004044,0.2751776069999638,209,209,307.79904306220095,330.0,0.53978293105343,0.9186602870813397,0.00025466306821014806,9.76616838049204e+24,39610440.800576225,1,2026-01-30 00:00:00+00:00,1,15.9375
1769738400000,808,0.47368923255430195,939.4976797004231,7786361.451463308,0.4340331618186269,268,0.3316831683168317,0.6779241914388134,274,0.33910891089108913,0.3077436402334952,261,0.32301980198019803,0.06953879626137112,5.0,0.006188118811881188,,,0.0,0.21141816919611123,0.2226149926225156,268,268,301.57835820895525,333.0,0.52869842657505,0.9328358208955224,0.00016310766940305188,8.110349399897289e+24,26077906.305287566,2,2026-01-30 00:00:00+00:00,1,15.979166666666666
1769742000000,417,0.4722476681032057,542.1516128651105,4392474.285458441,0.5080825417045931,164,0.3932853717026379,0.543444256170869,155,0.37170263788968827,0.2632250134437769,93,0.22302158273381295,0.9775909605455055,5.0,0.011990407673860911,,,0.0,0.2692386534388901,0.23884388826570296,164,164,343.9817073170732,356.0,0.567825639215859,0.7865853658536586,7.49805672940576e-05,9.073077513786925e+24,17609568.221213944,3,2026-01-30 00:00:00+00:00,1,16.020833333333332
1769745600000,303,0.3712138476409557,306.63543993484836,2674166.08338607,0.3946282525063378,110,0.36303630363036304,0.3805747257758492,117,0.38613861386138615,0.3255578873282362,75,0.24752475247524752,0.12460359412036577,1.0,0.0033003300330033004,,,0.0,0.28351036041800126,0.1111178920883365,110,110,320.90909090909093,293.5,0.5369435635205003,0.8727272727272727,7.182983888197896e-05,9.086098439988527e+24,9262729.383192036,4,2026-01-30 00:00:00+00:00,1,16.0625
1769749200000,251,0.35064318149178236,206.5491060665423,1892113.3700326064,0.3988601209944818,87,0.3466135458167331,0.39702181156080085,87,0.3466135458167331,0.26294379079819724,70,0.2788844621513944,0.05194929517913945,7.0,0.027888446215139442,,,0.0,0.22980000399704398,0.16906011699743786,87,87,305.0689655172414,323.0,0.5274874294462234,0.8735632183908046,5.9546811589916856e-05,8.197280268703239e+24,6402317.245448795,5,2026-01-30 00:00:00+00:00,1,16.104166666666668
1769752800000,314,0.35438207486159284,274.91285207506564,2524343.880526582,0.40893180396330875,112,0.35668789808917195,0.40683964711738896,115,0.3662420382165605,0.21471352412190672,84,0.267515923566879,0.21770467263656215,3.0,0.009554140127388535,,,0.0,0.20725365681977848,0.20167814714353027,112,112,295.1517857142857,315.0,0.5199228643634971,0.9375,8.77515161330072e-05,8.25899282810771e+24,11093549.859641014,6,2026-01-30 00:00:00+00:00,1,16.145833333333332
1769756400000,384,0.3419591584885003,304.9283585668298,2770508.5573201147,0.3842363431939168,146,0.3802083333333333,0.3853087415624809,125,0.3255208333333333,0.22995524425044767,108,0.28125,0.4430103357827573,5.0,0.013020833333333334,,,0.0,0.263377662757711,0.1208586804362058,146,146,321.4931506849315,320.5,0.5508781044419641,0.8904109589041096,0.00010240641587916424,8.162318340715765e+24,9796461.28399344,7,2026-01-30 00:00:00+00:00,1,16.1875
1769760000000,434,0.38596293409808524,421.3274449608918,3459024.653469923,0.3516598052702468,159,0.3663594470046083,0.5173666489759701,129,0.29723502304147464,0.32030145311813674,138,0.31797235023041476,0.08151326404959386,8.0,0.018433179723502304,,,0.0,0.23012989467883846,0.12152991059140839,159,159,294.9622641509434,306.0,0.5216220045787212,0.8930817610062893,9.407905107673262e-05,8.154667227949813e+24,12486187.79808581,8,2026-01-30 00:00:00+00:00,1,16.229166666666668
1769763600000,335,0.39031254882657673,334.88491117898786,2954059.141327344,0.36116962795762086,136,0.4059701492537313,0.49622554963237253,102,0.3044776119402985,0.2886673902473368,89,0.2656716417910448,0.666153832518974,8.0,0.023880597014925373,,,0.0,0.2377046302553883,0.12346499770223252,136,136,298.24264705882354,308.0,0.5297206539396442,0.9338235294117647,0.0001143131253569609,8.658303666079823e+24,13993433.16015491,9,2026-01-30 00:00:00+00:00,1,16.270833333333332
1769767200000,369,0.37429705627752813,362.8265891855115,3219188.3378876885,0.3650870516003879,157,0.4254742547425474,0.4485418972868725,114,0.3089430894308943,0.31939453657621847,89,0.24119241192411925,0.1374507354622309,9.0,0.024390243902439025,,,0.0,0.24720242881442797,0.11788462278595992,157,157,292.9872611464968,314.0,0.5223666430668695,0.910828025477707,8.325930219174202e-05,9.035178253318785e+24,10726327.438623851,10,2026-01-30 00:00:00+00:00,1,16.3125
1769770800000,344,0.4288795654842748,408.7245945946723,3169894.5549025987,0.365830070144937,134,0.38953488372093026,0.6130894017687357,118,0.3430232558139535,0.29561210749156863,82,0.23837209302325582,0.1928598904149545,10.0,0.029069767441860465,,,0.0,0.19510110899300634,0.17072896115193062,134,134,300.7313432835821,294.0,0.5270732504844146,0.8805970149253731,8.274033475251902e-05,8.921033276020696e+24,9657268.43840978,11,2026-01-30 00:00:00+00:00,1,16.354166666666668
1769774400000,246,0.3740125665200628,244.1802626823448,2173116.9794593444,0.4280616191681334,94,0.3821138211382114,0.39694179414964603,89,0.3617886178861789,0.26507672663131004,62,0.25203252032520324,0.006722431671214176,1.0,0.0040650406504065045,,,0.0,0.2507828546617148,0.17727876450641855,94,94,300.4574468085106,309.0,0.517683432438021,0.8191489361702128,7.214140182233348e-05,8.760142959624811e+24,7216729.00750721,12,2026-01-30 00:00:00+00:00,1,16.395833333333332
1769778000000,370,0.47810631390082126,448.9434750055701,3609393.2505782386,0.46177953095583213,119,0.3216216216216216,0.641867142794853,134,0.3621621621621622,0.2963860681247559,107,0.2891891891891892,0.42240655357006585,10.0,0.02702702702702703,,,0.0,0.29186950455748273,0.16991002639834943,119,119,282.73949579831935,285.0,0.5057642487830969,0.8991596638655462,0.00016396405895404044,8.246897081140426e+24,17815966.830380403,13,2026-01-30 00:00:00+00:00,1,16.4375
1769781600000,686,0.4516101200115426,789.8302349523788,6737648.099578091,0.43431358613896687,294,0.42857142857142855,0.5988503035561232,237,0.3454810495626822,0.2642572358171788,150,0.21865889212827988,0.11004813753678984,5.0,0.007288629737609329,,,0.0,0.1961570525972512,0.23815653354171565,294,294,302.0816326530612,310.0,0.52740611123511,0.9047619047619048,0.0001431662311515276,8.497097105993269e+24,20170210.11173269,14,2026-01-30 00:00:00+00:00,1,16.479166666666668
1769785200000,762,0.4426976963778688,867.9802990870253,7482736.492847538,0.40233121206406736,360,0.47244094488188976,0.6273415712898934,220,0.2887139107611549,0.29876692187268333,175,0.22965879265091863,0.31386446933937473,7.0,0.009186351706036745,,,0.0,0.21308139008793578,0.18924982197613158,360,360,289.14444444444445,326.5,0.514076089544251,0.9333333333333333,0.0001538514275873338,8.689607732526456e+24,23916010.874018695,15,2026-01-30 00:00:00+00:00,1,16.520833333333332
1769788800000,685,0.3728160615045971,667.760705424916,6233747.8738621175,0.35634817945654546,302,0.4408759124087591,0.5138766367162595,203,0.29635036496350364,0.24240005992798447,174,0.25401459854014596,0.21121404231705473,6.0,0.008759124087591242,,,0.0,0.20664029724706412,0.14970788220948136,302,302,287.1788079470199,295.0,0.5101531831412628,0.9139072847682119,0.00013151841345459896,8.733615570538091e+24,20003273.1623075,16,2026-01-30 00:00:00+00:00,1,16.5625
1769792400000,424,0.3610266563566278,379.12842610753125,3389228.740934362,0.3646385561811843,152,0.3584905660377358,0.44063170603404606,154,0.3632075471698113,0.25875189181250047,114,0.2688679245283019,0.07381083995050637,4.0,0.009433962264150943,,,0.0,0.22066339647020652,0.14397515971097777,152,152,335.4342105263158,357.0,0.5574190810411058,0.8092105263157895,8.072000359698176e-05,8.45338612504047e+24,12659946.255881999,17,2026-01-30 00:00:00+00:00,1,16.604166666666668
1769796000000,770,0.6040317436454345,1451.295949092024,9226067.24884914,0.46772939807959074,277,0.35974025974025975,0.915246707701242,272,0.35324675324675325,0.397929818493381,211,0.274025974025974,0.2633103142096757,10.0,0.012987012987012988,,,0.0,0.2506366985480486,0.21709269953154214,277,277,306.6462093862816,309.0,0.5317460161899502,0.8844765342960289,0.00020494438336491193,8.703108760759184e+24,45966014.60450488,18,2026-01-30 00:00:00+00:00,1,16.645833333333332
1769799600000,674,0.43731970421503513,788.8416424334124,6692302.450365073,0.3951446074735767,303,0.4495548961424332,0.6408354338269949,182,0.27002967359050445,0.2995994654677825,178,0.26409495548961426,0.460355524241962,11.0,0.016320474777448073,,,0.0,0.23541880814706853,0.15972579932650818,303,303,294.6600660066007,314.0,0.5217186738577545,0.9273927392739274,0.00010005420779352855,8.730410203962589e+24,26332441.201642126,19,2026-01-30 00:00:00+00:00,1,16.6875
1769803200000,738,0.48248192985257427,927.4979776219373,7669778.962773633,0.427124339866411,312,0.42276422764227645,0.691121829516899,251,0.34010840108401086,0.2870038450673869,166,0.22493224932249323,0.1882947447724075,9.0,0.012195121951219513,,,0.0,0.22533563364612247,0.20178870622028855,312,312,277.875,291.5,0.5042410856815853,0.9326923076923077,0.00019209366595084943,8.627522873969907e+24,27024530.999118228,20,2026-01-30 00:00:00+00:00,1,16.729166666666668
1769806800000,440,0.5338447876172505,698.2332595727736,5063401.329746697,0.49740472792839285,186,0.42272727272727273,0.7254838007187226,150,0.3409090909090909,0.31420683915044306,101,0.22954545454545455,0.6056554316353407,3.0,0.006818181818181818,,,0.0,0.24006204775110526,0.25734268017728756,186,186,307.3279569892473,330.5,0.5375576372637502,0.9086021505376344,0.00013990957427297484,8.678546833419543e+24,15981406.905292185,21,2026-01-30 00:00:00+00:00,1,16.770833333333332
1769810400000,251,0.39245777655863223,251.7106965475056,2312978.941935833,0.38819861397240685,116,0.46215139442231074,0.47835910572549817,75,0.29880478087649404,0.29056906098521584,55,0.21912350597609562,0.3235262823636517,5.0,0.0199203187250996,,,0.0,0.26760269099478995,0.12059592297761693,116,116,322.67241379310343,332.5,0.5433449811995681,0.8793103448275862,6.372362309551057e-05,8.682407795473188e+24,7775988.268763023,22,2026-01-30 00:00:00+00:00,1,16.8125
1769814000000,173,0.46940150536378505,208.55878596963518,1787971.7535758405,0.4644097583907664,91,0.5260115606936416,0.5286990365985191,55,0.3179190751445087,0.35979204827315575,23,0.1329479768786127,0.3978770727934852,4.0,0.023121387283236993,,,0.0,0.294155474584683,0.17025428380608337,91,91,307.3296703296703,331.0,0.5339205886117874,0.8901098901098901,6.481585290280109e-05,8.729812935262794e+24,4979296.327254077,23,2026-01-30 00:00:00+00:00,1,16.854166666666668
1769817600000,263,0.3915215490175556,271.68998366388126,2324291.0677624973,0.4580649351669368,127,0.4828897338403042,0.43700855927704346,62,0.23574144486692014,0.245621761505267,67,0.25475285171102663,0.17781884705522466,7.0,0.026615969581749048,,,0.0,0.28751588176903503,0.17054905339790175,127,127,331.33858267716533,329.0,0.5513999968974611,0.7874015748031497,6.189342879335637e-05,8.90775120201488e+24,6333108.078591249,0,2026-01-31 00:00:00+00:00,1,16.895833333333332
1769821200000,199,0.3650569595071782,211.13324962835358,1770664.5776179181,0.4081230104819333,86,0.4321608040201005,0.4157439998950583,75,0.3768844221105528,0.16677329936992213,31,0.15577889447236182,0.17099768112646374,7.0,0.035175879396984924,,,0.0,0.2589178624587919,0.14920514802314136,86,86,328.3837209302326,325.0,0.5609567255430602,0.8488372093023255,6.421157482355556e-05,8.955786462902199e+24,6058198.568256196,1,2026-01-31 00:00:00+00:00,1,16.9375
1769824800000,140,0.2769045394315305,106.0820630822319,1046597.1335788411,0.31257600246205375,66,0.4714285714285714,0.28484644697982964,45,0.32142857142857145,0.19207440104172055,25,0.17857142857142858,0.12916730444584384,4.0,0.02857142857142857,,,0.0,0.23626771216998924,0.07630829029206447,66,66,332.9848484848485,348.5,0.5518191708428732,0.8484848484848485,5.4785663475702185e-05,8.897966851062069e+24,5386134.370164467,2,2026-01-31 00:00:00+00:00,1,16.979166666666668
1769828400000,119,0.4143201096042973,129.3844750318819,1127551.0384228139,0.4672658880068186,58,0.48739495798319327,0.42374419249144,42,0.35294117647058826,0.23186397125660113,19,0.15966386554621848,,,0.0,,,0.0,0.3765605197409685,0.09070536826585011,58,58,395.41379310344826,393.0,0.6111832870421483,0.7068965517241379,4.649676875249091e-05,8.944093604315337e+24,3835753.884536193,3,2026-01-31 00:00:00+00:00,1,17.020833333333332
1769832000000,109,0.22927289810177376,67.30227020102569,640858.5027327181,0.2518817839410572,35,0.3211009174311927,0.22447649529106817,42,0.3853211009174312,0.14384172967810507,29,0.26605504587155965,0.8584868307554755,3.0,0.027522935779816515,,,0.0,0.154742721284796,0.09713906265626118,35,35,299.9142857142857,296.0,0.5267081090818868,0.8857142857142857,4.035367750398343e-05,8.927297079292623e+24,4202186.362043889,4,2026-01-31 00:00:00+00:00,1,17.0625
1769835600000,115,0.37043409505298247,114.84894827554834,966956.9763892117,0.40149755778187834,47,0.40869565217391307,0.3846195501144831,51,0.4434782608695652,0.23779925001399332,16,0.1391304347826087,0.3091506592821655,1.0,0.008695652173913044,,,0.0,0.176815341580459,0.22468221620141934,47,47,342.4468085106383,343.0,0.5649018216864661,0.8297872340425532,4.399134940543898e-05,8.919977836521458e+24,4362651.499452016,5,2026-01-31 00:00:00+00:00,1,17.104166666666668
1769839200000,143,0.2999982019975456,107.51303703342161,979821.0900661051,0.335182628751097,51,0.35664335664335667,0.3970031969944923,47,0.32867132867132864,0.1707234460763366,41,0.2867132867132867,0.036654317868035365,4.0,0.027972027972027972,,,0.0,0.2476211007939488,0.08756152795714821,51,51,329.1372549019608,304.0,0.5503591335995426,0.7843137254901961,5.2785972304293526e-05,8.855222111120229e+24,4286476.879435502,6,2026-01-31 00:00:00+00:00,1,17.145833333333332
1769842800000,125,0.24824079190148923,77.00190249351294,743179.5252223491,0.35350006336324125,33,0.264,0.26705010961193754,44,0.352,0.1631606962793112,39,0.312,0.13901387987564495,9.0,0.072,,,0.0,0.20715620661599746,0.14634385674724382,33,33,290.45454545454544,305.0,0.522441390329549,0.9696969696969697,5.1989180424907795e-05,8.587881472302955e+24,5979094.089240356,7,2026-01-31 00:00:00+00:00,1,17.1875
1769846400000,387,0.4132166267534571,408.3856577739939,3619473.8497921163,0.4574426631438318,146,0.3772609819121447,0.4701697078680247,133,0.34366925064599485,0.2890290529606297,102,0.26356589147286824,0.18577853102615663,6.0,0.015503875968992248,,,0.0,0.23182093672592727,0.22562172641790457,146,146,293.8767123287671,316.5,0.520575452651798,0.9315068493150684,0.0001122448814199547,8.746391988118082e+24,18268374.688214302,8,2026-01-31 00:00:00+00:00,1,17.229166666666668
1769850000000,349,0.41620457194657695,401.309425167445,3298756.48880881,0.4353386592925498,152,0.4355300859598854,0.5506522730418375,111,0.31805157593123207,0.19749904295299298,80,0.22922636103151864,0.3602656088340659,6.0,0.017191977077363897,,,0.0,0.28078191667922064,0.15455674261332916,152,152,320.64473684210526,343.0,0.5460410096035845,0.868421052631579,8.39621175181287e-05,9.001882833118534e+24,10546945.625544233,9,2026-01-31 00:00:00+00:00,1,17.270833333333332
1769853600000,184,0.43535135442011663,212.22329093044047,1915864.9437272437,0.4814599674443553,85,0.46195652173913043,0.48526164949640377,65,0.3532608695652174,0.23574417773244372,32,0.17391304347826086,0.04736553791340277,2.0,0.010869565217391304,,,0.0,0.2696107116207813,0.211849255823574,85,85,334.61176470588236,343.0,0.5620191119874873,0.8705882352941177,5.734114423137462e-05,9.128974117214936e+24,5979507.47405292,10,2026-01-31 00:00:00+00:00,1,17.3125
1769857200000,102,0.38695284032309873,100.11487183524517,912632.6833643923,0.4822746396902006,42,0.4117647058823529,0.43787779529816306,34,0.3333333333333333,0.1729610552867253,25,0.24509803921568626,0.0017834236619726572,1.0,0.00980392156862745,,,0.0,0.317333580221347,0.16494105946885357,42,42,379.1190476190476,398.0,0.6000280447493921,0.7619047619047619,6.22658748760816e-05,9.199612862580934e+24,5152064.360368582,11,2026-01-31 00:00:00+00:00,1,17.354166666666668
1769860800000,191,0.34348329993948346,181.94558286579158,1630356.3457790276,0.3587274956468313,77,0.4031413612565445,0.40607988456018035,74,0.387434554973822,0.19833454165454983,40,0.2094240837696335,,,0.0,,,0.0,0.2313541726791579,0.12737332296767342,77,77,299.012987012987,305.0,0.5258279139762682,0.8831168831168831,6.954304707896495e-05,9.151926240169111e+24,8347207.178947215,12,2026-01-31 00:00:00+00:00,1,17.395833333333332
1769864400000,354,0.3979468744868214,381.55664772970636,3248333.6419903194,0.38034605289782947,165,0.4661016949152542,0.5204818085474855,122,0.3446327683615819,0.2206409217781787,65,0.18361581920903955,0.1378271409090423,2.0,0.005649717514124294,,,0.0,0.23886939724502912,0.14147665565280038,165,165,289.030303030303,293.0,0.5190595856285759,0.896969696969697,7.383922742344331e-05,8.994496037651964e+24,10529584.154964743,13,2026-01-31 00:00:00+00:00,1,17.4375
1769868000000,993,0.5812046877532613,1433.189782865271,11073417.74531761,0.5174512392546822,317,0.3192346424974824,0.8724550950563359,335,0.337361530715005,0.3595722086831975,332,0.33434038267875127,0.16153132984001906,9.0,0.00906344410876133,,,0.0,0.2257194889063062,0.29173175034837595,317,317,290.5078864353312,307.0,0.5169555658813836,0.9495268138801262,0.00023370713272105893,8.18049425482805e+24,50970362.21371882,14,2026-01-31 00:00:00+00:00,1,17.479166666666668
1769871600000,698,0.45737775943744596,758.7180975817773,6497657.467438785,0.45609505878337725,229,0.32808022922636104,0.6307940028836346,246,0.3524355300859599,0.2714180554319451,210,0.3008595988538682,0.20236855968163925,13.0,0.01862464183381089,,,0.0,0.25169633476282766,0.2043987240205496,229,229,296.9868995633188,309.0,0.521787175920245,0.9126637554585153,0.00017402834440418942,8.19881675295918e+24,25021389.821466953,15,2026-01-31 00:00:00+00:00,1,17.520833333333332
1769875200000,1035,0.6022292342144728,1309.5642087917215,10287608.937942004,0.5124449438779649,310,0.2995169082125604,0.8461209594394695,411,0.39710144927536234,0.3452426395926133,296,0.28599033816425123,0.80565495337638,18.0,0.017391304347826087,,,0.0,0.2943202381164434,0.21812470576152146,310,310,290.9451612903226,299.0,0.5187485606930456,0.9225806451612903,0.000267778459652338,7.060749198754748e+24,40960204.26931178,16,2026-01-31 00:00:00+00:00,1,17.5625
1769878800000,1473,0.7650567622079261,2257.7886531878034,11603631.714577692,0.5950462547988423,486,0.329938900203666,1.1899014036742126,516,0.35030549898167007,0.47537188558205606,453,0.3075356415478615,0.4668634686373607,18.0,0.012219959266802444,,,0.0,0.30766403842147,0.2873822163773723,486,486,294.14814814814815,305.5,0.524179439128219,0.9362139917695473,0.0003265714148068939,4.686894293884117e+24,51332940.01860776,17,2026-01-31 00:00:00+00:00,1,17.604166666666668
1769882400000,1281,0.7862734537468001,1420.9205050692274,9866593.19828788,0.6569341538648841,482,0.3762685402029664,1.2246338464165007,389,0.3036690085870414,0.5259906607693208,398,0.31069476971116317,0.40393190371401744,12.0,0.00936768149882904,,,0.0,0.40002278860031026,0.2569113652645738,482,482,284.9502074688797,302.0,0.5114010142185452,0.9377593360995851,0.0006077574240283731,4.2726732727653006e+24,44336107.65939617,18,2026-01-31 00:00:00+00:00,1,17.645833333333332
1769886000000,1281,0.5699201792483392,984.4171474499838,8236524.779138403,0.5553904682191674,552,0.4309133489461358,0.7591230038851204,396,0.3091334894613583,0.36374633571778764,315,0.2459016393442623,0.4610781039184031,18.0,0.01405152224824356,,,0.0,0.28403998973250694,0.2713504784866604,552,552,287.6123188405797,293.0,0.5142936182378074,0.927536231884058,0.00016649789557853412,4.6445690852669373e+24,24637102.056601074,19,2026-01-31 00:00:00+00:00,1,17.6875
1769889600000,881,0.5008513614838436,647.8646901431597,5516143.4483299805,0.47857030343293755,422,0.4790011350737798,0.7153682205200498,223,0.25312145289443816,0.3384271505992852,224,0.2542565266742338,0.32988220902963133,12.0,0.01362088535754824,,,0.0,0.275963444850897,0.2026068585820405,422,422,266.3981042654028,283.0,0.49247035902133524,0.9454976303317536,0.0001468004850786348,4.7859806905724656e+24,17041247.830474593,20,2026-01-31 00:00:00+00:00,1,17.729166666666668
1769893200000,865,0.5562796165308015,728.2630301279414,6015878.560222806,0.5718149935744176,475,0.5491329479768786,0.7231551799649435,235,0.27167630057803466,0.2437319642929145,142,0.16416184971098266,0.3860261638414934,13.0,0.015028901734104046,,,0.0,0.34226913566176953,0.22954585791264795,475,475,278.4505263157895,279.0,0.5018608776253602,0.9221052631578948,0.00014194246166885816,4.975359498754364e+24,16871054.99772235,21,2026-01-31 00:00:00+00:00,1,17.770833333333332
1769896800000,441,0.4642941388794591,561.6252083413463,4843707.134663624,0.4691968862253183,224,0.5079365079365079,0.5680332534882712,148,0.3356009070294785,0.2289409900477907,68,0.15419501133786848,0.01670389185626315,1.0,0.0022675736961451248,,,0.0,0.3288302093371042,0.14036667688821405,224,224,285.8169642857143,282.0,0.5144752796378427,0.9196428571428571,9.934398906270614e-05,1.0237579529165846e+25,15816080.971190829,22,2026-01-31 00:00:00+00:00,1,17.8125
1769900400000,661,0.5078185280613398,540.2101576073247,4384067.18191567,0.48214386864421843,273,0.4130105900151286,0.7061666327369799,194,0.2934947049924357,0.34761905857362835,175,0.264750378214826,0.32700573196394067,19.0,0.028744326777609682,,,0.0,0.31694913696903304,0.16519473167518542,273,273,291.2124542124542,293.0,0.5172137646529288,0.9084249084249084,0.00014207282763953352,5.24726641978643e+24,13870885.373326892,23,2026-01-31 00:00:00+00:00,1,17.854166666666668
1769904000000,619,0.4388065404886211,349.3789290150749,3138357.1274885237,0.46197377699939196,246,0.3974151857835218,0.5554105309016995,179,0.28917609046849757,0.29800599725622834,188,0.3037156704361874,0.42201448417182225,6.0,0.009693053311793215,,,0.0,0.2938950261893796,0.16807875081001233,246,246,293.8780487804878,293.0,0.5194341399328283,0.9065040650406504,0.0001077303362529526,4.514478178392079e+24,9778331.79004014,0,2026-02-01 00:00:00+00:00,1,17.895833333333332
1769907600000,501,0.4773718170254353,315.3865771330807,2716805.7927200207,0.5158360020185853,205,0.4091816367265469,0.5790769816757347,180,0.3592814371257485,0.22890689688361326,109,0.21756487025948104,0.6045987791410025,7.0,0.013972055888223553,,,0.0,0.36869485768530713,0.14714114433327807,205,205,321.9512195121951,339.0,0.5496057222698497,0.9024390243902439,0.00011832947276361936,4.5102526966896025e+24,8153522.674298498,1,2026-02-01 00:00:00+00:00,1,17.9375
1769911200000,450,0.4216548004702832,252.81328690863688,2266575.352835331,0.45614636711157835,165,0.36666666666666664,0.5214984144916246,153,0.34,0.255614337259077,126,0.28,0.41397428772579065,6.0,0.013333333333333334,,,0.0,0.3399999626686207,0.1161464044429577,165,165,316.23030303030305,322.0,0.5454395139359655,0.8787878787878788,0.00010270867170811688,4.6375442637681787e+24,8753908.115777593,2,2026-02-01 00:00:00+00:00,1,17.979166666666668
1769914800000,332,0.45849065556832486,235.30459721478374,1688265.407380257,0.49665595771026083,131,0.39457831325301207,0.6276820087183133,103,0.3102409638554217,0.23076915757495498,90,0.2710843373493976,0.21706201361343463,8.0,0.024096385542168676,,,0.0,0.2942254525819176,0.20243050512834315,131,131,332.37404580152673,334.0,0.5567205802383259,0.8473282442748091,8.835984198723285e-05,4.551839485406371e+24,6492705.2423505485,3,2026-02-01 00:00:00+00:00,1,18.020833333333332
1769918400000,310,0.464689713768334,188.0191400145713,1539359.48297847,0.6033498067636657,112,0.36129032258064514,0.5124311219945495,108,0.34838709677419355,0.23767601671379576,83,0.267741935483871,0.20128033542808504,7.0,0.02258064516129032,,,0.0,0.35148038545761434,0.2518694213060514,112,112,330.9642857142857,342.0,0.5559103089347083,0.8660714285714286,8.327262175303808e-05,4.555215238308824e+24,5806338.774061785,4,2026-02-01 00:00:00+00:00,1,18.0625
1769922000000,286,0.44092606125348527,164.3174875945779,1426632.5212415066,0.5122715130395097,129,0.45104895104895104,0.4806950236073562,80,0.27972027972027974,0.2903436356333328,71,0.24825174825174826,0.15863805297415165,6.0,0.02097902097902098,,,0.0,0.36832424194046115,0.14394727109904848,129,129,339.95348837209303,374.0,0.5634153943528015,0.8294573643410853,9.098738508293848e-05,4.5588595808045386e+24,5245064.798299918,5,2026-02-01 00:00:00+00:00,1,18.104166666666668
1769925600000,289,0.38074785387570764,147.4244935675927,1318945.1946323663,0.4774998226875477,114,0.3944636678200692,0.37905027285610865,104,0.35986159169550175,0.24518271335864153,62,0.21453287197231835,0.10873259760311009,9.0,0.031141868512110725,,,0.0,0.29311325022549206,0.18438657246205567,114,114,306.5,304.0,0.5305864954317452,0.8508771929824561,6.762317677972778e-05,4.5376830754251137e+24,5100754.542617133,6,2026-02-01 00:00:00+00:00,1,18.145833333333332
1769929200000,375,0.4183825063443578,269.43103127069116,2369627.4253927167,0.5125660310742104,142,0.37866666666666665,0.5000474112440079,110,0.29333333333333333,0.2411595581981849,117,0.312,0.1480299867612971,6.0,0.016,,,0.0,0.35591363378339,0.15665239729082042,142,142,319.72535211267603,333.0,0.5483850728816513,0.8661971830985915,0.00010645983348263574,6.114394087433509e+24,10411121.235224802,7,2026-02-01 00:00:00+00:00,1,18.1875
1769932800000,386,0.45184856453494465,232.3169233871436,1967677.701892,0.5783170754335201,139,0.3601036269430052,0.5089744966596578,121,0.3134715025906736,0.25334162375514613,115,0.2979274611398964,0.3006610543244499,11.0,0.02849740932642487,,,0.0,0.36341892884053517,0.2148981465929849,139,139,333.0575539568345,335.0,0.5572056450372264,0.8561151079136691,0.00010004926488765812,4.7992080531028533e+24,6865100.952212297,8,2026-02-01 00:00:00+00:00,1,18.229166666666668
1769936400000,359,0.41590381415566113,198.85455192673214,1760889.934853706,0.4111565674294158,165,0.4596100278551532,0.5985057439758498,98,0.27298050139275765,0.23373568317304327,86,0.2395543175487465,0.27138039935137387,10.0,0.027855153203342618,,,0.0,0.24720831755212225,0.16394824987729356,165,165,297.3575757575758,319.0,0.5223650928849036,0.9090909090909091,8.176475084580866e-05,4.5298539274320953e+24,5741172.615194243,9,2026-02-01 00:00:00+00:00,1,18.270833333333332
1769940000000,432,0.43181580160760163,331.34180812888104,2787579.5345831024,0.44549689650250934,188,0.4351851851851852,0.5330265785500075,125,0.28935185185185186,0.30388812969127077,119,0.27546296296296297,,,0.0,,,0.0,0.2495399958575198,0.19595690064498952,188,188,291.1276595744681,303.5,0.5200159776148955,0.9148936170212766,0.00010512219080051018,6.381329057171513e+24,10958085.797029195,10,2026-02-01 00:00:00+00:00,1,18.3125
1769943600000,398,0.4144260531157027,401.7028774578875,3445150.094597117,0.3957318856558187,176,0.44221105527638194,0.5597808429337272,108,0.271356783919598,0.2893588749313842,108,0.271356783919598,0.5976112891989228,6.0,0.01507537688442211,,,0.0,0.26177133986282336,0.1339605457929953,176,176,311.6818181818182,337.5,0.5392878666422195,0.8920454545454546,9.367468946687065e-05,8.454695707677877e+24,12523077.436839784,11,2026-02-01 00:00:00+00:00,1,18.354166666666668
1769947200000,284,0.4871931093484849,348.1050419875733,2756593.0847000834,0.5352834959519669,134,0.47183098591549294,0.5985323261547424,79,0.27816901408450706,0.26216328543233564,66,0.2323943661971831,0.4096047985294735,5.0,0.017605633802816902,,,0.0,0.23319063858163208,0.3020928573703348,134,134,302.2686567164179,310.5,0.5347984995945911,0.8955223880597015,9.044692104282422e-05,8.448111277968425e+24,9445728.530009069,12,2026-02-01 00:00:00+00:00,1,18.395833333333332
1769950800000,378,0.42666515287519285,394.0477132991524,3545008.5706856973,0.46069978796965094,177,0.46825396825396826,0.5502045647274018,95,0.25132275132275134,0.25823878222414753,99,0.2619047619047619,0.2714988895572749,7.0,0.018518518518518517,,,0.0,0.3279478767778908,0.13275191119176016,177,177,311.73446327683615,325.0,0.5313832839435575,0.8870056497175142,9.494844342200904e-05,8.411512281397549e+24,12166397.032256138,13,2026-02-01 00:00:00+00:00,1,18.4375
1769954400000,1333,0.8081667002450361,769.8830094857367,6271565.824502568,0.666870954998541,424,0.31807951987997,1.081097758873978,422,0.31657914478619653,0.6468032754781302,427,0.32033008252063017,1.0354112272211917,60.0,0.0450112528132033,,,0.0,0.3539373587776036,0.3129335962209374,424,424,297.67216981132077,313.0,0.5241274457412125,0.9150943396226415,0.00022768686005541315,4.338044735956266e+24,21855998.990822244,14,2026-02-01 00:00:00+00:00,1,18.479166666666668
1769958000000,1966,0.9241143560755387,377.20626981791037,2799430.0292333267,0.7707360426955806,510,0.25940996948118006,1.3484643530645284,545,0.27721261444557477,0.7412114174316179,794,0.40386571719226855,0.8572521744349609,117.0,0.0595116988809766,,,0.0,0.3203312258827441,0.45040481681283645,510,510,298.68823529411765,306.5,0.5242218431212649,0.9117647058823529,0.00020915870210126797,1.0920843321639555e+24,8230227.403744982,15,2026-02-01 00:00:00+00:00,1,18.520833333333332
1769961600000,1733,0.7874075279648811,162.12675055069263,1243217.0203450483,0.7460551073293412,519,0.2994806693594922,1.1569190760368764,463,0.2671667628390075,0.5399730057400745,638,0.3681477207155222,0.8603392512563677,113.0,0.06520484708597807,,,0.0,0.28449237948337947,0.46156272784596175,519,519,321.0635838150289,329.0,0.5461819338405702,0.8400770712909441,0.0002294871631304812,3.927609949756867e+23,3912308.121050462,16,2026-02-01 00:00:00+00:00,1,18.5625
1769965200000,1181,0.6599285225557915,99.76071444800911,838551.3369325793,0.622859605548877,324,0.2743437764606266,0.9560727340218339,314,0.26587637595258257,0.4928284761368852,452,0.3827265029635902,0.6000413543277541,91.0,0.07705334462320068,,,0.0,0.2892833060105616,0.3335762995383153,324,324,295.73148148148147,289.5,0.5179216068579222,0.8641975308641975,0.00013502630471153793,4.2251503217238565e+23,2933423.4911223566,17,2026-02-01 00:00:00+00:00,1,18.604166666666668
1769968800000,744,0.5454616974361495,878.3417451125189,7540125.308428631,0.5184013925084083,362,0.48655913978494625,0.8151264675541985,201,0.2701612903225806,0.29917164880270286,169,0.2271505376344086,0.3134808482000622,12.0,0.016129032258064516,,,0.0,0.2112014415058929,0.3071999510025154,362,362,285.5662983425414,293.0,0.5138190683282983,0.9419889502762431,0.0001514430337744337,7.516670289126572e+24,23342195.1200311,18,2026-02-01 00:00:00+00:00,1,18.645833333333332
1769972400000,506,0.5083905709613271,341.3722862919603,3005975.8671582746,0.4951520145413132,218,0.4308300395256917,0.7402899832613296,118,0.233201581027668,0.3393505694922781,157,0.3102766798418972,0.6669409462539014,13.0,0.025691699604743084,,,0.0,0.21663534169847687,0.2785166728428363,218,218,288.8256880733945,289.0,0.5159582156400196,0.9220183486238532,0.00010664137054224502,5.52958642113542e+24,8797721.872414805,19,2026-02-01 00:00:00+00:00,1,18.6875
1769976000000,757,0.6256640356083165,401.2998136677091,3242622.352442648,0.5785063026368866,329,0.4346103038309115,0.8990822480412879,196,0.25891677675033026,0.44897890425376724,208,0.2747688243064729,0.5704736952951622,24.0,0.031704095112285335,,,0.0,0.2960598413937743,0.2824464612431123,329,329,297.18844984802433,308.0,0.52316896303221,0.9027355623100304,0.0001538394435495782,3.405548412168997e+24,9460595.085206956,20,2026-02-01 00:00:00+00:00,1,18.729166666666668
1769979600000,1128,0.7060153709670441,137.23246942179154,1144370.9305373335,0.638873381111785,500,0.4432624113475177,1.098975999814041,249,0.22074468085106383,0.5117784870379196,304,0.2695035460992908,0.6363061850894607,75.0,0.06648936170212766,,,0.0,0.29250822933101744,0.34636515178076754,500,500,294.296,299.5,0.5168897108023149,0.892,0.0001599361252377765,6.427924205734115e+23,2895528.299183286,21,2026-02-01 00:00:00+00:00,1,18.770833333333332
1769983200000,886,0.6208952751228412,783.8372469932613,6613754.779414327,0.6365578184080417,438,0.49435665914221216,0.8300682785445535,239,0.2697516930022573,0.33208473140940475,189,0.21331828442437922,0.5075278243794621,20.0,0.022573363431151242,,,0.0,0.33504181709738745,0.30151600131065415,438,438,294.06392694063925,299.5,0.5197745557364967,0.9041095890410958,0.00015006096188003538,6.316524156783516e+24,19263417.739067726,22,2026-02-01 00:00:00+00:00,1,18.8125
1769986800000,1659,0.9537791304823251,967.9848205025963,7235769.21731029,0.8096653587446035,570,0.3435804701627486,1.3869315715083412,495,0.298372513562387,0.695591035277938,537,0.32368896925858953,1.0657334937696823,57.0,0.034358047016274866,,,0.0,0.26307578816088784,0.5465895705837156,570,570,299.8122807017544,308.5,0.5262126338999842,0.9192982456140351,0.0003346888821653504,2.9218571311735403e+24,22008899.616752297,23,2026-02-01 00:00:00+00:00,1,18.854166666666668
1769990400000,1297,0.6357688894333573,1619.9234390858844,13276117.139113331,0.5486804324329708,592,0.456437933693138,0.9557778566247338,406,0.31303006939090205,0.3804747652072668,283,0.2181958365458751,0.2533290782154593,16.0,0.01233616037008481,,,0.0,0.23980951359076233,0.3088709188422085,592,592,280.9560810810811,298.0,0.508006054699956,0.9510135135135135,0.000204116459803671,6.935188530115604e+24,35839155.59798946,0,2026-02-02 00:00:00+00:00,1,18.895833333333332
1769994000000,1295,0.662882835781209,1738.5066635944036,14419253.851004176,0.6033928502086712,643,0.4965250965250965,0.9625385879387991,387,0.29884169884169887,0.3658790569050846,249,0.19227799227799228,0.42783443442554,16.0,0.012355212355212355,,,0.0,0.28249814670895035,0.3208947034997209,643,643,278.13374805598755,288.0,0.5053381409700259,0.9580093312597201,0.00022065923131279788,7.233512612349455e+24,38542165.040732734,1,2026-02-02 00:00:00+00:00,1,18.9375
1769997600000,1007,0.5601960820110463,1159.4781656076523,9910219.428542105,0.5013105882891419,537,0.5332671300893744,0.8293864102953482,304,0.3018867924528302,0.24379994994522342,160,0.15888778550148958,0.6287013254721409,6.0,0.005958291956305859,,,0.0,0.22054204724857104,0.28076854104057075,537,537,266.0,279.0,0.4943366981499572,0.9515828677839852,0.00015716446620126325,6.8290961291072e+24,25956317.925574157,2,2026-02-02 00:00:00+00:00,1,18.979166666666668
1770001200000,2151,1.0907918426660164,642.1672516651721,4465111.322506842,0.7734112855364331,595,0.2766155276615528,1.6202206825009293,646,0.30032543003254303,0.9182911284391022,827,0.38447233844723383,0.9641471634419967,83.0,0.038586703858670385,,,0.0,0.31194825859121816,0.46146302694521496,595,595,285.418487394958,302.0,0.5096586835773248,0.9210084033613445,0.0003602749231201494,1.104576125539951e+24,15529701.976015171,3,2026-02-02 00:00:00+00:00,1,19.020833333333332
1770004800000,1528,0.6988838936410344,718.4462760144115,5076016.726448319,0.6189455211599929,630,0.412303664921466,1.0358476332414284,439,0.287303664921466,0.45883303852545654,411,0.26897905759162305,0.7216962776199033,48.0,0.031413612565445025,,,0.0,0.26045721963802165,0.35848830152197125,630,630,288.68095238095236,295.0,0.5148911886818368,0.9158730158730158,0.0002514236568441783,2.4189570539965076e+24,13868193.62546845,4,2026-02-02 00:00:00+00:00,1,19.0625
1770008400000,1834,0.7746865938095698,254.21769419971525,2006870.203732501,0.6665293384477458,525,0.2862595419847328,1.150107777471485,461,0.25136314067611776,0.620686065217091,746,0.40676117775354415,0.7609394146605897,102.0,0.05561613958560523,,,0.0,0.2927965172597057,0.37373282118803997,525,525,301.16,314.0,0.5267471335669537,0.8971428571428571,0.00026647253321408185,6.980561161323953e+23,5851172.192632933,5,2026-02-02 00:00:00+00:00,1,19.104166666666668
1770012000000,2160,0.9224962659815458,313.36162629299434,2055338.1112596756,0.7473314705926835,600,0.2777777777777778,1.3501965419330524,598,0.27685185185185185,0.7658618325147936,875,0.4050925925925926,0.7660507659553916,87.0,0.04027777777777778,,,0.0,0.2946405316480188,0.45269093894466467,600,600,303.85833333333335,320.0,0.5284312084435677,0.8783333333333333,0.0004217593651023211,5.220241293252057e+23,9039474.096325174,6,2026-02-02 00:00:00+00:00,1,19.145833333333332
1770015600000,1410,0.6653748896682127,755.9494418452927,6079121.238169511,0.586376629041845,548,0.38865248226950355,1.0653765346514341,430,0.3049645390070922,0.36257733602034975,408,0.28936170212765955,0.4500307800345557,24.0,0.01702127659574468,,,0.0,0.2847520849867448,0.3016245440551002,548,548,295.98175182481754,307.0,0.5233210559989574,0.948905109489051,0.0001817223728432488,2.960612530166725e+24,16204427.168709453,7,2026-02-02 00:00:00+00:00,1,19.1875
1770019200000,1079,0.5778591878221869,667.7037211055236,5673216.492770369,0.5713973254445526,469,0.43466172381835033,0.8387132942056749,316,0.2928637627432808,0.2911144277139218,279,0.25857275254865614,0.6180261150311459,15.0,0.013901760889712697,,,0.0,0.29481335547595744,0.27658396996859513,469,469,271.35181236673776,282.0,0.4976940548957009,0.9573560767590619,0.00015745597458606997,3.8840946994167615e+24,16993193.479818266,8,2026-02-02 00:00:00+00:00,1,19.229166666666668
1770022800000,866,0.5459584771679885,629.5826712198443,5267663.042452267,0.47921858022925484,361,0.4168591224018476,0.8007129394176328,272,0.3140877598152425,0.34163563698238447,219,0.2528868360277136,0.5135721245699126,14.0,0.016166281755196306,,,0.0,0.22716441201142035,0.25205416821783444,361,361,268.8698060941828,280.0,0.49382918388427305,0.9445983379501385,0.0001659278954902122,4.42177515406708e+24,16033244.942176584,9,2026-02-02 00:00:00+00:00,1,19.270833333333332
1770026400000,487,0.47810540669030976,326.56805912141243,2871430.9077556753,0.5488147391638313,215,0.4414784394250513,0.5715431262545597,150,0.3080082135523614,0.22473302013108476,115,0.23613963039014374,0.46662826924262973,7.0,0.014373716632443531,,,0.0,0.2820001021634716,0.2668146370003597,215,215,286.1488372093023,293.0,0.5115021123824728,0.9302325581395349,0.00010802269599463587,4.7715047596608566e+24,11718030.81411708,10,2026-02-02 00:00:00+00:00,1,19.3125
1770030000000,527,0.48187522446400943,322.74983771851134,2875753.046604727,0.48574971725321503,248,0.47058823529411764,0.6502809071276648,142,0.269449715370019,0.24244871653958808,125,0.23719165085388993,0.9030279195132264,12.0,0.022770398481973434,,,0.0,0.2409211408704171,0.24482857638279792,248,248,295.3306451612903,294.5,0.5264319727081425,0.9233870967741935,9.519779580703235e-05,4.666432174350424e+24,8679248.246000724,11,2026-02-02 00:00:00+00:00,1,19.354166666666668
1770033600000,516,0.37948805111447287,334.21835837402,3161962.803168342,0.3905205590457788,180,0.3488372093023256,0.5671716507338629,127,0.24612403100775193,0.25649912319764157,201,0.38953488372093026,0.24187629261265917,8.0,0.015503875968992248,,,0.0,0.21868702107260266,0.17183353797317613,180,180,283.72222222222223,294.5,0.5059760573530626,0.9277777777777778,8.814522743075777e-05,5.854913208127463e+24,12251108.513888601,12,2026-02-02 00:00:00+00:00,1,19.395833333333332
1770037200000,464,0.4323242285961594,338.5305580481734,2965176.090930951,0.410306538412545,170,0.36637931034482757,0.6129909766533075,146,0.3146551724137931,0.28147248758556853,143,0.3081896551724138,0.21981644447322063,5.0,0.010775862068965518,,,0.0,0.22680685457066113,0.1834996838418838,170,170,291.8764705882353,321.0,0.5108280068484755,0.9,9.299473305955728e-05,5.781590411993839e+24,10626077.688395353,13,2026-02-02 00:00:00+00:00,1,19.4375
1770040800000,1058,0.6693750705070278,1257.9418858218971,9363453.961918836,0.6149341447296227,392,0.3705103969754253,0.9513250681709922,379,0.35822306238185253,0.37428835223810036,279,0.2637051039697543,0.2707485938984186,8.0,0.007561436672967864,,,0.0,0.27345175907098485,0.3414823856586378,392,392,295.9923469387755,321.0,0.519996075594227,0.9336734693877551,0.0002063513050702211,5.913737566858791e+24,29767912.965590928,14,2026-02-02 00:00:00+00:00,1,19.479166666666668
1770044400000,1112,0.5247259492818117,1011.2576651500585,8444474.572646277,0.48198095086429377,468,0.420863309352518,0.7578223489163082,325,0.2922661870503597,0.35249028691227735,302,0.2715827338129496,0.30493179715160545,17.0,0.015287769784172662,,,0.0,0.2389682792928887,0.24301267157140505,468,468,277.8568376068376,291.0,0.5052113694835326,0.9487179487179487,0.0001497837767644795,5.77892805796186e+24,24983095.702826194,15,2026-02-02 00:00:00+00:00,1,19.520833333333332
1770048000000,712,0.5344814840771294,628.0881000141029,5387829.298138496,0.5289335249236048,341,0.4789325842696629,0.7099077011798839,213,0.2991573033707865,0.31646844858773543,154,0.21629213483146068,0.05950080753508531,4.0,0.0056179775280898875,,,0.0,0.24178614908581733,0.2871473758377874,341,341,295.0263929618768,308.0,0.5237147098115665,0.9208211143695014,0.00012426607668012784,5.585680047262048e+24,15213959.632868508,16,2026-02-02 00:00:00+00:00,1,19.5625
1770051600000,515,0.4772088184507576,409.94726590821597,3676739.9297130755,0.4692509121763731,247,0.4796116504854369,0.6461372985551836,150,0.2912621359223301,0.2801139249828445,115,0.22330097087378642,0.24129001275711615,3.0,0.005825242718446602,,,0.0,0.20493201887775916,0.2643188932986139,247,247,293.47773279352225,293.0,0.5184520830583168,0.9109311740890689,0.00010197599168458846,5.919693915618624e+24,10953972.275975797,17,2026-02-02 00:00:00+00:00,1,19.604166666666668
1770055200000,456,0.4419313180509224,360.52447957674036,3295589.3667516937,0.45096679794996003,234,0.5131578947368421,0.5638115611864714,121,0.26535087719298245,0.27026666959786294,93,0.20394736842105263,0.3298063918457114,8.0,0.017543859649122806,,,0.0,0.20325107827228098,0.247715719677679,234,234,271.3974358974359,282.5,0.49775873281055744,0.9529914529914529,9.188823450939954e-05,6.238808913304582e+24,13120681.673576606,18,2026-02-02 00:00:00+00:00,1,19.645833333333332
1770058800000,368,0.48468338709391473,336.5818357800024,2937321.3723949078,0.4550822489895754,200,0.5434782608695652,0.625362531545303,107,0.2907608695652174,0.3461289905838468,58,0.15760869565217392,0.11925477447834722,3.0,0.008152173913043478,,,0.0,0.2514314137230808,0.20365083526649452,200,200,310.65,315.0,0.5402259818202597,0.93,6.45243290349436e-05,6.221463031869914e+24,8125774.105927789,19,2026-02-02 00:00:00+00:00,1,19.6875
1770062400000,476,0.46258594812424986,395.79245437712297,3611658.758835545,0.44647299210481833,276,0.5798319327731093,0.6722515612149103,100,0.21008403361344538,0.26181947140362255,89,0.1869747899159664,0.5852069463454218,11.0,0.023109243697478993,,,0.0,0.22348432472656699,0.22298866737825135,276,276,274.8152173913044,293.0,0.4994278420448425,0.9239130434782609,0.00010518281164820237,6.037862700794959e+24,10336503.337156385,20,2026-02-02 00:00:00+00:00,1,19.729166666666668
1770066000000,239,0.42486566791267116,287.2756507314918,1707409.8657722808,0.3491498326133755,138,0.5774058577405857,0.7823454792927972,51,0.21338912133891214,0.274770492330976,48,0.200836820083682,0.13580732733153938,2.0,0.008368200836820083,,,0.0,0.19716818954779977,0.1519816430655757,138,138,275.0652173913044,288.0,0.502725608085147,0.9202898550724637,6.295198944556381e-05,6.002376529190252e+24,5407565.496543934,21,2026-02-02 00:00:00+00:00,1,19.770833333333332
1770069600000,160,0.3995313213276683,114.20840635557279,1064761.0111827974,0.4542237527520532,87,0.54375,0.4603151407493515,44,0.275,0.14997914580152222,26,0.1625,0.08474031306241923,3.0,0.01875,,,0.0,0.29254159523688733,0.16168215751516582,87,87,314.3103448275862,336.0,0.5409109793276288,0.896551724137931,5.382651611389254e-05,5.953459160567117e+24,3776596.3770553577,22,2026-02-02 00:00:00+00:00,1,19.8125
1770073200000,219,0.4615697053391429,176.79462579296967,1577456.624227156,0.48449666562443827,140,0.639269406392694,0.5741573242228135,50,0.228310502283105,0.16135313730447717,27,0.1232876712328767,0.09491568174469028,2.0,0.0091324200913242,,,0.0,0.22372853611468765,0.2607681295097507,140,140,277.6714285714286,292.5,0.509216372437212,0.95,5.546734065756596e-05,5.975328150977141e+24,5455719.404192701,23,2026-02-02 00:00:00+00:00,1,19.854166666666668
1770076800000,364,0.4021808419069893,253.83764658706195,2383402.5764050414,0.39594638699294527,194,0.532967032967033,0.5248340201036689,88,0.24175824175824176,0.27002771294949673,79,0.21703296703296704,0.6875480951265379,3.0,0.008241758241758242,,,0.0,0.19840715508494297,0.19753923190800227,194,194,275.340206185567,273.5,0.5001027367521907,0.9226804123711341,8.997912594621164e-05,5.963277875133328e+24,7279002.425917253,0,2026-02-03 00:00:00+00:00,1,19.895833333333332
1770080400000,385,0.4707066895472834,318.2749984763919,2846173.8894941653,0.456988620333152,229,0.5948051948051948,0.6314445121788524,103,0.2675324675324675,0.16249253170878916,48,0.12467532467532468,0.7466510285937265,5.0,0.012987012987012988,,,0.0,0.2105669760663284,0.2464216442668236,229,229,266.56768558951967,288.0,0.492601765117642,0.9213973799126638,9.250050867459143e-05,5.97120541993403e+24,8063793.8598941825,1,2026-02-03 00:00:00+00:00,1,19.9375
1770084000000,396,0.49449264078285204,331.62610512692237,2911861.3349244213,0.49467583170788443,197,0.49747474747474746,0.6883580516878636,107,0.2702020202020202,0.26787321072809167,88,0.2222222222222222,0.28519820722067246,4.0,0.010101010101010102,,,0.0,0.21733776332505395,0.2773380683828305,197,197,285.8223350253807,309.0,0.509845827334131,0.9137055837563451,9.345469848354798e-05,5.91868314889662e+24,8926733.290952392,2,2026-02-03 00:00:00+00:00,1,19.979166666666668
1770087600000,476,0.48173400557634255,387.0348691585381,3491603.7426529257,0.4704605127820191,246,0.5168067226890757,0.7120643490042831,121,0.2542016806722689,0.23865798638932473,104,0.2184873949579832,0.5183767391908631,5.0,0.01050420168067227,,,0.0,0.2119061325452125,0.25855438023680666,246,246,274.0325203252033,285.0,0.5040587552541012,0.9471544715447154,0.00012209038021152908,5.809860977196428e+24,10710322.90505607,3,2026-02-03 00:00:00+00:00,1,20.020833333333332
1770091200000,265,0.4949531614833488,314.809964576518,1850208.1912370662,0.4460548218940277,127,0.47924528301886793,0.657734234712304,99,0.37358490566037733,0.25922386895892396,36,0.13584905660377358,0.02195896450218977,3.0,0.011320754716981131,,,0.0,0.3117612366648138,0.13429358522921384,127,127,315.7716535433071,346.0,0.5420681817247048,0.8503937007874016,7.508683938625227e-05,5.782680021460304e+24,6451275.9722099975,4,2026-02-03 00:00:00+00:00,1,20.0625
1770094800000,339,0.4126809652404362,243.67611722294356,2284996.803075038,0.40851109818680637,168,0.49557522123893805,0.5660931968682531,108,0.3185840707964602,0.16675301115760552,59,0.17404129793510326,0.07312245026358605,4.0,0.011799410029498525,,,0.0,0.18456255572670413,0.22394854246010223,168,168,287.4583333333333,269.5,0.5105018059303831,0.9047619047619048,7.729234270701761e-05,5.860196511088046e+24,6874878.471001327,5,2026-02-03 00:00:00+00:00,1,20.104166666666668
1770098400000,345,0.4470470897249553,262.78309923972336,2261636.937169882,0.4962357370489405,180,0.5217391304347826,0.5053415381977935,91,0.263768115942029,0.2611333155165514,71,0.20579710144927535,0.12742263620864883,3.0,0.008695652173913044,,,0.0,0.258376587596662,0.23785914945227848,180,180,305.10555555555555,329.0,0.5266835927353501,0.8833333333333333,9.275755043096721e-05,5.724993775570616e+24,7915170.397441374,6,2026-02-03 00:00:00+00:00,1,20.145833333333332
1770102000000,324,0.4042722622249982,203.88263449381057,1964522.4476995072,0.39845915972895507,162,0.5,0.47116171421283565,120,0.37037037037037035,0.1856809049814731,40,0.12345679012345678,1.2335935900047454,2.0,0.006172839506172839,,,0.0,0.23389885372657024,0.16456030600238478,162,162,325.4567901234568,308.5,0.551004940931765,0.8518518518518519,7.690687050480855e-05,5.506440333030633e+24,9175082.455655063,7,2026-02-03 00:00:00+00:00,1,20.1875
1770105600000,476,0.4089722119747094,311.3155429083497,2757757.116075141,0.44585657718504196,193,0.4054621848739496,0.5094745484775426,151,0.3172268907563025,0.20648419687410688,129,0.2710084033613445,1.684445095459953,3.0,0.0063025210084033615,,,0.0,0.28727224272585283,0.1585843344591891,193,193,297.60103626943004,306.0,0.5244692720395816,0.927461139896373,8.312607340036206e-05,5.543828056612745e+24,11540326.7335666,8,2026-02-03 00:00:00+00:00,1,20.229166666666668
1770109200000,497,0.5155421816365658,483.54169696585745,3732239.446734683,0.5225031356953157,231,0.4647887323943662,0.6270228156601091,154,0.30985915492957744,0.34962441249083587,109,0.2193158953722334,0.2852217848657865,3.0,0.006036217303822937,,,0.0,0.3089101043050973,0.21359303139021837,231,231,307.3982683982684,309.0,0.5351836982406906,0.922077922077922,0.00011328251772050338,5.85616053229169e+24,13680003.116283108,9,2026-02-03 00:00:00+00:00,1,20.270833333333332
1770112800000,376,0.38787132509348493,259.2118758459493,2267853.729274393,0.36654525584870296,181,0.48138297872340424,0.561085257265044,103,0.27393617021276595,0.2380920109362388,90,0.2393617021276596,0.1374322219870336,2.0,0.005319148936170213,,,0.0,0.2574827563796437,0.10906249946905927,181,181,279.4696132596685,296.0,0.5043237954498176,0.9392265193370166,7.696718933291581e-05,5.930229222714498e+24,7876343.839981763,10,2026-02-03 00:00:00+00:00,1,20.3125
1770116400000,329,0.4097820200363197,237.4820852459811,2202478.0140250428,0.3922617790598289,170,0.5167173252279635,0.6058559480310156,85,0.25835866261398177,0.22481116985326938,74,0.22492401215805471,,,0.0,,,0.0,0.25146173800474825,0.14080004105508065,170,170,295.52941176470586,299.5,0.5274066527685437,0.9294117647058824,7.142867313294673e-05,5.945265592221732e+24,6941261.950997835,11,2026-02-03 00:00:00+00:00,1,20.354166666666668
1770120000000,326,0.3205896616446812,184.46833070356666,1793816.0258020854,0.3653080697803148,149,0.4570552147239264,0.3760567726805631,89,0.27300613496932513,0.19195444247206941,83,0.254601226993865,0.13601116102945982,5.0,0.015337423312883436,,,0.0,0.265229294031021,0.10007877574929375,149,149,277.8523489932886,283.0,0.5127972401562679,0.959731543624161,7.631156727517591e-05,6.034514586746437e+24,7556871.11844508,12,2026-02-03 00:00:00+00:00,1,20.395833333333332
1770123600000,299,0.3678843763155948,187.51516307473037,1754789.603427724,0.4013584051439684,144,0.4816053511705686,0.46656515847980745,89,0.2976588628762542,0.15096488729973168,62,0.20735785953177258,0.329424015086289,4.0,0.013377926421404682,,,0.0,0.22836779979073235,0.17299060535323607,144,144,291.49305555555554,293.0,0.5208168018710881,0.9097222222222222,7.385705798016457e-05,6.029120979422751e+24,6654975.884048204,13,2026-02-03 00:00:00+00:00,1,20.4375
1770127200000,1003,0.5190190090030454,915.3219104537968,7669621.8593347855,0.4896081540913369,424,0.42273180458624127,0.7910096100554456,302,0.30109670987038883,0.2676770938744997,261,0.26021934197407776,0.2645990598336709,16.0,0.015952143569292122,,,0.0,0.24245869432327521,0.24714945976806163,424,424,279.9009433962264,293.0,0.5073927459927644,0.9693396226415094,0.00016238542563224727,5.982276759626288e+24,23289754.1557904,14,2026-02-03 00:00:00+00:00,1,20.479166666666668
1770130800000,1307,0.5817684646392769,1310.9333689404014,10771791.345483841,0.5157200573700101,540,0.4131599081866871,0.8538393228144561,447,0.34200459066564654,0.3010276442410519,313,0.2394797245600612,0.8563889083169004,7.0,0.005355776587605203,,,0.0,0.20704162188386457,0.3086784354861456,540,540,280.3074074074074,294.0,0.5085950408150534,0.9462962962962963,0.00027564318802884434,5.892776069924195e+24,30013724.617714792,15,2026-02-03 00:00:00+00:00,1,20.520833333333332
1770134400000,934,0.531256989239634,835.2078499200638,7103633.143715358,0.5041950426737523,430,0.4603854389721627,0.7642340533726045,278,0.29764453961456105,0.28485846040929574,217,0.23233404710920771,0.5687563170781645,9.0,0.009635974304068522,,,0.0,0.22347444169159755,0.2807206009821547,430,430,272.4767441860465,281.0,0.49934355314483553,0.9604651162790697,0.00012687441299751086,5.800284618068801e+24,19973326.690873843,16,2026-02-03 00:00:00+00:00,1,20.5625
1770138000000,1009,0.5476313939396268,837.5670479686579,6923454.0685158735,0.5318448703460588,418,0.41427155599603566,0.747878339837833,318,0.3151635282457879,0.3197527790507473,262,0.25966303270564917,0.7862164091549242,11.0,0.010901883052527254,,,0.0,0.3127079932936418,0.21913687705241705,418,418,283.80143540669854,294.5,0.5118049101713051,0.9521531100478469,0.00014694310878563574,5.320180516139079e+24,22863630.258126456,17,2026-02-03 00:00:00+00:00,1,20.604166666666668
1770141600000,1361,0.5991711302243163,1284.0756523548382,10012033.669835987,0.5721336593735884,511,0.37545922116091107,0.8818084022119663,423,0.31080088170462894,0.3431247923045083,410,0.30124908155767816,0.5544405479341622,17.0,0.012490815576781777,,,0.0,0.341586544082408,0.23054711529118033,511,511,286.12133072407045,293.0,0.5148924517779494,0.9452054794520548,0.0001981525408552118,5.333208360773589e+24,35128320.29409036,18,2026-02-03 00:00:00+00:00,1,20.645833333333332
1770145200000,1395,0.6094200773878055,1356.9210638055138,10428540.692326466,0.5281466837851725,580,0.4157706093189964,0.9765695246031411,409,0.2931899641577061,0.3468515643348006,393,0.2817204301075269,0.6220254626405554,13.0,0.00931899641577061,,,0.0,0.29116135679740235,0.23698532698777008,580,580,282.3586206896552,304.0,0.5080637175747476,0.9431034482758621,0.00021326242953099585,5.274176214486958e+24,34726142.80983393,19,2026-02-03 00:00:00+00:00,1,20.6875
1770148800000,1161,0.5760917340779658,1108.4466440746917,8869045.257427843,0.5128532454225401,497,0.4280792420327304,0.8954528764434762,339,0.29198966408268734,0.3368451119774815,310,0.2670111972437554,0.39826203081054123,15.0,0.012919896640826873,,,0.0,0.22456371388787197,0.2882895315346681,497,497,275.3903420523139,288.0,0.5023650025374784,0.9537223340040242,0.0002021776470596833,5.396316944837297e+24,29846890.71902377,20,2026-02-03 00:00:00+00:00,1,20.729166666666668
1770152400000,644,0.5024599233077519,517.2081642684522,4340815.8492625905,0.4725928968266757,304,0.4720496894409938,0.7096624871764967,176,0.2732919254658385,0.3350367308891426,153,0.2375776397515528,0.34133930961642034,11.0,0.017080745341614908,,,0.0,0.24563456901051028,0.22695832781616537,304,304,271.69736842105266,281.0,0.4962785164651079,0.9473684210526315,0.00011512724256664026,5.469840540782012e+24,13424740.474268917,21,2026-02-03 00:00:00+00:00,1,20.770833333333332
1770156000000,601,0.458422338520048,425.9101205728828,3826550.405784378,0.45094457728519893,287,0.47753743760399336,0.6101553447033318,173,0.2878535773710483,0.29012888371108314,135,0.22462562396006655,0.22774297250401634,6.0,0.009983361064891847,,,0.0,0.300813251468048,0.15013132581715097,287,287,279.93728222996515,293.0,0.5029356657691644,0.9303135888501742,0.00013972470982374417,5.34331952635346e+24,11322736.50841326,22,2026-02-03 00:00:00+00:00,1,20.8125
1770159600000,629,0.4733513095566653,462.26425994238963,4195895.861903588,0.4506900620007696,329,0.5230524642289348,0.6728585093312756,164,0.26073131955484896,0.2818199009106656,125,0.1987281399046105,0.3531509244297195,11.0,0.017488076311605722,,,0.0,0.2040046474541328,0.24668541454663678,329,329,277.39817629179333,294.0,0.5037971102311491,0.9665653495440729,0.00014296590132623326,5.353786733550945e+24,12780826.208611604,23,2026-02-03 00:00:00+00:00,1,20.854166666666668
1770163200000,512,0.42144957172423,341.7813016453021,3099272.021742959,0.391552237122733,242,0.47265625,0.6359409840384468,134,0.26171875,0.24850919306262403,127,0.248046875,0.47219777322213674,9.0,0.017578125,,,0.0,0.24638954098074337,0.14516269614198965,242,242,294.7190082644628,317.5,0.5230563831524117,0.9256198347107438,0.00010097431741149784,5.411554149024876e+24,9226902.915717784,0,2026-02-04 00:00:00+00:00,1,20.895833333333332
1770166800000,456,0.43523571153620916,309.845647573178,2913452.3452112125,0.4789338040282638,235,0.5153508771929824,0.5251920266765358,118,0.25877192982456143,0.2242876707911531,97,0.21271929824561403,0.3649128832160517,6.0,0.013157894736842105,,,0.0,0.25616123188284656,0.22277257214541726,235,235,276.98297872340424,293.0,0.5033201315736786,0.9361702127659575,0.0001321748948744625,5.454008803648064e+24,9310275.18196416,1,2026-02-04 00:00:00+00:00,1,20.9375
1770170400000,431,0.4346368360224444,290.6863970602956,2648807.782244956,0.4336301349386667,206,0.4779582366589327,0.5626129393935703,116,0.2691415313225058,0.29294479055026174,106,0.2459396751740139,0.5618065867754419,3.0,0.0069605568445475635,,,0.0,0.24325115752816814,0.1903789774104985,206,206,304.47087378640776,306.0,0.5199115600320299,0.9223300970873787,0.0001053241682959526,5.461985970602631e+24,8779824.597144324,2,2026-02-04 00:00:00+00:00,1,20.979166666666668
1770174000000,364,0.43261900496412925,255.3491234861198,2289172.6801825752,0.43145721097165046,162,0.44505494505494503,0.5906740017611387,100,0.27472527472527475,0.2834101612178443,99,0.27197802197802196,0.1507478309517408,3.0,0.008241758241758242,,,0.0,0.22453589848255703,0.2069213124890934,162,162,298.9382716049383,298.0,0.5250546297855184,0.9135802469135802,0.00010458735812294496,5.499107745084183e+24,8089784.804670364,3,2026-02-04 00:00:00+00:00,1,21.020833333333332
1770177600000,298,0.387613132496465,178.77355419507666,1613339.8119371168,0.41140108550262333,139,0.4664429530201342,0.4338970387293121,84,0.28187919463087246,0.30124711995930387,69,0.23154362416107382,0.1817600114379563,6.0,0.020134228187919462,,,0.0,0.26591344946080925,0.14548763604181403,139,139,309.6978417266187,304.0,0.5366738648835149,0.8992805755395683,6.984694869628781e-05,5.502768934809183e+24,5431872.146906443,4,2026-02-04 00:00:00+00:00,1,21.0625
1770181200000,288,0.3118843357549231,132.9983170618378,1285623.3407775376,0.31919644923900176,112,0.3888888888888889,0.33779963341512703,101,0.3506944444444444,0.2740984336844245,71,0.2465277777777778,0.12348365403192035,4.0,0.013888888888888888,,,0.0,0.19194921317289368,0.1272472360661081,112,112,296.83035714285717,320.5,0.5140105026280838,0.9107142857142857,6.330746481365846e-05,5.494692594202437e+24,5404175.162224248,5,2026-02-04 00:00:00+00:00,1,21.104166666666668
1770184800000,275,0.40662289671379487,172.86165129691435,1506553.87767779,0.45265200161116315,126,0.4581818181818182,0.46153224005985105,84,0.3054545454545455,0.2447033427383762,58,0.2109090909090909,0.2608060499191038,7.0,0.025454545454545455,,,0.0,0.2092239263118984,0.24342807529926475,126,126,322.53968253968253,340.5,0.5408771011689686,0.8571428571428571,7.539180321738893e-05,5.510859554337002e+24,5457575.220451943,6,2026-02-04 00:00:00+00:00,1,21.145833333333332
1770188400000,297,0.43473219930304813,202.21936610838515,1735147.2140939513,0.46793347622062054,110,0.37037037037037035,0.5427944211437373,88,0.2962962962962963,0.29952974184885744,92,0.30976430976430974,0.3314479282847521,7.0,0.02356902356902357,,,0.0,0.25207467166643654,0.215858804554184,110,110,324.27272727272725,308.5,0.5351912519838103,0.9,7.356119713054048e-05,5.517893471324577e+24,7194027.374098686,7,2026-02-04 00:00:00+00:00,1,21.1875
1770192000000,405,0.3943520196849182,247.2611997153603,2289053.6217718287,0.41954590533518,159,0.3925925925925926,0.4959034118522483,128,0.3160493827160494,0.2560695429472859,115,0.2839506172839506,0.02704495602419968,3.0,0.007407407407407408,,,0.0,0.25102279143708417,0.1685231138980958,159,159,318.12578616352204,295.0,0.5416216955187664,0.89937106918239,9.116504484346122e-05,5.549186893243175e+24,9434564.136234827,8,2026-02-04 00:00:00+00:00,1,21.229166666666668
1770195600000,425,0.4348930167681154,301.6612481728453,2556494.6300283265,0.43533509871744747,181,0.4258823529411765,0.5477613311669918,134,0.31529411764705884,0.2902556674512021,105,0.24705882352941178,0.4314031599675925,5.0,0.011764705882352941,,,0.0,0.233945624099999,0.20138947461744844,181,181,293.7955801104972,293.0,0.5208658543980274,0.9005524861878453,8.681811356764565e-05,5.493432983783119e+24,9335912.449032761,9,2026-02-04 00:00:00+00:00,1,21.270833333333332
1770199200000,254,0.42004760476375697,168.3469516763299,1498238.6847227649,0.4526954327532745,128,0.5039370078740157,0.5293519483148589,64,0.25196850393700787,0.2562952895006229,54,0.2125984251968504,0.12857573654881466,8.0,0.031496062992125984,,,0.0,0.2925766848386702,0.1601187479146043,128,128,298.296875,296.0,0.5242920243564,0.9140625,5.171952775337964e-05,5.578758682783242e+24,5344107.026584426,10,2026-02-04 00:00:00+00:00,1,21.3125
1770202800000,332,0.46595320958279396,249.860628730952,1958276.8628775538,0.44037874312045683,107,0.32228915662650603,0.7030305234899088,94,0.28313253012048195,0.316645017007731,126,0.3795180722891566,0.3187597433146347,5.0,0.015060240963855422,,,0.0,0.23598639859575443,0.20439234452470242,107,107,284.69158878504675,300.0,0.5050458174254729,0.8878504672897196,0.0001443720814793879,5.363419959592075e+24,10842873.863145722,11,2026-02-04 00:00:00+00:00,1,21.354166666666668
1770206400000,328,0.36568285873633216,187.77094769242143,1662106.3545670442,0.3652802050268648,132,0.4024390243902439,0.4761277490392962,93,0.28353658536585363,0.2704197018913318,98,0.29878048780487804,0.18919583119314604,5.0,0.01524390243902439,,,0.0,0.22598553173954308,0.13929467328732179,132,132,306.31060606060606,311.5,0.5316160292986137,0.9015151515151515,6.922811621306475e-05,5.460235181391803e+24,6737212.823890419,12,2026-02-04 00:00:00+00:00,1,21.395833333333332
1770210000000,542,0.4183515490009147,357.31906497739385,3136258.212242735,0.4588915018433362,174,0.3210332103321033,0.527865531271367,152,0.28044280442804426,0.3143859966382378,207,0.38191881918819187,0.17621735337691818,9.0,0.016605166051660517,,,0.0,0.24493756637117683,0.21395393547215932,174,174,286.39080459770116,306.0,0.511301921795765,0.9252873563218391,0.0001141914196431517,5.508961355198516e+24,12493718.841622984,13,2026-02-04 00:00:00+00:00,1,21.4375
1770213600000,1131,0.5999208241203887,1167.9064246880023,8704655.332107374,0.4760492001072715,415,0.36693191865605657,0.9935114663767824,371,0.3280282935455349,0.32665502096025756,338,0.2988505747126437,0.27826898932695665,7.0,0.00618921308576481,,,0.0,0.22075866301171562,0.2552905370955558,415,415,279.68192771084335,295.0,0.5019389000851887,0.9566265060240964,0.0002239444329341663,5.632314997418407e+24,31498776.52794375,14,2026-02-04 00:00:00+00:00,1,21.479166666666668
1770217200000,1599,0.7128204830653846,1969.1923704754659,13665161.8810732,0.6124226786181632,499,0.31207004377736086,1.0826807154764555,600,0.37523452157598497,0.36061700222758064,480,0.300187617260788,0.5748222717987259,20.0,0.012507817385866166,,,0.0,0.30218455832740204,0.3102381202907612,499,499,292.6753507014028,310.0,0.5159480591359156,0.935871743486974,0.0002839135762416473,5.475532614812483e+24,47826199.701646976,15,2026-02-04 00:00:00+00:00,1,21.520833333333332
1770220800000,1180,0.6443234698545105,1254.9382656730093,9042902.551290669,0.5283370693886531,256,0.21694915254237288,0.9731543145239441,449,0.3805084745762712,0.398923536740571,460,0.3898305084745763,0.30641936952757826,15.0,0.012711864406779662,,,0.0,0.2507384861218688,0.27759858326678427,256,256,388.08984375,357.0,0.5805948387349669,0.71875,0.00019721527801457877,5.448423683103602e+24,32003931.66701377,16,2026-02-04 00:00:00+00:00,1,21.5625
1770224400000,1114,0.6814745073688767,1159.5505442772248,8326149.037702841,0.5888591449653628,258,0.23159784560143626,0.9565638578679796,406,0.3644524236983842,0.48854755452547566,435,0.3904847396768402,0.42358861965889244,15.0,0.013464991023339317,,,0.0,0.3752697824227982,0.2135893625425647,258,258,340.8062015503876,332.0,0.5547093533649883,0.8294573643410853,0.0002619827170721767,5.233592350522665e+24,34839336.704103395,17,2026-02-04 00:00:00+00:00,1,21.604166666666668
1770228000000,1405,0.6478665727888742,1335.6992248331185,9982193.033420837,0.5445127704047527,469,0.33380782918149465,1.001237293746173,414,0.29466192170818506,0.45887696121131694,501,0.35658362989323844,0.4984022986073258,21.0,0.01494661921708185,,,0.0,0.38692192522922225,0.1575908451755304,469,469,271.9317697228145,282.0,0.49933323417901143,0.9594882729211087,0.00025073272338439805,4.960814658874257e+24,36630754.774694026,18,2026-02-04 00:00:00+00:00,1,21.645833333333332
1770231600000,1377,0.5703483069714805,1103.3183818272778,8895977.106694296,0.5624562086566234,613,0.44517066085693535,0.8294236092217396,388,0.28177196804647786,0.31056704339438695,358,0.2599854756717502,0.4213667155551748,18.0,0.013071895424836602,,,0.0,0.26950216420239315,0.2929540444542301,613,613,274.5040783034258,291.0,0.49663291459625997,0.9494290375203915,0.00018730764499905295,4.954927155518312e+24,23844387.28019009,19,2026-02-04 00:00:00+00:00,1,21.6875
1770235200000,786,0.4919765270336334,554.974893886929,4729402.472266339,0.507194036428611,409,0.5203562340966921,0.6432907749410176,216,0.2748091603053435,0.23987063048695603,155,0.19720101781170485,0.5200723727326615,6.0,0.007633587786259542,,,0.0,0.22077276958255135,0.2864212668460597,409,409,293.07334963325184,309.0,0.5190150646820788,0.9144254278728606,0.00011935542341403864,4.99651884603243e+24,12147732.709712284,20,2026-02-04 00:00:00+00:00,1,21.729166666666668
1770238800000,643,0.479749394784147,413.4099564123016,3418322.2922526947,0.4336980822602042,274,0.4261275272161742,0.6522443769672507,205,0.3188180404354588,0.3490948243196379,158,0.24572317262830481,0.12975113102024383,6.0,0.00933125972006221,,,0.0,0.28299928839786515,0.15069879386233903,274,274,294.3868613138686,306.0,0.5204548170873184,0.9014598540145985,0.0001239766342653115,4.883981625863133e+24,15725306.84610226,21,2026-02-04 00:00:00+00:00,1,21.770833333333332
1770242400000,1218,0.7570376555416963,1584.955425839478,9084442.05992531,0.6535141926695325,405,0.33251231527093594,1.188671831264455,373,0.30623973727422005,0.45868921986365857,418,0.34318555008210183,1.013269520635206,22.0,0.0180623973727422,,,0.0,0.4609913185593997,0.19252287411013289,405,405,283.4592592592593,279.0,0.5111730657397081,0.9259259259259259,0.00027716617826439513,4.7354130460726554e+24,36531704.05973696,22,2026-02-04 00:00:00+00:00,1,21.8125
1770246000000,958,0.5678133521558592,733.4080881791576,6072008.119143738,0.574311211115572,475,0.49582463465553234,0.7780154534880898,270,0.2818371607515658,0.2854293004573681,201,0.20981210855949894,0.3109920209751028,12.0,0.012526096033402923,,,0.0,0.2646541456288898,0.3096570654866822,475,475,300.29473684210524,319.0,0.5299359948829843,0.9284210526315789,0.00017464822431715303,4.8059860626601013e+24,16578619.397814427,23,2026-02-04 00:00:00+00:00,1,21.854166666666668
1770249600000,723,0.5253623114068284,514.5590604505117,4364318.93692397,0.5352235110608013,339,0.46887966804979253,0.6869347500092751,223,0.3084370677731674,0.2703484876034195,150,0.2074688796680498,0.4234053186312767,11.0,0.015214384508990318,,,0.0,0.27403593703951656,0.2611875740212848,339,339,299.9174041297935,311.0,0.522532079906412,0.9026548672566371,0.00013463841598735784,4.787415010151215e+24,11867293.673266703,0,2026-02-05 00:00:00+00:00,1,21.895833333333332
1770253200000,1236,0.5852443545914677,989.9020136706426,8051704.786738588,0.5121237277830888,544,0.4401294498381877,0.8495713825350414,368,0.2977346278317152,0.39605027274676385,303,0.24514563106796117,0.5772006164709096,21.0,0.01699029126213592,,,0.0,0.24016570399858342,0.27195802378450523,544,544,277.51286764705884,291.5,0.5045826363984954,0.9522058823529411,0.00021756101573141423,4.846355607322045e+24,24396722.624946065,1,2026-02-05 00:00:00+00:00,1,21.9375
1770256800000,1234,0.6344699820089166,1188.5575346767357,8345264.8025050415,0.5631135641677328,500,0.4051863857374392,0.9490761565284873,391,0.31685575364667745,0.382354068674536,318,0.2576985413290113,0.34807218695982556,25.0,0.02025931928687196,,,0.0,0.2570357891297856,0.3060777750379473,500,500,288.336,303.0,0.5152057478328677,0.948,0.00019655376883848027,4.868634724036004e+24,27033243.428969976,2,2026-02-05 00:00:00+00:00,1,21.979166666666668
1770260400000,1152,0.545910598674805,844.1911222591826,7012230.875146244,0.5303237080365296,467,0.4053819444444444,0.7650871812171155,333,0.2890625,0.3490531260053014,324,0.28125,0.47716406604638956,28.0,0.024305555555555556,,,0.0,0.2530288486446898,0.2772948593918398,467,467,276.85010706638116,292.0,0.5035379994195556,0.961456102783726,0.0001672437299728031,4.878672656306602e+24,26379647.725066066,3,2026-02-05 00:00:00+00:00,1,22.020833333333332
1770264000000,1045,0.5015255288344912,714.2471805488267,5866488.429607143,0.4704026211074112,419,0.40095693779904307,0.6755290677491872,347,0.3320574162679426,0.3301902745664291,272,0.2602870813397129,0.3964483138573236,7.0,0.0066985645933014355,,,0.0,0.2512017475206383,0.21920087358677293,419,419,289.6563245823389,302.0,0.5157703462033153,0.9474940334128878,0.00016706659237948583,4.859678036636106e+24,22236049.431237243,4,2026-02-05 00:00:00+00:00,1,22.0625
1770267600000,1123,0.5461458857930865,743.3573808948286,5986264.619718721,0.5177057495462033,402,0.3579697239536955,0.7813752545652792,341,0.30365093499554763,0.36256724058858025,362,0.3223508459483526,0.4169897515686758,18.0,0.016028495102404273,,,0.0,0.2532553032343006,0.2644504463119027,402,402,290.0199004975124,299.0,0.5149388697338169,0.917910447761194,0.0001992827959863296,4.628704133533171e+24,21128722.346733063,5,2026-02-05 00:00:00+00:00,1,22.104166666666668
1770271200000,978,0.5246693715406275,705.3610504402147,5678890.161414609,0.4907882065684318,373,0.38139059304703476,0.7360351245695613,304,0.310838445807771,0.35418938185505583,291,0.29754601226993865,0.32388563277407995,10.0,0.010224948875255624,,,0.0,0.2724840627561425,0.21830414381228927,373,373,292.4504021447721,313.0,0.5190757459863744,0.935656836461126,0.00013573840896698253,4.836744490268191e+24,17567716.201696906,6,2026-02-05 00:00:00+00:00,1,22.145833333333332
1770274800000,785,0.5209328906588382,602.248991571505,4567748.08200218,0.49951056779553105,294,0.37452229299363055,0.7513782337425566,254,0.3235668789808917,0.28752720902926826,223,0.2840764331210191,0.5076838036546881,14.0,0.017834394904458598,,,0.0,0.36047019189780966,0.13904037589772145,294,294,307.23809523809524,322.0,0.5342359169632728,0.9183673469387755,0.00017929133511027396,4.945009539380108e+24,16530046.082702886,7,2026-02-05 00:00:00+00:00,1,22.1875
1770278400000,691,0.4431749244896922,421.78380175845246,3686249.0990745774,0.4085517498153622,276,0.3994211287988423,0.6215542408042338,208,0.30101302460202606,0.3127209256460936,200,0.2894356005788712,0.2351603795482787,7.0,0.010130246020260492,,,0.0,0.2335601447462036,0.1749916050691586,276,276,278.963768115942,277.0,0.5061174977215415,0.9166666666666666,0.00011789575113192003,4.892116933805168e+24,11905319.300288228,8,2026-02-05 00:00:00+00:00,1,22.229166666666668
1770282000000,705,0.5131976989176652,521.6636437098782,4186133.360955154,0.4472532955905289,267,0.37872340425531914,0.8536524766080263,207,0.2936170212765957,0.27615616116018143,223,0.31631205673758866,0.5123576522126092,8.0,0.011347517730496455,,,0.0,0.20545229966129355,0.24180099592923537,267,267,287.76404494382024,293.0,0.5174369463938226,0.9325842696629213,0.0001358532811158891,5.014014191404146e+24,12730300.930926042,9,2026-02-05 00:00:00+00:00,1,22.270833333333332
1770285600000,621,0.4145669539662496,360.2437783479004,3192399.7235085294,0.40702061448121885,246,0.3961352657004831,0.612525817934398,176,0.2834138486312399,0.2521034336869511,195,0.3140096618357488,0.08857343131291134,4.0,0.00644122383252818,,,0.0,0.2069901296313787,0.20003048484984015,246,246,293.020325203252,318.0,0.5212036207721457,0.9308943089430894,0.00011984534876691742,4.973960780546292e+24,10721625.730334207,10,2026-02-05 00:00:00+00:00,1,22.3125
1770289200000,2104,0.8967273556531841,416.6496241997509,3228776.2703088466,0.6284122626829576,360,0.17110266159695817,1.4088762799794838,592,0.2813688212927757,0.7052152670994128,1085,0.5156844106463878,0.9145167041450337,67.0,0.03184410646387833,,,0.0,0.29246688285870104,0.33594537982425643,360,360,290.86944444444447,307.5,0.5176937754645105,0.9388888888888889,0.00024330343058925376,1.5688550206389824e+24,11643348.466266833,11,2026-02-05 00:00:00+00:00,1,22.354166666666668
1770292800000,2637,1.0597990005986655,263.47057191287286,1611659.233119815,0.844293643673627,405,0.15358361774744028,1.5998823500712862,756,0.28668941979522183,0.8191605806947972,1348,0.5111869548729617,1.0860274957842408,128.0,0.04854000758437618,,,0.0,0.35292679355529194,0.49136685011833503,405,405,312.0172839506173,305.0,0.5307473366852382,0.8666666666666667,0.00023539665243291072,3.243369381313159e+23,7155637.981369116,12,2026-02-05 00:00:00+00:00,1,22.395833333333332
1770296400000,1963,0.8240234047441976,178.33890089524968,1196226.3528592114,0.6093252438046853,391,0.19918492103922567,1.3107198420192585,542,0.2761079979623026,0.6251643992952053,939,0.478349465104432,0.8996950315669443,91.0,0.046357615894039736,,,0.0,0.2879060269367924,0.32141921686789293,391,391,297.3299232736573,293.0,0.5183234614630937,0.8746803069053708,0.00016639097581262958,3.507699614839401e+23,4533154.237158926,13,2026-02-05 00:00:00+00:00,1,22.4375
1770300000000,2169,0.852318976567805,323.07114838304904,2174848.7428868064,0.7247703363960797,505,0.23282618718303366,1.3479602588286652,606,0.2793914246196404,0.6099451191484879,972,0.44813278008298757,0.8481426468959021,86.0,0.0396496081143384,,,0.0,0.3761758167806655,0.34859451961541416,505,505,291.15643564356435,303.0,0.5144544398309451,0.9108910891089109,0.00025559542426056446,5.985383521967104e+23,8859159.523153013,14,2026-02-05 00:00:00+00:00,1,22.479166666666668
1770303600000,2817,1.282642212321687,619.0497463958924,3264336.6659922935,0.9250940268801232,408,0.1448349307774228,2.0987950206534536,747,0.26517571884984026,0.9890543497358457,1590,0.564430244941427,1.3245618421524616,72.0,0.025559105431309903,,,0.0,0.3925250305610587,0.5325689963190644,408,408,273.41421568627453,286.0,0.4987771135664648,0.9681372549019608,0.0004514499853253973,4.699898289252041e+23,17149448.85906348,15,2026-02-05 00:00:00+00:00,1,22.520833333333332
1770307200000,2653,0.9601441622774187,400.3569205492307,2600420.3169483365,0.7244607286798331,594,0.22389747455710515,1.4346060161326102,753,0.2838296268375424,0.7654489855303197,1224,0.46136449302676213,1.2166451371854143,82.0,0.030908405578590276,,,0.0,0.36064261505972217,0.36381811362011096,594,594,281.2693602693603,294.0,0.5042167353164536,0.936026936026936,0.00028274837668792476,5.035523795124821e+23,10261514.549002144,16,2026-02-05 00:00:00+00:00,1,22.5625
1770310800000,2631,0.9169022870077218,396.6720223017758,2697276.042660591,0.8517310226501147,673,0.2557962751805397,1.413155149130929,687,0.2611174458380844,0.651412433001857,1181,0.4488787533257317,1.0999918671738622,90.0,0.03420752565564424,,,0.0,0.4200117170940662,0.4317193055560485,673,673,284.94353640416045,305.0,0.5109355179563251,0.9420505200594353,0.00031352325847313207,5.294123062788743e+23,9969986.565872941,17,2026-02-05 00:00:00+00:00,1,22.604166666666668
1770314400000,2683,0.9583971401423572,571.1738436132747,3660611.360948905,0.8822587850632505,767,0.28587402161759223,1.5551973282016887,728,0.2713380544166977,0.6165691892663101,1095,0.4081252329481923,0.9393561471074459,93.0,0.034662691017517705,,,0.0,0.44558709057019724,0.43667169449305326,767,767,282.632333767927,302.0,0.5095089821698875,0.9595827900912647,0.00038317325441945734,7.007610133885521e+23,13663253.086911594,18,2026-02-05 00:00:00+00:00,1,22.645833333333332
1770318000000,2437,0.8911959206625498,507.47260875194917,3542556.5892539513,0.8155407971171653,895,0.3672548215018465,1.3958406011065694,698,0.28641772671317195,0.49972644062613303,750,0.30775543701272057,0.9877007999232541,94.0,0.03857201477226098,,,0.0,0.4062207552873893,0.40932004182977594,895,895,280.9106145251397,290.0,0.5077211742032323,0.9407821229050279,0.00022930244272190007,7.682260555698793e+23,10110034.361211522,19,2026-02-05 00:00:00+00:00,1,22.6875
1770321600000,2827,1.4383886920602604,605.7931654762322,2931652.8212535027,1.0642477256977645,527,0.1864166961443226,2.430312890755681,703,0.248673505482844,1.1162132168261008,1520,0.5376724442872303,1.3027562238274981,77.0,0.027237354085603113,,,0.0,0.6114735311616282,0.45277419453613643,527,527,281.10056925996207,291.0,0.5066716072067319,0.9411764705882353,0.000418830973798006,3.972002260877279e+23,16525138.289995205,20,2026-02-05 00:00:00+00:00,1,22.729166666666668
1770325200000,3012,1.4397955210290858,330.8342979776817,1736018.9786855918,1.168174668656181,589,0.19555112881806108,2.3118958324772936,816,0.27091633466135456,1.0670423155563789,1506,0.5,1.5360049799181954,101.0,0.03353253652058433,,,0.0,0.48223320498196887,0.6859414636742122,589,589,283.96264855687605,291.0,0.5081472059921717,0.9202037351443124,0.00045001073903745134,2.2286320404123536e+23,8711045.730882064,21,2026-02-05 00:00:00+00:00,1,22.770833333333332
1770328800000,2839,1.2620156494341845,292.5625249236802,1628684.8039480187,1.033617341450677,604,0.21275096865093343,1.9259250949474003,785,0.2765058119056006,0.9738811999212561,1325,0.46671363156040857,1.2505101206245381,125.0,0.044029587883057414,,,0.0,0.5084632969018879,0.5251540445487893,604,604,299.4453642384106,304.5,0.5260173565169372,0.9056291390728477,0.0004626380981639049,2.4687350574135878e+23,7304742.6616226155,22,2026-02-05 00:00:00+00:00,1,22.8125
1770332400000,2809,1.1175976333074211,281.5248164753604,1697315.6199852657,0.8603128802690989,627,0.22321110715557138,1.7977274690684222,763,0.271626913492346,0.8219198577281323,1259,0.4482022071911712,1.2090776015806015,160.0,0.05695977216091136,,,0.0,0.38598432963572454,0.47432855063337437,627,627,293.9984051036683,302.0,0.5203544649361403,0.9154704944178629,0.0003250629880584748,2.834559347868763e+23,6374080.839856227,23,2026-02-05 00:00:00+00:00,1,22.854166666666668
1770336000000,2727,1.8119356801230802,450.19163547273195,1854636.3281040555,1.310664163859014,371,0.13604693802713605,2.9903554228690634,630,0.23102310231023102,1.480907813524045,1685,0.6178951228456179,1.8448442124004774,41.0,0.015034836817015035,,,0.0,0.6563255100584697,0.6543386538005441,371,371,250.1320754716981,267.0,0.4699418017776535,0.954177897574124,0.0007008519466521889,2.2129257670783264e+23,15488731.99456758,0,2026-02-06 00:00:00+00:00,1,22.895833333333332
1770339600000,2779,1.0410297888065092,334.9983520883059,2161229.50069548,0.8376980651622807,686,0.24685138539042822,1.5853837159795243,860,0.3094638359121986,0.7536420773925365,1120,0.40302267002518893,0.9809892740702044,113.0,0.04066210867218424,,,0.0,0.3520726094903481,0.4856254556719327,686,686,300.0801749271137,320.5,0.5263562131755368,0.9285714285714286,0.0003166490021994507,3.7793216373956444e+23,8483658.00701762,1,2026-02-06 00:00:00+00:00,1,22.9375
1770343200000,2287,0.8617410840612802,271.62202805845305,1796385.2281808122,0.7847065438395892,723,0.31613467424573677,1.3249383014142448,644,0.2815916047223437,0.5460728273146105,830,0.3629208570179274,1.0773146141136085,90.0,0.03935286401399213,,,0.0,0.3842867996260077,0.4004197442135814,723,723,310.52697095435684,327.0,0.534845948977529,0.9073305670816044,0.00029615841998675694,4.318362710846651e+23,5692764.478672609,2,2026-02-06 00:00:00+00:00,1,22.979166666666668
1770346800000,2201,0.8836293789803776,215.8641192179682,1514389.6573231723,0.8043238416946847,674,0.3062244434348024,1.307646513097191,649,0.2948659700136302,0.5797886713910825,792,0.3598364379827351,1.103474175485806,86.0,0.03907314856883235,,,0.0,0.3389831227154566,0.4653407189792282,674,674,308.07715133531156,314.0,0.5311644737187157,0.8753709198813057,0.0002085123242187213,3.667077914319074e+23,4730806.173543823,3,2026-02-06 00:00:00+00:00,1,23.020833333333332
1770350400000,1740,0.8319624364228115,277.6944122259413,1364896.5818279537,0.7290419667646397,476,0.2735632183908046,1.2333291373399518,493,0.2833333333333333,0.6085161976842705,695,0.3994252873563218,0.9163242249547289,76.0,0.04367816091954023,,,0.0,0.370214590968707,0.3588273757959326,476,476,294.97899159663865,294.0,0.5204259975434417,0.907563025210084,0.00017238918825877972,4.339469562339764e+23,5813668.225074302,4,2026-02-06 00:00:00+00:00,1,23.0625
1770354000000,1851,0.7532731758168221,221.4973033895972,1650984.5594474224,0.6578977558465373,516,0.2787682333873582,1.1487051370826993,510,0.2755267423014587,0.5406527861939595,740,0.3997839005942734,0.8107144085225597,85.0,0.045921123716909776,,,0.0,0.3582349027011136,0.2996628531454237,516,516,300.92054263565893,307.5,0.5246989985605259,0.8934108527131783,0.0002516235275324614,5.48416613989215e+23,5563050.536542249,5,2026-02-06 00:00:00+00:00,1,23.104166666666668
1770357600000,1679,0.7406944783141547,202.10591154340486,1567172.6192941777,0.6781666102592198,562,0.334723049434187,1.069960072176065,491,0.29243597379392494,0.5267809413035396,547,0.32578916021441334,0.6202129593962044,79.0,0.04705181655747469,,,0.0,0.3466995386356827,0.33146707162353695,562,562,307.01067615658366,318.0,0.5322707996150308,0.9110320284697508,0.00018802088612415946,5.6811398112732896e+23,5437231.619790081,6,2026-02-06 00:00:00+00:00,1,23.145833333333332
1770361200000,1713,0.75302973869367,211.40572055354215,1590346.3111098183,0.730591718816571,535,0.3123175715119673,1.091905301844889,502,0.29305312317571514,0.5064988989086403,594,0.3467600700525394,0.6106898211893222,82.0,0.04786923525977817,,,0.0,0.32767492652710617,0.40291679228946486,535,535,308.3214953271028,313.0,0.5328027024577479,0.9121495327102803,0.00021361547810268928,5.542791927211327e+23,4826448.19986918,7,2026-02-06 00:00:00+00:00,1,23.1875
1770364800000,1818,0.746913360829378,199.64048021346966,1515839.8122192416,0.7188369542365953,580,0.31903190319031904,1.1012616106963296,489,0.26897689768976896,0.4958367806065753,663,0.36468646864686466,0.8570505041618528,86.0,0.047304730473047306,,,0.0,0.32917451782347373,0.3896624364131216,580,580,297.08103448275864,307.0,0.5238632847224166,0.903448275862069,0.0001964350672420029,5.0853521954204626e+23,4661734.383048863,8,2026-02-06 00:00:00+00:00,1,23.229166666666668
1770368400000,1576,0.7391344549772587,181.6630715969771,1395084.4387124344,0.728270333182723,483,0.30647208121827413,1.0820625355983013,494,0.3134517766497462,0.4341359585254226,501,0.31789340101522845,0.6232685950010889,98.0,0.06218274111675127,,,0.0,0.353666993954608,0.37460333922811506,483,483,305.4099378881988,325.0,0.5281166245482868,0.8840579710144928,0.00018338512936566127,5.492992898142684e+23,4278646.336843727,9,2026-02-06 00:00:00+00:00,1,23.270833333333332
1770372000000,1240,0.7248772824770132,162.15880037034347,1328901.2484647383,0.7205045846451328,378,0.30483870967741933,1.0381822644187821,358,0.2887096774193548,0.4496730510729748,431,0.34758064516129034,0.8358734465926031,73.0,0.05887096774193548,,,0.0,0.3187207097972499,0.4017838748478829,378,378,287.005291005291,294.0,0.5104603738130561,0.917989417989418,0.00015946652145854118,6.428916674008387e+23,4334157.448515541,10,2026-02-06 00:00:00+00:00,1,23.3125
1770375600000,1077,0.6384769933316742,131.44107838578537,1059893.2190236906,0.6438587582218414,337,0.3129062209842154,0.8388551255214325,303,0.28133704735376047,0.425482657787908,359,0.3333333333333333,0.817153116905121,78.0,0.07242339832869081,,,0.0,0.32315764215712367,0.32070111606471774,337,337,302.2848664688427,304.0,0.5297052278685861,0.8961424332344213,0.00014544852295556682,6.403233670089512e+23,3653682.27490915,11,2026-02-06 00:00:00+00:00,1,23.354166666666668
1770379200000,841,0.6578271931168364,115.7426857599125,855631.1489426589,0.6287660325480909,280,0.3329369797859691,0.9394412879090602,237,0.28180737217598095,0.462608595267413,267,0.31747919143876335,0.5441070197710076,57.0,0.06777645659928656,,,0.0,0.27118656144793524,0.35757947110015564,280,280,308.2107142857143,319.0,0.5333739865829337,0.9035714285714286,0.00011086530355643365,6.478155955313277e+23,2847645.022618867,12,2026-02-06 00:00:00+00:00,1,23.395833333333332
1770382800000,1590,0.7045973962317774,210.35144802112237,1675476.7614560642,0.6530945967171107,500,0.31446540880503143,0.9726701447369476,473,0.29748427672955974,0.49686260276843414,538,0.3383647798742138,0.8402215556959125,79.0,0.04968553459119497,,,0.0,0.3691047369180453,0.2839898597990653,500,500,300.544,321.0,0.5267872736260776,0.924,0.0001735411033224739,6.519410235675179e+23,5327371.340814161,13,2026-02-06 00:00:00+00:00,1,23.4375
1770386400000,2068,0.8775099870867713,381.24631186739487,2592551.2060411046,0.7389354826867087,528,0.2553191489361702,1.401448067373323,637,0.30802707930367507,0.5594729296281564,819,0.3960348162475822,0.8762139304118318,84.0,0.04061895551257253,,,0.0,0.3052166950420672,0.43371878764464145,528,528,289.54924242424244,295.5,0.5163197405557153,0.9393939393939394,0.0002495263068316497,6.807749554466244e+23,9522727.631026225,14,2026-02-06 00:00:00+00:00,1,23.479166666666668
1770390000000,2125,0.8451979788115694,381.80612654029284,2696774.5869907313,0.7156525734768262,612,0.288,1.3121150992267445,661,0.3110588235294118,0.5011125203831754,751,0.35341176470588237,1.1328984812883602,101.0,0.04752941176470588,,,0.0,0.35337132254524767,0.3622812509315786,612,612,301.72712418300654,314.0,0.5290977034522995,0.9199346405228758,0.00023883495964801478,7.170383100024993e+23,9320993.191762637,15,2026-02-06 00:00:00+00:00,1,23.520833333333332
1770393600000,1909,0.7387391981301348,301.49486714774713,2249538.077744232,0.6996034000443627,564,0.29544264012572025,1.0901240288746203,556,0.29125196437925616,0.4805798048590696,698,0.36563645887899426,0.8145400852690904,91.0,0.047668936616029334,,,0.0,0.3086215575536576,0.3909818424907051,564,564,295.281914893617,306.0,0.5204862479050687,0.9237588652482269,0.00018735870556920657,7.23576383956068e+23,7134033.285504283,16,2026-02-06 00:00:00+00:00,1,23.5625
1770397200000,1912,0.7595640492211508,291.4777921713816,2267772.0942329434,0.6924840814474111,615,0.321652719665272,1.1429169634127831,565,0.2955020920502092,0.49777371380253327,644,0.3368200836820084,0.6828908636775967,88.0,0.04602510460251046,,,0.0,0.3253222837813738,0.36716179766603735,615,615,296.8536585365854,312.0,0.5229841488113505,0.9203252032520325,0.00021831327499041367,6.786166617397438e+23,9243030.031494537,17,2026-02-06 00:00:00+00:00,1,23.604166666666668
1770400800000,1771,0.7444600367728873,272.8261558747427,2193884.202003732,0.6665233694613583,555,0.313382269904009,1.0731087416218403,519,0.2930547713156409,0.5087315778268455,623,0.35177865612648224,1.0085816917009431,74.0,0.04178430265386787,,,0.0,0.32326889464583597,0.3432544748155223,555,555,292.83603603603603,302.0,0.5183338923936839,0.9171171171171171,0.00016922147664477698,7.330960740549215e+23,6795127.209395652,18,2026-02-06 00:00:00+00:00,1,23.645833333333332
1770404400000,1295,0.6516316032380122,193.7072725499672,1596332.7614667998,0.6275181083155883,512,0.39536679536679536,0.9194967162295731,328,0.25328185328185326,0.42071437818610635,358,0.27644787644787644,0.725391591976478,97.0,0.0749034749034749,,,0.0,0.32311157297733617,0.3044065353382521,512,512,290.400390625,292.0,0.5161908504377046,0.912109375,0.0001597419558464311,8.111726477811722e+23,4793930.045012461,19,2026-02-06 00:00:00+00:00,1,23.6875
1770408000000,1375,0.6549401610850787,197.94320814142083,1527921.798060728,0.5559836288960897,514,0.3738181818181818,0.9595840183887473,356,0.2589090909090909,0.5197265983785381,432,0.3141818181818182,0.6662100711434333,73.0,0.05309090909090909,,,0.0,0.30591528707454213,0.25006834182154747,514,514,296.33852140077823,300.0,0.5201340365886244,0.9085603112840467,0.00015233835870774576,7.168501378747481e+23,5267157.020296367,20,2026-02-06 00:00:00+00:00,1,23.729166666666668
1770411600000,854,0.643143515263432,112.4059392872018,978573.5953301924,0.580634205359208,332,0.38875878220140514,0.8791029167276168,228,0.26697892271662765,0.4721858683728828,213,0.24941451990632318,0.6847277886221385,81.0,0.09484777517564402,,,0.0,0.2749922823277785,0.30564192303142945,332,332,306.3192771084337,323.5,0.5307479237138185,0.8644578313253012,0.00014073114854387992,7.040345240038304e+23,3399834.1893117316,21,2026-02-06 00:00:00+00:00,1,23.770833333333332
1770415200000,900,0.6828437797487142,118.66414245172318,955979.3315238723,0.6710873341287882,321,0.3566666666666667,0.8568145376692494,273,0.30333333333333334,0.5014229175492882,241,0.2677777777777778,0.6828780862372041,65.0,0.07222222222222222,,,0.0,0.38169587368466806,0.28939146044412006,321,321,293.4018691588785,292.0,0.5176200546898971,0.9190031152647975,0.00014601117434251043,6.62727778884384e+23,3295378.6144003086,22,2026-02-06 00:00:00+00:00,1,23.8125
1770418800000,864,0.6147064843597477,98.85217470589659,883441.1497016089,0.5707454407554563,280,0.32407407407407407,0.7720606595250544,303,0.3506944444444444,0.4412300386516425,229,0.2650462962962963,0.6984926997687815,52.0,0.06018518518518518,,,0.0,0.3095068346038265,0.26123860615162986,280,280,295.75,311.5,0.522543519715066,0.9214285714285714,0.00015126926138626134,7.00194711659897e+23,3592122.450166994,23,2026-02-06 00:00:00+00:00,1,23.854166666666668
1770422400000,1090,0.6467922552861035,185.6820780953714,1519141.3522291956,0.592765959904796,354,0.3247706422018349,0.9145131203392868,320,0.29357798165137616,0.4800958163881169,371,0.3403669724770642,0.5423258237109315,45.0,0.04128440366972477,,,0.0,0.2802114453678004,0.3125545145369956,354,354,283.819209039548,285.0,0.5094920947706294,0.9152542372881356,0.0001542523069117304,9.234493695065393e+23,5282021.694134815,0,2026-02-07 00:00:00+00:00,1,23.895833333333332
1770426000000,671,0.5508732772039514,111.84739313160958,927003.2847658463,0.5484282499787776,207,0.30849478390462,0.7245910648838365,210,0.31296572280178836,0.383144055249784,208,0.30998509687034276,0.527244220449644,46.0,0.06855439642324888,,,0.0,0.2932918138521477,0.25513643612662984,207,207,297.40579710144925,292.0,0.5240866432125468,0.9130434782608695,0.00011695712989023129,1.0228288077217346e+24,3156576.6806602827,1,2026-02-07 00:00:00+00:00,1,23.9375
1770429600000,657,0.5704006929847729,78.24328440051052,690017.1752541428,0.550567855992985,213,0.3242009132420091,0.7791820271153238,181,0.2754946727549467,0.4022360753065929,218,0.3318112633181126,0.6391753475506476,45.0,0.0684931506849315,,,0.0,0.24504177416761488,0.30552608182537005,213,213,305.82159624413146,290.0,0.5258159628366336,0.8591549295774648,0.00011544015916613113,7.539052728633467e+23,2600932.739851695,2,2026-02-07 00:00:00+00:00,1,23.979166666666668
1770433200000,796,0.5669483259245374,102.58538243060127,833864.3562422979,0.49471478346887987,210,0.2638190954773869,0.7640673504991587,217,0.27261306532663315,0.4537990679443878,299,0.3756281407035176,0.6558889504825361,70.0,0.08793969849246232,,,0.0,0.24567985487075306,0.2490349285981268,210,210,264.6666666666667,280.5,0.48678440692737074,0.9333333333333333,0.00011173129729845997,7.633304034700095e+23,3593091.2197063053,3,2026-02-07 00:00:00+00:00,1,24.020833333333332
1770436800000,1098,0.5469329975457071,130.7744056492556,1139334.5261915664,0.524596501058565,313,0.28506375227686703,0.8421516633007784,283,0.25774134790528236,0.36231408415337985,423,0.38524590163934425,0.5664044071247538,79.0,0.07194899817850638,,,0.0,0.3186620661406576,0.20593443491790744,313,313,274.77635782747603,280.0,0.5005905134176892,0.9329073482428115,0.0001408805018261818,7.582346366544307e+23,4348633.142210699,4,2026-02-07 00:00:00+00:00,1,24.0625
1770440400000,599,0.5559667489298921,77.59946732903683,699119.6974899838,0.5489623290686726,205,0.34223706176961605,0.7009239503015672,187,0.3121869782971619,0.37267894187875766,170,0.2838063439065108,0.7042866574093409,37.0,0.06176961602671119,,,0.0,0.28330061460642614,0.2656617144622465,205,205,307.0731707317073,314.0,0.5322674847682393,0.8634146341463415,0.00010195313321593326,8.13646923953244e+23,2495591.980947293,5,2026-02-07 00:00:00+00:00,1,24.104166666666668
1770444000000,763,0.5324196109431113,107.45247003468708,945617.5051282272,0.6161391847885468,176,0.2306684141546527,0.6192542689753215,233,0.3053735255570118,0.41354347697863375,303,0.39711664482306686,0.553053890804584,51.0,0.06684141546526867,,,0.0,0.3399609236195948,0.276178261168952,176,176,302.53977272727275,334.5,0.528225349079858,0.9090909090909091,0.00012280755512560654,9.688227365714616e+23,4009755.10726774,6,2026-02-07 00:00:00+00:00,1,24.145833333333332
1770447600000,1764,0.7833851898763384,346.9311462807071,2480926.874391803,0.653780555396731,511,0.2896825396825397,1.266679626360941,494,0.2800453514739229,0.5232777526037108,694,0.3934240362811791,0.9063863908438651,65.0,0.036848072562358274,,,0.0,0.3328361077374949,0.320944447659236,511,511,282.71037181996087,293.0,0.5086786470888007,0.9373776908023483,0.00022404421939165264,8.446875947226808e+23,8676221.330378903,7,2026-02-07 00:00:00+00:00,1,24.1875
1770451200000,1038,0.595577435701705,148.2397021604264,1294688.544175913,0.5975245489070887,336,0.3236994219653179,0.8652143276998397,276,0.2658959537572254,0.3851895545788353,335,0.3227360308285164,0.5450931274343114,91.0,0.08766859344894026,,,0.0,0.3187541725619806,0.27877037634510815,336,336,286.4077380952381,296.0,0.507684462511566,0.9226190476190477,0.00015158050769332093,8.526141931001259e+23,4410749.4835026935,8,2026-02-07 00:00:00+00:00,1,24.229166666666668
1770454800000,670,0.4985481510377205,80.63759247219186,806936.3809791503,0.5684212022846998,242,0.3611940298507463,0.6197666660488915,163,0.24328358208955222,0.340709426114638,223,0.3328358208955224,0.4635514679248041,42.0,0.0626865671641791,,,0.0,0.2808185431021742,0.28760265918252553,242,242,287.8057851239669,296.0,0.516442240235565,0.9214876033057852,0.00010639518394868146,8.858794596804562e+23,2890616.5260677515,9,2026-02-07 00:00:00+00:00,1,24.270833333333332
1770458400000,621,0.5303330986977087,98.62323372053902,764550.8726585876,0.5085449471789415,226,0.3639291465378422,0.8145240236942491,150,0.24154589371980675,0.36654273149752253,195,0.3140096618357488,0.41502520065364124,50.0,0.08051529790660225,,,0.0,0.2936170157753884,0.21492793140355304,226,226,309.25221238938053,309.0,0.5359200014471296,0.8805309734513275,0.0001160796579506346,9.333537036105345e+23,2956503.767410142,10,2026-02-07 00:00:00+00:00,1,24.3125
1770462000000,504,0.4673596690557491,71.45811491059962,642640.6301055368,0.45149956335728225,170,0.3373015873015873,0.5793170728203872,145,0.2876984126984127,0.37064755199164756,150,0.2976190476190476,0.4922112583501615,39.0,0.07738095238095238,,,0.0,0.2828652065771531,0.16863435678012914,170,170,287.61176470588236,272.5,0.5177649087577341,0.9,8.276367454120248e-05,1.0280238963614622e+24,2542010.3496235325,11,2026-02-07 00:00:00+00:00,1,24.354166666666668
1770465600000,1224,0.6772270200090562,253.3108001255336,1934583.6947290236,0.6147864590333796,361,0.2949346405228758,0.9918064888847499,353,0.2883986928104575,0.4699552070500562,453,0.3700980392156863,0.771764235263905,57.0,0.04656862745098039,,,0.0,0.36466466418968446,0.25012179484369507,361,361,286.6509695290859,293.0,0.5145685222019502,0.925207756232687,0.00017629059378075997,1.045814789813941e+24,6930538.807303641,12,2026-02-07 00:00:00+00:00,1,24.395833333333332
1770469200000,624,0.4981903346171161,102.1267382894815,837902.8709924363,0.5296129132938164,199,0.3189102564102564,0.605723804292422,202,0.32371794871794873,0.3357586734791863,184,0.2948717948717949,0.5472306325223442,39.0,0.0625,,,0.0,0.2516547839910001,0.2779581293028163,199,199,305.50251256281405,293.0,0.5323436504795274,0.8693467336683417,9.710835531534626e-05,1.0853348937758869e+24,3536884.4030007822,13,2026-02-07 00:00:00+00:00,1,24.4375
1770472800000,583,0.4754845173547494,85.31150599571433,776205.7381039308,0.43328646401989124,190,0.3259005145797599,0.6293756204751086,159,0.2727272727272727,0.357163905510891,194,0.33276157804459694,0.6380631032346105,40.0,0.0686106346483705,,,0.0,0.2937606984737968,0.13952576554609436,190,190,280.39473684210526,301.0,0.5068712644327212,0.9315789473684211,0.00010597804118065935,1.0771768899552445e+24,2925111.9671856686,14,2026-02-07 00:00:00+00:00,1,24.479166666666668
1770476400000,982,0.5473740601190316,166.6743399704874,1394551.1791990113,0.5247449358446967,264,0.26883910386965376,0.8373595176932185,278,0.2830957230142566,0.36350278594984675,366,0.3727087576374745,0.4481175459125729,74.0,0.07535641547861507,,,0.0,0.328924349724299,0.19582058612039777,264,264,293.7765151515151,296.5,0.5105367027793131,0.9090909090909091,0.000120373423470853,1.0665115113875006e+24,5746255.613212021,15,2026-02-07 00:00:00+00:00,1,24.520833333333332
1770480000000,1218,1.2199289247178593,736.6117473276045,3003197.8430272127,0.7666522020732655,306,0.2512315270935961,2.1715876849565428,328,0.26929392446633826,0.9532536077100359,541,0.44417077175697867,0.5415556752339081,43.0,0.035303776683087026,,,0.0,0.42287909272274593,0.3437731093505196,306,306,279.39869281045753,292.0,0.504756529927347,0.9248366013071896,0.0002131127595678848,1.063031838672574e+24,22177100.76153079,16,2026-02-07 00:00:00+00:00,1,24.5625
1770483600000,704,0.5473621011584157,111.20264530562393,974679.9663486142,0.5684404827602364,247,0.3508522727272727,0.6828635385104928,184,0.26136363636363635,0.3835307547661556,219,0.31107954545454547,0.6536665480375455,54.0,0.07670454545454546,,,0.0,0.3471493392904612,0.22129114346977516,247,247,283.5344129554656,294.0,0.5055264687292604,0.902834008097166,0.00010953990583836829,1.0555239849496299e+24,3369602.4645325835,17,2026-02-07 00:00:00+00:00,1,24.604166666666668
1770487200000,837,0.4574583799633393,130.27532863200523,1190116.1041628134,0.5347518240331827,197,0.23536439665471923,0.5464358351652138,244,0.2915173237753883,0.3528192749480637,352,0.42054958183990443,0.45508695756244283,44.0,0.052568697729988054,,,0.0,0.339903998332416,0.1948478257007666,197,197,279.502538071066,287.0,0.5011839788385283,0.934010152284264,0.0001243400674737541,1.298483952113599e+24,4851533.9081016155,18,2026-02-07 00:00:00+00:00,1,24.645833333333332
1770490800000,1131,0.476389505968246,251.57701903503013,2102981.8913242724,0.493576151690959,109,0.09637488947833775,0.635935921436231,347,0.3068081343943413,0.38351959114102563,601,0.5313881520778072,0.45718502299517677,74.0,0.06542882404951371,,,0.0,0.25429303287232263,0.23928311881863631,109,109,308.3211009174312,296.0,0.5377454730872846,0.9174311926605505,7.43425395461529e-05,1.695017376640058e+24,12668955.437303495,19,2026-02-07 00:00:00+00:00,1,24.6875
1770494400000,432,0.45221229954459186,98.44482139664227,840073.0154316248,0.5051943240727721,118,0.27314814814814814,0.5918841080606079,138,0.3194444444444444,0.2610991511173979,137,0.31712962962962965,0.4690305781340813,39.0,0.09027777777777778,,,0.0,0.2215196962767636,0.28367462779600844,118,118,308.72033898305085,323.5,0.5270243190211029,0.8728813559322034,8.135242002477843e-05,1.723133851382341e+24,3849760.1121251234,20,2026-02-07 00:00:00+00:00,1,24.729166666666668
1770498000000,395,0.47604556986857816,85.20717134131723,679169.1975971158,0.505333289936968,109,0.2759493670886076,0.6837967277914879,101,0.25569620253164554,0.33728290840465486,146,0.369620253164557,0.37563839387022935,39.0,0.09873417721518987,,,0.0,0.2674645467805179,0.23786874315645015,109,109,329.22935779816515,313.0,0.5309495436417464,0.908256880733945,7.464688405764843e-05,1.5865332554446496e+24,3807253.214814842,21,2026-02-07 00:00:00+00:00,1,24.770833333333332
1770501600000,331,0.3915374022628136,59.68716263599842,582836.0642975612,0.42366481887376756,91,0.27492447129909364,0.5045846871920108,102,0.3081570996978852,0.28451677596752095,115,0.3474320241691843,0.2981875783316713,23.0,0.06948640483383686,,,0.0,0.2495628463954782,0.17410197247828935,91,91,323.05494505494505,321.0,0.5421058809086963,0.9010989010989011,7.078340605828933e-05,1.710278217336637e+24,2783620.8486748138,22,2026-02-07 00:00:00+00:00,1,24.8125
1770505200000,454,0.43127336367043484,70.09517561194808,688669.789309864,0.4766583850039825,163,0.3590308370044053,0.47351026443038746,136,0.29955947136563876,0.2943142534434543,118,0.2599118942731278,0.5128733103207557,37.0,0.08149779735682819,,,0.0,0.24904664782914793,0.22761173717483457,163,163,286.39263803680984,286.0,0.5080357309001761,0.9141104294478528,7.589737688959254e-05,1.33103085308401e+24,2888721.7031119973,23,2026-02-07 00:00:00+00:00,1,24.854166666666668
1770508800000,387,0.45813900016045844,81.32254347005686,799865.0941128462,0.4396681340827165,181,0.46770025839793283,0.593422307526774,113,0.29198966408268734,0.3246234808914971,77,0.19896640826873385,0.3541957508721863,16.0,0.041343669250646,,,0.0,0.23907139996980997,0.20059673411290654,181,181,296.24309392265195,297.0,0.5293272280815393,0.9337016574585635,7.342678880352307e-05,1.6605200899520734e+24,2826369.5309337666,0,2026-02-08 00:00:00+00:00,1,24.895833333333332
1770512400000,281,0.49423780554319524,66.36560104645748,647811.239490065,0.48263519523366327,127,0.45195729537366547,0.6719670205480928,74,0.26334519572953735,0.3597405216323219,63,0.22419928825622776,0.3057024223274998,17.0,0.060498220640569395,,,0.0,0.2546278496002006,0.22800734563346267,127,127,294.31496062992125,296.0,0.5232160829081215,0.8818897637795275,7.185849529896284e-05,1.722607654586318e+24,2636479.6372064278,1,2026-02-08 00:00:00+00:00,1,24.9375
1770516000000,395,0.45571099846977414,63.83965531924966,634835.9799908065,0.4735497034593923,157,0.39746835443037976,0.5213141850579122,114,0.28860759493670884,0.31590497944460805,99,0.25063291139240507,0.5981652356327203,25.0,0.06329113924050633,,,0.0,0.21727409913397272,0.25627560432541957,157,157,302.5350318471338,294.0,0.5297560434965235,0.8662420382165605,8.239637016846594e-05,1.3204158575088121e+24,2502689.467214741,2,2026-02-08 00:00:00+00:00,1,24.979166666666668
1770519600000,412,0.4586721281739117,57.90556008815275,520332.4291390629,0.4500972003109513,150,0.3640776699029126,0.5816044845560107,134,0.32524271844660196,0.2859495241911789,103,0.25,0.5628213935524826,25.0,0.06067961165048544,,,0.0,0.22944771291018842,0.2206494874007629,150,150,315.56,306.0,0.5329375092405509,0.86,6.343930697022748e-05,1.0911542527016901e+24,1917301.884446465,3,2026-02-08 00:00:00+00:00,1,25.020833333333332
1770523200000,365,0.44958248796134426,46.917944302361924,427376.5620730501,0.454289795795271,111,0.3041095890410959,0.6072267537129923,116,0.3178082191780822,0.3003817187657531,114,0.31232876712328766,0.3745675584421931,24.0,0.06575342465753424,,,0.0,0.2804263505729442,0.17386344522232683,111,111,336.27927927927925,323.0,0.5559939328813133,0.8648648648648649,7.058560174742105e-05,1.0744902424337567e+24,1981221.3004195162,4,2026-02-08 00:00:00+00:00,1,25.0625
1770526800000,211,0.39393950527750005,31.732832659695628,324561.9515520162,0.45493776408049713,79,0.3744075829383886,0.40063499738114994,62,0.2938388625592417,0.2555229079233462,54,0.2559241706161137,0.533971586606328,16.0,0.07582938388625593,,,0.0,0.25223014082354034,0.20270762325695688,79,79,298.9113924050633,299.0,0.526757993130146,0.8987341772151899,5.111164030411236e-05,1.4239798409591068e+24,1549003.4649395691,5,2026-02-08 00:00:00+00:00,1,25.104166666666668
1770530400000,351,0.45134893954655697,51.133462443138214,483585.7943057891,0.4670545989430648,88,0.25071225071225073,0.6070849005987353,121,0.34472934472934474,0.271211753390284,115,0.32763532763532766,0.469483276352673,27.0,0.07692307692307693,,,0.0,0.2461068446173703,0.22094775432569447,88,88,331.15909090909093,325.5,0.5482432093832679,0.8295454545454546,7.48849719588939e-05,1.1457626005839236e+24,2298434.328731312,6,2026-02-08 00:00:00+00:00,1,25.145833333333332
1770534000000,745,0.3900711818520764,116.826009273511,1092122.8231111476,0.43318128519382376,139,0.1865771812080537,0.5161433057400608,219,0.29395973154362415,0.2935180720156977,345,0.46308724832214765,0.3831360246515815,42.0,0.056375838926174496,,,0.0,0.24361633905952196,0.18956494613430178,139,139,307.6546762589928,329.0,0.5339280761775123,0.9136690647482014,7.955923414415522e-05,1.5336413449135465e+24,4978923.153195808,7,2026-02-08 00:00:00+00:00,1,25.1875
1770537600000,803,0.6137951906212388,172.92580705686456,1474929.060323189,0.5623844228287871,264,0.3287671232876712,0.8611277758725784,258,0.32129514321295144,0.3469895347075272,238,0.29638854296388545,0.92217616294275,43.0,0.053549190535491904,,,0.0,0.2621045966033874,0.30027982622539967,264,264,295.1818181818182,308.0,0.5256565861858785,0.9318181818181818,0.0001259318486160321,1.3395941672786494e+24,5142291.850804793,8,2026-02-08 00:00:00+00:00,1,25.229166666666668
1770541200000,703,0.5592689648161583,138.809545041238,1187572.3872376638,0.565807063935477,251,0.35704125177809387,0.6780976563858518,232,0.33001422475106684,0.3527198065514859,181,0.2574679943100996,0.7689119987337949,39.0,0.05547652916073969,,,0.0,0.2911599743561631,0.27464708957931383,251,251,301.8247011952191,320.0,0.5236891821062671,0.8884462151394422,0.0001273760684570421,1.1930847595915386e+24,4266177.258153838,9,2026-02-08 00:00:00+00:00,1,25.270833333333332
1770544800000,653,0.5457401992353956,161.0898432059164,1406497.1021644152,0.5606206346889036,245,0.37519142419601836,0.735996459018557,196,0.3001531393568147,0.3614521650156502,181,0.2771822358346095,0.3012305408536154,31.0,0.04747320061255743,,,0.0,0.28244155736092985,0.2781790773279737,245,245,295.56734693877553,305.0,0.5243571227577231,0.8979591836734694,0.00011947654465219217,1.7479554504618216e+24,4336590.417272906,10,2026-02-08 00:00:00+00:00,1,25.3125
1770548400000,751,0.5432311962961425,140.10771207431497,1257222.4114085867,0.5497359664726282,292,0.38881491344873503,0.6927220880852926,216,0.28761651131824234,0.36340634941132616,199,0.26498002663115844,0.5794975374799649,44.0,0.05858854860186418,,,0.0,0.33432015326543224,0.21541581320719605,292,292,311.90410958904107,314.5,0.5355041344497569,0.8801369863013698,0.00010020846085102528,1.2990905936032107e+24,4289404.274028231,11,2026-02-08 00:00:00+00:00,1,25.354166666666668
1770552000000,668,0.4997888992519645,142.5170796643903,1089585.726589088,0.4531357679501366,239,0.35778443113772457,0.6448416889806319,187,0.27994011976047906,0.37398528469067793,197,0.2949101796407186,0.6955342052619541,45.0,0.06736526946107785,,,0.0,0.2784755919588099,0.17466017599132672,239,239,313.72384937238496,317.0,0.5403368354951461,0.8744769874476988,9.572289992884695e-05,1.34445587729514e+24,3789807.40834123,12,2026-02-08 00:00:00+00:00,1,25.395833333333332
1770555600000,583,0.5304747906443898,145.90950785466035,1304944.6532911344,0.5345089627811898,208,0.3567753001715266,0.6646148626100723,189,0.3241852487135506,0.3258842081813871,158,0.27101200686106347,0.74953659861532,28.0,0.048027444253859346,,,0.0,0.33824543907578497,0.19626352370540484,208,208,288.60096153846155,293.0,0.5181408476503866,0.9230769230769231,0.00011125137648965775,1.7418363717959403e+24,4498730.556280391,13,2026-02-08 00:00:00+00:00,1,25.4375
1770559200000,607,0.4763043477711263,144.3054791481874,1238599.7132471919,0.515816879066767,195,0.3212520593080725,0.6337062758035811,192,0.3163097199341021,0.2856969625256371,185,0.30477759472817134,0.40019727592924753,35.0,0.057660626029654036,,,0.0,0.2844953304952303,0.23132154857153664,195,195,294.65128205128207,302.0,0.5184994490141698,0.8974358974358975,8.116689769890982e-05,1.6666195420656855e+24,4194791.338950284,14,2026-02-08 00:00:00+00:00,1,25.479166666666668
1770562800000,838,0.5423206117241675,152.8717415268744,1321476.0041194467,0.5303437168922076,232,0.27684964200477324,0.7649133921570282,244,0.2911694510739857,0.3357770933700207,315,0.37589498806682575,0.8301335788933775,47.0,0.05608591885441527,,,0.0,0.24559512300591932,0.2847485938862882,232,232,305.04741379310343,304.0,0.5239110645162586,0.9008620689655172,0.00011022188862509807,1.2084659278283678e+24,5426578.716307818,15,2026-02-08 00:00:00+00:00,1,25.520833333333332
1770566400000,1039,0.5339336234153055,185.04739873950518,1617707.8510986364,0.5669032540059692,292,0.28103946102021177,0.7486759491425953,279,0.2685274302213667,0.3361992718198747,426,0.41000962463907603,0.8838048798263964,42.0,0.04042348411934552,,,0.0,0.2932327941140883,0.2736704598918809,292,292,268.52054794520546,289.0,0.49478371480369465,0.958904109589041,0.0001315711076141852,1.212107332304284e+24,5977160.512341072,16,2026-02-08 00:00:00+00:00,1,25.5625
1770570000000,600,0.5721154541343411,115.26582178837428,1010241.5705134226,0.5235740859582858,250,0.4166666666666667,0.837739520250908,166,0.27666666666666667,0.346556195520612,164,0.2733333333333333,0.8237887282001042,20.0,0.03333333333333333,,,0.0,0.2571704650330639,0.26640362092522185,250,250,253.964,272.0,0.4783468328036478,0.96,0.00010115359618650339,1.1867743639490783e+24,3463708.7611145168,17,2026-02-08 00:00:00+00:00,1,25.604166666666668
1770573600000,582,0.6050066010475669,120.86358727104974,1072413.3023885873,0.5635459764937253,254,0.436426116838488,0.8384730460298746,154,0.2646048109965636,0.4316435055537225,133,0.22852233676975944,0.5473104500739492,41.0,0.070446735395189,,,0.0,0.29689104564876634,0.2666549308449589,254,254,296.12992125984255,306.5,0.5216257957626184,0.9094488188976378,0.00013711591471118792,1.2368799242608018e+24,3687698.918073231,18,2026-02-08 00:00:00+00:00,1,25.645833333333332
1770577200000,368,0.5244621368297039,66.69847170242845,615803.9785211986,0.5178353086057408,166,0.45108695652173914,0.6120372443315706,87,0.23641304347826086,0.3873279494348717,80,0.21739130434782608,0.651655111804048,35.0,0.09510869565217392,,,0.0,0.25179813533067574,0.2660371732750651,166,166,293.4457831325301,293.0,0.5236551728923329,0.9096385542168675,7.194085108921383e-05,1.2639402523579313e+24,2244926.8899514014,19,2026-02-08 00:00:00+00:00,1,25.6875
1770580800000,318,0.4851432183834913,53.198444277908294,558347.762078396,0.4792892267664131,157,0.4937106918238994,0.6353778797436981,79,0.24842767295597484,0.3466912032347027,59,0.18553459119496854,0.36423918926190224,23.0,0.07232704402515723,,,0.0,0.20513888514292297,0.2741503416234902,157,157,322.78343949044586,308.0,0.5348482964898423,0.8343949044585988,8.876974952556327e-05,1.2455557469739211e+24,2052004.4515414082,20,2026-02-08 00:00:00+00:00,1,25.729166666666668
1770584400000,290,0.5269837326136909,51.3129809400489,521523.6190642147,0.5264089437310183,147,0.506896551724138,0.6589500254829339,74,0.25517241379310346,0.35399643999007335,55,0.1896551724137931,0.5150758317371084,14.0,0.04827586206896552,,,0.0,0.29396804981597313,0.23244089391504522,147,147,308.18367346938777,316.0,0.5361575710985148,0.8639455782312925,8.218576511185855e-05,1.2496913873355483e+24,1687323.6392120882,21,2026-02-08 00:00:00+00:00,1,25.770833333333332
1770588000000,275,0.5302635733618705,50.46764321733652,471267.8364753947,0.6351556028782362,123,0.44727272727272727,0.5009859752874779,76,0.27636363636363637,0.38460074567061814,56,0.20363636363636364,0.4042883820544194,20.0,0.07272727272727272,,,0.0,0.3141138819323047,0.3210417209459314,123,123,268.4308943089431,266.0,0.4954682265681873,0.9105691056910569,7.487719394180143e-05,1.2648446439063967e+24,1788041.1671274458,22,2026-02-08 00:00:00+00:00,1,25.8125
1770591600000,1602,0.7631926999583173,434.5724097040598,3326069.232603592,0.6536065014793785,605,0.3776529338327091,1.1746311073350724,486,0.30337078651685395,0.43794326056867483,445,0.2777777777777778,0.9310197397014383,66.0,0.04119850187265917,,,0.0,0.3434710401600219,0.31013546131935665,605,605,284.53719008264466,297.0,0.5128638098182156,0.947107438016529,0.00021488666677822382,1.242684623348047e+24,9741500.600948257,23,2026-02-08 00:00:00+00:00,1,25.854166666666668
1770595200000,1007,0.6833122615904199,240.29250173941676,2001143.8506872272,0.6327203117296529,420,0.4170804369414101,1.0175269799540518,278,0.27606752730883816,0.3771552353896414,248,0.24627606752730885,0.753211765430185,61.0,0.0605759682224429,,,0.0,0.29899574296500286,0.33372456876465,420,420,277.16190476190474,281.5,0.5064618441833113,0.9357142857142857,0.00013578002860140686,1.2242475345244812e+24,5935826.860583051,0,2026-02-09 00:00:00+00:00,1,25.895833333333332
1770598800000,1025,0.6625641600392185,228.39529431590503,2043276.4354220922,0.6272017005664441,428,0.4175609756097561,0.8671621295829548,309,0.30146341463414633,0.38497394785703754,214,0.20878048780487804,0.8155190988543477,74.0,0.0721951219512195,,,0.0,0.31465072679315703,0.31255097377328706,428,428,279.61915887850466,286.0,0.5055596621463376,0.9415887850467289,0.00015400475787739315,1.211136958119548e+24,5962605.1261412315,1,2026-02-09 00:00:00+00:00,1,25.9375
1770602400000,693,0.6412204255228676,162.4462480698791,1319570.681110027,0.6205030586634335,286,0.4126984126984127,0.8891673610064329,200,0.2886002886002886,0.34717089327078393,163,0.2352092352092352,0.7381716432995656,44.0,0.06349206349206349,,,0.0,0.3168022426820034,0.30370081598143006,286,286,278.8041958041958,287.0,0.5052742973948258,0.9265734265734266,0.00011909786146842377,1.2175379078288465e+24,4275970.001103379,2,2026-02-09 00:00:00+00:00,1,25.979166666666668
1770606000000,630,0.5806510458520663,129.6941544231748,1077677.3137930539,0.5684452602695611,246,0.3904761904761905,0.8061407891847937,186,0.29523809523809524,0.2744073347429113,164,0.26031746031746034,0.9125775051259021,34.0,0.05396825396825397,,,0.0,0.26182131412772236,0.3066239461418388,246,246,285.3617886178862,270.5,0.5110166795080792,0.8943089430894309,9.940884840625925e-05,1.211745016521339e+24,3668550.8856099886,3,2026-02-09 00:00:00+00:00,1,26.020833333333332
1770609600000,346,0.5489652077876411,65.88237144858883,600278.6096428647,0.5767298572885553,162,0.4682080924855491,0.6513814608994881,102,0.2947976878612717,0.33341547689287493,51,0.14739884393063585,0.4215040864675302,31.0,0.08959537572254335,,,0.0,0.27346599345136674,0.30326386383718845,162,162,299.4691358024691,290.5,0.5261173921446571,0.9012345679012346,6.690307968152698e-05,1.2713443144227584e+24,2120592.3626530673,4,2026-02-09 00:00:00+00:00,1,26.0625
1770613200000,207,0.4624520823574027,46.583541139892915,461643.7607089901,0.4730389082767206,103,0.4975845410628019,0.5733950029846284,52,0.25120772946859904,0.3156573392131276,40,0.1932367149758454,0.3801449809795289,12.0,0.057971014492753624,,,0.0,0.2626963694539211,0.21034253882279957,103,103,294.2330097087379,269.0,0.5148261259850828,0.9029126213592233,5.65695440234059e-05,1.7737300095367065e+24,2131133.2272425275,5,2026-02-09 00:00:00+00:00,1,26.104166666666668
1770616800000,444,0.6338188639744865,120.06093940988697,898949.2835774157,0.538124048166928,176,0.3963963963963964,0.8500011233157537,145,0.32657657657657657,0.4477600446221913,94,0.21171171171171171,0.736763312138705,29.0,0.06531531531531531,,,0.0,0.2694299162218256,0.26869413194510244,176,176,321.32954545454544,324.5,0.5476035095133408,0.875,9.499552942342812e-05,1.3886008681277895e+24,3551185.6466911733,6,2026-02-09 00:00:00+00:00,1,26.145833333333332
1770620400000,511,0.5592739747603983,104.56409561133839,845907.1589818338,0.5749183592893974,221,0.4324853228962818,0.7146548277037548,138,0.2700587084148728,0.32573354302582885,126,0.2465753424657534,0.733355809816697,26.0,0.050880626223091974,,,0.0,0.29096628315943,0.2839520761299674,221,221,311.6470588235294,342.0,0.5310974153005816,0.8552036199095022,0.00010244439246851549,1.2801045840547876e+24,2683730.5418732967,7,2026-02-09 00:00:00+00:00,1,26.1875
1770624000000,871,0.6618578595788447,165.64309291072422,1205714.0855249001,0.552034166561112,277,0.31802525832376577,1.090702002568728,267,0.3065442020665901,0.3886802452260586,287,0.32950631458094143,0.5199016622504113,40.0,0.045924225028702644,,,0.0,0.3067403671712041,0.24529379938990786,277,277,294.98194945848377,297.0,0.5243698839811902,0.9061371841155235,0.00013194611176418772,1.0105487169574694e+24,4448847.316981944,8,2026-02-09 00:00:00+00:00,1,26.229166666666668
1770627600000,746,0.42665825950187414,74.36672607065765,675730.7276841248,0.5013223729912926,162,0.21715817694369974,0.5287217802193768,211,0.2828418230563003,0.30606616301058537,328,0.43967828418230565,0.5582853348899601,45.0,0.06032171581769437,,,0.0,0.3040980700117102,0.1972243029795824,162,162,291.4259259259259,293.0,0.514339339128056,0.8950617283950617,9.985061690943098e-05,8.552777814641372e+23,2997495.894432634,9,2026-02-09 00:00:00+00:00,1,26.270833333333332
1770631200000,1059,0.6227301698889507,134.9671096258359,1146920.6923819683,0.6381353931038911,286,0.2700661000944287,0.8495391054910462,324,0.3059490084985836,0.39776940537807215,389,0.36732766761095376,0.7830259768919497,60.0,0.056657223796033995,,,0.0,0.3500818671004387,0.28805352600345235,286,286,277.2307692307692,284.0,0.5016034481402158,0.916083916083916,0.0001335971912470554,8.268866708334476e+23,4219447.954792462,10,2026-02-09 00:00:00+00:00,1,26.3125
1770634800000,782,0.5374736419349211,92.782134594807,791246.0376392822,0.5719755694825,212,0.2710997442455243,0.7403223072820859,213,0.27237851662404094,0.34940216274452357,292,0.3734015345268542,0.6050997583128173,65.0,0.08312020460358056,,,0.0,0.311452897047028,0.260522672435472,212,212,282.1179245283019,293.0,0.5061941116001561,0.9056603773584906,0.00010139451305127196,7.711824452633091e+23,3052662.422636303,11,2026-02-09 00:00:00+00:00,1,26.354166666666668
1770638400000,497,0.48019882163195843,56.52856400011675,485761.502910101,0.4956611457217862,151,0.3038229376257545,0.5836317138225765,136,0.27364185110663986,0.3150165306003505,160,0.32193158953722334,0.680748467423343,50.0,0.1006036217303823,,,0.0,0.2608329597744212,0.23482818594736496,151,151,300.1324503311258,293.0,0.5215981294227997,0.8410596026490066,7.169057821232768e-05,8.406651528484928e+23,1967139.1750737077,12,2026-02-09 00:00:00+00:00,1,26.395833333333332
1770642000000,682,0.48320491714927905,91.47055887746805,791545.3943110156,0.5084163455802783,214,0.31378299120234604,0.5796712217426967,177,0.2595307917888563,0.3765241116706526,251,0.3680351906158358,0.5908824315959413,40.0,0.05865102639296188,,,0.0,0.2540899875716135,0.2543263580086647,214,214,303.8130841121495,313.0,0.5287907247087753,0.9018691588785047,9.134773076642054e-05,9.972689008144308e+23,2791639.7700703293,13,2026-02-09 00:00:00+00:00,1,26.4375
1770645600000,1740,0.7794622196326841,337.88632527572406,2570376.3523241803,0.667603760271311,535,0.3074712643678161,1.1944200392947415,517,0.2971264367816092,0.4761575894490695,610,0.3505747126436782,1.1682687248257098,78.0,0.04482758620689655,,,0.0,0.362889417491754,0.3047143427795569,535,535,279.89158878504674,291.0,0.5061157180659488,0.9439252336448598,0.00018732609832491324,8.80229068718285e+23,7859463.630475687,14,2026-02-09 00:00:00+00:00,1,26.479166666666668
1770649200000,1224,0.6138370303353168,242.74033306051157,2023010.3249557887,0.5444480392969501,418,0.3415032679738562,0.9064697965029356,361,0.2949346405228758,0.3904716737879774,392,0.3202614379084967,0.8199387177708636,53.0,0.04330065359477124,,,0.0,0.28869117814446216,0.25575686115248786,418,418,290.91148325358853,309.0,0.5183474534006932,0.9354066985645934,0.00014442406392673965,1.1564566999922016e+24,6195054.829952881,15,2026-02-09 00:00:00+00:00,1,26.520833333333332
1770652800000,1077,0.6838822590237332,248.54123442904245,1920101.2029747015,0.6058838278354228,358,0.33240482822655526,1.0568084224447403,324,0.3008356545961003,0.36852324775316636,332,0.308263695450325,0.8710973885290842,63.0,0.0584958217270195,,,0.0,0.2719661087062174,0.3339177191292054,358,358,288.6815642458101,295.5,0.5157850002659365,0.9189944134078212,0.0001426744706805005,1.1568101155794512e+24,5881563.365007134,16,2026-02-09 00:00:00+00:00,1,26.5625
1770656400000,979,0.652862003113055,218.52216215488156,1694634.8917624266,0.583884653818241,344,0.35137895812053116,0.9604714163209018,286,0.29213483146067415,0.4068017995034006,284,0.2900919305413687,0.7395237539609569,65.0,0.06639427987742594,,,0.0,0.2909364074283607,0.2929482463898803,344,344,288.6017441860465,302.5,0.5142804839091176,0.9244186046511628,0.00014597152624496305,1.1655989757333384e+24,5353192.479871052,17,2026-02-09 00:00:00+00:00,1,26.604166666666668
1770660000000,895,0.6624068627998188,194.58706237791677,1591373.4958907722,0.5955711254842572,343,0.38324022346368714,1.0379700617538667,255,0.2849162011173184,0.3198448458735715,243,0.27150837988826815,0.854973756855994,54.0,0.060335195530726256,,,0.0,0.2924319542342862,0.30313917124997086,343,343,284.402332361516,293.0,0.5110545816701982,0.9096209912536443,0.00012280247427719966,1.1654625827678051e+24,4788100.240365492,18,2026-02-09 00:00:00+00:00,1,26.645833333333332
1770663600000,649,0.6001944013343169,132.465797042451,1135504.2025045846,0.5398929589318027,258,0.3975346687211094,0.7931459695831369,182,0.28043143297380585,0.339835791252276,146,0.22496147919876733,0.8930982710254513,63.0,0.0970724191063174,,,0.0,0.2563510625705044,0.28354189636129823,258,258,291.55426356589146,302.5,0.5122902943838952,0.9147286821705426,9.657885113437839e-05,1.1993114709220027e+24,3360945.065292763,19,2026-02-09 00:00:00+00:00,1,26.6875
1770667200000,563,0.578170268797464,104.2685185893896,908933.7040282063,0.5833639498665563,239,0.42451154529307283,0.781140618840506,147,0.261101243339254,0.3222513113611597,134,0.23801065719360567,0.6529425726259424,43.0,0.0763765541740675,,,0.0,0.27570045935641296,0.3076634905101433,239,239,275.8577405857741,282.0,0.504317814864583,0.9037656903765691,0.00010534403932926811,1.1759764629349665e+24,3005051.6920464463,20,2026-02-09 00:00:00+00:00,1,26.729166666666668
1770670800000,473,0.6066097409393229,100.90823156280047,778375.684653162,0.5973399903762509,200,0.42283298097251587,0.8580531335065391,136,0.28752642706131076,0.36010120864818046,112,0.23678646934460887,0.4172739145425605,25.0,0.052854122621564484,,,0.0,0.2360049067875855,0.3613350835886653,200,200,282.8,301.0,0.504725683588076,0.89,0.0001308337722364913,1.1925766583486754e+24,2301643.097875597,21,2026-02-09 00:00:00+00:00,1,26.770833333333332
1770674400000,305,0.5409388031772068,54.49309963329751,482360.771307628,0.5862358868011962,165,0.5409836065573771,0.7356585506117908,71,0.23278688524590163,0.2233233084509072,54,0.17704918032786884,0.2644131931376367,15.0,0.04918032786885246,,,0.0,0.3214453678839659,0.2647905189172303,165,165,290.3151515151515,293.0,0.5178871877768498,0.8787878787878788,6.204824033591309e-05,1.1741077853474634e+24,1477986.6728564142,22,2026-02-09 00:00:00+00:00,1,26.8125
1770678000000,352,0.42771123703232183,50.14892133236088,476849.3896389891,0.4426440420877677,171,0.48579545454545453,0.5729436772088318,91,0.2585227272727273,0.23495249575949162,83,0.23579545454545456,0.46047035204678793,7.0,0.019886363636363636,,,0.0,0.2272250080419187,0.215419034045849,171,171,302.03508771929825,294.0,0.5294905604330421,0.8947368421052632,7.652177318107462e-05,1.1896226954353779e+24,1666956.3222275022,23,2026-02-09 00:00:00+00:00,1,26.854166666666668
1770681600000,396,0.4930247789649889,77.55141451373227,568365.5959095669,0.48065573408948303,138,0.3484848484848485,0.6757823595992939,116,0.29292929292929293,0.3629119766976627,129,0.32575757575757575,0.2846863429438748,13.0,0.03282828282828283,,,0.0,0.1768951397069986,0.30376059438248443,138,138,310.1811594202899,318.5,0.5385990648013342,0.8840579710144928,9.310734811862208e-05,1.2059891777241688e+24,2160880.2569173733,0,2026-02-10 00:00:00+00:00,1,26.895833333333332
1770685200000,449,0.4059347210852071,57.16096512349992,562869.8843445434,0.3902763374132229,182,0.4053452115812918,0.5673750018716173,143,0.3184855233853007,0.23656118919887717,109,0.24276169265033407,0.28764009784883743,15.0,0.0334075723830735,,,0.0,0.2349165500968506,0.15535978731637226,182,182,299.1373626373626,298.0,0.5234802078031152,0.9010989010989011,8.589398551979626e-05,1.167080848197524e+24,1808355.2692549524,1,2026-02-10 00:00:00+00:00,1,26.9375
1770688800000,263,0.413266158939627,34.20330544219014,329657.05095632776,0.45205255683948187,105,0.39923954372623577,0.502309169469976,76,0.2889733840304182,0.2674858329323986,75,0.28517110266159695,0.42664956904689105,7.0,0.026615969581749048,,,0.0,0.24348165326444646,0.2085709035750354,105,105,298.81904761904764,293.0,0.5204113517824136,0.8857142857142857,5.785895419694646e-05,1.1944937176085453e+24,1497310.6207927482,2,2026-02-10 00:00:00+00:00,1,26.979166666666668
1770692400000,507,0.5040314259295248,92.88537364523215,745548.7357789577,0.5206691986356069,191,0.3767258382642998,0.7010545135347768,165,0.3254437869822485,0.2576936387700783,137,0.2702169625246548,0.3655780544378056,14.0,0.027613412228796843,,,0.0,0.2776648621640316,0.2430043364715753,191,191,309.9476439790576,323.0,0.5346178790114885,0.8638743455497382,0.0001123331421931483,1.2417259447960102e+24,2531916.0830364525,3,2026-02-10 00:00:00+00:00,1,27.020833333333332
1770696000000,303,0.39511032288973963,42.7163158611835,403231.9732066317,0.46231816277752796,121,0.39933993399339934,0.41308742726779285,91,0.30033003300330036,0.28274553908462596,80,0.264026402640264,0.32430283012463507,11.0,0.036303630363036306,,,0.0,0.2984475197755523,0.16387064300197565,121,121,316.3223140495868,311.0,0.5384555500969872,0.8677685950413223,6.2570537672544e-05,1.3126641735792578e+24,1419643.8635199803,4,2026-02-10 00:00:00+00:00,1,27.0625
1770699600000,384,0.4115339618667466,54.67731772985228,495398.72394249757,0.4283135103307656,143,0.3723958333333333,0.46238269996805953,108,0.28125,0.3593898985524226,118,0.3072916666666667,0.29565798358632905,15.0,0.0390625,,,0.0,0.2021568174883032,0.22615669284246237,143,143,290.09090909090907,292.0,0.517983360976904,0.9020979020979021,7.884960959656926e-05,1.2516790167954664e+24,1997043.299452366,5,2026-02-10 00:00:00+00:00,1,27.104166666666668
1770703200000,544,0.5770653063089451,106.89285827915376,889646.2430200536,0.5863426308898725,201,0.3694852941176471,0.7993050429507914,130,0.23897058823529413,0.4220598199905143,194,0.35661764705882354,0.5410209032336382,19.0,0.034926470588235295,,,0.0,0.330468739675698,0.2558738912141745,201,201,297.8059701492537,321.0,0.5251719551947048,0.9054726368159204,9.631384074936573e-05,1.2520168118517e+24,3386519.32155806,6,2026-02-10 00:00:00+00:00,1,27.145833333333332
1770706800000,481,0.45221854181790044,70.60064304548729,624654.8225069619,0.5244687321638049,147,0.30561330561330563,0.5324338386542075,147,0.30561330561330563,0.33698458841039414,170,0.35343035343035345,0.28618003967031225,17.0,0.035343035343035345,,,0.0,0.29821922355957775,0.2262495086042271,147,147,284.8843537414966,291.0,0.4990908129794655,0.8775510204081632,0.00010169454932762892,1.2007961186411902e+24,2342830.657946486,7,2026-02-10 00:00:00+00:00,1,27.1875
1770710400000,514,0.4322910241307652,69.53813126048426,639326.7258296871,0.47744813119552515,196,0.38132295719844356,0.518898245897553,125,0.24319066147859922,0.3324270899265206,178,0.3463035019455253,0.30556332965170435,15.0,0.029182879377431907,,,0.0,0.3715997523093293,0.1058483788861959,196,196,300.6683673469388,302.0,0.5258753356110893,0.9030612244897959,8.80331836892564e-05,1.2155337981627132e+24,2287102.0591434063,8,2026-02-10 00:00:00+00:00,1,27.229166666666668
1770714000000,515,0.56317722305265,106.70945670803493,749684.7208077263,0.5661681706925576,131,0.2543689320388349,0.901513304594657,132,0.2563106796116505,0.3766442943000869,220,0.42718446601941745,0.4377105799648695,32.0,0.062135922330097085,,,0.0,0.30744110274689146,0.25872706794566624,131,131,320.36641221374043,342.0,0.5438839907112257,0.8931297709923665,0.0001393553637257449,1.2193670022138533e+24,3230401.358091033,9,2026-02-10 00:00:00+00:00,1,27.270833333333332
1770717600000,333,0.431778355717456,49.127904380924356,422305.51599910593,0.4598971622413747,100,0.3003003003003003,0.5433317307241138,88,0.26426426426426425,0.33177376016189486,128,0.3843843843843844,0.44189662501945903,17.0,0.05105105105105105,,,0.0,0.3088204722048968,0.15107669003647795,100,100,294.83,291.5,0.5207852549272245,0.9,6.904276768716526e-05,1.1709924715923842e+24,1770784.0179910962,10,2026-02-10 00:00:00+00:00,1,27.3125
1770721200000,460,0.451295914086304,64.55136174881092,547627.7838853319,0.4755148907295508,148,0.3217391304347826,0.583530774304281,129,0.28043478260869564,0.3355182766531571,158,0.34347826086956523,0.35730236221101025,25.0,0.05434782608695652,,,0.0,0.30224474309283395,0.17327014763671683,148,148,307.0337837837838,320.0,0.5365185253339778,0.9054054054054054,8.595211705713714e-05,1.1349717831667549e+24,3583420.251373787,11,2026-02-10 00:00:00+00:00,1,27.354166666666668
1770724800000,565,0.4423394223637437,73.1390479454237,597828.6284044528,0.5148247268860331,163,0.2884955752212389,0.5776842180282659,146,0.2584070796460177,0.289376604984077,223,0.39469026548672564,0.5191655881671454,33.0,0.0584070796460177,,,0.0,0.3240885262711922,0.19073620061484084,163,163,298.80981595092027,310.0,0.5267869568677326,0.9202453987730062,8.018319002377059e-05,1.0402467232569235e+24,2418657.9296719288,12,2026-02-10 00:00:00+00:00,1,27.395833333333332
1770728400000,703,0.4832554306778598,84.56209626506381,744418.9183513445,0.5470228344269131,180,0.25604551920341395,0.6764841834117525,186,0.26458036984352773,0.32173165144894667,300,0.4267425320056899,0.5113217302816513,37.0,0.05263157894736842,,,0.0,0.2954988461148693,0.25152398831204376,180,180,310.0388888888889,329.5,0.5350958283417866,0.9166666666666666,9.085828471923898e-05,9.207198310227546e+23,2774131.928181144,13,2026-02-10 00:00:00+00:00,1,27.4375
1770732000000,1486,0.6316799115907565,228.79122002364204,1838567.3240657684,0.5815704695646537,389,0.2617765814266487,1.0228217376237665,375,0.25235531628532976,0.4456651939528557,664,0.4468371467025572,0.5683723374069891,58.0,0.039030955585464336,,,0.0,0.28529699240894735,0.2962734771557064,389,389,290.879177377892,298.0,0.5161156599784795,0.9254498714652957,0.00018318594666855487,9.274819445714714e+23,6062059.2491936525,14,2026-02-10 00:00:00+00:00,1,27.479166666666668
1770735600000,1452,0.5787379204177651,210.10770921363803,1792247.5689168987,0.5625692216302848,534,0.3677685950413223,0.9442309586080194,344,0.2369146005509642,0.36135792717628723,534,0.3677685950413223,0.5533728305681671,40.0,0.027548209366391185,,,0.0,0.267143071708519,0.29542614992176586,534,534,280.7883895131086,296.5,0.5057372277711628,0.9382022471910112,0.0001896176338140486,9.216989056666686e+23,5064531.901806674,15,2026-02-10 00:00:00+00:00,1,27.520833333333332
1770739200000,875,0.510118886521966,111.23683923207835,1003208.3512879346,0.5354369139249686,308,0.352,0.7373615220291708,233,0.2662857142857143,0.33027981552519126,308,0.352,0.3041553232028525,26.0,0.029714285714285714,,,0.0,0.23425159230682263,0.3011853216181459,308,308,289.1331168831169,293.5,0.5168793427876252,0.9090909090909091,0.00013362111777676732,9.495110338115161e+23,3343640.6621655324,16,2026-02-10 00:00:00+00:00,1,27.5625
1770742800000,603,0.4751921214599374,78.00369585604719,733893.3728807037,0.5026769725361944,278,0.46102819237147596,0.6198846645147569,125,0.20729684908789386,0.35588622208819437,176,0.29187396351575456,0.27812886347555826,24.0,0.03980099502487562,,,0.0,0.2570151382392709,0.24566183429692348,278,278,288.3956834532374,294.5,0.5151119748177433,0.9136690647482014,0.00010098843092900273,9.958447788752743e+23,2337169.020439097,17,2026-02-10 00:00:00+00:00,1,27.604166666666668
1770746400000,717,0.5479549145078119,98.92223769423666,857611.768864024,0.5287269029590337,309,0.4309623430962343,0.7837214972701078,197,0.27475592747559274,0.32646878270491736,182,0.25383542538354253,0.5412623197673632,29.0,0.040446304044630406,,,0.0,0.2340347884166318,0.29469211454240185,309,309,306.3656957928803,296.0,0.5247307076482729,0.8802588996763754,0.00013966605876805906,9.212503681891368e+23,2612617.761172889,18,2026-02-10 00:00:00+00:00,1,27.645833333333332
1770750000000,547,0.576871940867555,79.20067567698307,660801.7593195913,0.5346103945059809,273,0.4990859232175503,0.9191570867973118,128,0.2340036563071298,0.3168462947205498,134,0.2449725776965265,0.7909002793175163,12.0,0.021937842778793418,,,0.0,0.24942226373821277,0.28518813076776817,273,273,288.6886446886447,287.0,0.5104440108782228,0.9084249084249084,0.00011370435196132439,8.94158241080355e+23,2082952.1284803224,19,2026-02-10 00:00:00+00:00,1,27.6875
1770753600000,347,0.5640589357210058,57.970055989009104,424044.51493549685,0.5165394868779658,168,0.484149855907781,0.7653204926388739,75,0.21613832853025935,0.5063022105509155,83,0.23919308357348704,0.4536998321928213,21.0,0.06051873198847262,,,0.0,0.23488849059703135,0.28165099628093443,168,168,318.6547619047619,331.0,0.5442702134618854,0.8869047619047619,7.345867129585305e-05,9.050939945279522e+23,1831491.447877649,20,2026-02-10 00:00:00+00:00,1,27.729166666666668
1770757200000,772,0.4355120374716806,79.72140290304692,1024695.7263237527,0.4901959304136367,129,0.16709844559585493,0.47928040362527197,266,0.344559585492228,0.3361421205043415,284,0.36787564766839376,0.5379254657765915,93.0,0.12046632124352331,,,0.0,0.21511241324394212,0.2750835171696945,129,129,313.8217054263566,282.0,0.5248937267743716,0.875968992248062,7.725441939975026e-05,9.133877510476354e+23,3710428.106591103,21,2026-02-10 00:00:00+00:00,1,27.770833333333332
1770760800000,284,0.44689554849164925,36.868230939217945,349289.14963942056,0.39815299325949943,94,0.33098591549295775,0.43899478005804493,78,0.2746478873239437,0.4183095730118284,77,0.2711267605633803,0.6583006982513471,35.0,0.12323943661971831,,,0.0,0.21222150643289828,0.18593148682660118,94,94,305.031914893617,299.0,0.537973128845694,0.8829787234042553,6.269970549713817e-05,1.1254059448089533e+24,1422019.6939039766,22,2026-02-10 00:00:00+00:00,1,27.8125
1770764400000,201,0.41187164755430744,28.48852429567665,298339.80713645054,0.43313060436049866,92,0.4577114427860697,0.5227436385505766,53,0.263681592039801,0.2797943666824629,45,0.22388059701492538,0.2401842012144115,11.0,0.05472636815920398,,,0.0,0.2470687293880798,0.18606187497241886,92,92,286.8695652173913,304.5,0.5093152219855456,0.8695652173913043,5.491980093170646e-05,1.2455841271884788e+24,1223547.3230923244,23,2026-02-10 00:00:00+00:00,1,27.854166666666668
1770768000000,293,0.3726099674198234,35.52446561260027,339775.6806934318,0.45806843578042583,103,0.3515358361774744,0.41575052843512234,93,0.3174061433447099,0.24738378098394884,80,0.27303754266211605,0.20812764384953575,17.0,0.05802047781569966,,,0.0,0.29076322640311797,0.16730520937730786,103,103,304.3398058252427,322.0,0.5335747808649846,0.883495145631068,6.524678547326341e-05,1.2729699577716926e+24,1674545.0440995407,0,2026-02-11 00:00:00+00:00,1,27.895833333333332
1770771600000,260,0.3414798602993404,31.329427113875173,316499.92300980195,0.38971605108250856,117,0.45,0.41304954955525125,65,0.25,0.17484254386571862,64,0.24615384615384617,0.36784586947697695,14.0,0.05384615384615385,,,0.0,0.2494072692076885,0.14030878187482004,117,117,296.9059829059829,308.0,0.5229008084328006,0.9316239316239316,6.51569933829213e-05,1.2948456908761277e+24,1360967.1701998194,1,2026-02-11 00:00:00+00:00,1,27.9375
1770775200000,285,0.43339697440739106,46.250428416930575,403858.4501669929,0.5117427519006386,106,0.3719298245614035,0.5471005889370367,76,0.26666666666666666,0.2673938418023469,83,0.2912280701754386,0.27500361879145924,20.0,0.07017543859649122,,,0.0,0.2615457544110872,0.2501969974895513,106,106,277.9811320754717,283.0,0.5047053258720288,0.9056603773584906,6.794050060825007e-05,1.337711968764356e+24,1705234.1191667076,2,2026-02-11 00:00:00+00:00,1,27.979166666666668
1770778800000,395,0.4695369454883379,54.96853368529243,503642.5236259492,0.47490953023659943,167,0.42278481012658226,0.5556253957465341,99,0.25063291139240507,0.4087639236873734,117,0.29620253164556964,0.2770757223376505,12.0,0.030379746835443037,,,0.0,0.270642426776309,0.2042671034602904,167,167,330.92814371257487,297.0,0.5380591000070655,0.8802395209580839,7.791550544343328e-05,1.144214211321897e+24,1964289.4905878648,3,2026-02-11 00:00:00+00:00,1,28.020833333333332
1770782400000,768,0.6135584932530846,98.18518093342729,728729.6209678638,0.5679029716980576,290,0.3776041666666667,0.9782709667373732,180,0.234375,0.42837418901275665,274,0.3567708333333333,0.5440733009879082,24.0,0.03125,,,0.0,0.29050937936550547,0.27739359233255206,290,290,288.1862068965517,283.5,0.5110632322926818,0.903448275862069,0.0001073279799057329,7.264395288042093e+23,2990695.9682159806,4,2026-02-11 00:00:00+00:00,1,28.0625
1770786000000,441,0.5865986731755881,134.7503788687423,776680.5820568097,0.5475432881369299,174,0.3945578231292517,1.0255610885911697,122,0.2766439909297052,0.2609762266164708,127,0.28798185941043086,0.28639161923300216,18.0,0.04081632653061224,,,0.0,0.33472729385826056,0.2128159942786693,174,174,287.4022988505747,294.5,0.5095814803913516,0.9137931034482759,9.2470415495369e-05,1.4140947933314626e+24,3305291.6862117173,5,2026-02-11 00:00:00+00:00,1,28.104166666666668
1770789600000,1071,0.6970145076791942,146.6048925142442,1085165.8764059236,0.7516263835798233,318,0.2969187675070028,0.9448965049206018,302,0.2819794584500467,0.4734195042460113,417,0.38935574229691877,0.726784411453666,34.0,0.031746031746031744,,,0.0,0.42443221967944156,0.32719416390038164,318,318,295.21069182389937,293.0,0.5210732510765023,0.9245283018867925,0.00015820263377516638,7.138712112567162e+23,3897094.018889391,6,2026-02-11 00:00:00+00:00,1,28.145833333333332
1770793200000,768,0.5094535401764172,84.46347494178806,655359.8756653436,0.6029294426406135,209,0.2721354166666667,0.7224416619686869,198,0.2578125,0.32812241381698076,333,0.43359375,0.4621375883123415,28.0,0.036458333333333336,,,0.0,0.33630318864389913,0.2666262539967144,209,209,288.79425837320576,302.0,0.5189311493323403,0.9425837320574163,9.749729274610946e-05,7.307445897804572e+23,2480890.46611875,7,2026-02-11 00:00:00+00:00,1,28.1875
1770796800000,560,0.5710510670454821,72.12597394796775,554829.0918589621,0.4798210409936315,179,0.3196428571428571,0.7838378659938199,135,0.24107142857142858,0.5325582603750963,228,0.40714285714285714,0.3699575518290164,18.0,0.03214285714285714,,,0.0,0.2577477102862825,0.22207333070734903,179,179,284.3463687150838,279.0,0.5058546202205421,0.8994413407821229,0.00017268606589365356,8.105231160987575e+23,2704025.476484751,8,2026-02-11 00:00:00+00:00,1,28.229166666666668
1770800400000,620,0.5464622729050295,79.0514732127121,633363.4917658296,0.554466992460647,178,0.2870967741935484,0.7475209711289118,173,0.27903225806451615,0.4078797570166415,247,0.39838709677419354,0.4565480252141306,22.0,0.035483870967741936,,,0.0,0.26922790146219333,0.2852390909984536,178,178,289.1011235955056,293.5,0.5132826476505951,0.8876404494382022,9.77677064109333e-05,8.852636700901436e+23,2510762.3270631516,9,2026-02-11 00:00:00+00:00,1,28.270833333333332
1770804000000,691,0.6091774659022573,106.57633417200758,788177.7942730784,0.6265838440636297,202,0.29232995658465993,0.7931388371220188,194,0.28075253256150506,0.48018313564913695,275,0.3979739507959479,0.42261978662111543,20.0,0.02894356005788712,,,0.0,0.3065462273841541,0.32003761667947556,202,202,305.2821782178218,322.5,0.5342092655644635,0.9158415841584159,0.00013639028589928974,8.524131531514437e+23,3200476.991155242,10,2026-02-11 00:00:00+00:00,1,28.3125
1770807600000,533,0.4815352718073094,64.1603167191679,535634.6240719203,0.5027557227425178,192,0.3602251407129456,0.6302630835107745,120,0.225140712945591,0.3851508612169682,194,0.36397748592870544,0.3621616299758426,27.0,0.05065666041275797,,,0.0,0.3247344987276331,0.17802122401488463,192,192,307.421875,307.5,0.5321077652414679,0.8958333333333334,9.310271572997972e-05,9.166251427164901e+23,1882809.4275932615,11,2026-02-11 00:00:00+00:00,1,28.354166666666668
1770811200000,534,0.49852897267909835,70.58167244696276,599918.7297466892,0.5206983762006132,207,0.38764044943820225,0.7151157010630187,116,0.21722846441947566,0.35994288538643066,185,0.3464419475655431,0.3418097083581428,26.0,0.04868913857677903,,,0.0,0.2697230316005451,0.2509753446000681,207,207,272.19323671497585,275.0,0.50210576925355,0.9565217391304348,9.210649954496822e-05,1.006950781707531e+24,2215097.3335359786,12,2026-02-11 00:00:00+00:00,1,28.395833333333332
1770814800000,844,0.6137672227852312,165.47389887892953,1210625.3176675618,0.5572237042812404,253,0.29976303317535546,1.0564444759892366,236,0.2796208530805687,0.35389449226235004,335,0.39691943127962087,0.45831938031171227,20.0,0.023696682464454975,,,0.0,0.3284547334249038,0.22876897085633666,253,253,287.3122529644269,293.0,0.5178726334272998,0.9446640316205533,0.00015880650120904567,1.2016257934821361e+24,4358881.21315277,13,2026-02-11 00:00:00+00:00,1,28.4375
1770818400000,1939,0.6979572344815355,453.2656810936941,3305700.5136112818,0.671028802524784,554,0.2857142857142857,1.1686956514082945,527,0.2717895822588963,0.4222528825404865,822,0.42392986075296546,0.5165178700143271,36.0,0.018566271273852502,,,0.0,0.32887192112360414,0.3421568814011799,554,554,290.44404332129966,312.0,0.5189663535949666,0.9530685920577617,0.00024092276126330217,1.1773659849603259e+24,10289797.711287484,14,2026-02-11 00:00:00+00:00,1,28.479166666666668
1770822000000,1936,0.7583682437472342,378.7124121416031,2745692.3245471567,0.7328184050451286,662,0.3419421487603306,1.0923206664752088,541,0.2794421487603306,0.5221061882059421,698,0.3605371900826446,0.7914153092552747,35.0,0.018078512396694214,,,0.0,0.36271657472436675,0.37010183032076194,662,662,291.83383685800607,301.0,0.518536712154485,0.9365558912386707,0.0002585069916462941,9.382130124956316e+23,8255288.0359500535,15,2026-02-11 00:00:00+00:00,1,28.520833333333332
1770825600000,1351,0.620684039004205,242.70837437651508,1944043.5576097583,0.6447807682218224,473,0.35011102886750556,0.9833965355326663,330,0.24426350851221318,0.37307759046396344,503,0.37231680236861586,0.47519885770234593,45.0,0.033308660251665435,,,0.0,0.3157923922497616,0.3289883759720608,473,473,295.169133192389,311.0,0.5224533230861729,0.9217758985200846,0.00017381053752985626,1.0905856825596887e+24,5386702.589816433,16,2026-02-11 00:00:00+00:00,1,28.5625
1770829200000,963,0.5798039349373354,169.68453838115238,1347836.8588811862,0.5433992688459093,381,0.3956386292834891,0.9072945365509766,264,0.27414330218068533,0.331526783895506,291,0.30218068535825543,0.5672598574560196,27.0,0.028037383177570093,,,0.0,0.2819151596670958,0.2614841091788135,381,381,289.68241469816275,293.0,0.5144756116871494,0.9212598425196851,0.00015524755469607874,1.1337187358031531e+24,3958003.601255339,17,2026-02-11 00:00:00+00:00,1,28.604166666666668
1770832800000,689,0.5084031963062411,109.97966731959876,1010491.0994819027,0.5297159685165357,353,0.5123367198838897,0.6689925711973528,166,0.2409288824383164,0.312717796303868,160,0.23222060957910015,0.2212451141283553,10.0,0.01451378809869376,,,0.0,0.29836986921645237,0.23134609930008335,353,353,282.5410764872521,293.0,0.5071985318322645,0.8951841359773371,0.0001255514017691113,1.1932893674513502e+24,3353649.2832193514,18,2026-02-11 00:00:00+00:00,1,28.645833333333332
1770836400000,694,0.5601200648141846,119.8291898750049,1044629.8893725693,0.6215016931888905,363,0.5230547550432276,0.6522793933211943,157,0.22622478386167147,0.30414003121546157,150,0.21613832853025935,0.6287225383220897,24.0,0.0345821325648415,,,0.0,0.3065659884027446,0.31493570478614585,363,363,286.9944903581267,293.0,0.5113001185185175,0.9008264462809917,0.000134679711836879,1.1400088307436211e+24,3050949.177986829,19,2026-02-11 00:00:00+00:00,1,28.6875
1770840000000,488,0.5088016190633975,102.64346992868828,935669.3346261939,0.5702726949381588,239,0.48975409836065575,0.6557907985261194,110,0.22540983606557377,0.29306351471379566,129,0.26434426229508196,0.20578347767652522,10.0,0.020491803278688523,,,0.0,0.27279854321871394,0.2974741517194448,239,239,265.489539748954,277.0,0.4931820912780259,0.9372384937238494,0.00010020495677432729,1.602895040453701e+24,2929477.5397820896,20,2026-02-11 00:00:00+00:00,1,28.729166666666668
1770843600000,506,0.5906441169427061,111.86440239024583,917394.5624723448,0.6407952289375526,227,0.44861660079051385,0.7801051652242166,130,0.25691699604743085,0.3323011590894234,135,0.26679841897233203,0.5093627319974687,14.0,0.02766798418972332,,,0.0,0.2967660627962758,0.34402916614127665,227,227,289.3832599118943,296.0,0.5143477005618704,0.8986784140969163,0.0001117817558064849,1.3690486452063793e+24,3200711.483445649,21,2026-02-11 00:00:00+00:00,1,28.770833333333332
1770847200000,438,0.46255716271256664,67.8172386805328,609449.9037306976,0.5149278355722622,192,0.4383561643835616,0.6287052485675889,96,0.2191780821917808,0.2975707725269296,126,0.2876712328767123,0.24517798488950795,24.0,0.0547945205479452,,,0.0,0.2896603103149627,0.22526752525729954,192,192,297.5989583333333,284.0,0.5180956493411838,0.90625,8.804498257489655e-05,1.2109843702256946e+24,2051989.1579176097,22,2026-02-11 00:00:00+00:00,1,28.8125
1770850800000,385,0.5301097348316799,70.37876557511706,629874.1530434286,0.5415065829704991,188,0.4883116883116883,0.7433365269230058,85,0.22077922077922077,0.3439088192579863,105,0.2727272727272727,0.4278542144569821,7.0,0.01818181818181818,,,0.0,0.23752606908174442,0.30398051388875463,188,188,295.51063829787233,293.5,0.5187087492382219,0.9095744680851063,9.02074489029407e-05,1.2680002788571904e+24,2072763.1564966978,23,2026-02-11 00:00:00+00:00,1,28.854166666666668
1770854400000,444,0.49395363591131536,70.58404560702367,622382.5063885978,0.5269643155133841,165,0.3716216216216216,0.5845764077148842,119,0.268018018018018,0.3976778682975569,150,0.33783783783783783,0.31500295222108926,10.0,0.02252252252252252,,,0.0,0.27318514134684485,0.2537791741665392,165,165,300.25454545454545,303.0,0.5289024505493856,0.9212121212121213,9.652551424984338e-05,1.2186313559952567e+24,2177939.2238140185,0,2026-02-12 00:00:00+00:00,1,28.895833333333332
1770858000000,368,0.4509737896650324,54.66798755369335,506748.7325185997,0.451637247381227,172,0.4673913043478261,0.6518301603935932,75,0.20380434782608695,0.2987375130090226,104,0.2826086956521739,0.4894579214531176,17.0,0.04619565217391304,,,0.0,0.28260327428096454,0.16903397310026247,172,172,269.43023255813955,289.5,0.4931935871728433,0.9186046511627907,7.929842635246619e-05,1.2307019569330512e+24,1880087.7594220662,1,2026-02-12 00:00:00+00:00,1,28.9375
1770861600000,388,0.40177267234978054,52.966266635734605,498327.17187972664,0.3929649809251089,170,0.4381443298969072,0.6309746212071888,88,0.2268041237113402,0.24448349068517755,120,0.30927835051546393,0.42199645659923934,10.0,0.02577319587628866,,,0.0,0.2318281107367565,0.16113687018835238,170,170,302.88235294117646,315.0,0.5321218145493355,0.8764705882352941,8.918589521776688e-05,1.2425418685771837e+24,1750867.1817494032,2,2026-02-12 00:00:00+00:00,1,28.979166666666668
1770865200000,333,0.3950990403485661,45.473627433590806,403673.14480989584,0.43454420976147634,146,0.43843843843843844,0.43338510174971506,80,0.24024024024024024,0.32933946320511875,94,0.2822822822822823,0.191985240741429,13.0,0.03903903903903904,,,0.0,0.25487063803434606,0.1796735717271303,146,146,305.9657534246575,299.0,0.5304603518770713,0.8835616438356164,6.286135869605714e-05,1.2396684359059657e+24,1634492.6990923209,3,2026-02-12 00:00:00+00:00,1,29.020833333333332
1770868800000,434,0.40768666672290615,58.23411760728893,540780.1557538147,0.4159174686764417,182,0.41935483870967744,0.5828968920760471,88,0.20276497695852536,0.2723907584430407,143,0.3294930875576037,0.5234394808848526,21.0,0.04838709677419355,,,0.0,0.240168571869975,0.1757488968064667,182,182,287.2912087912088,281.5,0.5126427066812718,0.9340659340659341,8.593713004145215e-05,1.21450071222597e+24,1955761.9659696822,4,2026-02-12 00:00:00+00:00,1,29.0625
1770872400000,449,0.39246130500051685,57.346645434197164,555799.7383061642,0.42381622849997014,196,0.4365256124721604,0.4920035367874083,81,0.18040089086859687,0.3070526588061021,153,0.34075723830734966,0.33241062537495963,19.0,0.042316258351893093,,,0.0,0.24330722270404073,0.1805090057959294,196,196,300.1326530612245,300.5,0.5233803133739781,0.8826530612244898,8.309840284607858e-05,1.236813338593878e+24,1972095.6200396598,5,2026-02-12 00:00:00+00:00,1,29.104166666666668
1770876000000,292,0.40979861631568965,37.99674953433013,356438.57174946263,0.43884145205254665,124,0.4246575342465753,0.5667820573808965,65,0.2226027397260274,0.2431650310131208,90,0.3082191780821918,0.5014745683635725,13.0,0.04452054794520548,,,0.0,0.3223421811472957,0.11649927090525093,124,124,269.0403225806452,250.0,0.49632838002790636,0.9274193548387096,7.232994128488563e-05,1.2085472069230277e+24,1525609.076071084,6,2026-02-12 00:00:00+00:00,1,29.145833333333332
1770879600000,359,0.3812265109222273,47.588188557689826,427764.2760647117,0.39889830441029833,146,0.40668523676880225,0.559277964082578,74,0.20612813370473537,0.26714237354435805,114,0.31754874651810583,0.27121460204033804,25.0,0.06963788300835655,,,0.0,0.28769412175149073,0.11120418265880762,146,146,280.2945205479452,300.0,0.5073553545042506,0.9178082191780822,7.780743519504939e-05,1.2216500596733473e+24,1791761.9504219163,7,2026-02-12 00:00:00+00:00,1,29.1875
1770883200000,357,0.36959479469171325,45.878129881413514,426549.50337703974,0.39529217716067494,111,0.31092436974789917,0.49775126993768615,99,0.2773109243697479,0.2744488996553489,132,0.3697478991596639,0.1708853041179819,15.0,0.04201680672268908,,,0.0,0.30122499985971324,0.09406717730096167,111,111,280.7027027027027,290.0,0.5093156629193188,0.918918918918919,6.6463273505174e-05,1.259419685661204e+24,2023479.708944543,8,2026-02-12 00:00:00+00:00,1,29.229166666666668
1770886800000,393,0.4525188323784451,84.18713975619299,693784.7565004327,0.442230079604536,163,0.41475826972010177,0.764272679018396,82,0.20865139949109415,0.28917539193876374,135,0.3435114503816794,0.3113354275344597,13.0,0.03307888040712468,,,0.0,0.4410885080159071,0.0011415715886288686,163,163,287.49693251533745,322.0,0.5074569510546771,0.9325153374233128,8.649373717546236e-05,1.5797568925182059e+24,2611777.410259358,9,2026-02-12 00:00:00+00:00,1,29.270833333333332
1770890400000,360,0.46709668151474076,72.71140789840413,621694.2157426254,0.4366393141557667,162,0.45,0.6811755951492945,83,0.23055555555555557,0.33062404664583134,98,0.2722222222222222,0.4988532637287963,17.0,0.04722222222222222,,,0.0,0.2592887254776666,0.17735058867810008,162,162,273.1666666666667,263.5,0.4986033374040531,0.9135802469135802,6.690880797102786e-05,1.585168896230684e+24,2380149.066186471,10,2026-02-12 00:00:00+00:00,1,29.3125
1770894000000,435,0.4166804698868385,74.33789996710547,686122.6042949398,0.3967455639507462,193,0.4436781609195402,0.5859706168373223,91,0.20919540229885059,0.29084439429923187,124,0.2850574712643678,0.5665214641844314,27.0,0.06206896551724138,,,0.0,0.23339058381624603,0.16335498013450017,193,193,295.32124352331607,307.0,0.5170614073865112,0.9119170984455959,7.245382842434256e-05,1.5150542230656823e+24,2602696.2314441227,11,2026-02-12 00:00:00+00:00,1,29.354166666666668
1770897600000,271,0.459291418656682,52.98990441670628,442039.51096721843,0.4350006682652924,122,0.45018450184501846,0.6601053114635762,70,0.25830258302583026,0.257591494835087,68,0.25092250922509224,0.6976635887599002,11.0,0.04059040590405904,,,0.0,0.26360540351502376,0.17139526475026856,122,122,305.91803278688525,301.0,0.5351311660892228,0.8770491803278688,6.535770957339435e-05,1.557410549639949e+24,1832756.5864816771,12,2026-02-12 00:00:00+00:00,1,29.395833333333332
1770901200000,441,0.4319257501996799,66.91879763717515,585616.4513905068,0.3996159401251798,173,0.3922902494331066,0.703993596110727,107,0.24263038548752835,0.27223017785901815,147,0.3333333333333333,0.4286105190913778,14.0,0.031746031746031744,,,0.0,0.23434449209150263,0.1652714480336772,173,173,277.28323699421964,284.0,0.503590628374308,0.9248554913294798,9.373257015418808e-05,1.3110521855202044e+24,2271433.1657417286,13,2026-02-12 00:00:00+00:00,1,29.4375
1770904800000,996,0.5021051081523294,164.2130953138594,1461353.2118175337,0.4946262470702998,459,0.4608433734939759,0.7510660994398334,208,0.20883534136546184,0.3233862946042793,314,0.3152610441767068,1.019879675014898,15.0,0.015060240963855422,,,0.0,0.2754825446224354,0.2191437024478644,459,459,278.5272331154684,277.0,0.5013790363466362,0.954248366013072,0.00012194389980451392,1.240308529298503e+24,3928424.505244582,14,2026-02-12 00:00:00+00:00,1,29.479166666666668
1770908400000,1317,0.522955694600386,218.87809584028633,1854732.6013198262,0.5627463487149008,485,0.3682611996962794,0.8120626122866795,289,0.21943811693242218,0.32798669300847777,522,0.39635535307517084,0.47169152193836805,21.0,0.015945330296127564,,,0.0,0.3182386387058925,0.2445077100090084,485,485,274.37525773195875,293.0,0.4998504892020565,0.9587628865979382,0.0001627875942836829,1.18912996048751e+24,5164155.119159759,15,2026-02-12 00:00:00+00:00,1,29.520833333333332
1770912000000,1631,0.6318739606515654,339.87841606391373,2665733.5399746494,0.6278250043448946,570,0.3494788473329246,1.069102872920539,387,0.23727774371551197,0.3798400973006803,648,0.39730226854690376,0.4941147105778352,26.0,0.01594114040465972,,,0.0,0.28415577626294014,0.34366922808195455,570,570,292.32456140350877,297.0,0.5204304661201702,0.9368421052631579,0.0001869479316371198,1.2245372126585121e+24,7478242.187842709,16,2026-02-12 00:00:00+00:00,1,29.5625
1770915600000,922,0.5326266740430764,156.40125919387043,1391521.2766652773,0.5390452502513143,384,0.4164859002169197,0.7645884125900855,233,0.2527114967462039,0.3439178485594143,289,0.31344902386117135,0.4091911877531921,16.0,0.01735357917570499,,,0.0,0.2438016281092652,0.29524362214204913,384,384,287.5755208333333,294.0,0.5143168357738293,0.9296875,0.0001462668908449645,1.2330457726330153e+24,4111426.2621729244,17,2026-02-12 00:00:00+00:00,1,29.604166666666668
1770919200000,721,0.4746079126275805,113.07557383291575,1062300.131398026,0.46171527606878704,364,0.5048543689320388,0.6683691790912456,171,0.23717059639389737,0.3095618116153673,175,0.24271844660194175,0.5148634416504361,11.0,0.015256588072122053,,,0.0,0.2408395791478911,0.22087569692089595,364,364,272.99175824175825,271.0,0.49926838972969456,0.9532967032967034,0.00011382966237841177,1.239002560232276e+24,3069431.1449342635,18,2026-02-12 00:00:00+00:00,1,29.645833333333332
1770922800000,481,0.5059448333854645,80.10231085097013,739866.7706500322,0.5064726356963005,233,0.48440748440748443,0.6182813366873336,142,0.29521829521829523,0.35742939304638083,91,0.1891891891891892,0.3352877442898887,15.0,0.031185031185031187,,,0.0,0.2640206794757193,0.24245195622058127,233,233,292.1030042918455,297.0,0.5157938718677698,0.9012875536480687,0.00010792250632651576,1.2914013132870574e+24,2498902.0567263984,19,2026-02-12 00:00:00+00:00,1,29.6875
1770926400000,452,0.4238165506426824,86.82491507621438,865798.3718311327,0.4664316742767832,262,0.5796460176991151,0.48477674877393423,90,0.19911504424778761,0.2539284601931561,95,0.21017699115044247,0.32137422439426716,5.0,0.011061946902654867,,,0.0,0.21751095967332773,0.24892071460345555,262,262,272.23664122137404,264.5,0.49783626186277663,0.9236641221374046,9.174321504658345e-05,1.707862976231408e+24,2598896.245702716,20,2026-02-12 00:00:00+00:00,1,29.729166666666668
1770930000000,242,0.4330195907416736,49.04440566389543,459244.0375878609,0.44346860567140567,109,0.45041322314049587,0.5173046837517822,86,0.35537190082644626,0.2543926974130956,45,0.1859504132231405,0.2583943775296147,2.0,0.008264462809917356,,,0.0,0.23323747902815978,0.21023112664324592,109,109,283.22935779816515,292.0,0.5074447496328552,0.926605504587156,7.130308276145999e-05,1.9100587216697989e+24,1739232.3158126117,21,2026-02-12 00:00:00+00:00,1,29.770833333333332
1770933600000,260,0.4378000083784921,104.88773023148916,934183.8758720756,0.5191896513651153,128,0.49230769230769234,0.46589690884306534,68,0.26153846153846155,0.22845679491220458,53,0.20384615384615384,0.3256842610907184,11.0,0.04230769230769231,,,0.0,0.2853809860162175,0.2338086653488978,128,128,311.7734375,314.0,0.5414572525021434,0.8828125,7.178857584058485e-05,3.843149761119933e+24,3031348.2871798705,22,2026-02-12 00:00:00+00:00,1,29.8125
1770937200000,329,0.4724148086609103,48.627804751022495,448931.7399051695,0.4905323862967941,147,0.44680851063829785,0.5555333986297994,95,0.2887537993920973,0.3325376744121597,80,0.24316109422492402,0.5625034915724344,7.0,0.02127659574468085,,,0.0,0.2566890422764871,0.23384334402030696,147,147,310.57142857142856,297.0,0.5341482967459188,0.8707482993197279,7.791132554353863e-05,1.2047913462019068e+24,1594427.5588989991,23,2026-02-12 00:00:00+00:00,1,29.854166666666668
1770940800000,407,0.4098861443889257,54.3784893098306,507479.41785923083,0.4653125895493412,155,0.3808353808353808,0.5038609842211442,94,0.23095823095823095,0.30096791509628085,141,0.3464373464373464,0.28828240239892466,17.0,0.04176904176904177,,,0.0,0.28754568695283794,0.17776690259650327,155,155,287.6709677419355,286.0,0.5122370756251342,0.896774193548387,8.260000608727012e-05,1.2176630100647902e+24,2193909.6834923066,0,2026-02-13 00:00:00+00:00,1,29.895833333333332
1770944400000,311,0.37031464200995107,37.706202107070744,380684.8447352403,0.39248624157327333,126,0.40514469453376206,0.436936241834085,82,0.26366559485530544,0.2868106948203866,93,0.2990353697749196,0.3212420778171418,10.0,0.03215434083601286,,,0.0,0.2708156765286982,0.12167056504457516,126,126,297.6666666666667,290.5,0.5198651857574982,0.9126984126984127,6.907931765508367e-05,1.2031332606709243e+24,1625148.866701417,1,2026-02-13 00:00:00+00:00,1,29.9375
1770948000000,284,0.4744022710772762,45.28029198780943,381928.1441696357,0.545406773131556,103,0.3626760563380282,0.6149883533383234,67,0.23591549295774647,0.30444508193504477,107,0.3767605633802817,0.6819291303826756,7.0,0.02464788732394366,,,0.0,0.42345558009911227,0.12195119303244373,103,103,324.56310679611653,306.0,0.5514681484206766,0.8932038834951457,6.298096436538823e-05,1.2069555205168492e+24,1257485.7703662398,2,2026-02-13 00:00:00+00:00,1,29.979166666666668
