hour,n_blocks,interval_ms,n_intervals,n_headers,gas_used,gas_limit
2025-03-30 05:00:00+00:00,1100,3000.0,1099,12,19182058.583333332,140000000.0
2025-03-30 06:00:00+00:00,1200,3000.0,1200,12,23187645.416666668,140000000.0
2025-03-30 07:00:00+00:00,1200,3000.0,1200,12,18851648.083333332,140000000.0
2025-03-30 08:00:00+00:00,1200,3000.0,1200,12,22347958.333333332,140000000.0
2025-03-30 09:00:00+00:00,1200,3000.0,1200,12,19820965.333333332,140000000.0
2025-03-30 10:00:00+00:00,1200,3000.0,1200,12,26495367.0,140000000.0
2025-03-30 11:00:00+00:00,1199,3001.6680567139283,1199,62,25474990.629032258,139920581.0967742
2025-03-30 12:00:00+00:00,1200,3000.0,1200,12,29203546.333333332,140000000.0
2025-03-30 13:00:00+00:00,1200,3000.0,1200,12,23368009.0,140000000.0
2025-03-30 14:00:00+00:00,1200,3000.0,1200,12,22303277.333333332,140000000.0
2025-03-30 15:00:00+00:00,1200,3000.0,1200,12,25541743.333333332,140000000.0
2025-03-30 16:00:00+00:00,1200,3000.0,1200,12,20450760.333333332,140000000.0
2025-03-30 17:00:00+00:00,1200,3000.0,1200,12,19335752.5,139862574.58333334
2025-03-30 18:00:00+00:00,1200,3000.0,1200,12,19297651.333333332,140000000.0
2025-03-30 19:00:00+00:00,1200,3000.0,1200,12,10493130.5,140000000.0
2025-03-30 20:00:00+00:00,1200,3000.0,1200,12,11784965.916666666,140000000.0
2025-03-30 21:00:00+00:00,1200,3000.0,1200,12,11120162.583333334,140000000.0
2025-03-30 22:00:00+00:00,1200,3000.0,1200,12,12062515.5,140000000.0
2025-03-30 23:00:00+00:00,1200,3000.0,1200,12,13513369.666666666,140000000.0
2025-03-31 00:00:00+00:00,1200,3000.0,1200,12,13166105.583333334,140000000.0
2025-03-31 01:00:00+00:00,1200,3000.0,1200,12,19184183.833333332,140000000.0
2025-03-31 02:00:00+00:00,1200,3000.8333333333335,1200,39,22628473.82051282,139916084.4871795
2025-03-31 03:00:00+00:00,1200,3000.0,1200,12,18057877.5,140000000.0
2025-03-31 04:00:00+00:00,1200,3000.0,1200,12,21740877.166666668,140000000.0
2025-03-31 05:00:00+00:00,1200,3000.0,1200,12,21558037.083333332,140000000.0
2025-03-31 06:00:00+00:00,1200,3000.0,1200,12,18619104.083333332,140000000.0
2025-03-31 07:00:00+00:00,1200,3000.8333333333335,1200,62,22676963.69354839,140000000.0
2025-03-31 08:00:00+00:00,1199,3000.834028356964,1199,62,19770221.419354837,140000000.0
2025-03-31 09:00:00+00:00,1200,3000.0,1200,12,23460176.666666668,140000000.0
2025-03-31 10:00:00+00:00,1200,3000.0,1200,12,23830613.833333332,140000000.0
2025-03-31 11:00:00+00:00,1200,3000.0,1200,12,27793085.666666668,140000000.0
2025-03-31 12:00:00+00:00,1200,3000.0,1200,12,26604048.083333332,140000000.0
2025-03-31 13:00:00+00:00,1200,3000.0,1200,12,29262681.25,140000000.0
2025-03-31 14:00:00+00:00,1200,3000.0,1200,12,26799174.583333332,140000000.0
2025-03-31 15:00:00+00:00,1200,3000.0,1200,12,23231893.666666668,140000000.0
2025-03-31 16:00:00+00:00,1200,3000.0,1200,12,17844480.916666668,140000000.0
2025-03-31 17:00:00+00:00,1200,3000.0,1200,12,17864066.333333332,140000000.0
2025-03-31 18:00:00+00:00,1200,3000.0,1200,12,16806391.916666668,140000000.0
2025-03-31 19:00:00+00:00,1198,3005.008347245409,1198,64,10878696.859375,140000000.0
2025-03-31 20:00:00+00:00,1200,3000.0,1200,12,16078354.75,140000000.0
2025-03-31 21:00:00+00:00,1200,3000.0,1200,12,20643705.5,140000000.0
2025-03-31 22:00:00+00:00,1200,3000.0,1200,12,16500222.083333334,140000000.0
2025-03-31 23:00:00+00:00,1200,3000.0,1200,12,10840813.083333334,140000000.0
2025-04-01 00:00:00+00:00,1200,3000.0,1200,12,15151992.833333334,140000000.0
2025-04-01 01:00:00+00:00,1200,3000.0,1200,12,14420578.5,140000000.0
2025-04-01 02:00:00+00:00,1200,3000.0,1200,12,12608655.166666666,140000000.0
2025-04-01 03:00:00+00:00,1200,3000.0,1200,12,14149844.25,140000000.0
2025-04-01 04:00:00+00:00,1200,3000.0,1200,12,14327674.25,140000000.0
2025-04-01 05:00:00+00:00,1200,3000.0,1200,12,16583803.916666666,140000000.0
2025-04-01 06:00:00+00:00,1200,3000.0,1200,12,18440396.583333332,140000000.0
2025-04-01 07:00:00+00:00,1200,3000.0,1200,12,21846507.916666668,140000000.0
2025-04-01 08:00:00+00:00,1200,3000.0,1200,12,22695319.333333332,140000000.0
2025-04-01 09:00:00+00:00,1200,3000.0,1200,12,26648792.25,140000000.0
2025-04-01 10:00:00+00:00,1200,3000.0,1200,12,23847641.583333332,140000000.0
2025-04-01 11:00:00+00:00,1200,3000.0,1200,12,27213689.5,140000000.0
2025-04-01 12:00:00+00:00,1200,3000.0,1200,12,21561336.333333332,140000000.0
2025-04-01 13:00:00+00:00,1200,3000.0,1200,12,23778835.416666668,140000000.0
2025-04-01 14:00:00+00:00,1200,3000.0,1200,12,31901938.083333332,140000000.0
2025-04-01 15:00:00+00:00,1200,3000.0,1200,12,31986394.166666668,140000000.0
2025-04-01 16:00:00+00:00,1200,3000.0,1200,12,75648647.75,140000000.0
2025-04-01 17:00:00+00:00,1200,3000.0,1200,12,31367777.416666668,140000000.0
2025-04-01 18:00:00+00:00,1200,3000.0,1200,12,15069002.0,140000000.0
2025-04-01 19:00:00+00:00,1200,3000.0,1200,12,12822294.0,140000000.0
2025-04-01 20:00:00+00:00,1200,3000.0,1200,12,12480923.583333334,140000000.0
2025-04-01 21:00:00+00:00,1200,3000.0,1200,12,13167974.5,140000000.0
2025-04-01 22:00:00+00:00,1200,3000.0,1200,12,10542364.666666666,140000000.0
2025-04-01 23:00:00+00:00,1200,3000.0,1200,12,11310242.916666666,140000000.0
2025-04-02 00:00:00+00:00,1200,3000.0,1200,12,15983249.5,140000000.0
2025-04-02 01:00:00+00:00,1200,3000.0,1200,12,13945615.5,140000000.0
2025-04-02 02:00:00+00:00,1200,3000.0,1200,12,19196815.833333332,140000000.0
2025-04-02 03:00:00+00:00,1200,3000.0,1200,12,19003097.5,140000000.0
2025-04-02 04:00:00+00:00,1200,3000.0,1200,12,23154139.75,140000000.0
2025-04-02 05:00:00+00:00,1200,3000.0,1200,12,25055378.583333332,140000000.0
2025-04-02 06:00:00+00:00,1200,3000.0,1200,12,21736242.25,140000000.0
2025-04-02 07:00:00+00:00,1196,3010.033444816054,1196,88,21585749.65909091,140000000.0
2025-04-02 08:00:00+00:00,1200,3000.0,1200,13,20418923.923076924,140000000.0
2025-04-02 09:00:00+00:00,1200,3000.0,1200,12,19899327.25,140000000.0
2025-04-02 10:00:00+00:00,1200,3000.0,1200,12,17542892.75,140000000.0
2025-04-02 11:00:00+00:00,1200,3000.0,1200,12,19027878.333333332,140000000.0
2025-04-02 12:00:00+00:00,1200,3000.0,1200,12,16882927.166666668,140000000.0
2025-04-02 13:00:00+00:00,1200,3000.0,1200,12,25017859.333333332,140000000.0
2025-04-02 14:00:00+00:00,1198,3006.677796327212,1198,90,27228949.433333334,139902873.3888889
2025-04-02 15:00:00+00:00,1200,3000.0,1200,12,23544391.833333332,140000000.0
2025-04-02 16:00:00+00:00,1200,3000.0,1200,12,18771426.916666668,140000000.0
2025-04-02 17:00:00+00:00,1200,3000.0,1200,12,18239975.583333332,140000000.0
2025-04-02 18:00:00+00:00,1200,3000.0,1200,12,15651601.583333334,140000000.0
2025-04-02 19:00:00+00:00,1200,3000.0,1200,12,11457054.583333334,140000000.0
2025-04-02 20:00:00+00:00,1199,3001.6680567139283,1199,62,26492998.79032258,140000000.0
2025-04-02 21:00:00+00:00,1200,3000.0,1200,12,10432708.0,140000000.0
2025-04-02 22:00:00+00:00,1200,3000.0,1200,12,21098501.833333332,140000000.0
2025-04-02 23:00:00+00:00,1198,3004.1736227045076,1198,112,15090684.794642856,139956035.9642857
2025-04-03 00:00:00+00:00,1200,3000.0,1200,12,14295986.083333334,140000000.0
2025-04-03 01:00:00+00:00,1200,3000.0,1200,12,15498699.416666666,140000000.0
2025-04-03 02:00:00+00:00,1200,3000.0,1200,12,15667190.25,140000000.0
2025-04-03 03:00:00+00:00,1200,3000.0,1200,12,23945154.0,140000000.0
2025-04-03 04:00:00+00:00,1200,3000.0,1200,12,13869768.416666666,140000000.0
2025-04-03 05:00:00+00:00,1200,3000.8333333333335,1200,61,20351058.229508195,140000000.0
2025-04-03 06:00:00+00:00,1200,3000.0,1200,13,19773943.615384616,140000000.0
2025-04-03 07:00:00+00:00,1200,3000.0,1200,12,25589941.916666668,140000000.0
2025-04-03 08:00:00+00:00,1199,3003.3361134278566,1199,39,120380957.38461539,140000000.0
2025-04-03 09:00:00+00:00,1200,3000.0,1200,12,27011399.166666668,140000000.0
2025-04-03 10:00:00+00:00,1200,3000.0,1200,12,25746147.333333332,140000000.0
2025-04-03 11:00:00+00:00,1200,3000.0,1200,12,26891307.083333332,140000000.0
2025-04-03 12:00:00+00:00,1200,3000.0,1200,12,25200247.0,140000000.0
2025-04-03 13:00:00+00:00,1200,3000.0,1200,12,21811258.666666668,140000000.0
2025-04-03 14:00:00+00:00,1200,3000.0,1200,12,28330463.166666668,140000000.0
2025-04-03 15:00:00+00:00,1200,3000.0,1200,12,18294700.5,140000000.0
2025-04-03 16:00:00+00:00,1200,3000.0,1200,12,17295926.333333332,140000000.0
2025-04-03 17:00:00+00:00,1200,3000.0,1200,12,11961362.833333334,140000000.0
2025-04-03 18:00:00+00:00,1200,3000.0,1200,12,14763932.083333334,140000000.0
2025-04-03 19:00:00+00:00,1200,3000.0,1200,12,9792195.0,140000000.0
2025-04-03 20:00:00+00:00,1200,3000.0,1200,12,8368177.916666667,140000000.0
2025-04-03 21:00:00+00:00,1200,3000.0,1200,12,11689311.75,140000000.0
2025-04-03 22:00:00+00:00,1200,3000.0,1200,12,9163292.416666666,140000000.0
2025-04-03 23:00:00+00:00,1200,3000.0,1200,12,11672004.083333334,140000000.0
2025-04-04 00:00:00+00:00,1200,3000.0,1200,12,12916128.75,139862574.58333334
2025-04-04 01:00:00+00:00,1200,3000.0,1200,12,13580100.666666666,140000000.0
2025-04-04 02:00:00+00:00,1200,3000.0,1200,12,16060486.5,140000000.0
2025-04-04 03:00:00+00:00,1200,3000.0,1200,12,10716039.916666666,140000000.0
2025-04-04 04:00:00+00:00,1199,3000.834028356964,1199,62,13274792.338709677,139920581.0967742
2025-04-04 05:00:00+00:00,1200,3000.0,1200,12,11623102.166666666,140000000.0
2025-04-04 06:00:00+00:00,1200,3000.0,1200,12,18722310.583333332,140000000.0
2025-04-04 07:00:00+00:00,1200,3000.0,1200,12,18491030.5,140000000.0
2025-04-04 08:00:00+00:00,1200,3000.0,1200,12,20205430.5,140000000.0
2025-04-04 09:00:00+00:00,1200,3000.0,1200,12,15766977.583333334,140000000.0
2025-04-04 10:00:00+00:00,1200,3000.0,1200,12,18641126.75,140000000.0
2025-04-04 11:00:00+00:00,1200,3000.0,1200,12,17404704.333333332,139772847.41666666
2025-04-04 12:00:00+00:00,1200,3000.0,1200,12,20405828.916666668,140000000.0
2025-04-04 13:00:00+00:00,1200,3000.0,1200,12,23455209.083333332,140000000.0
2025-04-04 14:00:00+00:00,1200,3000.0,1200,12,17223054.25,140000000.0
2025-04-04 15:00:00+00:00,1200,3000.0,1200,12,23981851.666666668,140000000.0
2025-04-04 16:00:00+00:00,1200,3000.0,1200,12,15078588.166666666,140000000.0
2025-04-04 17:00:00+00:00,1200,3000.0,1200,12,21866619.666666668,140000000.0
2025-04-04 18:00:00+00:00,1200,3000.0,1200,12,9829786.416666666,140000000.0
2025-04-04 19:00:00+00:00,1200,3000.0,1200,12,15660024.5,140000000.0
2025-04-04 20:00:00+00:00,1200,3000.0,1200,12,10929556.083333334,140000000.0
2025-04-04 21:00:00+00:00,1200,3000.0,1200,12,15268284.75,140000000.0
2025-04-04 22:00:00+00:00,1200,3000.0,1200,12,15516322.916666666,140000000.0
2025-04-04 23:00:00+00:00,1200,3000.0,1200,12,11878202.666666666,140000000.0
2025-04-05 00:00:00+00:00,1199,3002.5020850708925,1199,39,12325053.487179488,140000000.0
2025-04-05 01:00:00+00:00,1200,3000.0,1200,12,9270204.416666666,140000000.0
2025-04-05 02:00:00+00:00,1200,3000.0,1200,12,19327023.0,140000000.0
2025-04-05 03:00:00+00:00,1200,3000.0,1200,12,15598643.666666666,140000000.0
2025-04-05 04:00:00+00:00,1200,3000.0,1200,12,12413507.833333334,140000000.0
2025-04-05 05:00:00+00:00,1200,3000.0,1200,12,13888835.75,140000000.0
2025-04-05 06:00:00+00:00,1200,3000.0,1200,12,13868149.25,140000000.0
2025-04-05 07:00:00+00:00,1200,3000.0,1200,12,14485275.833333334,140000000.0
2025-04-05 08:00:00+00:00,1200,3000.0,1200,12,14929379.0,140000000.0
2025-04-05 09:00:00+00:00,1200,3000.0,1200,12,17070795.833333332,140000000.0
2025-04-05 10:00:00+00:00,1200,3000.0,1200,12,20532460.5,140000000.0
2025-04-05 11:00:00+00:00,1200,3000.0,1200,12,15709444.0,139862574.58333334
2025-04-05 12:00:00+00:00,1200,3000.0,1200,12,16620928.666666666,140000000.0
2025-04-05 13:00:00+00:00,1200,3000.0,1200,12,15101190.583333334,140000000.0
2025-04-05 14:00:00+00:00,1200,3000.0,1200,12,24140807.583333332,140000000.0
2025-04-05 15:00:00+00:00,1200,3000.0,1200,12,13700958.833333334,140000000.0
2025-04-05 16:00:00+00:00,1200,3000.0,1200,12,15606340.25,140000000.0
2025-04-05 17:00:00+00:00,1200,3000.0,1200,12,9951278.583333334,140000000.0
2025-04-05 18:00:00+00:00,1200,3000.0,1200,12,11629951.416666666,140000000.0
2025-04-05 19:00:00+00:00,1200,3000.0,1200,12,5681340.833333333,140000000.0
2025-04-05 20:00:00+00:00,1200,3000.0,1200,12,6770839.5,139862574.58333334
2025-04-05 21:00:00+00:00,1200,3000.0,1200,12,11686625.916666666,140000000.0
2025-04-05 22:00:00+00:00,1200,3000.0,1200,12,9155367.666666666,140000000.0
2025-04-05 23:00:00+00:00,1200,3000.0,1200,12,14542300.0,140000000.0
2025-04-06 00:00:00+00:00,1200,3000.0,1200,12,9368287.416666666,140000000.0
2025-04-06 01:00:00+00:00,1200,3000.0,1200,12,13189534.166666666,140000000.0
2025-04-06 02:00:00+00:00,1200,3000.0,1200,12,16849252.083333332,140000000.0
2025-04-06 03:00:00+00:00,1200,3000.0,1200,12,12268776.583333334,140000000.0
2025-04-06 04:00:00+00:00,1200,3000.0,1200,12,10382595.916666666,140000000.0
2025-04-06 05:00:00+00:00,1200,3000.0,1200,12,12131101.5,140000000.0
2025-04-06 06:00:00+00:00,1200,3000.0,1200,12,12734757.583333334,140000000.0
2025-04-06 07:00:00+00:00,1200,3000.0,1200,12,16920626.666666668,140000000.0
2025-04-06 08:00:00+00:00,1200,3000.0,1200,12,18841222.25,140000000.0
2025-04-06 09:00:00+00:00,1200,3000.0,1200,12,14534018.166666666,140000000.0
2025-04-06 10:00:00+00:00,1199,3003.3361134278566,1199,140,16727116.292857142,140000000.0
2025-04-06 11:00:00+00:00,1200,3000.0,1200,12,18964811.833333332,140000000.0
2025-04-06 12:00:00+00:00,1200,3000.0,1200,12,21162202.5,140000000.0
2025-04-06 13:00:00+00:00,1200,3000.0,1200,12,25128508.5,140000000.0
2025-04-06 14:00:00+00:00,1200,3000.0,1200,12,18533602.333333332,140000000.0
2025-04-06 15:00:00+00:00,1200,3000.0,1200,12,14404723.083333334,140000000.0
2025-04-06 16:00:00+00:00,1200,3000.0,1200,12,18894968.833333332,140000000.0
2025-04-06 17:00:00+00:00,1200,3000.0,1200,12,15347718.916666666,140000000.0
2025-04-06 18:00:00+00:00,1200,3000.0,1200,12,24933506.833333332,140000000.0
2025-04-06 19:00:00+00:00,1200,3000.0,1200,12,11343832.583333334,139772847.41666666
2025-04-06 20:00:00+00:00,1200,3000.0,1200,12,10056446.833333334,140000000.0
2025-04-06 21:00:00+00:00,1200,3000.0,1200,12,11171234.166666666,140000000.0
2025-04-06 22:00:00+00:00,1200,3000.0,1200,12,12531191.833333334,140000000.0
2025-04-06 23:00:00+00:00,1200,3000.0,1200,12,19613901.416666668,140000000.0
2025-04-07 00:00:00+00:00,1200,3000.0,1200,12,12695114.0,140000000.0
2025-04-07 01:00:00+00:00,1200,3000.0,1200,12,15373039.083333334,140000000.0
2025-04-07 02:00:00+00:00,1200,3000.0,1200,12,13109449.666666666,140000000.0
2025-04-07 03:00:00+00:00,1200,3000.0,1200,12,16086836.25,140000000.0
2025-04-07 04:00:00+00:00,1200,3000.0,1200,12,19751025.083333332,140000000.0
2025-04-07 05:00:00+00:00,1200,3000.0,1200,12,13551014.25,140000000.0
2025-04-07 06:00:00+00:00,1200,3000.0,1200,12,23018488.333333332,140000000.0
2025-04-07 07:00:00+00:00,1200,3000.0,1200,12,26657417.0,139862574.58333334
2025-04-07 08:00:00+00:00,1200,3000.0,1200,12,20686137.666666668,140000000.0
2025-04-07 09:00:00+00:00,1200,3000.0,1200,12,14006121.833333334,140000000.0
2025-04-07 10:00:00+00:00,1200,3000.0,1200,12,21007452.916666668,139862574.58333334
2025-04-07 11:00:00+00:00,1200,3000.0,1200,12,15825444.666666666,140000000.0
2025-04-07 12:00:00+00:00,1200,3000.0,1200,12,27429770.833333332,140000000.0
2025-04-07 13:00:00+00:00,1200,3000.0,1200,12,22405360.25,140000000.0
2025-04-07 14:00:00+00:00,1200,3000.0,1200,12,27158194.833333332,140000000.0
2025-04-07 15:00:00+00:00,1200,3000.0,1200,12,21343116.25,140000000.0
2025-04-07 16:00:00+00:00,1200,3000.0,1200,12,12900181.666666666,140000000.0
2025-04-07 17:00:00+00:00,1200,3000.0,1200,12,11534248.083333334,140000000.0
2025-04-07 18:00:00+00:00,1200,3000.0,1200,12,10827716.0,140000000.0
2025-04-07 19:00:00+00:00,1200,3000.0,1200,12,9842872.416666666,140000000.0
2025-04-07 20:00:00+00:00,1200,3000.0,1200,12,7493848.083333333,140000000.0
2025-04-07 21:00:00+00:00,1200,3000.0,1200,12,11218023.666666666,140000000.0
2025-04-07 22:00:00+00:00,1200,3000.0,1200,12,6932037.25,140000000.0
2025-04-07 23:00:00+00:00,1200,3000.0,1200,12,19522048.75,140000000.0
2025-04-08 00:00:00+00:00,1200,3000.0,1200,12,19606044.666666668,140000000.0
2025-04-08 01:00:00+00:00,1200,3000.0,1200,12,11638237.25,140000000.0
2025-04-08 02:00:00+00:00,1200,3000.0,1200,12,21085999.333333332,140000000.0
2025-04-08 03:00:00+00:00,1200,3000.0,1200,12,19894709.0,140000000.0
2025-04-08 04:00:00+00:00,1200,3000.0,1200,12,10510127.083333334,140000000.0
2025-04-08 05:00:00+00:00,1200,3000.0,1200,12,11850716.25,140000000.0
2025-04-08 06:00:00+00:00,1200,3000.0,1200,12,13505182.416666666,140000000.0
2025-04-08 07:00:00+00:00,1200,3000.0,1200,12,17198771.583333332,140000000.0
2025-04-08 08:00:00+00:00,1200,3000.0,1200,12,14503278.25,140000000.0
2025-04-08 09:00:00+00:00,1200,3000.0,1200,12,15640275.583333334,140000000.0
2025-04-08 10:00:00+00:00,1200,3000.0,1200,12,13056669.25,140000000.0
2025-04-08 11:00:00+00:00,1200,3000.0,1200,12,17149840.25,140000000.0
2025-04-08 12:00:00+00:00,1200,3000.0,1200,12,14701506.166666666,140000000.0
2025-04-08 13:00:00+00:00,1200,3000.0,1200,12,19938929.5,140000000.0
2025-04-08 14:00:00+00:00,1200,3000.0,1200,12,27615746.666666668,140000000.0
2025-04-08 15:00:00+00:00,1200,3000.0,1200,12,19788379.583333332,140000000.0
2025-04-08 16:00:00+00:00,1200,3000.0,1200,12,14033482.166666666,140000000.0
2025-04-08 17:00:00+00:00,1200,3000.0,1200,12,12785017.416666666,140000000.0
2025-04-08 18:00:00+00:00,1200,3000.0,1200,12,10819054.916666666,140000000.0
2025-04-08 19:00:00+00:00,1200,3000.0,1200,12,8603002.416666666,140000000.0
2025-04-08 20:00:00+00:00,1200,3000.0,1200,12,6435931.333333333,139772847.41666666
2025-04-08 21:00:00+00:00,1200,3000.0,1200,12,9826043.166666666,140000000.0
2025-04-08 22:00:00+00:00,1200,3000.0,1200,12,8339095.25,140000000.0
2025-04-08 23:00:00+00:00,1200,3000.0,1200,12,11246043.333333334,140000000.0
2025-04-09 00:00:00+00:00,1200,3000.0,1200,12,11968911.666666666,140000000.0
2025-04-09 01:00:00+00:00,1200,3000.0,1200,12,15032395.166666666,140000000.0
2025-04-09 02:00:00+00:00,1200,3000.0,1200,12,15605096.666666666,140000000.0
2025-04-09 03:00:00+00:00,1200,3000.0,1200,12,20940252.416666668,140000000.0
2025-04-09 04:00:00+00:00,1200,3000.0,1200,12,22337756.5,140000000.0
2025-04-09 05:00:00+00:00,1200,3000.0,1200,12,15014883.333333334,140000000.0
2025-04-09 06:00:00+00:00,1200,3000.0,1200,12,27574295.583333332,140000000.0
2025-04-09 07:00:00+00:00,1200,3000.0,1200,12,22157076.666666668,140000000.0
2025-04-09 08:00:00+00:00,1200,3000.0,1200,12,19072412.666666668,140000000.0
2025-04-09 09:00:00+00:00,1200,3000.0,1200,12,26011448.166666668,140000000.0
2025-04-09 10:00:00+00:00,1200,3000.0,1200,12,21770037.833333332,140000000.0
2025-04-09 11:00:00+00:00,1200,3000.0,1200,12,18964085.416666668,140000000.0
2025-04-09 12:00:00+00:00,1200,3000.0,1200,12,17533151.25,140000000.0
2025-04-09 13:00:00+00:00,1200,3000.0,1200,12,21080579.333333332,140000000.0
2025-04-09 14:00:00+00:00,1200,3000.0,1200,12,19879411.416666668,140000000.0
2025-04-09 15:00:00+00:00,1200,3000.0,1200,12,19370216.25,140000000.0
2025-04-09 16:00:00+00:00,1200,3000.0,1200,12,17776785.333333332,140000000.0
2025-04-09 17:00:00+00:00,1200,3000.0,1200,12,18145647.25,140000000.0
2025-04-09 18:00:00+00:00,1200,3000.0,1200,12,17346161.083333332,140000000.0
2025-04-09 19:00:00+00:00,1200,3000.0,1200,12,16176064.25,140000000.0
2025-04-09 20:00:00+00:00,1200,3000.0,1200,12,14239268.0,140000000.0
2025-04-09 21:00:00+00:00,1200,3000.0,1200,12,10150789.5,140000000.0
2025-04-09 22:00:00+00:00,1200,3000.0,1200,12,8822931.0,140000000.0
2025-04-09 23:00:00+00:00,1200,3000.8333333333335,1200,39,11337521.871794872,140000000.0
2025-04-10 00:00:00+00:00,1200,3000.0,1200,12,17052035.75,140000000.0
2025-04-10 01:00:00+00:00,1200,3000.0,1200,12,17308134.666666668,140000000.0
2025-04-10 02:00:00+00:00,1200,3000.0,1200,12,15788408.0,139862574.58333334
2025-04-10 03:00:00+00:00,1200,3000.0,1200,12,16441389.666666666,140000000.0
2025-04-10 04:00:00+00:00,1200,3000.0,1200,12,16435999.416666666,140000000.0
2025-04-10 05:00:00+00:00,1200,3000.0,1200,12,22211940.833333332,140000000.0
2025-04-10 06:00:00+00:00,1200,3000.0,1200,12,18091922.416666668,140000000.0
2025-04-10 07:00:00+00:00,1200,3000.0,1200,12,23073503.25,140000000.0
2025-04-10 08:00:00+00:00,1200,3000.0,1200,12,21318580.416666668,140000000.0
2025-04-10 09:00:00+00:00,1200,3000.0,1200,12,20017912.083333332,140000000.0
2025-04-10 10:00:00+00:00,1200,3000.0,1200,12,26983550.916666668,139772847.41666666
2025-04-10 11:00:00+00:00,1200,3000.0,1200,12,28197154.833333332,140000000.0
2025-04-10 12:00:00+00:00,1200,3000.0,1200,12,45982711.916666664,139862574.58333334
2025-04-10 13:00:00+00:00,1199,3000.834028356964,1199,39,27348686.897435896,140000000.0
2025-04-10 14:00:00+00:00,1200,3000.0,1200,12,21159371.583333332,140000000.0
2025-04-10 15:00:00+00:00,1200,3001.6666666666665,1200,62,22747462.93548387,139920581.0967742
2025-04-10 16:00:00+00:00,1200,3000.0,1200,12,18452554.833333332,140000000.0
2025-04-10 17:00:00+00:00,1200,3000.0,1200,12,18572635.083333332,140000000.0
2025-04-10 18:00:00+00:00,1200,3000.0,1200,12,17166591.833333332,140000000.0
2025-04-10 19:00:00+00:00,1200,3000.0,1200,12,11269706.25,140000000.0
2025-04-10 20:00:00+00:00,1200,3000.0,1200,12,7094294.166666667,140000000.0
2025-04-10 21:00:00+00:00,1200,3000.0,1200,12,5681871.916666667,140000000.0
2025-04-10 22:00:00+00:00,1200,3000.0,1200,12,7521420.25,140000000.0
2025-04-10 23:00:00+00:00,1200,3000.0,1200,12,7453828.583333333,139772847.41666666
2025-04-11 00:00:00+00:00,1200,3000.0,1200,12,14803928.0,140000000.0
2025-04-11 01:00:00+00:00,1200,3000.0,1200,12,10872732.833333334,140000000.0
2025-04-11 02:00:00+00:00,1200,3000.0,1200,12,32094180.833333332,140000000.0
2025-04-11 03:00:00+00:00,1200,3000.0,1200,12,12288698.916666666,139862574.58333334
2025-04-11 04:00:00+00:00,1200,3000.0,1200,12,14154451.333333334,140000000.0
2025-04-11 05:00:00+00:00,1200,3000.0,1200,12,13024607.333333334,140000000.0
2025-04-11 06:00:00+00:00,1200,3000.0,1200,12,17946809.25,140000000.0
2025-04-11 07:00:00+00:00,1200,3000.0,1200,12,15863569.25,140000000.0
2025-04-11 08:00:00+00:00,1200,3000.0,1200,12,17808912.25,140000000.0
2025-04-11 09:00:00+00:00,1200,3000.0,1200,12,19252582.833333332,140000000.0
2025-04-11 10:00:00+00:00,1200,3000.0,1200,12,18370823.833333332,140000000.0
2025-04-11 11:00:00+00:00,1200,3000.0,1200,12,16339436.333333334,140000000.0
2025-04-11 12:00:00+00:00,1200,3000.0,1200,12,19208673.166666668,140000000.0
2025-04-11 13:00:00+00:00,1200,3000.0,1200,12,22166476.0,140000000.0
2025-04-11 14:00:00+00:00,1200,3000.0,1200,12,19723345.416666668,140000000.0
2025-04-11 15:00:00+00:00,1200,3000.0,1200,12,20760179.75,140000000.0
2025-04-11 16:00:00+00:00,1200,3000.0,1200,12,20787617.333333332,139862574.58333334
2025-04-11 17:00:00+00:00,1200,3000.0,1200,12,16597667.5,140000000.0
2025-04-11 18:00:00+00:00,1200,3000.0,1200,12,11373133.416666666,140000000.0
2025-04-11 19:00:00+00:00,1200,3000.0,1200,12,12227201.833333334,140000000.0
2025-04-11 20:00:00+00:00,1200,3000.0,1200,12,13559217.75,140000000.0
2025-04-11 21:00:00+00:00,1200,3000.0,1200,12,11409126.666666666,140000000.0
2025-04-11 22:00:00+00:00,1200,3000.0,1200,12,7078572.083333333,140000000.0
2025-04-11 23:00:00+00:00,1200,3000.0,1200,12,6160224.75,140000000.0
2025-04-12 00:00:00+00:00,1200,3000.0,1200,12,9507230.833333334,140000000.0
2025-04-12 01:00:00+00:00,1200,3000.0,1200,12,13592586.75,140000000.0
2025-04-12 02:00:00+00:00,1200,3000.0,1200,12,17485207.75,140000000.0
2025-04-12 03:00:00+00:00,1200,3000.0,1200,12,11823669.25,140000000.0
2025-04-12 04:00:00+00:00,1200,3000.0,1200,12,14609101.333333334,140000000.0
2025-04-12 05:00:00+00:00,1200,3000.0,1200,12,13874844.0,140000000.0
2025-04-12 06:00:00+00:00,1200,3000.0,1200,12,16568372.166666666,140000000.0
2025-04-12 07:00:00+00:00,1200,3000.0,1200,12,38513642.75,140000000.0
2025-04-12 08:00:00+00:00,1200,3000.0,1200,12,39566786.083333336,140000000.0
2025-04-12 09:00:00+00:00,1200,3000.0,1200,12,18365195.416666668,140000000.0
2025-04-12 10:00:00+00:00,1200,3000.0,1200,12,15070988.916666666,140000000.0
2025-04-12 11:00:00+00:00,1200,3000.0,1200,12,14149111.25,140000000.0
2025-04-12 12:00:00+00:00,1200,3000.0,1200,12,18218785.75,140000000.0
2025-04-12 13:00:00+00:00,1200,3000.0,1200,12,23154853.666666668,140000000.0
2025-04-12 14:00:00+00:00,1200,3000.0,1200,12,30086035.5,140000000.0
2025-04-12 15:00:00+00:00,1200,3000.0,1200,12,18497352.666666668,140000000.0
2025-04-12 16:00:00+00:00,1200,3000.0,1200,12,16889065.916666668,140000000.0
2025-04-12 17:00:00+00:00,1200,3000.0,1200,12,14508630.166666666,139772847.41666666
2025-04-12 18:00:00+00:00,1200,3000.0,1200,12,8991898.75,140000000.0
2025-04-12 19:00:00+00:00,1200,3000.0,1200,12,8996004.916666666,140000000.0
2025-04-12 20:00:00+00:00,1199,3001.6680567139283,1199,39,13181259.435897436,140000000.0
2025-04-12 21:00:00+00:00,1200,3000.0,1200,12,8413135.833333334,140000000.0
2025-04-12 22:00:00+00:00,1200,3000.0,1200,12,9049585.666666666,140000000.0
2025-04-12 23:00:00+00:00,1200,3000.0,1200,12,9495991.416666666,140000000.0
2025-04-13 00:00:00+00:00,1200,3000.0,1200,12,12299657.75,140000000.0
2025-04-13 01:00:00+00:00,1200,3000.0,1200,12,12063372.75,140000000.0
2025-04-13 02:00:00+00:00,1200,3000.0,1200,12,13439519.5,140000000.0
2025-04-13 03:00:00+00:00,1200,3000.0,1200,12,12188135.75,139862574.58333334
2025-04-13 04:00:00+00:00,1200,3000.0,1200,12,12817122.166666666,140000000.0
2025-04-13 05:00:00+00:00,1200,3000.0,1200,12,13819116.583333334,140000000.0
2025-04-13 06:00:00+00:00,1200,3000.0,1200,12,14869794.25,140000000.0
2025-04-13 07:00:00+00:00,1200,3000.0,1200,12,14114864.333333334,140000000.0
2025-04-13 08:00:00+00:00,1200,3000.0,1200,12,14676884.75,140000000.0
2025-04-13 09:00:00+00:00,1200,3000.0,1200,12,22876186.166666668,140000000.0
2025-04-13 10:00:00+00:00,1200,3000.0,1200,12,14093083.0,140000000.0
2025-04-13 11:00:00+00:00,1200,3000.0,1200,12,15721918.833333334,140000000.0
2025-04-13 12:00:00+00:00,1200,3000.0,1200,12,18152143.333333332,140000000.0
2025-04-13 13:00:00+00:00,1200,3000.0,1200,12,20771666.5,140000000.0
2025-04-13 14:00:00+00:00,1200,3000.0,1200,12,22240858.5,140000000.0
2025-04-13 15:00:00+00:00,1200,3000.0,1200,12,19552209.0,140000000.0
2025-04-13 16:00:00+00:00,1200,3000.0,1200,12,17307419.5,140000000.0
2025-04-13 17:00:00+00:00,1200,3000.0,1200,12,16355098.5,139862574.58333334
2025-04-13 18:00:00+00:00,1200,3000.0,1200,12,14059011.416666666,140000000.0
2025-04-13 19:00:00+00:00,1200,3000.0,1200,12,10130744.25,140000000.0
2025-04-13 20:00:00+00:00,1200,3000.0,1200,12,13388426.333333334,140000000.0
2025-04-13 21:00:00+00:00,1200,3000.0,1200,12,10104808.583333334,140000000.0
2025-04-13 22:00:00+00:00,1200,3000.0,1200,12,7855045.833333333,140000000.0
2025-04-13 23:00:00+00:00,1197,3006.683375104428,1197,64,11242150.640625,140000000.0
2025-04-14 00:00:00+00:00,1200,3000.0,1200,12,13307799.75,140000000.0
2025-04-14 01:00:00+00:00,1200,3000.0,1200,12,9895385.833333334,140000000.0
2025-04-14 02:00:00+00:00,1200,3000.0,1200,12,17787692.5,140000000.0
2025-04-14 03:00:00+00:00,1200,3000.0,1200,12,16128017.75,140000000.0
2025-04-14 04:00:00+00:00,1200,3000.0,1200,12,15883154.416666666,140000000.0
2025-04-14 05:00:00+00:00,1200,3000.0,1200,12,17991594.166666668,140000000.0
2025-04-14 06:00:00+00:00,1200,3000.0,1200,12,19010601.666666668,140000000.0
2025-04-14 07:00:00+00:00,1200,3000.0,1200,12,25171920.666666668,139772847.41666666
2025-04-14 08:00:00+00:00,1200,3000.0,1200,12,19147921.0,140000000.0
2025-04-14 09:00:00+00:00,1200,3000.0,1200,12,20001184.083333332,140000000.0
2025-04-14 10:00:00+00:00,1200,3000.0,1200,12,22060132.833333332,140000000.0
2025-04-14 11:00:00+00:00,1200,3000.0,1200,12,22764887.5,140000000.0
2025-04-14 12:00:00+00:00,1200,3000.0,1200,12,27755996.0,140000000.0
2025-04-14 13:00:00+00:00,1200,3000.0,1200,12,22608314.666666668,140000000.0
2025-04-14 14:00:00+00:00,1200,3000.0,1200,12,19354094.0,140000000.0
2025-04-14 15:00:00+00:00,1200,3000.0,1200,12,18392755.083333332,140000000.0
2025-04-14 16:00:00+00:00,1200,3000.0,1200,12,17193829.083333332,140000000.0
2025-04-14 17:00:00+00:00,1200,3000.0,1200,12,12912038.416666666,140000000.0
2025-04-14 18:00:00+00:00,1200,3000.0,1200,12,12155548.166666666,140000000.0
2025-04-14 19:00:00+00:00,1200,3000.0,1200,12,10341713.25,139772847.41666666
2025-04-14 20:00:00+00:00,1200,3000.8333333333335,1200,39,10918985.974358974,140000000.0
2025-04-14 21:00:00+00:00,1200,3000.0,1200,12,11376937.416666666,139862574.58333334
2025-04-14 22:00:00+00:00,1199,3003.3361134278566,1199,89,11720918.494382022,139846456.5505618
2025-04-14 23:00:00+00:00,1200,3000.0,1200,12,8185708.75,140000000.0
2025-04-15 00:00:00+00:00,1200,3000.0,1200,12,9653640.083333334,140000000.0
2025-04-15 01:00:00+00:00,1200,3000.0,1200,12,11766347.75,140000000.0
2025-04-15 02:00:00+00:00,1200,3000.0,1200,12,13813627.416666666,140000000.0
2025-04-15 03:00:00+00:00,1200,3000.0,1200,12,16234741.833333334,140000000.0
2025-04-15 04:00:00+00:00,1200,3000.0,1200,12,14739845.583333334,140000000.0
2025-04-15 05:00:00+00:00,1200,3000.0,1200,12,17566469.166666668,140000000.0
2025-04-15 06:00:00+00:00,1200,3000.0,1200,12,24787315.75,140000000.0
2025-04-15 07:00:00+00:00,1200,3000.0,1200,12,19096431.166666668,140000000.0
2025-04-15 08:00:00+00:00,1200,3000.0,1200,12,16929869.25,140000000.0
2025-04-15 09:00:00+00:00,1200,3000.0,1200,12,15670067.416666666,140000000.0
2025-04-15 10:00:00+00:00,1200,3000.0,1200,12,18938119.333333332,140000000.0
2025-04-15 11:00:00+00:00,1200,3000.0,1200,12,18205361.083333332,140000000.0
2025-04-15 12:00:00+00:00,1200,3000.0,1200,12,20692626.166666668,140000000.0
2025-04-15 13:00:00+00:00,1198,3003.338898163606,1198,39,28212914.512820512,140000000.0
2025-04-15 14:00:00+00:00,1200,3000.0,1200,12,20332327.083333332,140000000.0
2025-04-15 15:00:00+00:00,1200,3000.0,1200,12,17362855.5,140000000.0
2025-04-15 16:00:00+00:00,1200,3000.0,1200,12,14255709.666666666,140000000.0
2025-04-15 17:00:00+00:00,1200,3000.0,1200,12,13371169.666666666,140000000.0
2025-04-15 18:00:00+00:00,1200,3000.0,1200,12,15784749.666666666,140000000.0
2025-04-15 19:00:00+00:00,1200,3000.0,1200,12,7746226.916666667,140000000.0
2025-04-15 20:00:00+00:00,1200,3000.0,1200,12,8140990.666666667,140000000.0
2025-04-15 21:00:00+00:00,1200,3000.0,1200,12,9670550.333333334,140000000.0
2025-04-15 22:00:00+00:00,1199,3002.5020850708925,1199,66,8395062.93939394,140000000.0
2025-04-15 23:00:00+00:00,1200,3000.0,1200,12,8084570.0,140000000.0
2025-04-16 00:00:00+00:00,1200,3000.0,1200,12,12370706.583333334,140000000.0
2025-04-16 01:00:00+00:00,1200,3000.0,1200,12,17026457.666666668,140000000.0
2025-04-16 02:00:00+00:00,1200,3000.0,1200,12,16069128.666666666,140000000.0
2025-04-16 03:00:00+00:00,1198,3005.008347245409,1198,39,17555453.46153846,139905355.7179487
2025-04-16 04:00:00+00:00,1200,3000.0,1200,12,16438089.333333334,140000000.0
2025-04-16 05:00:00+00:00,1200,3000.0,1200,12,16874290.166666668,140000000.0
2025-04-16 06:00:00+00:00,1200,3000.0,1200,12,18809346.666666668,139772847.41666666
2025-04-16 07:00:00+00:00,1200,3001.6666666666665,1200,62,22035598.387096774,140000000.0
2025-04-16 08:00:00+00:00,1200,3000.0,1200,12,18057240.083333332,140000000.0
2025-04-16 09:00:00+00:00,1200,3000.0,1200,12,18662030.0,140000000.0
2025-04-16 10:00:00+00:00,1200,3000.0,1200,12,16887532.416666668,140000000.0
2025-04-16 11:00:00+00:00,1199,3000.834028356964,1199,62,20154212.30645161,140000000.0
2025-04-16 12:00:00+00:00,1199,3002.5020850708925,1199,66,42900528.333333336,139966823.74242425
2025-04-16 13:00:00+00:00,1200,3000.8333333333335,1200,39,20820628.153846152,139747762.97435898
2025-04-16 14:00:00+00:00,1200,3000.8333333333335,1200,62,21742150.387096774,140000000.0
2025-04-16 15:00:00+00:00,1200,3000.0,1200,12,19754417.75,140000000.0
2025-04-16 16:00:00+00:00,1200,3000.0,1200,12,19352408.916666668,140000000.0
2025-04-16 17:00:00+00:00,1200,3000.0,1200,12,15443309.0,140000000.0
2025-04-16 18:00:00+00:00,1200,3000.0,1200,12,13932986.5,140000000.0
2025-04-16 19:00:00+00:00,1200,3000.0,1200,12,14826965.0,140000000.0
2025-04-16 20:00:00+00:00,1200,3000.0,1200,12,11813681.916666666,140000000.0
2025-04-16 21:00:00+00:00,1200,3000.0,1200,12,9087842.833333334,140000000.0
2025-04-16 22:00:00+00:00,1199,3001.6680567139283,1199,89,9430256.831460673,140000000.0
2025-04-16 23:00:00+00:00,1200,3000.0,1200,12,10552323.583333334,140000000.0
2025-04-17 00:00:00+00:00,1200,3000.0,1200,12,10538623.416666666,140000000.0
2025-04-17 01:00:00+00:00,1121,3210.5263157894738,1121,423,10647458.869976358,140000000.0
2025-04-17 02:00:00+00:00,1200,3000.0,1200,22,13857518.045454545,140000000.0
2025-04-17 03:00:00+00:00,1200,3000.0,1200,12,15269686.666666666,140000000.0
2025-04-17 04:00:00+00:00,1200,3000.0,1200,12,10521907.833333334,140000000.0
2025-04-17 05:00:00+00:00,1200,3000.0,1200,12,12246754.333333334,140000000.0
2025-04-17 06:00:00+00:00,1200,3000.0,1200,12,14304428.666666666,140000000.0
2025-04-17 07:00:00+00:00,1200,3000.0,1200,12,15783150.5,140000000.0
2025-04-17 08:00:00+00:00,1200,3000.0,1200,12,15612508.0,140000000.0
2025-04-17 09:00:00+00:00,1200,3000.0,1200,12,15966338.75,140000000.0
2025-04-17 10:00:00+00:00,1200,3000.0,1200,12,15746228.583333334,140000000.0
2025-04-17 11:00:00+00:00,1200,3000.8333333333335,1200,62,18926171.241935484,139920581.0967742
2025-04-17 12:00:00+00:00,1200,3000.0,1200,12,17722306.75,140000000.0
2025-04-17 13:00:00+00:00,1199,3001.6680567139283,1199,62,18179210.967741936,140000000.0
2025-04-17 14:00:00+00:00,1175,3065.531914893617,1175,339,18651595.265486725,139974214.1740413
2025-04-17 15:00:00+00:00,1199,3002.5020850708925,1199,62,15202584.467741935,140000000.0
2025-04-17 16:00:00+00:00,1200,3000.0,1200,12,13047116.75,140000000.0
2025-04-17 17:00:00+00:00,1200,3000.0,1200,12,11871148.75,140000000.0
2025-04-17 18:00:00+00:00,1200,3000.0,1200,12,7998526.25,140000000.0
2025-04-17 19:00:00+00:00,1200,3000.0,1200,12,11086399.833333334,140000000.0
2025-04-17 20:00:00+00:00,1200,3000.0,1200,12,9490268.416666666,140000000.0
2025-04-17 21:00:00+00:00,1200,3000.0,1200,12,6273634.833333333,140000000.0
2025-04-17 22:00:00+00:00,1200,3000.0,1200,12,6716262.083333333,140000000.0
2025-04-17 23:00:00+00:00,1200,3000.0,1200,12,6828314.5,140000000.0
2025-04-18 00:00:00+00:00,1200,3000.0,1200,12,10509331.916666666,140000000.0
2025-04-18 01:00:00+00:00,1200,3000.0,1200,12,9401932.583333334,140000000.0
2025-04-18 02:00:00+00:00,1200,3000.0,1200,12,12051541.0,140000000.0
2025-04-18 03:00:00+00:00,1200,3000.0,1200,12,14717160.916666666,140000000.0
2025-04-18 04:00:00+00:00,1200,3000.0,1200,12,10977467.666666666,140000000.0
2025-04-18 05:00:00+00:00,1200,3000.0,1200,12,15265415.833333334,140000000.0
2025-04-18 06:00:00+00:00,1200,3000.0,1200,12,13046486.166666666,140000000.0
2025-04-18 07:00:00+00:00,1200,3000.0,1200,12,17149327.25,140000000.0
2025-04-18 08:00:00+00:00,1200,3000.0,1200,12,16531898.583333334,140000000.0
2025-04-18 09:00:00+00:00,1200,3000.0,1200,12,23969075.916666668,140000000.0
2025-04-18 10:00:00+00:00,1200,3000.0,1200,12,18667471.583333332,140000000.0
2025-04-18 11:00:00+00:00,1200,3000.0,1200,12,38621514.666666664,140000000.0
2025-04-18 12:00:00+00:00,1200,3000.0,1200,12,24242777.583333332,140000000.0
2025-04-18 13:00:00+00:00,1200,3000.0,1200,12,33653214.416666664,140000000.0
2025-04-18 14:00:00+00:00,1200,3000.0,1200,12,21274395.166666668,140000000.0
2025-04-18 15:00:00+00:00,1200,3000.0,1200,12,15323578.333333334,140000000.0
2025-04-18 16:00:00+00:00,1200,3000.0,1200,12,17482866.166666668,140000000.0
2025-04-18 17:00:00+00:00,1199,3001.6680567139283,1199,39,13627417.692307692,139873744.30769232
2025-04-18 18:00:00+00:00,1200,3000.0,1200,12,12340816.416666666,139772847.41666666
2025-04-18 19:00:00+00:00,1200,3000.0,1200,12,8322504.416666667,140000000.0
2025-04-18 20:00:00+00:00,1200,3000.0,1200,12,7870970.166666667,140000000.0
2025-04-18 21:00:00+00:00,1200,3000.0,1200,12,6699319.666666667,140000000.0
2025-04-18 22:00:00+00:00,1200,3000.0,1200,12,8138144.333333333,140000000.0
2025-04-18 23:00:00+00:00,1200,3000.0,1200,12,6159852.666666667,140000000.0
2025-04-19 00:00:00+00:00,1200,3000.0,1200,12,8240086.583333333,140000000.0
2025-04-19 01:00:00+00:00,1200,3000.0,1200,12,9175247.0,140000000.0
2025-04-19 02:00:00+00:00,1199,3001.6680567139283,1199,39,14688462.384615384,139943801.02564102
2025-04-19 03:00:00+00:00,1200,3001.6666666666665,1200,62,12759510.322580645,139859009.7580645
2025-04-19 04:00:00+00:00,1200,3000.0,1200,12,15932598.416666666,140000000.0
2025-04-19 05:00:00+00:00,1200,3000.0,1200,12,12081708.083333334,140000000.0
2025-04-19 06:00:00+00:00,1200,3000.0,1200,12,16744111.083333334,140000000.0
2025-04-19 07:00:00+00:00,1199,3001.6680567139283,1199,62,14815874.887096774,139938221.8548387
2025-04-19 08:00:00+00:00,1200,3000.0,1200,12,14005881.166666666,140000000.0
2025-04-19 09:00:00+00:00,1200,3000.0,1200,12,14287076.25,140000000.0
2025-04-19 10:00:00+00:00,1200,3000.0,1200,12,13968268.5,139772847.41666666
2025-04-19 11:00:00+00:00,1200,3000.0,1200,12,13651311.25,140000000.0
2025-04-19 12:00:00+00:00,1200,3000.0,1200,12,12602515.833333334,140000000.0
2025-04-19 13:00:00+00:00,1200,3000.0,1200,12,16649216.833333334,139862574.58333334
2025-04-19 14:00:00+00:00,1200,3000.0,1200,12,21342092.416666668,140000000.0
2025-04-19 15:00:00+00:00,1200,3000.0,1200,12,16386736.75,140000000.0
2025-04-19 16:00:00+00:00,1200,3000.0,1200,12,15268649.833333334,140000000.0
2025-04-19 17:00:00+00:00,1200,3000.0,1200,12,9160994.5,140000000.0
2025-04-19 18:00:00+00:00,1200,3000.0,1200,12,10522619.416666666,140000000.0
2025-04-19 19:00:00+00:00,1200,3000.0,1200,12,9220191.333333334,140000000.0
2025-04-19 20:00:00+00:00,1197,3006.683375104428,1197,39,9118932.41025641,140000000.0
2025-04-19 21:00:00+00:00,1200,3000.0,1200,12,6366453.416666667,140000000.0
2025-04-19 22:00:00+00:00,1200,3000.0,1200,12,7429539.0,140000000.0
2025-04-19 23:00:00+00:00,1199,3004.1701417848208,1199,87,10159285.333333334,140000000.0
2025-04-20 00:00:00+00:00,1200,3000.0,1200,12,12449339.166666666,140000000.0
2025-04-20 01:00:00+00:00,1200,3000.0,1200,12,17619067.083333332,140000000.0
2025-04-20 02:00:00+00:00,1200,3000.0,1200,12,13564836.0,140000000.0
2025-04-20 03:00:00+00:00,1198,3003.338898163606,1198,39,10972109.641025642,140000000.0
2025-04-20 04:00:00+00:00,1200,3000.0,1200,12,18792643.666666668,140000000.0
2025-04-20 05:00:00+00:00,1200,3000.0,1200,12,16788055.416666668,139772847.41666666
2025-04-20 06:00:00+00:00,1200,3000.0,1200,12,20508993.5,140000000.0
2025-04-20 07:00:00+00:00,1200,3000.0,1200,12,16155667.75,140000000.0
2025-04-20 08:00:00+00:00,1200,3000.0,1200,12,16082073.416666666,140000000.0
2025-04-20 09:00:00+00:00,1200,3000.0,1200,12,15382213.416666666,140000000.0
2025-04-20 10:00:00+00:00,1200,3000.0,1200,12,15398093.666666666,140000000.0
2025-04-20 11:00:00+00:00,1200,3000.0,1200,12,12614848.25,140000000.0
2025-04-20 12:00:00+00:00,1200,3000.0,1200,12,17575383.75,140000000.0
2025-04-20 13:00:00+00:00,1200,3000.0,1200,12,14009263.25,140000000.0
2025-04-20 14:00:00+00:00,1200,3000.0,1200,12,18695614.166666668,140000000.0
2025-04-20 15:00:00+00:00,1200,3000.0,1200,12,16176088.25,140000000.0
2025-04-20 16:00:00+00:00,1200,3000.0,1200,12,13379236.166666666,140000000.0
2025-04-20 17:00:00+00:00,1200,3000.0,1200,12,7748906.25,140000000.0
2025-04-20 18:00:00+00:00,1200,3000.0,1200,12,9922196.75,140000000.0
2025-04-20 19:00:00+00:00,1200,3000.0,1200,12,8141075.666666667,140000000.0
2025-04-20 20:00:00+00:00,1200,3000.0,1200,12,11711431.0,140000000.0
2025-04-20 21:00:00+00:00,1200,3000.0,1200,12,6503309.0,140000000.0
2025-04-20 22:00:00+00:00,1200,3000.0,1200,12,8638149.25,140000000.0
2025-04-20 23:00:00+00:00,1200,3000.0,1200,12,9839949.333333334,140000000.0
2025-04-21 00:00:00+00:00,1200,3000.0,1200,12,11828870.25,140000000.0
2025-04-21 01:00:00+00:00,1200,3000.0,1200,12,11267964.75,140000000.0
2025-04-21 02:00:00+00:00,1200,3000.0,1200,12,13619327.666666666,140000000.0
2025-04-21 03:00:00+00:00,1200,3000.0,1200,12,13536501.25,140000000.0
2025-04-21 04:00:00+00:00,1200,3000.0,1200,12,16115865.0,140000000.0
2025-04-21 05:00:00+00:00,1200,3000.0,1200,12,11196312.0,140000000.0
2025-04-21 06:00:00+00:00,1200,3000.0,1200,12,15340790.666666666,140000000.0
2025-04-21 07:00:00+00:00,1199,3003.3361134278566,1199,62,18095872.69354839,140000000.0
2025-04-21 08:00:00+00:00,1200,3000.0,1200,12,19737381.166666668,140000000.0
2025-04-21 09:00:00+00:00,1200,3000.0,1200,12,13482773.916666666,140000000.0
2025-04-21 10:00:00+00:00,1200,3000.0,1200,12,17828011.75,140000000.0
2025-04-21 11:00:00+00:00,1200,3000.0,1200,12,12416475.0,140000000.0
2025-04-21 12:00:00+00:00,1200,3000.0,1200,12,30090066.666666668,140000000.0
2025-04-21 13:00:00+00:00,1200,3000.0,1200,12,22398862.083333332,140000000.0
2025-04-21 14:00:00+00:00,1200,3000.0,1200,12,20847426.833333332,140000000.0
2025-04-21 15:00:00+00:00,1200,3000.0,1200,12,19156750.333333332,140000000.0
2025-04-21 16:00:00+00:00,1200,3000.0,1200,12,18219174.833333332,140000000.0
2025-04-21 17:00:00+00:00,1200,3000.0,1200,12,16043694.916666666,140000000.0
2025-04-21 18:00:00+00:00,1200,3000.0,1200,12,17507300.416666668,140000000.0
2025-04-21 19:00:00+00:00,1200,3000.0,1200,12,9133012.833333334,140000000.0
2025-04-21 20:00:00+00:00,1200,3000.0,1200,12,16604845.166666666,140000000.0
2025-04-21 21:00:00+00:00,1200,3000.0,1200,12,5692453.166666667,140000000.0
2025-04-21 22:00:00+00:00,1200,3000.0,1200,12,11792497.083333334,140000000.0
2025-04-21 23:00:00+00:00,1200,3000.0,1200,12,10680184.75,140000000.0
2025-04-22 00:00:00+00:00,1200,3000.0,1200,12,11433269.666666666,140000000.0
2025-04-22 01:00:00+00:00,1200,3000.0,1200,12,16932802.666666668,140000000.0
2025-04-22 02:00:00+00:00,1200,3000.0,1200,12,14063781.666666666,140000000.0
2025-04-22 03:00:00+00:00,1200,3000.0,1200,12,14955916.916666666,140000000.0
2025-04-22 04:00:00+00:00,1200,3000.0,1200,12,17586951.5,139862574.58333334
2025-04-22 05:00:00+00:00,1200,3000.0,1200,12,17839878.916666668,140000000.0
2025-04-22 06:00:00+00:00,1200,3000.0,1200,12,24667373.0,140000000.0
2025-04-22 07:00:00+00:00,1199,3001.6680567139283,1199,87,22400122.735632185,139987434.44827586
2025-04-22 08:00:00+00:00,1200,3000.0,1200,12,19916069.583333332,140000000.0
2025-04-22 09:00:00+00:00,1200,3000.0,1200,12,22530307.916666668,140000000.0
2025-04-22 10:00:00+00:00,1200,3000.0,1200,12,18688223.416666668,140000000.0
2025-04-22 11:00:00+00:00,1200,3000.0,1200,12,57600551.583333336,140000000.0
2025-04-22 12:00:00+00:00,1200,3000.0,1200,12,31415227.166666668,140000000.0
2025-04-22 13:00:00+00:00,1200,3000.0,1200,12,28741212.666666668,140000000.0
2025-04-22 14:00:00+00:00,1200,3000.0,1200,12,26095225.416666668,140000000.0
2025-04-22 15:00:00+00:00,1186,3037.0994940978076,1186,216,25967380.689814813,140000000.0
2025-04-22 16:00:00+00:00,1198,3003.338898163606,1198,63,22967255.76190476,140000000.0
2025-04-22 17:00:00+00:00,1200,3000.0,1200,12,16511497.166666666,140000000.0
2025-04-22 18:00:00+00:00,1199,3003.3361134278566,1199,63,15161567.650793651,139993491.7777778
2025-04-22 19:00:00+00:00,1200,3000.0,1200,12,16112014.583333334,140000000.0
2025-04-22 20:00:00+00:00,1200,3000.0,1200,12,9512541.833333334,140000000.0
2025-04-22 21:00:00+00:00,1200,3000.0,1200,12,11874094.583333334,140000000.0
2025-04-22 22:00:00+00:00,1200,3000.0,1200,12,13555292.833333334,140000000.0
2025-04-22 23:00:00+00:00,1200,3000.0,1200,12,14871838.666666666,139943079.0
2025-04-23 00:00:00+00:00,1200,3000.0,1200,12,17533444.666666668,140000000.0
2025-04-23 01:00:00+00:00,1200,3000.0,1200,12,17822988.166666668,140000000.0
2025-04-23 02:00:00+00:00,1200,3000.0,1200,12,17641758.916666668,140000000.0
2025-04-23 03:00:00+00:00,1200,3000.0,1200,12,18830994.5,140000000.0
2025-04-23 04:00:00+00:00,1200,3000.0,1200,12,24581051.083333332,140000000.0
2025-04-23 05:00:00+00:00,1200,3000.0,1200,12,20864647.916666668,140000000.0
2025-04-23 06:00:00+00:00,1200,3000.0,1200,12,17981830.75,140000000.0
2025-04-23 07:00:00+00:00,1200,3000.0,1200,12,22813374.166666668,140000000.0
2025-04-23 08:00:00+00:00,1200,3000.0,1200,12,21924737.583333332,140000000.0
2025-04-23 09:00:00+00:00,1200,3000.0,1200,12,21247160.916666668,140000000.0
2025-04-23 10:00:00+00:00,1200,3000.8333333333335,1200,39,21393996.46153846,139982485.84615386
2025-04-23 11:00:00+00:00,1199,3002.5020850708925,1199,88,19866314.772727273,140000000.0
2025-04-23 12:00:00+00:00,1200,3000.0,1200,12,17998852.083333332,140000000.0
2025-04-23 13:00:00+00:00,1200,3000.0,1200,12,22757310.0,140000000.0
2025-04-23 14:00:00+00:00,1200,3000.0,1200,12,25083636.166666668,140000000.0
2025-04-23 15:00:00+00:00,1200,3000.0,1200,12,21617368.5,140000000.0
2025-04-23 16:00:00+00:00,1200,3000.0,1200,12,21533039.666666668,140000000.0
2025-04-23 17:00:00+00:00,1200,3000.0,1200,12,16823818.416666668,140000000.0
2025-04-23 18:00:00+00:00,1200,3000.0,1200,12,18070644.333333332,140000000.0
2025-04-23 19:00:00+00:00,1200,3000.0,1200,12,10664090.75,140000000.0
2025-04-23 20:00:00+00:00,1200,3000.0,1200,12,9917595.0,140000000.0
2025-04-23 21:00:00+00:00,1200,3000.0,1200,12,10918023.5,140000000.0
2025-04-23 22:00:00+00:00,1193,3016.7644593461864,1193,162,11256306.049382716,140000000.0
2025-04-23 23:00:00+00:00,1200,3000.0,1200,12,11130827.083333334,140000000.0
2025-04-24 00:00:00+00:00,1200,3000.0,1200,12,17858345.083333332,140000000.0
2025-04-24 01:00:00+00:00,1200,3000.8333333333335,1200,62,16739573.5,139984570.66129032
2025-04-24 02:00:00+00:00,1200,3000.0,1200,12,18381746.5,139965776.33333334
2025-04-24 03:00:00+00:00,1200,3000.0,1200,12,19241823.916666668,140000000.0
2025-04-24 04:00:00+00:00,1199,3000.834028356964,1199,39,18019995.589743588,139989469.64102563
2025-04-24 05:00:00+00:00,1200,3000.0,1200,12,17942960.833333332,139908855.33333334
2025-04-24 06:00:00+00:00,1200,3000.8333333333335,1200,39,18620343.487179488,139964944.4871795
2025-04-24 07:00:00+00:00,1200,3000.0,1200,12,22368702.416666668,140000000.0
2025-04-24 08:00:00+00:00,1200,3000.0,1200,12,34290602.583333336,140000000.0
2025-04-24 09:00:00+00:00,1200,3000.0,1200,12,19466486.833333332,139965776.33333334
2025-04-24 10:00:00+00:00,1200,3000.8333333333335,1200,39,23147837.717948716,139989469.64102563
2025-04-24 11:00:00+00:00,1200,3000.0,1200,12,22513850.833333332,139965776.33333334
2025-04-24 12:00:00+00:00,1199,3000.834028356964,1199,39,27433443.564102564,139982485.84615386
2025-04-24 13:00:00+00:00,1200,3000.0,1200,12,27620926.0,140000000.0
2025-04-24 14:00:00+00:00,1199,3004.1701417848208,1199,140,23827656.89285714,139982424.00714287
2025-04-24 15:00:00+00:00,1200,3000.0,1200,12,21362841.416666668,139943079.0
2025-04-24 16:00:00+00:00,1199,3000.834028356964,1199,62,19463487.822580647,139988983.03225806
2025-04-24 17:00:00+00:00,1200,3000.0,1200,12,18421797.5,140000000.0
2025-04-24 18:00:00+00:00,1200,3000.0,1200,12,10852531.583333334,139943079.0
2025-04-24 19:00:00+00:00,1200,3001.6666666666665,1200,65,10470405.815384615,139966363.0
2025-04-24 20:00:00+00:00,1200,3000.0,1200,12,11438169.416666666,140000000.0
2025-04-24 21:00:00+00:00,1200,3000.0,1200,12,9427221.583333334,140000000.0
2025-04-24 22:00:00+00:00,1200,3000.0,1200,12,10233762.5,139965776.33333334
2025-04-24 23:00:00+00:00,1199,3000.834028356964,1199,39,13573182.974358974,139989435.58974358
2025-04-25 00:00:00+00:00,1200,3000.8333333333335,1200,39,14553676.743589744,139964944.4871795
2025-04-25 01:00:00+00:00,1198,3005.008347245409,1198,92,15175726.0,139961366.91304347
2025-04-25 02:00:00+00:00,1200,3000.0,1200,12,17755401.75,139943079.0
2025-04-25 03:00:00+00:00,1200,3000.8333333333335,1200,39,16873692.487179488,140000000.0
2025-04-25 04:00:00+00:00,1200,3000.0,1200,12,22917290.333333332,139965776.33333334
2025-04-25 05:00:00+00:00,1199,3000.834028356964,1199,39,21037432.948717948,140000000.0
2025-04-25 06:00:00+00:00,1200,3000.0,1200,12,23311690.416666668,140000000.0
2025-04-25 07:00:00+00:00,1200,3000.0,1200,12,30184956.75,140000000.0
2025-04-25 08:00:00+00:00,1200,3000.0,1200,12,23170655.666666668,140000000.0
2025-04-25 09:00:00+00:00,1200,3000.0,1200,12,24323205.666666668,140000000.0
2025-04-25 10:00:00+00:00,1200,3000.0,1200,12,40826822.833333336,140000000.0
2025-04-25 11:00:00+00:00,1200,3000.8333333333335,1200,81,22333367.38271605,139946001.50617284
2025-04-25 12:00:00+00:00,1199,3003.3361134278566,1199,20,37377014.95,140000000.0
2025-04-25 13:00:00+00:00,1200,3000.0,1200,12,24326913.583333332,140000000.0
2025-04-25 14:00:00+00:00,1200,3000.0,1200,12,20787387.25,140000000.0
2025-04-25 15:00:00+00:00,1199,3001.6680567139283,1199,39,23359051.53846154,139978946.1025641
2025-04-25 16:00:00+00:00,1200,3000.8333333333335,1200,40,22326928.975,139982923.7
2025-04-25 17:00:00+00:00,1199,3000.834028356964,1199,39,14404853.692307692,139943924.64102563
2025-04-25 18:00:00+00:00,1200,3001.6666666666665,1200,38,14767254.578947369,139942448.97368422
2025-04-25 19:00:00+00:00,1199,3000.834028356964,1199,62,12322717.822580645,139960314.41935483
2025-04-25 20:00:00+00:00,1200,3000.0,1200,12,11120659.666666666,139943079.0
2025-04-25 21:00:00+00:00,1200,3000.0,1200,12,10896748.416666666,139908855.33333334
2025-04-25 22:00:00+00:00,1196,3010.033444816054,1196,87,10972591.402298851,139974862.77011493
2025-04-25 23:00:00+00:00,1200,3000.0,1200,12,11828821.083333334,139908855.33333334
2025-04-26 00:00:00+00:00,1200,3000.8333333333335,1200,39,16984611.17948718,139982485.84615386
2025-04-26 01:00:00+00:00,1200,3000.0,1200,12,14573314.583333334,139943079.0
2025-04-26 02:00:00+00:00,1198,3005.008347245409,1198,64,16553671.328125,139957275.9375
2025-04-26 03:00:00+00:00,1200,3000.0,1200,12,14377475.083333334,139943079.0
2025-04-26 04:00:00+00:00,1200,3000.0,1200,12,16141775.416666666,139908855.33333334
2025-04-26 05:00:00+00:00,1200,3000.0,1200,12,16913746.5,139943079.0
2025-04-26 06:00:00+00:00,1199,3001.6680567139283,1199,39,18258858.589743588,139975457.6153846
2025-04-26 07:00:00+00:00,1200,3000.0,1200,12,15580600.916666666,140000000.0
2025-04-26 08:00:00+00:00,1200,3000.0,1200,12,16008460.75,140000000.0
2025-04-26 09:00:00+00:00,1200,3000.8333333333335,1200,62,22624306.758064516,139964726.79032257
2025-04-26 10:00:00+00:00,1200,3000.8333333333335,1200,62,17070328.70967742,139993376.06451613
2025-04-26 11:00:00+00:00,1199,3002.5020850708925,1199,113,19288293.398230087,139993955.2920354
2025-04-26 12:00:00+00:00,1200,3000.0,1200,12,16973663.083333332,139943079.0
2025-04-26 13:00:00+00:00,1200,3000.0,1200,12,20223629.583333332,139965776.33333334
2025-04-26 14:00:00+00:00,1200,3000.0,1200,12,17805556.833333332,140000000.0
2025-04-26 15:00:00+00:00,1199,3000.834028356964,1199,39,19136811.871794872,140000000.0
2025-04-26 16:00:00+00:00,1200,3000.0,1200,12,14838980.583333334,139943079.0
2025-04-26 17:00:00+00:00,1200,3000.0,1200,12,21132463.416666668,139965776.33333334
2025-04-26 18:00:00+00:00,1200,3000.8333333333335,1200,39,13026587.025641026,139975478.12820512
2025-04-26 19:00:00+00:00,1200,3000.8333333333335,1200,62,10008536.58064516,140000000.0
2025-04-26 20:00:00+00:00,1200,3000.0,1200,12,8802054.333333334,139965776.33333334
2025-04-26 21:00:00+00:00,1200,3000.0,1200,12,7639323.5,140000000.0
2025-04-26 22:00:00+00:00,1200,3000.0,1200,12,8048892.333333333,139965776.33333334
2025-04-26 23:00:00+00:00,1200,3000.0,1200,12,10328644.416666666,139965776.33333334
2025-04-27 00:00:00+00:00,1200,3000.0,1200,12,11136394.916666666,139965776.33333334
2025-04-27 01:00:00+00:00,1200,3000.0,1200,12,15866184.0,140000000.0
2025-04-27 02:00:00+00:00,1200,3000.0,1200,12,14926581.416666666,139943079.0
2025-04-27 03:00:00+00:00,1200,3000.0,1200,12,19066606.333333332,139965776.33333334
2025-04-27 04:00:00+00:00,1200,3000.0,1200,12,13625868.75,140000000.0
2025-04-27 05:00:00+00:00,1200,3000.0,1200,12,16972488.166666668,139965776.33333334
2025-04-27 06:00:00+00:00,1197,3006.683375104428,1197,66,19695163.03030303,139995859.07575756
2025-04-27 07:00:00+00:00,1200,3000.0,1200,12,19363207.0,139943079.0
2025-04-27 08:00:00+00:00,1200,3000.0,1200,12,22304111.666666668,139965776.33333334
2025-04-27 09:00:00+00:00,1200,3000.0,1200,12,17298295.75,139965776.33333334
2025-04-27 10:00:00+00:00,1200,3000.0,1200,12,17799323.916666668,139965776.33333334
2025-04-27 11:00:00+00:00,1200,3000.0,1200,12,18196358.666666668,140000000.0
2025-04-27 12:00:00+00:00,1200,3000.0,1200,12,17921628.083333332,140000000.0
2025-04-27 13:00:00+00:00,1200,3000.0,1200,12,24992799.916666668,139943079.0
2025-04-27 14:00:00+00:00,1200,3000.0,1200,12,16688601.916666666,139965776.33333334
2025-04-27 15:00:00+00:00,1200,3000.0,1200,12,18874330.5,139908855.33333334
2025-04-27 16:00:00+00:00,1200,3000.0,1200,12,11717931.583333334,140000000.0
2025-04-27 17:00:00+00:00,1200,3000.0,1200,12,9822161.75,140000000.0
2025-04-27 18:00:00+00:00,1200,3000.0,1200,12,10238449.5,140000000.0
2025-04-27 19:00:00+00:00,1200,3000.0,1200,12,11281372.333333334,140000000.0
2025-04-27 20:00:00+00:00,1200,3000.0,1200,12,10177096.333333334,140000000.0
2025-04-27 21:00:00+00:00,1200,3000.0,1200,12,6344063.083333333,140000000.0
2025-04-27 22:00:00+00:00,1200,3000.0,1200,12,13898130.583333334,140000000.0
2025-04-27 23:00:00+00:00,1200,3000.0,1200,12,8636156.166666666,140000000.0
2025-04-28 00:00:00+00:00,1200,3000.0,1200,12,13581580.916666666,139965776.33333334
2025-04-28 01:00:00+00:00,1200,3000.0,1200,12,17024325.833333332,140000000.0
2025-04-28 02:00:00+00:00,1200,3000.0,1200,12,21149575.083333332,140000000.0
2025-04-28 03:00:00+00:00,1200,3000.0,1200,12,15461803.916666666,139965776.33333334
2025-04-28 04:00:00+00:00,1200,3000.0,1200,12,14136854.166666666,139965776.33333334
2025-04-28 05:00:00+00:00,1200,3000.0,1200,12,13842972.916666666,139931552.66666666
2025-04-28 06:00:00+00:00,1199,3001.6680567139283,1199,39,18115974.794871796,139922863.92307693
2025-04-28 07:00:00+00:00,1200,3000.0,1200,12,19982469.0,139943079.0
2025-04-28 08:00:00+00:00,1200,3000.0,1200,12,20797675.0,139965776.33333334
2025-04-28 09:00:00+00:00,1200,3000.0,1200,12,21538315.666666668,139943079.0
2025-04-28 10:00:00+00:00,1200,3000.0,1200,12,39012885.083333336,140000000.0
2025-04-28 11:00:00+00:00,1200,3000.0,1200,12,24165216.583333332,139886158.0
2025-04-28 12:00:00+00:00,1200,3000.0,1200,12,22596818.75,140000000.0
2025-04-28 13:00:00+00:00,1200,3000.0,1200,12,20567417.083333332,139965776.33333334
2025-04-28 14:00:00+00:00,1200,3000.0,1200,12,22578748.5,139943079.0
2025-04-28 15:00:00+00:00,1200,3000.0,1200,12,18580265.583333332,139874631.66666666
2025-04-28 16:00:00+00:00,1200,3000.0,1200,12,20065006.25,139886158.0
2025-04-28 17:00:00+00:00,1200,3000.0,1200,12,12639058.083333334,140000000.0
2025-04-28 18:00:00+00:00,1200,3000.0,1200,12,8914048.916666666,139886158.0
2025-04-28 19:00:00+00:00,1200,3000.0,1200,12,12043621.166666666,140000000.0
2025-04-28 20:00:00+00:00,1200,3000.0,1200,12,9244221.333333334,139851934.33333334
2025-04-28 21:00:00+00:00,1200,3000.0,1200,12,7650381.333333333,139943079.0
2025-04-28 22:00:00+00:00,1200,3000.0,1200,12,8707274.75,140000000.0
2025-04-28 23:00:00+00:00,1200,3000.0,1200,12,9281067.083333334,139908855.33333334
2025-04-29 00:00:00+00:00,1200,3000.0,1200,12,12673357.416666666,139761056.83333334
2025-04-29 01:00:00+00:00,1200,3000.0,1200,12,9771688.5,139433621.66666666
2025-04-29 02:00:00+00:00,1198,3006.677796327212,1198,65,15201447.6,98125502.03076923
2025-04-29 03:00:00+00:00,1199,3000.834028356964,1199,1099,14753351.661510464,70026322.55868971
2025-04-29 04:00:00+00:00,1200,3000.0,1200,1200,14483143.511666667,70011855.8325
2025-04-29 05:00:00+00:00,2272,1585.1672535211267,2272,2272,8629769.041813381,70016449.36047535
2025-04-29 06:00:00+00:00,2372,1517.9173693086004,2372,2372,9838626.413575042,70016646.16652614
2025-04-29 07:00:00+00:00,2368,1520.2702702702702,2368,1351,10292276.687638786,70020555.48556624
2025-04-29 08:00:00+00:00,2365,1522.198731501057,2365,1175,11650418.529361703,70003378.41446808
2025-04-29 09:00:00+00:00,2377,1514.3037442153975,2377,961,10469184.703433923,69999928.867846
2025-04-29 10:00:00+00:00,2400,1500.0,2400,12,21783336.916666668,70000000.0
2025-04-29 11:00:00+00:00,2400,1500.2083333333333,2400,63,12330447.825396825,69930667.31746031
2025-04-29 12:00:00+00:00,2400,1500.0,2400,12,12998586.75,70000000.0
2025-04-29 13:00:00+00:00,2400,1500.2083333333333,2400,40,11855781.55,70000000.0
2025-04-29 14:00:00+00:00,2400,1500.0,2400,12,13929704.0,70000000.0
2025-04-29 15:00:00+00:00,2399,1500.4168403501458,2399,68,11433392.75,70000000.0
2025-04-29 16:00:00+00:00,2400,1500.2083333333333,2400,63,11065318.507936507,70000000.0
2025-04-29 17:00:00+00:00,2400,1500.0,2400,12,5321317.333333333,69982916.08333333
2025-04-29 18:00:00+00:00,2399,1500.625260525219,2399,40,6371497.9,70000000.0
2025-04-29 19:00:00+00:00,2400,1500.0,2400,12,6940014.333333333,69926129.16666667
2025-04-29 20:00:00+00:00,2400,1500.0,2400,12,6431932.75,70000000.0
2025-04-29 21:00:00+00:00,2400,1500.0,2400,12,4071896.25,70000000.0
2025-04-29 22:00:00+00:00,2400,1500.0,2400,12,5202576.5,70000000.0
2025-04-29 23:00:00+00:00,2400,1500.0,2400,12,4022524.25,70000000.0
2025-04-30 00:00:00+00:00,2400,1500.0,2400,12,7675329.333333333,70000000.0
2025-04-30 01:00:00+00:00,2400,1500.0,2400,12,6175020.583333333,70000000.0
2025-04-30 02:00:00+00:00,2400,1500.0,2400,12,9801257.333333334,70000000.0
2025-04-30 03:00:00+00:00,2400,1500.0,2400,12,7559121.583333333,70000000.0
2025-04-30 04:00:00+00:00,2400,1500.0,2400,12,9276363.75,70000000.0
2025-04-30 05:00:00+00:00,2399,1500.208420175073,2399,40,9635652.25,69977838.75
2025-04-30 06:00:00+00:00,2400,1500.0,2400,12,10193277.333333334,70000000.0
2025-04-30 07:00:00+00:00,2372,1518.1281618887015,2372,169,12166749.177514793,70000000.0
2025-04-30 08:00:00+00:00,2400,1500.0,2400,12,14317919.583333334,70000000.0
2025-04-30 09:00:00+00:00,2400,1500.0,2400,12,12259620.5,70000000.0
2025-04-30 10:00:00+00:00,2400,1500.0,2400,12,16389149.666666666,70000000.0
2025-04-30 11:00:00+00:00,2400,1500.0,2400,12,12013607.75,70000000.0
2025-04-30 12:00:00+00:00,2399,1500.208420175073,2399,40,14694813.425,70000000.0
2025-04-30 13:00:00+00:00,2400,1500.0,2400,12,13930765.166666666,70000000.0
2025-04-30 14:00:00+00:00,2400,1500.0,2400,12,14211236.75,70000000.0
2025-04-30 15:00:00+00:00,2400,1500.0,2400,12,11870581.5,70000000.0
2025-04-30 16:00:00+00:00,2400,1500.0,2400,12,10814105.833333334,70000000.0
2025-04-30 17:00:00+00:00,2400,1500.0,2400,12,7634165.666666667,70000000.0
2025-04-30 18:00:00+00:00,2400,1500.0,2400,12,6219218.083333333,70000000.0
2025-04-30 19:00:00+00:00,2400,1500.0,2400,12,9532674.416666666,69926129.16666667
2025-04-30 20:00:00+00:00,2400,1500.0,2400,12,9365452.25,70000000.0
2025-04-30 21:00:00+00:00,2400,1500.0,2400,12,3666082.75,69982916.08333333
2025-04-30 22:00:00+00:00,2400,1500.0,2400,12,6025409.0,70000000.0
2025-04-30 23:00:00+00:00,2400,1500.2083333333333,2400,40,5358804.35,69998291.05
2025-05-01 00:00:00+00:00,2400,1500.0,2400,12,9172487.583333334,70000000.0
2025-05-01 01:00:00+00:00,2400,1500.0,2400,12,7278382.333333333,69982916.08333333
2025-05-01 02:00:00+00:00,2400,1500.2083333333333,2400,40,8997663.55,70000000.0
2025-05-01 03:00:00+00:00,2400,1500.0,2400,12,8400361.75,70000000.0
2025-05-01 04:00:00+00:00,2400,1500.0,2400,12,8155306.416666667,70000000.0
2025-05-01 05:00:00+00:00,2400,1500.0,2400,12,10008787.416666666,70000000.0
2025-05-01 06:00:00+00:00,2400,1500.0,2400,32,11646060.75,70000000.0
2025-05-01 07:00:00+00:00,2399,1500.4168403501458,2399,94,10429131.319148935,70000000.0
2025-05-01 08:00:00+00:00,2400,1500.0,2400,12,8919850.833333334,69982916.08333333
2025-05-01 09:00:00+00:00,2400,1500.0,2400,12,10301904.583333334,70000000.0
2025-05-01 10:00:00+00:00,2400,1500.0,2400,12,10193859.833333334,70000000.0
2025-05-01 11:00:00+00:00,2400,1500.0,2400,12,9919583.25,70000000.0
2025-05-01 12:00:00+00:00,2399,1500.4168403501458,2399,91,11791590.186813187,70000000.0
2025-05-01 13:00:00+00:00,2396,1502.7128547579298,2396,118,13174269.118644068,70000000.0
2025-05-01 14:00:00+00:00,2400,1500.2083333333333,2400,40,11149276.95,70000000.0
2025-05-01 15:00:00+00:00,2399,1500.208420175073,2399,40,10849745.35,70000000.0
2025-05-01 16:00:00+00:00,2400,1500.0,2400,12,12058789.75,70000000.0
2025-05-01 17:00:00+00:00,2391,1505.8552906733585,2391,65,9139884.861538462,70000000.0
2025-05-01 18:00:00+00:00,2400,1500.0,2400,12,6153555.083333333,70000000.0
2025-05-01 19:00:00+00:00,2400,1500.0,2400,12,7651675.75,70000000.0
2025-05-01 20:00:00+00:00,2400,1500.0,2400,12,7703502.583333333,70000000.0
2025-05-01 21:00:00+00:00,2396,1502.2954924874791,2396,64,6231434.984375,70000000.0
2025-05-01 22:00:00+00:00,2400,1500.0,2400,12,7088661.75,70000000.0
2025-05-01 23:00:00+00:00,2400,1500.0,2400,12,12053202.166666666,70000000.0
2025-05-02 00:00:00+00:00,2400,1500.0,2400,12,7330189.333333333,70000000.0
2025-05-02 01:00:00+00:00,2400,1500.0,2400,12,10760329.416666666,70000000.0
2025-05-02 02:00:00+00:00,2400,1500.0,2400,12,8424832.416666666,70000000.0
2025-05-02 03:00:00+00:00,2400,1500.0,2400,12,8087999.0,70000000.0
2025-05-02 04:00:00+00:00,2400,1500.0,2400,12,7325723.333333333,70000000.0
2025-05-02 05:00:00+00:00,2400,1500.2083333333333,2400,63,9207889.222222222,70000000.0
2025-05-02 06:00:00+00:00,2383,1510.4909777591272,2383,114,12332957.157894736,69986826.87719299
2025-05-02 07:00:00+00:00,2400,1500.0,2400,12,12093773.833333334,70000000.0
2025-05-02 08:00:00+00:00,2400,1500.2083333333333,2400,40,12662837.7,70000000.0
2025-05-02 09:00:00+00:00,2400,1500.0,2400,12,11754685.583333334,70000000.0
2025-05-02 10:00:00+00:00,2400,1500.2083333333333,2400,40,10735983.125,70000000.0
2025-05-02 11:00:00+00:00,2400,1500.0,2400,12,9960138.25,70000000.0
2025-05-02 12:00:00+00:00,2400,1500.0,2400,12,9506689.833333334,70000000.0
2025-05-02 13:00:00+00:00,2400,1500.0,2400,12,12635735.25,70000000.0
2025-05-02 14:00:00+00:00,2399,1500.208420175073,2399,40,9435164.25,69998291.05
2025-05-02 15:00:00+00:00,2400,1500.2083333333333,2400,63,10821250.936507937,70000000.0
2025-05-02 16:00:00+00:00,2400,1500.0,2400,12,11799320.75,70000000.0
2025-05-02 17:00:00+00:00,2400,1500.0,2400,12,5723614.916666667,70000000.0
2025-05-02 18:00:00+00:00,2399,1500.4168403501458,2399,90,6118909.711111112,70000000.0
2025-05-02 19:00:00+00:00,2400,1500.0,2400,12,11094121.5,70000000.0
2025-05-02 20:00:00+00:00,2400,1500.0,2400,12,7139763.916666667,70000000.0
2025-05-02 21:00:00+00:00,2400,1500.0,2400,12,4646381.5,70000000.0
2025-05-02 22:00:00+00:00,2400,1500.0,2400,12,8957263.5,70000000.0
2025-05-02 23:00:00+00:00,2400,1500.0,2400,12,6524264.916666667,70000000.0
2025-05-03 00:00:00+00:00,2400,1500.2083333333333,2400,40,6808452.025,69998291.05
2025-05-03 01:00:00+00:00,2400,1500.0,2400,12,9879934.833333334,70000000.0
2025-05-03 02:00:00+00:00,2400,1500.2083333333333,2400,40,8775520.025,70000000.0
2025-05-03 03:00:00+00:00,2400,1500.0,2400,12,8776719.916666666,70000000.0
2025-05-03 04:00:00+00:00,2400,1500.0,2400,12,7981045.833333333,70000000.0
2025-05-03 05:00:00+00:00,2400,1500.0,2400,12,9302260.833333334,70000000.0
2025-05-03 06:00:00+00:00,2400,1500.0,2400,12,9314817.583333334,70000000.0
2025-05-03 07:00:00+00:00,2400,1500.0,2400,12,14721089.833333334,69926129.16666667
2025-05-03 08:00:00+00:00,2400,1500.0,2400,12,9958378.75,70000000.0
2025-05-03 09:00:00+00:00,2400,1500.0,2400,12,14435575.166666666,70000000.0
2025-05-03 10:00:00+00:00,2399,1500.208420175073,2399,40,9749323.375,69977838.75
2025-05-03 11:00:00+00:00,2400,1500.2083333333333,2400,40,8619910.425,70000000.0
2025-05-03 12:00:00+00:00,2400,1500.0,2400,12,9951144.666666666,70000000.0
2025-05-03 13:00:00+00:00,2399,1500.625260525219,2399,94,9904043.542553192,70000000.0
2025-05-03 14:00:00+00:00,2400,1500.0,2400,12,9228685.166666666,70000000.0
2025-05-03 15:00:00+00:00,2400,1500.2083333333333,2400,63,10825096.650793651,70000000.0
2025-05-03 16:00:00+00:00,2400,1500.0,2400,12,10942165.833333334,70000000.0
2025-05-03 17:00:00+00:00,2400,1500.0,2400,12,9566087.75,70000000.0
2025-05-03 18:00:00+00:00,2400,1500.0,2400,12,7715729.333333333,70000000.0
2025-05-03 19:00:00+00:00,2400,1500.0,2400,12,8580499.0,70000000.0
2025-05-03 20:00:00+00:00,2400,1500.0,2400,12,7649212.333333333,70000000.0
2025-05-03 21:00:00+00:00,2400,1500.0,2400,12,8069516.166666667,70000000.0
2025-05-03 22:00:00+00:00,2400,1500.0,2400,12,7289412.0,70000000.0
2025-05-03 23:00:00+00:00,2400,1500.0,2400,12,4243081.666666667,70000000.0
2025-05-04 00:00:00+00:00,2400,1500.0,2400,12,12643024.25,70000000.0
2025-05-04 01:00:00+00:00,2400,1500.0,2400,12,7987102.666666667,70000000.0
2025-05-04 02:00:00+00:00,2399,1500.208420175073,2399,40,8545070.625,70000000.0
2025-05-04 03:00:00+00:00,2400,1500.0,2400,12,7515824.083333333,70000000.0
2025-05-04 04:00:00+00:00,2400,1500.0,2400,12,11166030.666666666,70000000.0
2025-05-04 05:00:00+00:00,2400,1500.0,2400,12,11728408.25,70000000.0
2025-05-04 06:00:00+00:00,2400,1500.0,2400,12,13495287.833333334,70000000.0
2025-05-04 07:00:00+00:00,2400,1500.0,2400,12,9112734.916666666,70000000.0
2025-05-04 08:00:00+00:00,2400,1500.2083333333333,2400,40,12018695.525,70000000.0
2025-05-04 09:00:00+00:00,2400,1500.0,2400,12,16808456.333333332,70000000.0
2025-05-04 10:00:00+00:00,2400,1500.0,2400,12,13443231.583333334,70000000.0
2025-05-04 11:00:00+00:00,2400,1500.0,2400,12,15561608.666666666,69926129.16666667
2025-05-04 12:00:00+00:00,2400,1500.0,2400,12,11276287.25,70000000.0
2025-05-04 13:00:00+00:00,2400,1500.0,2400,12,15687035.0,70000000.0
2025-05-04 14:00:00+00:00,2400,1500.0,2400,12,9934865.0,70000000.0
2025-05-04 15:00:00+00:00,2400,1500.0,2400,12,11714114.666666666,70000000.0
2025-05-04 16:00:00+00:00,2400,1500.0,2400,12,9707409.0,70000000.0
2025-05-04 17:00:00+00:00,2400,1500.0,2400,12,9604371.083333334,70000000.0
2025-05-04 18:00:00+00:00,2400,1500.0,2400,12,9702974.5,69926129.16666667
2025-05-04 19:00:00+00:00,2400,1500.0,2400,12,8498904.833333334,70000000.0
2025-05-04 20:00:00+00:00,2400,1500.2083333333333,2400,40,7335348.825,70000000.0
2025-05-04 21:00:00+00:00,2400,1500.0,2400,12,5958861.666666667,70000000.0
2025-05-04 22:00:00+00:00,2400,1500.0,2400,12,6823390.75,70000000.0
2025-05-04 23:00:00+00:00,2400,1500.0,2400,12,10690276.916666666,69926129.16666667
2025-05-05 00:00:00+00:00,2400,1500.0,2400,12,9472064.583333334,70000000.0
2025-05-05 01:00:00+00:00,2399,1500.4168403501458,2399,40,11673294.625,70000000.0
2025-05-05 02:00:00+00:00,2400,1500.0,2400,12,12216958.25,70000000.0
2025-05-05 03:00:00+00:00,2400,1500.0,2400,12,11279554.916666666,69926129.16666667
2025-05-05 04:00:00+00:00,2400,1500.0,2400,12,8956201.333333334,70000000.0
2025-05-05 05:00:00+00:00,2400,1500.0,2400,12,8535499.166666666,70000000.0
2025-05-05 06:00:00+00:00,2400,1500.0,2400,12,11561419.666666666,70000000.0
2025-05-05 07:00:00+00:00,2400,1500.2083333333333,2400,40,17051396.325,70000000.0
2025-05-05 08:00:00+00:00,2399,1500.208420175073,2399,40,13487205.0,70000000.0
2025-05-05 09:00:00+00:00,2400,1500.0,2400,12,15087358.5,70000000.0
2025-05-05 10:00:00+00:00,2400,1500.2083333333333,2400,40,14647523.95,70000000.0
2025-05-05 11:00:00+00:00,2400,1500.0,2400,12,12823170.583333334,70000000.0
2025-05-05 12:00:00+00:00,2400,1500.0,2400,12,11936856.333333334,70000000.0
2025-05-05 13:00:00+00:00,2400,1500.0,2400,12,12760974.5,70000000.0
2025-05-05 14:00:00+00:00,2400,1500.0,2400,12,13597202.083333334,70000000.0
2025-05-05 15:00:00+00:00,2400,1500.2083333333333,2400,40,14431428.9,70000000.0
2025-05-05 16:00:00+00:00,2400,1500.0,2400,12,20992982.25,70000000.0
2025-05-05 17:00:00+00:00,2400,1500.0,2400,12,12623864.0,70000000.0
2025-05-05 18:00:00+00:00,2400,1500.0,2400,12,18143714.25,70000000.0
2025-05-05 19:00:00+00:00,2400,1500.0,2400,12,9417775.833333334,70000000.0
2025-05-05 20:00:00+00:00,2400,1500.0,2400,12,8587862.666666666,69926129.16666667
2025-05-05 21:00:00+00:00,2400,1500.0,2400,12,6134896.5,70000000.0
2025-05-05 22:00:00+00:00,2400,1500.0,2400,12,8735267.833333334,70000000.0
2025-05-05 23:00:00+00:00,2400,1500.0,2400,12,10998498.083333334,70000000.0
2025-05-06 00:00:00+00:00,2400,1500.0,2400,12,14241175.833333334,70000000.0
2025-05-06 01:00:00+00:00,2400,1500.0,2400,12,12019145.75,70000000.0
2025-05-06 02:00:00+00:00,2400,1500.0,2400,12,12602478.083333334,70000000.0
2025-05-06 03:00:00+00:00,2400,1500.0,2400,12,15134596.916666666,70000000.0
2025-05-06 04:00:00+00:00,2400,1500.0,2400,12,13580694.333333334,70000000.0
2025-05-06 05:00:00+00:00,2399,1500.208420175073,2399,40,15505177.325,70000000.0
2025-05-06 06:00:00+00:00,2400,1500.0,2400,12,15433737.083333334,70000000.0
2025-05-06 07:00:00+00:00,2400,1500.0,2400,12,21365745.333333332,70000000.0
2025-05-06 08:00:00+00:00,2399,1500.625260525219,2399,68,24317345.352941178,70000000.0
2025-05-06 09:00:00+00:00,2400,1500.4166666666667,2400,40,19309102.125,70000000.0
2025-05-06 10:00:00+00:00,2399,1500.4168403501458,2399,68,29728336.470588237,70000000.0
2025-05-06 11:00:00+00:00,2400,1500.2083333333333,2400,40,21618427.15,70000000.0
2025-05-06 12:00:00+00:00,2400,1500.0,2400,12,25372202.666666668,70000000.0
2025-05-06 13:00:00+00:00,2400,1500.0,2400,12,22316079.416666668,70000000.0
2025-05-06 14:00:00+00:00,2400,1500.0,2400,12,23977128.25,70000000.0
2025-05-06 15:00:00+00:00,2397,1501.877346683354,2397,119,27998579.93277311,70000000.0
2025-05-06 16:00:00+00:00,2399,1500.4168403501458,2399,68,21139735.26470588,70000000.0
2025-05-06 17:00:00+00:00,2400,1500.0,2400,12,20882703.083333332,70000000.0
2025-05-06 18:00:00+00:00,2400,1500.0,2400,12,11120013.666666666,70000000.0
2025-05-06 19:00:00+00:00,2400,1500.0,2400,12,11453991.5,70000000.0
2025-05-06 20:00:00+00:00,2400,1500.2083333333333,2400,40,11848559.95,70000000.0
2025-05-06 21:00:00+00:00,2400,1500.0,2400,12,11889739.0,70000000.0
2025-05-06 22:00:00+00:00,2400,1500.0,2400,12,11623036.75,70000000.0
2025-05-06 23:00:00+00:00,2400,1500.0,2400,12,8357180.916666667,70000000.0
2025-05-07 00:00:00+00:00,2400,1500.0,2400,12,13238395.916666666,70000000.0
2025-05-07 01:00:00+00:00,2400,1500.0,2400,12,15990084.75,70000000.0
2025-05-07 02:00:00+00:00,2400,1500.0,2400,12,16561669.166666666,69926129.16666667
2025-05-07 03:00:00+00:00,2399,1500.208420175073,2399,40,19532405.05,70000000.0
2025-05-07 04:00:00+00:00,2400,1500.4166666666667,2400,67,19737432.46268657,70000000.0
2025-05-07 05:00:00+00:00,2399,1500.208420175073,2399,40,26360969.7,70000000.0
2025-05-07 06:00:00+00:00,2400,1500.2083333333333,2400,40,29665598.65,70000000.0
2025-05-07 07:00:00+00:00,2400,1500.0,2400,12,27137113.916666668,70000000.0
2025-05-07 08:00:00+00:00,2399,1500.625260525219,2399,96,26437226.083333332,70000000.0
2025-05-07 09:00:00+00:00,2400,1500.2083333333333,2400,40,24732378.125,70000000.0
2025-05-07 10:00:00+00:00,2400,1500.0,2400,12,17976396.333333332,70000000.0
2025-05-07 11:00:00+00:00,2399,1500.208420175073,2399,40,16086799.825,70000000.0
2025-05-07 12:00:00+00:00,2400,1500.2083333333333,2400,40,18315821.1,70000000.0
2025-05-07 13:00:00+00:00,2397,1502.0859407592823,2397,68,22070837.80882353,69973875.01470588
2025-05-07 14:00:00+00:00,2400,1500.0,2400,12,17414782.25,69982916.08333333
2025-05-07 15:00:00+00:00,2400,1500.0,2400,12,17478591.416666668,70000000.0
2025-05-07 16:00:00+00:00,2399,1500.208420175073,2399,40,15678882.55,70000000.0
2025-05-07 17:00:00+00:00,2400,1500.2083333333333,2400,40,10560106.975,69998291.05
2025-05-07 18:00:00+00:00,2400,1500.2083333333333,2400,40,9604802.225,70000000.0
2025-05-07 19:00:00+00:00,2400,1500.0,2400,12,8848041.0,70000000.0
2025-05-07 20:00:00+00:00,2400,1500.0,2400,12,8873770.416666666,70000000.0
2025-05-07 21:00:00+00:00,2399,1500.208420175073,2399,40,11518016.1,70000000.0
2025-05-07 22:00:00+00:00,2400,1500.0,2400,12,7280476.416666667,70000000.0
2025-05-07 23:00:00+00:00,2400,1500.2083333333333,2400,63,7078690.238095238,70000000.0
2025-05-08 00:00:00+00:00,2400,1500.0,2400,12,14378243.583333334,70000000.0
2025-05-08 01:00:00+00:00,2400,1500.2083333333333,2400,40,21323397.775,69991471.95
2025-05-08 02:00:00+00:00,2399,1500.208420175073,2399,40,19112219.0,70000000.0
2025-05-08 03:00:00+00:00,2400,1500.4166666666667,2400,68,17613062.67647059,70000000.0
2025-05-08 04:00:00+00:00,2400,1500.0,2400,12,17779741.666666668,70000000.0
2025-05-08 05:00:00+00:00,2392,1504.5986622073578,2392,95,18638002.92631579,70000000.0
2025-05-08 06:00:00+00:00,2400,1500.4166666666667,2400,68,20100298.13235294,70000000.0
2025-05-08 07:00:00+00:00,2399,1500.625260525219,2399,63,26152441.365079366,70000000.0
2025-05-08 08:00:00+00:00,2399,1500.625260525219,2399,40,24373461.4,70000000.0
2025-05-08 09:00:00+00:00,2400,1500.0,2400,12,20231842.666666668,70000000.0
2025-05-08 10:00:00+00:00,2400,1500.0,2400,12,16997342.166666668,70000000.0
2025-05-08 11:00:00+00:00,2400,1500.0,2400,12,13804961.333333334,70000000.0
2025-05-08 12:00:00+00:00,2378,1513.4566862910008,2378,68,19239109.92647059,70000000.0
2025-05-08 13:00:00+00:00,2380,1512.6050420168067,2380,95,17877984.07368421,70000000.0
2025-05-08 14:00:00+00:00,2400,1500.2083333333333,2400,40,19083672.675,70000000.0
2025-05-08 15:00:00+00:00,2399,1500.8336807002918,2399,40,17758916.35,70000000.0
2025-05-08 16:00:00+00:00,2399,1500.4168403501458,2399,66,17058934.90909091,70000000.0
2025-05-08 17:00:00+00:00,2400,1500.2083333333333,2400,63,14553363.126984127,70000000.0
2025-05-08 18:00:00+00:00,2400,1500.0,2400,12,16298760.166666666,70000000.0
2025-05-08 19:00:00+00:00,2400,1500.0,2400,12,11921545.5,70000000.0
2025-05-08 20:00:00+00:00,2400,1500.0,2400,12,10712217.416666666,70000000.0
2025-05-08 21:00:00+00:00,2400,1500.0,2400,12,11810182.833333334,70000000.0
2025-05-08 22:00:00+00:00,2400,1500.0,2400,12,9925407.583333334,70000000.0
2025-05-08 23:00:00+00:00,2400,1500.0,2400,12,7110487.0,70000000.0
2025-05-09 00:00:00+00:00,2400,1500.0,2400,12,11751839.833333334,70000000.0
2025-05-09 01:00:00+00:00,2400,1500.0,2400,12,18717050.75,70000000.0
2025-05-09 02:00:00+00:00,2400,1500.0,2400,12,12870530.166666666,70000000.0
2025-05-09 03:00:00+00:00,2400,1500.0,2400,12,21479465.25,69926129.16666667
2025-05-09 04:00:00+00:00,2400,1500.0,2400,12,14866244.166666666,70000000.0
2025-05-09 05:00:00+00:00,2400,1500.0,2400,12,22102336.5,70000000.0
2025-05-09 06:00:00+00:00,2400,1500.0,2400,12,21431317.5,70000000.0
2025-05-09 07:00:00+00:00,2400,1500.0,2400,12,23157263.833333332,70000000.0
2025-05-09 08:00:00+00:00,2400,1500.0,2400,12,28700062.416666668,69982916.08333333
2025-05-09 09:00:00+00:00,2399,1500.208420175073,2399,40,25389690.025,70000000.0
2025-05-09 10:00:00+00:00,2400,1500.0,2400,12,30284122.666666668,70000000.0
2025-05-09 11:00:00+00:00,2400,1500.0,2400,12,18339956.25,70000000.0
2025-05-09 12:00:00+00:00,2400,1500.0,2400,12,21149863.083333332,70000000.0
2025-05-09 13:00:00+00:00,2400,1500.0,2400,12,36723606.666666664,70000000.0
2025-05-09 14:00:00+00:00,2400,1500.0,2400,12,21399706.166666668,70000000.0
2025-05-09 15:00:00+00:00,2400,1500.2083333333333,2400,40,26060062.325,69988070.725
2025-05-09 16:00:00+00:00,2400,1500.0,2400,12,23460979.25,70000000.0
2025-05-09 17:00:00+00:00,2400,1500.0,2400,12,10085184.25,69982916.08333333
2025-05-09 18:00:00+00:00,2400,1500.0,2400,12,10734915.25,70000000.0
2025-05-09 19:00:00+00:00,2400,1500.0,2400,12,10525029.166666666,70000000.0
2025-05-09 20:00:00+00:00,2400,1500.0,2400,12,7617068.0,69926129.16666667
2025-05-09 21:00:00+00:00,2400,1500.0,2400,12,7949723.75,70000000.0
2025-05-09 22:00:00+00:00,2400,1500.0,2400,12,11286269.416666666,70000000.0
2025-05-09 23:00:00+00:00,2400,1500.0,2400,12,17638566.75,70000000.0
2025-05-10 00:00:00+00:00,2400,1500.0,2400,12,31260154.0,70000000.0
2025-05-10 01:00:00+00:00,2400,1500.0,2400,12,26017296.083333332,70000000.0
2025-05-10 02:00:00+00:00,2400,1500.0,2400,12,28925889.25,69982916.08333333
2025-05-10 03:00:00+00:00,2400,1500.0,2400,12,22441587.166666668,70000000.0
2025-05-10 04:00:00+00:00,2400,1500.2083333333333,2400,40,19686893.2,70000000.0
2025-05-10 05:00:00+00:00,2400,1500.0,2400,12,31657861.0,70000000.0
2025-05-10 06:00:00+00:00,2400,1500.0,2400,12,23859909.25,70000000.0
2025-05-10 07:00:00+00:00,2400,1500.0,2400,12,27042484.25,69926129.16666667
2025-05-10 08:00:00+00:00,2399,1500.208420175073,2399,40,22339112.95,70000000.0
2025-05-10 09:00:00+00:00,2400,1500.2083333333333,2400,40,21300874.175,70000000.0
2025-05-10 10:00:00+00:00,2400,1500.0,2400,12,25556384.166666668,70000000.0
2025-05-10 11:00:00+00:00,2400,1500.0,2400,12,15596912.833333334,70000000.0
2025-05-10 12:00:00+00:00,2400,1500.0,2400,12,24270804.0,70000000.0
2025-05-10 13:00:00+00:00,2400,1500.0,2400,12,21733951.0,70000000.0
2025-05-10 14:00:00+00:00,2400,1500.0,2400,12,30943730.0,70000000.0
2025-05-10 15:00:00+00:00,2400,1500.0,2400,12,24375048.916666668,70000000.0
2025-05-10 16:00:00+00:00,2400,1500.2083333333333,2400,63,19165327.76190476,70000000.0
2025-05-10 17:00:00+00:00,2400,1500.0,2400,12,26196599.25,70000000.0
2025-05-10 18:00:00+00:00,2399,1500.208420175073,2399,40,11001271.0,70000000.0
2025-05-10 19:00:00+00:00,2400,1500.0,2400,12,13375144.583333334,70000000.0
2025-05-10 20:00:00+00:00,2400,1500.0,2400,12,10716009.25,70000000.0
2025-05-10 21:00:00+00:00,2400,1500.0,2400,12,7619297.666666667,70000000.0
2025-05-10 22:00:00+00:00,2400,1500.0,2400,12,8912485.75,70000000.0
2025-05-10 23:00:00+00:00,2400,1500.0,2400,12,10738125.0,70000000.0
2025-05-11 00:00:00+00:00,2400,1500.4166666666667,2400,91,20698618.42857143,70000000.0
2025-05-11 01:00:00+00:00,2400,1500.0,2400,12,20793177.083333332,70000000.0
2025-05-11 02:00:00+00:00,2400,1500.0,2400,12,24695323.583333332,70000000.0
2025-05-11 03:00:00+00:00,2400,1500.0,2400,12,27478204.833333332,70000000.0
2025-05-11 04:00:00+00:00,2400,1500.0,2400,12,24061340.416666668,70000000.0
2025-05-11 05:00:00+00:00,2400,1500.0,2400,12,19827129.0,70000000.0
2025-05-11 06:00:00+00:00,2400,1500.0,2400,12,36039854.083333336,70000000.0
2025-05-11 07:00:00+00:00,2400,1500.0,2400,12,22441782.666666668,70000000.0
2025-05-11 08:00:00+00:00,2399,1500.208420175073,2399,40,25651007.575,70000000.0
2025-05-11 09:00:00+00:00,2400,1500.0,2400,12,18799262.666666668,70000000.0
2025-05-11 10:00:00+00:00,2400,1500.2083333333333,2400,40,19453282.325,70000000.0
2025-05-11 11:00:00+00:00,2400,1500.0,2400,12,25568027.916666668,70000000.0
2025-05-11 12:00:00+00:00,2400,1500.0,2400,12,20025226.416666668,70000000.0
2025-05-11 13:00:00+00:00,2400,1500.2083333333333,2400,40,25096701.0,70000000.0
2025-05-11 14:00:00+00:00,2399,1500.4168403501458,2399,68,21328071.720588237,70000000.0
2025-05-11 15:00:00+00:00,2400,1500.2083333333333,2400,40,22943500.3,70000000.0
2025-05-11 16:00:00+00:00,2400,1500.0,2400,12,19133748.833333332,70000000.0
2025-05-11 17:00:00+00:00,2400,1500.0,2400,12,11744748.416666666,70000000.0
2025-05-11 18:00:00+00:00,2399,1500.208420175073,2399,40,11047031.625,69969305.725
2025-05-11 19:00:00+00:00,2400,1500.0,2400,12,9340047.166666666,70000000.0
2025-05-11 20:00:00+00:00,2400,1500.0,2400,12,11603438.583333334,69982916.08333333
2025-05-11 21:00:00+00:00,2400,1500.0,2400,12,11433678.833333334,69926129.16666667
2025-05-11 22:00:00+00:00,2400,1500.0,2400,12,10318193.166666666,70000000.0
2025-05-11 23:00:00+00:00,2400,1500.2083333333333,2400,40,8131534.65,70000000.0
2025-05-12 00:00:00+00:00,2400,1500.0,2400,12,14785304.75,70000000.0
2025-05-12 01:00:00+00:00,2400,1500.0,2400,12,18019350.0,69926129.16666667
2025-05-12 02:00:00+00:00,2400,1500.0,2400,12,19921481.083333332,69982916.08333333
2025-05-12 03:00:00+00:00,2400,1500.0,2400,12,31130995.916666668,70000000.0
2025-05-12 04:00:00+00:00,2400,1500.2083333333333,2400,40,23236555.6,69901048.025
2025-05-12 05:00:00+00:00,2400,1500.0,2400,12,17936466.833333332,70000000.0
2025-05-12 06:00:00+00:00,2399,1500.4168403501458,2399,40,28643871.65,70000000.0
2025-05-12 07:00:00+00:00,2400,1500.2083333333333,2400,63,27784435.476190478,70000000.0
2025-05-12 08:00:00+00:00,2400,1500.0,2400,12,31599102.0,70000000.0
2025-05-12 09:00:00+00:00,2399,1500.208420175073,2399,40,30629656.325,70000000.0
2025-05-12 10:00:00+00:00,2400,1500.0,2400,12,29255525.083333332,70000000.0
2025-05-12 11:00:00+00:00,2400,1500.0,2400,12,27559010.666666668,70000000.0
2025-05-12 12:00:00+00:00,2400,1500.0,2400,12,35816772.916666664,70000000.0
2025-05-12 13:00:00+00:00,2400,1500.4166666666667,2400,41,30234123.926829267,70000000.0
2025-05-12 14:00:00+00:00,2398,1500.8340283569642,2398,95,33771175.53684211,70000000.0
2025-05-12 15:00:00+00:00,2400,1500.2083333333333,2400,40,30648415.225,69998291.05
2025-05-12 16:00:00+00:00,2400,1500.0,2400,12,23194307.833333332,70000000.0
2025-05-12 17:00:00+00:00,2400,1500.0,2400,12,20110863.25,70000000.0
2025-05-12 18:00:00+00:00,2400,1500.0,2400,12,21517308.833333332,70000000.0
2025-05-12 19:00:00+00:00,2400,1500.0,2400,12,9602737.416666666,70000000.0
2025-05-12 20:00:00+00:00,2400,1500.0,2400,12,13677225.333333334,70000000.0
2025-05-12 21:00:00+00:00,2400,1500.2083333333333,2400,40,11572185.675,70000000.0
2025-05-12 22:00:00+00:00,2399,1500.208420175073,2399,40,9918785.475,70000000.0
2025-05-12 23:00:00+00:00,2400,1500.0,2400,12,11643924.25,70000000.0
2025-05-13 00:00:00+00:00,2400,1500.2083333333333,2400,40,26735177.975,70000000.0
2025-05-13 01:00:00+00:00,2400,1500.2083333333333,2400,40,24195058.4,70000000.0
2025-05-13 02:00:00+00:00,2400,1500.0,2400,12,21367033.25,70000000.0
2025-05-13 03:00:00+00:00,2400,1500.0,2400,12,20085686.0,70000000.0
2025-05-13 04:00:00+00:00,2400,1500.0,2400,12,31984675.583333332,70000000.0
2025-05-13 05:00:00+00:00,2399,1500.208420175073,2399,40,23734117.275,69994874.825
2025-05-13 06:00:00+00:00,2400,1500.0,2400,12,29467040.0,70000000.0
2025-05-13 07:00:00+00:00,2400,1500.0,2400,12,23986483.25,70000000.0
2025-05-13 08:00:00+00:00,2400,1500.2083333333333,2400,40,25009464.05,70000000.0
2025-05-13 09:00:00+00:00,2400,1500.0,2400,12,27608188.833333332,70000000.0
2025-05-13 10:00:00+00:00,2400,1500.0,2400,12,22952279.833333332,70000000.0
2025-05-13 11:00:00+00:00,2400,1500.0,2400,12,19926774.916666668,70000000.0
2025-05-13 12:00:00+00:00,2400,1500.0,2400,12,37180408.583333336,70000000.0
2025-05-13 13:00:00+00:00,2400,1500.2083333333333,2400,40,28980937.1,69994874.825
2025-05-13 14:00:00+00:00,2399,1500.208420175073,2399,40,30146241.675,70000000.0
2025-05-13 15:00:00+00:00,2383,1511.1204364246748,2383,142,27136205.478873238,70000000.0
2025-05-13 16:00:00+00:00,2399,1500.208420175073,2399,63,23517181.95238095,70000000.0
2025-05-13 17:00:00+00:00,2400,1500.4166666666667,2400,68,19299135.92647059,69950856.88235295
2025-05-13 18:00:00+00:00,2400,1500.0,2400,12,11702769.916666666,70000000.0
2025-05-13 19:00:00+00:00,2399,1500.208420175073,2399,40,13848370.35,70000000.0
2025-05-13 20:00:00+00:00,2392,1505.016722408027,2392,91,14644743.527472528,69972982.28571428
2025-05-13 21:00:00+00:00,2400,1500.0,2400,12,13055247.083333334,70000000.0
2025-05-13 22:00:00+00:00,2400,1500.0,2400,12,12625770.416666666,69926129.16666667
2025-05-13 23:00:00+00:00,2400,1500.0,2400,12,11401121.583333334,70000000.0
2025-05-14 00:00:00+00:00,2400,1500.0,2400,12,21696606.0,70000000.0
2025-05-14 01:00:00+00:00,2400,1500.0,2400,12,21391190.416666668,70000000.0
2025-05-14 02:00:00+00:00,2400,1500.0,2400,12,26214832.333333332,70000000.0
2025-05-14 03:00:00+00:00,2400,1500.0,2400,12,22949394.416666668,70000000.0
2025-05-14 04:00:00+00:00,2400,1500.0,2400,12,19808805.75,69982916.08333333
2025-05-14 05:00:00+00:00,2400,1500.0,2400,12,30766569.083333332,70000000.0
2025-05-14 06:00:00+00:00,2400,1500.0,2400,12,29126741.25,70000000.0
2025-05-14 07:00:00+00:00,2400,1500.2083333333333,2400,40,27364653.275,70000000.0
2025-05-14 08:00:00+00:00,2400,1500.0,2400,12,23449662.25,70000000.0
2025-05-14 09:00:00+00:00,2400,1500.2083333333333,2400,40,28289672.275,69974399.175
2025-05-14 10:00:00+00:00,2399,1500.208420175073,2399,40,25350114.35,70000000.0
2025-05-14 11:00:00+00:00,2400,1500.0,2400,29,34187238.06896552,70000000.0
2025-05-14 12:00:00+00:00,2329,1545.72778016316,2329,254,36770225.570866145,70000000.0
2025-05-14 13:00:00+00:00,2399,1500.625260525219,2399,92,31516243.347826086,70000000.0
2025-05-14 14:00:00+00:00,2398,1501.2510425354462,2398,143,32739631.083916083,70000000.0
2025-05-14 15:00:00+00:00,2400,1500.0,2400,12,29303514.666666668,70000000.0
2025-05-14 16:00:00+00:00,2400,1500.4166666666667,2400,67,49496936.04477612,70000000.0
2025-05-14 17:00:00+00:00,2400,1500.0,2400,12,21632268.166666668,70000000.0
2025-05-14 18:00:00+00:00,2399,1500.208420175073,2399,40,13526740.725,70000000.0
2025-05-14 19:00:00+00:00,2400,1500.0,2400,12,18717067.25,70000000.0
2025-05-14 20:00:00+00:00,2400,1500.0,2400,12,7991106.75,70000000.0
2025-05-14 21:00:00+00:00,2400,1500.0,2400,12,11316795.666666666,70000000.0
2025-05-14 22:00:00+00:00,2400,1500.0,2400,12,13384586.583333334,70000000.0
2025-05-14 23:00:00+00:00,2400,1500.0,2400,12,13441798.0,70000000.0
2025-05-15 00:00:00+00:00,2400,1500.0,2400,12,24546822.166666668,70000000.0
2025-05-15 01:00:00+00:00,2400,1500.0,2400,12,16826225.75,70000000.0
2025-05-15 02:00:00+00:00,2400,1500.2083333333333,2400,40,26183014.975,70000000.0
2025-05-15 03:00:00+00:00,2400,1500.0,2400,12,23868647.166666668,70000000.0
2025-05-15 04:00:00+00:00,2400,1500.2083333333333,2400,40,22548778.725,70000000.0
2025-05-15 05:00:00+00:00,2400,1500.0,2400,12,32366087.333333332,70000000.0
2025-05-15 06:00:00+00:00,2400,1500.0,2400,12,47362295.0,70000000.0
2025-05-15 07:00:00+00:00,2400,1500.0,2400,12,31904614.5,70000000.0
2025-05-15 08:00:00+00:00,2399,1500.4168403501458,2399,65,30554909.53846154,70000000.0
2025-05-15 09:00:00+00:00,2399,1500.4168403501458,2399,39,33215559.051282052,70000000.0
2025-05-15 10:00:00+00:00,2400,1500.0,2400,13,31583482.615384616,70000000.0
2025-05-15 11:00:00+00:00,2400,1500.0,2400,12,26110044.083333332,70000000.0
2025-05-15 12:00:00+00:00,2400,1500.2083333333333,2400,40,28659100.8,70000000.0
2025-05-15 13:00:00+00:00,2400,1500.2083333333333,2400,40,31169128.3,70000000.0
2025-05-15 14:00:00+00:00,2400,1500.0,2400,12,32414111.75,70000000.0
2025-05-15 15:00:00+00:00,2400,1500.0,2400,12,33515987.0,70000000.0
2025-05-15 16:00:00+00:00,2400,1500.0,2400,12,30080841.833333332,69926129.16666667
2025-05-15 17:00:00+00:00,2400,1500.0,2400,12,22066680.333333332,70000000.0
2025-05-15 18:00:00+00:00,2396,1502.5041736227045,2396,93,15304803.559139784,70000000.0
2025-05-15 19:00:00+00:00,2400,1500.0,2400,12,11275136.666666666,70000000.0
2025-05-15 20:00:00+00:00,2400,1500.0,2400,12,11794840.166666666,69926129.16666667
2025-05-15 21:00:00+00:00,2400,1500.0,2400,12,12051207.833333334,70000000.0
2025-05-15 22:00:00+00:00,2400,1500.0,2400,12,21840794.916666668,70000000.0
2025-05-15 23:00:00+00:00,2400,1500.0,2400,12,19762091.416666668,70000000.0
2025-05-16 00:00:00+00:00,2400,1500.0,2400,12,23362983.0,70000000.0
2025-05-16 01:00:00+00:00,2399,1500.208420175073,2399,40,25323470.7,70000000.0
2025-05-16 02:00:00+00:00,2400,1500.0,2400,12,30308154.25,70000000.0
2025-05-16 03:00:00+00:00,2400,1500.2083333333333,2400,40,25479719.45,70000000.0
2025-05-16 04:00:00+00:00,2400,1500.0,2400,12,26672744.583333332,70000000.0
2025-05-16 05:00:00+00:00,2400,1500.2083333333333,2400,40,28596774.925,70000000.0
2025-05-16 06:00:00+00:00,2399,1500.208420175073,2399,39,30462928.35897436,70000000.0
2025-05-16 07:00:00+00:00,2400,1500.0,2400,13,30894890.230769232,70000000.0
2025-05-16 08:00:00+00:00,2400,1500.4166666666667,2400,67,37893712.940298505,70000000.0
2025-05-16 09:00:00+00:00,2399,1500.4168403501458,2399,41,31826831.414634146,70000000.0
2025-05-16 10:00:00+00:00,2400,1500.2083333333333,2400,40,30366965.425,70000000.0
2025-05-16 11:00:00+00:00,2400,1500.0,2400,12,22809482.916666668,70000000.0
2025-05-16 12:00:00+00:00,2399,1500.208420175073,2399,63,28734452.174603175,70000000.0
2025-05-16 13:00:00+00:00,2400,1500.0,2400,12,29591746.416666668,70000000.0
2025-05-16 14:00:00+00:00,2400,1500.0,2400,12,40065774.416666664,70000000.0
2025-05-16 15:00:00+00:00,2400,1500.2083333333333,2400,40,30517926.25,70000000.0
2025-05-16 16:00:00+00:00,2400,1500.0,2400,12,24754399.916666668,70000000.0
2025-05-16 17:00:00+00:00,2400,1500.0,2400,12,23003482.333333332,70000000.0
2025-05-16 18:00:00+00:00,2400,1500.0,2400,12,13361061.416666666,70000000.0
2025-05-16 19:00:00+00:00,2400,1500.0,2400,12,17784630.416666668,70000000.0
2025-05-16 20:00:00+00:00,2400,1500.0,2400,12,14070905.0,70000000.0
2025-05-16 21:00:00+00:00,2400,1500.0,2400,12,8501028.333333334,70000000.0
2025-05-16 22:00:00+00:00,2400,1500.0,2400,12,13883183.666666666,70000000.0
2025-05-16 23:00:00+00:00,2400,1500.2083333333333,2400,39,12461375.487179488,70000000.0
2025-05-17 00:00:00+00:00,2399,1500.208420175073,2399,41,26355459.780487806,70000000.0
2025-05-17 01:00:00+00:00,2400,1500.0,2400,12,28524777.166666668,70000000.0
2025-05-17 02:00:00+00:00,2400,1500.0,2400,12,28545696.25,70000000.0
2025-05-17 03:00:00+00:00,2400,1500.0,2400,12,35283697.75,70000000.0
2025-05-17 04:00:00+00:00,2400,1500.0,2400,12,35202548.166666664,70000000.0
2025-05-17 05:00:00+00:00,2400,1500.0,2400,12,28864325.25,70000000.0
2025-05-17 06:00:00+00:00,2400,1500.2083333333333,2400,40,37668189.625,70000000.0
2025-05-17 07:00:00+00:00,2400,1500.0,2400,12,40452038.333333336,70000000.0
2025-05-17 08:00:00+00:00,2400,1500.2083333333333,2400,40,34930939.575,70000000.0
2025-05-17 09:00:00+00:00,2400,1500.0,2400,12,35597551.833333336,70000000.0
2025-05-17 10:00:00+00:00,2400,1500.0,2400,12,32506285.416666668,69926129.16666667
2025-05-17 11:00:00+00:00,2400,1500.0,2400,12,27753183.583333332,70000000.0
2025-05-17 12:00:00+00:00,2400,1500.0,2400,12,28847088.0,70000000.0
2025-05-17 13:00:00+00:00,2400,1500.0,2400,12,28784776.416666668,70000000.0
2025-05-17 14:00:00+00:00,2399,1500.4168403501458,2399,90,31576355.922222223,70000000.0
2025-05-17 15:00:00+00:00,2400,1500.2083333333333,2400,64,30203399.671875,70000000.0
2025-05-17 16:00:00+00:00,2400,1500.0,2400,12,23900534.0,69982916.08333333
2025-05-17 17:00:00+00:00,2399,1500.208420175073,2399,40,23257501.0,70000000.0
2025-05-17 18:00:00+00:00,2400,1500.0,2400,12,13898582.75,70000000.0
2025-05-17 19:00:00+00:00,2400,1500.2083333333333,2400,39,26580185.435897436,70000000.0
2025-05-17 20:00:00+00:00,2400,1500.0,2400,13,11439951.153846154,70000000.0
2025-05-17 21:00:00+00:00,2400,1500.0,2400,12,10878409.166666666,70000000.0
2025-05-17 22:00:00+00:00,2400,1500.0,2400,12,10504617.916666666,70000000.0
2025-05-17 23:00:00+00:00,2400,1500.0,2400,12,10993656.25,70000000.0
2025-05-18 00:00:00+00:00,2400,1500.0,2400,12,14866277.666666666,70000000.0
2025-05-18 01:00:00+00:00,2399,1500.4168403501458,2399,40,23455956.625,69998291.05
2025-05-18 02:00:00+00:00,2400,1500.0,2400,12,36757606.916666664,70000000.0
2025-05-18 03:00:00+00:00,2400,1500.0,2400,12,34006295.416666664,70000000.0
2025-05-18 04:00:00+00:00,2400,1500.2083333333333,2400,40,38831705.675,70000000.0
2025-05-18 05:00:00+00:00,2400,1500.0,2400,12,44808200.666666664,70000000.0
2025-05-18 06:00:00+00:00,2400,1500.2083333333333,2400,63,41154904.666666664,70000000.0
2025-05-18 07:00:00+00:00,2400,1500.0,2400,12,39297157.166666664,70000000.0
2025-05-18 08:00:00+00:00,2400,1500.0,2400,12,47831262.333333336,70000000.0
2025-05-18 09:00:00+00:00,2400,1500.0,2400,12,33669813.583333336,70000000.0
2025-05-18 10:00:00+00:00,2400,1500.0,2400,12,29567240.25,70000000.0
2025-05-18 11:00:00+00:00,2400,1500.0,2400,12,31592529.333333332,70000000.0
2025-05-18 12:00:00+00:00,2399,1500.208420175073,2399,40,35715778.625,70000000.0
2025-05-18 13:00:00+00:00,2400,1500.2083333333333,2400,40,35705058.65,70000000.0
2025-05-18 14:00:00+00:00,2400,1500.0,2400,12,34896800.25,70000000.0
2025-05-18 15:00:00+00:00,2400,1500.0,2400,12,30735256.5,69982916.08333333
2025-05-18 16:00:00+00:00,2400,1500.0,2400,12,28553835.916666668,70000000.0
2025-05-18 17:00:00+00:00,2400,1500.0,2400,12,22797435.5,70000000.0
2025-05-18 18:00:00+00:00,2400,1500.0,2400,12,15912257.583333334,70000000.0
2025-05-18 19:00:00+00:00,2399,1500.625260525219,2399,40,19305773.625,70000000.0
2025-05-18 20:00:00+00:00,2400,1500.0,2400,12,17205579.416666668,70000000.0
2025-05-18 21:00:00+00:00,2400,1500.0,2400,12,17336195.416666668,70000000.0
2025-05-18 22:00:00+00:00,2400,1500.0,2400,12,12459220.75,70000000.0
2025-05-18 23:00:00+00:00,2400,1500.0,2400,12,15038593.0,70000000.0
2025-05-19 00:00:00+00:00,2400,1500.0,2400,12,27411078.75,70000000.0
2025-05-19 01:00:00+00:00,2400,1500.0,2400,12,25525088.0,70000000.0
2025-05-19 02:00:00+00:00,2400,1500.0,2400,12,28401749.083333332,70000000.0
2025-05-19 03:00:00+00:00,2400,1500.0,2400,12,34868581.5,70000000.0
2025-05-19 04:00:00+00:00,2400,1500.0,2400,12,35359108.916666664,69926129.16666667
2025-05-19 05:00:00+00:00,2400,1500.0,2400,12,44907975.083333336,70000000.0
2025-05-19 06:00:00+00:00,2400,1500.0,2400,12,39115018.083333336,70000000.0
2025-05-19 07:00:00+00:00,2400,1500.0,2400,12,36434020.333333336,70000000.0
2025-05-19 08:00:00+00:00,2400,1500.2083333333333,2400,40,45884574.975,70000000.0
2025-05-19 09:00:00+00:00,2398,1500.8340283569642,2398,63,39571391.222222224,70000000.0
2025-05-19 10:00:00+00:00,2400,1500.4166666666667,2400,91,38935773.14285714,70000000.0
2025-05-19 11:00:00+00:00,2400,1500.0,2400,12,41555393.333333336,70000000.0
2025-05-19 12:00:00+00:00,2399,1500.208420175073,2399,40,48511378.0,70022271.4
2025-05-19 13:00:00+00:00,2400,1500.0,2400,12,54462788.0,70000000.0
2025-05-19 14:00:00+00:00,2400,1500.2083333333333,2400,40,44608479.75,70000000.0
2025-05-19 15:00:00+00:00,2400,1500.2083333333333,2400,40,38083802.575,70000000.0
2025-05-19 16:00:00+00:00,2399,1500.208420175073,2399,40,35675602.0,70000000.0
2025-05-19 17:00:00+00:00,2400,1500.4166666666667,2400,40,25505030.625,70000000.0
2025-05-19 18:00:00+00:00,2400,1500.0,2400,12,22283506.25,70000000.0
2025-05-19 19:00:00+00:00,2400,1500.0,2400,12,16437873.166666666,70000000.0
2025-05-19 20:00:00+00:00,2400,1500.0,2400,12,20967798.083333332,70000000.0
2025-05-19 21:00:00+00:00,2400,1500.0,2400,12,14051313.5,70000000.0
2025-05-19 22:00:00+00:00,2399,1500.4168403501458,2399,67,13862396.462686567,70000000.0
2025-05-19 23:00:00+00:00,2400,1500.0,2400,12,16269304.916666666,70000000.0
2025-05-20 00:00:00+00:00,2400,1500.0,2400,33,37705943.75757576,70000000.0
2025-05-20 01:00:00+00:00,2399,1500.4168403501458,2399,47,37412063.957446806,70000000.0
2025-05-20 02:00:00+00:00,2400,1500.0,2400,12,42200374.583333336,70000000.0
2025-05-20 03:00:00+00:00,2400,1500.0,2400,12,39632476.333333336,69982916.08333333
2025-05-20 04:00:00+00:00,2400,1500.2083333333333,2400,40,39278459.575,70000000.0
2025-05-20 05:00:00+00:00,2398,1501.0425354462052,2398,91,49610828.516483516,70000000.0
2025-05-20 06:00:00+00:00,2400,1500.4166666666667,2400,65,52804647.12307692,70000000.0
2025-05-20 07:00:00+00:00,2400,1500.0,2400,12,52176656.666666664,70000000.0
2025-05-20 08:00:00+00:00,2399,1500.208420175073,2399,40,48871996.525,70000000.0
2025-05-20 09:00:00+00:00,2398,1501.6680567139283,2398,40,50113195.925,69938534.7
2025-05-20 10:00:00+00:00,2397,1501.4601585314977,2397,146,43754545.50684932,70000000.0
2025-05-20 11:00:00+00:00,2400,1500.2083333333333,2400,40,46678148.45,70000000.0
2025-05-20 12:00:00+00:00,2400,1500.2083333333333,2400,40,49967887.475,69972713.575
2025-05-20 13:00:00+00:00,2399,1500.4168403501458,2399,67,48912010.47761194,70000000.0
2025-05-20 14:00:00+00:00,2400,1500.0,2400,24,52827613.25,70000000.0
2025-05-20 15:00:00+00:00,2399,1500.8336807002918,2399,84,50119268.63095238,70000000.0
2025-05-20 16:00:00+00:00,2400,1500.0,2400,12,35676268.0,70000000.0
2025-05-20 17:00:00+00:00,2400,1500.0,2400,12,28908936.25,70000000.0
2025-05-20 18:00:00+00:00,2399,1500.625260525219,2399,40,24129328.525,70000000.0
2025-05-20 19:00:00+00:00,2399,1500.208420175073,2399,40,22881244.975,69977838.75
2025-05-20 20:00:00+00:00,2400,1500.4166666666667,2400,40,21859485.525,70000000.0
2025-05-20 21:00:00+00:00,2399,1500.4168403501458,2399,67,15597221.552238805,69971488.28358209
2025-05-20 22:00:00+00:00,2400,1500.2083333333333,2400,41,16728034.219512194,69994999.82926829
2025-05-20 23:00:00+00:00,2399,1500.208420175073,2399,63,19910902.698412698,70000000.0
2025-05-21 00:00:00+00:00,2400,1500.0,2400,12,36205507.25,69982916.08333333
2025-05-21 01:00:00+00:00,2400,1500.0,2400,12,44537393.583333336,70000000.0
2025-05-21 02:00:00+00:00,2400,1500.0,2400,12,47719708.25,70000000.0
2025-05-21 03:00:00+00:00,2400,1500.0,2400,12,57027621.583333336,70000000.0
2025-05-21 04:00:00+00:00,2400,1500.2083333333333,2400,40,60889670.1,70000000.0
2025-05-21 05:00:00+00:00,2390,1506.276150627615,2390,146,65007979.89726027,69983160.19178082
2025-05-21 06:00:00+00:00,2400,1500.0,2400,13,58351118.538461536,70000000.0
2025-05-21 07:00:00+00:00,2396,1502.5041736227045,2396,68,61964418.691176474,69984003.1764706
2025-05-21 08:00:00+00:00,2395,1503.1315240083507,2395,94,58344852.595744684,71250450.95744681
2025-05-21 09:00:00+00:00,2400,1500.0,2400,12,66560875.333333336,84910299.16666667
2025-05-21 10:00:00+00:00,2399,1500.8336807002918,2399,68,57144494.9117647,84917118.8235294
2025-05-21 11:00:00+00:00,2399,1500.208420175073,2399,50,65490013.32,84707897.8
2025-05-21 12:00:00+00:00,2400,1500.4166666666667,2400,58,64190582.87931035,84777222.72413793
2025-05-21 13:00:00+00:00,2399,1500.208420175073,2399,40,67494498.25,84807340.45
2025-05-21 14:00:00+00:00,2400,1500.0,2400,12,64101689.583333336,84820383.0
2025-05-21 15:00:00+00:00,2399,1500.625260525219,2399,95,71478665.8,84957064.36842105
2025-05-21 16:00:00+00:00,2400,1500.4166666666667,2400,91,46464463.01098901,84577737.61538461
2025-05-21 17:00:00+00:00,2399,1500.208420175073,2399,40,31877486.25,84491694.375
2025-05-21 18:00:00+00:00,2400,1500.2083333333333,2400,40,25768185.35,84765793.05
2025-05-21 19:00:00+00:00,2399,1500.4168403501458,2399,68,19706014.588235293,84792797.52941176
2025-05-21 20:00:00+00:00,2400,1500.4166666666667,2400,68,14265835.044117646,84838010.04411764
2025-05-21 21:00:00+00:00,2400,1500.0,2400,12,15266639.5,84689610.25
2025-05-21 22:00:00+00:00,2400,1500.0,2400,12,17793172.0,84718030.33333333
2025-05-21 23:00:00+00:00,2400,1500.0,2400,12,18616365.333333332,84799745.91666667
2025-05-22 00:00:00+00:00,2399,1500.208420175073,2399,40,45542245.575,84861193.35
2025-05-22 01:00:00+00:00,2400,1500.0,2400,12,44477026.666666664,84889338.16666667
2025-05-22 02:00:00+00:00,2400,1500.0,2400,12,41942109.916666664,84779848.58333333
2025-05-22 03:00:00+00:00,2400,1500.0,2400,12,49566750.5,84820598.33333333
2025-05-22 04:00:00+00:00,2400,1500.0,2400,12,54252791.583333336,84889446.41666667
2025-05-22 05:00:00+00:00,2400,1500.4166666666667,2400,91,46945030.505494505,84883450.43956044
2025-05-22 06:00:00+00:00,2400,1500.0,2400,12,60709904.666666664,84889554.41666667
2025-05-22 07:00:00+00:00,2400,1500.0,2400,12,49272196.916666664,84979255.25
2025-05-22 08:00:00+00:00,2400,1500.0,2400,12,50395125.333333336,84869119.16666667
2025-05-22 09:00:00+00:00,2399,1500.208420175073,2399,40,46191895.2,84730397.875
2025-05-22 10:00:00+00:00,2400,1500.2083333333333,2400,40,46851091.575,84856834.525
2025-05-22 11:00:00+00:00,2400,1500.2083333333333,2400,40,46682763.8,84908990.3
2025-05-22 12:00:00+00:00,2399,1500.208420175073,2399,40,52575271.2,84987553.15
2025-05-22 13:00:00+00:00,2400,1500.2083333333333,2400,38,54821641.0,84825590.86842105
2025-05-22 14:00:00+00:00,2399,1500.4168403501458,2399,93,46010688.30107527,84895781.70967741
2025-05-22 15:00:00+00:00,2400,1500.0,2400,12,45231842.75,84730897.5
2025-05-22 16:00:00+00:00,2400,1500.2083333333333,2400,40,42804165.6,84846645.0
2025-05-22 17:00:00+00:00,2394,1503.7593984962405,2394,66,30509319.060606062,84655137.27272727
2025-05-22 18:00:00+00:00,2396,1502.5041736227045,2396,40,28806176.725,84858423.775
2025-05-22 19:00:00+00:00,2400,1500.0,2400,12,20542617.166666668,84958402.5
2025-05-22 20:00:00+00:00,2400,1500.0,2400,12,19345960.0,85000000.0
2025-05-22 21:00:00+00:00,2400,1500.2083333333333,2400,63,15336809.396825397,84907917.3968254
2025-05-22 22:00:00+00:00,2399,1500.208420175073,2399,40,23809214.8,84442135.35
2025-05-22 23:00:00+00:00,2400,1500.0,2400,12,17712810.0,84958510.5
2025-05-23 00:00:00+00:00,2400,1500.0,2400,12,38603992.583333336,84820598.33333333
2025-05-23 01:00:00+00:00,2400,1500.0,2400,12,50958223.583333336,84889446.41666667
2025-05-23 02:00:00+00:00,2400,1500.2083333333333,2400,40,46319603.75,84906767.775
2025-05-23 03:00:00+00:00,2400,1500.0,2400,12,55406738.083333336,84690254.33333333
2025-05-23 04:00:00+00:00,2400,1500.0,2400,12,41938864.416666664,84650464.5
2025-05-23 05:00:00+00:00,2400,1500.0,2400,12,46157503.0,84958402.5
2025-05-23 06:00:00+00:00,2399,1500.4168403501458,2399,68,48594164.23529412,84846272.95588236
2025-05-23 07:00:00+00:00,2400,1500.0,2400,12,50465982.333333336,84889231.33333333
2025-05-23 08:00:00+00:00,2400,1500.4166666666667,2400,68,50413956.48529412,84863507.91176471
2025-05-23 09:00:00+00:00,2400,1500.0,2400,12,36926855.416666664,84979255.25
2025-05-23 10:00:00+00:00,2400,1500.0,2400,12,50716378.166666664,84820598.33333333
2025-05-23 11:00:00+00:00,2399,1500.208420175073,2399,62,52463332.17741936,84551383.62903225
2025-05-23 12:00:00+00:00,2400,1500.0,2400,13,46024267.692307696,84898050.23076923
2025-05-23 13:00:00+00:00,2400,1500.2083333333333,2400,40,47639672.9,84933726.575
2025-05-23 14:00:00+00:00,2400,1500.2083333333333,2400,40,47349899.075,84819680.1
2025-05-23 15:00:00+00:00,2400,1500.0,2400,12,41904834.833333336,84868702.0
2025-05-23 16:00:00+00:00,2399,1500.4168403501458,2399,40,39766694.95,84964760.75
2025-05-23 17:00:00+00:00,2399,1500.8336807002918,2399,67,29675756.19402985,84908539.46268657
2025-05-23 18:00:00+00:00,2399,1500.208420175073,2399,41,24663724.36585366,84907207.92682926
2025-05-23 19:00:00+00:00,2400,1500.2083333333333,2400,40,21524060.675,84819390.8
2025-05-23 20:00:00+00:00,2400,1500.0,2400,12,18890747.0,84778893.91666667
2025-05-23 21:00:00+00:00,2400,1500.0,2400,12,15934979.416666666,84689933.16666667
2025-05-23 22:00:00+00:00,2400,1500.0,2400,12,19302805.5,84979255.25
2025-05-23 23:00:00+00:00,2400,1500.0,2400,12,18454064.666666668,84979255.25
2025-05-24 00:00:00+00:00,2396,1502.5041736227045,2396,40,38992721.75,84705716.55
2025-05-24 01:00:00+00:00,2400,1500.0,2400,12,48180233.416666664,84820598.33333333
2025-05-24 02:00:00+00:00,2400,1500.2083333333333,2400,40,45960639.175,84904777.375
2025-05-24 03:00:00+00:00,2400,1500.0,2400,12,55537336.5,84910637.25
2025-05-24 04:00:00+00:00,2400,1500.0,2400,12,42877770.0,84889232.33333333
2025-05-24 05:00:00+00:00,2400,1500.0,2400,12,54897354.75,84758566.33333333
2025-05-24 06:00:00+00:00,2400,1500.0,2400,12,53241045.25,84979701.0
2025-05-24 07:00:00+00:00,2399,1500.208420175073,2399,40,50259611.65,84859087.825
2025-05-24 08:00:00+00:00,2400,1500.0,2400,12,44708655.75,84910191.5
2025-05-24 09:00:00+00:00,2400,1500.0,2400,12,45701559.583333336,84889554.41666667
2025-05-24 10:00:00+00:00,2400,1500.0,2400,12,41334265.083333336,84931057.41666667
2025-05-24 11:00:00+00:00,2396,1502.9215358931554,2396,150,43163272.06666667,84830257.13333334
2025-05-24 12:00:00+00:00,2399,1500.4168403501458,2399,67,48535049.37313433,84923329.89552239
2025-05-24 13:00:00+00:00,2400,1500.2083333333333,2400,40,46001782.075,84836425.45
2025-05-24 14:00:00+00:00,2399,1500.208420175073,2399,40,43267942.45,85027278.95
2025-05-24 15:00:00+00:00,2400,1500.4166666666667,2400,40,39877810.375,84745025.35
2025-05-24 16:00:00+00:00,2399,1500.4168403501458,2399,67,31175947.179104477,84886232.65671642
2025-05-24 17:00:00+00:00,2400,1500.0,2400,12,43309083.916666664,84751548.08333333
2025-05-24 18:00:00+00:00,2400,1500.2083333333333,2400,40,28416161.275,84952406.975
2025-05-24 19:00:00+00:00,2400,1500.0,2400,12,28419225.25,84730789.83333333
2025-05-24 20:00:00+00:00,2400,1500.0,2400,12,18902729.333333332,84910096.41666667
2025-05-24 21:00:00+00:00,2400,1500.0,2400,12,19913242.0,84759210.41666667
2025-05-24 22:00:00+00:00,2400,1500.0,2400,12,16178090.166666666,84959265.75
2025-05-24 23:00:00+00:00,2399,1500.208420175073,2399,40,20719389.0,84325033.575
2025-05-25 00:00:00+00:00,2400,1500.2083333333333,2400,40,34856850.55,84788429.525
2025-05-25 01:00:00+00:00,2400,1500.0,2400,12,45561669.25,84779418.33333333
2025-05-25 02:00:00+00:00,2400,1500.0,2400,12,53051606.166666664,84758673.58333333
2025-05-25 03:00:00+00:00,2399,1500.4168403501458,2399,68,55017492.97058824,84963705.04411764
2025-05-25 04:00:00+00:00,2399,1500.625260525219,2399,95,52132982.8631579,84934778.32631579
2025-05-25 05:00:00+00:00,2400,1500.0,2400,12,43948928.75,84958848.58333333
2025-05-25 06:00:00+00:00,2400,1500.0,2400,12,49369214.25,84738465.66666667
2025-05-25 07:00:00+00:00,2400,1500.0,2400,12,57439400.083333336,84889446.75
2025-05-25 08:00:00+00:00,2400,1500.4166666666667,2400,91,51929838.36263736,84888054.75824176
2025-05-25 09:00:00+00:00,2399,1500.4168403501458,2399,91,47708035.26373626,84865199.3076923
2025-05-25 10:00:00+00:00,2400,1500.0,2400,12,45013185.75,84910299.16666667
2025-05-25 11:00:00+00:00,2400,1500.0,2400,12,49336824.5,84584500.58333333
2025-05-25 12:00:00+00:00,2400,1500.2083333333333,2400,40,47891157.325,85004273.825
2025-05-25 13:00:00+00:00,2400,1500.0,2400,12,53239468.916666664,85000013.5
2025-05-25 14:00:00+00:00,2400,1500.0,2400,12,54798212.916666664,84820490.66666667
2025-05-25 15:00:00+00:00,2399,1500.208420175073,2399,40,43223944.425,84942073.575
2025-05-25 16:00:00+00:00,2399,1500.8336807002918,2399,40,28889776.325,84842448.7
2025-05-25 17:00:00+00:00,2400,1500.2083333333333,2400,40,25533368.575,84807330.275
2025-05-25 18:00:00+00:00,2400,1500.0,2400,12,20171521.333333332,84820598.33333333
2025-05-25 19:00:00+00:00,2400,1500.0,2400,12,19064007.5,84910312.66666667
2025-05-25 20:00:00+00:00,2400,1500.0,2400,12,18531360.25,84931057.41666667
2025-05-25 21:00:00+00:00,2400,1500.0,2400,12,19917673.833333332,84931057.41666667
2025-05-25 22:00:00+00:00,2400,1500.0,2400,12,22312157.583333332,84869025.41666667
2025-05-25 23:00:00+00:00,2400,1500.0,2400,12,22505564.833333332,84779001.16666667
2025-05-26 00:00:00+00:00,2400,1500.0,2400,12,44159758.083333336,84979255.25
2025-05-26 01:00:00+00:00,2399,1500.625260525219,2399,67,51956320.49253731,85019866.86567163
2025-05-26 02:00:00+00:00,2399,1500.208420175073,2399,40,57296603.9,84861177.15
2025-05-26 03:00:00+00:00,2368,1520.481418918919,2368,119,50999346.39495798,84760159.91596639
2025-05-26 04:00:00+00:00,2399,1500.8336807002918,2399,91,59526964.20879121,84905333.64835165
2025-05-26 05:00:00+00:00,2399,1500.208420175073,2399,40,61238817.325,84985575.225
2025-05-26 06:00:00+00:00,2400,1500.0,2400,12,56838182.166666664,84958402.5
2025-05-26 07:00:00+00:00,2400,1500.4166666666667,2400,89,57770107.43820225,84956342.48314607
2025-05-26 08:00:00+00:00,2399,1500.208420175073,2399,40,58122945.775,84792900.375
2025-05-26 09:00:00+00:00,2400,1500.4166666666667,2400,67,56933358.11940298,84932200.49253732
2025-05-26 10:00:00+00:00,2400,1500.0,2400,12,40119125.75,84779323.83333333
2025-05-26 11:00:00+00:00,2399,1500.4168403501458,2399,40,56135525.825,85135138.775
2025-05-26 12:00:00+00:00,2400,1500.2083333333333,2400,40,54337347.125,85083324.525
2025-05-26 13:00:00+00:00,2398,1500.8340283569642,2398,124,67267599.9516129,84968063.08064516
2025-05-26 14:00:00+00:00,2400,1500.0,2400,12,67008245.0,84800176.58333333
2025-05-26 15:00:00+00:00,2400,1500.0,2400,12,61469714.416666664,84602147.58333333
2025-05-26 16:00:00+00:00,2400,1500.0,2400,12,49382993.083333336,84889554.41666667
2025-05-26 17:00:00+00:00,2400,1500.4166666666667,2400,68,33030660.67647059,84961079.38235295
2025-05-26 18:00:00+00:00,2400,1500.0,2400,12,25426507.666666668,84780294.33333333
2025-05-26 19:00:00+00:00,2400,1500.0,2400,12,26157442.666666668,84889446.41666667
2025-05-26 20:00:00+00:00,2400,1500.0,2400,12,20744314.5,84772090.66666667
2025-05-26 21:00:00+00:00,2400,1500.0,2400,12,15106447.25,85048440.83333333
2025-05-26 22:00:00+00:00,2399,1500.208420175073,2399,40,19308492.275,84728444.375
2025-05-26 23:00:00+00:00,2400,1500.0,2400,12,18246349.916666668,85068763.75
2025-05-27 00:00:00+00:00,2400,1500.0,2400,12,51389308.166666664,85180198.5
2025-05-27 01:00:00+00:00,2400,1500.0,2400,12,52535675.583333336,84930854.91666667
2025-05-27 02:00:00+00:00,2400,1500.4166666666667,2400,68,57916681.02941176,84827155.86764705
2025-05-27 03:00:00+00:00,2399,1500.208420175073,2399,40,56911557.675,84844555.9
2025-05-27 04:00:00+00:00,2400,1500.0,2400,12,56529075.083333336,84841034.0
2025-05-27 05:00:00+00:00,2400,1500.2083333333333,2400,40,60406936.325,85115284.825
2025-05-27 06:00:00+00:00,2400,1500.0,2400,12,57368488.583333336,95966756.33333333
2025-05-27 07:00:00+00:00,2400,1500.0,2400,12,60084018.083333336,99658622.83333333
2025-05-27 08:00:00+00:00,2400,1500.0,2400,12,62267526.5,99532061.5
2025-05-27 09:00:00+00:00,2400,1500.2083333333333,2400,40,50184091.15,99227279.725
2025-05-27 10:00:00+00:00,2386,1508.3822296730932,2386,144,54763659.604166664,99727687.91666667
2025-05-27 11:00:00+00:00,2400,1500.0,2400,12,58980853.583333336,99894485.16666667
2025-05-27 12:00:00+00:00,2400,1500.4166666666667,2400,91,45821311.703296706,100007776.32967032
2025-05-27 13:00:00+00:00,2400,1500.0,2400,12,64589482.25,99707576.83333333
2025-05-27 14:00:00+00:00,2399,1500.4168403501458,2399,68,55724970.926470585,99913833.8235294
2025-05-27 15:00:00+00:00,2399,1500.625260525219,2399,96,54336940.875,99919510.66666667
2025-05-27 16:00:00+00:00,2399,1500.625260525219,2399,96,47666826.354166664,99742733.25
2025-05-27 17:00:00+00:00,2400,1500.0,2400,12,29622196.5,99764280.16666667
2025-05-27 18:00:00+00:00,2399,1500.4168403501458,2399,68,28163120.48529412,99826585.52941176
2025-05-27 19:00:00+00:00,2400,1500.4166666666667,2400,68,24422605.54411765,99587092.39705883
2025-05-27 20:00:00+00:00,2398,1500.8340283569642,2398,147,20599577.12244898,99634965.1292517
2025-05-27 21:00:00+00:00,2400,1500.2083333333333,2400,40,20684890.725,99771947.425
2025-05-27 22:00:00+00:00,2399,1500.625260525219,2399,119,21861541.2605042,99953133.77310924
2025-05-27 23:00:00+00:00,2400,1500.2083333333333,2400,40,21421980.6,99712210.375
2025-05-28 00:00:00+00:00,2400,1500.0,2400,12,48708649.25,99764279.66666667
2025-05-28 01:00:00+00:00,2399,1500.208420175073,2399,40,48649888.2,99990671.4
2025-05-28 02:00:00+00:00,2400,1500.2083333333333,2400,40,49472592.7,100036952.35
2025-05-28 03:00:00+00:00,2400,1500.2083333333333,2400,66,45128604.196969695,99917399.98484848
2025-05-28 04:00:00+00:00,2378,1513.6669470142979,2378,140,48850329.071428575,99912983.23571429
2025-05-28 05:00:00+00:00,2400,1500.0,2400,12,61538511.75,99894469.25
2025-05-28 06:00:00+00:00,2399,1500.4168403501458,2399,68,64079284.4117647,99769137.14705883
2025-05-28 07:00:00+00:00,2400,1500.4166666666667,2400,67,58160625.04477612,99819753.47761194
2025-05-28 08:00:00+00:00,2400,1500.0,2400,12,58407735.666666664,100024184.0
2025-05-28 09:00:00+00:00,2400,1500.0,2400,12,55924642.333333336,99788827.41666667
2025-05-28 10:00:00+00:00,2400,1500.0,2400,12,52599266.916666664,100024421.66666667
2025-05-28 11:00:00+00:00,2400,1500.0,2400,15,60912355.86666667,99954548.13333334
2025-05-28 12:00:00+00:00,2399,1500.625260525219,2399,116,68731113.4224138,99881674.5086207
2025-05-28 13:00:00+00:00,2399,1500.625260525219,2399,96,64026735.635416664,100035120.13541667
2025-05-28 14:00:00+00:00,2357,1527.3652948663557,2357,223,67660710.15246637,99972596.34977579
2025-05-28 15:00:00+00:00,2398,1501.2510425354462,2398,93,67161398.36559139,99852199.86021505
2025-05-28 16:00:00+00:00,2400,1500.0,2400,12,54298386.666666664,99870063.5
2025-05-28 17:00:00+00:00,2400,1500.0,2400,12,41629596.333333336,99894469.25
2025-05-28 18:00:00+00:00,2400,1500.0,2400,12,28260384.416666668,99894469.25
2025-05-28 19:00:00+00:00,2400,1500.0,2400,12,24107830.833333332,99869811.41666667
2025-05-28 20:00:00+00:00,2400,1500.0,2400,12,30343940.916666668,99684294.5
2025-05-28 21:00:00+00:00,2400,1500.0,2400,12,26705714.166666668,99659998.25
2025-05-28 22:00:00+00:00,2400,1500.0,2400,12,21281906.5,99821616.41666667
2025-05-28 23:00:00+00:00,2400,1500.0,2400,12,22568684.416666668,100024421.66666667
2025-05-29 00:00:00+00:00,2400,1500.0,2400,12,52225563.5,100000000.0
2025-05-29 01:00:00+00:00,2399,1500.208420175073,2399,40,62656844.55,100090738.725
2025-05-29 02:00:00+00:00,2331,1544.6160446160445,2331,143,61597261.72727273,100004051.65034965
2025-05-29 03:00:00+00:00,2389,1506.697362913353,2389,64,62933185.796875,99975860.53125
2025-05-29 04:00:00+00:00,2400,1500.2083333333333,2400,40,58180030.8,100095428.525
2025-05-29 05:00:00+00:00,201,1500.0,201,3,56952964.333333336,99577877.0
