hour_ms,n,overshoot_all,arb_loss_sum,arb_volume,cex,cex_n,share_cex,continuation,continuation_n,share_continuation,same_block,same_block_n,share_same_block,onchain,onchain_n,share_onchain,long,long_n,share_long,cex_jump,cex_move,cex_jump_n,cex_move_n,cex_tau_mean_ms,cex_tau_median_ms,cex_sqrt_tau_mean,cex_p_k1,sigma_ps,liq_mean,volume,hod,day,post,t_days
1743310800000,6,2.598471160219517,0.039444950005700995,14.827356768981467,1.6185952515485265,2.0,0.3333333333333333,3.0884091145550125,4.0,0.6666666666666666,,,0.0,,,0.0,,,0.0,2.1932468636804083,-0.5746516121318821,2.0,2.0,3516.0,3516.0,1.8631062327336945,0.5,0.00017433974528213413,3.111137665559409e+23,67.05647020809346,5,2025-03-30 00:00:00+00:00,0,-30.00347222222222
1743314400000,1,3.8725780684673246,0.009619658069972174,3.575763321229021,3.8725780684673246,1.0,1.0,,,0.0,,,0.0,,,0.0,,,0.0,0.1190215978214221,3.7535564706459024,1.0,1.0,5291.0,5291.0,2.3002173810316275,0.0,0.00014953802364864883,3.070922791007255e+23,80.26960637131961,6,2025-03-30 00:00:00+00:00,0,-29.961805555555557
1743318000000,3,1.2663819677766415,0.01912308123029526,7.656824468567477,2.782983159035934,1.0,0.3333333333333333,0.07846971592009258,1.0,0.3333333333333333,0.9376930283738977,1.0,0.3333333333333333,,,0.0,,,0.0,4.582284187252838,-1.7993010282169037,1.0,1.0,7823.0,7823.0,2.7969626382917596,0.0,0.0001657135229221217,3.104356273379121e+23,90.64390853437902,7,2025-03-30 00:00:00+00:00,0,-29.92013888888889
1743321600000,2,2.167016120541731,0.011890304199044363,4.636310429490646,2.091260731622046,1.0,0.5,2.242771509461416,1.0,0.5,,,0.0,,,0.0,,,0.0,1.43330864590343,0.6579520857186161,1.0,1.0,6236.0,6236.0,2.4971984302413777,0.0,0.0001507171688470693,2.8239848987128725e+23,143.08102769913353,8,2025-03-30 00:00:00+00:00,0,-29.87847222222222
1743325200000,2,0.5563255249435789,0.00706695042608209,2.8865483006205013,0.97124132375006,1.0,0.5,,,0.0,0.14140972613709782,1.0,0.5,,,0.0,,,0.0,4.306163452795796,-3.334922129045736,1.0,1.0,2944.0,2944.0,1.7158088471621773,1.0,6.823905343293925e-05,2.7297887926623412e+23,47.27733539902496,9,2025-03-30 00:00:00+00:00,0,-29.836805555555557
1743332400000,3,4.446045463971115,0.03257352429564024,12.017013727384123,3.903844977229975,2.0,0.6666666666666666,,,0.0,5.530446437453395,1.0,0.3333333333333333,,,0.0,,,0.0,3.080177760199664,0.8236672170303108,2.0,2.0,28034.5,28034.5,4.878232840776374,0.0,0.00016131792504861403,2.9354967905859565e+23,67.05603962415736,11,2025-03-30 00:00:00+00:00,0,-29.75347222222222
1743336000000,2,2.7955263847134977,0.013497540841785902,5.142050557377779,,,0.0,2.7955263847134977,2.0,1.0,,,0.0,,,0.0,,,0.0,,,,,,,,,0.0001427704702559601,2.7408360650647512e+23,102.39675708412483,12,2025-03-30 00:00:00+00:00,0,-29.711805555555557
1743339600000,2,5.566963071929076,0.02485269850534132,8.721905452707942,2.53718569610597,1.0,0.5,8.596740447752182,1.0,0.5,,,0.0,,,0.0,,,0.0,3.6934515715830947,-1.156265875477125,1.0,1.0,6813.0,6813.0,2.6101724080987445,0.0,0.0001521560713858555,2.7020987687233536e+23,32.88358345941103,13,2025-03-30 00:00:00+00:00,0,-29.67013888888889
1743343200000,1,0.41909688532184525,0.00403289478183752,1.6557804443014021,0.41909688532184525,1.0,1.0,,,0.0,,,0.0,,,0.0,,,0.0,0.08888382180662849,0.33021306351521673,1.0,1.0,2163.0,2163.0,1.4707141122597551,1.0,0.00010659790927642576,2.7091678867944098e+23,36.27710052844963,14,2025-03-30 00:00:00+00:00,0,-29.62847222222222
1743346800000,4,1.4969937333542345,0.02849030994989794,11.75905667329318,1.4969937333542345,4.0,1.0,,,0.0,,,0.0,,,0.0,,,0.0,0.83935618846761,0.6576375448866245,4.0,4.0,7143.25,6235.5,2.4044283390916372,0.5,7.350461148968932e-05,2.7369522328040013e+23,46.647522441712994,15,2025-03-30 00:00:00+00:00,0,-29.586805555555557
1743350400000,2,4.886974025955525,0.03720968011163789,15.789057803628715,,,0.0,4.975139143723072,1.0,0.5,4.798808908187978,1.0,0.5,,,0.0,,,0.0,,,,,,,,,0.00013563850098223372,2.7511938159750315e+23,42.41748653866256,16,2025-03-30 00:00:00+00:00,0,-29.54513888888889
1743364800000,1,1.4347907320372495,0.005082536501113145,2.0261685972077097,1.4347907320372495,1.0,1.0,,,0.0,,,0.0,,,0.0,,,0.0,4.433026872403011,-2.9982361403657616,1.0,1.0,6670.0,6670.0,2.582634314028992,0.0,8.246077523223032e-05,2.7470739587635934e+23,25.855714245897754,20,2025-03-30 00:00:00+00:00,0,-29.37847222222222
1743372000000,4,2.31004341399279,0.021615927534672202,8.276650562482358,1.5740482855675304,2.0,0.5,3.04603854241805,2.0,0.5,,,0.0,,,0.0,,,0.0,0.1639949091769783,1.410053376390552,2.0,2.0,4322.5,4322.5,2.0146200808891908,0.5,0.00012129352365781732,2.7223828158741592e+23,55.50794910177004,22,2025-03-30 00:00:00+00:00,0,-29.29513888888889
1743375600000,3,1.34913615483884,0.01207636966861457,4.762259261536345,1.34913615483884,3.0,1.0,,,0.0,,,0.0,,,0.0,,,0.0,2.908281144151854,-1.5591449893130143,3.0,3.0,4037.0,804.0,1.6245360006130998,0.6666666666666666,0.000132909584447518,2.7221116035717174e+23,47.85368386799192,23,2025-03-30 00:00:00+00:00,0,-29.25347222222222
1743379200000,3,1.6636368162857327,0.014553406686353123,5.727845675712492,1.3145832416511456,2.0,0.6666666666666666,2.3617439655549073,1.0,0.3333333333333333,,,0.0,,,0.0,,,0.0,1.943825263407994,-0.6292420217568484,2.0,2.0,8136.5,8136.5,2.8509487635982476,0.0,9.479620266327656e-05,2.696306019279584e+23,59.12926992689129,0,2025-03-31 00:00:00+00:00,0,-29.211805555555557
1743382800000,4,2.7691100950552823,0.02948594992276317,11.348996658865689,3.0980582525530704,2.0,0.5,2.440161937557494,2.0,0.5,,,0.0,,,0.0,,,0.0,4.42908850806114,-1.3310302555080697,2.0,2.0,4383.0,4383.0,2.0047461298453877,0.5,0.00014774833106277486,2.9788183613851056e+23,140.74160207183513,1,2025-03-31 00:00:00+00:00,0,-29.17013888888889
1743386400000,3,1.0906922240544676,0.01201121185859741,4.792626122563737,0.5570860999454469,1.0,0.3333333333333333,1.357495286108978,2.0,0.6666666666666666,,,0.0,,,0.0,,,0.0,1.5535137783334814,-0.9964276783880345,1.0,1.0,1391.0,1391.0,1.1794066304714417,1.0,0.00010421806072629212,3.098082907485673e+23,45.43311847578955,2,2025-03-31 00:00:00+00:00,0,-29.12847222222222
1743390000000,5,1.8024938482960269,0.02604171842345675,10.107057456975284,1.8353961897482833,3.0,0.6,1.7531403361176419,2.0,0.4,,,0.0,,,0.0,,,0.0,1.8354021558307263,-5.966082442891245e-06,3.0,3.0,1447.6666666666667,1323.0,1.177603280591984,1.0,0.00013748739971311424,3.088780013671747e+23,72.65879634927867,3,2025-03-31 00:00:00+00:00,0,-29.086805555555557
1743408000000,5,1.3869600608184203,0.02238115957858171,8.839636541727653,1.7496239216241656,2.0,0.4,1.5423568402095573,2.0,0.4,0.3508387804246555,1.0,0.2,,,0.0,,,0.0,0.7355890975180519,1.0140348241061137,2.0,2.0,5201.5,5201.5,2.152749483843443,0.5,0.00016853141136952422,2.8648312007610136e+23,101.16459616765096,8,2025-03-31 00:00:00+00:00,0,-28.87847222222222
1743411600000,1,4.8552448258193595,0.012657387575120983,4.884465781129315,4.8552448258193595,1.0,1.0,,,0.0,,,0.0,,,0.0,,,0.0,1.1294174300930044,3.725827395726355,1.0,1.0,3328.0,3328.0,1.8242806801586207,0.0,0.0002576453224132449,2.309794124611891e+23,125.365276072144,9,2025-03-31 00:00:00+00:00,0,-28.836805555555557
1743415200000,4,1.8228356155761345,0.020071816745238287,7.9520860329016525,1.6533723603712407,3.0,0.75,2.3312253811908152,1.0,0.25,,,0.0,,,0.0,,,0.0,3.670403525184277,-2.017031164813036,3.0,3.0,9522.666666666666,11110.0,2.9835680847628736,0.0,0.00010363280828882986,2.5386950784134967e+23,145.22937358919395,10,2025-03-31 00:00:00+00:00,0,-28.79513888888889
1743418800000,6,2.1537779454241357,0.04077031888523579,15.752114564142977,1.4097813597946591,2.0,0.3333333333333333,2.5257762382388744,4.0,0.6666666666666666,,,0.0,,,0.0,,,0.0,2.1100817464292594,-0.7003003866346003,2.0,2.0,8665.5,8665.5,2.906047974587718,0.0,0.00010498615288411722,2.9487821423792604e+23,99.81941927379104,11,2025-03-31 00:00:00+00:00,0,-28.75347222222222
1743422400000,1,0.8938420431153998,0.005052782230797564,2.043669840247568,0.8938420431153998,1.0,1.0,,,0.0,,,0.0,,,0.0,,,0.0,4.437258076727701,-3.5434160336123006,1.0,1.0,1691.0,1691.0,1.3003845585056752,1.0,0.000156907647221577,3.0194579991858103e+23,56.142889784638434,12,2025-03-31 00:00:00+00:00,0,-28.711805555555557
1743426000000,6,1.686692329387362,0.033066114270176916,12.946339585232103,1.5683738888877747,4.0,0.6666666666666666,3.3162320585961242,1.0,0.16666666666666666,0.5304263621769495,1.0,0.16666666666666666,,,0.0,,,0.0,3.8733336581925566,-2.304959769304782,4.0,4.0,3339.5,2838.0,1.7905207497765214,0.75,0.00018030297313434957,2.9923886445755733e+23,126.16820241504686,13,2025-03-31 00:00:00+00:00,0,-28.67013888888889
1743429600000,3,4.037719835165824,0.02871386750908,10.607741685397308,2.640843763124811,1.0,0.3333333333333333,4.126579553224729,1.0,0.3333333333333333,5.345736189147931,1.0,0.3333333333333333,,,0.0,,,0.0,4.787247992186793,-2.146404229061982,1.0,1.0,2180.0,2180.0,1.47648230602334,1.0,0.0001798474583680911,2.999689660721507e+23,72.34530009961442,14,2025-03-31 00:00:00+00:00,0,-28.62847222222222
1743433200000,1,0.808469545880452,0.004359968351389521,1.7604953796263705,0.808469545880452,1.0,1.0,,,0.0,,,0.0,,,0.0,,,0.0,0.14439877459251296,0.664070771287939,1.0,1.0,5993.0,5993.0,2.4480604567698077,0.0,0.00014866372813915351,3.117714970375637e+23,35.96470055231697,15,2025-03-31 00:00:00+00:00,0,-28.586805555555557
1743436800000,3,1.3400383894489085,0.017786759599114244,7.14598912616462,1.1935580996863755,2.0,0.6666666666666666,,,0.0,1.632998968973975,1.0,0.3333333333333333,,,0.0,,,0.0,2.354500640917045,-1.1609425412306695,2.0,2.0,1555.5,1555.5,1.236800924023711,1.0,0.00014208041288928913,3.086869218196554e+23,81.95820793760956,16,2025-03-31 00:00:00+00:00,0,-28.54513888888889
1743440400000,1,4.510465813500363,0.011902825833683812,4.420173752415686,4.510465813500363,1.0,1.0,,,0.0,,,0.0,,,0.0,,,0.0,1.2722810179183415,3.2381847955820215,1.0,1.0,1853.0,1853.0,1.3612494260788506,1.0,0.0001166165252444865,3.080254940296306e+23,31.037164986656627,17,2025-03-31 00:00:00+00:00,0,-28.50347222222222
1743444000000,2,1.8520926877513495,0.009821510406488047,3.8123564682533315,1.571751881383498,1.0,0.5,2.132433494119201,1.0,0.5,,,0.0,,,0.0,,,0.0,3.0615596403266383,-1.4898077589431402,1.0,1.0,,,,,8.411429376588422e-05,3.0804405221695105e+23,34.21861706859617,18,2025-03-31 00:00:00+00:00,0,-28.461805555555557
1743447600000,2,1.388300585766244,0.009914582086830742,3.9237584624593254,1.388300585766244,2.0,1.0,,,0.0,,,0.0,,,0.0,,,0.0,4.128270768312147,-2.7399701825459033,2.0,2.0,11495.0,11495.0,3.1862128448757074,0.0,7.792711200984282e-05,3.069087277122446e+23,56.52835349708907,19,2025-03-31 00:00:00+00:00,0,-28.42013888888889
1743462000000,1,1.799179829930519,0.004229482823400302,1.6546400006239204,1.799179829930519,1.0,1.0,,,0.0,,,0.0,,,0.0,,,0.0,0.14152886117226818,1.6576509687582508,1.0,1.0,14549.0,14549.0,3.814315141673535,0.0,5.634319204097319e-05,2.4878599241716273e+23,22.260582938343035,23,2025-03-31 00:00:00+00:00,0,-28.25347222222222
1743469200000,4,1.58653796849153,0.018012506425420925,7.126153423983025,2.430758439472846,1.0,0.25,1.3051311448310912,3.0,0.75,,,0.0,,,0.0,,,0.0,2.430758439472846,0.0,1.0,1.0,14191.0,14191.0,3.7670943709973606,0.0,0.0001387609243985012,2.5395946788522967e+23,55.11108484805811,1,2025-04-01 00:00:00+00:00,0,-28.17013888888889
1743472800000,3,2.7839540504591174,0.01924529412875028,7.323390273271034,2.2564153359255985,2.0,0.6666666666666666,3.8390314795261555,1.0,0.3333333333333333,,,0.0,,,0.0,,,0.0,1.5990952314437696,0.6573201044818289,2.0,2.0,8521.0,8521.0,2.648544766855316,0.5,9.172287157561077e-05,2.5727496229137233e+23,50.11826220713839,2,2025-04-01 00:00:00+00:00,0,-28.12847222222222
1743476400000,1,0.9613901258481933,0.002194139537190454,0.8636333784817475,0.9613901258481933,1.0,1.0,,,0.0,,,0.0,,,0.0,,,0.0,1.1260605929591878,-0.16467046711099453,1.0,1.0,11412.0,11412.0,3.3781651824622196,0.0,9.626918693121338e-05,3.0175591028577663e+23,73.91463522720828,3,2025-04-01 00:00:00+00:00,0,-28.086805555555557
1743480000000,2,0.7516938516366696,0.009157952012132337,3.69790861281843,0.09201324382481726,1.0,0.5,1.4113744594485218,1.0,0.5,,,0.0,,,0.0,,,0.0,0.09201324382481726,0.0,1.0,1.0,731.0,731.0,0.8549853799919622,1.0,0.00010484277457611254,3.0714325614261236e+23,67.9164204812296,4,2025-04-01 00:00:00+00:00,0,-28.04513888888889
1743483600000,4,1.16100082433459,0.015662481752574266,6.208194662244596,1.3518667009295562,3.0,0.75,0.5884031945496909,1.0,0.25,,,0.0,,,0.0,,,0.0,1.40682293179856,-0.054956230869003996,3.0,3.0,3357.0,1900.0,1.7524638449752732,0.6666666666666666,0.000170646190025591,3.0682864817065494e+23,56.5416481419085,5,2025-04-01 00:00:00+00:00,0,-28.00347222222222
1743487200000,4,3.0626698209321397,0.03215796647027937,12.094936544948094,2.041318008678705,2.0,0.5,4.084021633185574,2.0,0.5,,,0.0,,,0.0,,,0.0,3.5149370805681803,-1.4736190718894757,2.0,2.0,24208.0,24208.0,4.469971400400042,0.0,8.256219627096292e-05,3.071987812766445e+23,63.690939447223855,6,2025-04-01 00:00:00+00:00,0,-27.961805555555557
1743494400000,4,3.5770603066684554,0.0427448023265275,16.143382386091858,1.960175982920775,2.0,0.5,,,0.0,5.193944630416135,2.0,0.5,,,0.0,,,0.0,4.641086255581817,-2.680910272661041,2.0,2.0,1896.0,1896.0,1.3423082893453235,1.0,0.00020047529072235036,3.022633546918577e+23,160.4477907461664,8,2025-04-01 00:00:00+00:00,0,-27.87847222222222
1743498000000,19,3.3905331785566353,0.18520611635194417,69.28672296499765,3.251440089638775,12.0,0.631578947368421,2.610021553371888,5.0,0.2631578947368421,6.176370775025664,2.0,0.10526315789473684,,,0.0,,,0.0,2.552976642640225,0.6984634469985503,12.0,12.0,4036.0833333333335,2955.0,1.8801660179343453,0.5,0.0002817231992937087,3.0055764451192985e+23,384.8224738470953,9,2025-04-01 00:00:00+00:00,0,-27.836805555555557
1743501600000,2,0.3980377420259801,0.003659097268163849,1.4816063917243978,,,0.0,,,0.0,0.3980377420259801,2.0,1.0,,,0.0,,,0.0,,,,,,,,,0.00023842162151893785,2.6001316603592533e+23,165.45235202924323,10,2025-04-01 00:00:00+00:00,0,-27.79513888888889
1743505200000,6,2.1201401308318597,0.03714769955464605,14.563192125235966,2.1201401308318597,6.0,1.0,,,0.0,,,0.0,,,0.0,,,0.0,1.9282211837547816,0.19191894707707804,6.0,6.0,2711.0,2564.0,1.5321532525250374,0.8333333333333334,0.00022112225802854886,2.481930910981803e+23,155.48132016437296,11,2025-04-01 00:00:00+00:00,0,-27.75347222222222
1743508800000,3,3.4610432298774505,0.021405949730739122,8.146338258496248,3.708003049267571,2.0,0.6666666666666666,2.967123591097209,1.0,0.3333333333333333,,,0.0,,,0.0,,,0.0,9.743160058871569,-6.0351570096039975,2.0,2.0,7896.0,7896.0,2.476863954233216,0.5,0.00019948829580341968,2.1764754366429903e+23,110.25936299325501,12,2025-04-01 00:00:00+00:00,0,-27.711805555555557
1743512400000,3,2.5130060486509596,0.018242380121783294,7.056336134246271,2.5130060486509596,3.0,1.0,,,0.0,,,0.0,,,0.0,,,0.0,0.7545349144287316,1.7584711342222281,3.0,3.0,4822.666666666667,5786.0,2.1429268706605042,0.3333333333333333,0.0001582647099985337,2.3729691005071344e+23,21.94767054851297,13,2025-04-01 00:00:00+00:00,0,-27.67013888888889
1743516000000,6,2.988195777909341,0.038911294237928946,14.972746861386502,2.685220513960828,5.0,0.8333333333333334,4.503072097651905,1.0,0.16666666666666666,,,0.0,,,0.0,,,0.0,1.8168638156467405,0.8683566983140878,5.0,5.0,6203.8,4128.0,2.387484168813229,0.2,0.00017126612604816973,2.2237817234660752e+23,143.36039765191236,14,2025-04-01 00:00:00+00:00,0,-27.62847222222222
1743519600000,4,2.641765239274917,0.0332861483345732,12.676119379695274,2.641765239274917,4.0,1.0,,,0.0,,,0.0,,,0.0,,,0.0,2.618045950081049,0.023719289193868676,4.0,4.0,3260.5,1473.0,1.472397833075963,0.75,0.00020115320965809755,2.814765100710068e+23,192.74414947195143,15,2025-04-01 00:00:00+00:00,0,-27.586805555555557
1743523200000,1,3.0065670758522507,0.005982195955935921,2.25740424808623,,,0.0,3.0065670758522507,1.0,1.0,,,0.0,,,0.0,,,0.0,,,,,,,,,0.00017180347913974692,2.691439563177515e+23,115.42232396630014,16,2025-04-01 00:00:00+00:00,0,-27.54513888888889
1743526800000,1,2.6055420322629526,0.006477679440719783,2.5045406215238883,,,0.0,2.6055420322629526,1.0,1.0,,,0.0,,,0.0,,,0.0,,,,,,,,,0.00017277115394565064,2.647006037959546e+23,49.19190000651715,17,2025-04-01 00:00:00+00:00,0,-27.50347222222222
1743541200000,1,3.237197603990793,0.006497259189011162,2.455795281229829,,,0.0,3.237197603990793,1.0,1.0,,,0.0,,,0.0,,,0.0,,,,,,,,,0.0001305113807891973,2.4575597595345192e+23,56.84980879576971,21,2025-04-01 00:00:00+00:00,0,-27.336805555555557
1743544800000,3,5.927939037874348,0.040117099357941464,14.096818305681532,6.1873235703519205,1.0,0.3333333333333333,5.798246771635562,2.0,0.6666666666666666,,,0.0,,,0.0,,,0.0,2.004323264470109,4.183000305881812,1.0,1.0,1161.0,1161.0,1.0774970997640783,1.0,0.0001597059935475353,2.5508282066250993e+23,28.667890651111982,22,2025-04-01 00:00:00+00:00,0,-27.29513888888889
1743548400000,6,1.974949330674976,0.024172253279227476,9.410190907594282,2.0495223346445264,4.0,0.6666666666666666,1.8258033227358745,2.0,0.3333333333333333,,,0.0,,,0.0,,,0.0,2.9868146214015674,-0.9372922867570409,4.0,4.0,12456.0,12985.0,3.3791704099498334,0.0,0.000127210979687569,2.2818661174576133e+23,104.64056126302957,23,2025-04-01 00:00:00+00:00,0,-27.25347222222222
1743552000000,3,1.8757169367942836,0.014149245717449072,5.539374930453464,2.5748385844387647,2.0,0.6666666666666666,0.47747364150532107,1.0,0.3333333333333333,,,0.0,,,0.0,,,0.0,3.8881520479022926,-1.313313463463528,2.0,2.0,3238.0,3238.0,1.7729951283381178,0.5,0.00011435394058537046,2.142664917916263e+23,58.28903297580085,0,2025-04-02 00:00:00+00:00,0,-27.211805555555557
1743555600000,1,2.6805042465522173,0.0041463991131847865,1.5762469309942835,2.6805042465522173,1.0,1.0,,,0.0,,,0.0,,,0.0,,,0.0,2.8448118190210976,-0.16430757246888028,1.0,1.0,1267.0,1267.0,1.1256109452204166,1.0,0.00024613599188521185,1.9951364404100645e+23,94.19955491089186,1,2025-04-02 00:00:00+00:00,0,-27.17013888888889
1743559200000,4,2.6466617697773693,0.01854800510506326,7.120547583407517,2.365691598842574,3.0,0.75,,,0.0,3.489572282581754,1.0,0.25,,,0.0,,,0.0,3.6860825284988383,-1.320390929656264,3.0,3.0,22477.666666666668,22809.0,4.72551402053006,0.0,0.0001583875503352639,1.9781917069799806e+23,92.09410105204738,2,2025-04-02 00:00:00+00:00,0,-27.12847222222222
1743562800000,2,2.0124518151254596,0.00823390818596703,3.228109561364522,2.6443359968270292,1.0,0.5,1.3805676334238899,1.0,0.5,,,0.0,,,0.0,,,0.0,0.16632166799315176,2.4780143288338774,1.0,1.0,5420.0,5420.0,2.328089345364563,0.0,5.714951866950553e-05,2.0163869435482767e+23,40.4389088894942,3,2025-04-02 00:00:00+00:00,0,-27.086805555555557
1743570000000,4,1.3533665210596841,0.01677621369989151,6.6613724912554435,1.3533665210596841,4.0,1.0,,,0.0,,,0.0,,,0.0,,,0.0,2.820621983311033,-1.467255462251349,4.0,4.0,6405.75,5572.5,2.3751664950776967,0.5,8.296024647011209e-05,2.2392794774704687e+23,40.10199213816366,5,2025-04-02 00:00:00+00:00,0,-27.00347222222222
1743573600000,3,1.0836734296147432,0.010272809122556154,4.1551276361525,1.0836734296147432,3.0,1.0,,,0.0,,,0.0,,,0.0,,,0.0,2.477352731909802,-1.3936793022950589,3.0,3.0,3275.3333333333335,4095.0,1.7205779963700163,0.3333333333333333,0.00011416613125760832,2.253075832577618e+23,84.68222467867035,6,2025-04-02 00:00:00+00:00,0,-26.961805555555557
1743577200000,4,1.5677240496059448,0.022324264670886787,9.037685478258078,1.9657681187466611,3.0,0.75,0.3735918421837953,1.0,0.25,,,0.0,,,0.0,,,0.0,6.935203935038088,-4.969435816291426,3.0,3.0,3789.3333333333335,1447.0,1.667726585716019,0.6666666666666666,0.00016945400120610695,2.395080269197052e+23,54.85285148220848,7,2025-04-02 00:00:00+00:00,0,-26.92013888888889
1743584400000,5,2.5900472854999625,0.032315964316145994,12.288197512921727,1.691282405079119,3.0,0.6,2.2401211457240495,1.0,0.2,5.636268066538407,1.0,0.2,,,0.0,,,0.0,1.07300854115091,0.6182738639282093,3.0,3.0,9580.0,5596.0,2.9701721966922547,0.0,0.00018825375700578072,2.734309195365867e+23,139.4812321417558,9,2025-04-02 00:00:00+00:00,0,-26.836805555555557
1743588000000,2,2.2532614559095605,0.009786479157885036,3.7907215923313737,2.209889845172252,1.0,0.5,2.296633066646869,1.0,0.5,,,0.0,,,0.0,,,0.0,7.624150044873178,-5.4142601997009265,1.0,1.0,965.0,965.0,0.982344135219425,1.0,0.00013227295595877962,2.4226635268917807e+23,16.04704843600051,10,2025-04-02 00:00:00+00:00,0,-26.79513888888889
1743591600000,2,1.941683720661524,0.011425593504743828,4.522271399673189,1.2588467073765481,1.0,0.5,2.6245207339465,1.0,0.5,,,0.0,,,0.0,,,0.0,1.756513548017446,-0.49766684064089795,1.0,1.0,26052.0,26052.0,5.104115986142948,0.0,9.811735917930203e-05,2.4242521755251492e+23,34.10148342970212,11,2025-04-02 00:00:00+00:00,0,-26.75347222222222
1743595200000,2,1.3070178891372515,0.006683892094356092,2.6365692406775842,1.7201926229854165,1.0,0.5,0.8938431552890863,1.0,0.5,,,0.0,,,0.0,,,0.0,1.7201926229854165,0.0,1.0,1.0,7391.0,7391.0,2.7186393655650614,0.0,0.00015728974636902064,2.4238640003874463e+23,52.14724184996068,12,2025-04-02 00:00:00+00:00,0,-26.711805555555557
1743598800000,3,1.9712267333492104,0.014649816949992562,5.667561635552417,1.9217630872864429,1.0,0.3333333333333333,3.8501755826775503,1.0,0.3333333333333333,0.14174153008363835,1.0,0.3333333333333333,,,0.0,,,0.0,2.5891122894877934,-0.6673492022013505,1.0,1.0,2211.0,2211.0,1.4869431730903504,1.0,0.0001533594252571898,2.4190704595105922e+23,47.764733609534844,13,2025-04-02 00:00:00+00:00,0,-26.67013888888889
1743602400000,5,7.73137087044775,0.10116696789473467,32.04092755055345,3.7173265497897563,3.0,0.6,13.752437351434743,2.0,0.4,,,0.0,,,0.0,,,0.0,2.4359439872292232,1.2813825625605326,3.0,3.0,2193.3333333333335,2590.0,1.4249243654029395,0.6666666666666666,0.00012129389993414148,2.4131878036732017e+23,221.97677123238947,14,2025-04-02 00:00:00+00:00,0,-26.62847222222222
1743606000000,1,0.005553276318259227,0.004690360450945814,1.9846899806773237,,,0.0,0.005553276318259227,1.0,1.0,,,0.0,,,0.0,,,0.0,,,,,,,,,0.00015573445459004777,2.7066149688693137e+23,131.10085539530633,15,2025-04-02 00:00:00+00:00,0,-26.586805555555557
1743609600000,1,2.00560903412974,0.004426682609609072,1.702786321013938,2.00560903412974,1.0,1.0,,,0.0,,,0.0,,,0.0,,,0.0,0.19419365318631368,1.8114153809434264,1.0,1.0,1974.0,1974.0,1.4049911031746785,1.0,0.00012795728068973398,2.9101762432083856e+23,53.802469450617174,16,2025-04-02 00:00:00+00:00,0,-26.54513888888889
1743613200000,5,1.1894511371518752,0.019565368199745907,7.69551264016732,0.6551819884873185,4.0,0.8,3.3265277318101023,1.0,0.2,,,0.0,,,0.0,,,0.0,1.2615295804319298,-0.6063475919446114,4.0,4.0,3936.5,2354.5,1.5818397603050427,0.5,0.00014980763228082433,2.8028299315537294e+23,37.95392776782977,17,2025-04-02 00:00:00+00:00,0,-26.50347222222222
1743620400000,2,1.6055170676571247,0.007312854782293316,2.8418352328350527,1.6055170676571247,2.0,1.0,,,0.0,,,0.0,,,0.0,,,0.0,0.20245492647399335,1.4030621411831312,2.0,2.0,2207.5,2207.5,1.48216370182811,1.0,5.2936710532998875e-05,2.8856094968488e+23,10.762045270376138,19,2025-04-02 00:00:00+00:00,0,-26.42013888888889
1743624000000,4,1.8089994262241111,0.018524419136165062,7.189353837872835,1.8089994262241111,4.0,1.0,,,0.0,,,0.0,,,0.0,,,0.0,2.492540203305493,-0.6835407770813816,4.0,4.0,3314.0,2874.5,1.7668664097195763,0.75,0.00033790356662241307,3.0057643875941813e+23,244.58552393251242,20,2025-04-02 00:00:00+00:00,0,-26.37847222222222
1743631200000,1,18.0050794641601,0.058085130224024555,17.355919666337247,,,0.0,18.0050794641601,1.0,1.0,,,0.0,,,0.0,,,0.0,,,,,,,,,0.00016921597088761443,2.592313445103033e+23,140.64624719927178,22,2025-04-02 00:00:00+00:00,0,-26.29513888888889
1743634800000,5,3.134019655016828,0.026152176353691978,9.837159752679153,3.8660669692397667,2.0,0.4,2.6459881122015356,3.0,0.6,,,0.0,,,0.0,,,0.0,7.341491555940571,-3.475424586700804,2.0,2.0,29831.0,29831.0,4.4062962526764595,0.5,0.00013011980567444816,2.082349971258275e+23,88.25531110150396,23,2025-04-02 00:00:00+00:00,0,-26.25347222222222
1743638400000,5,2.105042529864009,0.022199625791937773,8.64598757934342,2.125203419403054,4.0,0.8,2.02439897170783,1.0,0.2,,,0.0,,,0.0,,,0.0,2.7991058959059507,-0.6739024765028966,4.0,4.0,1775.0,1593.0,1.3051237165605611,1.0,0.00014274927330632425,2.0965986619941952e+23,64.71942267391755,0,2025-04-03 00:00:00+00:00,0,-26.211805555555557
1743642000000,1,3.04762398017635,0.013043704973062351,5.549533519528386,3.04762398017635,1.0,1.0,,,0.0,,,0.0,,,0.0,,,0.0,72.00261381435537,-68.95498983417902,1.0,1.0,2802.0,2802.0,1.6739175606940744,1.0,0.0001245782026577711,2.182071761931614e+23,28.854098216415675,1,2025-04-03 00:00:00+00:00,0,-26.17013888888889
1743645600000,5,2.1693728648172423,0.019993997738888283,7.718343454514259,1.9812983389283718,4.0,0.8,2.9216709683727244,1.0,0.2,,,0.0,,,0.0,,,0.0,3.177657453522519,-1.1963591145941477,4.0,4.0,2776.0,1704.0,1.5365332679330177,0.75,0.00016149877120717567,2.220326363721596e+23,70.75441151178337,2,2025-04-03 00:00:00+00:00,0,-26.12847222222222
1743649200000,1,0.27050081345683047,0.0039900039108051,1.6741976692701206,0.27050081345683047,1.0,1.0,,,0.0,,,0.0,,,0.0,,,0.0,0.27050081345683047,0.0,1.0,1.0,953.0,953.0,0.9762171889492625,1.0,6.137280711449954e-05,2.1740680974619652e+23,21.45221716460598,3,2025-04-03 00:00:00+00:00,0,-26.086805555555557
1743656400000,6,4.533276623351367,0.04779979569165946,17.530865899116534,4.8260891009988205,4.0,0.6666666666666666,3.9476516680564613,2.0,0.3333333333333333,,,0.0,,,0.0,,,0.0,2.9763482948960913,1.8497408061027287,4.0,4.0,2354.5,2184.5,1.449198450347863,0.5,0.00018022008957697776,2.05729653996239e+23,105.99406244708685,5,2025-04-03 00:00:00+00:00,0,-26.00347222222222
1743660000000,1,5.26521248477687,0.008023700568113495,2.9046119911504293,,,0.0,,,0.0,5.26521248477687,1.0,1.0,,,0.0,,,0.0,,,,,,,,,0.00017738906604049614,2.014943081712346e+23,42.99191363655705,6,2025-04-03 00:00:00+00:00,0,-25.961805555555557
1743663600000,4,1.226278897870658,0.01944011279984288,7.958335438328472,1.226278897870658,4.0,1.0,,,0.0,,,0.0,,,0.0,,,0.0,1.5169842422233177,-0.2907053443526597,4.0,4.0,3890.75,2954.5,1.8783421931778561,0.5,0.00014895438024987084,2.0911620996258116e+23,42.99095868820318,7,2025-04-03 00:00:00+00:00,0,-25.92013888888889
1743670800000,1,3.9631750229846214,0.006439285695570127,2.4019466726535468,3.9631750229846214,1.0,1.0,,,0.0,,,0.0,,,0.0,,,0.0,3.7957074483413673,0.16746757464325412,1.0,1.0,16165.0,16165.0,4.020572098594925,0.0,0.0001485332360074961,2.086300887528004e+23,23.426570824036027,9,2025-04-03 00:00:00+00:00,0,-25.836805555555557
1743681600000,2,3.5796460511045227,0.010756340260381308,4.040979490253395,2.984543109742521,1.0,0.5,4.174748992466525,1.0,0.5,,,0.0,,,0.0,,,0.0,1.938949402011136,1.0455937077313848,1.0,1.0,7958.0,7958.0,2.8209927330640183,0.0,0.00018097144899623964,1.922825162934069e+23,100.76479162213197,12,2025-04-03 00:00:00+00:00,0,-25.711805555555557
1743685200000,9,2.97497906146868,0.06446197242698282,23.94073854121677,3.547026432288299,7.0,0.7777777777777778,1.890642615753357,1.0,0.1111111111111111,0.05498391144667051,1.0,0.1111111111111111,,,0.0,,,0.0,3.3161043158043824,0.2309221164839165,7.0,7.0,3829.8571428571427,2973.0,1.8909397093453626,0.5714285714285714,0.00015900443224090314,2.1487656036593215e+23,112.47955054750186,13,2025-04-03 00:00:00+00:00,0,-25.67013888888889
1743688800000,3,1.3173483446751024,0.01504375732488642,6.053614839778256,1.3173483446751024,3.0,1.0,,,0.0,,,0.0,,,0.0,,,0.0,3.3726841018006044,-2.0553357571255018,3.0,3.0,2552.0,2867.0,1.4999005314775709,0.6666666666666666,0.00011657680177876341,2.469445195333271e+23,67.04679373848748,14,2025-04-03 00:00:00+00:00,0,-25.62847222222222
1743692400000,3,2.1084181898014376,0.014836469391480818,5.754800854436384,2.1084181898014376,3.0,1.0,,,0.0,,,0.0,,,0.0,,,0.0,1.826273985248357,0.28214420455308087,3.0,3.0,4957.666666666667,3790.0,2.190248208175671,0.0,0.00010254757728821409,2.4711831983767083e+23,48.098334335214936,15,2025-04-03 00:00:00+00:00,0,-25.586805555555557
1743696000000,2,2.799317539961565,0.010647818467971696,4.047798332179211,3.3215053640217813,1.0,0.5,2.277129715901349,1.0,0.5,,,0.0,,,0.0,,,0.0,3.150813435281474,0.17069192874030747,1.0,1.0,7286.0,7286.0,2.6992591576208462,0.0,0.00011364707623750984,2.459173333693887e+23,34.478827368525614,16,2025-04-03 00:00:00+00:00,0,-25.54513888888889
1743703200000,2,3.1279104241666236,0.01125423873809895,4.239927845383831,,,0.0,3.1279104241666236,2.0,1.0,,,0.0,,,0.0,,,0.0,,,,,,,,,0.00011382441173400807,2.4322444238997068e+23,63.48133106979214,18,2025-04-03 00:00:00+00:00,0,-25.461805555555557
1743706800000,1,2.1562931684310445,0.004441464309330554,1.7029820437306,,,0.0,2.1562931684310445,1.0,1.0,,,0.0,,,0.0,,,0.0,,,,,,,,,6.581114462959615e-05,2.9073178149016674e+23,15.618301173384314,19,2025-04-03 00:00:00+00:00,0,-25.42013888888889
1743714000000,1,1.1662341825807938,0.0044973488051934015,1.7933985068133171,1.1662341825807938,1.0,1.0,,,0.0,,,0.0,,,0.0,,,0.0,1.506265595258593,-0.34003141267779924,1.0,1.0,1889.0,1889.0,1.3744089638822936,1.0,0.00011053836901330235,3.156204393396073e+23,21.36861864104076,21,2025-04-03 00:00:00+00:00,0,-25.336805555555557
1743724800000,1,2.1932827173704257,0.008298044402328798,3.288826361671387,2.1932827173704257,1.0,1.0,,,0.0,,,0.0,,,0.0,,,0.0,4.0526745937969,-1.8593918764264745,1.0,1.0,664.0,664.0,0.8148619514985346,1.0,8.158901020344259e-05,3.0920142144267216e+23,60.3616055727379,0,2025-04-04 00:00:00+00:00,0,-25.211805555555557
1743728400000,3,2.2172904808317306,0.0179576314862364,6.936678390581447,2.2172904808317306,3.0,1.0,,,0.0,,,0.0,,,0.0,,,0.0,3.2257169932372443,-1.0084265124055134,3.0,3.0,5809.333333333333,5330.0,2.3471104116400228,0.3333333333333333,0.00013218032707687792,2.8338200120219614e+23,55.64321101062584,1,2025-04-04 00:00:00+00:00,0,-25.17013888888889
1743732000000,2,1.6380910870028793,0.01033063815062376,4.065053726105425,1.6380910870028793,2.0,1.0,,,0.0,,,0.0,,,0.0,,,0.0,4.7210403420850025,-3.0829492550821236,2.0,2.0,9048.0,9048.0,2.488766122161496,0.5,0.00011215857328341131,2.834590302882498e+23,42.11006994945355,2,2025-04-04 00:00:00+00:00,0,-25.12847222222222
1743742800000,2,1.7844156163543619,0.009715135459297516,3.786361032189961,1.7844156163543619,2.0,1.0,,,0.0,,,0.0,,,0.0,,,0.0,1.4482233956603303,0.33619222069403154,2.0,2.0,5806.5,5806.5,2.3972906479082576,0.0,5.64299844142702e-05,2.8357747790142047e+23,58.86751435692356,5,2025-04-04 00:00:00+00:00,0,-25.00347222222222
1743746400000,2,2.093598029658272,0.011019339612553844,4.307176934694329,2.093598029658272,2.0,1.0,,,0.0,,,0.0,,,0.0,,,0.0,1.0013136238534943,1.0922844058047776,2.0,2.0,12822.0,12822.0,3.2034350426451152,0.5,0.00010270601136656787,2.960460893178493e+23,22.4021658463418,6,2025-04-04 00:00:00+00:00,0,-24.961805555555557
1743750000000,2,2.581640385839212,0.012415676325607378,4.714003212613445,2.581640385839212,2.0,1.0,,,0.0,,,0.0,,,0.0,,,0.0,5.587599082692595,-3.0059586968533836,2.0,2.0,909.5,909.5,0.9536277648282601,1.0,9.099499986140257e-05,3.1811376222987e+23,12.062076674192882,7,2025-04-04 00:00:00+00:00,0,-24.92013888888889
1743753600000,2,2.523487901759957,0.012776499686977905,4.859372043198814,3.411761267039814,1.0,0.5,1.6352145364801003,1.0,0.5,,,0.0,,,0.0,,,0.0,3.411761267039814,0.0,1.0,1.0,7897.0,7897.0,2.8101601377857457,0.0,9.832201665237327e-05,3.311863443025637e+23,83.85361179713833,8,2025-04-04 00:00:00+00:00,0,-24.87847222222222
1743760800000,1,0.5923242213595964,0.006369043257008733,2.62983054743283,0.5923242213595964,1.0,1.0,,,0.0,,,0.0,,,0.0,,,0.0,2.768634609504072,-2.1763103881444756,1.0,1.0,1114.0,1114.0,1.055461984156701,1.0,0.00010419938840444477,3.04504055246903e+23,68.22352034068079,10,2025-04-04 00:00:00+00:00,0,-24.79513888888889
1743764400000,1,0.0544870862934305,0.0017999250236585699,0.7339623252344888,0.0544870862934305,1.0,1.0,,,0.0,,,0.0,,,0.0,,,0.0,6.875738130082708,-6.821251043789278,1.0,1.0,1756.0,1756.0,1.3251415018781956,1.0,0.00010356197739162088,2.8360810585221003e+23,37.92594477737175,11,2025-04-04 00:00:00+00:00,0,-24.75347222222222
1743768000000,1,1.3446989556315176,0.005354809068967677,2.14211146244354,1.3446989556315176,1.0,1.0,,,0.0,,,0.0,,,0.0,,,0.0,3.5393825758217807,-2.194683620190263,1.0,1.0,2210.0,2210.0,1.4866068747318506,1.0,0.00022753756646003877,2.8574995836180394e+23,72.29112603779222,12,2025-04-04 00:00:00+00:00,0,-24.711805555555557
1743778800000,4,2.010749170811587,0.025744144754071982,10.029148966242001,2.11622049839694,3.0,0.75,1.6943351880555286,1.0,0.25,,,0.0,,,0.0,,,0.0,2.448732738265905,-0.33251223986896505,3.0,3.0,9104.333333333334,10689.0,2.814824581306878,0.3333333333333333,0.00012874736191565816,3.026289330973295e+23,76.17339154824062,15,2025-04-04 00:00:00+00:00,0,-24.586805555555557
1743782400000,2,5.635779121544471,0.02734505225179489,9.609454232709265,5.635779121544471,2.0,1.0,,,0.0,,,0.0,,,0.0,,,0.0,3.642693533858509,1.9930855876859614,2.0,2.0,3060.0,3060.0,1.5373851949501534,0.5,0.00011773420021464847,3.0271437051184715e+23,16.47308675646561,16,2025-04-04 00:00:00+00:00,0,-24.54513888888889
1743786000000,1,3.2556928560706573,0.007442212365394439,2.798517555878676,3.2556928560706573,1.0,1.0,,,0.0,,,0.0,,,0.0,,,0.0,4.592858320747205,-1.337165464676548,1.0,1.0,3084.0,3084.0,1.7561321134812153,0.0,0.00011661970183728839,3.023778878083923e+23,24.739635459649797,17,2025-04-04 00:00:00+00:00,0,-24.50347222222222
1743789600000,2,1.6173593618912459,0.00823336508462371,3.2128443746633897,1.8503546488885187,1.0,0.5,1.384364074893973,1.0,0.5,,,0.0,,,0.0,,,0.0,3.1941662624585194,-1.3438116135700007,1.0,1.0,7841.0,7841.0,2.8001785657346927,0.0,6.032477055920795e-05,3.0870597586535426e+23,14.376609938352827,18,2025-04-04 00:00:00+00:00,0,-24.461805555555557
1743796800000,2,1.5755558398983456,0.009598779529711306,3.7641516354209323,1.5755558398983456,2.0,1.0,,,0.0,,,0.0,,,0.0,,,0.0,0.07455920903678362,1.5009966308615619,2.0,2.0,16650.5,16650.5,3.9802675279903674,0.0,5.861867621726331e-05,3.104717872297773e+23,12.042361324585835,20,2025-04-04 00:00:00+00:00,0,-24.37847222222222
1743811200000,1,1.6192183251390264,0.0035027383551401864,1.3591983445329248,1.6192183251390264,1.0,1.0,,,0.0,,,0.0,,,0.0,,,0.0,3.4561519788140145,-1.836933653674988,1.0,1.0,55867.0,55867.0,7.474423054657797,0.0,8.839226170604597e-05,2.8980420157396607e+23,35.12953063450483,0,2025-04-05 00:00:00+00:00,0,-24.211805555555557
1743818400000,1,3.2926782373893455,0.010580253034690717,4.11240730689381,3.2926782373893455,1.0,1.0,,,0.0,,,0.0,,,0.0,,,0.0,4.131444771199887,-0.8387665338105417,1.0,1.0,58960.0,58960.0,7.678541528180987,0.0,7.72489560955529e-05,2.88153499190837e+23,16.115647055930832,2,2025-04-05 00:00:00+00:00,0,-24.12847222222222
1743822000000,2,1.1429058215822958,0.02228844915815666,11.025464326510955,,,0.0,1.1429058215822958,2.0,1.0,,,0.0,,,0.0,,,0.0,,,,,,,,,5.7951150658853436e-05,2.8641945844209547e+23,22.46275154521132,3,2025-04-05 00:00:00+00:00,0,-24.086805555555557
1743832800000,1,1.6877829180622856,0.003781693337167182,1.4636014744764487,,,0.0,,,0.0,1.6877829180622856,1.0,1.0,,,0.0,,,0.0,,,,,,,,,7.229015264191416e-05,3.130583794267921e+23,34.95803699039395,6,2025-04-05 00:00:00+00:00,0,-23.961805555555557
1743836400000,2,1.26961713903142,0.008774650647510054,3.468792352823208,1.4704345559185756,1.0,0.5,1.0687997221442642,1.0,0.5,,,0.0,,,0.0,,,0.0,0.2970386945783327,1.1733958613402429,1.0,1.0,31486.0,31486.0,5.61123872242128,0.0,5.632564566461792e-05,3.2225912691315935e+23,17.533318642797713,7,2025-04-05 00:00:00+00:00,0,-23.92013888888889
1743840000000,1,4.017491443241727,0.00992680632443012,3.6801470332968274,4.017491443241727,1.0,1.0,,,0.0,,,0.0,,,0.0,,,0.0,4.017491443241727,0.0,1.0,1.0,521.0,521.0,0.7218032973047436,1.0,4.6713990868954844e-05,3.225637204713355e+23,34.92459869398676,8,2025-04-05 00:00:00+00:00,0,-23.87847222222222
1743847200000,4,1.8251145538125897,0.023368255838131048,9.20605914312004,1.8251145538125897,4.0,1.0,,,0.0,,,0.0,,,0.0,,,0.0,1.950394940485067,-0.12528038667247723,4.0,4.0,5000.0,5121.0,2.0945200544335503,0.5,9.431012483318324e-05,3.0965369967899253e+23,111.7733486546816,10,2025-04-05 00:00:00+00:00,0,-23.79513888888889
1743850800000,4,4.072197249610798,0.0417251426234598,15.342272802288754,4.270805731928343,3.0,0.75,3.476371802658162,1.0,0.25,,,0.0,,,0.0,,,0.0,3.7661134602568143,0.5046922716715289,3.0,3.0,8447.0,3043.0,2.552786660192798,0.3333333333333333,0.0001725545675587225,3.360243470593566e+23,76.2551072794171,11,2025-04-05 00:00:00+00:00,0,-23.75347222222222
1743861600000,2,2.8695442510018534,0.013573374981363715,5.073301675557985,1.245802863797962,1.0,0.5,4.493285638205745,1.0,0.5,,,0.0,,,0.0,,,0.0,1.5814669288566559,-0.33566406505869395,1.0,1.0,1280.0,1280.0,1.131370849898476,1.0,6.726628627015416e-05,2.8725942498356586e+23,38.27390425053729,14,2025-04-05 00:00:00+00:00,0,-23.62847222222222
1743865200000,1,1.5864136165072646,0.003512609651700218,1.3659491450888614,1.5864136165072646,1.0,1.0,,,0.0,,,0.0,,,0.0,,,0.0,7.098555680069029,-5.512142063561765,1.0,1.0,826.0,826.0,0.908845421400141,1.0,0.0003135953402050176,2.7619400047691776e+23,180.35529554923602,15,2025-04-05 00:00:00+00:00,0,-23.586805555555557
1743919200000,1,1.2834794064192852,0.004507565820613595,1.8264540855939313,,,0.0,1.2834794064192852,1.0,1.0,,,0.0,,,0.0,,,0.0,,,,,,,,,6.479338864583814e-05,2.163160310794723e+23,31.5261953392841,6,2025-04-06 00:00:00+00:00,0,-22.961805555555557
1743933600000,1,2.249720620414752,0.003755206200658705,1.4375083571060472,,,0.0,,,0.0,2.249720620414752,1.0,1.0,,,0.0,,,0.0,,,,,,,,,8.521471478365329e-05,2.323049128040546e+23,9.811062546941177,10,2025-04-06 00:00:00+00:00,0,-22.79513888888889
1743948000000,4,2.7248057743401106,0.013523915633342303,5.138747322423535,2.24320716128122,3.0,0.75,4.1696016135167815,1.0,0.25,,,0.0,,,0.0,,,0.0,2.336629462067681,-0.09342230078646097,3.0,3.0,4721.666666666667,1591.0,1.9292878273914897,0.6666666666666666,0.00013684035963909254,1.5941619902509885e+23,26.585280925651663,14,2025-04-06 00:00:00+00:00,0,-22.62847222222222
1743951600000,1,3.007684495315876,0.004479714779845851,1.716284495547782,3.007684495315876,1.0,1.0,,,0.0,,,0.0,,,0.0,,,0.0,3.007684495315876,0.0,1.0,1.0,8867.0,8867.0,2.9777508290654544,0.0,8.519476180215754e-05,1.694172862708002e+23,44.586092821404485,15,2025-04-06 00:00:00+00:00,0,-22.586805555555557
1743955200000,1,3.091866042694313,0.004532944284269108,1.728525914604313,3.091866042694313,1.0,1.0,,,0.0,,,0.0,,,0.0,,,0.0,4.131226056449132,-1.0393600137548193,1.0,1.0,2190.0,2190.0,1.4798648586948742,1.0,3.155536675282154e-05,1.7840149824609117e+23,2.4260074986494513,16,2025-04-06 00:00:00+00:00,0,-22.54513888888889
1743958800000,1,4.28268127076583,0.007391080946015996,2.79648680697509,4.28268127076583,1.0,1.0,,,0.0,,,0.0,,,0.0,,,0.0,0.0013005693450191327,4.281380701420812,1.0,1.0,1303.0,1303.0,1.1414902540100813,1.0,0.00022048366161146052,1.7884986859819216e+23,29.210894581097058,17,2025-04-06 00:00:00+00:00,0,-22.50347222222222
1743962400000,4,4.204758978985112,0.02806244200267828,10.566662436290835,4.297442269388129,3.0,0.75,3.9267091077760603,1.0,0.25,,,0.0,,,0.0,,,0.0,7.081283008698058,-2.7838407393099285,3.0,3.0,4844.0,3538.0,2.0851272555655416,0.3333333333333333,0.0001834617156538308,1.7802227792231194e+23,128.21928680649873,18,2025-04-06 00:00:00+00:00,0,-22.461805555555557
1743966000000,2,1.5562510873945663,0.008448002284875442,3.4416440308292398,1.150573754839534,1.0,0.5,1.9619284199495985,1.0,0.5,,,0.0,,,0.0,,,0.0,5.6623054191779145,-4.511731664338381,1.0,1.0,2646.0,2646.0,1.626653005407115,1.0,0.00019508059570881863,1.7828707342591924e+23,16.11268455322866,19,2025-04-06 00:00:00+00:00,0,-22.42013888888889
1743969600000,4,5.799897916281571,0.04099856836519912,13.450733846856803,1.9339630480984003,3.0,0.75,17.397702520831082,1.0,0.25,,,0.0,,,0.0,,,0.0,1.9629827298745177,-0.029019681776117395,3.0,3.0,1507.6666666666667,1381.0,1.2167411800897396,1.0,0.00018687413651586812,1.8176683376211896e+23,69.12104221453411,20,2025-04-06 00:00:00+00:00,0,-22.37847222222222
1743973200000,1,1.4015672762152316,0.007008847173931123,2.9307425176603417,1.4015672762152316,1.0,1.0,,,0.0,,,0.0,,,0.0,,,0.0,21.747385476237913,-20.34581820002268,1.0,1.0,2276.0,2276.0,1.5086417732516888,1.0,0.00016729615252358132,2.3595641566530426e+23,67.48853038809433,21,2025-04-06 00:00:00+00:00,0,-22.336805555555557
1743976800000,3,1.7403150055900423,0.017621761419182657,7.0035028529926535,1.2241043267447123,2.0,0.6666666666666666,,,0.0,2.772736363280703,1.0,0.3333333333333333,,,0.0,,,0.0,3.5602248449567937,-2.3361205182120814,2.0,2.0,7283.5,7283.5,2.680662280556902,0.0,0.00015492597039066977,2.591961319178276e+23,56.62307556153117,22,2025-04-06 00:00:00+00:00,0,-22.29513888888889
1743980400000,4,1.8216431180720578,0.01674797793054918,6.5495194303829845,2.9415279784223087,1.0,0.25,1.3081697619632622,2.0,0.5,1.7287049699393982,1.0,0.25,,,0.0,,,0.0,0.21374190576408605,2.7277860726582226,1.0,1.0,10076.0,10076.0,3.1742715699826314,0.0,0.00015595149623459526,2.388018166986905e+23,68.72151285502657,23,2025-04-06 00:00:00+00:00,0,-22.25347222222222
1743984000000,8,2.004620874405138,0.03991799449673948,15.63781400928494,1.8244763931703893,6.0,0.75,,,0.0,2.545054318109385,2.0,0.25,,,0.0,,,0.0,3.6809924708493935,-1.8565160776790044,6.0,6.0,5816.5,1606.5,1.9943998630867805,0.6666666666666666,0.00017244101353169146,2.578802001729857e+23,96.01116715110165,0,2025-04-07 00:00:00+00:00,0,-22.211805555555557
1743987600000,7,2.0891406595696878,0.03505735059443677,13.449594177211146,1.9604467959581036,5.0,0.7142857142857143,2.410875318598648,2.0,0.2857142857142857,,,0.0,,,0.0,,,0.0,3.1820423041385655,-1.221595508180462,5.0,5.0,4187.8,2869.0,1.8750209507848954,0.6,0.00017657386500139751,2.7050600821385225e+23,127.26073743674927,1,2025-04-07 00:00:00+00:00,0,-22.17013888888889
1743991200000,6,2.138303145089285,0.03411975760711099,13.22648222969504,2.436391467523968,5.0,0.8333333333333334,,,0.0,0.6478615329158716,1.0,0.16666666666666666,,,0.0,,,0.0,2.294274898018055,0.14211656950591225,5.0,5.0,4694.6,4803.0,2.1388203516118294,0.2,0.00015553000652141603,2.7527868524263355e+23,57.962266648890484,2,2025-04-07 00:00:00+00:00,0,-22.12847222222222
1743994800000,4,1.3628471865093301,0.02210650598857026,8.884771734451716,1.5683205794303707,2.0,0.5,1.1573737935882895,2.0,0.5,,,0.0,,,0.0,,,0.0,4.199130959262075,-2.630810379831705,2.0,2.0,1402.0,1402.0,1.1121215461966756,1.0,0.00016860511437182977,2.999150450663381e+23,90.23862195248047,3,2025-04-07 00:00:00+00:00,0,-22.086805555555557
1743998400000,3,1.3981291235434081,0.013079258559290105,5.162094286692946,1.3981291235434081,3.0,1.0,,,0.0,,,0.0,,,0.0,,,0.0,1.513324250855655,-0.11519512731224706,3.0,3.0,10491.666666666666,3253.0,2.703153538700958,0.3333333333333333,0.00016963593359143803,3.0434740157123284e+23,103.6933702843146,4,2025-04-07 00:00:00+00:00,0,-22.04513888888889
1744005600000,10,3.599315162237904,0.10104961460921093,36.84634518911092,1.8685207648118591,8.0,0.8,11.904533597568179,1.0,0.1,9.140451906315983,1.0,0.1,,,0.0,,,0.0,3.7548202583122463,-1.8862994935003872,8.0,8.0,2716.75,1940.5,1.4358402892578075,0.75,0.0002787033507802947,2.7514288404127043e+23,257.10719454914073,6,2025-04-07 00:00:00+00:00,0,-21.961805555555557
1744009200000,12,2.003346570876977,0.11096845711449764,48.871858767193416,1.8541381442368512,11.0,0.9166666666666666,,,0.0,3.6446392639183585,1.0,0.08333333333333333,,,0.0,,,0.0,3.8969176601375466,-2.0427795159006954,11.0,11.0,2175.909090909091,1638.0,1.3648573981209522,0.7272727272727273,0.00021862360012342034,2.9570240024952615e+23,424.80136347100546,7,2025-04-07 00:00:00+00:00,0,-21.92013888888889
1744012800000,5,3.4982664466451032,0.04657349572495899,17.3799089335725,3.4982664466451032,5.0,1.0,,,0.0,,,0.0,,,0.0,,,0.0,10.199147302508837,-6.700880855863734,5.0,5.0,2660.8,2620.0,1.5593994392277613,0.8,0.00015488740464862478,3.009729802800653e+23,180.38455209653668,8,2025-04-07 00:00:00+00:00,0,-21.87847222222222
1744016400000,9,2.452451971815561,0.05933500287959099,23.007475376043665,2.5506833887327143,6.0,0.6666666666666666,2.2559891379812544,3.0,0.3333333333333333,,,0.0,,,0.0,,,0.0,1.742896674161927,0.807786714570787,6.0,6.0,3337.6666666666665,2892.0,1.707064312170421,0.6666666666666666,0.00011392590209108295,2.8486238271485606e+23,122.10390234103257,9,2025-04-07 00:00:00+00:00,0,-21.836805555555557
1744020000000,1,2.1749404761201236,0.005234026630361938,2.0150723057718944,2.1749404761201236,1.0,1.0,,,0.0,,,0.0,,,0.0,,,0.0,2.9988442398648725,-0.8239037637447488,1.0,1.0,2568.0,2568.0,1.6024980499208104,1.0,0.00016813534721693145,3.251479206686232e+23,48.777287079790256,10,2025-04-07 00:00:00+00:00,0,-21.79513888888889
1744027200000,2,1.0634119971303586,0.008083965694232536,3.237453371326684,0.7668884007800075,1.0,0.5,,,0.0,1.3599355934807096,1.0,0.5,,,0.0,,,0.0,5.562494021109109,-4.795605620329102,1.0,1.0,16422.0,16422.0,4.052406692324945,0.0,0.00015198950523178737,3.2054793934692486e+23,52.73466736525514,12,2025-04-07 00:00:00+00:00,0,-21.711805555555557
1744030800000,3,5.210996517891313,0.04379898474848304,16.310930488844576,5.210996517891313,3.0,1.0,,,0.0,,,0.0,,,0.0,,,0.0,3.0975875376202975,2.1134089802710143,3.0,3.0,1309.6666666666667,1427.0,1.041950595021925,1.0,0.00027606229896023817,3.076692411426471e+23,165.03417867890582,13,2025-04-07 00:00:00+00:00,0,-21.67013888888889
1744034400000,7,3.9590030532733365,0.08804147117528079,33.03251188395684,1.8663588994481426,3.0,0.42857142857142855,6.0699038675924895,3.0,0.42857142857142855,3.9042330717914626,1.0,0.14285714285714285,,,0.0,,,0.0,4.243997344310379,-2.3776384448622365,3.0,3.0,1809.0,1891.0,1.2754432798738227,0.6666666666666666,0.00030773067780240685,2.8742434145451747e+23,279.18782963368056,14,2025-04-07 00:00:00+00:00,0,-21.62847222222222
1744038000000,2,1.8181107516302082,0.00946447062319334,3.6776771359788656,1.9982857229000834,1.0,0.5,1.637935780360333,1.0,0.5,,,0.0,,,0.0,,,0.0,0.019265665224831897,1.9790200576752515,1.0,1.0,1680.0,1680.0,1.296148139681572,1.0,0.0001018700918658805,3.217940350548966e+23,96.88364345613932,15,2025-04-07 00:00:00+00:00,0,-21.586805555555557
1744045200000,4,1.3164752609446047,0.02223850666773534,8.85769507974327,1.3164752609446047,4.0,1.0,,,0.0,,,0.0,,,0.0,,,0.0,2.1541661341775926,-0.8376908732329877,4.0,4.0,2878.5,2713.0,1.6344033590095215,0.5,0.00010571101098041049,3.1575465496265165e+23,134.65716219041815,17,2025-04-07 00:00:00+00:00,0,-21.50347222222222
1744048800000,2,2.5990979028728485,0.016018003945631038,6.243418721261936,2.6203297686827827,1.0,0.5,2.5778660370629143,1.0,0.5,,,0.0,,,0.0,,,0.0,0.2678300973596665,2.352499671323116,1.0,1.0,20432.0,20432.0,4.5201769876853275,0.0,9.795823408754191e-05,3.097872533756805e+23,40.204219861557064,18,2025-04-07 00:00:00+00:00,0,-21.461805555555557
1744052400000,2,2.2288173432744247,0.013268427931674969,5.12379236059927,2.2288173432744247,2.0,1.0,,,0.0,,,0.0,,,0.0,,,0.0,0.7825126532329469,1.4463046900414778,2.0,2.0,33868.0,33868.0,5.370091485245346,0.0,0.00012021750412089698,3.382112286671532e+23,112.14246333695633,19,2025-04-07 00:00:00+00:00,0,-21.42013888888889
1744059600000,1,0.8125612661830312,0.0019521842333667008,0.7710163794127772,,,0.0,,,0.0,0.8125612661830312,1.0,1.0,,,0.0,,,0.0,,,,,,,,,0.0001682733997113848,3.000965292906432e+23,59.963704046505654,21,2025-04-07 00:00:00+00:00,0,-21.336805555555557
1744063200000,6,2.8682744636271624,0.04254837035158708,16.168380060287415,2.8682744636271624,6.0,1.0,,,0.0,,,0.0,,,0.0,,,0.0,2.9408849019791012,-0.07261043835193874,6.0,6.0,8863.833333333334,7099.5,2.57669394871609,0.3333333333333333,0.00011031844583790924,3.005863513747324e+23,100.09719606979255,22,2025-04-07 00:00:00+00:00,0,-21.29513888888889
1744066800000,1,0.10790254749428688,0.0057465187232357984,2.4302776187326742,0.10790254749428688,1.0,1.0,,,0.0,,,0.0,,,0.0,,,0.0,5.963689873748645,-5.855787326254358,1.0,1.0,2993.0,2993.0,1.7300289014926888,1.0,0.00010229146975665832,2.9779962935772946e+23,165.6511270700639,23,2025-04-07 00:00:00+00:00,0,-21.25347222222222
1744070400000,1,2.0644827512056536,0.005374866351625497,2.080424578889222,2.0644827512056536,1.0,1.0,,,0.0,,,0.0,,,0.0,,,0.0,0.2707570515975361,1.7937256996081175,1.0,1.0,877.0,877.0,0.9364827814754524,1.0,8.252994465006726e-05,3.0157382176894434e+23,50.991813405257275,0,2025-04-08 00:00:00+00:00,0,-21.211805555555557
1744074000000,2,3.4708141663442262,0.015700599993991062,5.781654902052701,3.4708141663442262,2.0,1.0,,,0.0,,,0.0,,,0.0,,,0.0,2.656208288722727,0.8146058776214993,2.0,2.0,4706.0,4706.0,1.8510015874138537,0.5,0.00018544386630521626,2.9857621150776753e+23,164.33247562287764,1,2025-04-08 00:00:00+00:00,0,-21.17013888888889
1744077600000,10,2.199868909682178,0.05749447400053877,22.021192681177755,2.1857983704723885,9.0,0.9,2.3265037625702862,1.0,0.1,,,0.0,,,0.0,,,0.0,1.7531663910537516,0.4326319794186369,9.0,9.0,7064.333333333333,6763.0,2.37595817916743,0.4444444444444444,0.00015231545862791476,2.9503965159604453e+23,90.65474693986503,2,2025-04-08 00:00:00+00:00,0,-21.12847222222222
1744081200000,3,3.220672584538715,0.025304959281104746,9.264570911369487,4.0698196837679825,2.0,0.6666666666666666,1.5223783860801805,1.0,0.3333333333333333,,,0.0,,,0.0,,,0.0,1.7268868495407204,2.3429328342272626,2.0,2.0,5184.0,5184.0,2.2163461948767265,0.5,9.857472584082213e-05,2.9716331349493903e+23,53.92309606924038,3,2025-04-08 00:00:00+00:00,0,-21.086805555555557
1744084800000,6,2.028913690273307,0.04517537951929827,17.79660795464299,2.1411037744939683,5.0,0.8333333333333334,1.4679632691700024,1.0,0.16666666666666666,,,0.0,,,0.0,,,0.0,11.248485596719336,-9.107381822225367,5.0,5.0,3100.2,1881.0,1.6767040738032748,0.8,0.00010527942137993845,2.9584005982287493e+23,77.3870068177425,4,2025-04-08 00:00:00+00:00,0,-21.04513888888889
1744088400000,4,3.1972226034343794,0.04525723592258705,16.773125864393247,3.966618699914163,3.0,0.75,0.8890343139950291,1.0,0.25,,,0.0,,,0.0,,,0.0,2.421578886872947,1.545039813041216,3.0,3.0,2434.0,2968.0,1.531991833333744,0.6666666666666666,0.00022338387644498453,2.9560661904201476e+23,82.09321804051895,5,2025-04-08 00:00:00+00:00,0,-21.00347222222222
1744092000000,2,1.5905442552405442,0.009119390815287044,3.5809592607436125,1.5905442552405442,2.0,1.0,,,0.0,,,0.0,,,0.0,,,0.0,6.09812870577322,-4.507584450532676,2.0,2.0,12342.5,12342.5,3.2040285100291506,0.0,9.77997297630589e-05,3.2332996806085965e+23,23.993173269051017,6,2025-04-08 00:00:00+00:00,0,-20.961805555555557
1744095600000,1,0.714363483317903,0.0038063184568322664,1.5301242151442227,0.714363483317903,1.0,1.0,,,0.0,,,0.0,,,0.0,,,0.0,2.3308058485799417,-1.6164423652620385,1.0,1.0,1869.0,1869.0,1.3671137480107498,1.0,0.00010330136188678113,3.549712409232667e+23,71.24651810726273,7,2025-04-08 00:00:00+00:00,0,-20.92013888888889
1744102800000,36,7.939609470910075,0.9509087595371702,350.5910553458545,4.9470185601029275,24.0,0.6666666666666666,15.174251050546605,11.0,0.3055555555555556,0.18073395427977648,1.0,0.027777777777777776,,,0.0,,,0.0,3.7528380596835382,1.1941805004193895,24.0,24.0,2363.7916666666665,2169.5,1.4282768961368781,0.75,0.0009919718293823706,2.9727200512625365e+23,2536.203163318821,9,2025-04-08 00:00:00+00:00,0,-20.836805555555557
1744110000000,10,3.4594470210980384,0.10836914069130768,41.945519449818846,3.5045605770876946,8.0,0.8,3.278992797139412,2.0,0.2,,,0.0,,,0.0,,,0.0,4.939622031182333,-1.4350614540946383,8.0,8.0,2790.25,2554.5,1.6014849286142396,0.625,0.00033479933354019816,2.9132319218173262e+23,322.7106772789136,11,2025-04-08 00:00:00+00:00,0,-20.75347222222222
1744113600000,10,3.150693447787533,0.08403177504678729,31.729927226624135,3.105438197239355,6.0,0.6,3.2185763236098004,4.0,0.4,,,0.0,,,0.0,,,0.0,2.4406387372679483,0.6647994599714065,6.0,6.0,4895.833333333333,1912.0,1.8410269576629064,0.6666666666666666,0.0002777423096120675,2.9049822181346742e+23,505.229928509826,12,2025-04-08 00:00:00+00:00,0,-20.711805555555557
1744117200000,7,9.71518036450056,0.2923194948985485,80.37538500260533,9.824643902524967,6.0,0.8571428571428571,,,0.0,9.058399136354112,1.0,0.14285714285714285,,,0.0,,,0.0,2.6305535828054905,7.194090319719478,6.0,6.0,4582.5,3183.5,2.0085966329404332,0.5,0.0001664491302170366,2.975197216270194e+23,304.7472073665183,13,2025-04-08 00:00:00+00:00,0,-20.67013888888889
1744120800000,2,1.9629256579773098,0.012535833282503926,4.893489407602955,1.9629256579773098,2.0,1.0,,,0.0,,,0.0,,,0.0,,,0.0,0.9887957857396485,0.9741298722376612,2.0,2.0,11107.0,11107.0,2.9045776421083334,0.5,0.00012723935964566266,3.412351925650988e+23,132.47964205215237,14,2025-04-08 00:00:00+00:00,0,-20.62847222222222
1744124400000,7,1.279428354532325,0.02831882838664651,11.176832532429358,1.047282926200121,4.0,0.5714285714285714,1.5889555923085972,3.0,0.42857142857142855,,,0.0,,,0.0,,,0.0,0.9577198751267941,0.08956305107332696,4.0,4.0,3219.25,2203.0,1.6441260827657058,0.75,0.00014996930071615208,3.1006077124873526e+23,112.52454885084153,15,2025-04-08 00:00:00+00:00,0,-20.586805555555557
1744128000000,1,7.881153209223245,0.01969749635427761,6.872850870932043,,,0.0,7.881153209223245,1.0,1.0,,,0.0,,,0.0,,,0.0,,,,,,,,,0.0001542955262723396,2.96662755856156e+23,192.8186472129089,16,2025-04-08 00:00:00+00:00,0,-20.54513888888889
1744131600000,7,2.5366616497399854,0.045837820978461175,17.523757538405803,2.203645650936691,2.0,0.2857142857142857,1.8676444403170838,3.0,0.42857142857142855,3.8732034626776315,2.0,0.2857142857142857,,,0.0,,,0.0,2.11281804201715,0.09082760891954123,2.0,2.0,3592.5,3592.5,1.7473249231242929,0.5,0.00019136936431020772,2.8039871077255884e+23,174.40442355051448,17,2025-04-08 00:00:00+00:00,0,-20.50347222222222
1744135200000,5,2.4226072340273404,0.027147589460116042,10.314436567064948,2.4939765663631537,4.0,0.8,2.137129904684087,1.0,0.2,,,0.0,,,0.0,,,0.0,1.7260902550192632,0.7678863113438904,4.0,4.0,4351.75,4817.0,2.010257432097731,0.25,0.00016660851150546613,2.8073452948400483e+23,53.11332241501899,18,2025-04-08 00:00:00+00:00,0,-20.461805555555557
1744138800000,4,1.752465876515585,0.019583687378522986,7.561709102452099,2.0369769106896616,3.0,0.75,0.8989327739933545,1.0,0.25,,,0.0,,,0.0,,,0.0,2.4547477172045373,-0.41777080651487575,3.0,3.0,6186.333333333333,6326.0,2.3837567956356307,0.3333333333333333,0.00012111323200300024,2.8466461092233134e+23,43.7685880397998,19,2025-04-08 00:00:00+00:00,0,-20.42013888888889
1744146000000,3,2.9874039163911323,0.02321092426519912,8.895632094213074,1.6626009701587114,1.0,0.3333333333333333,2.503581464258797,1.0,0.3333333333333333,4.796029314755889,1.0,0.3333333333333333,,,0.0,,,0.0,1.8413666521627454,-0.17876568200403398,1.0,1.0,19191.0,19191.0,4.380753359868597,0.0,0.00011555015185698103,2.6811567841390162e+23,82.46360055340196,21,2025-04-08 00:00:00+00:00,0,-20.336805555555557
1744149600000,3,1.4237960413660204,0.013328700445423017,5.295043918562486,1.2085515325360947,2.0,0.6666666666666666,1.8542850590258726,1.0,0.3333333333333333,,,0.0,,,0.0,,,0.0,0.13296516223673063,1.075586370299364,2.0,2.0,23099.5,23099.5,4.72915631124081,0.0,9.582773490599498e-05,2.7051806100691445e+23,55.52371119209248,22,2025-04-08 00:00:00+00:00,0,-20.29513888888889
1744153200000,2,2.4251098679001433,0.010436663922848444,4.0061961508476385,2.7209826576396696,1.0,0.5,2.129237078160617,1.0,0.5,,,0.0,,,0.0,,,0.0,4.343810813430292,-1.6228281557906228,1.0,1.0,32517.0,32517.0,5.702367929202745,0.0,0.00011484359608785285,2.684714559522856e+23,28.762921724230296,23,2025-04-08 00:00:00+00:00,0,-20.25347222222222
1744156800000,4,2.3370323693292168,0.025475619474410124,9.795647778341541,2.3370323693292168,4.0,1.0,,,0.0,,,0.0,,,0.0,,,0.0,4.419604260554343,-2.0825718912251268,4.0,4.0,1636.75,1658.5,1.2349488844558456,1.0,0.00016273235387066507,2.7057810717989914e+23,77.48099657471339,0,2025-04-09 00:00:00+00:00,0,-20.211805555555557
1744160400000,6,2.134041506620687,0.040714362128309534,15.966562688593843,2.1269276870802485,5.0,0.8333333333333334,2.1696106043228798,1.0,0.16666666666666666,,,0.0,,,0.0,,,0.0,3.0816528143326134,-0.9547251272523649,5.0,5.0,2549.6,1946.0,1.3958687302217943,0.8,0.00019576428085856703,2.6802302264038804e+23,98.61982652022408,1,2025-04-09 00:00:00+00:00,0,-20.17013888888889
1744164000000,7,2.575593806794688,0.06904075845933136,25.282610611908584,2.9434507299168113,6.0,0.8571428571428571,0.3684522680619468,1.0,0.14285714285714285,,,0.0,,,0.0,,,0.0,0.9297076631091282,2.013743066807683,6.0,6.0,1285.3333333333333,1093.5,1.015125276000694,0.8333333333333334,0.0001740522909305859,3.1932498593268504e+23,191.76999866805602,2,2025-04-09 00:00:00+00:00,0,-20.12847222222222
1744167600000,13,2.1305038407748236,0.08623080898228284,33.39217933188286,2.4250163220565324,7.0,0.5384615384615384,2.1172834415529524,5.0,0.38461538461538464,0.13501846791221742,1.0,0.07692307692307693,,,0.0,,,0.0,2.188389829091917,0.23662649296461527,7.0,7.0,4827.428571428572,4812.0,2.035604977744287,0.42857142857142855,0.00021198078396054466,3.282581667987351e+23,281.72219369421083,3,2025-04-09 00:00:00+00:00,0,-20.086805555555557
1744171200000,18,1.9810143569031924,0.14405672626352392,56.9407519786063,1.435206069612592,11.0,0.6111111111111112,2.7826350601874843,6.0,0.3333333333333333,3.175181297394047,1.0,0.05555555555555555,,,0.0,,,0.0,2.150079410082981,-0.714873340470389,11.0,11.0,5510.636363636364,2108.0,1.8369303568066755,0.7272727272727273,0.00021933363729910883,3.34121124774014e+23,315.7855074064396,4,2025-04-09 00:00:00+00:00,0,-20.04513888888889
1744174800000,8,3.6006844115718746,0.09653308248407798,37.43494633667383,3.264511284842863,2.0,0.25,4.232879793039901,5.0,0.625,1.1120537576897678,1.0,0.125,,,0.0,,,0.0,3.718379665734205,-0.4538683808913424,2.0,2.0,3664.0,3664.0,1.700462418683183,0.5,0.0002457513573754292,3.185062513663329e+23,261.46008298296255,5,2025-04-09 00:00:00+00:00,0,-20.00347222222222
1744178400000,12,2.8596498236623646,0.1099743410180476,42.67671224813241,2.977992273170437,10.0,0.8333333333333334,2.267937576122003,2.0,0.16666666666666666,,,0.0,,,0.0,,,0.0,2.256402799678225,0.7215894734922123,10.0,10.0,1899.4,2015.0,1.3052432234162707,0.9,0.00015554895765029124,2.9443560378527444e+23,132.70739059442315,6,2025-04-09 00:00:00+00:00,0,-19.961805555555557
1744182000000,15,2.9373049705754863,0.11423260605671512,43.403816951381096,2.9644828584166834,10.0,0.6666666666666666,2.8829491948930914,5.0,0.3333333333333333,,,0.0,,,0.0,,,0.0,3.4802757672387714,-0.5157929088220881,10.0,10.0,7312.0,5709.5,2.4780363092348026,0.4,0.00018614331916425755,2.897825536778641e+23,182.47813150100995,7,2025-04-09 00:00:00+00:00,0,-19.92013888888889
1744185600000,4,2.1354238382295883,0.022706073962631135,8.69632054036864,2.1354238382295883,4.0,1.0,,,0.0,,,0.0,,,0.0,,,0.0,3.0764205099684467,-0.9409966717388584,4.0,4.0,3161.5,2499.0,1.5592055905914322,0.5,0.00013740546489494438,2.7355840020355815e+23,49.89706311413589,8,2025-04-09 00:00:00+00:00,0,-19.87847222222222
1744189200000,4,3.4469450960106442,0.030815229222361684,11.498316939049102,3.2554099650511583,2.0,0.5,2.1219477972561847,1.0,0.25,5.155012656684076,1.0,0.25,,,0.0,,,0.0,4.064613822167295,-0.8092038571161364,2.0,2.0,3849.5,3849.5,1.8170899044948146,0.5,0.00015626149686819783,2.736723524061743e+23,128.73734102596447,9,2025-04-09 00:00:00+00:00,0,-19.836805555555557
1744192800000,8,3.5037078564531745,0.07009863025135013,26.330230932293176,3.219806618132725,6.0,0.75,4.355411571414524,2.0,0.25,,,0.0,,,0.0,,,0.0,4.086380391508311,-0.8665737733755859,6.0,6.0,2790.0,2760.0,1.6283105685012966,0.6666666666666666,0.00018361517954106443,2.7881278240016668e+23,147.3037779417424,10,2025-04-09 00:00:00+00:00,0,-19.79513888888889
1744196400000,3,3.152379480771057,0.023622160845664347,8.961174051851538,3.152379480771057,3.0,1.0,,,0.0,,,0.0,,,0.0,,,0.0,2.47240503280864,0.6799744479624171,3.0,3.0,2116.0,2342.0,1.4501655358411165,1.0,0.00020265092319388448,2.9145643849407402e+23,100.22807934353355,11,2025-04-09 00:00:00+00:00,0,-19.75347222222222
1744200000000,17,2.336616325563226,0.12421901458242922,48.3553224349579,2.3396261208346254,10.0,0.5882352941176471,2.1156265732326314,5.0,0.29411764705882354,2.8740417300327166,2.0,0.11764705882352941,,,0.0,,,0.0,4.274332239529687,-1.9347061186950618,10.0,10.0,1891.7,2271.5,1.3456802774815935,1.0,0.00021425917249892664,3.0293447772138033e+23,288.2434119064159,12,2025-04-09 00:00:00+00:00,0,-19.711805555555557
1744203600000,7,3.647446495401819,0.09399387977293823,35.871913750091075,4.462478685507998,5.0,0.7142857142857143,1.6098660201363741,2.0,0.2857142857142857,,,0.0,,,0.0,,,0.0,3.843286932527467,0.6191917529805303,5.0,5.0,1228.8,1138.0,1.0865427815238926,1.0,0.00022935169632095644,3.4504219382657455e+23,222.6806867109916,13,2025-04-09 00:00:00+00:00,0,-19.67013888888889
1744207200000,11,5.649316299201544,0.2030847133369354,68.86282786334885,6.578790877867048,7.0,0.6363636363636364,4.022735786536912,4.0,0.36363636363636365,,,0.0,,,0.0,,,0.0,2.3912878372314523,4.187503040635596,7.0,7.0,2056.714285714286,2380.0,1.3956366399027273,0.8571428571428571,0.0002653837107974409,2.9052771459673162e+23,308.39262241807285,14,2025-04-09 00:00:00+00:00,0,-19.62847222222222
1744210800000,3,1.6118365303436015,0.021966257196176425,8.837240511488499,1.6118365303436015,3.0,1.0,,,0.0,,,0.0,,,0.0,,,0.0,1.9094083868289438,-0.2975718564853421,3.0,3.0,5926.333333333333,7660.0,2.344289548330466,0.3333333333333333,0.00017929139811616418,2.8572320172694812e+23,133.3628280234414,15,2025-04-09 00:00:00+00:00,0,-19.586805555555557
1744214400000,8,5.118738652259724,0.14214582619208138,45.21646714338444,6.175055345752749,6.0,0.75,1.9497885717806525,2.0,0.25,,,0.0,,,0.0,,,0.0,2.646361629348377,3.5286937164043706,6.0,6.0,4360.666666666667,2348.0,1.89716032937793,0.6666666666666666,0.00017956832788647412,2.8835587542157926e+23,174.56487567813318,16,2025-04-09 00:00:00+00:00,0,-19.54513888888889
1744218000000,18,2.8547795191011773,0.17952253631280296,70.4085936115219,2.666616907087086,15.0,0.8333333333333334,3.7955925791716356,3.0,0.16666666666666666,,,0.0,,,0.0,,,0.0,2.457820021471901,0.20879688561518486,15.0,15.0,2601.8,1513.0,1.3669929008529116,0.7333333333333333,0.0003308623736929758,2.93171985195379e+23,430.6918179497291,17,2025-04-09 00:00:00+00:00,0,-19.50347222222222
1744221600000,14,2.5003629284571125,0.12458884875167515,47.97429973288135,2.421037211526025,9.0,0.6428571428571429,2.8272205384760825,4.0,0.2857142857142857,1.9068639407610273,1.0,0.07142857142857142,,,0.0,,,0.0,2.922417590365967,-0.5013803788399428,9.0,9.0,4076.777777777778,1473.0,1.7098306367805085,0.5555555555555556,0.000296224172253657,3.464976337125833e+23,326.4052795998263,18,2025-04-09 00:00:00+00:00,0,-19.461805555555557
1744225200000,6,1.235205441256977,0.03998877251820111,16.359816532557584,1.0103255298677056,2.0,0.3333333333333333,1.347645396951613,4.0,0.6666666666666666,,,0.0,,,0.0,,,0.0,1.1823078316292253,-0.17198230176151963,2.0,2.0,1965.5,1965.5,1.377061871008181,1.0,0.0001712655408109923,3.3143696353958235e+23,366.68601718437327,19,2025-04-09 00:00:00+00:00,0,-19.42013888888889
1744228800000,5,2.206945222730371,0.03676768571325314,14.20856511782732,2.054594533582794,3.0,0.6,2.4354712564517373,2.0,0.4,,,0.0,,,0.0,,,0.0,2.746179332976961,-0.6915847993941665,3.0,3.0,9738.666666666666,9051.0,3.116488054951875,0.0,0.0001565850622096909,3.2905703938429e+23,184.31786548587993,20,2025-04-09 00:00:00+00:00,0,-19.37847222222222
1744232400000,4,1.7015782535545692,0.03057992231226559,12.073605808468283,1.9853020840334537,3.0,0.75,0.8504067621179162,1.0,0.25,,,0.0,,,0.0,,,0.0,1.2395160361128528,0.7457860479206008,3.0,3.0,3493.6666666666665,3792.0,1.8429187859437688,0.3333333333333333,0.00012164633955296588,3.376206672434843e+23,63.81169352236561,21,2025-04-09 00:00:00+00:00,0,-19.336805555555557
1744236000000,3,2.4685783429262638,0.025875200693294187,9.996016052070498,3.322701874037292,2.0,0.6666666666666666,0.7603312807042067,1.0,0.3333333333333333,,,0.0,,,0.0,,,0.0,4.523900872802099,-1.2011989987648073,2.0,2.0,4885.5,4885.5,1.839157406734528,0.5,0.0001194302274871315,3.3889623204117536e+23,84.20277160494828,22,2025-04-09 00:00:00+00:00,0,-19.29513888888889
1744239600000,6,1.6383120275801941,0.03556261410896303,13.872429581965898,1.6817357866988565,4.0,0.6666666666666666,1.5514645093428698,2.0,0.3333333333333333,,,0.0,,,0.0,,,0.0,2.0258959587366117,-0.34416017203775506,4.0,4.0,3657.75,722.0,1.4639985032093803,0.75,0.00013040152393845928,3.435210026188636e+23,87.38580491787697,23,2025-04-09 00:00:00+00:00,0,-19.25347222222222
1744243200000,2,1.4555722289616653,0.01703726403824204,6.907529424729972,,,0.0,2.6639008319801145,1.0,0.5,0.24724362594321594,1.0,0.5,,,0.0,,,0.0,,,,,,,,,0.00011211337170241917,3.425124641415539e+23,87.39931431235627,0,2025-04-10 00:00:00+00:00,0,-19.211805555555557
1744246800000,3,1.3116204200767678,0.016026380997529503,6.34288802021525,1.3116204200767678,3.0,1.0,,,0.0,,,0.0,,,0.0,,,0.0,2.327683622265045,-1.0160632021882774,3.0,3.0,9796.666666666666,12654.0,2.970910559041119,0.3333333333333333,0.00010828240738334377,3.4037005375331035e+23,41.07295059012905,1,2025-04-10 00:00:00+00:00,0,-19.17013888888889
1744254000000,1,2.2103066201578865,0.006353971062821094,2.4537323845169814,2.2103066201578865,1.0,1.0,,,0.0,,,0.0,,,0.0,,,0.0,2.735850932948391,-0.5255443127905046,1.0,1.0,5972.0,5972.0,2.4437675830569487,0.0,0.00010588654445063826,3.4611843926984755e+23,35.967542789948304,3,2025-04-10 00:00:00+00:00,0,-19.086805555555557
1744257600000,4,2.1536509405423394,0.026307666818884596,10.10729383979497,2.532837822673202,3.0,0.75,1.0160902941497514,1.0,0.25,,,0.0,,,0.0,,,0.0,3.9810100929666077,-1.4481722702934052,3.0,3.0,1731.6666666666667,1858.0,1.259772262533742,1.0,0.00011506763658828372,3.405832576074228e+23,157.04216223072686,4,2025-04-10 00:00:00+00:00,0,-19.04513888888889
1744261200000,6,2.000034111592796,0.04096897213228218,15.966684959152945,1.8239254398914269,5.0,0.8333333333333334,2.880577470099643,1.0,0.16666666666666666,,,0.0,,,0.0,,,0.0,2.169683028779978,-0.3457575888885511,5.0,5.0,7577.4,2625.0,2.2711517065766977,0.8,0.00012025790870785997,3.649694114805868e+23,100.48205850964594,5,2025-04-10 00:00:00+00:00,0,-19.00347222222222
1744264800000,3,3.9348723134149233,0.040319971002545966,15.397290028830321,3.9348723134149233,3.0,1.0,,,0.0,,,0.0,,,0.0,,,0.0,3.0560110741145947,0.878861239300329,3.0,3.0,1542.0,1774.0,1.2130304194492127,1.0,0.00020002415911273452,3.674004272594701e+23,159.33048998488508,6,2025-04-10 00:00:00+00:00,0,-18.961805555555557
1744272000000,12,6.129151238163029,0.3252993036378879,92.38291179182993,2.449932642281682,8.0,0.6666666666666666,17.540410091090514,3.0,0.25,1.3291234464313457,1.0,0.08333333333333333,,,0.0,,,0.0,3.4796795099082063,-1.0297468676265242,8.0,8.0,3849.5,3001.5,1.85082436900257,0.5,0.0005079660548692534,3.289547488629266e+23,656.6978033542738,8,2025-04-10 00:00:00+00:00,0,-18.87847222222222
1744282800000,2,1.5043251376156914,0.013200771513836963,5.282438824286935,1.5043251376156914,2.0,1.0,,,0.0,,,0.0,,,0.0,,,0.0,0.5525019543095805,0.9518231833061108,2.0,2.0,8399.5,8399.5,2.8909270840735277,0.0,9.481476388968338e-05,3.028412861581131e+23,74.21436265784057,11,2025-04-10 00:00:00+00:00,0,-18.75347222222222
1744286400000,4,4.552653120957506,0.07443199596040408,30.02392339280889,7.228164075642773,2.0,0.5,1.8771421662722383,2.0,0.5,,,0.0,,,0.0,,,0.0,2.599184916779484,4.628979158863289,2.0,2.0,3076.0,3076.0,1.5239070427564163,0.5,0.0001368703639923398,3.0045998661062573e+23,120.90502775084822,12,2025-04-10 00:00:00+00:00,0,-18.711805555555557
1744290000000,6,2.6867428384025556,0.039165484665590194,14.742432337312104,2.416792750679097,4.0,0.6666666666666666,1.6394041674578026,1.0,0.16666666666666666,4.813881860241142,1.0,0.16666666666666666,,,0.0,,,0.0,3.5385972935570105,-1.1218045428779133,4.0,4.0,3521.25,2723.5,1.706019886835412,0.5,0.0001513938245045866,2.982098822007907e+23,108.79604798861673,13,2025-04-10 00:00:00+00:00,0,-18.67013888888889
1744293600000,10,2.1263518626901896,0.06032149265693783,23.306154373719885,2.2744060171457656,7.0,0.7,2.1728021142925154,2.0,0.2,0.9970722782965064,1.0,0.1,,,0.0,,,0.0,2.277785766156581,-0.003379749010815455,7.0,7.0,7750.857142857143,5346.0,2.5303221789843215,0.42857142857142855,0.00011469818756390646,3.12064327784668e+23,164.47392502346648,14,2025-04-10 00:00:00+00:00,0,-18.62847222222222
1744297200000,4,1.5283745224414997,0.016797498644279936,6.576245388282189,1.4880891318893432,3.0,0.75,1.649230694097969,1.0,0.25,,,0.0,,,0.0,,,0.0,0.8543411366951577,0.6337479951941857,3.0,3.0,6954.666666666667,8254.0,2.4371507454463965,0.3333333333333333,0.00018323967555343833,3.156209153586265e+23,113.7782241309117,15,2025-04-10 00:00:00+00:00,0,-18.586805555555557
1744300800000,3,2.8448073827371645,0.025243264808715245,9.560576442569221,2.8448073827371645,3.0,1.0,,,0.0,,,0.0,,,0.0,,,0.0,3.60394637387927,-0.7591389911421053,3.0,3.0,1961.0,951.0,1.2545316292708146,0.6666666666666666,0.0001606881416289318,3.6042707414414417e+23,148.28892256433386,16,2025-04-10 00:00:00+00:00,0,-18.54513888888889
1744304400000,1,10.156599429034818,0.033593130322711745,11.177012479390415,,,0.0,,,0.0,10.156599429034818,1.0,1.0,,,0.0,,,0.0,,,,,,,,,0.00013554524363382654,3.8136923011151484e+23,76.71367266293635,17,2025-04-10 00:00:00+00:00,0,-18.50347222222222
1744308000000,1,1.3326804646379915,0.004828720571831896,1.901812323625618,,,0.0,1.3326804646379915,1.0,1.0,,,0.0,,,0.0,,,0.0,,,,,,,,,6.318760866968866e-05,3.8136916477230145e+23,6.357537177691847,18,2025-04-10 00:00:00+00:00,0,-18.461805555555557
1744315200000,6,1.8634509819989,0.04412332758404992,17.104357641471562,2.255274285534758,3.0,0.5,1.471627678463042,3.0,0.5,,,0.0,,,0.0,,,0.0,2.5447696857011866,-0.28949540016642855,3.0,3.0,7239.0,3107.0,2.4536575561960206,0.3333333333333333,9.359887460470228e-05,3.782752845152362e+23,138.9689273538859,20,2025-04-10 00:00:00+00:00,0,-18.37847222222222
1744318800000,3,2.4194427076523968,0.02728882810407611,10.17869986937396,3.187611868085715,2.0,0.6666666666666666,0.8831043867857596,1.0,0.3333333333333333,,,0.0,,,0.0,,,0.0,0.444900239159351,2.742711628926364,2.0,2.0,6552.5,6552.5,2.23457310821993,0.5,0.00014383418672731784,3.887879565010537e+23,111.07774576719993,21,2025-04-10 00:00:00+00:00,0,-18.336805555555557
1744322400000,2,2.2110370510192374,0.023493598134704793,9.368851121491478,2.844444135383117,1.0,0.5,1.577629966655358,1.0,0.5,,,0.0,,,0.0,,,0.0,4.406332580033111,-1.5618884446499943,1.0,1.0,1587.0,1587.0,1.2597618822618821,1.0,6.856175611405385e-05,3.945698316280638e+23,94.18165658708664,22,2025-04-10 00:00:00+00:00,0,-18.29513888888889
1744326000000,3,1.2971294430018132,0.01741424476101453,6.9202218056931954,1.3396020504713664,1.0,0.3333333333333333,1.2758931392670365,2.0,0.6666666666666666,,,0.0,,,0.0,,,0.0,1.6874369022351838,-0.34783485176381745,1.0,1.0,2615.0,2615.0,1.617096162879623,1.0,0.00011261465240535724,3.945135572177328e+23,100.10680041546885,23,2025-04-10 00:00:00+00:00,0,-18.25347222222222
1744329600000,3,2.3758329063378265,0.03247887383122309,12.639080801803685,1.5834858686686544,2.0,0.6666666666666666,3.960526981676171,1.0,0.3333333333333333,,,0.0,,,0.0,,,0.0,1.9299187400329205,-0.34643287136426615,2.0,2.0,886.5,886.5,0.9415394550361705,1.0,0.0002085561332271986,3.9487147293485316e+23,164.40113036032318,0,2025-04-11 00:00:00+00:00,0,-18.211805555555557
1744333200000,11,2.194261211407333,0.10829813337901376,42.76029921468366,2.71601753203276,8.0,0.7272727272727273,0.8029110230728604,3.0,0.2727272727272727,,,0.0,,,0.0,,,0.0,5.2490330797436355,-2.533015547710876,8.0,8.0,6655.5,2768.5,2.1905937502996053,0.5,0.00019644917297551492,3.764590787901335e+23,354.8617963866073,1,2025-04-11 00:00:00+00:00,0,-18.17013888888889
1744336800000,4,4.044474850693224,0.05039017761999352,18.839092215003635,,,0.0,4.051732233674742,2.0,0.5,4.037217467711706,2.0,0.5,,,0.0,,,0.0,,,,,,,,,0.0002439405331930727,3.268872523481611e+23,374.22616443597497,2,2025-04-11 00:00:00+00:00,0,-18.12847222222222
1744340400000,15,3.4208807769905643,0.14300437553780151,53.734192290740914,3.410585585564307,11.0,0.7333333333333333,3.785663576756196,3.0,0.2,2.4397794833824977,1.0,0.06666666666666667,,,0.0,,,0.0,2.289025346473846,1.1215602390904609,11.0,11.0,3331.7272727272725,2033.0,1.6592851487351303,0.6363636363636364,0.00034476836506915987,2.8267104323152134e+23,493.3485074567898,3,2025-04-11 00:00:00+00:00,0,-18.086805555555557
1744344000000,3,0.7867071869706989,0.016368072321636243,6.720027491737239,0.7779344185327104,2.0,0.6666666666666666,0.8042527238466762,1.0,0.3333333333333333,,,0.0,,,0.0,,,0.0,3.562772644499245,-2.784838225966535,2.0,2.0,4406.5,4406.5,2.0931565379236705,0.0,0.0003176776027617185,2.806235262861627e+23,278.7997556512505,4,2025-04-11 00:00:00+00:00,0,-18.04513888888889
1744347600000,8,2.839431499254024,0.0663617852018626,25.32731073325914,2.629501189112004,2.0,0.25,2.977288233458352,4.0,0.5,2.773648340987388,2.0,0.25,,,0.0,,,0.0,2.5434999674339926,0.0860012216780115,2.0,2.0,4071.0,4071.0,1.9529535455544973,0.5,0.0002919834901262517,2.8569880203710076e+23,375.3628193888717,5,2025-04-11 00:00:00+00:00,0,-18.00347222222222
1744351200000,8,1.679048271632116,0.04235306593904507,16.57973830710912,1.6033994844006023,5.0,0.625,1.3634511354582375,1.0,0.125,2.0259688077978395,2.0,0.25,,,0.0,,,0.0,2.2020903332339516,-0.5986908488333498,5.0,5.0,4717.0,2136.0,1.9721444055463244,0.6,0.0002987898033112736,2.95432689724149e+23,268.0401040474319,6,2025-04-11 00:00:00+00:00,0,-17.961805555555557
1744354800000,11,2.645893360128984,0.08549308891314963,32.7236860508734,2.6988880479276136,9.0,0.8181818181818182,2.3501803022280217,1.0,0.09090909090909091,2.4646542278422774,1.0,0.09090909090909091,,,0.0,,,0.0,2.3709429733946945,0.32794507453291916,9.0,9.0,2065.222222222222,1695.0,1.3411505141091462,0.7777777777777778,0.0001608923139728947,3.128280829652957e+23,140.64674134246036,7,2025-04-11 00:00:00+00:00,0,-17.92013888888889
1744358400000,4,2.508545315493293,0.03230909588222989,12.247315356604075,3.4584994648495733,1.0,0.25,2.172349068920187,1.0,0.25,2.2016663641017056,2.0,0.5,,,0.0,,,0.0,4.841830522090439,-1.383331057240866,1.0,1.0,444.0,444.0,0.6663332499583072,1.0,0.00017851612830134753,3.595550791794798e+23,174.24780241838192,8,2025-04-11 00:00:00+00:00,0,-17.87847222222222
1744362000000,11,2.577606294708421,0.09040972230838804,34.32946183568827,2.3884342475284868,8.0,0.7272727272727273,3.0820650871882456,3.0,0.2727272727272727,,,0.0,,,0.0,,,0.0,1.9944766394339393,0.39395760809454733,8.0,8.0,3197.375,2441.5,1.7183833439840728,0.625,0.00021729852845624168,3.6455882598655883e+23,171.5937057611476,9,2025-04-11 00:00:00+00:00,0,-17.836805555555557
1744365600000,8,1.7238831000940475,0.06796335749208787,26.988183559875154,1.4022763776767806,5.0,0.625,2.2598943041228257,3.0,0.375,,,0.0,,,0.0,,,0.0,1.3673921309033328,0.034884246773447834,5.0,5.0,1969.4,1860.0,1.3931610801109175,1.0,0.0001501969904503679,3.943226368356433e+23,162.56426858641657,10,2025-04-11 00:00:00+00:00,0,-17.79513888888889
1744369200000,4,4.342952141419575,0.06106796846346165,22.68583392110833,3.7822321851477483,2.0,0.5,4.94436181157134,1.0,0.25,4.862982383811464,1.0,0.25,,,0.0,,,0.0,1.2582695952112695,2.5239625899364793,2.0,2.0,2695.5,2695.5,1.637854912464152,0.5,0.00013596312509035684,3.967571711149015e+23,153.61047019510804,11,2025-04-11 00:00:00+00:00,0,-17.75347222222222
1744372800000,2,1.5080169759979163,0.013654976521506951,5.327695903402014,2.879975502076437,1.0,0.5,0.13605844991939567,1.0,0.5,,,0.0,,,0.0,,,0.0,3.73940985033796,-0.859434348261523,1.0,1.0,431.0,431.0,0.6565059024867941,1.0,0.00017901383968086786,3.952060642244303e+23,203.53818020423793,12,2025-04-11 00:00:00+00:00,0,-17.711805555555557
1744376400000,6,2.9049111896749,0.06531354057706004,25.021737349741038,2.9536740341543846,5.0,0.8333333333333334,2.661096967277476,1.0,0.16666666666666666,,,0.0,,,0.0,,,0.0,1.566819609037839,1.386854425116546,5.0,5.0,6468.2,2239.0,2.2273875413167157,0.6,0.00014972265599565697,3.96631860417604e+23,107.80095383537166,13,2025-04-11 00:00:00+00:00,0,-17.67013888888889
1744380000000,6,3.8719199885386266,0.1053279852513472,39.73361871280202,4.196355698289711,5.0,0.8333333333333334,2.2497414397832034,1.0,0.16666666666666666,,,0.0,,,0.0,,,0.0,3.9309432190711915,0.2654124792185186,5.0,5.0,3955.4,2959.0,1.904694677358986,0.6,0.00023011451991780769,3.959946169034111e+23,191.5813326298736,14,2025-04-11 00:00:00+00:00,0,-17.62847222222222
1744383600000,4,2.8671117359663425,0.04217520115388949,15.975063554258853,2.9553889195838225,2.0,0.5,2.778834552348863,2.0,0.5,,,0.0,,,0.0,,,0.0,2.0137149161298047,0.9416740034540183,2.0,2.0,4925.5,4925.5,2.1988784844387887,0.0,0.00022976522347993805,3.954436393179472e+23,282.83421955524165,15,2025-04-11 00:00:00+00:00,0,-17.586805555555557
1744387200000,7,2.9585642206490808,0.08264160232418252,31.12140676416512,3.6535621288427906,4.0,0.5714285714285714,2.298627497521765,2.0,0.2857142857142857,1.4984460341288748,1.0,0.14285714285714285,,,0.0,,,0.0,2.458713094263287,1.1948490345795038,4.0,4.0,2177.75,1747.5,1.420876484068102,0.75,0.0001832172743326788,4.0583698333681416e+23,188.75665421266714,16,2025-04-11 00:00:00+00:00,0,-17.54513888888889
1744394400000,3,4.115109874500906,0.04873421931721844,17.869813912084798,0.5757182255700316,1.0,0.3333333333333333,6.684289510736096,1.0,0.3333333333333333,5.085321887196591,1.0,0.3333333333333333,,,0.0,,,0.0,1.7671318821571798,-1.191413656587148,1.0,1.0,2559.0,2559.0,1.59968746947646,1.0,0.00013770983266348872,4.1268583034219294e+23,64.63585210496488,18,2025-04-11 00:00:00+00:00,0,-17.461805555555557
1744408800000,1,2.465710914409413,0.009042706236096286,3.4842111808409095,2.465710914409413,1.0,1.0,,,0.0,,,0.0,,,0.0,,,0.0,3.6586047653392124,-1.1928938509297993,1.0,1.0,8074.0,8074.0,2.8414784883929705,0.0,6.981990020381159e-05,4.089272803228787e+23,51.35348850341529,22,2025-04-11 00:00:00+00:00,0,-17.29513888888889
1744416000000,2,1.6851125259792705,0.011389467666677757,4.41203975495006,2.2179134051531153,1.0,0.5,,,0.0,1.1523116468054257,1.0,0.5,,,0.0,,,0.0,4.60317580328664,-2.385262398133525,1.0,1.0,19914.0,19914.0,4.462510504189318,0.0,0.0001289566744219532,4.044496322178539e+23,132.20346203461065,0,2025-04-12 00:00:00+00:00,0,-17.211805555555557
1744419600000,2,2.146434750321968,0.020561884899761185,8.200710325140781,2.4629700761275237,1.0,0.5,1.829899424516412,1.0,0.5,,,0.0,,,0.0,,,0.0,2.4629700761275237,0.0,1.0,1.0,687.0,687.0,0.8288546314040841,1.0,0.00011786531125317724,3.911199842478243e+23,38.80558976745935,1,2025-04-12 00:00:00+00:00,0,-17.17013888888889
1744423200000,5,3.7862094595068276,0.06652778732558849,23.849085729866186,5.428388421295249,2.0,0.4,2.691423484981214,3.0,0.6,,,0.0,,,0.0,,,0.0,3.4239873953262547,2.004401025968994,2.0,2.0,5032.0,5032.0,2.098684863704256,0.5,0.0001545878434950108,3.875914090907019e+23,121.26424892515575,2,2025-04-12 00:00:00+00:00,0,-17.12847222222222
1744426800000,2,2.066724220766169,0.019737061758503233,7.844634855647181,1.8253524974448871,1.0,0.5,2.308095944087451,1.0,0.5,,,0.0,,,0.0,,,0.0,1.6550019184463856,0.1703505789985016,1.0,1.0,5567.0,5567.0,2.3594490882407273,0.0,0.0001574516902626368,3.692817464028282e+23,130.90166422161315,3,2025-04-12 00:00:00+00:00,0,-17.086805555555557
1744434000000,1,1.3482968293116122,0.003697878285783238,1.4404632599773173,,,0.0,,,0.0,1.3482968293116122,1.0,1.0,,,0.0,,,0.0,,,,,,,,,9.823737708098127e-05,3.636429985662303e+23,32.634419250827825,5,2025-04-12 00:00:00+00:00,0,-17.00347222222222
1744437600000,3,1.133047738015798,0.018657973048833536,7.473818737218127,1.133047738015798,3.0,1.0,,,0.0,,,0.0,,,0.0,,,0.0,0.7365363239111148,0.39651141410468327,3.0,3.0,17983.666666666668,18965.0,3.8210775979348703,0.3333333333333333,8.215176649394645e-05,3.550340971315858e+23,51.27472926286571,6,2025-04-12 00:00:00+00:00,0,-16.961805555555557
1744441200000,3,2.070626319583013,0.02541338385734236,9.856586057622113,,,0.0,2.2532933231395265,1.0,0.3333333333333333,1.979292817804756,2.0,0.6666666666666666,,,0.0,,,0.0,,,,,,,,,0.00015956395909769996,3.7648053215790825e+23,75.39007725938683,7,2025-04-12 00:00:00+00:00,0,-16.92013888888889
1744444800000,5,2.843978223563325,0.04593389103840009,17.238629639390147,2.698450111525163,2.0,0.4,2.9409969649221,3.0,0.6,,,0.0,,,0.0,,,0.0,5.790912153619288,-3.092462042094124,2.0,2.0,2049.0,2049.0,1.431338689067114,1.0,0.00014774271719895818,3.763356231285305e+23,122.44820852040377,8,2025-04-12 00:00:00+00:00,0,-16.87847222222222
1744448400000,3,1.9712691609943114,0.022183113948097535,8.631305312648358,1.642843351418199,2.0,0.6666666666666666,2.6281207801465363,1.0,0.3333333333333333,,,0.0,,,0.0,,,0.0,1.473983183883942,0.16886016753425714,2.0,2.0,13260.0,13260.0,3.4206784728446866,0.0,0.00013742977474918175,3.757784464737032e+23,75.43280081118093,9,2025-04-12 00:00:00+00:00,0,-16.836805555555557
1744462800000,4,1.5159317252722233,0.02453315697276214,9.591115611077102,1.1103637614564412,3.0,0.75,2.7326356167195693,1.0,0.25,,,0.0,,,0.0,,,0.0,7.589435256381212,-6.479071494924771,3.0,3.0,1508.0,1369.0,1.182666612127043,1.0,0.00013790889594143607,3.941755124688051e+23,158.0700841338115,13,2025-04-12 00:00:00+00:00,0,-16.67013888888889
1744466400000,11,4.996172576537214,0.26966351529560134,101.42552884462008,4.024990847248133,8.0,0.7272727272727273,7.585990521308098,3.0,0.2727272727272727,,,0.0,,,0.0,,,0.0,2.6543401114166802,1.3706507358314526,8.0,8.0,3080.625,1781.0,1.5715566705200108,0.75,0.00026850535674173825,3.955733594936264e+23,273.6076838699701,14,2025-04-12 00:00:00+00:00,0,-16.62847222222222
1744470000000,2,4.543191826032488,0.040145430128291006,15.18203040554408,4.543191826032488,2.0,1.0,,,0.0,,,0.0,,,0.0,,,0.0,2.2519149214633933,2.291276904569095,2.0,2.0,2083.5,2083.5,1.4112514017007152,1.0,0.00019958684131847625,4.1112269998053596e+23,176.58594776680798,15,2025-04-12 00:00:00+00:00,0,-16.586805555555557
1744473600000,2,0.6967796993667892,0.00796843368013245,3.1893977242398304,0.3073155974947723,1.0,0.5,1.086243801238806,1.0,0.5,,,0.0,,,0.0,,,0.0,0.47396320729089453,-0.16664760979612225,1.0,1.0,1791.0,1791.0,1.3382824813917276,1.0,0.00016568817835902245,3.881977460593263e+23,198.60944519061033,16,2025-04-12 00:00:00+00:00,0,-16.54513888888889
1744477200000,2,0.5922944628278465,0.004262106984184337,1.6917744731923996,,,0.0,,,0.0,0.5922944628278465,2.0,1.0,,,0.0,,,0.0,,,,,,,,,0.00016254706390175823,3.925969539180659e+23,176.59471141286517,17,2025-04-12 00:00:00+00:00,0,-16.50347222222222
1744480800000,1,1.6440176369475696,0.004538556321138994,1.7621388897983774,,,0.0,1.6440176369475696,1.0,1.0,,,0.0,,,0.0,,,0.0,,,,,,,,,8.797623926608928e-05,3.885735933810222e+23,28.459364644763383,18,2025-04-12 00:00:00+00:00,0,-16.461805555555557
1744488000000,1,2.7567639069009604,0.007827488469852751,2.96699231452739,,,0.0,2.7567639069009604,1.0,1.0,,,0.0,,,0.0,,,0.0,,,,,,,,,0.00011398191107269907,3.688261803241189e+23,23.68633757723851,20,2025-04-12 00:00:00+00:00,0,-16.37847222222222
1744491600000,1,1.0575872766399814,0.004608373212618644,1.827188951128944,1.0575872766399814,1.0,1.0,,,0.0,,,0.0,,,0.0,,,0.0,1.7239271903041415,-0.6663399136641601,1.0,1.0,7114.0,7114.0,2.667208278331484,0.0,7.38680945166881e-05,3.9776233013896605e+23,21.39665410603593,21,2025-04-12 00:00:00+00:00,0,-16.336805555555557
1744502400000,3,2.784666601752642,0.025469224896418657,9.628271198088038,2.5473261159625555,2.0,0.6666666666666666,3.2593475733328154,1.0,0.3333333333333333,,,0.0,,,0.0,,,0.0,1.0092947343654175,1.538031381597138,2.0,2.0,7609.5,7609.5,2.524354978920972,0.5,0.00015879040039181938,3.9688559633800134e+23,145.2755898978946,0,2025-04-13 00:00:00+00:00,0,-16.211805555555557
1744506000000,2,0.9042464001990597,0.009215102163821104,3.674427661638881,0.9014102172372412,1.0,0.5,0.9070825831608781,1.0,0.5,,,0.0,,,0.0,,,0.0,0.7330915500642016,0.16831866717303967,1.0,1.0,1036.0,1036.0,1.0178408519999578,1.0,8.90293753486646e-05,4.095470767659988e+23,85.90123331593128,1,2025-04-13 00:00:00+00:00,0,-16.17013888888889
1744509600000,1,2.276571178688202,0.009209427273597045,3.5883572859322164,,,0.0,2.276571178688202,1.0,1.0,,,0.0,,,0.0,,,0.0,,,,,,,,,0.00013783761929323077,3.81082183498661e+23,50.433087751385955,2,2025-04-13 00:00:00+00:00,0,-16.12847222222222
1744527600000,3,2.5217651478905823,0.02337721995451154,8.970567672321854,,,0.0,2.5217651478905823,3.0,1.0,,,0.0,,,0.0,,,0.0,,,,,,,,,0.00010100331011857682,3.1605727872202054e+23,67.23871190324579,7,2025-04-13 00:00:00+00:00,0,-15.92013888888889
1744538400000,1,0.7828090594536258,0.004854470827131025,1.9590470587586872,,,0.0,0.7828090594536258,1.0,1.0,,,0.0,,,0.0,,,0.0,,,,,,,,,9.468799670333317e-05,3.610480779306015e+23,17.793070427676195,10,2025-04-13 00:00:00+00:00,0,-15.79513888888889
1744545600000,1,1.9631029342642932,0.008168403770689944,3.2116723856023364,1.9631029342642932,1.0,1.0,,,0.0,,,0.0,,,0.0,,,0.0,2.980448328231988,-1.0173453939676946,1.0,1.0,598.0,598.0,0.7733045971672482,1.0,6.604713763847501e-05,3.422928147565682e+23,20.557480800230483,12,2025-04-13 00:00:00+00:00,0,-15.711805555555555
1744552800000,1,9.77076525782774,0.023631073414053027,8.003205305710818,9.77076525782774,1.0,1.0,,,0.0,,,0.0,,,0.0,,,0.0,0.012463460665212457,9.758301797162527,1.0,1.0,5085.0,5085.0,2.254994456755936,0.0,0.00017323111518569316,3.0081321926057077e+23,145.95389497271478,14,2025-04-13 00:00:00+00:00,0,-15.628472222222221
1744556400000,1,4.8544102447872985,0.012947020609773173,4.821054066883742,4.8544102447872985,1.0,1.0,,,0.0,,,0.0,,,0.0,,,0.0,4.8544102447872985,0.0,1.0,1.0,2321.0,2321.0,1.5234828518890524,1.0,0.00012100846339570265,2.8973879288872113e+23,64.3509446524881,15,2025-04-13 00:00:00+00:00,0,-15.586805555555555
1744560000000,3,1.5252911441908132,0.015840267737211526,6.267102000089661,3.475258504262468,1.0,0.3333333333333333,0.2142581186554077,1.0,0.3333333333333333,0.8863568096545643,1.0,0.3333333333333333,,,0.0,,,0.0,4.498678765109697,-1.0234202608472294,1.0,1.0,3351.0,3351.0,1.8305736805712027,0.0,0.0001101750621618016,2.9334419498466253e+23,89.71099559090449,16,2025-04-13 00:00:00+00:00,0,-15.54513888888889
1744563600000,2,1.242757697436669,0.007824051228820792,3.0913856032330314,,,0.0,1.242757697436669,2.0,1.0,,,0.0,,,0.0,,,0.0,,,,,,,,,0.00010774092866520642,3.3139249325760435e+23,117.02645654871128,17,2025-04-13 00:00:00+00:00,0,-15.503472222222221
1744567200000,1,0.7232742465118841,0.004788182978599587,1.928833192218247,0.7232742465118841,1.0,1.0,,,0.0,,,0.0,,,0.0,,,0.0,2.257797629929303,-1.5345233834174188,1.0,1.0,24604.0,24604.0,4.960241929583677,0.0,0.00011731842456588534,4.033610621007628e+23,9.799140833488133,18,2025-04-13 00:00:00+00:00,0,-15.461805555555555
1744570800000,5,1.3212853471355142,0.02407706455988452,9.566584028216889,1.333919804258365,4.0,0.8,1.2707475186441104,1.0,0.2,,,0.0,,,0.0,,,0.0,2.615019682065144,-1.2810998778067793,4.0,4.0,2876.25,1907.5,1.601288977318605,0.75,0.00017220089539727768,3.2934631551178164e+23,145.4251792442602,19,2025-04-13 00:00:00+00:00,0,-15.42013888888889
1744574400000,1,2.192578889961849,0.006038440810251514,2.33670264724828,,,0.0,2.192578889961849,1.0,1.0,,,0.0,,,0.0,,,0.0,,,,,,,,,0.00013003679437396855,3.0141789439011102e+23,52.52800237784723,20,2025-04-13 00:00:00+00:00,0,-15.378472222222221
1744585200000,2,2.7266654009977738,0.0158741695085834,6.149899172879029,2.593125206559765,1.0,0.5,2.8602055954357826,1.0,0.5,,,0.0,,,0.0,,,0.0,4.47309908184259,-1.879973875282825,1.0,1.0,9333.0,9333.0,3.054995908344232,0.0,0.00010338090026074772,2.9383595250287963e+23,34.90850023230221,23,2025-04-13 00:00:00+00:00,0,-15.253472222222221
1744592400000,4,1.9116072290859205,0.02428869436237177,9.40885988781671,1.0856026086053734,2.0,0.5,1.984447673765732,1.0,0.25,3.4907760253672033,1.0,0.25,,,0.0,,,0.0,2.0208469148747183,-0.935244306269345,2.0,2.0,9275.5,9275.5,2.83442253607476,0.5,0.00010420391080382741,3.24141177660554e+23,96.13348180359962,1,2025-04-14 00:00:00+00:00,0,-15.17013888888889
1744596000000,10,2.762380860228086,0.09356005808901657,34.55916509084554,3.335831923074206,6.0,0.6,2.349030412140429,3.0,0.3,0.5617258274143383,1.0,0.1,,,0.0,,,0.0,3.719102727972622,-0.38327080489841653,6.0,6.0,7066.833333333333,6564.5,2.417428366686085,0.3333333333333333,0.00012720437831724535,3.631368669647818e+23,137.1658828392323,2,2025-04-14 00:00:00+00:00,0,-15.128472222222221
1744599600000,3,2.669421071384592,0.025490196110112093,9.315617755257549,6.514819478004607,1.0,0.3333333333333333,0.8475402138647053,1.0,0.3333333333333333,0.6459035222844628,1.0,0.3333333333333333,,,0.0,,,0.0,3.679598290466401,2.8352211875382056,1.0,1.0,5871.0,5871.0,2.423014651214474,0.0,0.00010910742289609774,3.590101357067157e+23,56.81117577576826,3,2025-04-14 00:00:00+00:00,0,-15.086805555555555
1744603200000,2,0.9349348880422155,0.008686251989180143,3.5016535803816065,1.3572099126396782,1.0,0.5,0.5126598634447527,1.0,0.5,,,0.0,,,0.0,,,0.0,1.3572099126396782,0.0,1.0,1.0,12379.0,12379.0,3.5183803091763686,0.0,0.00011948443074965054,2.9649990525061516e+23,73.36726219770344,4,2025-04-14 00:00:00+00:00,0,-15.04513888888889
1744610400000,2,2.2291443051297923,0.017623436367499277,6.959146010257678,4.1461929503711294,1.0,0.5,0.3120956598884556,1.0,0.5,,,0.0,,,0.0,,,0.0,7.08536500478587,-2.9391720544147404,1.0,1.0,14533.0,14533.0,3.812217202626314,0.0,6.459853034189843e-05,2.790485566178421e+23,23.2755151094486,6,2025-04-14 00:00:00+00:00,0,-14.961805555555555
1744614000000,2,6.19058256683238,0.041861654146139335,16.31814966521589,6.19058256683238,2.0,1.0,,,0.0,,,0.0,,,0.0,,,0.0,3.315500434502593,2.875082132329787,2.0,2.0,4946.0,4946.0,2.1285776334926374,0.5,6.515132689270544e-05,2.8661303068613048e+23,41.75882556909427,7,2025-04-14 00:00:00+00:00,0,-14.92013888888889
1744621200000,4,2.2715180468299785,0.025763725685987775,9.861547979289595,1.512651640758222,2.0,0.5,3.030384452901735,2.0,0.5,,,0.0,,,0.0,,,0.0,5.244632045747787,-3.7319804049895655,2.0,2.0,23756.0,23756.0,4.564510511205866,0.0,9.94600746892845e-05,3.341176021129807e+23,67.18180696778495,9,2025-04-14 00:00:00+00:00,0,-14.836805555555555
1744624800000,1,1.7331937276904514,0.005140385834396653,2.0164070113529804,1.7331937276904514,1.0,1.0,,,0.0,,,0.0,,,0.0,,,0.0,8.439854911361255,-6.706661183670803,1.0,1.0,14466.0,14466.0,3.803419514068886,0.0,0.00010563852046112439,3.181838434637464e+23,43.31231855900174,10,2025-04-14 00:00:00+00:00,0,-14.79513888888889
1744635600000,3,0.7252381297871455,0.01793700532826708,7.378637724000489,0.6632331428574552,2.0,0.6666666666666666,0.8492481036465266,1.0,0.3333333333333333,,,0.0,,,0.0,,,0.0,0.3227184769089225,0.3405146659485326,2.0,2.0,6615.5,6615.5,2.148374763038902,0.5,9.390276284941467e-05,3.508550491076383e+23,68.355750277535,13,2025-04-14 00:00:00+00:00,0,-14.67013888888889
1744639200000,2,1.1856339535454503,0.012801853046932939,5.1783664030762315,1.1856339535454503,2.0,1.0,,,0.0,,,0.0,,,0.0,,,0.0,1.2701256077491059,-0.08449165420365556,2.0,2.0,1743.5,1743.5,1.2500157613041398,1.0,0.00012679044852095917,3.4842263709691274e+23,95.01039060593368,14,2025-04-14 00:00:00+00:00,0,-14.628472222222221
1744642800000,7,2.0117302664523473,0.05252025169535496,20.28360527884765,1.124970381438128,1.0,0.14285714285714285,1.6932220497682053,5.0,0.7142857142857143,4.491031234887276,1.0,0.14285714285714285,,,0.0,,,0.0,0.01580224143262702,1.109168140005501,1.0,1.0,23319.0,23319.0,4.828975046529025,0.0,0.00013430781260305558,3.402754737144135e+23,147.17898983561443,15,2025-04-14 00:00:00+00:00,0,-14.586805555555555
1744646400000,2,2.7218678767998656,0.015412606817361677,5.852877839100936,2.375842437776798,1.0,0.5,,,0.0,3.0678933158229333,1.0,0.5,,,0.0,,,0.0,2.716414262022315,-0.3405718242455169,1.0,1.0,2870.0,2870.0,1.6941074346097416,1.0,0.00011700510221647447,3.665977881714259e+23,88.46264806684248,16,2025-04-14 00:00:00+00:00,0,-14.54513888888889
1744650000000,1,1.1471287411474402,0.00346035904113735,1.3551745715145544,,,0.0,1.1471287411474402,1.0,1.0,,,0.0,,,0.0,,,0.0,,,,,,,,,0.00015947617842096513,3.876997201631346e+23,60.354339895345305,17,2025-04-14 00:00:00+00:00,0,-14.503472222222221
1744653600000,1,1.2332954902588784,0.0044795706563021875,1.761336573483371,,,0.0,1.2332954902588784,1.0,1.0,,,0.0,,,0.0,,,0.0,,,,,,,,,6.326998478532244e-05,3.882376485703511e+23,19.100654975869592,18,2025-04-14 00:00:00+00:00,0,-14.461805555555555
1744657200000,5,2.858923137332069,0.04855215155053308,18.146612833605825,0.617849736918607,1.0,0.2,3.4191914874354348,4.0,0.8,,,0.0,,,0.0,,,0.0,0.617849736918607,0.0,1.0,1.0,16893.0,16893.0,4.110109487592758,0.0,8.115516921644593e-05,3.5097998027176275e+23,83.54972630741854,19,2025-04-14 00:00:00+00:00,0,-14.42013888888889
1744660800000,2,1.5145934402388757,0.009775517776831768,3.8345621194937083,1.7811576671839187,1.0,0.5,1.2480292132938327,1.0,0.5,,,0.0,,,0.0,,,0.0,1.7811576671839187,0.0,1.0,1.0,29928.0,29928.0,5.470648956019752,0.0,4.220005081482156e-05,3.517148559935796e+23,11.979556418839554,20,2025-04-14 00:00:00+00:00,0,-14.378472222222221
1744668000000,3,2.073403291963208,0.022919471089888448,8.980990867575885,2.3012205555189786,2.0,0.6666666666666666,1.6177687648516677,1.0,0.3333333333333333,,,0.0,,,0.0,,,0.0,0.34135779110269165,1.959862764416287,2.0,2.0,21616.0,21616.0,4.544915185761855,0.0,6.779153753224548e-05,3.42276933570842e+23,57.1230604469277,22,2025-04-14 00:00:00+00:00,0,-14.29513888888889
1744675200000,1,2.301431318095259,0.005651057950398765,2.18979150713325,2.301431318095259,1.0,1.0,,,0.0,,,0.0,,,0.0,,,0.0,2.6423841059603155,-0.34095278786505645,1.0,1.0,18512.0,18512.0,4.302557379047954,0.0,9.900935410964215e-05,2.599773914844796e+23,22.90836838464356,0,2025-04-15 00:00:00+00:00,0,-14.211805555555555
1744678800000,2,2.2833735789546057,0.011604905817457276,4.464942561638833,2.2833735789546057,2.0,1.0,,,0.0,,,0.0,,,0.0,,,0.0,1.951879413406043,0.3314941655485626,2.0,2.0,16836.0,16836.0,3.971188056264009,0.0,0.00011952649442698539,3.205362269129439e+23,76.05688081558377,1,2025-04-15 00:00:00+00:00,0,-14.17013888888889
1744689600000,1,1.4370633913668658,0.004751999761931674,1.865912365479365,,,0.0,1.4370633913668658,1.0,1.0,,,0.0,,,0.0,,,0.0,,,,,,,,,7.595251692676655e-05,3.671061127945853e+23,89.09098147658285,4,2025-04-15 00:00:00+00:00,0,-14.04513888888889
1744696800000,1,1.5384996770690047,0.007458262349183087,2.970761866844671,,,0.0,1.5384996770690047,1.0,1.0,,,0.0,,,0.0,,,0.0,,,,,,,,,5.402628015986797e-05,3.6763648916721464e+23,29.180891967271922,6,2025-04-15 00:00:00+00:00,0,-13.961805555555555
1744704000000,2,5.807012513717202,0.03906758453236334,13.919459990429754,5.807012513717202,2.0,1.0,,,0.0,,,0.0,,,0.0,,,0.0,3.1992998894065034,2.6077126243106985,2.0,2.0,2720.0,2720.0,1.627541872852286,0.5,9.842735388972361e-05,3.787884990017189e+23,50.75975012897771,8,2025-04-15 00:00:00+00:00,0,-13.878472222222221
1744711200000,4,6.162602364569469,0.09121737173953148,28.81969318889634,2.06022780350481,2.0,0.5,10.264976925634128,2.0,0.5,,,0.0,,,0.0,,,0.0,2.2302341697117085,-0.17000636620689846,2.0,2.0,1710.5,1710.5,1.2925695537892168,1.0,0.0002949649908722094,3.7762499365180646e+23,391.840088873807,10,2025-04-15 00:00:00+00:00,0,-13.79513888888889
1744722000000,2,1.9565461209936292,0.011897996445216075,4.62600069205644,1.9565461209936292,2.0,1.0,,,0.0,,,0.0,,,0.0,,,0.0,3.056044982000538,-1.099498861006909,2.0,2.0,2616.5,2616.5,1.5822634078495192,0.5,0.00011443349686084726,3.385107197629615e+23,32.50914979561574,13,2025-04-15 00:00:00+00:00,0,-13.67013888888889
1744725600000,5,2.725505932863825,0.0533848899437137,20.222879959764036,1.6102855099222448,3.0,0.6,0.7773471419031613,1.0,0.2,8.019325992649229,1.0,0.2,,,0.0,,,0.0,2.288369580092582,-0.6780840701703372,3.0,3.0,2597.3333333333335,2190.0,1.530724454246613,0.6666666666666666,0.00016491682702635067,3.2943990538091606e+23,68.03306377243946,14,2025-04-15 00:00:00+00:00,0,-13.628472222222221
1744729200000,4,2.085084171052098,0.027811220262298653,10.627915356033668,3.2766472371109847,2.0,0.5,0.8935211049932108,2.0,0.5,,,0.0,,,0.0,,,0.0,4.041708023434531,-0.7650607863235459,2.0,2.0,19525.5,19525.5,3.8962702462612238,0.0,8.750661379355437e-05,3.531178953483955e+23,66.4111407009505,15,2025-04-15 00:00:00+00:00,0,-13.586805555555555
1744732800000,5,1.214598767104968,0.026367811007723327,10.478991849438163,1.6900830002270155,3.0,0.6,0.5013724174218964,2.0,0.4,,,0.0,,,0.0,,,0.0,2.927400418880458,-1.2373174186534421,3.0,3.0,5704.333333333333,4726.0,2.3269179491680805,0.0,0.00011087750041474908,3.602672708233323e+23,85.1886339524924,16,2025-04-15 00:00:00+00:00,0,-13.54513888888889
1744736400000,1,1.295647787673015,0.0044713680823839,1.7686891128611624,1.295647787673015,1.0,1.0,,,0.0,,,0.0,,,0.0,,,0.0,1.295647787673015,0.0,1.0,1.0,2011.0,2011.0,1.418097316829843,1.0,5.132875373292889e-05,3.32014769371059e+23,22.68408645479759,17,2025-04-15 00:00:00+00:00,0,-13.503472222222221
1744747200000,4,1.8670927801770147,0.027208910359885888,10.764779514335327,1.8670927801770147,4.0,1.0,,,0.0,,,0.0,,,0.0,,,0.0,1.7815518044622884,0.0855409757147263,4.0,4.0,10573.25,10003.5,2.881750192212979,0.25,0.00010480393919873962,3.143040092350619e+23,64.3495908682625,20,2025-04-15 00:00:00+00:00,0,-13.378472222222221
1744750800000,4,1.5331959481013284,0.019827094144733905,7.608638066635617,0.3152919285126727,2.0,0.5,5.47634718684411,1.0,0.25,0.025852748535858984,1.0,0.25,,,0.0,,,0.0,0.8288203591805483,-0.5135284306678756,2.0,2.0,10171.0,10171.0,3.1892005267778316,0.0,7.672570772819499e-05,2.7272715948615687e+23,65.69368718990643,21,2025-04-15 00:00:00+00:00,0,-13.336805555555555
1744754400000,1,1.5045326616553107,0.004612054743874435,1.8308045208758046,,,0.0,1.5045326616553107,1.0,1.0,,,0.0,,,0.0,,,0.0,,,,,,,,,8.620715530575998e-05,2.9627688027708963e+23,23.869010855934835,22,2025-04-15 00:00:00+00:00,0,-13.29513888888889
1744761600000,3,2.643175325770356,0.023559798038111035,9.125125924900335,4.43725795894303,1.0,0.3333333333333333,1.746134009184019,2.0,0.6666666666666666,,,0.0,,,0.0,,,0.0,4.43725795894303,0.0,1.0,1.0,1735.0,1735.0,1.3171939872319491,1.0,0.00017977760280148331,2.658854082610493e+23,117.03740436844308,0,2025-04-16 00:00:00+00:00,0,-13.211805555555555
1744765200000,1,1.1625574610924168,0.0028242981884986948,1.104237871530146,,,0.0,,,0.0,1.1625574610924168,1.0,1.0,,,0.0,,,0.0,,,,,,,,,0.00014502228053227533,3.3912045486538664e+23,162.39788934975178,1,2025-04-16 00:00:00+00:00,0,-13.17013888888889
1744768800000,5,2.062879321575472,0.0405531211183899,15.761526950617752,2.337086574332758,4.0,0.8,0.9660503105463286,1.0,0.2,,,0.0,,,0.0,,,0.0,2.1649788877581506,0.1721076865746075,4.0,4.0,3170.0,3168.5,1.6986444917257875,0.5,0.00013287648686009733,3.8239345529495735e+23,52.30224736865724,2,2025-04-16 00:00:00+00:00,0,-13.128472222222221
1744776000000,3,1.2808925875461041,0.020033397622708653,7.854533530506352,0.08100140246161072,2.0,0.6666666666666666,3.6806749577150906,1.0,0.3333333333333333,,,0.0,,,0.0,,,0.0,1.5442036030072432,-1.4632022005456324,2.0,2.0,2289.0,2289.0,1.4323110772197214,0.5,0.0001785441888819144,3.79127952469052e+23,90.96097714726064,4,2025-04-16 00:00:00+00:00,0,-13.04513888888889
1744779600000,3,1.5820750013356915,0.02294043904454312,9.092938895051535,1.5857385564327582,1.0,0.3333333333333333,1.5802432237871584,2.0,0.6666666666666666,,,0.0,,,0.0,,,0.0,2.782493559008747,-1.1967550025759888,1.0,1.0,14992.0,14992.0,3.87195041290562,0.0,0.0001340863476600196,3.786575711521225e+23,97.50511582145495,5,2025-04-16 00:00:00+00:00,0,-13.003472222222221
1744783200000,1,0.8038951794448129,0.0046768399444063165,1.882844300302432,0.8038951794448129,1.0,1.0,,,0.0,,,0.0,,,0.0,,,0.0,0.11716807788610897,0.686727101558704,1.0,1.0,21955.0,21955.0,4.685616288173841,0.0,0.0001104246636755611,3.397306507159059e+23,43.80203694138754,6,2025-04-16 00:00:00+00:00,0,-12.961805555555555
1744786800000,3,2.4265862979864803,0.022035313904276856,8.432544890197327,1.752966832741531,1.0,0.3333333333333333,1.4934658642168581,1.0,0.3333333333333333,4.033326197001052,1.0,0.3333333333333333,,,0.0,,,0.0,7.462273154982845,-5.709306322241314,1.0,1.0,4665.0,4665.0,2.1598611066455176,0.0,9.763529334643221e-05,3.393963450510553e+23,89.33881106677913,7,2025-04-16 00:00:00+00:00,0,-12.92013888888889
1744790400000,1,1.949514869132329,0.006763452156080753,2.6505795008478343,,,0.0,1.949514869132329,1.0,1.0,,,0.0,,,0.0,,,0.0,,,,,,,,,0.00010713248185355572,3.4612337939372255e+23,62.66467975705651,8,2025-04-16 00:00:00+00:00,0,-12.878472222222221
1744794000000,1,1.6979100922615227,0.004727714072697424,1.840857912606563,1.6979100922615227,1.0,1.0,,,0.0,,,0.0,,,0.0,,,0.0,2.218696354665006,-0.5207862624034831,1.0,1.0,946.0,946.0,0.9726253132630263,1.0,7.812310199275842e-05,3.4561819097074146e+23,30.407454146476965,9,2025-04-16 00:00:00+00:00,0,-12.836805555555555
1744804800000,3,2.2838774811042417,0.015863854563428356,6.126023668569374,1.5866428951788687,1.0,0.3333333333333333,2.6324947740669287,2.0,0.6666666666666666,,,0.0,,,0.0,,,0.0,12.714929957215482,-11.128287062036613,1.0,1.0,20107.0,20107.0,4.484082960873939,0.0,7.673556025754639e-05,2.6760180255552542e+23,82.6458436396627,12,2025-04-16 00:00:00+00:00,0,-12.711805555555555
1744812000000,1,2.9691014445304638,0.006308086294861387,2.388957693665954,2.9691014445304638,1.0,1.0,,,0.0,,,0.0,,,0.0,,,0.0,3.311071949101984,-0.34197050457152045,1.0,1.0,3170.0,3170.0,1.7804493814764855,0.0,0.00011848359012411225,2.703724906208493e+23,46.76506458656587,14,2025-04-16 00:00:00+00:00,0,-12.628472222222221
1744815600000,3,1.317984179355195,0.013809960455895085,5.519107848981387,1.317984179355195,3.0,1.0,,,0.0,,,0.0,,,0.0,,,0.0,2.6269162858452,-1.3089321064900055,3.0,3.0,7350.333333333333,2229.0,2.340249587814776,0.6666666666666666,0.00013186085541258007,2.7169586072255646e+23,45.89928029393564,15,2025-04-16 00:00:00+00:00,0,-12.586805555555555
1744819200000,2,2.2575717040579586,0.009872854291323424,3.8086776218959506,2.2575717040579586,2.0,1.0,,,0.0,,,0.0,,,0.0,,,0.0,4.724164262163732,-2.466592558105773,2.0,2.0,30902.5,30902.5,5.254238951546445,0.0,0.00012451689953947562,2.686642146754854e+23,54.24151080231981,16,2025-04-16 00:00:00+00:00,0,-12.54513888888889
1744822800000,5,2.55158193658036,0.03538837159461874,13.869484847941088,2.654913366705613,4.0,0.8,2.138256216079348,1.0,0.2,,,0.0,,,0.0,,,0.0,3.64942634450307,-0.9945129777974571,4.0,4.0,3880.75,2365.5,1.7581578569785534,0.5,0.00013384374281566203,2.733517839005515e+23,92.37312841213303,17,2025-04-16 00:00:00+00:00,0,-12.503472222222221
1744826400000,2,1.5619844600800676,0.00815042975055908,3.1842308700769344,1.5619844600800676,2.0,1.0,,,0.0,,,0.0,,,0.0,,,0.0,4.313304164547692,-2.751319704467625,2.0,2.0,6110.5,6110.5,2.250666398709208,0.5,0.00015237369033587714,2.685100507904612e+23,44.78984875256068,18,2025-04-16 00:00:00+00:00,0,-12.461805555555555
1744830000000,2,3.0830284652244795,0.017377851153516893,6.757441650303486,3.0830284652244795,2.0,1.0,,,0.0,,,0.0,,,0.0,,,0.0,2.1255434318373725,0.9574850333871068,2.0,2.0,3584.5,3584.5,1.7871891615466053,0.5,9.435865851124577e-05,2.6871190700426357e+23,42.45704085809362,19,2025-04-16 00:00:00+00:00,0,-12.42013888888889
1744833600000,8,1.8955189886019292,0.03827306408883857,14.879854648689905,1.7591675411847436,7.0,0.875,2.8499791205222276,1.0,0.125,,,0.0,,,0.0,,,0.0,2.787463051418548,-1.028295510233804,7.0,7.0,12673.857142857143,8988.0,3.1140209653552056,0.2857142857142857,9.091605230663409e-05,2.8327445156682335e+23,60.299684340738345,20,2025-04-16 00:00:00+00:00,0,-12.378472222222221
1744837200000,1,2.5177466493170537,0.005961958743031519,2.301220184108656,,,0.0,2.5177466493170537,1.0,1.0,,,0.0,,,0.0,,,0.0,,,,,,,,,9.0759234880393e-05,2.672662384954352e+23,20.087720663166778,21,2025-04-16 00:00:00+00:00,0,-12.336805555555555
1744840800000,2,1.568455287556136,0.008685173115306286,3.4203491244346855,1.568455287556136,2.0,1.0,,,0.0,,,0.0,,,0.0,,,0.0,2.6805142067676475,-1.1120589192115116,2.0,2.0,13234.0,13234.0,3.014346515703191,0.5,9.767837877061844e-05,2.6872159439479452e+23,16.299748903922808,22,2025-04-16 00:00:00+00:00,0,-12.29513888888889
1744844400000,2,2.1077633287031268,0.00927319538636204,3.592638814855132,,,0.0,2.1077633287031268,2.0,1.0,,,0.0,,,0.0,,,0.0,,,,,,,,,7.564079806310543e-05,2.559038381218273e+23,50.75805329254176,23,2025-04-16 00:00:00+00:00,0,-12.253472222222221
1744851600000,3,2.752323339660378,0.01730452518233778,6.591036359374041,2.752323339660378,3.0,1.0,,,0.0,,,0.0,,,0.0,,,0.0,3.321405753400548,-0.5690824137401703,3.0,3.0,41573.0,40797.0,6.430893754843914,0.0,9.409245367085874e-05,2.4349998845315388e+23,46.120027955639415,1,2025-04-17 00:00:00+00:00,0,-12.17013888888889
1744855200000,1,5.890468346111976,0.013568525286924343,5.006280781769201,,,0.0,5.890468346111976,1.0,1.0,,,0.0,,,0.0,,,0.0,,,,,,,,,5.9454637126423475e-05,2.4144165761511362e+23,15.168031523575957,2,2025-04-17 00:00:00+00:00,0,-12.128472222222221
1744862400000,4,3.149423420716357,0.027337577864133197,10.278374490333968,2.995680241755064,3.0,0.75,3.610652957600235,1.0,0.25,,,0.0,,,0.0,,,0.0,3.16679919600958,-0.17111895425451587,3.0,3.0,14726.666666666666,12570.0,3.630054851372447,0.0,6.569163840494254e-05,2.527636426287515e+23,60.435373201607696,4,2025-04-17 00:00:00+00:00,0,-12.04513888888889
1744866000000,5,3.110554352114069,0.039903569502725195,14.929590590992424,3.2494959233231526,4.0,0.8,2.554788067277735,1.0,0.2,,,0.0,,,0.0,,,0.0,3.6324987520067404,-0.3830028286835875,4.0,4.0,15942.666666666666,13020.0,3.929867661658141,0.0,5.286200760288321e-05,2.9832206821553145e+23,68.3527968552607,5,2025-04-17 00:00:00+00:00,0,-12.003472222222221
1744873200000,1,1.254722447173195,0.004594457396285916,1.820703622965147,1.254722447173195,1.0,1.0,,,0.0,,,0.0,,,0.0,,,0.0,1.0838279391450985,0.17089450802809658,1.0,1.0,7779.0,7779.0,2.7890858717508142,0.0,6.440249399429023e-05,3.170982091388334e+23,11.916715226918036,7,2025-04-17 00:00:00+00:00,0,-11.92013888888889
1744876800000,2,0.9144149455547974,0.00893755308989869,3.594926277830602,1.2957677418640396,1.0,0.5,0.5330621492455551,1.0,0.5,,,0.0,,,0.0,,,0.0,1.2957677418640396,0.0,1.0,1.0,5081.0,5081.0,2.2541073621280776,0.0,5.634941146079986e-05,3.184822221666268e+23,42.606200140231145,8,2025-04-17 00:00:00+00:00,0,-11.878472222222221
1744902000000,4,1.2379403898768677,0.013580506372847695,5.3792654790201695,1.8909372804232434,2.0,0.5,0.43888472584132593,1.0,0.25,0.731002272819658,1.0,0.25,,,0.0,,,0.0,2.0602745092862746,-0.16933722886303126,2.0,2.0,1597.0,1597.0,1.2527702753813443,1.0,0.00010864978290195324,2.7628635971400297e+23,26.5714095374653,15,2025-04-17 00:00:00+00:00,0,-11.586805555555555
1744905600000,4,2.8330423125688893,0.030246385252193714,11.421141210299275,3.098001271851247,3.0,0.75,,,0.0,2.0381654347218165,1.0,0.25,,,0.0,,,0.0,2.159645695567687,0.9383555762835597,3.0,3.0,9862.333333333334,12393.0,2.954822558348846,0.3333333333333333,0.00013725697322235637,3.74875245160642e+23,91.05896063917821,16,2025-04-17 00:00:00+00:00,0,-11.54513888888889
1744912800000,1,4.032868745881845,0.01515640982302495,5.732140572260897,,,0.0,4.032868745881845,1.0,1.0,,,0.0,,,0.0,,,0.0,,,,,,,,,7.425818416914805e-05,4.100059248695837e+23,45.05838040925175,18,2025-04-17 00:00:00+00:00,0,-11.461805555555555
1744927200000,1,1.342533703749282,0.004968680338902354,1.9586212990290397,1.342533703749282,1.0,1.0,,,0.0,,,0.0,,,0.0,,,0.0,2.361125901552707,-1.0185921978034251,1.0,1.0,31763.0,31763.0,5.6358672801974325,0.0,5.2543260250523655e-05,3.838589015648871e+23,24.414690506659664,22,2025-04-17 00:00:00+00:00,0,-11.29513888888889
1744934400000,2,2.008761353681798,0.013881193751722462,5.337856359032849,,,0.0,2.008761353681798,2.0,1.0,,,0.0,,,0.0,,,0.0,,,,,,,,,9.095373603055788e-05,4.0552999828139595e+23,35.271668766525906,0,2025-04-18 00:00:00+00:00,0,-11.211805555555555
1744938000000,2,1.4367497838707828,0.010202042202303484,3.976920268955557,,,0.0,1.4367497838707828,2.0,1.0,,,0.0,,,0.0,,,0.0,,,,,,,,,0.00011362946296699611,4.1401170467688735e+23,33.721150910647836,1,2025-04-18 00:00:00+00:00,0,-11.17013888888889
1744941600000,1,0.005649764558989835,2.049477655416993e-05,0.008197220942733176,0.005649764558989835,1.0,1.0,,,0.0,,,0.0,,,0.0,,,0.0,0.17483216534332993,-0.1691824007843401,1.0,1.0,11890.0,11890.0,3.448187929913334,0.0,8.924168701823623e-05,4.1455360404792945e+23,23.261363595067504,2,2025-04-18 00:00:00+00:00,0,-11.128472222222221
1744945200000,3,2.9371595931576784,0.025904913880220322,9.724653338732118,3.755628741200522,2.0,0.6666666666666666,1.3002212970719902,1.0,0.3333333333333333,,,0.0,,,0.0,,,0.0,7.507470252881031,-3.7518415116805093,2.0,2.0,3801.5,3801.5,1.8292764984497554,0.5,0.0002484514469151335,3.872193353480386e+23,332.5572090921691,3,2025-04-18 00:00:00+00:00,0,-11.086805555555555
1744948800000,1,0.933405851021884,0.0045329339956468855,1.8030873623390389,0.933405851021884,1.0,1.0,,,0.0,,,0.0,,,0.0,,,0.0,0.08722808241325933,0.8461777686086247,1.0,1.0,,,,,0.0001080308436121569,4.068927096001621e+23,86.8365072743617,4,2025-04-18 00:00:00+00:00,0,-11.04513888888889
1744956000000,1,3.162762614405423,0.007768075622720872,2.9140269325155503,3.162762614405423,1.0,1.0,,,0.0,,,0.0,,,0.0,,,0.0,3.162762614405423,0.0,1.0,1.0,1288.0,1288.0,1.1349008767288886,1.0,7.33000923896318e-05,3.544229167313815e+23,69.75522393923141,6,2025-04-18 00:00:00+00:00,0,-10.961805555555555
1744959600000,3,1.9342277256349547,0.021237450499166203,8.398099094330403,1.9342277256349547,3.0,1.0,,,0.0,,,0.0,,,0.0,,,0.0,3.7807077557096966,-1.8464800300747413,3.0,3.0,3136.0,3265.0,1.7447140230196243,0.3333333333333333,9.998805671987076e-05,3.0871599512688433e+23,112.20506840002287,7,2025-04-18 00:00:00+00:00,0,-10.92013888888889
1744963200000,19,2.1052449520397203,0.1499681273841396,59.56419351609058,1.742164685887455,11.0,0.5789473684210527,2.6044803179990854,8.0,0.42105263157894735,,,0.0,,,0.0,,,0.0,1.8034889130291432,-0.06132422714168825,11.0,11.0,2457.0,974.0,1.3581760059165855,0.7272727272727273,0.0003095261463598798,2.947727277765562e+23,448.8473144052824,8,2025-04-18 00:00:00+00:00,0,-10.878472222222221
1744966800000,4,2.935068228769899,0.031614840288567744,11.853156504364685,3.1210582620217138,3.0,0.75,2.377098129014454,1.0,0.25,,,0.0,,,0.0,,,0.0,6.268190124792427,-3.1471318627707134,3.0,3.0,2979.0,2757.0,1.7210831457136788,0.6666666666666666,0.00019853410716019887,3.466511710103346e+23,154.8104060494901,9,2025-04-18 00:00:00+00:00,0,-10.836805555555555
1744970400000,9,3.7507673110618285,0.13684291285513162,55.59015152165507,5.021303555005651,6.0,0.6666666666666666,1.2096948231741822,3.0,0.3333333333333333,,,0.0,,,0.0,,,0.0,5.622406496671288,-0.601102941665636,6.0,6.0,3589.5,2829.5,1.7515652609497436,0.5,0.0006336635682053323,3.312905734888569e+23,941.4235973949791,10,2025-04-18 00:00:00+00:00,0,-10.79513888888889
1744974000000,3,2.6082600240009257,0.031026391807375518,12.059190965131918,2.6082600240009257,3.0,1.0,,,0.0,,,0.0,,,0.0,,,0.0,3.454635233392903,-0.8463752093919769,3.0,3.0,5648.333333333333,4499.0,1.9949220738611322,0.3333333333333333,0.0003022891090825014,3.279480544457206e+23,224.06215918359752,11,2025-04-18 00:00:00+00:00,0,-10.753472222222221
1744977600000,6,3.135560671814219,0.04327342454225959,16.1034417281472,3.6571408461966377,4.0,0.6666666666666666,2.092400323049381,2.0,0.3333333333333333,,,0.0,,,0.0,,,0.0,4.813527342753554,-1.156386496556916,4.0,4.0,4280.0,4053.0,1.9208296244609075,0.5,0.0002743450254830885,2.9185627387358585e+23,231.84666306756017,12,2025-04-18 00:00:00+00:00,0,-10.711805555555555
1744981200000,4,4.511982373654488,0.06368030173479201,21.884977214382946,8.195739102465094,2.0,0.5,0.8282256448438825,2.0,0.5,,,0.0,,,0.0,,,0.0,11.633891969944932,-3.438152867479838,2.0,2.0,7874.0,7874.0,2.596554612169208,0.5,0.00017572182001613694,3.509962574445476e+23,128.5927283574516,13,2025-04-18 00:00:00+00:00,0,-10.67013888888889
1744984800000,2,0.8343283381856632,0.010654391191389473,4.302572169097562,0.23734100056573784,1.0,0.5,1.4313156758055885,1.0,0.5,,,0.0,,,0.0,,,0.0,0.23734100056573784,0.0,1.0,1.0,2639.0,2639.0,1.6244999230532453,1.0,0.00010091525652955474,3.5375821091842246e+23,114.75801270128198,14,2025-04-18 00:00:00+00:00,0,-10.628472222222221
1744988400000,5,2.189408855067709,0.04342143793001827,16.618383127609473,5.144044877346009,1.0,0.2,1.4507498494981337,4.0,0.8,,,0.0,,,0.0,,,0.0,5.144044877346009,0.0,1.0,1.0,4813.0,4813.0,2.193855054464629,0.0,0.00012535093258883722,3.9699837684351676e+23,153.491476519179,15,2025-04-18 00:00:00+00:00,0,-10.586805555555555
1744995600000,1,0.5724193965645158,0.005411298726420867,2.20602101392315,,,0.0,0.5724193965645158,1.0,1.0,,,0.0,,,0.0,,,0.0,,,,,,,,,9.708017285571097e-05,3.970824395353722e+23,50.79853170367165,17,2025-04-18 00:00:00+00:00,0,-10.503472222222221
1744999200000,1,1.8465562446651425,0.005545110227967733,2.142312388620465,,,0.0,1.8465562446651425,1.0,1.0,,,0.0,,,0.0,,,0.0,,,,,,,,,0.00011995950483619045,3.925947770881441e+23,69.34804158492146,18,2025-04-18 00:00:00+00:00,0,-10.461805555555555
1745006400000,1,3.308977765942877,0.00844204932771368,3.171603336035804,,,0.0,3.308977765942877,1.0,1.0,,,0.0,,,0.0,,,0.0,,,,,,,,,0.0001487902577628867,3.4432810166750514e+23,117.01100162973742,20,2025-04-18 00:00:00+00:00,0,-10.378472222222221
1745010000000,2,0.44740651875376736,0.008748968023830343,3.5796888402266553,0.8236963350966237,1.0,0.5,0.07111670241091109,1.0,0.5,,,0.0,,,0.0,,,0.0,0.6550164943192266,0.16867984077739706,1.0,1.0,11490.0,11490.0,3.3896902513356584,0.0,7.822104352058463e-05,3.4238191800397296e+23,26.201871405824836,21,2025-04-18 00:00:00+00:00,0,-10.336805555555555
1745017200000,2,4.503095431678838,0.022194246065047985,8.12633719804527,3.364572268941845,1.0,0.5,5.641618594415831,1.0,0.5,,,0.0,,,0.0,,,0.0,3.364572268941845,0.0,1.0,1.0,16443.0,16443.0,4.054996917384772,0.0,9.797987998472886e-05,3.1951258633368675e+23,49.73896375442159,23,2025-04-18 00:00:00+00:00,0,-10.253472222222221
1745020800000,6,2.1434194686907357,0.04330805913676211,16.901099500714277,2.4347998905607082,3.0,0.5,1.852039046820763,3.0,0.5,,,0.0,,,0.0,,,0.0,3.5661825385600623,-1.1313826479993534,3.0,3.0,7063.0,2527.0,2.271807761778137,0.6666666666666666,9.708942068453856e-05,3.64899142519481e+23,70.8615573652303,0,2025-04-19 00:00:00+00:00,0,-10.211805555555555
1745024400000,6,1.5910089373226164,0.03842802173488783,15.040124827091287,0.6088002714427437,3.0,0.5,2.512614869508733,2.0,0.3333333333333333,2.6944230705900014,1.0,0.16666666666666666,,,0.0,,,0.0,0.6649136992196745,-0.056113427776930756,3.0,3.0,7543.0,2587.0,2.399931505026478,0.6666666666666666,0.00010523153868280116,3.7398942106121974e+23,132.91333265963226,1,2025-04-19 00:00:00+00:00,0,-10.17013888888889
1745028000000,4,3.1085624253091244,0.04344533414225751,16.217470234061583,4.097523458296118,3.0,0.75,0.14167932634814254,1.0,0.25,,,0.0,,,0.0,,,0.0,4.490806397105181,-0.3932829388090622,3.0,3.0,5275.0,2831.0,2.1359341815505393,0.6666666666666666,0.00014386636245933407,3.86687312724544e+23,161.41322496906636,2,2025-04-19 00:00:00+00:00,0,-10.128472222222221
1745031600000,2,0.9654693839295176,0.01324839481548762,5.332432619098904,,,0.0,0.9654693839295176,2.0,1.0,,,0.0,,,0.0,,,0.0,,,,,,,,,0.00010451018714632022,3.843624614071445e+23,39.95515788266615,3,2025-04-19 00:00:00+00:00,0,-10.086805555555555
1745035200000,2,2.885816018102804,0.025720629807560937,10.006485417802926,2.885816018102804,2.0,1.0,,,0.0,,,0.0,,,0.0,,,0.0,1.0070212426810605,1.8787947754217438,2.0,2.0,3526.0,3526.0,1.8777646284878198,0.0,0.00010631245803018649,3.8795559003509184e+23,75.02593838484962,4,2025-04-19 00:00:00+00:00,0,-10.04513888888889
1745038800000,7,2.4070285925636403,0.06052660304912415,22.850604088312426,3.346480843363386,4.0,0.5714285714285714,0.5409758204938604,2.0,0.2857142857142857,2.381325133504219,1.0,0.14285714285714285,,,0.0,,,0.0,2.471247176791835,0.875233666571551,4.0,4.0,6720.5,7530.0,2.4886072221967237,0.25,9.278552598554985e-05,3.992519664302162e+23,95.30633901253508,5,2025-04-19 00:00:00+00:00,0,-10.003472222222221
1745042400000,3,8.965910703056544,0.09155990397201741,30.40827865210183,,,0.0,8.965910703056544,3.0,1.0,,,0.0,,,0.0,,,0.0,,,,,,,,,0.0001510040059180664,3.2680154390093145e+23,98.85271810487295,6,2025-04-19 00:00:00+00:00,0,-9.961805555555555
1745056800000,3,4.782606407521283,0.05176724343773312,17.69023027053663,1.5677269421221713,2.0,0.6666666666666666,11.212365338319508,1.0,0.3333333333333333,,,0.0,,,0.0,,,0.0,1.5677269421221713,0.0,2.0,2.0,11575.5,11575.5,2.99956489238436,0.5,0.00011587687855666396,4.015459811820711e+23,44.81770081715919,10,2025-04-19 00:00:00+00:00,0,-9.79513888888889
1745060400000,1,23.002680791462414,0.10422883885647542,29.64644198369816,23.002680791462414,1.0,1.0,,,0.0,,,0.0,,,0.0,,,0.0,12.52689413966337,10.475786651799044,1.0,1.0,852.0,852.0,0.9230384607371461,1.0,7.42915207955141e-05,4.076475018513854e+23,78.92384101268588,11,2025-04-19 00:00:00+00:00,0,-9.753472222222221
1745064000000,4,1.9548705881339496,0.03624657851949911,14.270088596030352,1.587200375743913,2.0,0.5,2.3225408005239863,2.0,0.5,,,0.0,,,0.0,,,0.0,1.7568334604562081,-0.1696330847122951,2.0,2.0,8517.0,8517.0,2.9183899670880176,0.0,0.00011118699862147665,4.155665807065236e+23,56.49000684684391,12,2025-04-19 00:00:00+00:00,0,-9.711805555555555
1745071200000,2,0.7533111006902344,0.008982057957575635,3.6078515260864767,0.09053701268859574,1.0,0.5,1.416085188691873,1.0,0.5,,,0.0,,,0.0,,,0.0,0.09053701268859574,0.0,1.0,1.0,571.0,571.0,0.7556454194925024,1.0,0.00013774632958924176,3.650226293863865e+23,52.17484180182241,14,2025-04-19 00:00:00+00:00,0,-9.628472222222221
1745074800000,1,4.165058882502092,0.009657697992915847,3.5677080857282024,,,0.0,,,0.0,4.165058882502092,1.0,1.0,,,0.0,,,0.0,,,,,,,,,0.00012953557101354313,2.9839107937192667e+23,97.31575350610056,15,2025-04-19 00:00:00+00:00,0,-9.586805555555555
1745078400000,1,2.0964738231405096,0.005544762404118283,2.1528286547336104,,,0.0,2.0964738231405096,1.0,1.0,,,0.0,,,0.0,,,0.0,,,,,,,,,0.00010813501224925182,2.9485366953817362e+23,36.085675246773974,16,2025-04-19 00:00:00+00:00,0,-9.54513888888889
1745082000000,1,7.6808630458996765,0.0201724869398921,7.105636557860452,7.6808630458996765,1.0,1.0,,,0.0,,,0.0,,,0.0,,,0.0,2.4690807793831477,5.211782266516529,1.0,1.0,1962.0,1962.0,1.4007141035914503,1.0,5.5880239502114464e-05,2.9948623710325047e+23,23.265115504763333,17,2025-04-19 00:00:00+00:00,0,-9.503472222222221
1745089200000,3,1.1115350461878684,0.012452842416095074,4.959561252663505,1.1115350461878684,3.0,1.0,,,0.0,,,0.0,,,0.0,,,0.0,0.9418170845197391,0.16971796166812916,3.0,3.0,9733.0,9593.0,2.9442619003926414,0.3333333333333333,9.203691221651183e-05,3.04597744152472e+23,32.698295370196554,19,2025-04-19 00:00:00+00:00,0,-9.42013888888889
1745110800000,4,2.902940536359832,0.027820430237687065,10.471557955882759,3.085873796976912,3.0,0.75,2.354140754508593,1.0,0.25,,,0.0,,,0.0,,,0.0,1.5471803098704655,1.5386934871064462,3.0,3.0,2476.0,2346.0,1.5533364694711889,0.6666666666666666,0.00012463947244456387,3.042633758524305e+23,59.079173949209434,1,2025-04-20 00:00:00+00:00,0,-9.17013888888889
1745114400000,1,1.9141258165861426,0.004562812887033823,1.765860312410956,1.9141258165861426,1.0,1.0,,,0.0,,,0.0,,,0.0,,,0.0,2.4216549191086396,-0.507529102522497,1.0,1.0,2244.0,2244.0,1.4979986648859205,1.0,0.00014893949231024225,3.1409464345431685e+23,71.87087785095504,2,2025-04-20 00:00:00+00:00,0,-9.128472222222221
1745118000000,2,3.1142195317074512,0.014800227370590294,5.567707407826022,,,0.0,3.666848680916068,1.0,0.5,2.5615903824988346,1.0,0.5,,,0.0,,,0.0,,,,,,,,,8.712091491024329e-05,3.13053697202147e+23,70.8986602445438,3,2025-04-20 00:00:00+00:00,0,-9.086805555555555
1745121600000,2,1.5031808510640672,0.00924781554756209,3.6306132730887084,,,0.0,1.5031808510640672,2.0,1.0,,,0.0,,,0.0,,,0.0,,,,,,,,,8.947751592048152e-05,3.056180117644062e+23,69.56950014528458,4,2025-04-20 00:00:00+00:00,0,-9.04513888888889
1745125200000,8,2.122080674722437,0.0752746074831626,30.206749966831786,2.4981950008953047,6.0,0.75,0.9937376962038331,2.0,0.25,,,0.0,,,0.0,,,0.0,1.7135661706992724,0.7846288301960325,6.0,6.0,1487.3333333333333,1600.0,1.1651423022350411,1.0,0.00015644065527279792,3.003898113227417e+23,200.2269342362174,5,2025-04-20 00:00:00+00:00,0,-9.003472222222221
1745128800000,5,2.6424703153816944,0.04050649366883725,15.465744257485149,3.0664221876003586,2.0,0.4,1.3766353920846792,2.0,0.4,4.326236417538397,1.0,0.2,,,0.0,,,0.0,2.6468140767616157,0.41960811083874305,2.0,2.0,16257.0,16257.0,3.753994376677122,0.0,0.00017697740403553033,3.0646155911393206e+23,130.83084280058566,6,2025-04-20 00:00:00+00:00,0,-8.961805555555555
1745132400000,10,1.9123021891084497,0.07985686052594321,31.675056095906662,1.7340985197514078,7.0,0.7,3.298391989730608,2.0,0.2,0.3875482733634245,1.0,0.1,,,0.0,,,0.0,1.8790749220366398,-0.14497640228523195,7.0,7.0,7297.142857142857,5292.0,2.388209647358671,0.42857142857142855,0.00017176451791057172,3.253708095324112e+23,168.93103873415527,7,2025-04-20 00:00:00+00:00,0,-8.92013888888889
1745136000000,3,1.7720683496797112,0.021506652017758997,8.446783212009764,2.1819865616101937,2.0,0.6666666666666666,,,0.0,0.9522319258187467,1.0,0.3333333333333333,,,0.0,,,0.0,1.594587338103492,0.5873992235067016,2.0,2.0,4202.0,4202.0,2.020908110307568,0.5,0.00017057800348635281,3.788238647556781e+23,173.07246978473202,8,2025-04-20 00:00:00+00:00,0,-8.878472222222221
1745139600000,3,1.062265865957427,0.019072220969889808,7.5609325014926565,0.18987481335166428,2.0,0.6666666666666666,2.8070479711689518,1.0,0.3333333333333333,,,0.0,,,0.0,,,0.0,0.8612471699221076,-0.6713723565704433,2.0,2.0,1984.0,1984.0,1.3601247706731705,1.0,0.0002343275438406265,3.8688905236103764e+23,237.1716848345031,9,2025-04-20 00:00:00+00:00,0,-8.836805555555555
1745143200000,6,2.3888083274370637,0.039773666505359226,14.992092162093865,1.6450765700554364,3.0,0.5,3.132540084818691,3.0,0.5,,,0.0,,,0.0,,,0.0,1.588969294102741,0.056107275952695566,3.0,3.0,10184.666666666666,3298.0,2.8009041705120707,0.3333333333333333,0.00017460159941126672,3.164045796778503e+23,85.42676117018073,10,2025-04-20 00:00:00+00:00,0,-8.79513888888889
1745146800000,3,2.288021989757549,0.02008360131108046,7.741303939870164,2.288021989757549,3.0,1.0,,,0.0,,,0.0,,,0.0,,,0.0,2.287996831667863,2.5158089685580382e-05,3.0,3.0,7355.0,2555.0,2.221467702520318,0.6666666666666666,0.0001724989559011085,3.158132789157783e+23,70.03668008079795,11,2025-04-20 00:00:00+00:00,0,-8.753472222222221
1745157600000,2,2.2037931338486856,0.019944867002656897,7.877580387358725,2.932549900844261,1.0,0.5,1.4750363668531103,1.0,0.5,,,0.0,,,0.0,,,0.0,4.6224730397043325,-1.6899231388600717,1.0,1.0,970.0,970.0,0.9848857801796105,1.0,0.00016393299185460324,4.060128694976656e+23,139.87659908644966,14,2025-04-20 00:00:00+00:00,0,-8.628472222222221
1745164800000,5,0.7655493218220671,0.021300798057390324,8.502667039541144,,,0.0,0.6369097868949787,4.0,0.8,1.2801074615304215,1.0,0.2,,,0.0,,,0.0,,,,,,,,,0.00010550661954329984,4.174021968359475e+23,82.44459282419268,16,2025-04-20 00:00:00+00:00,0,-8.54513888888889
1745168400000,1,0.8616020196611446,0.005654356490629412,2.2758399145442145,,,0.0,0.8616020196611446,1.0,1.0,,,0.0,,,0.0,,,0.0,,,,,,,,,7.914815444734977e-05,4.164761260130161e+23,62.87986624735982,17,2025-04-20 00:00:00+00:00,0,-8.503472222222221
1745172000000,3,2.6708188613209813,0.03130624085165371,11.958232794681102,3.456538608196413,2.0,0.6666666666666666,1.0993793675701187,1.0,0.3333333333333333,,,0.0,,,0.0,,,0.0,3.5411191259837818,-0.08458051778736908,2.0,2.0,5397.5,5397.5,2.1706095209786027,0.5,9.901903040157969e-05,4.172394548878527e+23,20.519389329568845,18,2025-04-20 00:00:00+00:00,0,-8.461805555555555
1745190000000,1,5.136996553135064,0.017715858887368915,6.452694355254256,,,0.0,5.136996553135064,1.0,1.0,,,0.0,,,0.0,,,0.0,,,,,,,,,0.00010433331344316704,4.164857304405257e+23,42.96664602313938,23,2025-04-20 00:00:00+00:00,0,-8.253472222222221
1745193600000,3,1.4051796004046337,0.020026970922627285,7.862785963572971,2.9170688016106,1.0,0.3333333333333333,0.6492349998016506,2.0,0.6666666666666666,,,0.0,,,0.0,,,0.0,2.9170688016106,0.0,1.0,1.0,2566.0,2566.0,1.6018739026527649,1.0,0.0001835484223622152,4.260257634264075e+23,187.73576526831553,0,2025-04-21 00:00:00+00:00,0,-8.211805555555555
1745197200000,6,3.4170265324952998,0.07651664787605238,28.01133937075226,1.867806333419341,3.0,0.5,3.5846972853176498,2.0,0.3333333333333333,7.7293456240784755,1.0,0.16666666666666666,,,0.0,,,0.0,2.2581274110058236,-0.39032107758648255,3.0,3.0,12645.666666666666,3361.0,3.0313443397687974,0.3333333333333333,0.00018316296997578077,4.374928794284463e+23,236.98268491382515,1,2025-04-21 00:00:00+00:00,0,-8.17013888888889
1745200800000,3,3.6425250177576207,0.040090795440150616,14.1392682698216,1.0788411295176377,2.0,0.6666666666666666,8.769892794237588,1.0,0.3333333333333333,,,0.0,,,0.0,,,0.0,0.9115400853826556,0.16730104413498204,2.0,2.0,1111.0,1111.0,0.8773818192439562,1.0,9.872941727557311e-05,4.281489627649306e+23,143.9061330230362,2,2025-04-21 00:00:00+00:00,0,-8.128472222222221
1745204400000,3,2.5422927803677564,0.028029919320254216,10.63315925197585,3.3970347004780517,2.0,0.6666666666666666,0.8328089401471667,1.0,0.3333333333333333,,,0.0,,,0.0,,,0.0,4.309510628334755,-0.9124759278567038,2.0,2.0,6231.5,6231.5,2.2779598662225466,0.5,0.00010708645475950638,4.274620734121801e+23,72.5690952452934,3,2025-04-21 00:00:00+00:00,0,-8.086805555555555
1745208000000,1,2.4517420722353296,0.00822220982674108,3.139425420163558,,,0.0,2.4517420722353296,1.0,1.0,,,0.0,,,0.0,,,0.0,,,,,,,,,0.00014692139980678222,4.287492390513645e+23,139.15266118112055,4,2025-04-21 00:00:00+00:00,0,-8.04513888888889
1745211600000,1,1.118516882865927,0.003952401932155386,1.5492928177577014,1.118516882865927,1.0,1.0,,,0.0,,,0.0,,,0.0,,,0.0,1.118516882865927,0.0,1.0,1.0,4851.0,4851.0,2.202498581157318,0.0,0.00016370766924566726,4.42918892189756e+23,153.4786236498299,5,2025-04-21 00:00:00+00:00,0,-8.003472222222221
1745215200000,6,3.1004952565046717,0.08660009419399493,32.89011515245259,3.3098121517174235,3.0,0.5,2.8911783612919195,3.0,0.5,,,0.0,,,0.0,,,0.0,1.6530377810288612,1.656774370688563,3.0,3.0,18407.0,14306.0,3.5845393864941992,0.3333333333333333,0.00019188308103321625,4.258507253311372e+23,264.74145961845716,6,2025-04-21 00:00:00+00:00,0,-7.961805555555555
1745218800000,5,2.216735732530583,0.05577621131954183,21.85244402000729,2.384228745547245,4.0,0.8,1.5467636804639358,1.0,0.2,,,0.0,,,0.0,,,0.0,1.9715173431320228,0.4127114024152223,4.0,4.0,9368.5,4813.0,2.657041979141607,0.5,0.00013349067854207862,4.510591959364286e+23,153.88651777152643,7,2025-04-21 00:00:00+00:00,0,-7.920138888888889
1745222400000,2,3.7453562025863354,0.03783255241517462,14.849615990510681,3.308709038198376,1.0,0.5,4.182003366974295,1.0,0.5,,,0.0,,,0.0,,,0.0,3.474301982535088,-0.16559294433671212,1.0,1.0,2235.0,2235.0,1.4949916387726052,1.0,0.0001449843465016292,4.356094630683722e+23,93.1502937329939,8,2025-04-21 00:00:00+00:00,0,-7.878472222222222
1745226000000,1,0.05487414092399893,0.007177677393957993,3.015737406789829,,,0.0,0.05487414092399893,1.0,1.0,,,0.0,,,0.0,,,0.0,,,,,,,,,9.163661220720773e-05,4.4577986939446075e+23,109.26405192469895,9,2025-04-21 00:00:00+00:00,0,-7.836805555555555
1745233200000,1,2.117438143022809,0.0074106046957317095,2.855777683727412,2.117438143022809,1.0,1.0,,,0.0,,,0.0,,,0.0,,,0.0,2.949923318213443,-0.8324851751906337,1.0,1.0,1978.0,1978.0,1.4064138793399332,1.0,8.457935481424173e-05,4.5097839225823234e+23,70.24741735235054,11,2025-04-21 00:00:00+00:00,0,-7.753472222222222
1745236800000,10,3.4688572695984683,0.2012551419305161,77.05989847178391,2.7678246208703143,6.0,0.6,4.520406242690699,4.0,0.4,,,0.0,,,0.0,,,0.0,2.091328020483196,0.6764966003871185,6.0,6.0,1693.5,1718.5,1.2701662010672345,1.0,0.00014246425980612008,4.40598675748183e+23,151.47197052991845,12,2025-04-21 00:00:00+00:00,0,-7.711805555555555
1745240400000,4,3.208662523807881,0.04706776254668146,17.316344151191885,3.5491706935003804,1.0,0.25,3.0951598005770475,3.0,0.75,,,0.0,,,0.0,,,0.0,3.5491706935003804,0.0,1.0,1.0,2854.0,2854.0,1.6893785839769604,1.0,0.00013604153440563378,4.402982025822368e+23,93.01558697082764,13,2025-04-21 00:00:00+00:00,0,-7.670138888888889
1745244000000,4,2.236834314475766,0.03265166361164504,12.439134724314938,2.236834314475766,4.0,1.0,,,0.0,,,0.0,,,0.0,,,0.0,4.151669715053174,-1.9148354005774082,4.0,4.0,6197.75,3457.5,2.2894664035817573,0.25,0.00014659255825378776,4.483260869039733e+23,114.80436096133333,14,2025-04-21 00:00:00+00:00,0,-7.628472222222222
1745247600000,10,3.5461420601130778,0.1639062143549645,58.04486031322476,5.5488004174083345,6.0,0.6,0.5421545241701904,4.0,0.4,,,0.0,,,0.0,,,0.0,11.384095280923011,-5.835294863514675,6.0,6.0,2509.8333333333335,2386.5,1.5379599614591308,0.6666666666666666,0.000250663104909874,4.4714928832817574e+23,345.0022903019385,15,2025-04-21 00:00:00+00:00,0,-7.586805555555555
1745251200000,5,1.6708764658973856,0.0512116903987153,20.290188541807858,1.8952209924907162,3.0,0.6,2.4102051070523873,1.0,0.2,0.2585142449623929,1.0,0.2,,,0.0,,,0.0,2.1154835055572208,-0.22026251306650482,3.0,3.0,2297.3333333333335,2011.0,1.479867852950611,0.6666666666666666,0.00012865390482995717,4.4795561554651284e+23,294.4571375451989,16,2025-04-21 00:00:00+00:00,0,-7.545138888888889
1745254800000,11,3.2646428676099193,0.16457656631378773,60.335067436363865,2.7134074821054615,8.0,0.7272727272727273,4.734603895621806,3.0,0.2727272727272727,,,0.0,,,0.0,,,0.0,5.5663289537529135,-2.8529214716474516,8.0,8.0,3431.625,2978.0,1.8307967691031317,0.625,0.00021730802242356855,4.7027994450984255e+23,188.54643611820796,17,2025-04-21 00:00:00+00:00,0,-7.503472222222222
1745262000000,1,2.8346582769395385,0.010474425544326812,3.970592273582361,,,0.0,2.8346582769395385,1.0,1.0,,,0.0,,,0.0,,,0.0,,,,,,,,,0.00011519293462007227,4.7353758325706764e+23,41.62945029793047,19,2025-04-21 00:00:00+00:00,0,-7.420138888888889
1745280000000,1,1.5922905488435997,0.004296430669343115,1.6758076768408634,1.5922905488435997,1.0,1.0,,,0.0,,,0.0,,,0.0,,,0.0,0.5846772209289414,1.0076133279146582,1.0,1.0,20235.0,20235.0,4.4983330245769935,0.0,0.00010895246354039596,3.2538180782033146e+23,123.81750065550857,0,2025-04-22 00:00:00+00:00,0,-7.211805555555555
1745283600000,10,2.478566740270604,0.08534894730328932,32.84405458516905,2.4459058249004735,8.0,0.8,2.609210401751127,2.0,0.2,,,0.0,,,0.0,,,0.0,1.7751232193454143,0.6707826055550592,8.0,8.0,7597.0,2256.5,2.261942465178194,0.5,0.00016430792382766732,3.2679024733517915e+23,154.650643204942,1,2025-04-22 00:00:00+00:00,0,-7.170138888888889
1745287200000,4,2.3230878780456035,0.03219742280966736,12.206649657622055,2.3230878780456035,4.0,1.0,,,0.0,,,0.0,,,0.0,,,0.0,3.07166768815289,-0.748579810107286,4.0,4.0,2590.5,2366.5,1.4215121784495093,0.5,0.00011013830496862878,3.3321596724159075e+23,40.4425874044148,2,2025-04-22 00:00:00+00:00,0,-7.128472222222222
1745290800000,2,3.9470700036370534,0.023453580748961166,8.64465838785454,,,0.0,3.9470700036370534,2.0,1.0,,,0.0,,,0.0,,,0.0,,,,,,,,,0.0001516023221211313,3.764357091269468e+23,170.0476880512795,3,2025-04-22 00:00:00+00:00,0,-7.086805555555555
1745294400000,9,2.435170921991103,0.10994234229602386,42.17473785050126,2.657692358495726,6.0,0.6666666666666666,2.982321679113075,2.0,0.2222222222222222,0.00574078871942111,1.0,0.1111111111111111,,,0.0,,,0.0,1.805049871942617,0.8526424865531087,6.0,6.0,3072.3333333333335,2704.5,1.5961710984604889,0.5,0.00020984166165785966,4.797515747612343e+23,260.3134707225678,4,2025-04-22 00:00:00+00:00,0,-7.045138888888889
1745298000000,2,25.531735044848645,0.29262047543844594,63.068450705676526,25.531735044848645,2.0,1.0,,,0.0,,,0.0,,,0.0,,,0.0,2.956441296290712,22.575293748557932,2.0,2.0,7408.5,7408.5,2.4776836564763247,0.5,0.00019844905120118157,4.2974315683895404e+23,178.86882879035673,5,2025-04-22 00:00:00+00:00,0,-7.003472222222222
1745301600000,1,0.6622881682189158,0.005476739533802249,2.2392009675981828,0.6622881682189158,1.0,1.0,,,0.0,,,0.0,,,0.0,,,0.0,0.8281208400368273,-0.1658326718179115,1.0,1.0,2197.0,2197.0,1.4822280526288794,1.0,0.0001482842866465167,3.385222389230352e+23,120.14862690299867,6,2025-04-22 00:00:00+00:00,0,-6.961805555555555
1745305200000,10,2.3167755431615857,0.07112114192798366,27.366588497902487,2.4177555223879352,9.0,0.9,1.4079557301244434,1.0,0.1,,,0.0,,,0.0,,,0.0,3.3637310662273223,-0.9459755438393872,9.0,9.0,7206.0,2989.0,2.3330551464115836,0.5555555555555556,9.4206522042932e-05,3.3727127750095696e+23,125.99378406953299,7,2025-04-22 00:00:00+00:00,0,-6.920138888888889
1745308800000,11,1.6459628799338553,0.07286814243781976,28.542101817843097,2.189102459575879,6.0,0.5454545454545454,1.0564029430740414,4.0,0.36363636363636365,0.7453651495209707,1.0,0.09090909090909091,,,0.0,,,0.0,2.271128728100409,-0.08202626852453017,6.0,6.0,2787.0,2624.5,1.5616751015675574,0.8333333333333334,0.00014369545674820162,3.5247473540434746e+23,219.50967230467796,8,2025-04-22 00:00:00+00:00,0,-6.878472222222222
1745312400000,5,2.404676866999988,0.055412697220616224,22.298886650587,2.6423626656000874,3.0,0.6,2.048148169099839,2.0,0.4,,,0.0,,,0.0,,,0.0,2.6975403722608715,-0.05517770666078429,3.0,3.0,1896.0,1836.0,1.374985328277578,1.0,0.00011415945519601934,3.57046220436322e+23,61.30612768292555,9,2025-04-22 00:00:00+00:00,0,-6.836805555555555
1745316000000,5,3.3997707265968287,0.06433009151674311,24.500023643121885,3.3997707265968287,5.0,1.0,,,0.0,,,0.0,,,0.0,,,0.0,4.459362984774584,-1.059592258177755,5.0,5.0,1916.8,1971.0,1.3793433870847873,1.0,0.00012106693564928724,3.597874940189145e+23,94.71596013540304,10,2025-04-22 00:00:00+00:00,0,-6.795138888888889
1745319600000,2,0.967230548761266,0.009658594091798,3.8247530809013193,0.967230548761266,2.0,1.0,,,0.0,,,0.0,,,0.0,,,0.0,1.3784539854688966,-0.4112234367076307,2.0,2.0,1842.0,1842.0,1.2835719492508106,1.0,0.0001190051357363927,4.781302859198954e+23,611.7007959631625,11,2025-04-22 00:00:00+00:00,0,-6.753472222222222
1745323200000,3,2.0512064682004723,0.054098732291511305,23.250311172479556,2.0512064682004723,3.0,1.0,,,0.0,,,0.0,,,0.0,,,0.0,1.7755445615798962,0.2756619066205759,3.0,3.0,7629.666666666667,3736.0,2.394749979711021,0.3333333333333333,8.390547912857467e-05,4.850557271486864e+23,151.93088879564,12,2025-04-22 00:00:00+00:00,0,-6.711805555555555
1745326800000,7,1.7036365384270316,0.05755128038763516,22.37303984942415,1.2537168313096514,6.0,0.8571428571428571,4.403154781131312,1.0,0.14285714285714285,,,0.0,,,0.0,,,0.0,2.4561333797938376,-1.2024165484841864,6.0,6.0,5062.333333333333,4058.5,2.0357413669518354,0.5,0.0001579525286177212,4.925664741994318e+23,124.5884068460176,13,2025-04-22 00:00:00+00:00,0,-6.670138888888889
1745330400000,8,5.205144894983881,0.20745570334470803,63.99374829966675,7.311742885524407,5.0,0.625,1.694148244083004,3.0,0.375,,,0.0,,,0.0,,,0.0,11.702318026398782,-4.3905751408743745,5.0,5.0,5956.4,7916.0,2.2057934393128633,0.4,0.00022996113780002884,4.6725950820496366e+23,238.0953401182191,14,2025-04-22 00:00:00+00:00,0,-6.628472222222222
1745334000000,4,2.08699313299423,0.03904756643383038,15.193457742468581,,,0.0,2.08699313299423,4.0,1.0,,,0.0,,,0.0,,,0.0,,,,,,,,,0.00022682526492809178,4.534854663553113e+23,305.230061640967,15,2025-04-22 00:00:00+00:00,0,-6.586805555555555
1745337600000,4,1.945572749933477,0.038734506306596306,15.102628311996757,2.730078391863255,2.0,0.5,1.161067108003699,2.0,0.5,,,0.0,,,0.0,,,0.0,3.219952557988481,-0.48987416612522594,2.0,2.0,7186.5,7186.5,2.518335163170711,0.5,0.00015268245516988335,4.733667258220546e+23,111.44480126739076,16,2025-04-22 00:00:00+00:00,0,-6.545138888888889
1745344800000,1,0.0011152868756520232,0.0002022929038332736,0.08100816668343627,,,0.0,,,0.0,0.0011152868756520232,1.0,1.0,,,0.0,,,0.0,,,,,,,,,9.706049890069015e-05,4.696843326891079e+23,235.76661355939532,18,2025-04-22 00:00:00+00:00,0,-6.461805555555555
1745355600000,5,2.373652131079895,0.04280443077799011,16.192532706731594,,,0.0,2.373652131079895,5.0,1.0,,,0.0,,,0.0,,,0.0,,,,,,,,,0.0001499402567493027,4.471538245739157e+23,115.04594392382724,21,2025-04-22 00:00:00+00:00,0,-6.336805555555555
1745359200000,3,1.0654777408279392,0.014911704268512736,5.876728177999534,0.9442197081771737,2.0,0.6666666666666666,1.30799380612947,1.0,0.3333333333333333,,,0.0,,,0.0,,,0.0,0.37458676990123013,0.5696329382759435,2.0,2.0,6864.5,6864.5,2.3969405801859542,0.5,0.00011549955962276848,4.792624053300431e+23,75.72529135835407,22,2025-04-22 00:00:00+00:00,0,-6.295138888888889
1745362800000,3,2.5244401827430996,0.03350725879136977,12.411101840083532,2.5244401827430996,3.0,1.0,,,0.0,,,0.0,,,0.0,,,0.0,1.829657080526351,0.6947831022167487,3.0,3.0,10316.666666666666,7110.0,3.023076677521676,0.0,0.00012644230717041467,4.5655901472899736e+23,138.15468347249163,23,2025-04-22 00:00:00+00:00,0,-6.253472222222222
1745366400000,2,2.2761942687110843,0.014399096348960978,5.5003819786885195,,,0.0,2.2761942687110843,2.0,1.0,,,0.0,,,0.0,,,0.0,,,,,,,,,0.00015929493332015048,4.233884001042542e+23,186.07200818708813,0,2025-04-23 00:00:00+00:00,0,-6.211805555555555
1745370000000,6,0.7964099270095257,0.024514351547374552,9.878742181150756,0.7384409001952061,3.0,0.5,0.8543789538238453,3.0,0.5,,,0.0,,,0.0,,,0.0,0.41194226232409004,0.3264986378711162,3.0,3.0,1830.0,1641.0,1.1485398430670812,0.6666666666666666,0.0002462942611437218,3.580512682103032e+23,244.61690337231633,1,2025-04-23 00:00:00+00:00,0,-6.170138888888889
1745373600000,6,2.8023359250271582,0.06324011099972959,24.60872700911025,2.2889110492963156,4.0,0.6666666666666666,3.8291856764888434,2.0,0.3333333333333333,,,0.0,,,0.0,,,0.0,6.5258288440839465,-4.236917794787631,4.0,4.0,3855.5,1473.0,1.6567547062819754,0.75,0.00018683238384523235,3.730342617777279e+23,186.3823820076992,2,2025-04-23 00:00:00+00:00,0,-6.128472222222222
1745377200000,2,0.9376902402452809,0.016068038945279743,6.7260349153930274,0.9376902402452809,2.0,1.0,,,0.0,,,0.0,,,0.0,,,0.0,1.2622217756874883,-0.32453153544220736,2.0,2.0,1170.5,1170.5,0.8467012181828457,1.0,0.00015757654076708282,3.4081676255382714e+23,70.09773212718133,3,2025-04-23 00:00:00+00:00,0,-6.086805555555555
1745380800000,5,2.35785107946631,0.033470113051942293,12.788489725187775,1.8399767223881363,3.0,0.6,3.1346626150835712,2.0,0.4,,,0.0,,,0.0,,,0.0,2.8719282940875774,-1.031951571699441,3.0,3.0,5373.333333333333,2077.0,2.0876139955418203,0.6666666666666666,0.0001937812465765557,3.275987448904154e+23,131.61656598268002,4,2025-04-23 00:00:00+00:00,0,-6.045138888888889
1745384400000,3,2.9526366363073517,0.02424738620976275,9.128822763161272,3.9338475098510624,2.0,0.6666666666666666,0.9902148892199308,1.0,0.3333333333333333,,,0.0,,,0.0,,,0.0,4.42135202756213,-0.48750451771106773,2.0,2.0,1795.0,1795.0,1.2919158250144553,1.0,0.00014615453665269763,3.2809096440231285e+23,102.72657974173447,5,2025-04-23 00:00:00+00:00,0,-6.003472222222222
1745388000000,2,0.4731974847000048,0.006827258050012645,2.7838099449550104,0.4731974847000048,2.0,1.0,,,0.0,,,0.0,,,0.0,,,0.0,3.174670565805914,-2.7014730811059096,2.0,2.0,1239.0,1239.0,1.0942904865052223,1.0,0.0001381569895107027,3.5803580804899214e+23,109.95136394164204,6,2025-04-23 00:00:00+00:00,0,-5.961805555555555
1745391600000,4,1.8509626855409351,0.027395224546598283,10.517926686368027,1.6700761433350895,3.0,0.75,2.3936223121584717,1.0,0.25,,,0.0,,,0.0,,,0.0,3.3572129442296226,-1.6871368008945324,3.0,3.0,1413.6666666666667,1274.0,1.1075040399517668,1.0,0.00015113151587364636,4.013542408231476e+23,171.96024351211665,7,2025-04-23 00:00:00+00:00,0,-5.920138888888889
1745395200000,7,1.7444549257770228,0.04801527399071218,18.5916945776112,1.9578804648151755,2.0,0.2857142857142857,1.6590847101617618,5.0,0.7142857142857143,,,0.0,,,0.0,,,0.0,2.120619895604769,-0.16273943078959352,2.0,2.0,4095.0,4095.0,1.9205448140243435,0.5,0.00018563204059231383,4.481535387554842e+23,287.31847635307344,8,2025-04-23 00:00:00+00:00,0,-5.878472222222222
1745398800000,3,0.865339486638161,0.01389462786624547,5.49337189591242,0.8911092126146153,1.0,0.3333333333333333,0.8524546236499337,2.0,0.6666666666666666,,,0.0,,,0.0,,,0.0,0.24215453674316603,0.6489546758714493,1.0,1.0,7470.0,7470.0,2.7331300737432898,0.0,0.00014181746559534293,5.069050535437295e+23,158.65723455321609,9,2025-04-23 00:00:00+00:00,0,-5.836805555555555
1745402400000,13,1.5313558024117007,0.11132275875360634,43.618869575527526,1.579519527267146,7.0,0.5384615384615384,1.4211098481688105,5.0,0.38461538461538464,1.7454394996380347,1.0,0.07692307692307693,,,0.0,,,0.0,2.256371892609987,-0.6768523653428409,7.0,7.0,5495.714285714285,2415.0,2.1098482549700255,0.7142857142857143,0.000191531059878204,5.1953606381016766e+23,417.43172115954206,10,2025-04-23 00:00:00+00:00,0,-5.795138888888889
1745406000000,3,1.955833415139481,0.02340838868550019,8.861380987437375,2.3385634854572674,2.0,0.6666666666666666,1.1903732745039082,1.0,0.3333333333333333,,,0.0,,,0.0,,,0.0,4.8222084859489645,-2.4836450004916966,2.0,2.0,2176.5,2176.5,1.4747401415673238,1.0,8.74581120217553e-05,5.194959694415271e+23,113.52749367198089,11,2025-04-23 00:00:00+00:00,0,-5.753472222222222
1745409600000,1,0.37989282750507897,0.01640377479798993,7.117740995527997,,,0.0,0.37989282750507897,1.0,1.0,,,0.0,,,0.0,,,0.0,,,,,,,,,0.00018364011958438203,5.12749413409107e+23,200.87275874526438,12,2025-04-23 00:00:00+00:00,0,-5.711805555555555
1745413200000,12,1.617938424234784,0.0900054647876528,35.77098654583887,1.8905607747698605,9.0,0.75,0.802182030421061,2.0,0.16666666666666666,0.7958500570465427,1.0,0.08333333333333333,,,0.0,,,0.0,3.4655689314935083,-1.5750081567236476,9.0,9.0,5803.333333333333,2496.0,2.173042480832993,0.5555555555555556,0.0002296716495205905,4.302049502115655e+23,657.5474675947282,13,2025-04-23 00:00:00+00:00,0,-5.670138888888889
1745416800000,9,1.6338334356804498,0.06793212354460579,26.313053298514177,1.1978697696669494,7.0,0.7777777777777778,3.159706266727701,2.0,0.2222222222222222,,,0.0,,,0.0,,,0.0,1.8575785466058325,-0.6597087769388831,7.0,7.0,6375.142857142857,3406.0,2.271995216005894,0.42857142857142855,0.00021342446621348547,4.797250262848098e+23,240.9997554245259,14,2025-04-23 00:00:00+00:00,0,-5.628472222222222
1745420400000,4,2.3501251208449476,0.027421487424725575,10.431128314937052,2.3257956911299167,3.0,0.75,2.4231134099900404,1.0,0.25,,,0.0,,,0.0,,,0.0,1.673629636791614,0.6521660543383025,3.0,3.0,12137.0,10973.0,3.3427745584118576,0.0,0.00019881929660952214,3.6491061277810387e+23,243.48186829631922,15,2025-04-23 00:00:00+00:00,0,-5.586805555555555
1745424000000,1,4.336231002650147,0.013756787492637366,5.1359313370192385,,,0.0,4.336231002650147,1.0,1.0,,,0.0,,,0.0,,,0.0,,,,,,,,,0.0002140412777232616,4.0479707328324854e+23,162.9221590879043,16,2025-04-23 00:00:00+00:00,0,-5.545138888888889
1745427600000,2,0.32567674296104465,0.006935340257612872,2.8358441354908885,0.5063740734495775,1.0,0.5,0.1449794124725118,1.0,0.5,,,0.0,,,0.0,,,0.0,2.161512813143051,-1.6551387396934736,1.0,1.0,3980.0,3980.0,1.9949937343260002,0.0,0.00019573713065176827,4.396634943089927e+23,382.47509964660867,17,2025-04-23 00:00:00+00:00,0,-5.503472222222222
1745431200000,1,2.0740691689508313,0.005629684833969644,2.168693828224468,2.0740691689508313,1.0,1.0,,,0.0,,,0.0,,,0.0,,,0.0,2.0740691689508313,0.0,1.0,1.0,1059.0,1059.0,1.0290772565750348,1.0,0.0001060567870393433,3.5457583042373975e+23,70.74429482826194,18,2025-04-23 00:00:00+00:00,0,-5.461805555555555
1745434800000,3,1.9494703795299564,0.02405347309540941,9.357025423981295,2.236819039624382,2.0,0.6666666666666666,1.3747730593411052,1.0,0.3333333333333333,,,0.0,,,0.0,,,0.0,3.232901933517018,-0.9960828938926358,2.0,2.0,1801.5,1801.5,1.2697823227892373,1.0,0.00011956925673930842,4.268376275355418e+23,101.37449259905766,19,2025-04-23 00:00:00+00:00,0,-5.420138888888889
1745442000000,2,1.1797447726941352,0.013879454007892419,5.524779573730875,1.8012931059979915,1.0,0.5,0.5581964393902789,1.0,0.5,,,0.0,,,0.0,,,0.0,1.9676799051943301,-0.1663867991963386,1.0,1.0,891.0,891.0,0.9439279633531364,1.0,0.00013631785454299415,4.9052104897730065e+23,53.271988488422146,21,2025-04-23 00:00:00+00:00,0,-5.336805555555555
1745449200000,1,1.2376638689421067,0.007704370149044117,3.0801609976568627,,,0.0,1.2376638689421067,1.0,1.0,,,0.0,,,0.0,,,0.0,,,,,,,,,7.33905237663058e-05,4.6753382455889376e+23,126.3668812779142,23,2025-04-23 00:00:00+00:00,0,-5.253472222222222
1745452800000,1,17.86851061952257,0.08345228489933129,24.94434396336559,17.86851061952257,1.0,1.0,,,0.0,,,0.0,,,0.0,,,0.0,2.6762359282867183,15.192274691235852,1.0,1.0,5802.0,5802.0,2.4087341073684327,0.0,0.0001646201643831321,4.635156386267662e+23,154.07094766202664,0,2025-04-24 00:00:00+00:00,0,-5.211805555555555
1745456400000,1,0.19587380158227977,0.013896805064223068,6.08383559851861,0.19587380158227977,1.0,1.0,,,0.0,,,0.0,,,0.0,,,0.0,0.19587380158227977,0.0,1.0,1.0,49.0,49.0,0.22135943621178655,1.0,0.00014510924355226617,4.6907781296583134e+23,218.66499312053074,1,2025-04-24 00:00:00+00:00,0,-5.170138888888889
1745460000000,3,1.5001822924963246,0.022634964496098982,8.890374524650449,0.9014378613175995,2.0,0.6666666666666666,2.6976711548537753,1.0,0.3333333333333333,,,0.0,,,0.0,,,0.0,2.971379925173511,-2.069942063855912,2.0,2.0,1314.5,1314.5,1.0938459739993194,1.0,8.908034972181044e-05,4.311102873692306e+23,74.07746947975016,2,2025-04-24 00:00:00+00:00,0,-5.128472222222222
1745463600000,3,2.3782020171039098,0.021830849047720882,8.262384552119011,2.917849197651722,2.0,0.6666666666666666,1.2989076560082853,1.0,0.3333333333333333,,,0.0,,,0.0,,,0.0,0.711197245862349,2.2066519517893735,2.0,2.0,3094.0,3094.0,1.638718769351324,0.5,0.0001515370775513466,3.459251730007141e+23,91.13119922006027,3,2025-04-24 00:00:00+00:00,0,-5.086805555555555
1745467200000,5,1.773488374271625,0.03149199063280354,12.174258747950454,1.1615468230785848,2.0,0.4,2.1814494084003186,3.0,0.6,,,0.0,,,0.0,,,0.0,1.1615468230785848,0.0,2.0,2.0,4409.5,4409.5,2.099878839663866,0.0,0.00017555997811438226,3.455956817486863e+23,105.60383154792567,4,2025-04-24 00:00:00+00:00,0,-5.045138888888889
1745470800000,4,0.8907992528101256,0.01397250693853718,5.525912849462352,0.8907992528101256,4.0,1.0,,,0.0,,,0.0,,,0.0,,,0.0,2.3553117558442134,-1.4645125030340878,4.0,4.0,5647.75,4906.5,2.1381023585224286,0.5,9.516083641524357e-05,3.4819025027999335e+23,51.11064286678168,5,2025-04-24 00:00:00+00:00,0,-5.003472222222222
1745474400000,3,1.4538996168850453,0.016211736680105653,6.422139913693263,1.4538996168850453,3.0,1.0,,,0.0,,,0.0,,,0.0,,,0.0,2.9480519351945245,-1.4941523183094791,3.0,3.0,10227.666666666666,7804.0,3.0624033306786895,0.0,0.0001279779113515521,3.532779813451757e+23,36.896267918895475,6,2025-04-24 00:00:00+00:00,0,-4.961805555555555
1745478000000,4,2.2521952775905953,0.03292751758617838,12.719741602546755,1.5183890045765178,3.0,0.75,4.453614096632829,1.0,0.25,,,0.0,,,0.0,,,0.0,2.6786595694048874,-1.1602705648283695,3.0,3.0,9506.666666666666,6659.0,2.9115994836677683,0.0,0.00015026379101374318,3.514854743355374e+23,90.19167405314366,7,2025-04-24 00:00:00+00:00,0,-4.920138888888889
1745481600000,3,2.357509952348942,0.022178990758524388,8.546099383073724,2.357509952348942,3.0,1.0,,,0.0,,,0.0,,,0.0,,,0.0,2.357509952348942,0.0,3.0,3.0,3194.6666666666665,3634.0,1.6966957954616078,0.3333333333333333,0.00018972211920765264,3.5716610749310575e+23,180.40333767844757,8,2025-04-24 00:00:00+00:00,0,-4.878472222222222
1745485200000,2,2.057271439502317,0.017859366053768,6.920448029819668,2.9665685664709502,1.0,0.5,1.1479743125336834,1.0,0.5,,,0.0,,,0.0,,,0.0,4.312739868088133,-1.3461713016171823,1.0,1.0,1989.0,1989.0,1.410319112825179,1.0,0.00015574807027715068,4.6634853606472075e+23,101.07233625450031,9,2025-04-24 00:00:00+00:00,0,-4.836805555555555
1745492400000,2,1.338199259245409,0.011271278933000192,4.405892803266871,1.9257225795249684,1.0,0.5,0.7506759389658496,1.0,0.5,,,0.0,,,0.0,,,0.0,1.9257225795249684,0.0,1.0,1.0,11093.0,11093.0,3.3306155587218407,0.0,0.0001259540424559698,4.9433675254752265e+23,52.399953969808074,11,2025-04-24 00:00:00+00:00,0,-4.753472222222222
1745496000000,6,1.3499063201529562,0.059374093780862634,24.266626986895176,1.3499063201529562,6.0,1.0,,,0.0,,,0.0,,,0.0,,,0.0,0.873882494265402,0.47602382588755415,6.0,6.0,2921.8333333333335,1686.5,1.4665452220805504,0.6666666666666666,9.614086108238893e-05,5.0158463176721275e+23,67.27718474855835,12,2025-04-24 00:00:00+00:00,0,-4.711805555555555
1745499600000,1,2.1528634062090375,0.012468987391542832,4.8983992051006195,2.1528634062090375,1.0,1.0,,,0.0,,,0.0,,,0.0,,,0.0,3.318110108866978,-1.1652467026579405,1.0,1.0,571.0,571.0,0.7556454194925024,1.0,0.00011318620043704002,5.0141432736114715e+23,49.74714996782591,13,2025-04-24 00:00:00+00:00,0,-4.670138888888889
1745503200000,7,2.356669640399923,0.06607232516506496,25.04789337011227,2.611936180707008,5.0,0.7142857142857143,2.8823982141529476,1.0,0.14285714285714285,0.5546083651114747,1.0,0.14285714285714285,,,0.0,,,0.0,2.5725453249797687,0.03939085572723951,5.0,5.0,2532.4,2336.0,1.4691075341058877,0.6,0.00016237915630034304,4.875144566222096e+23,150.91717622800454,14,2025-04-24 00:00:00+00:00,0,-4.628472222222222
1745506800000,1,2.1144047800286887,0.012132772171940987,4.865156173162126,2.1144047800286887,1.0,1.0,,,0.0,,,0.0,,,0.0,,,0.0,1.9468393655114542,0.1675654145172345,1.0,1.0,1878.0,1878.0,1.3704014010500718,1.0,0.00014482717883424303,4.18938577551495e+23,183.54399064623783,15,2025-04-24 00:00:00+00:00,0,-4.586805555555555
1745510400000,1,1.293665244383479,0.004541033910426661,1.773230672204855,1.293665244383479,1.0,1.0,,,0.0,,,0.0,,,0.0,,,0.0,0.7941473979028663,0.4995178464806128,1.0,1.0,8601.0,8601.0,2.9327461533518377,0.0,0.00011976206862134794,4.323614341540678e+23,83.90753464134326,16,2025-04-24 00:00:00+00:00,0,-4.545138888888889
1745514000000,21,2.0247205191884294,0.23414406443873134,91.13054481229746,2.1098883640187895,13.0,0.6190476190476191,1.8863227713390935,8.0,0.38095238095238093,,,0.0,,,0.0,,,0.0,2.3313551673537427,-0.2214668033349533,13.0,13.0,3166.846153846154,2176.0,1.6617913744710888,0.6923076923076923,0.0002174846033395634,4.923305373301406e+23,295.55020297087225,17,2025-04-24 00:00:00+00:00,0,-4.503472222222222
1745517600000,4,1.4253779399056805,0.03864430465488307,15.445270518222138,1.2275333298478404,3.0,0.75,2.018911770079201,1.0,0.25,,,0.0,,,0.0,,,0.0,0.7249915417190328,0.5025417881288075,3.0,3.0,18482.0,4107.0,3.2927650210740818,0.3333333333333333,0.00010335992045318104,5.022175011150598e+23,43.01699475643968,18,2025-04-24 00:00:00+00:00,0,-4.461805555555555
1745521200000,1,5.212052526659149,0.023216176337669103,8.53876004588428,5.212052526659149,1.0,1.0,,,0.0,,,0.0,,,0.0,,,0.0,5.883902221223724,-0.6718496945645747,1.0,1.0,3069.0,3069.0,1.751856158478772,0.0,8.227686054778786e-05,5.011883999317601e+23,74.69850330689079,19,2025-04-24 00:00:00+00:00,0,-4.420138888888889
1745524800000,1,1.4332094864261342,0.005082286236385936,1.9792828675491503,,,0.0,1.4332094864261342,1.0,1.0,,,0.0,,,0.0,,,0.0,,,,,,,,,9.082673956581105e-05,4.562373961077718e+23,124.69732168861925,20,2025-04-24 00:00:00+00:00,0,-4.378472222222222
1745528400000,4,1.9427596913252017,0.02622737172406524,10.149401926634267,2.090556332426407,2.0,0.5,1.7949630502239962,2.0,0.5,,,0.0,,,0.0,,,0.0,2.0069586292387416,0.08359770318766557,2.0,2.0,2635.0,2635.0,1.6232064642825574,1.0,0.00012847787148314438,4.16611594842913e+23,65.56471868523063,21,2025-04-24 00:00:00+00:00,0,-4.336805555555555
1745532000000,4,1.187203826090188,0.03912554782754689,16.279336287033857,1.5776805964113012,1.0,0.25,0.5888307972618184,2.0,0.5,1.993473113425814,1.0,0.25,,,0.0,,,0.0,1.5776805964113012,0.0,1.0,1.0,2785.0,2785.0,1.6688319268278637,1.0,0.00014890157825044953,3.928811664990843e+23,77.60463570776898,22,2025-04-24 00:00:00+00:00,0,-4.295138888888889
1745542800000,4,1.5617500170800542,0.01910769717997318,7.436767684398092,1.2866574067632803,2.0,0.5,1.8368426273968281,2.0,0.5,,,0.0,,,0.0,,,0.0,1.2867940134925422,-0.00013660672926185669,2.0,2.0,19400.5,19400.5,4.32155806411914,0.0,0.00015105900478275808,3.728884148299437e+23,82.2928746503383,1,2025-04-25 00:00:00+00:00,0,-4.170138888888889
1745546400000,1,4.3127477351307055,0.016926807656980892,6.303650431807313,,,0.0,4.3127477351307055,1.0,1.0,,,0.0,,,0.0,,,0.0,,,,,,,,,0.00013479463879440695,4.580673267505798e+23,137.14278390977012,2,2025-04-25 00:00:00+00:00,0,-4.128472222222222
1745550000000,4,1.4229829726039807,0.03196146913038372,12.63772749653673,1.647484599259992,3.0,0.75,0.7494780926359462,1.0,0.25,,,0.0,,,0.0,,,0.0,1.9795024833004617,-0.33201788404046956,3.0,3.0,7621.0,4999.0,2.4868529566224993,0.3333333333333333,8.811827643669717e-05,4.963855832971808e+23,53.316566938067204,3,2025-04-25 00:00:00+00:00,0,-4.086805555555555
1745553600000,2,1.4101613943557019,0.03575868767764745,15.194937298894029,1.4101613943557019,2.0,1.0,,,0.0,,,0.0,,,0.0,,,0.0,1.4932827660080412,-0.08312137165233935,2.0,2.0,1553.0,1553.0,1.0433790262415557,1.0,0.00018920156617041142,4.502459478645173e+23,124.50933679086219,4,2025-04-25 00:00:00+00:00,0,-4.045138888888889
1745557200000,7,3.0592463912751207,0.12570233390193267,54.735172626364,6.858617642361863,2.0,0.2857142857142857,1.539497890840424,5.0,0.7142857142857143,,,0.0,,,0.0,,,0.0,1.3775044502956297,5.481113192066234,2.0,2.0,4779.0,4779.0,2.1268592532864705,0.5,0.00020896174766173463,3.8298868608330336e+23,372.9515910054143,5,2025-04-25 00:00:00+00:00,0,-4.003472222222222
1745560800000,19,3.2015295232694214,0.2332256690651505,89.65596239656527,3.102083535779254,17.0,0.8947368421052632,4.046820416935847,2.0,0.10526315789473684,,,0.0,,,0.0,,,0.0,3.8378770312825536,-0.7357934955032993,17.0,17.0,2321.6470588235293,1470.0,1.4125110508293537,0.5882352941176471,0.00045071060380380166,3.3903250726754104e+23,682.2899277324352,6,2025-04-25 00:00:00+00:00,0,-3.9618055555555554
1745564400000,7,2.9173297061000416,0.06993524182725652,26.30928173707909,1.84345208363581,5.0,0.7142857142857143,5.602023762260621,2.0,0.2857142857142857,,,0.0,,,0.0,,,0.0,2.6332916675001696,-0.78983958386436,5.0,5.0,4701.0,2148.0,2.033989924186486,0.6,0.0002510416148053707,3.8692365795768335e+23,281.0763892499476,7,2025-04-25 00:00:00+00:00,0,-3.920138888888889
1745568000000,10,2.419476762776784,0.09436204348360724,36.96747943872812,2.5889311117042766,9.0,0.9,0.8943876224293484,1.0,0.1,,,0.0,,,0.0,,,0.0,3.192877776436938,-0.6039466647326611,9.0,9.0,1989.5555555555557,1457.0,1.3127002968913448,0.7777777777777778,0.00031669204463732935,3.4166172970536e+23,500.9916792026083,8,2025-04-25 00:00:00+00:00,0,-3.8784722222222223
1745571600000,13,3.235708542526319,0.20242409032153214,76.51288737814654,3.0588295133331607,10.0,0.7692307692307693,3.8253053065035125,3.0,0.23076923076923078,,,0.0,,,0.0,,,0.0,4.081800634374266,-1.0229711210411052,10.0,10.0,2698.5,2657.0,1.559077185783181,0.7,0.00026472974253175115,4.178411746782378e+23,623.7071422847802,9,2025-04-25 00:00:00+00:00,0,-3.8368055555555554
1745575200000,5,2.309590591146903,0.06940100081475525,27.374839034745975,2.7323268128093487,4.0,0.8,0.6186457044971222,1.0,0.2,,,0.0,,,0.0,,,0.0,6.571337115658404,-3.839010302849055,4.0,4.0,1987.75,1205.5,1.3195964628686596,0.75,0.00016727542792654637,4.272889972607874e+23,244.94420755215953,10,2025-04-25 00:00:00+00:00,0,-3.795138888888889
1745578800000,3,2.980395006665196,0.03173327750092661,11.870133663510671,2.980395006665196,3.0,1.0,,,0.0,,,0.0,,,0.0,,,0.0,1.417997689661317,1.5623973170038792,3.0,3.0,3513.3333333333335,3404.0,1.8104026628799552,0.3333333333333333,0.0001903022607929675,4.35266642900288e+23,166.67847713618556,11,2025-04-25 00:00:00+00:00,0,-3.7534722222222223
1745582400000,12,2.1103699054835627,0.13981475563005688,53.25963389597398,1.0909880847739712,9.0,0.75,2.0573753266778456,2.0,0.16666666666666666,11.390795449481317,1.0,0.08333333333333333,,,0.0,,,0.0,1.0360375381199178,0.054950546654053425,9.0,9.0,5959.555555555556,3573.0,2.136713716994108,0.4444444444444444,0.00018497215485817095,4.60918196487386e+23,264.1361198017075,12,2025-04-25 00:00:00+00:00,0,-3.7118055555555554
1745586000000,5,0.9998459482870811,0.029829348473103576,11.83807665154805,1.232083602781286,4.0,0.8,,,0.0,0.07089533031026055,1.0,0.2,,,0.0,,,0.0,1.2307494398469894,0.0013341629342966677,4.0,4.0,3572.75,2548.5,1.7260157948462544,0.75,0.00021726610729544228,4.757923889106217e+23,227.37175705052593,13,2025-04-25 00:00:00+00:00,0,-3.670138888888889
1745589600000,10,2.4789347364833287,0.11404555313140866,43.64742340754903,2.763553283702696,8.0,0.8,1.340460547605859,2.0,0.2,,,0.0,,,0.0,,,0.0,2.2571930768114585,0.5063602068912376,8.0,8.0,3441.375,2347.0,1.682969678719657,0.75,0.00016191015380907377,4.5288502845977496e+23,157.124672568494,14,2025-04-25 00:00:00+00:00,0,-3.6284722222222223
1745593200000,11,2.9633318701767335,0.13666673207286548,51.32537647559306,2.614560913494472,7.0,0.6363636363636364,3.573681044370691,4.0,0.36363636363636365,,,0.0,,,0.0,,,0.0,2.157285790508435,0.45727512298603706,7.0,7.0,2692.285714285714,1349.0,1.4744179918432416,0.7142857142857143,0.0001989329675456622,4.640256285320663e+23,333.62264157545866,15,2025-04-25 00:00:00+00:00,0,-3.5868055555555554
1745596800000,5,1.7373908214225682,0.04284270683314119,16.87030536574881,1.525779498209889,4.0,0.8,2.5838361142732853,1.0,0.2,,,0.0,,,0.0,,,0.0,7.947857142455739,-6.422077644245849,4.0,4.0,6006.5,1513.5,1.955486001932527,0.75,0.00016650836953082475,4.8010130969986193e+23,207.03332978191528,16,2025-04-25 00:00:00+00:00,0,-3.545138888888889
1745600400000,3,4.012373191652877,0.06141630206025165,23.644935527542998,4.012373191652877,3.0,1.0,,,0.0,,,0.0,,,0.0,,,0.0,12.323099150874762,-8.310725959221887,3.0,3.0,1746.3333333333333,1268.0,1.2902370129413379,1.0,0.00015160296067877715,4.888715519444526e+23,127.24066605514818,17,2025-04-25 00:00:00+00:00,0,-3.5034722222222223
1745604000000,3,1.611879932036582,0.021218331460978263,8.242053599496069,1.3856975356735464,1.0,0.3333333333333333,1.7249711302181,2.0,0.6666666666666666,,,0.0,,,0.0,,,0.0,0.5578055872673898,0.8278919484061565,1.0,1.0,8471.0,8471.0,2.910498239133637,0.0,7.990999791963662e-05,4.8895284189386636e+23,60.49610545517435,18,2025-04-25 00:00:00+00:00,0,-3.4618055555555554
1745607600000,3,1.322535236385687,0.02995397677168665,12.037869335805816,0.9353332324940838,1.0,0.3333333333333333,1.5161362383314887,2.0,0.6666666666666666,,,0.0,,,0.0,,,0.0,2.598009075484597,-1.662675842990513,1.0,1.0,17051.0,17051.0,4.12928565250698,0.0,0.00013812835962552972,4.9384127821994626e+23,89.179437916305,19,2025-04-25 00:00:00+00:00,0,-3.420138888888889
1745611200000,1,3.3510791081909015,0.01330176046484826,4.989052193070817,3.3510791081909015,1.0,1.0,,,0.0,,,0.0,,,0.0,,,0.0,3.3510791081909015,0.0,1.0,1.0,2699.0,2699.0,1.6428633540255257,1.0,6.37673261992781e-05,4.953768087356948e+23,61.31413198238751,20,2025-04-25 00:00:00+00:00,0,-3.3784722222222223
1745614800000,2,0.6270295793159514,0.010924395805234341,4.409063486784265,0.7679627574747266,1.0,0.5,0.4860964011571762,1.0,0.5,,,0.0,,,0.0,,,0.0,1.2684087382103466,-0.50044598073562,1.0,1.0,3190.0,3190.0,1.786057109949175,0.0,8.567933132317433e-05,4.964602130917752e+23,40.47480955818743,21,2025-04-25 00:00:00+00:00,0,-3.3368055555555554
1745618400000,6,1.7733270170626234,0.07406976264263031,30.471963490172357,2.1715167795035417,3.0,0.5,1.3751372546217049,3.0,0.5,,,0.0,,,0.0,,,0.0,3.722753047879893,-1.551236268376351,3.0,3.0,1672.0,1999.0,1.2434568396453896,1.0,0.00016154127574859897,4.9909428725228955e+23,131.03252257056806,22,2025-04-25 00:00:00+00:00,0,-3.295138888888889
1745622000000,4,1.2944669960457618,0.030432180778133033,12.026858354968393,1.2944669960457618,4.0,1.0,,,0.0,,,0.0,,,0.0,,,0.0,1.6289533402402907,-0.33448634419452894,4.0,4.0,4892.25,4567.0,1.930985870506407,0.5,8.882135655404377e-05,4.9022160423986695e+23,39.515277598608,23,2025-04-25 00:00:00+00:00,0,-3.2534722222222223
1745625600000,9,2.6736762401841303,0.10667876982972466,40.61008985696749,2.384393429142101,7.0,0.7777777777777778,3.6861660788312314,2.0,0.2222222222222222,,,0.0,,,0.0,,,0.0,1.8516522260055428,0.5327412031365585,7.0,7.0,8154.285714285715,2692.0,2.3606810384385923,0.7142857142857143,0.00014192834698456897,4.617522391297003e+23,203.2579312365186,0,2025-04-26 00:00:00+00:00,0,-3.2118055555555554
1745629200000,3,15.444519089995651,0.25847460310996756,82.72721617921117,15.444519089995651,3.0,1.0,,,0.0,,,0.0,,,0.0,,,0.0,19.020864046069306,-3.576344956073655,3.0,3.0,2753.3333333333335,714.0,1.42415905313917,0.6666666666666666,0.00019864068755154826,4.337504599104709e+23,215.76613140945682,1,2025-04-26 00:00:00+00:00,0,-3.170138888888889
1745632800000,3,3.555454604569652,0.03772508594195739,14.048528621690371,2.394060157094335,1.0,0.3333333333333333,3.4532342403043255,1.0,0.3333333333333333,4.8190694163102945,1.0,0.3333333333333333,,,0.0,,,0.0,2.5591777281636303,-0.16511757106929537,1.0,1.0,2135.0,2135.0,1.4611639196202457,1.0,0.0001250845394931788,4.356984949387215e+23,101.08416570501066,2,2025-04-26 00:00:00+00:00,0,-3.1284722222222223
1745636400000,6,2.7042765800962947,0.10278715036869804,42.536877887779454,2.2814763922524235,5.0,0.8333333333333334,4.818277519315649,1.0,0.16666666666666666,,,0.0,,,0.0,,,0.0,4.557395095345828,-2.2759187030934047,5.0,5.0,2124.8,1293.0,1.35781180151036,0.6,0.00014104329137383582,4.351349767517291e+23,80.26670143270302,3,2025-04-26 00:00:00+00:00,0,-3.0868055555555554
1745640000000,2,2.5081496070861404,0.02547335552630165,9.986277777382238,2.4985872170541152,1.0,0.5,2.5177119971181656,1.0,0.5,,,0.0,,,0.0,,,0.0,0.04638957880889142,2.4521976382452237,1.0,1.0,1617.0,1617.0,1.2716131487209466,1.0,0.00010339470341314944,4.6113890609077574e+23,131.0974674655905,4,2025-04-26 00:00:00+00:00,0,-3.045138888888889
1745647200000,1,4.667275125909719,0.019551020058781014,7.161708605754959,,,0.0,4.667275125909719,1.0,1.0,,,0.0,,,0.0,,,0.0,,,,,,,,,0.00010348642576640078,4.783584295521476e+23,133.2371129572517,6,2025-04-26 00:00:00+00:00,0,-2.9618055555555554
1745650800000,7,3.830102407978928,0.12675919889886958,44.37394335721467,2.3469449704144547,4.0,0.5714285714285714,8.338405258113157,2.0,0.2857142857142857,0.7461264579683652,1.0,0.14285714285714285,,,0.0,,,0.0,4.430974208169702,-2.084029237755247,4.0,4.0,12348.25,11149.0,3.2293760290475566,0.25,0.00013450626700419523,4.483491236671563e+23,110.0725645973498,7,2025-04-26 00:00:00+00:00,0,-2.920138888888889
1745654400000,7,1.9115766177598275,0.06486510191088585,24.85172772627216,2.0022758041181064,6.0,0.8571428571428571,1.3673814996101537,1.0,0.14285714285714285,,,0.0,,,0.0,,,0.0,1.929319195561444,0.07295660855666249,6.0,6.0,2711.5,2091.5,1.5283133012778416,0.6666666666666666,0.00015411911930510104,4.625588612528029e+23,111.20214790952414,8,2025-04-26 00:00:00+00:00,0,-2.8784722222222223
1745658000000,5,1.946824748036002,0.056888148543168114,22.328924640204868,1.8979403543709301,4.0,0.8,2.142362322696289,1.0,0.2,,,0.0,,,0.0,,,0.0,2.0230828053805157,-0.12514245100958554,4.0,4.0,6140.75,3355.0,2.209792640386139,0.25,0.00014649821307069944,4.937311198767328e+23,70.01760637368537,9,2025-04-26 00:00:00+00:00,0,-2.8368055555555554
1745661600000,2,1.4722026265895578,0.014350455878569108,5.578052234895521,1.4722026265895578,2.0,1.0,,,0.0,,,0.0,,,0.0,,,0.0,1.3895634685257225,0.08263915806383527,2.0,2.0,3688.5,3688.5,1.920307232550754,0.0,0.00013290925717738026,4.634752967584792e+23,160.75128148972465,10,2025-04-26 00:00:00+00:00,0,-2.795138888888889
1745665200000,10,1.6575098896666414,0.09921592819433685,39.17989782340377,1.6064826972787845,7.0,0.7,1.182608920720662,2.0,0.2,2.9645021742735973,1.0,0.1,,,0.0,,,0.0,2.2464841175331807,-0.6400014202543959,7.0,7.0,5169.714285714285,5535.0,2.158439864182913,0.2857142857142857,0.00013414789585045706,4.966741890789184e+23,175.05110958834385,11,2025-04-26 00:00:00+00:00,0,-2.7534722222222223
1745668800000,4,2.2031127400373935,0.03984929464955339,15.091694697194468,3.319346519055654,2.0,0.5,1.0868789610191327,2.0,0.5,,,0.0,,,0.0,,,0.0,3.4843535580769904,-0.1650070390213365,2.0,2.0,1557.5,1557.5,1.24373102119768,1.0,0.00013785259830144638,5.151019075991225e+23,68.50339274946487,12,2025-04-26 00:00:00+00:00,0,-2.7118055555555554
1745672400000,5,1.8511306017007452,0.04796945171121849,18.65485072256453,2.023510113729498,2.0,0.4,1.7362109270149098,3.0,0.6,,,0.0,,,0.0,,,0.0,2.6873430574031683,-0.6638329436736701,2.0,2.0,2352.0,2352.0,1.5309331781071305,1.0,0.0001561258099638911,5.163499506118185e+23,178.55512785581976,13,2025-04-26 00:00:00+00:00,0,-2.670138888888889
1745676000000,9,1.851844238405808,0.08794289591807937,33.938659897296525,1.5967691803736799,6.0,0.6666666666666666,2.3619943544700646,3.0,0.3333333333333333,,,0.0,,,0.0,,,0.0,2.9418468036276195,-1.3450776232539392,6.0,6.0,2284.1666666666665,1769.0,1.4517891854361775,0.8333333333333334,0.000145406647052404,5.142945154096664e+23,239.8561337318582,14,2025-04-26 00:00:00+00:00,0,-2.6284722222222223
1745679600000,4,1.8230209622813405,0.045635430443117686,17.826045846843197,2.451945201052429,2.0,0.5,1.5670884946556103,1.0,0.25,0.8211049523648922,1.0,0.25,,,0.0,,,0.0,6.253942900783538,-3.8019976997311082,2.0,2.0,1854.0,1854.0,1.3410055993306274,1.0,0.000125126363098811,4.949728849700462e+23,185.47768874970433,15,2025-04-26 00:00:00+00:00,0,-2.5868055555555554
1745683200000,8,5.059988065512243,0.1873726695008514,67.79032626567587,4.609636885642442,6.0,0.75,10.426777995484215,1.0,0.125,2.39530521475908,1.0,0.125,,,0.0,,,0.0,4.152719482830602,0.45691740281184057,6.0,6.0,4143.666666666667,2312.0,1.7379129339733448,0.8333333333333334,0.00023360168696000193,4.836943712928846e+23,337.4390723274763,16,2025-04-26 00:00:00+00:00,0,-2.545138888888889
1745686800000,1,0.9457852782485338,0.006199190301605967,2.4647248491095497,,,0.0,0.9457852782485338,1.0,1.0,,,0.0,,,0.0,,,0.0,,,,,,,,,0.00011888877711416131,5.202792467796854e+23,65.82873479870858,17,2025-04-26 00:00:00+00:00,0,-2.5034722222222223
1745690400000,4,1.5731555062742593,0.048483021190536574,19.494385493507274,1.808527556962206,3.0,0.75,0.8670393542104188,1.0,0.25,,,0.0,,,0.0,,,0.0,2.8530445862109244,-1.0445170292487187,3.0,3.0,16888.0,3075.0,3.298743908798874,0.3333333333333333,0.00010294923968868781,5.209633791671746e+23,77.87718628892652,18,2025-04-26 00:00:00+00:00,0,-2.4618055555555554
1745694000000,1,1.5120793602169331,0.0069109147633883575,2.703806225095479,1.5120793602169331,1.0,1.0,,,0.0,,,0.0,,,0.0,,,0.0,2.007762438477911,-0.4956830782609778,1.0,1.0,494.0,494.0,0.7028513356322231,1.0,7.777179125097045e-05,5.176487188223825e+23,63.22692142670043,19,2025-04-26 00:00:00+00:00,0,-2.420138888888889
1745704800000,5,1.1128925485096803,0.04744593642457881,19.09763029479764,1.9096195104279174,2.0,0.4,0.33075803303641516,2.0,0.4,1.0837076556197363,1.0,0.2,,,0.0,,,0.0,3.2290395582684974,-1.3194200478405802,2.0,2.0,2404.5,2404.5,1.533438000198351,0.5,0.00012431801768786612,5.285648338968446e+23,104.45288591904173,22,2025-04-26 00:00:00+00:00,0,-2.295138888888889
1745708400000,3,3.517307502834432,0.04931077471547904,18.317148595516553,2.3330725425868777,2.0,0.6666666666666666,5.88577742332954,1.0,0.3333333333333333,,,0.0,,,0.0,,,0.0,2.2509236105339387,0.08214893205293894,2.0,2.0,5158.0,5158.0,2.261533379798405,0.0,9.835076083535836e-05,5.2728905843633096e+23,67.29042526556036,23,2025-04-26 00:00:00+00:00,0,-2.2534722222222223
1745715600000,2,0.3531681996910225,0.009673938519901469,3.928072873130026,0.21575033043621464,1.0,0.5,0.4905860689458303,1.0,0.5,,,0.0,,,0.0,,,0.0,0.21575033043621464,0.0,1.0,1.0,10736.0,10736.0,3.276583586603583,0.0,0.00023167270327235353,4.4750986896219286e+23,273.50093013262426,1,2025-04-27 00:00:00+00:00,0,-2.170138888888889
1745719200000,3,1.614809295059845,0.023719332326451396,9.539698929742753,0.8788681892463396,1.0,0.3333333333333333,1.9827798479665977,2.0,0.6666666666666666,,,0.0,,,0.0,,,0.0,1.2101462924679836,-0.33127810322164397,1.0,1.0,5278.0,5278.0,2.2973898232559486,0.0,0.00019361193105311771,3.4749514544401886e+23,64.16051913915403,2,2025-04-27 00:00:00+00:00,0,-2.1284722222222223
1745722800000,5,2.64006671622754,0.03948779891215985,14.993401199765193,2.963769934224447,4.0,0.8,1.3452538442399127,1.0,0.2,,,0.0,,,0.0,,,0.0,5.588945955119517,-2.62517602089507,4.0,4.0,4822.0,3954.0,1.9515097893757694,0.5,0.00011092258050508861,3.519809659124651e+23,45.02029140824299,3,2025-04-27 00:00:00+00:00,0,-2.0868055555555554
1745726400000,3,1.0188781341759892,0.018642780869108956,7.5489886988774035,1.0188781341759892,3.0,1.0,,,0.0,,,0.0,,,0.0,,,0.0,2.6798416189446184,-1.6609634847686294,3.0,3.0,24104.333333333332,28999.0,4.4066533625385516,0.3333333333333333,0.0001545911636161568,3.5219711943940354e+23,104.58278940881404,4,2025-04-27 00:00:00+00:00,0,-2.045138888888889
1745730000000,1,5.566992372221823,0.01623626632991084,5.853360553680406,,,0.0,5.566992372221823,1.0,1.0,,,0.0,,,0.0,,,0.0,,,,,,,,,0.00016721570181139182,3.476576588354699e+23,48.14962702628779,5,2025-04-27 00:00:00+00:00,0,-2.0034722222222223
1745737200000,8,1.8104353295919857,0.060201714582073115,23.73991116403053,1.7136013422708534,6.0,0.75,2.100937291555382,2.0,0.25,,,0.0,,,0.0,,,0.0,2.2955543934633167,-0.5819530511924631,6.0,6.0,7460.0,2106.0,2.1270329057347914,0.8333333333333334,0.00020156857308396131,3.558104390086352e+23,113.05712022552676,7,2025-04-27 00:00:00+00:00,0,-1.9201388888888888
1745740800000,3,2.0205241056694256,0.026674509881168658,10.42491582302796,1.3823334806306815,2.0,0.6666666666666666,3.296905355746915,1.0,0.3333333333333333,,,0.0,,,0.0,,,0.0,2.297239286159791,-0.9149058055291093,2.0,2.0,4490.0,4490.0,2.118962010041709,0.0,9.602542865679187e-05,3.777469318130067e+23,77.59783715871959,8,2025-04-27 00:00:00+00:00,0,-1.8784722222222223
1745744400000,2,1.9225391892086159,0.015300812417022313,5.89029691130221,2.2954519551149573,1.0,0.5,1.5496264233022745,1.0,0.5,,,0.0,,,0.0,,,0.0,2.2954519551149573,0.0,1.0,1.0,8076.0,8076.0,2.841830396065184,0.0,8.732201613613998e-05,4.8966933324516046e+23,96.32819817141225,9,2025-04-27 00:00:00+00:00,0,-1.8368055555555556
1745755200000,2,2.95816404900675,0.03129700793341044,11.939502361952645,4.725022626856389,1.0,0.5,1.191305471157111,1.0,0.5,,,0.0,,,0.0,,,0.0,0.7982580567039926,3.9267645701523963,1.0,1.0,8489.0,8489.0,2.9135888522576416,0.0,0.00014859705907367248,5.2014023848919174e+23,108.1026349640378,12,2025-04-27 00:00:00+00:00,0,-1.7118055555555556
1745758800000,3,1.6096996213264578,0.025651291092376318,10.028269184264724,,,0.0,1.6096996213264578,3.0,1.0,,,0.0,,,0.0,,,0.0,,,,,,,,,0.00015741142929197728,4.990657877470123e+23,140.8344076599096,13,2025-04-27 00:00:00+00:00,0,-1.6701388888888888
1745762400000,4,5.447312756135547,0.11387132162514035,39.15093075156637,0.1436869088705878,1.0,0.25,7.215188038557199,3.0,0.75,,,0.0,,,0.0,,,0.0,0.1436869088705878,0.0,1.0,1.0,2230.0,2230.0,1.493318452306808,1.0,8.528983435406096e-05,5.2954039507094115e+23,188.3233003286769,14,2025-04-27 00:00:00+00:00,0,-1.6284722222222223
1745766000000,2,0.42449899886944864,0.0065975767559862146,2.6380883678531983,0.42449899886944864,2.0,1.0,,,0.0,,,0.0,,,0.0,,,0.0,0.42449899886944864,0.0,2.0,2.0,1832.5,1832.5,1.3326694319058348,1.0,9.828944036868864e-05,5.048699153825631e+23,79.34055778559645,15,2025-04-27 00:00:00+00:00,0,-1.5868055555555556
1745769600000,2,1.6616982844991575,0.014887844843054773,5.78530593755515,2.379836986780592,1.0,0.5,0.9435595822177228,1.0,0.5,,,0.0,,,0.0,,,0.0,2.7142390356366337,-0.33440204885604174,1.0,1.0,1441.0,1441.0,1.20041659435381,1.0,7.462185777719376e-05,4.840983605365288e+23,95.86406073016231,16,2025-04-27 00:00:00+00:00,0,-1.5451388888888888
1745773200000,5,3.054752978058372,0.0520515774059011,19.592409123781593,3.2780913939595364,3.0,0.6,2.719745354206626,2.0,0.4,,,0.0,,,0.0,,,0.0,1.6346904937035198,1.6434009002560164,3.0,3.0,5948.333333333333,5825.0,2.384456020243396,0.0,0.00011349582834790085,3.769662409360566e+23,51.50061270179618,17,2025-04-27 00:00:00+00:00,0,-1.5034722222222223
1745776800000,3,3.4604771578108227,0.04144407943334212,15.10017670653319,0.6614140938671292,1.0,0.3333333333333333,1.048365376245552,1.0,0.3333333333333333,8.671652003319785,1.0,0.3333333333333333,,,0.0,,,0.0,0.6614140938671292,0.0,1.0,1.0,8793.0,8793.0,2.965299310356376,0.0,0.000122540629588451,3.7441333955628026e+23,29.92426474815254,18,2025-04-27 00:00:00+00:00,0,-1.4618055555555556
1745780400000,2,1.1567483135249907,0.01014704988277374,4.03705484837721,1.1567483135249907,2.0,1.0,,,0.0,,,0.0,,,0.0,,,0.0,2.8168349603324923,-1.6600866468075015,2.0,2.0,10224.0,10224.0,3.19529830330197,0.0,8.832130277804523e-05,3.551897250989345e+23,48.95852990171488,19,2025-04-27 00:00:00+00:00,0,-1.4201388888888888
1745798400000,2,0.8227549642264793,0.010077110674207596,4.058040652419909,0.8227549642264793,2.0,1.0,,,0.0,,,0.0,,,0.0,,,0.0,1.2380804697870391,-0.4153255055605598,2.0,2.0,8895.0,8895.0,2.9577908788822347,0.0,0.00017212210668230253,3.5213354547828646e+23,103.50542824052074,0,2025-04-28 00:00:00+00:00,0,-1.2118055555555556
1745802000000,1,1.1410133796735606,0.006457248089852581,2.594113423241045,1.1410133796735606,1.0,1.0,,,0.0,,,0.0,,,0.0,,,0.0,0.14988808909657206,0.9911252905769886,1.0,1.0,8955.0,8955.0,2.9924906014890005,0.0,0.00017713348492367335,3.319595035662948e+23,167.84975681888818,1,2025-04-28 00:00:00+00:00,0,-1.1701388888888888
1745805600000,1,1.7273005977064488,0.010229632469463065,4.159739924934678,1.7273005977064488,1.0,1.0,,,0.0,,,0.0,,,0.0,,,0.0,2.5591136971242707,-0.8318130994178219,1.0,1.0,28736.0,28736.0,5.360596981680305,0.0,8.807341737895312e-05,3.38010084628248e+23,48.5797437009529,2,2025-04-28 00:00:00+00:00,0,-1.1284722222222223
1745809200000,2,4.401872008679163,0.02475961145755732,9.075733820848289,5.353938111569167,1.0,0.5,3.44980590578916,1.0,0.5,,,0.0,,,0.0,,,0.0,0.5293475744289283,4.824590537140239,1.0,1.0,21272.0,21272.0,4.612157846388174,0.0,0.00017496370763207147,3.496771039092769e+23,132.89315081754745,3,2025-04-28 00:00:00+00:00,0,-1.0868055555555556
1745812800000,1,4.556574796372192,0.015728762997768715,5.814980945416262,4.556574796372192,1.0,1.0,,,0.0,,,0.0,,,0.0,,,0.0,9.6623187491657,-5.105743952793508,1.0,1.0,3053.0,3053.0,1.7472836060582724,0.0,0.0001154077910733613,3.929370906710105e+23,105.55548639149907,4,2025-04-28 00:00:00+00:00,0,-1.0451388888888888
1745820000000,13,4.120413796809638,0.2504580947175647,93.94135117548828,4.463441412653501,12.0,0.9230769230769231,,,0.0,0.004082406683280672,1.0,0.07692307692307693,,,0.0,,,0.0,2.064390333884913,2.399051078768588,12.0,12.0,2626.5,2166.0,1.5302911956932645,0.6666666666666666,0.0003995306633059687,4.160345377844679e+23,899.9249398215231,6,2025-04-28 00:00:00+00:00,0,-0.9618055555555556
1745823600000,6,1.961907809738098,0.04183650564838451,16.010575315710717,2.5297311131847406,4.0,0.6666666666666666,0.8262612028448131,2.0,0.3333333333333333,,,0.0,,,0.0,,,0.0,3.8922770711577677,-1.362545957973027,4.0,4.0,6046.25,6407.5,2.199637946503488,0.5,0.0002650601289390054,3.497852746952401e+23,368.4118249594577,7,2025-04-28 00:00:00+00:00,0,-0.9201388888888888
1745827200000,12,2.829755101566692,0.12656352154798772,94.94450252647343,2.762431392324307,7.0,0.5833333333333334,2.9240082945060304,5.0,0.4166666666666667,,,0.0,,,0.0,,,0.0,2.8097698151348793,-0.04733842281057221,7.0,7.0,1864.2857142857142,977.0,1.192889151144009,0.8571428571428571,0.00023995054043725067,3.8100261612711975e+23,522.6179224141491,8,2025-04-28 00:00:00+00:00,0,-0.8784722222222222
1745830800000,20,2.053978926582955,0.21472761360959472,80.33550877707377,1.9094291189458312,9.0,0.45,3.3233582573890907,7.0,0.35,0.15780216485574652,4.0,0.2,,,0.0,,,0.0,3.564891094424974,-1.655461975479142,9.0,9.0,2461.777777777778,2454.0,1.543361171147999,0.6666666666666666,0.0002842548610471135,4.452722411610909e+23,752.8301593159497,9,2025-04-28 00:00:00+00:00,0,-0.8368055555555556
1745834400000,8,1.8151444122438625,0.08008548952288409,31.53874204935892,2.1706172162176065,5.0,0.625,,,0.0,1.2226897389542888,3.0,0.375,,,0.0,,,0.0,3.827343328109656,-1.6567261118920484,5.0,5.0,4813.2,2556.0,1.9478146717995724,0.6,0.000310000630824232,4.592486571307131e+23,628.8060217204785,10,2025-04-28 00:00:00+00:00,0,-0.7951388888888888
1745838000000,8,1.1142065846139966,0.041452731775277314,16.368873006320378,1.3372167845599132,1.0,0.125,0.6553965876908183,3.0,0.375,1.402561532319901,4.0,0.5,,,0.0,,,0.0,1.5017118166122052,-0.164495032052292,1.0,1.0,1609.0,1609.0,1.2684636376341263,1.0,0.00021505112591098052,3.9899759905925495e+23,208.21445322109082,11,2025-04-28 00:00:00+00:00,0,-0.7534722222222222
1745841600000,9,3.699361161809896,0.1343679170048692,50.972609881141175,4.118035024404826,8.0,0.8888888888888888,0.349970261050458,1.0,0.1111111111111111,,,0.0,,,0.0,,,0.0,4.216790465427105,-0.09875544102228018,8.0,8.0,1778.375,1833.5,1.2727213786899914,0.875,0.00016958029848271666,4.06353866043411e+23,236.38364016132132,12,2025-04-28 00:00:00+00:00,0,-0.7118055555555556
1745845200000,11,2.2495883536808226,0.10183785673746223,38.56895719972683,2.62417154575573,6.0,0.5454545454545454,3.565698440964348,2.0,0.18181818181818182,0.6230152446753248,3.0,0.2727272727272727,,,0.0,,,0.0,2.6515877512700787,-0.027416205514348684,6.0,6.0,4400.666666666667,2062.0,1.8268742082611003,0.6666666666666666,0.00020136430638391844,4.1332493488985946e+23,224.64959759301925,13,2025-04-28 00:00:00+00:00,0,-0.6701388888888888
1745848800000,8,1.8124220115584229,0.061469291184975065,23.50900152146666,1.6752861727910975,3.0,0.375,2.86246790913216,3.0,0.375,0.4430569233488052,2.0,0.25,,,0.0,,,0.0,2.3942256382427485,-0.7189394654516512,3.0,3.0,3906.3333333333335,3215.0,1.8406965358959255,0.3333333333333333,0.00019681443133889517,4.123989186717996e+23,206.4816941519342,14,2025-04-28 00:00:00+00:00,0,-0.6284722222222222
1745852400000,5,1.587029732338951,0.02602721326951029,10.089069240204825,1.587029732338951,5.0,1.0,,,0.0,,,0.0,,,0.0,,,0.0,1.3104476110522785,0.2765821212866726,5.0,5.0,4125.4,3052.0,1.832839861606407,0.4,0.00015520544838520302,3.7759824470313966e+23,114.40919557138348,15,2025-04-28 00:00:00+00:00,0,-0.5868055555555556
1745856000000,9,1.9496600681407013,0.0659547931548306,25.998534967546693,1.9090063611387982,4.0,0.4444444444444444,1.3885286688703142,1.0,0.1111111111111111,2.130596624960201,4.0,0.4444444444444444,,,0.0,,,0.0,2.490501311602244,-0.5814949504634459,4.0,4.0,1577.75,1066.5,1.0358785710240013,0.75,0.00018536579175270273,3.601551423747114e+23,189.4961274185931,16,2025-04-28 00:00:00+00:00,0,-0.5451388888888888
1745859600000,2,1.6623555672246266,0.013716422059756966,5.4068212746106,1.6623555672246266,2.0,1.0,,,0.0,,,0.0,,,0.0,,,0.0,3.2426493175930156,-1.580293750368389,2.0,2.0,3019.5,3019.5,1.7360752478805224,0.5,9.164475632518864e-05,3.808928918506438e+23,84.73681927829064,17,2025-04-28 00:00:00+00:00,0,-0.5034722222222222
1745863200000,4,2.048900824017674,0.03374077439169977,12.868637766412942,3.323033761096238,2.0,0.5,1.2847542092514703,1.0,0.25,0.2647815646267477,1.0,0.25,,,0.0,,,0.0,4.489300009549745,-1.1662662484535067,2.0,2.0,1488.0,1488.0,1.2169531206289759,1.0,0.00010794241826392698,4.726198501983723e+23,107.07205521696783,18,2025-04-28 00:00:00+00:00,0,-0.4618055555555556
1745866800000,1,0.25568955669132926,0.004359857483205139,1.77563491499041,,,0.0,,,0.0,0.25568955669132926,1.0,1.0,,,0.0,,,0.0,,,,,,,,,0.00012556745996699292,4.728280569929149e+23,31.413666190245447,19,2025-04-28 00:00:00+00:00,0,-0.4201388888888889
1745870400000,3,1.3164420267118315,0.02155768626518547,8.439716180634203,2.822083703106237,1.0,0.3333333333333333,0.5636211885146287,2.0,0.6666666666666666,,,0.0,,,0.0,,,0.0,2.986951241318891,-0.1648675382126541,1.0,1.0,2807.0,2807.0,1.6754103974847476,1.0,9.226834935620176e-05,4.705040312956965e+23,95.70962015669693,20,2025-04-28 00:00:00+00:00,0,-0.3784722222222222
1745874000000,1,1.6968879850870695,0.0114570813712304,4.589221547951066,,,0.0,1.6968879850870695,1.0,1.0,,,0.0,,,0.0,,,0.0,,,,,,,,,9.941799373484485e-05,4.693478661337249e+23,39.82178839202319,21,2025-04-28 00:00:00+00:00,0,-0.3368055555555556
1745877600000,2,0.7128965669373151,0.00839298121966252,3.341224425846585,,,0.0,1.218333208389843,1.0,0.5,0.207459925484787,1.0,0.5,,,0.0,,,0.0,,,,,,,,,0.00011203516085007497,4.552004504019633e+23,85.38102822002762,22,2025-04-28 00:00:00+00:00,0,-0.2951388888888889
1745884800000,4,1.7196061708699357,0.04000026731955307,15.665254972232162,3.068313671754663,2.0,0.5,0.597581076264308,1.0,0.25,0.144216263706109,1.0,0.25,,,0.0,,,0.0,3.4794600843002446,-0.41114641254558193,2.0,2.0,5796.0,5796.0,2.3069855518352376,0.5,0.00017114408640424002,4.6916237275976306e+23,131.8091231000782,0,2025-04-29 00:00:00+00:00,0,-0.21180555555555555
1745888400000,2,0.5580126044840922,0.010570444450893238,4.275594308850945,0.5580126044840922,2.0,1.0,,,0.0,,,0.0,,,0.0,,,0.0,2.9580807792434434,-2.400068174759351,2.0,2.0,2213.0,2213.0,1.466888641873671,1.0,0.00013812681069488823,4.691143651260891e+23,42.571097133800066,1,2025-04-29 00:00:00+00:00,0,-0.1701388888888889
1745892000000,1,0.41333774974563425,0.004999655121005448,2.025383350732846,0.41333774974563425,1.0,1.0,,,0.0,,,0.0,,,0.0,,,0.0,15.644306873504066,-15.230969123758431,1.0,1.0,2459.0,2459.0,1.5681198933755034,1.0,0.00012528488120842877,4.740305703165394e+23,96.70305117691493,2,2025-04-29 00:00:00+00:00,0,-0.1284722222222222
1745895600000,2,0.5728064020022123,0.007775950233700708,3.1134671304227117,1.0025784728612481,1.0,0.5,,,0.0,0.14303433114317646,1.0,0.5,,,0.0,,,0.0,2.4902630972273516,-1.4876846243661035,1.0,1.0,6802.0,6802.0,2.608064416382387,0.0,0.00010220202859378329,5.048488015353087e+23,111.13232358930951,3,2025-04-29 00:00:00+00:00,0,-0.08680555555555555
1745899200000,2,1.4029518171005058,0.013189116678539448,5.168667586323062,1.9401904511368246,1.0,0.5,0.8657131830641868,1.0,0.5,,,0.0,,,0.0,,,0.0,2.1052130839199985,-0.16502263278317386,1.0,1.0,2143.0,2143.0,1.4638989036132242,1.0,7.324493729138126e-05,4.844707563753305e+23,130.14938801840233,4,2025-04-29 00:00:00+00:00,0,-0.04513888888888889
1745906400000,3,0.8068503082838531,0.018017762506203475,7.229660962213209,1.0277937594477478,1.0,0.3333333333333333,0.7579018911524565,1.0,0.3333333333333333,0.6348552742513552,1.0,0.3333333333333333,,,0.0,,,0.0,1.0277937594477478,0.0,1.0,1.0,1305.0,1305.0,1.1423659658795862,1.0,0.00011433986008999444,4.699702554161713e+23,66.74566527738907,6,2025-04-29 00:00:00+00:00,1,0.03819444444444445
1745910000000,3,1.5042717965794736,0.018635370225772212,7.2472810818936715,1.271296265129584,2.0,0.6666666666666666,1.9702228594792532,1.0,0.3333333333333333,,,0.0,,,0.0,,,0.0,1.0259934358025853,0.24530282932699876,2.0,2.0,3720.5,3720.5,1.8641184473851315,0.0,0.00013023106718118547,4.695706163035476e+23,25.44788017362493,7,2025-04-29 00:00:00+00:00,1,0.0798611111111111
1745913600000,1,11.461791756496886,0.04949931704290715,16.249259202218507,,,0.0,11.461791756496886,1.0,1.0,,,0.0,,,0.0,,,0.0,,,,,,,,,7.262660993755514e-05,3.922310050873386e+23,30.77034474942887,8,2025-04-29 00:00:00+00:00,1,0.12152777777777778
1745917200000,2,1.226229197802153,0.009227243361946517,3.6503791779052914,1.225002941644426,1.0,0.5,1.2274554539598799,1.0,0.5,,,0.0,,,0.0,,,0.0,4.236869976076995,-3.011867034432569,1.0,1.0,15635.0,15635.0,3.954111783953509,0.0,0.0001330857231242608,3.574496556361143e+23,110.55560690982837,9,2025-04-29 00:00:00+00:00,1,0.16319444444444445
1745920800000,6,1.8104941757404027,0.055191806243967405,21.80686412030985,1.5195751588734314,4.0,0.6666666666666666,2.3923322094743456,2.0,0.3333333333333333,,,0.0,,,0.0,,,0.0,2.987787330418234,-1.4682121715448027,4.0,4.0,4310.25,1479.0,1.7682040747849679,0.5,0.00012972380646711414,4.2861523954395254e+23,149.95983870754068,10,2025-04-29 00:00:00+00:00,1,0.2048611111111111
1745924400000,10,1.6300762038071952,0.09902507223887648,39.23244064208143,1.467121408781657,8.0,0.8,2.2818953839093483,2.0,0.2,,,0.0,,,0.0,,,0.0,1.033595228519279,0.433526180262378,8.0,8.0,1634.75,897.0,1.2150242263756494,0.625,7.767896892575812e-05,4.272379307159151e+23,72.5467616575613,11,2025-04-29 00:00:00+00:00,1,0.2465277777777778
1745931600000,8,2.3486569849151757,0.1028846887685424,40.40874567323858,2.6247316819011597,7.0,0.875,0.4161341060132879,1.0,0.125,,,0.0,,,0.0,,,0.0,2.9084543207310154,-0.28372263882985616,7.0,7.0,2577.4285714285716,1840.0,1.5029293670677053,0.42857142857142855,0.00015548726528032646,4.366507567631064e+23,258.6032629841667,13,2025-04-29 00:00:00+00:00,1,0.3298611111111111
1745935200000,3,2.3291451058007184,0.036214302814005436,14.100827565217706,2.3291451058007184,3.0,1.0,,,0.0,,,0.0,,,0.0,,,0.0,2.439331983477958,-0.1101868776772393,3.0,3.0,1306.3333333333333,1505.0,1.1096625218837104,0.3333333333333333,8.184387778767143e-05,4.627397694772639e+23,48.0748841952328,14,2025-04-29 00:00:00+00:00,1,0.3715277777777778
1745942400000,2,1.7131410948673316,0.016712844507096862,6.449232171149118,1.7131410948673316,2.0,1.0,,,0.0,,,0.0,,,0.0,,,0.0,1.6298765147132683,0.08326458015406324,2.0,2.0,2351.0,2351.0,1.5292141145853186,0.0,9.380780260547926e-05,4.6305000714464144e+23,63.54881528930407,16,2025-04-29 00:00:00+00:00,1,0.4548611111111111
1745946000000,5,1.717602913155946,0.045725437010376895,17.880639234167845,1.952810626389156,4.0,0.8,0.7767720602231071,1.0,0.2,,,0.0,,,0.0,,,0.0,5.186327517733591,-3.2335168913444345,4.0,4.0,5482.75,2174.0,1.9015682407388734,0.5,6.915725333920086e-05,4.6343404439456185e+23,75.08262145790312,17,2025-04-29 00:00:00+00:00,1,0.4965277777777778
1745949600000,1,0.9463673993398641,0.004455445462369663,1.7597159595234741,0.9463673993398641,1.0,1.0,,,0.0,,,0.0,,,0.0,,,0.0,1.9378240228601569,-0.9914566235202927,1.0,1.0,30726.0,30726.0,5.5431038236713555,0.0,8.797314070898886e-05,4.7125369301355546e+23,46.576975237544204,18,2025-04-29 00:00:00+00:00,1,0.5381944444444444
1745953200000,4,0.7629795114083788,0.022266488312910733,8.936422519127188,0.6777471731421213,3.0,0.75,1.0186765262071513,1.0,0.25,,,0.0,,,0.0,,,0.0,1.1762411980392957,-0.49849402489717437,3.0,3.0,12109.666666666666,640.0,2.4415716060227015,0.6666666666666666,6.128295700143402e-05,5.007962231311849e+23,46.333524201582904,19,2025-04-29 00:00:00+00:00,1,0.5798611111111112
1745956800000,4,1.8647254762852112,0.06145014109096523,24.731453702098122,1.8647254762852112,4.0,1.0,,,0.0,,,0.0,,,0.0,,,0.0,1.8231090974127557,0.041616378872455506,4.0,4.0,1166.0,1150.0,1.064109922838061,0.75,7.830567561485677e-05,5.179331996021486e+23,65.14947681972555,20,2025-04-29 00:00:00+00:00,1,0.6215277777777778
1745960400000,5,3.67014734081641,0.09855329046937313,36.68213069111195,4.135959128120392,4.0,0.8,1.8069001916004797,1.0,0.2,,,0.0,,,0.0,,,0.0,3.872231366541822,0.2637277615785697,4.0,4.0,1315.75,1241.5,1.1399242499236237,0.75,0.00015279780759796502,4.658390384066646e+23,131.76611504727384,21,2025-04-29 00:00:00+00:00,1,0.6631944444444444
1745971200000,8,1.364532661723727,0.06039311514871169,23.91949050575088,1.31750311678301,6.0,0.75,1.5056212965458777,2.0,0.25,,,0.0,,,0.0,,,0.0,1.317840909505322,-0.00033779272231210244,6.0,6.0,6309.833333333333,5540.5,2.409204728177273,0.0,0.00015569310654849324,4.303031054651207e+23,109.43379353507498,0,2025-04-30 00:00:00+00:00,1,0.7881944444444444
1745974800000,5,1.421838734016045,0.044678890919613475,17.53678394267715,1.5479422277486992,4.0,0.8,0.9174247590854273,1.0,0.2,,,0.0,,,0.0,,,0.0,1.6312936907003854,-0.08335146295168627,4.0,4.0,1026.5,1073.5,0.9377178871530045,0.75,8.506497221462158e-05,4.3316192486595844e+23,99.74447929342307,1,2025-04-30 00:00:00+00:00,1,0.8298611111111112
1745978400000,3,1.9094905687239365,0.02659514227280306,10.381814652152173,1.9094905687239365,3.0,1.0,,,0.0,,,0.0,,,0.0,,,0.0,2.4614893814191974,-0.551998812695261,3.0,3.0,1139.0,1375.0,1.0506103513511362,1.0,8.626427955475398e-05,4.360901263227467e+23,31.48066707610464,2,2025-04-30 00:00:00+00:00,1,0.8715277777777778
1745985600000,2,1.0809211165313743,0.011747263303521327,4.681346429897437,1.0809211165313743,2.0,1.0,,,0.0,,,0.0,,,0.0,,,0.0,1.246302782438335,-0.16538166590696068,2.0,2.0,14590.0,14590.0,3.579423144174135,0.0,6.950590127509939e-05,4.3709855806780854e+23,67.40844008348257,4,2025-04-30 00:00:00+00:00,1,0.9548611111111112
1745989200000,2,2.0015910300835933,0.028160924741502117,11.186498249179479,,,0.0,2.0015910300835933,2.0,1.0,,,0.0,,,0.0,,,0.0,,,,,,,,,0.00010051003790180198,4.682281342786957e+23,22.17170813787752,5,2025-04-30 00:00:00+00:00,1,0.9965277777777778
1745992800000,3,1.2417531047080352,0.02786903540524597,11.210771585679149,1.2417531047080352,3.0,1.0,,,0.0,,,0.0,,,0.0,,,0.0,1.0235210443138236,0.2182320603942115,3.0,3.0,3510.6666666666665,987.0,1.6211385134980756,0.6666666666666666,0.00010427029525569445,4.678588539743764e+23,24.580042688749096,6,2025-04-30 00:00:00+00:00,1,1.0381944444444444
1745996400000,5,1.5302922817451932,0.04562944510495266,17.937222246421253,1.7115572621527215,3.0,0.6,1.2583948111339,2.0,0.4,,,0.0,,,0.0,,,0.0,1.7115591122749991,-1.850122277611647e-06,3.0,3.0,1528.6666666666667,1689.0,1.2245146311739161,0.3333333333333333,0.00012156054559224064,4.307933540395564e+23,84.16513251682606,7,2025-04-30 00:00:00+00:00,1,1.0798611111111112
1746000000000,14,1.9935427465852111,0.13750229024710514,53.16798824038033,1.7428500910881213,10.0,0.7142857142857143,2.620274385327936,4.0,0.2857142857142857,,,0.0,,,0.0,,,0.0,1.7759456668967828,-0.03309557580866151,10.0,10.0,4389.6,1610.5,1.767454741051957,0.4,0.00011534196383329248,4.537181761624259e+23,160.3452706127466,8,2025-04-30 00:00:00+00:00,1,1.1215277777777777
1746003600000,1,5.11078640277498,0.01794289382581626,6.5190761312538195,,,0.0,5.11078640277498,1.0,1.0,,,0.0,,,0.0,,,0.0,,,,,,,,,9.910386548565161e-05,4.737712190559599e+23,115.78090634557513,9,2025-04-30 00:00:00+00:00,1,1.1631944444444444
1746007200000,1,1.919424433189398,0.007736339963833421,2.984627073263872,1.919424433189398,1.0,1.0,,,0.0,,,0.0,,,0.0,,,0.0,2.0854846855439475,-0.16606025235454958,1.0,1.0,21804.0,21804.0,4.669475345260964,0.0,8.759439908832084e-05,5.059927085553768e+23,45.0839536585075,10,2025-04-30 00:00:00+00:00,1,1.2048611111111112
1746014400000,17,1.729862407050324,0.16355081705473382,63.288281652152044,1.434144849255436,10.0,0.5882352941176471,2.4869120154636044,6.0,0.35294117647058826,0.14474033451952142,1.0,0.058823529411764705,,,0.0,,,0.0,2.8616533095331627,-1.4275084602777266,10.0,10.0,6299.8,1285.0,1.7350933908170443,0.6,0.00016458445870268343,4.63511632719837e+23,201.77054059570432,12,2025-04-30 00:00:00+00:00,1,1.2881944444444444
1746018000000,25,1.9598465390671997,0.2989580592605078,116.09395904052761,1.983498895534104,24.0,0.96,1.3921899838615022,1.0,0.04,,,0.0,,,0.0,,,0.0,2.4934532651133208,-0.5099543695792167,24.0,24.0,1352.2916666666667,1298.5,1.1181491750079355,0.625,0.00020578839861073054,4.8481874179092745e+23,400.7297583893544,13,2025-04-30 00:00:00+00:00,1,1.3298611111111112
1746021600000,15,1.3308288930059007,0.1311006763659147,52.69986532448041,1.3511510795222388,10.0,0.6666666666666666,1.290184519973225,5.0,0.3333333333333333,,,0.0,,,0.0,,,0.0,2.1268266159723206,-0.7756755364500822,10.0,10.0,1923.1,1443.5,1.3183957503909458,0.5,0.00025664465582223315,4.15370764872915e+23,216.98239983057994,14,2025-04-30 00:00:00+00:00,1,1.3715277777777777
1746025200000,16,1.816068357389949,0.1710255310797178,66.69057638323432,1.7294309652998934,12.0,0.75,2.075980533660115,4.0,0.25,,,0.0,,,0.0,,,0.0,1.7103041064335276,0.01912685886636593,12.0,12.0,2166.9166666666665,1010.5,1.2615004249299142,0.6666666666666666,0.00014391665668601143,4.152272432385493e+23,110.27579766706084,15,2025-04-30 00:00:00+00:00,1,1.4131944444444444
1746028800000,23,1.0854818984371355,0.1877194539565196,76.17316108236786,1.1454835402067742,18.0,0.782608695652174,0.8694759880664366,5.0,0.21739130434782608,,,0.0,,,0.0,,,0.0,1.304092142501795,-0.15860860229502086,18.0,18.0,3088.8333333333335,1310.5,1.4107337655333927,0.5,0.00014345273300053806,4.147380787136943e+23,190.03957964307946,16,2025-04-30 00:00:00+00:00,1,1.4548611111111112
1746032400000,4,1.376631323480337,0.04230199055239668,17.464716201048695,1.5875898863602664,3.0,0.75,0.7437556348405477,1.0,0.25,,,0.0,,,0.0,,,0.0,1.3092348165690673,0.27835506979119923,3.0,3.0,4519.666666666667,1320.0,1.8501196070285317,0.6666666666666666,8.160931871723794e-05,4.149843439279341e+23,43.71174254999299,17,2025-04-30 00:00:00+00:00,1,1.4965277777777777
1746036000000,1,0.1428241420126314,0.00791219616077159,3.3377217044063556,,,0.0,0.1428241420126314,1.0,1.0,,,0.0,,,0.0,,,0.0,,,,,,,,,0.00010215590973234119,4.15739077737674e+23,18.94834472956716,18,2025-04-30 00:00:00+00:00,1,1.5381944444444444
1746039600000,1,0.3595243119986153,0.006861616397022906,2.8441887551524343,0.3595243119986153,1.0,1.0,,,0.0,,,0.0,,,0.0,,,0.0,1.1995772291867541,-0.8400529171881388,1.0,1.0,26777.0,26777.0,5.174649746601213,0.0,6.411536556668964e-05,4.1462384754720903e+23,33.96478218031824,19,2025-04-30 00:00:00+00:00,1,1.5798611111111112
1746043200000,4,1.2288746834610227,0.02262113749858887,8.971097229002876,1.2288746834610227,4.0,1.0,,,0.0,,,0.0,,,0.0,,,0.0,1.5200936404280658,-0.29121895696704314,4.0,4.0,3762.0,1981.5,1.7844656120088354,0.0,9.701587624923564e-05,4.6625528503370186e+23,51.51095481971872,20,2025-04-30 00:00:00+00:00,1,1.6215277777777777
1746046800000,2,1.6068569597632805,0.027328001761938555,11.115199093218807,,,0.0,1.6068569597632805,2.0,1.0,,,0.0,,,0.0,,,0.0,,,,,,,,,9.010724573105544e-05,4.988829595328309e+23,14.924776547750007,21,2025-04-30 00:00:00+00:00,1,1.6631944444444444
1746050400000,5,1.8739839445810698,0.06084933447565933,24.45959972293448,1.0846436848568188,3.0,0.6,3.057994334167446,2.0,0.4,,,0.0,,,0.0,,,0.0,1.642247063525618,-0.5576033786687992,3.0,3.0,4675.0,2988.0,2.0096769310253975,0.3333333333333333,6.972663171959112e-05,4.147917613822709e+23,39.250132881723886,22,2025-04-30 00:00:00+00:00,1,1.7048611111111112
1746054000000,4,2.173323157784201,0.04819949469138773,19.225625796686426,2.173323157784201,4.0,1.0,,,0.0,,,0.0,,,0.0,,,0.0,2.215166068836338,-0.04184291105213678,4.0,4.0,4904.5,2986.0,1.8948358980468192,0.5,6.614963120953483e-05,4.155832441860869e+23,22.220865952734872,23,2025-04-30 00:00:00+00:00,1,1.7465277777777777
1746057600000,7,1.5961291058352292,0.07066474762522462,28.371656222683917,1.6116524373487535,5.0,0.7142857142857143,1.5573207770514181,2.0,0.2857142857142857,,,0.0,,,0.0,,,0.0,1.9105803770093295,-0.29892793966057596,5.0,5.0,8227.2,1177.0,2.065110143635495,0.8,9.459189484422022e-05,4.1561762504588216e+23,62.74430558079539,0,2025-05-01 00:00:00+00:00,1,1.7881944444444444
1746061200000,7,2.41145946116725,0.08473164453345493,32.30893704509432,2.6774453452085134,6.0,0.8571428571428571,0.815544156919667,1.0,0.14285714285714285,,,0.0,,,0.0,,,0.0,2.1764195130748853,0.5010258321336281,6.0,6.0,993.8333333333334,979.0,0.9863720659948928,1.0,7.35306078095036e-05,4.538846086407297e+23,51.42660847736991,1,2025-05-01 00:00:00+00:00,1,1.8298611111111112
1746064800000,4,1.6517900975943294,0.035071596920394243,13.701651763841106,1.6517900975943294,4.0,1.0,,,0.0,,,0.0,,,0.0,,,0.0,1.6101742647220634,0.041615832872266,4.0,4.0,1645.75,1180.0,1.217256884705411,0.75,0.00012255991126821202,4.1492863466097243e+23,19.03849664303538,2,2025-05-01 00:00:00+00:00,1,1.8715277777777777
1746068400000,2,1.5656357162413754,0.017853939665663957,7.1300340428567495,1.5656357162413754,2.0,1.0,,,0.0,,,0.0,,,0.0,,,0.0,1.5657179901501723,-8.227390879689267e-05,2.0,2.0,1522.0,1522.0,1.2307965171345794,0.5,0.0001321600518361006,4.121597317965111e+23,35.23193807316227,3,2025-05-01 00:00:00+00:00,1,1.9131944444444444
1746072000000,9,3.4464139688619015,0.13369024041452957,49.294060674654126,3.4464139688619015,9.0,1.0,,,0.0,,,0.0,,,0.0,,,0.0,4.191623736757568,-0.7452097678956666,9.0,9.0,2816.8888888888887,1294.0,1.4954940447576432,0.5555555555555556,9.644978592992885e-05,4.515490360652443e+23,116.97122031610877,4,2025-05-01 00:00:00+00:00,1,1.9548611111111112
1746079200000,4,3.2109705893493485,0.07083381419259803,25.34861289984066,4.280648172469448,3.0,0.75,0.0019378399890518719,1.0,0.25,,,0.0,,,0.0,,,0.0,1.2496386287317895,3.031009543737658,3.0,3.0,5695.666666666667,1683.0,1.9551862742598274,0.3333333333333333,0.00014274766377146862,5.169221352920562e+23,83.91585193265152,6,2025-05-01 00:00:00+00:00,1,2.0381944444444446
1746082800000,1,0.5854636069186009,0.009308044605094231,3.8376320322847177,,,0.0,0.5854636069186009,1.0,1.0,,,0.0,,,0.0,,,0.0,,,,,,,,,8.222519033428839e-05,5.156859044948298e+23,32.02024838885404,7,2025-05-01 00:00:00+00:00,1,2.079861111111111
1746086400000,6,2.7341938809004076,0.08852027293538811,33.15161775075883,2.80750891972894,5.0,0.8333333333333334,2.367618686757744,1.0,0.16666666666666666,,,0.0,,,0.0,,,0.0,1.8435912223521362,0.9639176973768038,5.0,5.0,1243.4,1411.0,1.0952720134001845,0.6,0.0001470773517861683,5.12329055384425e+23,109.6772035805771,8,2025-05-01 00:00:00+00:00,1,2.1215277777777777
1746090000000,2,0.3177606116128379,0.013443903369339308,5.559621847810577,0.3177606116128379,2.0,1.0,,,0.0,,,0.0,,,0.0,,,0.0,0.06833908336725206,0.24942152824558583,2.0,2.0,1032.0,1032.0,1.0079681294564513,1.0,8.662445275040854e-05,4.7952224414581004e+23,26.73099213395745,9,2025-05-01 00:00:00+00:00,1,2.1631944444444446
1746093600000,11,1.8297485876832873,0.12291496775590688,48.58364214848876,1.4919994235882474,7.0,0.6363636363636364,2.4208096248496065,4.0,0.36363636363636365,,,0.0,,,0.0,,,0.0,1.4685712504835504,0.023428173104697185,7.0,7.0,1979.142857142857,1320.0,1.321676604183601,0.5714285714285714,0.0001523801015851134,5.105812639630669e+23,204.49215545363407,10,2025-05-01 00:00:00+00:00,1,2.204861111111111
1746097200000,22,4.920137316567305,0.5657500664921356,211.84877793692465,4.3365404756674915,17.0,0.7727272727272727,7.5368686503690885,2.0,0.09090909090909091,6.482698525798399,3.0,0.13636363636363635,,,0.0,,,0.0,20.142968194145027,-15.806427718477536,17.0,17.0,2222.0588235294117,1082.0,1.3358556251133498,0.6470588235294118,0.00033852168380945106,4.146437149658984e+23,587.8903072262515,11,2025-05-01 00:00:00+00:00,1,2.2465277777777777
1746100800000,7,2.7359965744930883,0.07771112332476733,29.69146355252102,2.8207453581822786,6.0,0.8571428571428571,2.2275038723579494,1.0,0.14285714285714285,,,0.0,,,0.0,,,0.0,6.862766896814665,-4.042021538632387,6.0,6.0,1802.1666666666667,668.0,1.1256701044437278,0.8333333333333334,0.00018924780220966938,3.756680692802677e+23,109.16737947891883,12,2025-05-01 00:00:00+00:00,1,2.2881944444444446
1746104400000,17,1.8090317352704808,0.15361517059889176,59.17894624526464,1.9091629459784112,15.0,0.8823529411764706,1.0580476549610025,2.0,0.11764705882352941,,,0.0,,,0.0,,,0.0,1.7503702482027406,0.15879269777567076,15.0,15.0,1871.1333333333334,1535.0,1.2908681723245117,0.4666666666666667,0.00017445969317410554,4.076531145439666e+23,182.8807049225593,13,2025-05-01 00:00:00+00:00,1,2.329861111111111
1746108000000,1,1.5432419561428818,0.014354794500387664,5.899886013668792,1.5432419561428818,1.0,1.0,,,0.0,,,0.0,,,0.0,,,0.0,1.0444337753584771,0.4988081807844047,1.0,1.0,6799.0,6799.0,2.6074892137840187,0.0,9.323572813710703e-05,4.6724478664015476e+23,16.989422126087014,14,2025-05-01 00:00:00+00:00,1,2.3715277777777777
1746111600000,1,0.5866072595578581,0.004672577703851968,1.8811120020293979,0.5866072595578581,1.0,1.0,,,0.0,,,0.0,,,0.0,,,0.0,0.9182070018115768,-0.3315997422537187,1.0,1.0,1208.0,1208.0,1.099090533122727,1.0,0.00012492846882171223,4.682266336522889e+23,21.561616283792205,15,2025-05-01 00:00:00+00:00,1,2.4131944444444446
1746115200000,9,1.5276739194883786,0.07670836870242911,30.131557241975614,1.424409532178616,7.0,0.7777777777777778,1.8890992750725473,2.0,0.2222222222222222,,,0.0,,,0.0,,,0.0,1.6134177732314985,-0.18900824105288244,7.0,7.0,4615.571428571428,1191.0,1.7582010220700934,0.7142857142857143,0.00011731772771717282,4.295239414796795e+23,65.59934745229512,16,2025-05-01 00:00:00+00:00,1,2.454861111111111
1746118800000,3,1.4009043905470229,0.028421387232726296,11.463246697903768,1.1413415162931035,2.0,0.6666666666666666,1.920030139054862,1.0,0.3333333333333333,,,0.0,,,0.0,,,0.0,3.1872134068150695,-2.0458718905219664,2.0,2.0,10643.5,10643.5,2.7536065506266585,0.5,0.00011199305808983283,3.969307056972133e+23,22.231712584800768,17,2025-05-01 00:00:00+00:00,1,2.4965277777777777
1746122400000,1,0.6182747811328765,0.004831852388891096,1.9489472158532963,,,0.0,0.6182747811328765,1.0,1.0,,,0.0,,,0.0,,,0.0,,,,,,,,,6.799561384853876e-05,4.036646461661781e+23,50.54950079160455,18,2025-05-01 00:00:00+00:00,1,2.5381944444444446
1746126000000,1,0.1781339585965819,0.009233509762345656,3.9161102927746088,,,0.0,0.1781339585965819,1.0,1.0,,,0.0,,,0.0,,,0.0,,,,,,,,,5.7855691784438274e-05,4.10299697405002e+23,14.764290658351298,19,2025-05-01 00:00:00+00:00,1,2.579861111111111
1746133200000,1,0.062083466547146506,0.0046798864389720665,1.9449301374709758,0.062083466547146506,1.0,1.0,,,0.0,,,0.0,,,0.0,,,0.0,0.062083466547146506,0.0,1.0,1.0,39.0,39.0,0.19748417658131498,1.0,6.287713829549759e-05,3.505573737746922e+23,4.0904676743065504,21,2025-05-01 00:00:00+00:00,1,2.6631944444444446
1746136800000,3,1.6785623520315867,0.020165450595283643,7.954517831459601,1.6785623520315867,3.0,1.0,,,0.0,,,0.0,,,0.0,,,0.0,3.3923781664345096,-1.713815814402923,3.0,3.0,1355.0,1342.0,1.1579443433316254,0.6666666666666666,7.108492892905445e-05,3.588501865457388e+23,31.141950355500356,22,2025-05-01 00:00:00+00:00,1,2.704861111111111
1746140400000,10,2.2313674457214097,0.09757146733977974,37.991723811468205,2.6499991350490473,7.0,0.7,1.2545601706235898,3.0,0.3,,,0.0,,,0.0,,,0.0,1.9591044724675524,0.690894662581495,7.0,7.0,10615.666666666666,937.5,2.142608840248043,0.6666666666666666,8.053883166551551e-05,3.867159737375429e+23,93.9074771329549,23,2025-05-01 00:00:00+00:00,1,2.7465277777777777
1746144000000,9,1.3866469863442232,0.06909990548008535,27.401437581098865,1.3866469863442232,9.0,1.0,,,0.0,,,0.0,,,0.0,,,0.0,1.8664116445471717,-0.4797646582029487,9.0,9.0,6345.777777777777,2317.0,2.236773452012241,0.2222222222222222,8.292847865715974e-05,3.891088863041197e+23,56.987762611195315,0,2025-05-02 00:00:00+00:00,1,2.7881944444444446
1746147600000,1,0.7522882979577256,0.004123180613186658,1.6553149045327842,0.7522882979577256,1.0,1.0,,,0.0,,,0.0,,,0.0,,,0.0,0.9186632114682952,-0.16637491351056966,1.0,1.0,7828.0,7828.0,2.7978563222581676,0.0,4.157990359135293e-05,3.798777810590063e+23,10.471098864679718,1,2025-05-02 00:00:00+00:00,1,2.829861111111111
1746151200000,2,0.9472104938501809,0.011291854510899762,4.541563919220605,0.9472104938501809,2.0,1.0,,,0.0,,,0.0,,,0.0,,,0.0,2.2713303023736082,-1.3241198085234274,2.0,2.0,7383.0,7383.0,2.4300890789881704,0.5,4.695319111014236e-05,3.6732314623385634e+23,39.82118739561656,2,2025-05-02 00:00:00+00:00,1,2.8715277777777777
1746154800000,5,2.5208440636425236,0.04718832573773547,18.285400828461288,2.8586443788564337,4.0,0.8,1.169642802786885,1.0,0.2,,,0.0,,,0.0,,,0.0,3.4826384376424264,-0.6239940587859927,4.0,4.0,2012.5,2089.0,1.374187628056203,0.5,8.975881958698456e-05,3.560524477928969e+23,32.79239718073841,3,2025-05-02 00:00:00+00:00,1,2.9131944444444446
1746158400000,4,1.5769035748542044,0.03791610339372692,15.331751658521476,1.6771536003821783,3.0,0.75,1.2761534982702822,1.0,0.25,,,0.0,,,0.0,,,0.0,4.890092628082065,-3.212939027699887,3.0,3.0,907.6666666666666,800.0,0.9180881644898778,0.6666666666666666,0.00010210511559033601,3.9370840320391765e+23,51.94119972829309,4,2025-05-02 00:00:00+00:00,1,2.954861111111111
1746165600000,2,1.3825636133030446,0.010035581799965831,3.926962522820099,1.3825636133030446,2.0,1.0,,,0.0,,,0.0,,,0.0,,,0.0,1.2985775277779772,0.08398608552506737,2.0,2.0,6811.5,6811.5,2.5026238194264643,0.0,7.888194313874563e-05,4.495638265479686e+23,22.742188390354006,6,2025-05-02 00:00:00+00:00,1,3.0381944444444446
1746176400000,1,3.138701711677427,0.012375257744593433,4.6840000391576835,3.138701711677427,1.0,1.0,,,0.0,,,0.0,,,0.0,,,0.0,3.306323459776905,-0.16762174809947794,1.0,1.0,791.0,791.0,0.8893818077743664,1.0,8.536494664639181e-05,4.968089119479944e+23,47.099049784619844,9,2025-05-02 00:00:00+00:00,1,3.1631944444444446
1746180000000,1,2.2265456577680527,0.010219139445171764,3.947888186667709,2.2265456577680527,1.0,1.0,,,0.0,,,0.0,,,0.0,,,0.0,1.0534570155290797,1.173088642238973,1.0,1.0,16225.0,16225.0,4.028026812224566,0.0,9.41553114779067e-05,5.285329155597634e+23,57.52224643338351,10,2025-05-02 00:00:00+00:00,1,3.204861111111111
1746187200000,2,0.9778327138338034,0.013201535036909184,5.252206664682356,0.9778327138338034,2.0,1.0,,,0.0,,,0.0,,,0.0,,,0.0,2.421907941439504,-1.444075227605701,2.0,2.0,16952.0,16952.0,3.632256685314935,0.0,5.631983755057789e-05,5.288552188708091e+23,10.921276196474116,12,2025-05-02 00:00:00+00:00,1,3.2881944444444446
1746190800000,2,2.413481448075316,0.020039770147905176,7.564236042605023,,,0.0,2.413481448075316,2.0,1.0,,,0.0,,,0.0,,,0.0,,,,,,,,,0.0001287593048345838,5.154426310332824e+23,78.82799089657718,13,2025-05-02 00:00:00+00:00,1,3.329861111111111
1746205200000,1,1.0117720720498542,0.005089222886119889,2.026746138782881,1.0117720720498542,1.0,1.0,,,0.0,,,0.0,,,0.0,,,0.0,1.3459390477560613,-0.3341669757062071,1.0,1.0,1496.0,1496.0,1.2231107881136525,1.0,5.8641621724582966e-05,4.141574036002942e+23,18.606481584878928,17,2025-05-02 00:00:00+00:00,1,3.4965277777777777
1746208800000,8,1.3204367027616843,0.07180617675614422,28.53968927910247,1.3204367027616843,8.0,1.0,,,0.0,,,0.0,,,0.0,,,0.0,2.5472696125199366,-1.226832909758252,8.0,8.0,7278.25,1362.5,2.0658728128928407,0.625,9.59987060021417e-05,4.504785450095462e+23,52.88465297542926,18,2025-05-02 00:00:00+00:00,1,3.5381944444444446
1746212400000,6,0.8093807541755661,0.03878731205370679,15.683349031353625,0.4143169072656988,4.0,0.6666666666666666,1.599508447995301,2.0,0.3333333333333333,,,0.0,,,0.0,,,0.0,1.6435830731709393,-1.2292661659052406,4.0,4.0,2101.25,1604.0,1.3480726023468745,0.5,6.297520429640027e-05,4.345093827532529e+23,49.11457653244215,19,2025-05-02 00:00:00+00:00,1,3.579861111111111
1746219600000,2,2.6537492529826947,0.018574143261766447,6.992858392556796,2.6537492529826947,2.0,1.0,,,0.0,,,0.0,,,0.0,,,0.0,5.195522610684256,-2.5417733577015604,2.0,2.0,3154.0,3154.0,1.6846363416147807,0.5,6.727495720953034e-05,4.140990469459312e+23,40.344273450238774,21,2025-05-02 00:00:00+00:00,1,3.6631944444444446
1746226800000,3,2.021488008659814,0.022272606548917596,8.570457507426884,2.524619627224966,2.0,0.6666666666666666,1.01522477152951,1.0,0.3333333333333333,,,0.0,,,0.0,,,0.0,1.1152690959798313,1.4093505312451349,2.0,2.0,12491.5,12491.5,3.403932746770419,0.0,5.516961303830887e-05,4.522960866135097e+23,43.94342442944874,23,2025-05-02 00:00:00+00:00,1,3.7465277777777777
1746230400000,11,0.6659882527605021,0.0877251345914316,36.12231823717708,0.8099591023597247,6.0,0.5454545454545454,0.4932232332414349,5.0,0.45454545454545453,,,0.0,,,0.0,,,0.0,0.9214995699752476,-0.11154046761552294,6.0,6.0,4406.666666666667,3050.0,1.8713799032955212,0.5,6.262510283314217e-05,4.8278875810888653e+23,84.2616519225678,0,2025-05-03 00:00:00+00:00,1,3.7881944444444446
1746234000000,1,1.9304448689622329,0.01130581452312816,4.477935622493938,1.9304448689622329,1.0,1.0,,,0.0,,,0.0,,,0.0,,,0.0,1.9304448689622329,0.0,1.0,1.0,649.0,649.0,0.8056053624449132,1.0,7.52391904012246e-05,4.5094427503608264e+23,48.4889821237808,1,2025-05-03 00:00:00+00:00,1,3.829861111111111
1746252000000,1,3.58317206445915,0.013859136745390422,5.256486443330126,3.58317206445915,1.0,1.0,,,0.0,,,0.0,,,0.0,,,0.0,3.416612577131239,0.16655948732791082,1.0,1.0,31070.0,31070.0,5.574047003748713,0.0,0.00010739467569670406,4.0526697930093004e+23,60.77595287791595,6,2025-05-03 00:00:00+00:00,1,4.038194444444445
1746255600000,2,1.6119924960139804,0.01751364081397296,7.006408672086491,1.6119924960139804,2.0,1.0,,,0.0,,,0.0,,,0.0,,,0.0,1.9472657486669038,-0.3352732526529234,2.0,2.0,817.0,817.0,0.897118807245666,1.0,4.9004957104781714e-05,4.048078857460143e+23,12.287973138012006,7,2025-05-03 00:00:00+00:00,1,4.079861111111111
1746266400000,2,0.879051991271051,0.009451604607935375,3.778913027925325,0.15828745635273425,1.0,0.5,1.5998165261893678,1.0,0.5,,,0.0,,,0.0,,,0.0,0.15828745635273425,0.0,1.0,1.0,10.0,10.0,0.1,1.0,5.2274269347947295e-05,4.055610772129621e+23,32.274270281499696,10,2025-05-03 00:00:00+00:00,1,4.204861111111111
1746291600000,1,1.697982187626756,0.003988824248918334,1.5477429136895542,1.697982187626756,1.0,1.0,,,0.0,,,0.0,,,0.0,,,0.0,1.697982187626756,0.0,1.0,1.0,453.0,453.0,0.6730527468185536,1.0,0.00013017295434938526,3.1227203366420436e+23,73.92829700598388,17,2025-05-03 00:00:00+00:00,1,4.496527777777778
1746295200000,1,1.6356116114452308,0.006107862082092406,2.4138050313922346,1.6356116114452308,1.0,1.0,,,0.0,,,0.0,,,0.0,,,0.0,1.6356116114452308,0.0,1.0,1.0,2536.0,2536.0,1.5924823389915506,0.0,5.198552793371936e-05,3.127065514240531e+23,19.1803194722951,18,2025-05-03 00:00:00+00:00,1,4.538194444444445
1746298800000,2,0.3922386313198961,0.007651117927955513,3.118783173569299,0.3922386313198961,2.0,1.0,,,0.0,,,0.0,,,0.0,,,0.0,1.0588655993121416,-0.6666269679922454,2.0,2.0,2227.0,2227.0,1.4511718516589016,0.5,6.054908572756578e-05,3.1142656387372954e+23,31.985316231714776,19,2025-05-03 00:00:00+00:00,1,4.579861111111111
1746306000000,3,1.2082730284426038,0.017346706221737777,6.950465835297656,0.7331518563891354,2.0,0.6666666666666666,2.1585153725495405,1.0,0.3333333333333333,,,0.0,,,0.0,,,0.0,0.5657407707016165,0.16741108568751883,2.0,2.0,730.5,730.5,0.8511412650833678,1.0,0.00010888453429515365,3.114267278899328e+23,34.11131737435593,21,2025-05-03 00:00:00+00:00,1,4.663194444444445
1746324000000,16,2.7034932922957937,0.17383912838365273,66.79567705983749,2.4243511754736837,11.0,0.6875,3.3176059493044354,5.0,0.3125,,,0.0,,,0.0,,,0.0,3.1223177664597315,-0.6979665909860473,11.0,11.0,5535.181818181818,1341.0,1.6208958221559064,0.7272727272727273,0.00012735316647925147,3.6099154522124726e+23,186.9541119323717,2,2025-05-04 00:00:00+00:00,1,4.871527777777778
1746327600000,1,1.5802128679726297,0.006187337477238874,2.4462026675904354,1.5802128679726297,1.0,1.0,,,0.0,,,0.0,,,0.0,,,0.0,1.5802128679726297,0.0,1.0,1.0,390.0,390.0,0.6244997998398398,1.0,6.68454103388941e-05,3.349301409934095e+23,8.659312242274813,3,2025-05-04 00:00:00+00:00,1,4.913194444444445
1746331200000,1,1.4442307947054807,0.006242213283074275,2.4821873410637765,1.4442307947054807,1.0,1.0,,,0.0,,,0.0,,,0.0,,,0.0,6.446014029010704,-5.001783234305224,1.0,1.0,878.0,878.0,0.9370165420097982,1.0,0.0001344806711075674,3.364761575079179e+23,30.555867166503432,4,2025-05-04 00:00:00+00:00,1,4.954861111111111
1746334800000,8,0.958354874196093,0.05063611360523748,20.59544850833156,1.0120277147172065,7.0,0.875,0.5826449905482972,1.0,0.125,,,0.0,,,0.0,,,0.0,1.5365545846946949,-0.5245268699774882,7.0,7.0,14865.285714285714,10481.0,3.2075177625320483,0.2857142857142857,9.203133883625808e-05,3.4396070591917404e+23,56.8804060542747,5,2025-05-04 00:00:00+00:00,1,4.996527777777778
1746338400000,5,1.6015022690608833,0.04884358514929564,19.908181946943678,1.5665354308486363,2.0,0.4,1.6248134945357144,3.0,0.6,,,0.0,,,0.0,,,0.0,6.73989406992872,-5.173358639080083,2.0,2.0,1275.5,1275.5,1.1086587603890894,0.5,9.846674421406413e-05,3.4206763057248556e+23,49.862510600269104,6,2025-05-04 00:00:00+00:00,1,5.038194444444445
1746349200000,1,1.735839596223609,0.005258647219910586,2.0526791361934658,1.735839596223609,1.0,1.0,,,0.0,,,0.0,,,0.0,,,0.0,0.047723251754305286,1.6881163444693037,1.0,1.0,6181.0,6181.0,2.48616170029224,0.0,7.904806393365312e-05,3.303011369938307e+23,58.947143142627134,9,2025-05-04 00:00:00+00:00,1,5.163194444444445
1746352800000,2,2.2643745396933253,0.01895784147497218,7.463211394960258,3.0385805704463915,1.0,0.5,1.490168508940259,1.0,0.5,,,0.0,,,0.0,,,0.0,7.966537330869627,-4.9279567604232355,1.0,1.0,469.0,469.0,0.6848357467305572,1.0,0.00011079318302288791,3.452849890961278e+23,18.903333507684923,10,2025-05-04 00:00:00+00:00,1,5.204861111111111
1746356400000,3,0.4696201428857473,0.016188613824527187,6.62653233730066,0.4696201428857473,3.0,1.0,,,0.0,,,0.0,,,0.0,,,0.0,0.6374614347650478,-0.16784129187930044,3.0,3.0,1593.3333333333333,1470.0,1.256524190887355,0.6666666666666666,6.418180767792026e-05,3.684460588365459e+23,29.387003466133407,11,2025-05-04 00:00:00+00:00,1,5.246527777777778
1746363600000,3,2.209920946451582,0.021917915010530857,8.409467635107944,0.7296328042877492,1.0,0.3333333333333333,2.950065017533498,2.0,0.6666666666666666,,,0.0,,,0.0,,,0.0,0.7296328042877492,0.0,1.0,1.0,17407.0,17407.0,4.172169699329115,0.0,8.240169959057621e-05,3.681422139950437e+23,102.96126752400625,13,2025-05-04 00:00:00+00:00,1,5.329861111111111
1746367200000,1,4.47025603940001,0.014263963261190272,5.236919175549111,4.47025603940001,1.0,1.0,,,0.0,,,0.0,,,0.0,,,0.0,3.6263257726115934,0.843930266788417,1.0,1.0,34145.0,34145.0,5.843372313998143,0.0,8.277015491521712e-05,3.859898035579886e+23,63.32521862763734,14,2025-05-04 00:00:00+00:00,1,5.371527777777778
1746370800000,2,1.2983129837179859,0.012471268440455378,4.9643048605892535,1.2983129837179859,2.0,1.0,,,0.0,,,0.0,,,0.0,,,0.0,2.575941082726984,-1.2776280990089983,2.0,2.0,6379.0,6379.0,2.3162248239221035,0.0,5.443788664003831e-05,4.030704589084647e+23,14.09526300470421,15,2025-05-04 00:00:00+00:00,1,5.413194444444445
1746396000000,1,1.1470272459063398,0.004962870096510677,1.9738918267939864,1.1470272459063398,1.0,1.0,,,0.0,,,0.0,,,0.0,,,0.0,1.907342752218177,-0.7603155063118372,1.0,1.0,34785.0,34785.0,5.897880975401249,0.0,6.861678998708086e-05,3.611301521104471e+23,26.831049909081532,22,2025-05-04 00:00:00+00:00,1,5.704861111111111
1746403200000,2,1.5609058665711157,0.011787703042193962,4.599955310750018,1.5609058665711157,2.0,1.0,,,0.0,,,0.0,,,0.0,,,0.0,1.475999326923127,0.08490653964798867,2.0,2.0,871.0,871.0,0.9052436933449899,1.0,6.404218362726656e-05,3.654049385514717e+23,14.72753929189283,0,2025-05-05 00:00:00+00:00,1,5.788194444444445
1746406800000,5,1.552808776679981,0.042615501638667445,17.46696229051605,1.6859807662656041,4.0,0.8,1.0201208183374884,1.0,0.2,,,0.0,,,0.0,,,0.0,1.301002445335841,0.38497832092976303,4.0,4.0,719.25,296.0,0.6993736849588323,0.75,0.00010423601480648527,3.5466107994431064e+23,37.64477639017483,1,2025-05-05 00:00:00+00:00,1,5.829861111111111
1746410400000,4,0.576546944380551,0.029405669871619838,12.303771332048623,0.6088577192462951,3.0,0.75,0.47961461978331904,1.0,0.25,,,0.0,,,0.0,,,0.0,0.6654535143596702,-0.056595795113375175,3.0,3.0,1755.6666666666667,1638.0,1.292286878307878,0.3333333333333333,7.746640146561227e-05,3.561855872680462e+23,58.764066332117146,2,2025-05-05 00:00:00+00:00,1,5.871527777777778
1746414000000,2,0.8286134306395794,0.008486005572003989,3.381200867748124,0.8286134306395794,2.0,1.0,,,0.0,,,0.0,,,0.0,,,0.0,0.9133490031554499,-0.0847355725158705,2.0,2.0,1881.0,1881.0,1.3532788426363251,0.5,3.918541096902199e-05,3.726906043143362e+23,20.260218087226598,3,2025-05-05 00:00:00+00:00,1,5.913194444444445
1746417600000,1,3.5379244286021456,0.01124296237239899,4.20578453948087,3.5379244286021456,1.0,1.0,,,0.0,,,0.0,,,0.0,,,0.0,3.7069437193265826,-0.169019290724437,1.0,1.0,16377.0,16377.0,4.046850627339734,0.0,5.677337163731952e-05,3.897528734322362e+23,14.61248738922433,4,2025-05-05 00:00:00+00:00,1,5.954861111111111
1746421200000,2,1.0007231624520547,0.010097561759160729,4.03468369818832,1.0007231624520547,2.0,1.0,,,0.0,,,0.0,,,0.0,,,0.0,1.0007231624520547,0.0,2.0,2.0,7518.0,7518.0,2.0047352590730476,0.5,8.284752386503128e-05,4.018074541525103e+23,21.091935609754884,5,2025-05-05 00:00:00+00:00,1,5.996527777777778
1746424800000,6,1.3212151823666303,0.03730306623595268,14.867198854686805,1.299012984511982,2.0,0.3333333333333333,1.3323162812939544,4.0,0.6666666666666666,,,0.0,,,0.0,,,0.0,3.9612015168505534,-2.662188532338572,2.0,2.0,9697.0,9697.0,2.5688374145744506,0.5,0.00010423010708601326,3.711507967417806e+23,44.9081058372431,6,2025-05-05 00:00:00+00:00,1,6.038194444444445
1746432000000,1,0.9409098745355665,0.008667902700977089,3.5620274612354073,,,0.0,0.9409098745355665,1.0,1.0,,,0.0,,,0.0,,,0.0,,,,,,,,,6.856852105243762e-05,4.0113605541971896e+23,105.48161725920718,8,2025-05-05 00:00:00+00:00,1,6.121527777777778
1746439200000,2,0.6116556488550356,0.010464041484767112,4.217122368757893,0.9393213173697562,1.0,0.5,0.28398998034031514,1.0,0.5,,,0.0,,,0.0,,,0.0,0.9393213173697562,0.0,1.0,1.0,5028.0,5028.0,2.2423202269078337,0.0,0.00010719925887986117,5.01951922625389e+23,119.72470127768362,10,2025-05-05 00:00:00+00:00,1,6.204861111111111
1746442800000,7,0.9561180718367466,0.03747435765549999,15.044524337220759,0.977434754875794,6.0,0.8571428571428571,0.8282179736024625,1.0,0.14285714285714285,,,0.0,,,0.0,,,0.0,1.5806803371974407,-0.6032455823216468,6.0,6.0,7505.0,4798.5,2.3250229886393825,0.5,9.6556318447363e-05,3.90028025074512e+23,48.62718927800567,11,2025-05-05 00:00:00+00:00,1,6.246527777777778
1746446400000,3,1.369865050122435,0.019642829025183776,7.773607588106747,1.369865050122435,3.0,1.0,,,0.0,,,0.0,,,0.0,,,0.0,1.0320979591717918,0.3377670909506432,3.0,3.0,11856.0,2280.0,2.5244375771025553,0.3333333333333333,9.414710605176007e-05,4.306897583438408e+23,46.060327753643946,12,2025-05-05 00:00:00+00:00,1,6.288194444444445
1746450000000,10,0.7772119179677789,0.0889543973966733,36.439927107956905,0.5616749113011609,6.0,0.6,1.1005174279677061,4.0,0.4,,,0.0,,,0.0,,,0.0,1.0652647809768891,-0.5035898696757283,6.0,6.0,4433.833333333333,1948.0,1.8017152288555687,0.3333333333333333,0.00010169330569991237,5.3824414435593845e+23,97.21262324665487,13,2025-05-05 00:00:00+00:00,1,6.329861111111111
1746453600000,10,1.4752868437179152,0.11885076230591665,47.51454951919302,1.5881662152982967,9.0,0.9,0.45937249949448095,1.0,0.1,,,0.0,,,0.0,,,0.0,2.978102417889092,-1.389936202590795,9.0,9.0,2984.3333333333335,1860.0,1.5011417024516953,0.4444444444444444,0.00018060339339903472,5.591121034245108e+23,165.4102587806488,14,2025-05-05 00:00:00+00:00,1,6.371527777777778
1746457200000,7,0.931445437176974,0.0616783278342369,24.920155916501812,1.1037357947297983,5.0,0.7142857142857143,0.5007195432949135,2.0,0.2857142857142857,,,0.0,,,0.0,,,0.0,1.137175859158201,-0.033440064428402735,5.0,5.0,1753.8,1677.0,1.296052634495738,0.4,0.00011625977930625428,5.458650424951391e+23,162.8604792940499,15,2025-05-05 00:00:00+00:00,1,6.413194444444445
1746460800000,9,2.1205602761975184,0.13671979052564004,51.71775861796337,2.258464002776047,7.0,0.7777777777777778,1.6378972331726689,2.0,0.2222222222222222,,,0.0,,,0.0,,,0.0,4.973008260134444,-2.7145442573583973,7.0,7.0,13265.42857142857,1092.0,2.7562773262024693,0.5714285714285714,8.581559962169356e-05,5.499848267449201e+23,116.33776822246021,16,2025-05-05 00:00:00+00:00,1,6.454861111111111
1746464400000,6,0.5745872968121675,0.07044879908417262,30.252915524432098,0.7238943966686668,2.0,0.3333333333333333,0.49993374688391773,4.0,0.6666666666666666,,,0.0,,,0.0,,,0.0,0.30513413621759916,0.4187602604510676,2.0,2.0,2739.0,2739.0,1.549615788145256,0.5,9.898072919638294e-05,5.3693047690905376e+23,133.0799059102345,17,2025-05-05 00:00:00+00:00,1,6.496527777777778
1746468000000,9,2.158910566974133,0.11603209769096716,119.06451475676761,0.9984269106761086,4.0,0.4444444444444444,3.0872974920125524,5.0,0.5555555555555556,,,0.0,,,0.0,,,0.0,1.2484095614978759,-0.2499826508217673,4.0,4.0,1098.25,1143.0,1.0243842923653959,0.75,8.017532390025492e-05,5.7171820419350754e+23,304.4806877969154,18,2025-05-05 00:00:00+00:00,1,6.538194444444445
1746471600000,6,1.1027138137811157,0.052213524018983624,20.83679464858,1.3985433507435414,4.0,0.6666666666666666,0.5110547398562643,2.0,0.3333333333333333,,,0.0,,,0.0,,,0.0,1.482152995231378,-0.08360964448783648,4.0,4.0,14501.5,12584.5,3.1676023218915823,0.5,7.770036813972066e-05,5.791346479856274e+23,113.81810379169009,19,2025-05-05 00:00:00+00:00,1,6.579861111111111
1746475200000,4,1.1556178900190779,0.03414241361341427,13.619394138577855,1.5296273872239745,3.0,0.75,0.03358939840438727,1.0,0.25,,,0.0,,,0.0,,,0.0,2.145663625903389,-0.6160362386794144,3.0,3.0,665.6666666666666,693.0,0.8046998700022169,1.0,8.250643518759126e-05,5.4462988718906566e+23,63.3570583652467,20,2025-05-05 00:00:00+00:00,1,6.621527777777778
1746478800000,8,1.6989047135637865,0.0981595827403818,37.67316934917709,7.3922657961173135,1.0,0.125,0.8855674160561396,7.0,0.875,,,0.0,,,0.0,,,0.0,17.455474008337156,-10.063208212219841,1.0,1.0,1704.0,1704.0,1.3053735097664576,0.0,8.535193566364374e-05,5.684761437815173e+23,115.0615248633851,21,2025-05-05 00:00:00+00:00,1,6.663194444444445
1746489600000,3,0.9948975073657583,0.034197964821306125,13.890945387655725,0.6146163724624283,2.0,0.6666666666666666,1.7554597771724185,1.0,0.3333333333333333,,,0.0,,,0.0,,,0.0,0.530817827764673,0.08379854469775522,2.0,2.0,16915.0,16915.0,3.2939562140168768,0.5,8.300631233477393e-05,5.917729889042942e+23,49.19918315777658,0,2025-05-06 00:00:00+00:00,1,6.788194444444445
1746493200000,4,1.6237249322578968,0.032473794761087076,12.665287266645084,1.6030756929080954,2.0,0.5,1.6443741716076983,2.0,0.5,,,0.0,,,0.0,,,0.0,1.186816003067603,0.41625968984049244,2.0,2.0,4876.5,4876.5,2.0470093872537487,0.5,8.294913081879182e-05,5.088950105204971e+23,84.69357091305841,1,2025-05-06 00:00:00+00:00,1,6.829861111111111
1746496800000,19,2.311777020063067,0.2992034473045889,110.91459954911697,2.384757584291291,16.0,0.8421052631578947,1.059713234350967,1.0,0.05263157894736842,2.353964399093322,2.0,0.10526315789473684,,,0.0,,,0.0,2.7103109764268574,-0.3255533921355662,16.0,16.0,5928.6875,1400.5,1.9199268862355208,0.625,0.00013415518716483184,5.634385075165771e+23,257.5417136579803,2,2025-05-06 00:00:00+00:00,1,6.871527777777778
1746500400000,2,4.478979521017633,0.04130635632470584,15.15909036757909,,,0.0,4.478979521017633,2.0,1.0,,,0.0,,,0.0,,,0.0,,,,,,,,,5.450760295782775e-05,5.15710684643012e+23,146.0123024451136,3,2025-05-06 00:00:00+00:00,1,6.913194444444445
1746504000000,4,2.590341095148074,0.03733894096141732,14.03290175411609,,,0.0,2.590341095148074,4.0,1.0,,,0.0,,,0.0,,,0.0,,,,,,,,,0.00013759126715943656,4.0106259197254265e+23,138.09770939317718,4,2025-05-06 00:00:00+00:00,1,6.954861111111111
1746507600000,8,0.8514749525023951,0.0484612696241993,19.568175234134085,1.5810770030909058,3.0,0.375,0.4137137221492887,5.0,0.625,,,0.0,,,0.0,,,0.0,1.5253114839958386,0.05576551909506714,3.0,3.0,3260.0,788.0,1.4900394008300504,0.6666666666666666,0.00010127340112978487,4.0616303928677046e+23,84.55792856668077,5,2025-05-06 00:00:00+00:00,1,6.996527777777778
1746511200000,6,2.0301280783978113,0.053205270687298356,20.437784160168373,2.3997611648746355,5.0,0.8333333333333334,0.18196264601368864,1.0,0.16666666666666666,,,0.0,,,0.0,,,0.0,2.4330706527698966,-0.033309487895261114,5.0,5.0,2192.8,890.0,1.338931428394093,0.6,8.981283894247075e-05,4.047522822356915e+23,94.7206797085906,6,2025-05-06 00:00:00+00:00,1,7.038194444444445
1746514800000,7,6.736411929248317,0.24394483751209745,189.36286409432682,8.463167256940485,4.0,0.5714285714285714,4.434071492325427,3.0,0.42857142857142855,,,0.0,,,0.0,,,0.0,1.7429223676821088,6.7202448892583755,4.0,4.0,7557.5,1771.0,2.168166666602052,0.5,0.0001089895951874076,4.274795692212021e+23,394.4489978785625,7,2025-05-06 00:00:00+00:00,1,7.079861111111111
1746518400000,4,0.9513229682276075,0.04119488262907446,16.781419036762383,1.055936545257285,2.0,0.5,0.8467093911979301,2.0,0.5,,,0.0,,,0.0,,,0.0,0.9725005982530672,0.08343594700421786,2.0,2.0,2556.5,2556.5,1.5721117583642106,0.0,0.00013290148416024404,5.992330789496932e+23,75.57055013409669,8,2025-05-06 00:00:00+00:00,1,7.121527777777778
1746522000000,6,0.8421770640900509,0.049982959201258365,20.109025786426646,1.2400622471747886,4.0,0.6666666666666666,0.0464066979205752,2.0,0.3333333333333333,,,0.0,,,0.0,,,0.0,1.2820886907449975,-0.042026443570208905,4.0,4.0,1296.0,1195.5,1.1036823672807423,0.5,9.361701001293981e-05,5.678300369762738e+23,60.04484292079022,9,2025-05-06 00:00:00+00:00,1,7.163194444444445
1746525600000,1,0.34352304314424437,0.004401976421963921,1.7803353775425124,0.34352304314424437,1.0,1.0,,,0.0,,,0.0,,,0.0,,,0.0,0.9105399375103568,-0.5670168943661125,1.0,1.0,30049.0,30049.0,5.481696817592159,0.0,8.583798906909301e-05,5.5946054822697365e+23,16.14906641018342,10,2025-05-06 00:00:00+00:00,1,7.204861111111111
1746529200000,1,0.7821959032289433,0.004629761770299854,1.836022724063521,0.7821959032289433,1.0,1.0,,,0.0,,,0.0,,,0.0,,,0.0,0.1126280313074263,0.669567871921517,1.0,1.0,7493.0,7493.0,2.7373344698812385,0.0,0.00010326253159188447,5.60364573279619e+23,111.23418271397613,11,2025-05-06 00:00:00+00:00,1,7.246527777777778
1746532800000,1,1.497913252445659,0.0065989034120494386,2.5744013597849276,1.497913252445659,1.0,1.0,,,0.0,,,0.0,,,0.0,,,0.0,2.3400373485688237,-0.8421240961231646,1.0,1.0,13426.0,13426.0,3.6641506519246723,0.0,8.191786943070638e-05,5.599256403403255e+23,27.89900612280745,12,2025-05-06 00:00:00+00:00,1,7.288194444444445
1746536400000,1,0.9203341637115331,0.0046540223184823835,1.835569026741378,0.9203341637115331,1.0,1.0,,,0.0,,,0.0,,,0.0,,,0.0,1.7570015852647276,-0.8366674215531945,1.0,1.0,14014.0,14014.0,3.7435277479938622,0.0,0.0001311692460668893,5.6034046329403115e+23,99.83680271272242,13,2025-05-06 00:00:00+00:00,1,7.329861111111111
1746540000000,3,3.1801456211287302,0.03369129680820523,12.572370895713355,3.9389954805940866,2.0,0.6666666666666666,1.6624459021980171,1.0,0.3333333333333333,,,0.0,,,0.0,,,0.0,3.9389954805940866,0.0,2.0,2.0,1344.5,1344.5,1.1496339383150287,0.5,0.0001251784029119199,4.818215943605506e+23,122.59061681734734,14,2025-05-06 00:00:00+00:00,1,7.371527777777778
1746543600000,1,3.975403676422262,0.014161672398809904,5.31062621603618,,,0.0,3.975403676422262,1.0,1.0,,,0.0,,,0.0,,,0.0,,,,,,,,,0.00012980212981233163,4.431148399978819e+23,51.0355941959477,15,2025-05-06 00:00:00+00:00,1,7.413194444444445
1746550800000,1,0.9206309760084957,0.005135760461936957,2.0360464689218287,,,0.0,0.9206309760084957,1.0,1.0,,,0.0,,,0.0,,,0.0,,,,,,,,,8.55267536867578e-05,5.609699349533986e+23,35.550337245581844,17,2025-05-06 00:00:00+00:00,1,7.496527777777778
1746558000000,2,0.8357378526141708,0.01581306691290793,6.424491735483684,0.8357378526141708,2.0,1.0,,,0.0,,,0.0,,,0.0,,,0.0,0.9190079064464114,-0.08327005383224062,2.0,2.0,9580.0,9580.0,2.7022137122586503,0.5,0.0001016745595100244,5.602721329106201e+23,52.365013804225605,19,2025-05-06 00:00:00+00:00,1,7.579861111111111
1746561600000,1,0.13968700160296113,0.004476302841855736,1.8265516869075944,,,0.0,0.13968700160296113,1.0,1.0,,,0.0,,,0.0,,,0.0,,,,,,,,,7.050486841369515e-05,5.596127298463695e+23,110.64821533672216,20,2025-05-06 00:00:00+00:00,1,7.621527777777778
1746565200000,1,1.0627925412126866,0.004642018350450917,1.8256577918027932,,,0.0,1.0627925412126866,1.0,1.0,,,0.0,,,0.0,,,0.0,,,,,,,,,0.00010980229942135107,4.645046903422562e+23,108.76262454272681,21,2025-05-06 00:00:00+00:00,1,7.663194444444445
1746568800000,5,1.5970849114405266,0.045438578159448635,17.560456193009614,4.37016465261899,1.0,0.2,1.174137345110759,3.0,0.6,0.09284786925136626,1.0,0.2,,,0.0,,,0.0,4.702690785633478,-0.33252613301448797,1.0,1.0,479.0,479.0,0.692098258919931,1.0,8.726776975204962e-05,5.3482940928348385e+23,139.75910285152779,22,2025-05-06 00:00:00+00:00,1,7.704861111111111
1746572400000,1,3.2583236418998403,0.014865577524394482,5.58152152537856,,,0.0,3.2583236418998403,1.0,1.0,,,0.0,,,0.0,,,0.0,,,,,,,,,8.349263530672221e-05,5.9204301590226e+23,82.3250297934702,23,2025-05-06 00:00:00+00:00,1,7.746527777777778
1746583200000,2,1.4475381893314316,0.015973001225999185,6.252978817421386,1.4475381893314316,2.0,1.0,,,0.0,,,0.0,,,0.0,,,0.0,1.4475967065569413,-5.8517225509646664e-05,2.0,2.0,3935.5,3935.5,1.6489010956336565,0.5,7.24300335103094e-05,5.4144658856026016e+23,158.5160328471656,2,2025-05-07 00:00:00+00:00,1,7.871527777777778
1746590400000,4,1.0336104594560687,0.020753077373315748,8.17213049469404,0.9299232908372086,3.0,0.75,1.3446719653126489,1.0,0.25,,,0.0,,,0.0,,,0.0,1.3962790098400581,-0.4663557190028496,3.0,3.0,2553.3333333333335,3493.0,1.5170851412651245,0.3333333333333333,8.313928407972374e-05,6.05577302945271e+23,71.84130553492439,4,2025-05-07 00:00:00+00:00,1,7.954861111111111
1746608400000,3,2.4930510644670143,0.04706813417527127,18.202872537801277,3.7131895998887767,2.0,0.6666666666666666,0.052773993623488925,1.0,0.3333333333333333,,,0.0,,,0.0,,,0.0,1.234374465023968,2.478815134864809,2.0,2.0,8449.5,8449.5,2.5674844979796996,0.5,0.0001467350321439601,5.6391514685865306e+23,112.4250508123966,9,2025-05-07 00:00:00+00:00,1,8.163194444444445
1746615600000,5,3.193690719278796,0.05582706511023362,20.851657531228312,3.193690719278796,5.0,1.0,,,0.0,,,0.0,,,0.0,,,0.0,4.112355003590107,-0.9186642843113102,5.0,5.0,14880.2,5256.0,3.2509716910441684,0.2,0.0001388526065833902,4.088035323437159e+23,173.1470995598853,11,2025-05-07 00:00:00+00:00,1,8.246527777777779
1746619200000,5,1.8282120611900148,0.03414544810943519,13.167217367537006,1.2730254265541858,2.0,0.4,2.1983364842805675,3.0,0.6,,,0.0,,,0.0,,,0.0,1.3554856511638564,-0.08246022460967056,2.0,2.0,2441.0,2441.0,1.5239923327635752,0.5,0.00014737188928466596,3.93993064156109e+23,179.78646695191154,12,2025-05-07 00:00:00+00:00,1,8.288194444444445
1746626400000,1,2.0537485962241138,0.006438926957462506,2.484666603890416,,,0.0,2.0537485962241138,1.0,1.0,,,0.0,,,0.0,,,0.0,,,,,,,,,0.00011556148056898153,4.001367762718811e+23,57.55969728209161,14,2025-05-07 00:00:00+00:00,1,8.371527777777779
1746630000000,2,0.5242810100470002,0.009966667032247307,4.0798159177897,0.8323946737470939,1.0,0.5,0.21616734634690662,1.0,0.5,,,0.0,,,0.0,,,0.0,1.9916809161885314,-1.1592862424414374,1.0,1.0,1361.0,1361.0,1.1666190466471906,1.0,0.00011467877530482956,4.001808220632939e+23,60.840466144630916,15,2025-05-07 00:00:00+00:00,1,8.413194444444445
1746633600000,2,1.372975575732482,0.010761547735126374,4.229881398554353,1.372975575732482,2.0,1.0,,,0.0,,,0.0,,,0.0,,,0.0,2.0489550090785564,-0.6759794333460745,2.0,2.0,12201.0,12201.0,3.3626681896120125,0.0,0.00012166864135909076,3.9946875628475773e+23,54.22661362940656,16,2025-05-07 00:00:00+00:00,1,8.45486111111111
1746640800000,3,1.6730859430767495,0.021799415821134337,8.527154620195985,1.0846375212619992,2.0,0.6666666666666666,2.8499827867062506,1.0,0.3333333333333333,,,0.0,,,0.0,,,0.0,3.081106891092999,-1.9964693698309999,2.0,2.0,1014.5,1014.5,1.0040874530459347,1.0,0.00013536251488658292,4.066301203418952e+23,65.34634524012363,18,2025-05-07 00:00:00+00:00,1,8.538194444444445
1746644400000,1,0.9283387145070593,0.004603744921319565,1.82956773989341,0.9283387145070593,1.0,1.0,,,0.0,,,0.0,,,0.0,,,0.0,1.7609545537372813,-0.832615839230222,1.0,1.0,404.0,404.0,0.6356099432828282,1.0,0.00013680513448334128,4.103768205050886e+23,60.28736335502308,19,2025-05-07 00:00:00+00:00,1,8.57986111111111
1746648000000,2,1.5184647032401517,0.014797129200132438,5.789986982822052,0.34453776082523596,1.0,0.5,2.6923916456550674,1.0,0.5,,,0.0,,,0.0,,,0.0,2.189003965566449,-1.844466204741213,1.0,1.0,1247.0,1247.0,1.1166915420114905,1.0,8.248819706908151e-05,4.1044339325951e+23,62.26779311044927,20,2025-05-07 00:00:00+00:00,1,8.621527777777779
1746662400000,2,1.2555364875199921,0.02130947188980016,8.82529948742797,2.079054807621627,1.0,0.5,0.43201816741835714,1.0,0.5,,,0.0,,,0.0,,,0.0,2.079054807621627,0.0,1.0,1.0,1232.0,1232.0,1.1099549540409286,1.0,8.10652276296783e-05,3.611290648513449e+23,112.86863919567476,0,2025-05-08 00:00:00+00:00,1,8.788194444444445
1746669600000,6,2.837550220253803,0.05192053526470612,19.620041463128963,2.837550220253803,6.0,1.0,,,0.0,,,0.0,,,0.0,,,0.0,4.57777654106782,-1.7402263208140163,6.0,6.0,1561.5,1089.0,1.1852998252813218,0.6666666666666666,0.0001323852205534922,3.8189647449777856e+23,114.29239648790919,2,2025-05-08 00:00:00+00:00,1,8.871527777777779
1746673200000,6,4.4194315495640195,0.11373636027830733,42.6876085293585,5.641447723224745,4.0,0.6666666666666666,1.9753992022425666,2.0,0.3333333333333333,,,0.0,,,0.0,,,0.0,8.11095436692779,-2.4695066437030446,4.0,4.0,1028.5,877.0,0.9946542067425113,0.75,0.0001651632029063928,3.550389024785732e+23,131.82359415844823,3,2025-05-08 00:00:00+00:00,1,8.913194444444445
1746676800000,8,2.2746979804228125,0.054022751508489224,20.618966780836253,2.4334919594406856,7.0,0.875,1.163140127297701,1.0,0.125,,,0.0,,,0.0,,,0.0,2.5737090342422135,-0.1402170748015281,7.0,7.0,4283.142857142857,1060.0,1.6777835842356104,0.7142857142857143,0.0001387892683331622,3.4202535803671076e+23,158.83260065740632,4,2025-05-08 00:00:00+00:00,1,8.95486111111111
1746680400000,2,1.989842217885473,0.01900120842810037,7.41150052913397,0.7921264393057287,1.0,0.5,3.1875579964652174,1.0,0.5,,,0.0,,,0.0,,,0.0,10.413807942605846,-9.621681503300117,1.0,1.0,2683.0,2683.0,1.6379865689315036,0.0,0.00014377482867416867,4.0838901603573825e+23,65.88440257130135,5,2025-05-08 00:00:00+00:00,1,8.996527777777779
1746684000000,2,11.2520886545864,0.09397189224560729,27.9398338554825,11.2520886545864,2.0,1.0,,,0.0,,,0.0,,,0.0,,,0.0,2.707367259359738,8.544721395226661,2.0,2.0,11478.0,11478.0,2.9465101997301417,0.0,0.00015125414168737548,3.844793828845811e+23,125.18693591980981,6,2025-05-08 00:00:00+00:00,1,9.038194444444445
1746687600000,7,2.761795275526658,0.06079369675308018,23.1720760778196,2.442674677925308,6.0,0.8571428571428571,4.676518861134759,1.0,0.14285714285714285,,,0.0,,,0.0,,,0.0,2.9422577547407585,-0.49958307681545006,6.0,6.0,4063.5,2774.0,1.8639810233728475,0.3333333333333333,0.0001546761000213794,3.270358014135802e+23,158.17015493227638,7,2025-05-08 00:00:00+00:00,1,9.07986111111111
1746691200000,7,2.1868019032837713,0.05127176508269149,19.560815210903826,2.169410727577725,4.0,0.5714285714285714,2.2099901375584996,3.0,0.42857142857142855,,,0.0,,,0.0,,,0.0,2.3723220960564446,-0.20291136847871982,4.0,4.0,1407.75,820.0,1.0862571245410266,0.75,0.00014778546453914732,3.4975608662657576e+23,117.711152527618,8,2025-05-08 00:00:00+00:00,1,9.121527777777779
1746702000000,3,0.7984246501482174,0.02367751626890406,9.756009756872182,0.4623872059511752,2.0,0.6666666666666666,1.470499538542302,1.0,0.3333333333333333,,,0.0,,,0.0,,,0.0,1.9283072229259397,-1.4659200169747644,2.0,2.0,7651.0,7651.0,2.684568747217467,0.0,8.608188112470989e-05,5.20864116531589e+23,89.94104106242074,11,2025-05-08 00:00:00+00:00,1,9.246527777777779
1746705600000,5,0.86724596807155,0.03035810598707179,12.173016871258517,1.1066412900083178,3.0,0.6,0.5081529851663985,2.0,0.4,,,0.0,,,0.0,,,0.0,0.6167678402470969,0.48987344976122077,3.0,3.0,10502.333333333334,8967.0,2.949578685257601,0.0,0.00010869621316035515,4.62165217048193e+23,195.6647891721483,12,2025-05-08 00:00:00+00:00,1,9.288194444444445
1746712800000,1,1.7973903263585274,0.006759131232193252,2.613682175097215,,,0.0,1.7973903263585274,1.0,1.0,,,0.0,,,0.0,,,0.0,,,,,,,,,0.0001477385202864955,5.1664809891967565e+23,128.7748575326343,14,2025-05-08 00:00:00+00:00,1,9.371527777777779
1746716400000,3,2.084284641455032,0.03189344939184833,12.340957458859405,2.084284641455032,3.0,1.0,,,0.0,,,0.0,,,0.0,,,0.0,0.8964696646472401,1.187814976807792,3.0,3.0,1211.0,1111.0,1.093504843953374,0.6666666666666666,0.00021511589165780208,4.2233314590980934e+23,263.14765296456955,15,2025-05-08 00:00:00+00:00,1,9.413194444444445
1746720000000,1,2.868789156993978,0.010350041205333577,3.9206801683949144,2.868789156993978,1.0,1.0,,,0.0,,,0.0,,,0.0,,,0.0,3.510599693492011,-0.6418105364980331,1.0,1.0,17062.0,17062.0,4.130617387267913,0.0,0.0001370542891999213,4.640302157333215e+23,91.95031759166119,16,2025-05-08 00:00:00+00:00,1,9.45486111111111
1746727200000,2,1.8794868476740496,0.011712710688566096,4.532412170033391,2.754124007532965,1.0,0.5,1.0048496878151343,1.0,0.5,,,0.0,,,0.0,,,0.0,0.1576896290472968,2.596434378485668,1.0,1.0,13920.0,13920.0,3.730951621235526,0.0,9.157830573689274e-05,3.499426554326124e+23,37.2590258875197,18,2025-05-08 00:00:00+00:00,1,9.538194444444445
1746730800000,5,1.3605814810938806,0.0226849961253099,8.887097864883293,1.323148194444534,4.0,0.8,1.5103146276912667,1.0,0.2,,,0.0,,,0.0,,,0.0,2.290117694643567,-0.966969500199033,4.0,4.0,8199.0,4184.5,2.496063498749961,0.25,0.0001034105104683372,3.5600809226219834e+23,83.11048052286533,19,2025-05-08 00:00:00+00:00,1,9.57986111111111
1746734400000,3,1.8027334489181104,0.023039467228463503,8.956006666991987,1.419634884214393,2.0,0.6666666666666666,2.568930578325545,1.0,0.3333333333333333,,,0.0,,,0.0,,,0.0,1.8122121063835146,-0.3925772221691215,2.0,2.0,1599.5,1599.5,1.2630357361709066,0.5,0.00010155914107227835,4.455604382917448e+23,146.28084887398126,20,2025-05-08 00:00:00+00:00,1,9.621527777777779
1746738000000,2,1.3663915427725377,0.012257993565476608,4.836786065895583,1.3663915427725377,2.0,1.0,,,0.0,,,0.0,,,0.0,,,0.0,1.849210784605226,-0.4828192418326882,2.0,2.0,862.5,862.5,0.9183128774169724,1.0,0.00019972313904666552,4.520110074038759e+23,100.14782036619819,21,2025-05-08 00:00:00+00:00,1,9.663194444444445
1746745200000,3,2.1515640311892343,0.024748139284459326,9.480118920602735,2.1515640311892343,3.0,1.0,,,0.0,,,0.0,,,0.0,,,0.0,1.2991788572793552,0.852385173909879,3.0,3.0,6041.666666666667,3653.0,2.2346718902968057,0.3333333333333333,0.00013098544298184903,4.870578220217325e+23,121.21553292627246,23,2025-05-08 00:00:00+00:00,1,9.746527777777779
1746748800000,10,1.0763197117814811,0.07114948588987288,28.534074377325236,1.0622532304031571,6.0,0.6,1.097419433848967,4.0,0.4,,,0.0,,,0.0,,,0.0,1.0616287262904749,0.0006245041126822596,6.0,6.0,3267.6666666666665,1353.5,1.620101035176561,0.6666666666666666,0.0001389760937695938,4.92286493999687e+23,240.63865383318387,0,2025-05-09 00:00:00+00:00,1,9.788194444444445
1746752400000,3,2.704078215698239,0.031804176945491786,12.063261033739014,2.704078215698239,3.0,1.0,,,0.0,,,0.0,,,0.0,,,0.0,2.3295084478771444,0.3745697678210944,3.0,3.0,1295.0,1300.0,1.1357283610425808,1.0,0.00015559583186651829,4.679699945181122e+23,141.53329730315897,1,2025-05-09 00:00:00+00:00,1,9.82986111111111
1746759600000,4,2.8320064037554378,0.04806507280109806,18.101015386029303,2.513084225087025,3.0,0.75,3.7887729397606758,1.0,0.25,,,0.0,,,0.0,,,0.0,2.9925396625505893,-0.4794554374635644,3.0,3.0,1605.3333333333333,1086.0,1.2307984034801158,0.6666666666666666,0.00017691721257702463,4.994510077512254e+23,244.36482800723607,3,2025-05-09 00:00:00+00:00,1,9.913194444444445
1746763200000,1,2.5522076852718896,0.01044300427875436,3.97431236540472,,,0.0,2.5522076852718896,1.0,1.0,,,0.0,,,0.0,,,0.0,,,,,,,,,0.0001255655485930718,5.1486623730029543e+23,73.62196474538254,4,2025-05-09 00:00:00+00:00,1,9.95486111111111
1746766800000,2,3.1272742989097093,0.025748790471378177,9.581323626409752,3.1272742989097093,2.0,1.0,,,0.0,,,0.0,,,0.0,,,0.0,2.1717535036775084,0.9555207952322009,2.0,2.0,6588.0,6588.0,2.51130946382954,0.0,9.698733013299219e-05,4.724510496452295e+23,112.73755925334979,5,2025-05-09 00:00:00+00:00,1,9.996527777777779
1746770400000,7,3.3631536788940335,0.07170618794485856,26.787093722232292,3.2300643116281664,4.0,0.5714285714285714,3.540606168581857,3.0,0.42857142857142855,,,0.0,,,0.0,,,0.0,2.5531248197002916,0.6769394919278748,4.0,4.0,2634.75,1545.0,1.5134027249527824,0.5,0.00022435581467180086,3.816871717766757e+23,232.3979605756671,6,2025-05-09 00:00:00+00:00,1,10.038194444444445
1746774000000,7,2.2138593547490064,0.04600928894735461,17.76745726293451,2.2138593547490064,7.0,1.0,,,0.0,,,0.0,,,0.0,,,0.0,1.8140417272901193,0.39981762745888716,7.0,7.0,3092.0,2905.0,1.6632975988321195,0.42857142857142855,0.00016331090567433043,3.1170407169224615e+23,146.00320901241076,7,2025-05-09 00:00:00+00:00,1,10.07986111111111
1746777600000,8,3.3307164878705824,0.08905877758465681,33.34234534885259,4.272741157560233,4.0,0.5,3.073232465311755,3.0,0.375,0.3350698767884625,1.0,0.125,,,0.0,,,0.0,7.086356430068852,-2.8136152725086183,4.0,4.0,2538.75,2153.5,1.4778568944787676,0.25,0.0003991763265651969,4.025291923034234e+23,598.5779474202847,8,2025-05-09 00:00:00+00:00,1,10.121527777777779
1746781200000,6,1.7508656876761872,0.03673646910953463,14.24694778519563,1.2083756443498568,3.0,0.5,,,0.0,2.2933557310025177,3.0,0.5,,,0.0,,,0.0,3.043417116584053,-1.8350414722341963,3.0,3.0,2990.0,2078.0,1.6751991063221527,0.0,0.00021080101734998076,3.6324487180920527e+23,173.29833372085616,9,2025-05-09 00:00:00+00:00,1,10.163194444444445
1746784800000,4,2.3596513815188565,0.03077670032959312,11.699001671091036,2.3596513815188565,4.0,1.0,,,0.0,,,0.0,,,0.0,,,0.0,3.798474175054933,-1.4388227935360764,4.0,4.0,1203.25,1088.0,1.0864861469405156,0.75,0.00011344974263983036,3.617948915686377e+23,37.56208888497477,10,2025-05-09 00:00:00+00:00,1,10.20486111111111
1746788400000,7,2.6189789928336724,0.07705096548783369,31.323985512619565,2.4416914333869273,6.0,0.8571428571428571,3.6827043495141427,1.0,0.14285714285714285,,,0.0,,,0.0,,,0.0,2.0720350543017054,0.36965637908522214,6.0,6.0,1541.0,899.0,1.1329460696176346,0.8333333333333334,0.0002116183406255579,3.8071306959917216e+23,148.0375476242928,11,2025-05-09 00:00:00+00:00,1,10.246527777777779
1746792000000,2,0.9773940732244131,0.01329111369098259,5.346947540935796,0.8410792145014051,1.0,0.5,1.113708931947421,1.0,0.5,,,0.0,,,0.0,,,0.0,1.9712976942648726,-1.1302184797634673,1.0,1.0,1812.0,1812.0,1.3461054936371073,0.0,0.00011812217011562977,4.1612838049992915e+23,192.39707712006336,12,2025-05-09 00:00:00+00:00,1,10.288194444444445
1746795600000,1,10.355988026863905,0.06328030202907145,24.03997623796409,,,0.0,,,0.0,10.355988026863905,1.0,1.0,,,0.0,,,0.0,,,,,,,,,0.0001441001617223432,4.710543948653286e+23,183.6439435297785,13,2025-05-09 00:00:00+00:00,1,10.32986111111111
1746799200000,3,2.0355492852036856,0.033017856118016456,12.975225978947474,1.2350848851755631,2.0,0.6666666666666666,3.6364780852599305,1.0,0.3333333333333333,,,0.0,,,0.0,,,0.0,3.4215764504680553,-2.186491565292492,2.0,2.0,2558.0,2558.0,1.511443173477578,0.5,0.0002384395350471896,4.72631932050348e+23,185.07819433071603,14,2025-05-09 00:00:00+00:00,1,10.371527777777779
1746810000000,1,1.6088731206592928,0.005536279423549222,2.14538712682881,,,0.0,1.6088731206592928,1.0,1.0,,,0.0,,,0.0,,,0.0,,,,,,,,,8.056125822765283e-05,5.0984753538483546e+23,103.13103521530232,17,2025-05-09 00:00:00+00:00,1,10.496527777777779
1746813600000,2,1.2378696821963238,0.012059785059764318,4.719078416970644,1.0868687265336514,1.0,0.5,1.3888706378589961,1.0,0.5,,,0.0,,,0.0,,,0.0,1.8755171076207051,-0.7886483810870537,1.0,1.0,593.0,593.0,0.7700649323271382,1.0,7.974973012271923e-05,5.8488157646388004e+23,73.41229238749973,18,2025-05-09 00:00:00+00:00,1,10.538194444444445
1746820800000,1,1.7694065608603533,0.00610030853753802,2.3634442031292195,1.7694065608603533,1.0,1.0,,,0.0,,,0.0,,,0.0,,,0.0,1.7694065608603533,0.0,1.0,1.0,1070.0,1070.0,1.03440804327886,1.0,0.0001353149408144392,4.414333987015454e+23,20.93149299448677,20,2025-05-09 00:00:00+00:00,1,10.621527777777779
1746828000000,1,1.2471310842582457,0.004520211483234401,1.7666196860217451,1.2471310842582457,1.0,1.0,,,0.0,,,0.0,,,0.0,,,0.0,1.4021787760337907,-0.155047691775545,1.0,1.0,2990.0,2990.0,1.7291616465790582,0.0,0.00011473099036609874,5.240736640344463e+23,84.74769401116977,22,2025-05-09 00:00:00+00:00,1,10.70486111111111
1746831600000,26,3.151063247538978,0.49643406893667574,193.65473792774486,3.21735501315666,15.0,0.5769230769230769,3.717987547309068,6.0,0.23076923076923078,2.2718787909618223,5.0,0.19230769230769232,,,0.0,,,0.0,1.846603507852358,1.3707515053043018,15.0,15.0,2002.2666666666667,1135.0,1.1937636402969796,0.6,0.0003957346658527531,5.214023022248104e+23,919.7113385295032,23,2025-05-09 00:00:00+00:00,1,10.746527777777779
1746835200000,37,3.905858470841681,0.5939577053359142,220.00394594245537,4.037301751966447,27.0,0.7297297297297297,4.062998125782834,8.0,0.21621621621621623,1.5028155558927332,2.0,0.05405405405405406,,,0.0,,,0.0,2.557187528541818,1.480114223424628,27.0,27.0,1409.7407407407406,1245.0,1.0934150511503462,0.6296296296296297,0.0005786279274649572,3.468644755081319e+23,1400.0099105166046,0,2025-05-10 00:00:00+00:00,1,10.788194444444445
1746838800000,8,1.9978790188017677,0.06357142383841316,24.780629030225608,2.178561717884828,7.0,0.875,0.7331001252203423,1.0,0.125,,,0.0,,,0.0,,,0.0,1.7284608822166658,0.45010083566816256,7.0,7.0,1462.4285714285713,1566.0,1.1124196698289641,0.42857142857142855,0.0002836064264762375,3.9448185173433866e+23,448.37864947604567,1,2025-05-10 00:00:00+00:00,1,10.82986111111111
1746842400000,7,3.1972539785676646,0.12592851095166152,93.95282992150337,3.0716058903340833,6.0,0.8571428571428571,3.9511425079691516,1.0,0.14285714285714285,,,0.0,,,0.0,,,0.0,1.9220380765381826,1.1495678137959005,6.0,6.0,2693.1666666666665,724.5,1.2750594504931347,0.8333333333333334,0.00020908871054640566,4.115299782257753e+23,318.3498857488336,2,2025-05-10 00:00:00+00:00,1,10.871527777777779
1746846000000,3,2.0997570436023083,0.045714890628567345,19.1711936209887,3.1185457955174236,2.0,0.6666666666666666,0.06217953977207761,1.0,0.3333333333333333,,,0.0,,,0.0,,,0.0,5.584827794343794,-2.46628199882637,2.0,2.0,535.5,535.5,0.6228611988700974,1.0,0.00016076995333119256,4.083616447729849e+23,144.69501007796458,3,2025-05-10 00:00:00+00:00,1,10.913194444444445
1746849600000,1,3.2859075630992325,0.012199472021889925,4.612583702290275,,,0.0,3.2859075630992325,1.0,1.0,,,0.0,,,0.0,,,0.0,,,,,,,,,0.00019276286541895028,4.386265202922048e+23,122.65588748039241,4,2025-05-10 00:00:00+00:00,1,10.95486111111111
1746853200000,2,0.7304410493836007,0.011300175262331704,4.585989078416507,0.7304410493836007,2.0,1.0,,,0.0,,,0.0,,,0.0,,,0.0,1.3392185922689532,-0.6087775428853526,2.0,2.0,2586.0,2586.0,1.5602562193271534,0.5,0.00012748130549121718,4.451943250377308e+23,79.64526557195121,5,2025-05-10 00:00:00+00:00,1,10.996527777777779
1746856800000,4,1.180281664895388,0.02360799745140657,9.334089680612422,1.180281664895388,4.0,1.0,,,0.0,,,0.0,,,0.0,,,0.0,1.4465090726101466,-0.2662274077147586,4.0,4.0,10179.75,8157.5,2.728644894449138,0.5,0.0001891477437176115,4.3724921476345296e+23,126.44040057615251,6,2025-05-10 00:00:00+00:00,1,11.038194444444445
1746864000000,1,0.8220571361578161,0.005231841313440696,2.0839047487787608,,,0.0,0.8220571361578161,1.0,1.0,,,0.0,,,0.0,,,0.0,,,,,,,,,0.00017771217773271717,4.70188302313825e+23,169.68170325129353,8,2025-05-10 00:00:00+00:00,1,11.121527777777779
1746874800000,2,2.40385540132173,0.0212245729658001,8.118822480371367,2.294746200934305,1.0,0.5,2.512964601709155,1.0,0.5,,,0.0,,,0.0,,,0.0,2.906194574867093,-0.6114483739327881,1.0,1.0,922.0,922.0,0.9602083107326244,1.0,0.00017272334314704597,5.355890796296044e+23,121.17685307966153,11,2025-05-10 00:00:00+00:00,1,11.246527777777779
1746878400000,2,1.6792954080147244,0.016985473912401038,6.620134622729399,1.6792954080147244,2.0,1.0,,,0.0,,,0.0,,,0.0,,,0.0,1.3715872844699768,0.30770812354474764,2.0,2.0,2246.0,2246.0,1.4315135600758766,0.5,0.00013001449534335953,5.337822741581821e+23,109.18186669075642,12,2025-05-10 00:00:00+00:00,1,11.288194444444445
1746882000000,1,2.3931362171564436,0.013741201734144694,5.330066210925542,,,0.0,2.3931362171564436,1.0,1.0,,,0.0,,,0.0,,,0.0,,,,,,,,,0.0001259009988933781,5.414781837903871e+23,74.58535829963978,13,2025-05-10 00:00:00+00:00,1,11.32986111111111
1746889200000,2,0.9281875791228518,0.010911534399636012,4.320035638663197,,,0.0,0.9281875791228518,2.0,1.0,,,0.0,,,0.0,,,0.0,,,,,,,,,8.2880628515282e-05,5.3048407606623156e+23,202.90799104018637,15,2025-05-10 00:00:00+00:00,1,11.413194444444445
1746892800000,1,6.851461134654312,0.024974813818425687,8.78528510399454,6.851461134654312,1.0,1.0,,,0.0,,,0.0,,,0.0,,,0.0,6.851461134654312,0.0,1.0,1.0,831.0,831.0,0.9115920140062659,1.0,0.0001272490449458162,5.082002295470483e+23,79.28444566777475,16,2025-05-10 00:00:00+00:00,1,11.45486111111111
1746896400000,2,4.098129350418333,0.045274577441733986,16.159757526107192,4.098129350418333,2.0,1.0,,,0.0,,,0.0,,,0.0,,,0.0,0.2023004455614869,3.895828904856846,2.0,2.0,7826.0,7826.0,2.7821570192723533,0.0,4.569638337891163e-05,5.551421135927367e+23,69.86967642012631,17,2025-05-10 00:00:00+00:00,1,11.496527777777779
1746900000000,1,1.3468611880757204,0.007420883857960456,2.911275932637419,1.3468611880757204,1.0,1.0,,,0.0,,,0.0,,,0.0,,,0.0,3.479285499978246,-2.1324243119025255,1.0,1.0,12461.0,12461.0,3.5300141642775316,0.0,0.00010639163603965068,5.552563915507434e+23,47.22010133669444,18,2025-05-10 00:00:00+00:00,1,11.538194444444445
1746903600000,1,1.2217605126857651,0.00492057547242483,1.9239753156898292,1.2217605126857651,1.0,1.0,,,0.0,,,0.0,,,0.0,,,0.0,0.6110150830013422,0.6107454296844229,1.0,1.0,1444.0,1444.0,1.2016655108639842,1.0,6.44026463813756e-05,5.267044303786329e+23,50.883237382769806,19,2025-05-10 00:00:00+00:00,1,11.57986111111111
1746907200000,1,0.07846346111008931,0.002820789574899584,1.1453638420142327,0.07846346111008931,1.0,1.0,,,0.0,,,0.0,,,0.0,,,0.0,2.8353408935805287,-2.7568774324704393,1.0,1.0,2131.0,2131.0,1.4597945060863875,0.0,0.00010759797421084713,4.9789677929480966e+23,26.362201473370796,20,2025-05-10 00:00:00+00:00,1,11.621527777777779
1746910800000,1,3.4615481943017996,0.01402846880331107,5.254554757916306,,,0.0,3.4615481943017996,1.0,1.0,,,0.0,,,0.0,,,0.0,,,,,,,,,0.00010608328235362202,4.98723559641442e+23,58.171169594132444,21,2025-05-10 00:00:00+00:00,1,11.663194444444445
1746914400000,1,9.963864623425156,0.07845121671873988,37.057835723652396,,,0.0,9.963864623425156,1.0,1.0,,,0.0,,,0.0,,,0.0,,,,,,,,,0.00011593501866719433,4.6085212784610354e+23,133.98426124106575,22,2025-05-10 00:00:00+00:00,1,11.70486111111111
1746918000000,5,3.841629048752315,0.08235129331446864,29.297675741858185,2.1202343162388333,4.0,0.8,10.727207978806241,1.0,0.2,,,0.0,,,0.0,,,0.0,2.3481541407791235,-0.22791982454029025,4.0,4.0,1534.0,1031.0,1.1203864329728381,0.75,0.00019054110700486744,4.910629136384126e+23,163.9518494456173,23,2025-05-10 00:00:00+00:00,1,11.746527777777779
1746921600000,4,4.5958984364319555,0.0802305096808088,28.966814093193307,3.287127211069629,2.0,0.5,5.904669661794282,2.0,0.5,,,0.0,,,0.0,,,0.0,3.6661928427500707,-0.37906563168044194,2.0,2.0,1681.0,1681.0,1.279172636370129,0.5,0.0002754664013228217,4.7443620444211855e+23,401.80092931723084,0,2025-05-11 00:00:00+00:00,1,11.788194444444445
1746925200000,2,2.4459834304352497,0.023579873563500168,8.901717464581239,,,0.0,2.4459834304352497,2.0,1.0,,,0.0,,,0.0,,,0.0,,,,,,,,,0.00014819898142845393,5.6379769358804066e+23,229.77907306292428,1,2025-05-11 00:00:00+00:00,1,11.82986111111111
1746928800000,3,3.156224107015829,0.03990163904240154,14.941707429555926,2.168047879128076,2.0,0.6666666666666666,5.132576562791335,1.0,0.3333333333333333,,,0.0,,,0.0,,,0.0,3.6759551275295173,-1.507907248401441,2.0,2.0,7865.5,7865.5,2.537748312797823,0.0,0.00014298269417024615,4.845730507058666e+23,156.39921715420334,2,2025-05-11 00:00:00+00:00,1,11.871527777777779
1746932400000,2,2.2479422350335727,0.01770858915460192,6.705524352783101,2.2479422350335727,2.0,1.0,,,0.0,,,0.0,,,0.0,,,0.0,1.791789572045976,0.45615266298759677,2.0,2.0,1159.5,1159.5,1.0767897791540628,1.0,0.00010246117766113954,4.9390088616511913e+23,124.31609496917083,3,2025-05-11 00:00:00+00:00,1,11.913194444444445
1746936000000,1,6.860766425367836,0.03706715366263412,13.049451156646434,,,0.0,6.860766425367836,1.0,1.0,,,0.0,,,0.0,,,0.0,,,,,,,,,0.00010690914953475336,5.562769270397007e+23,249.27768225176638,4,2025-05-11 00:00:00+00:00,1,11.95486111111111
1746939600000,2,3.073915516515501,0.030967968340491488,11.594153154501788,3.073915516515501,2.0,1.0,,,0.0,,,0.0,,,0.0,,,0.0,0.16103401095093287,2.9128815055645685,2.0,2.0,7468.0,7468.0,2.705083504893535,0.0,0.000149169524987364,5.819016412529879e+23,107.95739947311554,5,2025-05-11 00:00:00+00:00,1,11.996527777777779
1746946800000,7,3.1170565832733472,0.11879446391854946,44.347212252228125,2.7470990861801154,5.0,0.7142857142857143,4.041950326006426,2.0,0.2857142857142857,,,0.0,,,0.0,,,0.0,5.2825897983263195,-2.535490712146204,5.0,5.0,1422.2,897.0,1.1342304697106902,0.8,0.0002053849631977848,4.86085591808503e+23,272.393830078821,7,2025-05-11 00:00:00+00:00,1,12.07986111111111
1746950400000,4,1.4712352432255877,0.030944918003158784,12.13389493401968,1.8634302355785777,2.0,0.5,1.0790402508725978,2.0,0.5,,,0.0,,,0.0,,,0.0,3.0790097844901827,-1.215579548911605,2.0,2.0,1197.0,1197.0,1.0887848781351903,1.0,0.00017408607240664017,4.884679387768949e+23,179.7409222338476,8,2025-05-11 00:00:00+00:00,1,12.121527777777779
1746954000000,4,1.8617849258787063,0.03452384911258607,13.378996177766552,2.180631235668162,3.0,0.75,0.9052459965103393,1.0,0.25,,,0.0,,,0.0,,,0.0,4.451879242633482,-2.2712480069653207,3.0,3.0,3071.6666666666665,603.0,1.420067658036462,0.6666666666666666,7.382007706948028e-05,4.964882833656606e+23,128.15169348055517,9,2025-05-11 00:00:00+00:00,1,12.163194444444445
1746957600000,1,0.9906233532580794,0.004817143941934401,1.8991823300326172,0.9906233532580794,1.0,1.0,,,0.0,,,0.0,,,0.0,,,0.0,0.08127741404186875,0.9093459392162107,1.0,1.0,31250.0,31250.0,5.5901699437494745,0.0,6.571957744800445e-05,4.944798361678436e+23,74.3505174122221,10,2025-05-11 00:00:00+00:00,1,12.20486111111111
1746968400000,4,1.7458265631381749,0.03359083835637158,12.793936718313468,1.7458265631381749,4.0,1.0,,,0.0,,,0.0,,,0.0,,,0.0,1.465333356445186,0.28049320669298883,4.0,4.0,9621.25,7330.5,2.484590134832675,0.5,0.00011468263914878067,5.046275345356906e+23,133.4195528068045,13,2025-05-11 00:00:00+00:00,1,12.32986111111111
1746972000000,3,1.9257208678360296,0.023786349112019448,9.11864786985384,1.9257208678360296,3.0,1.0,,,0.0,,,0.0,,,0.0,,,0.0,3.192807558105788,-1.2670866902697586,3.0,3.0,9680.666666666666,1188.0,2.369590258560881,0.6666666666666666,0.00010873790539854888,4.86568978122813e+23,114.9594799350813,14,2025-05-11 00:00:00+00:00,1,12.371527777777779
1746975600000,7,1.5527131974414254,0.050253218995686265,19.518488002522147,1.210666637395685,4.0,0.5714285714285714,2.0087752775024126,3.0,0.42857142857142855,,,0.0,,,0.0,,,0.0,2.515245363499696,-1.304578726104011,4.0,4.0,1448.25,1469.5,1.1796036429627197,0.5,0.00011361190622126583,4.8796287546947256e+23,157.869871343981,15,2025-05-11 00:00:00+00:00,1,12.413194444444445
1746990000000,1,1.8788969791788896,0.007256454645639176,2.79767894863272,1.8788969791788896,1.0,1.0,,,0.0,,,0.0,,,0.0,,,0.0,2.031372534201958,-0.1524755550230683,1.0,1.0,3915.0,3915.0,1.9786358937409378,0.0,3.373096108250819e-05,4.827543186096787e+23,23.532370732900254,19,2025-05-11 00:00:00+00:00,1,12.57986111111111
1746993600000,1,2.1157967786272986,0.00869724620512862,3.34643661218876,2.1157967786272986,1.0,1.0,,,0.0,,,0.0,,,0.0,,,0.0,2.2685887414159107,-0.15279196278861207,1.0,1.0,1574.0,1574.0,1.2545915670049756,0.0,6.27629173002675e-05,4.835058809021013e+23,13.62721639578942,20,2025-05-11 00:00:00+00:00,1,12.621527777777779
1747000800000,2,0.7797945123222622,0.010097062418378468,4.0292538523821,,,0.0,0.7797945123222622,2.0,1.0,,,0.0,,,0.0,,,0.0,,,,,,,,,8.780857358384661e-05,4.830195417176964e+23,95.33521880601015,22,2025-05-11 00:00:00+00:00,1,12.70486111111111
1747004400000,1,1.0193800833041773,0.005092031010939308,2.016622047959451,1.0193800833041773,1.0,1.0,,,0.0,,,0.0,,,0.0,,,0.0,1.9436643356635304,-0.9242842523593531,1.0,1.0,1618.0,1618.0,1.2720062892926278,0.0,7.45033095351346e-05,4.763526274591024e+23,80.20249571945963,23,2025-05-11 00:00:00+00:00,1,12.746527777777779
1747008000000,5,1.685449663589988,0.040762793749824645,15.769417743427518,1.8442923547487773,4.0,0.8,1.050078898954831,1.0,0.2,,,0.0,,,0.0,,,0.0,2.6436299035118234,-0.7993375487630461,4.0,4.0,814.5,875.0,0.8732090426100467,1.0,0.00017552653878147675,4.7506865929365536e+23,99.1606153521965,0,2025-05-12 00:00:00+00:00,1,12.788194444444445
1747011600000,2,1.5381964466465665,0.01695970478245333,6.648471640881975,1.5381964466465665,2.0,1.0,,,0.0,,,0.0,,,0.0,,,0.0,2.91202406888682,-1.3738276222402535,2.0,2.0,2231.0,2231.0,1.4411922948599896,0.5,0.00011394152282986433,4.5743289445330995e+23,166.48454695518404,1,2025-05-12 00:00:00+00:00,1,12.82986111111111
1747018800000,3,3.026564947399116,0.03530659057808461,13.383692102725009,3.0843480774883854,1.0,0.3333333333333333,2.9976733823544817,2.0,0.6666666666666666,,,0.0,,,0.0,,,0.0,4.007404442369377,-0.9230563648809915,1.0,1.0,1802.0,1802.0,1.3423859355639867,0.0,0.00014876383595658886,4.3946035792018e+23,131.10950895408266,3,2025-05-12 00:00:00+00:00,1,12.913194444444445
1747022400000,7,2.768309465952148,0.08514385131535625,32.15632022985811,2.48102295024446,5.0,0.7142857142857143,3.4865257552213693,2.0,0.2857142857142857,,,0.0,,,0.0,,,0.0,2.3046049454317425,0.1764180048127173,5.0,5.0,4138.4,3192.0,1.830616479827824,0.4,0.0001673635431553713,4.641683317821293e+23,215.23029337241982,4,2025-05-12 00:00:00+00:00,1,12.95486111111111
1747026000000,8,1.2208682570055913,0.051514810260630005,20.335833926172384,1.499458625836025,4.0,0.5,0.9041986131403053,3.0,0.375,1.056515713279715,1.0,0.125,,,0.0,,,0.0,2.1111375176380505,-0.6116788918020255,4.0,4.0,6014.75,3622.5,2.117264054159281,0.5,0.00014465620647230034,4.631918363777803e+23,156.82383588900285,5,2025-05-12 00:00:00+00:00,1,12.996527777777779
1747029600000,7,3.045111173870936,0.10136394450313689,38.257166537960686,1.9491153281213864,5.0,0.7142857142857143,5.7851007882448116,2.0,0.2857142857142857,,,0.0,,,0.0,,,0.0,2.4386698132182967,-0.48955448509691024,5.0,5.0,2095.0,1230.0,1.2746349062524465,0.8,0.0001796316408047137,4.7687402178242035e+23,511.7646147137039,6,2025-05-12 00:00:00+00:00,1,13.038194444444445
1747033200000,3,4.168938277226812,0.06367280914346513,21.411474503185012,,,0.0,4.168938277226812,3.0,1.0,,,0.0,,,0.0,,,0.0,,,,,,,,,0.00021331183535157078,4.782091470040995e+23,205.68210017168306,7,2025-05-12 00:00:00+00:00,1,13.07986111111111
1747036800000,2,0.6277232651846981,0.01601554919336262,6.539203963394312,0.6277232651846981,2.0,1.0,,,0.0,,,0.0,,,0.0,,,0.0,0.6287285245282432,-0.001005259343545048,2.0,2.0,952.5,952.5,0.8775812168133935,0.5,0.00017547876435503666,4.7746851784372056e+23,169.35847772525793,8,2025-05-12 00:00:00+00:00,1,13.121527777777779
1747040400000,4,0.9735629186430557,0.024018710157813424,9.585528970430744,0.9735629186430557,4.0,1.0,,,0.0,,,0.0,,,0.0,,,0.0,1.984439024891615,-1.0108761062485594,4.0,4.0,1557.5,1192.0,1.2087789178385826,0.75,0.00013507732136085914,4.8441744209036485e+23,92.60863607730637,9,2025-05-12 00:00:00+00:00,1,13.163194444444445
1747044000000,8,4.615447353382034,0.1852302927029811,64.7883709457323,3.0111681097572336,1.0,0.125,5.393703913133933,6.0,0.75,1.550187238495448,1.0,0.125,,,0.0,,,0.0,0.5728122401321917,2.438355869625042,1.0,1.0,1862.0,1862.0,1.364551208273255,0.0,0.0002751256969922793,4.7872167328131014e+23,361.9315116057964,10,2025-05-12 00:00:00+00:00,1,13.20486111111111
1747047600000,14,4.402798473566273,0.329005990613777,114.03243304502624,4.9452968801891535,8.0,0.5714285714285714,3.679467264735765,6.0,0.42857142857142855,,,0.0,,,0.0,,,0.0,2.6980786644520633,2.24721821573709,8.0,8.0,1907.125,895.0,1.257590106467727,0.625,0.00046482385878560297,4.914959757450159e+23,979.5245396730661,11,2025-05-12 00:00:00+00:00,1,13.246527777777779
1747051200000,8,2.240808298628349,0.0732678968786897,27.84986106727322,2.459445354625633,4.0,0.5,2.022171242631065,4.0,0.5,,,0.0,,,0.0,,,0.0,1.325558448634378,1.1338869059912549,4.0,4.0,3974.25,2525.5,1.8030949622326782,0.5,0.00020889072821225248,4.299647760351586e+23,227.2272285839752,12,2025-05-12 00:00:00+00:00,1,13.288194444444445
1747054800000,1,0.5944213155556705,0.006910437250616727,2.8138256192387243,,,0.0,0.5944213155556705,1.0,1.0,,,0.0,,,0.0,,,0.0,,,,,,,,,0.0002136782787809627,4.3151891567695964e+23,224.9697056124353,13,2025-05-12 00:00:00+00:00,1,13.32986111111111
1747058400000,3,2.1772506059823424,0.03649460363138127,14.65646757584166,4.545455268451536,1.0,0.3333333333333333,0.9931482747477456,2.0,0.6666666666666666,,,0.0,,,0.0,,,0.0,0.12679578798859784,4.418659480462939,1.0,1.0,388.0,388.0,0.6228964600958975,1.0,0.00018367833173833835,3.828340857250816e+23,191.36243030791036,14,2025-05-12 00:00:00+00:00,1,13.371527777777779
1747062000000,2,0.769636568750975,0.012295010702489916,4.993368136880502,0.769636568750975,2.0,1.0,,,0.0,,,0.0,,,0.0,,,0.0,1.5251231905239133,-0.7554866217729383,2.0,2.0,573.5,573.5,0.6827051166557535,1.0,0.00013366506500202851,3.4930349654997184e+23,92.45681705926746,15,2025-05-12 00:00:00+00:00,1,13.413194444444445
1747065600000,3,1.9905454082523342,0.01896601692455413,7.341186994175297,1.924739788074525,2.0,0.6666666666666666,,,0.0,2.122156648607953,1.0,0.3333333333333333,,,0.0,,,0.0,2.3732048638147814,-0.4484650757402564,2.0,2.0,2597.0,2597.0,1.5389182079694836,0.5,0.00012254107081348771,3.487493163285643e+23,169.2664100710885,16,2025-05-12 00:00:00+00:00,1,13.45486111111111
1747069200000,6,3.4726843834731675,0.08155078588553695,28.065792645068058,1.0348656709419308,3.0,0.5,1.2857583019149295,2.0,0.3333333333333333,15.159992684183354,1.0,0.16666666666666666,,,0.0,,,0.0,2.181865981974473,-1.1470003110325422,3.0,3.0,1120.3333333333333,1625.0,0.9453233593771903,0.3333333333333333,0.00011719085963308497,3.4965024117345704e+23,119.71316426198757,17,2025-05-12 00:00:00+00:00,1,13.496527777777779
1747072800000,4,2.5746679535382446,0.03489782050181342,12.981432833912033,1.60319556936741,2.0,0.5,0.38001803724543265,1.0,0.25,6.712262638172727,1.0,0.25,,,0.0,,,0.0,2.286638948003094,-0.6834433786356842,2.0,2.0,2100.0,2100.0,1.434573107234344,0.0,0.00015875870519460621,3.4463498084415347e+23,260.5489339351538,18,2025-05-12 00:00:00+00:00,1,13.538194444444445
1747076400000,1,2.580825283336496,0.008846976927384695,3.41639993267285,2.580825283336496,1.0,1.0,,,0.0,,,0.0,,,0.0,,,0.0,3.946847726334379,-1.366022442997883,1.0,1.0,514.0,514.0,0.7169379331573968,1.0,0.00010412183362265553,3.3598346610429043e+23,77.44352548044758,19,2025-05-12 00:00:00+00:00,1,13.57986111111111
1747080000000,2,2.5861973036345405,0.026423427955642304,10.648297239235822,2.5861973036345405,2.0,1.0,,,0.0,,,0.0,,,0.0,,,0.0,6.540600551163145,-3.954403247528604,2.0,2.0,1349.5,1349.5,1.1517865827017073,0.5,8.279739353317663e-05,3.301208397809396e+23,34.42162977309209,20,2025-05-12 00:00:00+00:00,1,13.621527777777779
1747083600000,4,1.3299326886845537,0.024889449556331364,9.785546166385357,1.273628203855962,3.0,0.75,1.4988461431703288,1.0,0.25,,,0.0,,,0.0,,,0.0,2.4291358491655455,-1.1555076453095836,3.0,3.0,1968.6666666666667,1181.0,1.3280980908933722,0.6666666666666666,8.574582803519485e-05,3.993967719878604e+23,76.60346093225833,21,2025-05-12 00:00:00+00:00,1,13.663194444444445
1747087200000,1,1.7247483840737927,0.005479998795544869,2.11905760610437,1.7247483840737927,1.0,1.0,,,0.0,,,0.0,,,0.0,,,0.0,1.7247483840737927,0.0,1.0,1.0,705.0,705.0,0.8396427811873333,1.0,0.00013645091932065027,4.0134064965846686e+23,124.4002419028336,22,2025-05-12 00:00:00+00:00,1,13.70486111111111
1747094400000,1,0.7615465801963589,0.005748391754886046,2.323267962655822,,,0.0,0.7615465801963589,1.0,1.0,,,0.0,,,0.0,,,0.0,,,,,,,,,0.00011877271738266817,3.840640187837123e+23,83.70246595502705,0,2025-05-13 00:00:00+00:00,1,13.788194444444445
1747098000000,9,1.8152034292951704,0.06643602834553164,26.484713051486604,1.8702375435319365,7.0,0.7777777777777778,1.622584029466489,2.0,0.2222222222222222,,,0.0,,,0.0,,,0.0,1.9559382156616039,-0.08570067212966746,7.0,7.0,3402.4285714285716,2667.0,1.6483780134002701,0.42857142857142855,0.00011402226851053541,3.25026391602636e+23,148.16457664155945,1,2025-05-13 00:00:00+00:00,1,13.82986111111111
1747101600000,7,1.8796816775879976,0.04379671508566246,17.04442109125559,1.5814219247473276,6.0,0.8571428571428571,3.669240194632017,1.0,0.14285714285714285,,,0.0,,,0.0,,,0.0,2.6821551436134956,-1.1007332188661678,6.0,6.0,1473.1666666666667,1167.0,1.1423404117834715,0.8333333333333334,0.00022598441000415369,3.173561792724769e+23,173.38305967778757,2,2025-05-13 00:00:00+00:00,1,13.871527777777779
1747105200000,3,3.989460192388646,0.03723108836084426,13.072573705443988,9.716325353042476,1.0,0.3333333333333333,1.1260276120617303,2.0,0.6666666666666666,,,0.0,,,0.0,,,0.0,21.506175960215888,-11.789850607173411,1.0,1.0,1009.0,1009.0,1.0044899203078146,1.0,0.00017598583391172025,3.17437315227585e+23,103.2977565490106,3,2025-05-13 00:00:00+00:00,1,13.913194444444445
1747108800000,1,2.5407342925271243,0.006706226159701919,2.5600524604401396,2.5407342925271243,1.0,1.0,,,0.0,,,0.0,,,0.0,,,0.0,3.316740771844317,-0.7760064793171928,1.0,1.0,1657.0,1657.0,1.287245120402482,0.0,9.211811579290783e-05,3.17536870706151e+23,65.98126787822187,4,2025-05-13 00:00:00+00:00,1,13.95486111111111
1747112400000,2,3.285914190104843,0.01668599566691256,6.246100785979812,4.269971189527232,1.0,0.5,2.3018571906824543,1.0,0.5,,,0.0,,,0.0,,,0.0,0.5215135930719755,3.7484575964552564,1.0,1.0,15028.0,15028.0,3.876596445337069,0.0,0.00010135654454721474,3.1765075145038e+23,60.127146449759415,5,2025-05-13 00:00:00+00:00,1,13.996527777777779
1747116000000,2,3.5903105165286044,0.02416970122040707,9.048200948995477,,,0.0,4.204927730368534,1.0,0.5,2.975693302688675,1.0,0.5,,,0.0,,,0.0,,,,,,,,,0.00013404643432796164,3.835622357859093e+23,68.29436694515051,6,2025-05-13 00:00:00+00:00,1,14.038194444444445
1747119600000,1,2.6880979028903957,0.008676580491739463,3.297694889685939,2.6880979028903957,1.0,1.0,,,0.0,,,0.0,,,0.0,,,0.0,2.6880979028903957,0.0,1.0,1.0,1038.0,1038.0,1.0188228501560024,1.0,8.821986450209062e-05,4.018485169671525e+23,75.64969463528072,7,2025-05-13 00:00:00+00:00,1,14.07986111111111
1747123200000,1,1.4529068689811626,0.011413475839093261,4.546281596266383,1.4529068689811626,1.0,1.0,,,0.0,,,0.0,,,0.0,,,0.0,3.154613064985678,-1.7017061960045154,1.0,1.0,4092.0,4092.0,2.022869249358445,0.0,8.515230368369672e-05,5.091496235550659e+23,32.11950807812466,8,2025-05-13 00:00:00+00:00,1,14.121527777777779
1747126800000,1,5.56957257413062,0.02996555890847513,10.856160459438268,5.56957257413062,1.0,1.0,,,0.0,,,0.0,,,0.0,,,0.0,0.40903848391895486,5.160534090211666,1.0,1.0,1113.0,1113.0,1.0549881515922348,1.0,0.00010700704388201189,5.920527789550006e+23,167.45324205485832,9,2025-05-13 00:00:00+00:00,1,14.163194444444445
1747130400000,2,1.248898283117716,0.014160067228657772,5.570750510190009,1.248898283117716,2.0,1.0,,,0.0,,,0.0,,,0.0,,,0.0,3.407345952522477,-2.1584476694047616,2.0,2.0,1870.0,1870.0,1.3126966785728928,0.5,0.00010213163200927826,5.938386186131248e+23,70.64436126160415,10,2025-05-13 00:00:00+00:00,1,14.20486111111111
1747134000000,1,5.796916238502447,0.03610463495459793,13.208336530992696,5.796916238502447,1.0,1.0,,,0.0,,,0.0,,,0.0,,,0.0,2.64021883451484,3.156697403987607,1.0,1.0,1732.0,1732.0,1.3160547101089681,0.0,8.96194459096381e-05,6.312074723043939e+23,87.58020408031393,11,2025-05-13 00:00:00+00:00,1,14.246527777777779
1747137600000,2,0.6801821111407585,0.01716617244012522,6.982976886466264,0.8199236336897892,1.0,0.5,,,0.0,0.5404405885917279,1.0,0.5,,,0.0,,,0.0,2.357178103035728,-1.537254469345939,1.0,1.0,730.0,730.0,0.8544003745317531,1.0,0.00015362039644544877,5.4655413095751604e+23,121.38992667439435,12,2025-05-13 00:00:00+00:00,1,14.288194444444445
1747141200000,2,1.9186564830714565,0.015546541351828976,5.9819287651907675,0.7660021917804899,1.0,0.5,3.071310774362423,1.0,0.5,,,0.0,,,0.0,,,0.0,1.8372945443262618,-1.0712923525457718,1.0,1.0,1494.0,1494.0,1.2222929272478018,1.0,0.0001333531460270234,4.3335620932221244e+23,142.13847964213522,13,2025-05-13 00:00:00+00:00,1,14.32986111111111
1747144800000,2,0.9481178207238145,0.015353955224217009,6.10675680699595,0.9481178207238145,2.0,1.0,,,0.0,,,0.0,,,0.0,,,0.0,1.3305880776226737,-0.3824702568988592,2.0,2.0,4259.0,4259.0,1.9554552516215793,0.0,0.00012220225400327644,6.098018587241155e+23,122.87993187471858,14,2025-05-13 00:00:00+00:00,1,14.371527777777779
1747148400000,2,1.5452852110786837,0.010966766628827696,4.26183627770925,,,0.0,1.5452852110786837,2.0,1.0,,,0.0,,,0.0,,,0.0,,,,,,,,,7.050604246855514e-05,5.0411441187033626e+23,80.64957651942453,15,2025-05-13 00:00:00+00:00,1,14.413194444444445
1747152000000,2,10.477990085259757,0.07550590231168974,23.900530546438418,10.477990085259757,2.0,1.0,,,0.0,,,0.0,,,0.0,,,0.0,19.40419711519927,-8.926207029939514,2.0,2.0,2209.5,2209.5,1.4199379586923253,0.5,0.00014120707745266005,3.80562395148725e+23,144.64087186068141,16,2025-05-13 00:00:00+00:00,1,14.45486111111111
1747155600000,2,2.0282244363073683,0.012533680570212261,4.84141347955276,2.0282244363073683,2.0,1.0,,,0.0,,,0.0,,,0.0,,,0.0,2.4075926648009722,-0.37936822849360397,2.0,2.0,876.0,876.0,0.9155326045668633,1.0,0.00010901784001283302,3.5132101215528214e+23,82.53063262354328,17,2025-05-13 00:00:00+00:00,1,14.496527777777779
1747162800000,6,2.4925564824946007,0.04909053223600363,18.758432021601237,2.818418333884764,4.0,0.6666666666666666,1.0448197630269713,1.0,0.16666666666666666,2.6368457964015763,1.0,0.16666666666666666,,,0.0,,,0.0,2.0948481969940365,0.7235701368907278,4.0,4.0,2764.75,2236.5,1.5119429861938656,0.5,0.00015575061697157189,3.518755261282116e+23,164.875681571336,19,2025-05-13 00:00:00+00:00,1,14.57986111111111
1747166400000,3,1.696271597361024,0.01740546868927377,6.78970998755945,1.5652236682401006,2.0,0.6666666666666666,1.9583674556028714,1.0,0.3333333333333333,,,0.0,,,0.0,,,0.0,1.6377566265313388,-0.07253295829123818,2.0,2.0,1454.0,1454.0,1.1446586901321103,0.5,0.0001319010315599192,3.518520559332619e+23,108.30221598861343,20,2025-05-13 00:00:00+00:00,1,14.621527777777779
1747170000000,2,1.8767444668127626,0.017800536006899806,6.899356691980346,1.8767444668127626,2.0,1.0,,,0.0,,,0.0,,,0.0,,,0.0,2.555593467560868,-0.6788490007481052,2.0,2.0,936.5,936.5,0.9587278455040658,1.0,0.00011480977341361168,4.69171439249456e+23,84.11976510990992,21,2025-05-13 00:00:00+00:00,1,14.663194444444445
1747180800000,1,1.1052374465686738,0.005427905810107292,2.1402481821627495,1.1052374465686738,1.0,1.0,,,0.0,,,0.0,,,0.0,,,0.0,2.7599316186849516,-1.6546941721162778,1.0,1.0,1681.0,1681.0,1.2965338406690357,0.0,9.942855927726949e-05,4.695492408335727e+23,17.63119300433758,0,2025-05-14 00:00:00+00:00,1,14.788194444444445
1747184400000,5,1.15046325607917,0.025321733066765755,9.929372390162465,1.129916694313526,4.0,0.8,1.2326495031417468,1.0,0.2,,,0.0,,,0.0,,,0.0,1.7975530504396813,-0.6676363561261556,4.0,4.0,2989.0,1381.0,1.5236846377559288,0.75,0.00012004556182034717,4.706121682263493e+23,109.64501586518499,1,2025-05-14 00:00:00+00:00,1,14.82986111111111
1747188000000,2,5.154962142449059,0.04509655511315116,16.07829561451895,5.154962142449059,2.0,1.0,,,0.0,,,0.0,,,0.0,,,0.0,9.375958421840046,-4.220996279390986,2.0,2.0,1244.0,1244.0,1.1039599332128525,0.5,9.156411290653217e-05,4.702100486124855e+23,139.82020703585857,2,2025-05-14 00:00:00+00:00,1,14.871527777777779
1747191600000,5,1.2016071579351801,0.032150436122869566,12.722622802236867,1.3320944475450842,4.0,0.8,,,0.0,0.6796579994955637,1.0,0.2,,,0.0,,,0.0,2.3145475816705114,-0.9824531341254272,4.0,4.0,1135.0,1079.0,1.0595144845456694,0.75,0.00012641864534532196,4.7030460909890517e+23,56.72946385059878,3,2025-05-14 00:00:00+00:00,1,14.913194444444445
1747195200000,2,1.9312636905788545,0.014601818560206946,5.6143496639870705,1.9312636905788545,2.0,1.0,,,0.0,,,0.0,,,0.0,,,0.0,1.9312636905788545,0.0,2.0,2.0,1114.5,1114.5,1.024692569987175,0.5,8.779348064064448e-05,4.70699365663963e+23,26.66452371401454,4,2025-05-14 00:00:00+00:00,1,14.95486111111111
1747198800000,1,1.9739343415431594,0.00742207942358256,2.8561694959157298,,,0.0,1.9739343415431594,1.0,1.0,,,0.0,,,0.0,,,0.0,,,,,,,,,4.871206273997872e-05,4.696455157984085e+23,54.20322069207123,5,2025-05-14 00:00:00+00:00,1,14.996527777777779
1747202400000,3,2.017366004329727,0.02908011797248761,11.232334993552874,3.4410261483081235,1.0,0.3333333333333333,1.3055359323405287,2.0,0.6666666666666666,,,0.0,,,0.0,,,0.0,7.631773794445928,-4.190747646137805,1.0,1.0,1571.0,1571.0,1.2533953885346794,0.0,0.00011525007018651727,4.699615235825786e+23,103.08293212314321,6,2025-05-14 00:00:00+00:00,1,15.038194444444445
1747206000000,1,0.9745233289776495,0.004768257646681491,1.88842484879628,0.9745233289776495,1.0,1.0,,,0.0,,,0.0,,,0.0,,,0.0,2.040824669999352,-1.0663013410217026,1.0,1.0,292.0,292.0,0.5403702434442518,1.0,0.0001231858423373428,4.704342772822879e+23,52.667457160740085,7,2025-05-14 00:00:00+00:00,1,15.07986111111111
1747209600000,4,4.6155298681713415,0.11482061436882736,41.42758376699159,0.9396434341713218,2.0,0.5,11.023584981248469,1.0,0.25,5.559247623094254,1.0,0.25,,,0.0,,,0.0,1.544994997826365,-0.6053515636550433,2.0,2.0,443.5,443.5,0.6580703983687102,1.0,0.0001832611612371711,4.937659696969053e+23,233.16523470556612,8,2025-05-14 00:00:00+00:00,1,15.121527777777779
1747213200000,2,1.9862174081941792,0.02935527689799794,11.641258160406242,1.9862174081941792,2.0,1.0,,,0.0,,,0.0,,,0.0,,,0.0,8.52970197580074,-6.543484567606561,2.0,2.0,1275.0,1275.0,1.11329187853725,0.5,0.00010559669267609256,5.401668830297504e+23,44.17848284383517,9,2025-05-14 00:00:00+00:00,1,15.163194444444445
1747220400000,2,5.511613885244593,0.06338195773318545,21.439792526349287,,,0.0,5.511613885244593,2.0,1.0,,,0.0,,,0.0,,,0.0,,,,,,,,,0.00010488259073728936,5.252017748293063e+23,138.44097505595232,11,2025-05-14 00:00:00+00:00,1,15.246527777777779
1747224000000,1,3.5925660498320684,0.035845005759980786,15.452281170931913,3.5925660498320684,1.0,1.0,,,0.0,,,0.0,,,0.0,,,0.0,3.5925660498320684,0.0,1.0,1.0,1086.0,1086.0,1.0421132376090423,1.0,0.00012469244386620017,4.7565690463774144e+23,581.9576132534704,12,2025-05-14 00:00:00+00:00,1,15.288194444444445
1747227600000,3,1.9346547538762409,0.03928640668474482,15.489217940135672,0.06744478035227655,1.0,0.3333333333333333,2.8682597406382233,2.0,0.6666666666666666,,,0.0,,,0.0,,,0.0,0.06744478035227655,0.0,1.0,1.0,1319.0,1319.0,1.1484772527133482,1.0,0.00023375230349752596,4.460453115897879e+23,535.4082925111801,13,2025-05-14 00:00:00+00:00,1,15.32986111111111
1747231200000,5,2.0234210357669364,0.05157322746427968,19.751167366989833,2.1193850784438393,3.0,0.6,1.879474971751582,2.0,0.4,,,0.0,,,0.0,,,0.0,3.749620784811469,-1.6302357063676292,3.0,3.0,5132.666666666667,947.0,1.8711489308156457,0.6666666666666666,0.0001641604475800833,5.2856350130669155e+23,135.7844347098902,14,2025-05-14 00:00:00+00:00,1,15.371527777777779
1747234800000,7,2.995638552938168,0.09196286367903074,34.68910827745942,2.9733855851693742,6.0,0.8571428571428571,3.1291563595509326,1.0,0.14285714285714285,,,0.0,,,0.0,,,0.0,3.2313196500762653,-0.25793406490689114,6.0,6.0,3288.0,3003.5,1.6798402481482793,0.3333333333333333,0.0002117472508314684,5.289402860327749e+23,189.45988364088498,15,2025-05-14 00:00:00+00:00,1,15.413194444444445
1747245600000,1,1.4399506879386954,0.006247659359966754,2.432422091333392,,,0.0,1.4399506879386954,1.0,1.0,,,0.0,,,0.0,,,0.0,,,,,,,,,8.226173214969797e-05,5.262105880374868e+23,41.21697266858291,18,2025-05-14 00:00:00+00:00,1,15.538194444444445
1747252800000,1,2.978962458635736,0.012532332988219978,4.730917627742534,,,0.0,2.978962458635736,1.0,1.0,,,0.0,,,0.0,,,0.0,,,,,,,,,5.290020783546147e-05,5.135461130971924e+23,39.25897282878681,20,2025-05-14 00:00:00+00:00,1,15.621527777777779
1747267200000,2,1.3142502668600726,0.010846800463618782,4.225936372317533,1.1136786041560316,1.0,0.5,1.5148219295641137,1.0,0.5,,,0.0,,,0.0,,,0.0,0.07577857819853709,1.0379000259574944,1.0,1.0,49392.0,49392.0,7.0279442228862345,0.0,0.00011860262095670884,4.931500422913738e+23,149.3956093483465,0,2025-05-15 00:00:00+00:00,1,15.788194444444445
1747270800000,4,1.7855350544354824,0.044274692196108176,17.12580657770914,0.9310708081827984,1.0,0.25,2.070356469853044,3.0,0.75,,,0.0,,,0.0,,,0.0,7.425195012248941,-6.494124204066143,1.0,1.0,1070.0,1070.0,1.03440804327886,1.0,0.00014526422463857772,4.943320732563388e+23,177.55778960003627,1,2025-05-15 00:00:00+00:00,1,15.82986111111111
1747278000000,2,1.1202440928082198,0.011739609997772599,4.643731244031068,,,0.0,1.1202440928082198,2.0,1.0,,,0.0,,,0.0,,,0.0,,,,,,,,,0.00010884383109645517,4.050360485370368e+23,60.03983245465654,3,2025-05-15 00:00:00+00:00,1,15.913194444444445
1747281600000,2,1.916612387433147,0.013404041745975454,5.190029792461425,1.5263183159114564,1.0,0.5,2.306906458954838,1.0,0.5,,,0.0,,,0.0,,,0.0,2.605467186238019,-1.0791488703265628,1.0,1.0,378.0,378.0,0.6148170459575759,1.0,0.0001075910677084123,4.074803672231225e+23,69.90125368695713,4,2025-05-15 00:00:00+00:00,1,15.95486111111111
1747288800000,1,0.18165086225598817,0.003888611544369108,1.5934613778373863,0.18165086225598817,1.0,1.0,,,0.0,,,0.0,,,0.0,,,0.0,0.18165086225598817,0.0,1.0,1.0,176.0,176.0,0.41952353926806063,1.0,0.00013850793168059116,3.710196636910049e+23,100.41478645738357,6,2025-05-15 00:00:00+00:00,1,16.038194444444443
1747292400000,2,0.862351453238563,0.014316644956458869,5.886527212779833,,,0.0,1.4754774554876167,1.0,0.5,0.24922545098950924,1.0,0.5,,,0.0,,,0.0,,,,,,,,,0.00014030345755780955,3.4754781507908965e+23,158.18308902232403,7,2025-05-15 00:00:00+00:00,1,16.07986111111111
1747296000000,2,1.5940140353621008,0.01592485253237457,6.483134096542927,1.9622200954866549,1.0,0.5,1.2258079752375468,1.0,0.5,,,0.0,,,0.0,,,0.0,2.420574953237464,-0.458354857750809,1.0,1.0,2417.0,2417.0,1.5546703830716013,0.0,0.00016606221329203374,3.370529109256177e+23,173.18490353548094,8,2025-05-15 00:00:00+00:00,1,16.12152777777778
1747299600000,4,1.3853734814428749,0.022993127041350273,9.25483292450227,1.3166870783241669,3.0,0.75,1.591432690798999,1.0,0.25,,,0.0,,,0.0,,,0.0,1.1641171281442222,0.15256995017994457,3.0,3.0,7076.333333333333,6264.0,2.156655980429202,0.3333333333333333,0.0001999873449644073,3.734449996619767e+23,277.63151587195347,9,2025-05-15 00:00:00+00:00,1,16.163194444444443
1747303200000,2,3.280753153214765,0.01699281322648436,6.375429311560536,4.030402136593913,1.0,0.5,2.531104169835618,1.0,0.5,,,0.0,,,0.0,,,0.0,4.030402136593913,0.0,1.0,1.0,882.0,882.0,0.9391485505499116,1.0,0.00016840230165439315,3.888371368385365e+23,109.40766966509906,10,2025-05-15 00:00:00+00:00,1,16.20486111111111
1747306800000,8,2.9423155032565425,0.07432962627783393,28.381326125068284,3.1455710651599764,7.0,0.875,1.5195265699325051,1.0,0.125,,,0.0,,,0.0,,,0.0,4.239245418063124,-1.0936743529031479,7.0,7.0,7640.428571428572,5646.0,2.438509331096175,0.2857142857142857,0.00012821878125807184,3.348306113862964e+23,61.1484690066399,11,2025-05-15 00:00:00+00:00,1,16.24652777777778
1747310400000,3,2.1560450834999276,0.02070315090717078,8.044104010150964,2.01584756087616,2.0,0.6666666666666666,2.436440128747463,1.0,0.3333333333333333,,,0.0,,,0.0,,,0.0,1.6320743506642805,0.3837732102118796,2.0,2.0,2501.5,2501.5,1.4911308403602772,0.5,0.00016732442193977766,3.322570154571826e+23,80.56333982093783,12,2025-05-15 00:00:00+00:00,1,16.288194444444443
1747314000000,3,0.7459428396115495,0.010856707294935052,4.368026047776933,0.4556121199422941,2.0,0.6666666666666666,1.3266042789500605,1.0,0.3333333333333333,,,0.0,,,0.0,,,0.0,0.6095271179623823,-0.15391499802008823,2.0,2.0,1096.0,1096.0,0.9605059892970491,0.5,0.00012355362649115462,3.337175500345447e+23,76.90757644773048,13,2025-05-15 00:00:00+00:00,1,16.32986111111111
1747317600000,3,2.3107476375455955,0.02209501404850909,8.455429590601051,2.3107476375455955,3.0,1.0,,,0.0,,,0.0,,,0.0,,,0.0,1.915847144250252,0.3949004932953433,3.0,3.0,2538.0,1734.0,1.3552275396000175,0.3333333333333333,0.0001187828603617364,3.219410339008635e+23,55.350496748279,14,2025-05-15 00:00:00+00:00,1,16.37152777777778
1747321200000,10,1.6497439302523227,0.06571823287039576,25.735261404271075,1.4901940930314537,7.0,0.7,2.0220268837676834,3.0,0.3,,,0.0,,,0.0,,,0.0,2.9276345973728755,-1.437440504341422,7.0,7.0,6965.714285714285,1100.0,1.9149142494261913,0.7142857142857143,0.00012082035276742661,3.4557869737932417e+23,208.50392457312478,15,2025-05-15 00:00:00+00:00,1,16.413194444444443
1747324800000,10,1.3165667525352416,0.05617303787951184,22.17682147953675,1.1897248136958418,7.0,0.7,1.6125312764938406,3.0,0.3,,,0.0,,,0.0,,,0.0,1.8219519046775097,-0.6322270909816677,7.0,7.0,2424.4285714285716,1162.0,1.3671573884006187,0.5714285714285714,0.00013579791583114066,3.635236540047855e+23,118.66478702005031,16,2025-05-15 00:00:00+00:00,1,16.45486111111111
1747328400000,5,2.6268861896191704,0.04281414469465689,16.272292016194914,2.30356547208379,4.0,0.8,3.9201690597606915,1.0,0.2,,,0.0,,,0.0,,,0.0,2.376504867467066,-0.07293939538327576,4.0,4.0,5855.5,2824.5,2.0433880247454166,0.5,0.0001247858799462063,3.8316690060063195e+23,75.3557435635359,17,2025-05-15 00:00:00+00:00,1,16.49652777777778
1747332000000,5,1.5704338107886069,0.030786545063500377,12.138565451807295,1.5159146066590297,4.0,0.8,1.7885106273069158,1.0,0.2,,,0.0,,,0.0,,,0.0,2.034838908154279,-0.5189243014952494,4.0,4.0,3524.75,1423.0,1.6670902070015263,0.75,0.00012718082528594843,3.609229599403001e+23,153.1635646122594,18,2025-05-15 00:00:00+00:00,1,16.538194444444443
1747335600000,3,0.9034016934012173,0.013299842239883425,5.330916687682962,0.9034016934012173,3.0,1.0,,,0.0,,,0.0,,,0.0,,,0.0,1.544888665831489,-0.6414869724302719,3.0,3.0,6161.0,1256.0,2.046885906934081,0.6666666666666666,0.00010420660152148922,3.354496344852479e+23,27.17004488644483,19,2025-05-15 00:00:00+00:00,1,16.57986111111111
1747339200000,1,1.3283120954049816,0.0038191674522319824,1.4971060213649674,1.3283120954049816,1.0,1.0,,,0.0,,,0.0,,,0.0,,,0.0,6.659937190375852,-5.331625094970871,1.0,1.0,570.0,570.0,0.7549834435270749,1.0,0.00011700623471717644,3.3506216808441356e+23,20.38251293901439,20,2025-05-15 00:00:00+00:00,1,16.62152777777778
1747342800000,7,1.7409463945075407,0.0423244417103251,16.580107319755868,1.7409463945075407,7.0,1.0,,,0.0,,,0.0,,,0.0,,,0.0,2.6808397006138884,-0.9398933061063478,7.0,7.0,3323.285714285714,1092.0,1.3888937167915139,0.8571428571428571,9.717060926005044e-05,3.2764628820576155e+23,72.04458475772078,21,2025-05-15 00:00:00+00:00,1,16.663194444444443
1747346400000,2,1.6030278598794463,0.012199373647848795,4.8137555991098395,1.682281210110847,1.0,0.5,1.5237745096480455,1.0,0.5,,,0.0,,,0.0,,,0.0,3.2856577462298193,-1.6033765361189722,1.0,1.0,28498.0,28498.0,5.338351805566958,0.0,7.393539800892396e-05,3.673075306467807e+23,82.01241898962193,22,2025-05-15 00:00:00+00:00,1,16.70486111111111
1747350000000,1,1.5847029459709279,0.004188704613108247,1.62538573514478,1.5847029459709279,1.0,1.0,,,0.0,,,0.0,,,0.0,,,0.0,1.8914404107034595,-0.3067374647325316,1.0,1.0,1733.0,1733.0,1.3164345787011218,0.0,0.0001305778348182203,3.484746875835889e+23,67.08181366904276,23,2025-05-15 00:00:00+00:00,1,16.74652777777778
1747353600000,2,1.3307770789128477,0.009334041637129219,3.5956864466474365,0.1779006383989751,1.0,0.5,2.48365351942672,1.0,0.5,,,0.0,,,0.0,,,0.0,0.1779006383989751,0.0,1.0,1.0,138.0,138.0,0.3714835124201342,1.0,0.0001295865297449813,3.723821212215081e+23,111.58214707477691,0,2025-05-16 00:00:00+00:00,1,16.788194444444443
1747360800000,4,1.6490196856786206,0.026021748289152033,10.105581189449836,1.7385919575328455,3.0,0.75,,,0.0,1.3803028701159454,1.0,0.25,,,0.0,,,0.0,0.3641410740194449,1.3744508835134006,3.0,3.0,15283.333333333334,12850.0,3.8560283474411996,0.0,0.00011346071297824735,4.188319855760319e+23,75.35163158401875,2,2025-05-16 00:00:00+00:00,1,16.87152777777778
1747368000000,2,0.7712979547386473,0.009045090121444457,3.621832517212182,0.754089888088138,1.0,0.5,0.7885060213891565,1.0,0.5,,,0.0,,,0.0,,,0.0,0.9070124196214552,-0.15292253153331714,1.0,1.0,23488.0,23488.0,4.846441993875507,0.0,8.319195362544914e-05,4.152576658968052e+23,45.96983668931052,4,2025-05-16 00:00:00+00:00,1,16.95486111111111
1747371600000,3,2.4434763319482866,0.03310888749377887,12.746774706359272,2.797522563184351,2.0,0.6666666666666666,1.7353838694761587,1.0,0.3333333333333333,,,0.0,,,0.0,,,0.0,0.04627871309172918,2.7512438500926217,2.0,2.0,17661.5,17661.5,4.1177626968781045,0.0,7.14720832141098e-05,4.379865809099062e+23,73.43474932317602,5,2025-05-16 00:00:00+00:00,1,16.99652777777778
1747375200000,3,6.047796114682298,0.10869107556249218,80.42511364627957,7.89978118473702,2.0,0.6666666666666666,2.3438259745728547,1.0,0.3333333333333333,,,0.0,,,0.0,,,0.0,2.0500634602494068,5.849717724487613,2.0,2.0,11734.5,11734.5,2.8441497464808356,0.5,0.00010343126190821439,4.5008976315060654e+23,163.60878390944714,6,2025-05-16 00:00:00+00:00,1,17.038194444444443
1747378800000,4,1.0127851421868002,0.02746357147936281,11.066715472567552,1.5800832118756598,2.0,0.5,0.4454870724979404,2.0,0.5,,,0.0,,,0.0,,,0.0,1.9592550171887653,-0.37917180531310546,2.0,2.0,805.0,805.0,0.806155281280883,1.0,0.00012826036255507407,4.497154528551232e+23,92.49130931633928,7,2025-05-16 00:00:00+00:00,1,17.07986111111111
1747382400000,4,1.1549238153779835,0.029814146215529524,11.812983204298554,0.7240478160158931,1.0,0.25,1.2985491484986802,3.0,0.75,,,0.0,,,0.0,,,0.0,3.220962826179807,-2.4969150101639137,1.0,1.0,6318.0,6318.0,2.513563207878409,0.0,5.623465788756379e-05,5.0697296641190386e+23,126.65900075425665,8,2025-05-16 00:00:00+00:00,1,17.12152777777778
1747386000000,2,0.2620016537058451,0.009571658507775825,3.87308784068717,,,0.0,0.2620016537058451,2.0,1.0,,,0.0,,,0.0,,,0.0,,,,,,,,,4.949719344320956e-05,6.353951919927891e+23,138.33438860653382,9,2025-05-16 00:00:00+00:00,1,17.163194444444443
1747389600000,2,1.3129584312160598,0.012901364649076437,5.035197358570678,1.6296350654982024,1.0,0.5,0.9962817969339172,1.0,0.5,,,0.0,,,0.0,,,0.0,1.6296350654982024,0.0,1.0,1.0,1204.0,1204.0,1.0972693379476162,1.0,9.531377819674167e-05,6.376582468301392e+23,59.443383044338006,10,2025-05-16 00:00:00+00:00,1,17.20486111111111
1747396800000,3,0.7667631134957565,0.015507352971121467,6.146602139493441,0.41786412114443955,1.0,0.3333333333333333,0.9412126096714153,2.0,0.6666666666666666,,,0.0,,,0.0,,,0.0,0.11148722866396402,0.3063768924804755,1.0,1.0,7689.0,7689.0,2.7729046142988762,0.0,6.106966088292878e-05,6.388047685041351e+23,56.94241114447096,12,2025-05-16 00:00:00+00:00,1,17.288194444444443
1747400400000,1,0.5402583701358482,0.005209826204667928,2.0844466709918597,0.5402583701358482,1.0,1.0,,,0.0,,,0.0,,,0.0,,,0.0,1.3030066871539066,-0.7627483170180583,1.0,1.0,461.0,461.0,0.6789698078707183,1.0,6.668422571763496e-05,6.38666812650038e+23,27.160460629488316,13,2025-05-16 00:00:00+00:00,1,17.32986111111111
1747404000000,3,1.5281285620925598,0.02346567768098819,9.124274061236422,1.5281285620925598,3.0,1.0,,,0.0,,,0.0,,,0.0,,,0.0,1.1694416034378519,0.3586869586547081,3.0,3.0,753.0,1088.0,0.789274529600871,1.0,9.275396176523715e-05,6.300773677825186e+23,110.33069637340724,14,2025-05-16 00:00:00+00:00,1,17.37152777777778
1747407600000,3,0.644674560215685,0.01867051337172289,7.520526179758585,0.644674560215685,3.0,1.0,,,0.0,,,0.0,,,0.0,,,0.0,1.5127374158787468,-0.8680628556630617,3.0,3.0,1055.0,1178.0,0.9884154952826597,0.6666666666666666,7.178164318593207e-05,5.48341289255075e+23,20.0202868808447,15,2025-05-16 00:00:00+00:00,1,17.413194444444443
1747411200000,2,0.37541022772316024,0.013604623627889844,5.596614887958267,,,0.0,0.37541022772316024,2.0,1.0,,,0.0,,,0.0,,,0.0,,,,,,,,,0.00010466974148766232,5.487128903966992e+23,105.29910668765046,16,2025-05-16 00:00:00+00:00,1,17.45486111111111
1747414800000,1,0.11755697641282428,0.0014678588411103505,0.5901380699574299,0.11755697641282428,1.0,1.0,,,0.0,,,0.0,,,0.0,,,0.0,0.11755697641282428,0.0,1.0,1.0,1576.0,1576.0,1.2553883861180173,0.0,9.947988794644248e-05,4.115300372690285e+23,46.5752393827736,17,2025-05-16 00:00:00+00:00,1,17.49652777777778
1747422000000,1,1.8714085326715586,0.0046570291047174205,1.7954370453686799,1.8714085326715586,1.0,1.0,,,0.0,,,0.0,,,0.0,,,0.0,1.4112801835336692,0.46012834913788936,1.0,1.0,22493.0,22493.0,4.742678568066784,0.0,5.919835060140015e-05,3.2154406267339794e+23,7.670165398313721,19,2025-05-16 00:00:00+00:00,1,17.57986111111111
1747425600000,1,3.0398563331663015,0.02643196546311807,11.891351054428899,3.0398563331663015,1.0,1.0,,,0.0,,,0.0,,,0.0,,,0.0,11.979838493019779,-8.939982159853477,1.0,1.0,1648.0,1648.0,1.283744522870497,0.0,0.00010887630170153801,4.040398727214627e+23,93.68806464063671,20,2025-05-16 00:00:00+00:00,1,17.62152777777778
1747432800000,1,0.1546023895010679,0.0037687882839421085,1.5523505587329263,0.1546023895010679,1.0,1.0,,,0.0,,,0.0,,,0.0,,,0.0,0.1546023895010679,0.0,1.0,1.0,362.0,362.0,0.6016643582596529,1.0,8.055762238678249e-05,5.322065726769134e+23,118.81180189934274,22,2025-05-16 00:00:00+00:00,1,17.70486111111111
1747436400000,2,2.0632800759801335,0.01176757143408303,4.549597602733526,2.0632800759801335,2.0,1.0,,,0.0,,,0.0,,,0.0,,,0.0,2.448899928302905,-0.38561985232277163,2.0,2.0,776.0,776.0,0.8274793605889914,1.0,7.637869352761315e-05,3.214047198036971e+23,19.364297248216193,23,2025-05-16 00:00:00+00:00,1,17.74652777777778
1747440000000,3,1.9915179705115797,0.030431372915956715,12.619290167694365,1.0486787119629244,2.0,0.6666666666666666,3.877196487608891,1.0,0.3333333333333333,,,0.0,,,0.0,,,0.0,1.3594862690519345,-0.3108075570890101,2.0,2.0,1922.0,1922.0,1.3548836356373375,0.5,9.083030189704095e-05,3.1664683457190935e+23,93.34726464666468,0,2025-05-17 00:00:00+00:00,1,17.788194444444443
1747443600000,3,1.039220780534518,0.014590499936912419,5.875260657688399,1.039220780534518,3.0,1.0,,,0.0,,,0.0,,,0.0,,,0.0,3.928430838285704,-2.8892100577511868,3.0,3.0,4222.0,1048.0,1.565583865450454,0.6666666666666666,0.0001197173529555798,3.1330962852756506e+23,83.57709623954821,1,2025-05-17 00:00:00+00:00,1,17.82986111111111
1747447200000,1,0.8023377271343607,0.004922770712286867,1.9916811193801753,0.8023377271343607,1.0,1.0,,,0.0,,,0.0,,,0.0,,,0.0,0.9582698409821505,-0.15593211384778982,1.0,1.0,590.0,590.0,0.7681145747868608,1.0,8.566046257919473e-05,3.1222238131096645e+23,39.350853868878524,2,2025-05-17 00:00:00+00:00,1,17.87152777777778
1747450800000,2,2.1693222629143523,0.010376319609174362,3.9792909205785443,2.1693222629143523,2.0,1.0,,,0.0,,,0.0,,,0.0,,,0.0,2.404143212078624,-0.23482094916427165,2.0,2.0,1168.5,1168.5,1.062163656362915,0.5,9.836960608911479e-05,3.111090830957258e+23,55.16558504247729,3,2025-05-17 00:00:00+00:00,1,17.913194444444443
1747454400000,1,1.7179399021622017,0.004375519642710414,1.695911298644051,,,0.0,1.7179399021622017,1.0,1.0,,,0.0,,,0.0,,,0.0,,,,,,,,,4.327953530581203e-05,3.130070555190188e+23,27.08034190194831,4,2025-05-17 00:00:00+00:00,1,17.95486111111111
1747458000000,1,0.2333138176386024,0.004654261339762178,1.9296603761923636,0.2333138176386024,1.0,1.0,,,0.0,,,0.0,,,0.0,,,0.0,0.07782357624721517,0.15549024139138723,1.0,1.0,3888.0,3888.0,1.971801207018598,0.0,6.944518200676178e-05,3.118628432112949e+23,51.819909589082435,5,2025-05-17 00:00:00+00:00,1,17.99652777777778
1747461600000,3,2.3167526560140015,0.019726858664567856,7.604252115607421,1.3893343031251777,1.0,0.3333333333333333,2.7804618324584136,2.0,0.6666666666666666,,,0.0,,,0.0,,,0.0,4.565620357101529,-3.176286053976351,1.0,1.0,51064.0,51064.0,7.145907919921723,0.0,0.00010310970488255336,3.0971853819377713e+23,32.55483291625672,6,2025-05-17 00:00:00+00:00,1,18.038194444444443
1747465200000,2,0.7885082370401526,0.008263710575057544,3.3093435523073444,0.7885082370401526,2.0,1.0,,,0.0,,,0.0,,,0.0,,,0.0,1.0203616554049995,-0.23185341836484685,2.0,2.0,1319.5,1319.5,1.1183668900769725,0.5,8.825890677665234e-05,3.397112199503895e+23,32.0589084672016,7,2025-05-17 00:00:00+00:00,1,18.07986111111111
1747479600000,3,0.6954687660067752,0.009461086772633714,3.7709815450075563,0.6954687660067752,3.0,1.0,,,0.0,,,0.0,,,0.0,,,0.0,1.265853160603036,-0.5703843945962609,3.0,3.0,10143.0,1653.0,2.5675825168154502,0.3333333333333333,9.75353151761512e-05,3.2195343196987334e+23,33.34114713643443,11,2025-05-17 00:00:00+00:00,1,18.24652777777778
1747483200000,1,0.4150509536077424,0.005486627688617905,2.2719782075533814,0.4150509536077424,1.0,1.0,,,0.0,,,0.0,,,0.0,,,0.0,0.25861649652627555,0.15643445708146686,1.0,1.0,1036.0,1036.0,1.0178408519999578,1.0,0.00011217681538426743,3.234761553026647e+23,26.17844695165633,12,2025-05-17 00:00:00+00:00,1,18.288194444444443
1747486800000,5,3.843074797758161,0.07124926911509621,25.53141848786766,3.843074797758161,5.0,1.0,,,0.0,,,0.0,,,0.0,,,0.0,4.752216058856584,-0.9091412610984229,5.0,5.0,4207.8,2146.0,1.8505078198499578,0.2,0.0001188509921254143,3.311718738454483e+23,48.03023048842343,13,2025-05-17 00:00:00+00:00,1,18.32986111111111
1747490400000,2,1.6018450240818045,0.010807443618327642,4.221744523936001,1.6018450240818045,2.0,1.0,,,0.0,,,0.0,,,0.0,,,0.0,1.6793402506265704,-0.07749522654476593,2.0,2.0,6066.0,6066.0,2.2494895522881975,0.0,9.247423271600258e-05,3.287909644068584e+23,24.3489584036798,14,2025-05-17 00:00:00+00:00,1,18.37152777777778
1747494000000,2,1.5560000416442672,0.010779189631279877,4.235717017525074,1.5560000416442672,2.0,1.0,,,0.0,,,0.0,,,0.0,,,0.0,3.468433346364729,-1.912433304720462,2.0,2.0,876.0,876.0,0.9342602489468792,1.0,8.242452381798929e-05,3.144551355577916e+23,19.774766786464678,15,2025-05-17 00:00:00+00:00,1,18.413194444444443
1747497600000,1,1.2936923464329726,0.004378321333826793,1.7150688302734485,1.2936923464329726,1.0,1.0,,,0.0,,,0.0,,,0.0,,,0.0,3.49450940025644,-2.2008170538234673,1.0,1.0,2136.0,2136.0,1.4615060725156088,0.0,6.312684010020039e-05,3.2867601455336406e+23,37.28280905369123,16,2025-05-17 00:00:00+00:00,1,18.45486111111111
1747501200000,7,1.1316270943926345,0.04094062678364151,16.299708104863026,0.7080264807899949,6.0,0.8571428571428571,3.6732307760084733,1.0,0.14285714285714285,,,0.0,,,0.0,,,0.0,1.09889429430597,-0.39086781351597527,6.0,6.0,1399.1666666666667,1477.0,1.1350734280933201,0.5,0.00010343438661541721,3.5548113182953434e+23,28.631048036988282,17,2025-05-17 00:00:00+00:00,1,18.49652777777778
1747504800000,5,3.3832779488015765,0.060481410271220455,22.32686538084221,2.070648817377011,3.0,0.6,5.3522216459384255,2.0,0.4,,,0.0,,,0.0,,,0.0,0.5585297642424432,1.5121190531345678,3.0,3.0,17250.0,10076.0,3.5243573258812027,0.3333333333333333,0.00011704092520626282,4.20399371837432e+23,132.88197352826614,18,2025-05-17 00:00:00+00:00,1,18.538194444444443
1747508400000,2,0.6140593186704452,0.01767910547102423,7.352252156979981,0.6140593186704452,2.0,1.0,,,0.0,,,0.0,,,0.0,,,0.0,2.570842068803669,-1.9567827501332236,2.0,2.0,13319.5,13319.5,3.2870301100063144,0.0,9.001599765574709e-05,4.199938910097871e+23,13.9587899044597,19,2025-05-17 00:00:00+00:00,1,18.57986111111111
1747512000000,2,0.9637112234478713,0.00989469661618787,3.947361605631343,0.9637112234478713,2.0,1.0,,,0.0,,,0.0,,,0.0,,,0.0,1.0409602980510297,-0.07724907460315844,2.0,2.0,4919.5,4919.5,1.9971989048122067,0.5,0.00012900748363295822,4.2024525287136524e+23,30.40698258225343,20,2025-05-17 00:00:00+00:00,1,18.62152777777778
1747515600000,3,0.8825200956939537,0.01901885924636173,7.696904472118291,0.8825200956939537,3.0,1.0,,,0.0,,,0.0,,,0.0,,,0.0,0.8317078005421137,0.050812295151840096,3.0,3.0,9025.0,1719.0,2.4822676199128497,0.0,7.843758643557296e-05,4.1971464114695254e+23,17.423754186843396,21,2025-05-17 00:00:00+00:00,1,18.663194444444443
1747519200000,1,0.4338335341097727,0.004103538706863352,1.6620397501634974,,,0.0,0.4338335341097727,1.0,1.0,,,0.0,,,0.0,,,0.0,,,,,,,,,8.204923483168617e-05,4.191834146601376e+23,32.56835784281783,22,2025-05-17 00:00:00+00:00,1,18.70486111111111
1747530000000,1,0.1500904936641229,0.004299178889428172,1.74934857618288,0.1500904936641229,1.0,1.0,,,0.0,,,0.0,,,0.0,,,0.0,1.7018717490319353,-1.5517812553678123,1.0,1.0,7960.0,7960.0,2.821347195933177,0.0,6.021435817015613e-05,5.207171741059245e+23,26.388002901604484,1,2025-05-18 00:00:00+00:00,1,18.82986111111111
1747533600000,1,4.069191373740643,0.01715538524494724,6.353515362843758,,,0.0,4.069191373740643,1.0,1.0,,,0.0,,,0.0,,,0.0,,,,,,,,,6.199207354057963e-05,5.2037340403973115e+23,40.82729367686628,2,2025-05-18 00:00:00+00:00,1,18.87152777777778
1747537200000,3,0.5508907747237218,0.011682317442450626,4.678334708445007,0.20731722731595018,1.0,0.3333333333333333,0.7226775484276077,2.0,0.6666666666666666,,,0.0,,,0.0,,,0.0,0.20731722731595018,0.0,1.0,1.0,330.0,330.0,0.5744562646538028,1.0,5.7256553541465325e-05,5.2105808701826127e+23,29.601187681038326,3,2025-05-18 00:00:00+00:00,1,18.913194444444443
1747544400000,2,2.8064673674310865,0.023119019607925357,8.71851664406938,2.8064673674310865,2.0,1.0,,,0.0,,,0.0,,,0.0,,,0.0,2.8064673674310865,0.0,2.0,2.0,2167.0,2167.0,1.4602408180031405,0.0,6.77004629568672e-05,5.25427811545823e+23,108.19028590834982,5,2025-05-18 00:00:00+00:00,1,18.99652777777778
1747548000000,1,3.41528351545719,0.016021860710366747,6.069032720337268,3.41528351545719,1.0,1.0,,,0.0,,,0.0,,,0.0,,,0.0,3.41528351545719,0.0,1.0,1.0,700.0,700.0,0.8366600265340756,1.0,5.975540384783184e-05,5.3243622651615914e+23,34.472984647465104,6,2025-05-18 00:00:00+00:00,1,19.038194444444443
1747551600000,2,2.9851692599447635,0.026394034226836952,9.685140167135222,2.9851692599447635,2.0,1.0,,,0.0,,,0.0,,,0.0,,,0.0,0.5085545617966808,2.476614698148083,2.0,2.0,8440.5,8440.5,2.6399028442003276,0.0,6.176041233422634e-05,5.330133444835504e+23,39.71767359793386,7,2025-05-18 00:00:00+00:00,1,19.07986111111111
1747558800000,2,2.1393545629727835,0.019489897256383015,7.522440318213857,2.1393545629727835,2.0,1.0,,,0.0,,,0.0,,,0.0,,,0.0,2.061766983027535,0.07758757994524856,2.0,2.0,662.5,662.5,0.8087466586754755,1.0,0.0001124223326143258,5.359695769928929e+23,52.58118199896988,9,2025-05-18 00:00:00+00:00,1,19.163194444444443
1747562400000,3,0.8787428702607804,0.021987746353671428,8.847014206762493,0.9975082642438511,2.0,0.6666666666666666,0.6412120822946393,1.0,0.3333333333333333,,,0.0,,,0.0,,,0.0,1.1524084325032153,-0.15490016825936426,2.0,2.0,12755.5,12755.5,3.0701434024583127,0.0,8.640376200377725e-05,5.347551508065252e+23,66.11649276945379,10,2025-05-18 00:00:00+00:00,1,19.20486111111111
1747566000000,5,2.4522526537224194,0.05419877762488104,20.495779962597158,2.3089141219351457,3.0,0.6,2.6672604514033296,2.0,0.4,,,0.0,,,0.0,,,0.0,1.1753670380323225,1.1335470839028232,3.0,3.0,1952.0,1952.0,1.3601280704551781,0.5,0.00010160123323867626,5.3357956785337306e+23,105.80691511458204,11,2025-05-18 00:00:00+00:00,1,19.24652777777778
1747569600000,2,1.5169715439900195,0.013026535213081072,5.057512093175248,1.5169715439900195,2.0,1.0,,,0.0,,,0.0,,,0.0,,,0.0,1.7488394298309724,-0.23186788584095286,2.0,2.0,2265.5,2265.5,1.411340849404286,0.5,9.242567391914598e-05,5.323937470358943e+23,82.63308525992204,12,2025-05-18 00:00:00+00:00,1,19.288194444444443
1747576800000,2,1.6750333505311183,0.024188472887253294,9.487677873928504,1.6750333505311183,2.0,1.0,,,0.0,,,0.0,,,0.0,,,0.0,2.670216976647954,-0.9951836261168356,2.0,2.0,1128.0,1128.0,1.0461806123555715,0.5,6.914201482837176e-05,6.117428073088982e+23,172.85829267183732,14,2025-05-18 00:00:00+00:00,1,19.37152777777778
1747580400000,1,0.33406473279153864,0.006604779596343897,2.67759173236547,,,0.0,0.33406473279153864,1.0,1.0,,,0.0,,,0.0,,,0.0,,,,,,,,,9.664796879908735e-05,6.7442246286295e+23,90.84573335983985,15,2025-05-18 00:00:00+00:00,1,19.413194444444443
1747584000000,1,0.18941390929008098,0.0033781928646419413,1.36293894461642,0.18941390929008098,1.0,1.0,,,0.0,,,0.0,,,0.0,,,0.0,1.5726014232825487,-1.3831875139924676,1.0,1.0,9905.0,9905.0,3.1472209963712428,0.0,0.00014411697750393398,6.745488732722796e+23,23.33019265792134,16,2025-05-18 00:00:00+00:00,1,19.45486111111111
1747587600000,9,0.999406683923087,0.06700055517849074,26.559315218264445,1.1373813791683964,3.0,0.3333333333333333,0.9304193363004322,6.0,0.6666666666666666,,,0.0,,,0.0,,,0.0,2.88265088268312,-1.7452695035147237,3.0,3.0,1324.3333333333333,1386.0,1.1374867314370027,0.6666666666666666,0.0001280749922318548,6.654770418538869e+23,174.9121805968097,17,2025-05-18 00:00:00+00:00,1,19.49652777777778
1747591200000,1,6.54593213869905,0.03685499809367113,13.593928411686353,,,0.0,,,0.0,6.54593213869905,1.0,1.0,,,0.0,,,0.0,,,,,,,,,0.00012126231884528978,5.464747569201906e+23,155.74689602213255,18,2025-05-18 00:00:00+00:00,1,19.538194444444443
1747594800000,2,0.6655031664609896,0.02080549109293936,8.648898154169592,0.6655031664609896,2.0,1.0,,,0.0,,,0.0,,,0.0,,,0.0,0.6655031664609896,0.0,2.0,2.0,6059.5,6059.5,1.8615865593758638,0.5,0.00011902989510842808,5.293026390098202e+23,92.76199378357022,19,2025-05-18 00:00:00+00:00,1,19.57986111111111
1747598400000,3,0.521478863950175,0.012991114212883098,5.211175363729381,0.521478863950175,3.0,1.0,,,0.0,,,0.0,,,0.0,,,0.0,0.20878205059047938,0.3126968133596956,3.0,3.0,5077.666666666667,1210.0,1.8457729297598338,0.6666666666666666,0.0001873119964111257,5.291234778039342e+23,210.3045632610529,20,2025-05-18 00:00:00+00:00,1,19.62152777777778
1747602000000,1,2.7687365528622716,0.011485620738594245,4.35283744016245,,,0.0,2.7687365528622716,1.0,1.0,,,0.0,,,0.0,,,0.0,,,,,,,,,5.403336021099943e-05,5.296241188887632e+23,101.46878460822,21,2025-05-18 00:00:00+00:00,1,19.663194444444443
1747605600000,6,1.1090357136937545,0.03865779166307935,15.221075759901474,1.1258066195344525,5.0,0.8333333333333334,1.0251811844902643,1.0,0.16666666666666666,,,0.0,,,0.0,,,0.0,0.9517420661414805,0.1740645533929719,5.0,5.0,3447.4,1131.0,1.572585362462305,0.6,0.00011541061362233263,5.2962012167723526e+23,85.73173180159378,22,2025-05-18 00:00:00+00:00,1,19.70486111111111
1747609200000,2,0.2503463991438077,0.009348364272904927,3.7963244726352743,0.2503463991438077,2.0,1.0,,,0.0,,,0.0,,,0.0,,,0.0,1.091773613654556,-0.8414272145107482,2.0,2.0,820.0,820.0,0.9017619364184364,1.0,6.096404454463505e-05,5.20705651367356e+23,58.50547996916552,23,2025-05-18 00:00:00+00:00,1,19.74652777777778
1747612800000,8,1.5232793760876435,0.0848664061314664,34.121429931310686,1.0138922458672535,5.0,0.625,0.9843041574581152,1.0,0.125,3.066234810953383,2.0,0.25,,,0.0,,,0.0,2.9572922968243094,-1.943400050957056,5.0,5.0,6265.0,6322.0,2.2721122026208653,0.4,0.00010512495445117405,5.192036074783156e+23,122.2491798727211,0,2025-05-19 00:00:00+00:00,1,19.788194444444443
1747616400000,4,0.9454954990359639,0.024917867139483744,9.956642482163193,1.0123345975519593,3.0,0.75,0.7449782034879776,1.0,0.25,,,0.0,,,0.0,,,0.0,1.73416970414529,-0.7218351065933307,3.0,3.0,2154.3333333333335,2402.0,1.441265047547283,0.3333333333333333,6.625094700626842e-05,5.352381077251039e+23,45.331988225210445,1,2025-05-19 00:00:00+00:00,1,19.82986111111111
1747620000000,1,0.8143246462383397,0.00393126334416868,1.555916803907063,0.8143246462383397,1.0,1.0,,,0.0,,,0.0,,,0.0,,,0.0,0.8143246462383397,0.0,1.0,1.0,9110.0,9110.0,3.018277654557314,0.0,6.0217002468321286e-05,5.4655381312260255e+23,45.295981062692476,2,2025-05-19 00:00:00+00:00,1,19.87152777777778
1747623600000,1,5.377768235123614,0.02610762243680023,9.50836119385051,5.377768235123614,1.0,1.0,,,0.0,,,0.0,,,0.0,,,0.0,2.7078167682254235,2.66995146689819,1.0,1.0,8390.0,8390.0,2.896549671592048,0.0,7.651080857332731e-05,5.4499894596275476e+23,157.63574240179065,3,2025-05-19 00:00:00+00:00,1,19.913194444444443
1747627200000,3,0.9137388884382123,0.014016525948089923,5.588303044315049,1.905308237177294,1.0,0.3333333333333333,0.4179542140686715,2.0,0.6666666666666666,,,0.0,,,0.0,,,0.0,3.161891395050986,-1.256583157873692,1.0,1.0,1851.0,1851.0,1.360514608521349,0.0,0.00013976339405278855,4.396875461028314e+23,207.6628380779351,4,2025-05-19 00:00:00+00:00,1,19.95486111111111
1747630800000,3,0.8370854288122079,0.010364422699628353,4.0882391862123555,1.189182858061821,2.0,0.6666666666666666,0.13289057031298182,1.0,0.3333333333333333,,,0.0,,,0.0,,,0.0,1.0329100497896921,0.15627280827212875,2.0,2.0,1301.5,1301.5,1.140157673016636,1.0,0.00013749150282935625,3.335355587262698e+23,37.851493789243975,5,2025-05-19 00:00:00+00:00,1,19.99652777777778
1747634400000,3,0.9280967902427343,0.01048789491587991,4.173239898236519,0.43360500665947604,1.0,0.3333333333333333,1.1753426820343633,2.0,0.6666666666666666,,,0.0,,,0.0,,,0.0,2.005186647777179,-1.571581641117703,1.0,1.0,505.0,505.0,0.7106335201775947,1.0,0.00010778833471828569,3.218647019787459e+23,41.591121156932196,6,2025-05-19 00:00:00+00:00,1,20.038194444444443
1747638000000,2,4.083624352643222,0.02363856472602203,8.520622723732188,1.226856122172348,1.0,0.5,6.940392583114096,1.0,0.5,,,0.0,,,0.0,,,0.0,2.63560325089176,-1.408747128719412,1.0,1.0,1100.0,1100.0,1.0488088481701516,1.0,0.00011487650592416818,3.2610816055163865e+23,139.8561943316359,7,2025-05-19 00:00:00+00:00,1,20.07986111111111
1747641600000,3,1.1979924171614378,0.013247370962523703,5.246985093956045,1.1979924171614378,3.0,1.0,,,0.0,,,0.0,,,0.0,,,0.0,2.3491471005815607,-1.151154683420123,3.0,3.0,3691.0,2925.0,1.7826910194422085,0.3333333333333333,8.68465456820515e-05,3.34016816116498e+23,58.88389161232902,8,2025-05-19 00:00:00+00:00,1,20.12152777777778
1747652400000,1,0.10847866057264124,0.0027175764145254727,1.1115017902443085,0.10847866057264124,1.0,1.0,,,0.0,,,0.0,,,0.0,,,0.0,0.10847866057264124,0.0,1.0,1.0,2192.0,2192.0,1.4805404418657397,0.0,9.627987168832499e-05,2.9056551982506725e+23,13.214696949728003,11,2025-05-19 00:00:00+00:00,1,20.24652777777778
1747659600000,7,1.699769470831207,0.03571817660574635,13.844634618630487,1.9095811485153817,6.0,0.8571428571428571,0.4408994047261578,1.0,0.14285714285714285,,,0.0,,,0.0,,,0.0,1.4294570282872874,0.4801241202280944,6.0,6.0,4731.333333333333,2169.5,1.7203781821994049,0.5,0.00010667405466268039,3.6339864917729965e+23,97.02452404688695,13,2025-05-19 00:00:00+00:00,1,20.32986111111111
1747663200000,1,1.8960599751266733,0.0064469708890114545,2.4920122588286393,1.8960599751266733,1.0,1.0,,,0.0,,,0.0,,,0.0,,,0.0,2.20643432944092,-0.31037435431424676,1.0,1.0,571.0,571.0,0.7556454194925024,1.0,7.502581491057165e-05,4.142546577763357e+23,24.02050196214656,14,2025-05-19 00:00:00+00:00,1,20.37152777777778
1747666800000,3,1.0152149202534189,0.017941651095812514,7.10044555737867,1.4389484276383864,2.0,0.6666666666666666,0.16774790548348353,1.0,0.3333333333333333,,,0.0,,,0.0,,,0.0,1.2551081490464129,0.1838402785919735,2.0,2.0,5246.0,5246.0,2.0546750832787,0.5,7.063132094708466e-05,4.1480847040948e+23,45.49095048739167,15,2025-05-19 00:00:00+00:00,1,20.413194444444443
1747670400000,2,1.098979036257019,0.010955220309073296,4.342454116511013,0.2664312982953105,1.0,0.5,1.9315267742187276,1.0,0.5,,,0.0,,,0.0,,,0.0,0.5756870051448976,-0.3092557068495871,1.0,1.0,549.0,549.0,0.7409453421137082,1.0,0.0001530062900461462,4.122773247919833e+23,120.58133561102066,16,2025-05-19 00:00:00+00:00,1,20.45486111111111
1747674000000,2,3.5893925053215527,0.026241421500598314,9.698026498711759,5.818343968566086,1.0,0.5,1.3604410420770203,1.0,0.5,,,0.0,,,0.0,,,0.0,1.3317635653115274,4.486580403254559,1.0,1.0,6752.0,6752.0,2.5984610830258745,0.0,7.276241377932835e-05,3.969120314066994e+23,81.09289110983735,17,2025-05-19 00:00:00+00:00,1,20.49652777777778
1747677600000,5,1.6498917235380433,0.03339489283465908,12.816640526391001,1.2339309251269355,3.0,0.6,2.273832921154705,2.0,0.4,,,0.0,,,0.0,,,0.0,1.2335096308400717,0.00042129428686384546,3.0,3.0,1187.6666666666667,1101.0,1.072272078650312,0.6666666666666666,0.00020568665130479385,3.981563865199876e+23,143.9635507178214,18,2025-05-19 00:00:00+00:00,1,20.538194444444443
1747681200000,1,2.23954960917041,0.006960022769677878,2.674931001697041,2.23954960917041,1.0,1.0,,,0.0,,,0.0,,,0.0,,,0.0,2.23954960917041,0.0,1.0,1.0,1711.0,1711.0,1.3080519867344722,0.0,0.00012034388000916367,3.95975029912159e+23,59.5384611411584,19,2025-05-19 00:00:00+00:00,1,20.57986111111111
1747684800000,1,4.091687671725096,0.013050681439185087,4.831062908648765,4.091687671725096,1.0,1.0,,,0.0,,,0.0,,,0.0,,,0.0,8.740672696702667,-4.648985024977571,1.0,1.0,605.0,605.0,0.7778174593052023,1.0,7.210176805241693e-05,3.9528503411020246e+23,23.785956074581676,20,2025-05-19 00:00:00+00:00,1,20.62152777777778
1747688400000,2,2.8664429099784163,0.02459046701299837,9.36665267009395,0.7492894556032853,1.0,0.5,4.983596364353548,1.0,0.5,,,0.0,,,0.0,,,0.0,0.5946927756856007,0.15459667991768455,1.0,1.0,1861.0,1861.0,1.3641847382227965,0.0,8.776317890521872e-05,3.960131009581932e+23,104.3556763962967,21,2025-05-19 00:00:00+00:00,1,20.663194444444443
1747692000000,1,1.1336874907791556,0.004859317898872093,1.9256785937808676,,,0.0,1.1336874907791556,1.0,1.0,,,0.0,,,0.0,,,0.0,,,,,,,,,4.6889857087101904e-05,3.96270335256518e+23,26.10021681617709,22,2025-05-19 00:00:00+00:00,1,20.70486111111111
1747699200000,6,0.9960037835366138,0.03697066834042678,14.939138142901575,0.9272722406926889,5.0,0.8333333333333334,1.3396614977562389,1.0,0.16666666666666666,,,0.0,,,0.0,,,0.0,1.2969487344417714,-0.3696764937490826,5.0,5.0,2024.0,1550.0,1.3797584508570266,0.4,0.00011302829728185197,3.9736517758180954e+23,56.51913282329612,0,2025-05-20 00:00:00+00:00,1,20.788194444444443
1747702800000,3,1.3881907718210844,0.015461897646351678,6.005287263866791,2.0617277302664934,2.0,0.6666666666666666,0.0411168549302671,1.0,0.3333333333333333,,,0.0,,,0.0,,,0.0,4.494846894424497,-2.433119164158004,2.0,2.0,1424.0,1424.0,1.1858531925912765,0.5,0.0001265940506975889,3.9008253220447805e+23,159.52058648068208,1,2025-05-20 00:00:00+00:00,1,20.82986111111111
1747706400000,14,1.6535711224626297,0.09337642711613978,36.93842266051991,1.7231948683877003,13.0,0.9285714285714286,0.7484624254367128,1.0,0.07142857142857142,,,0.0,,,0.0,,,0.0,2.1116071248638915,-0.3884122564761911,13.0,13.0,1981.923076923077,1191.0,1.3184406804130182,0.5384615384615384,0.000131711327102544,3.273680867373812e+23,188.50430887924713,2,2025-05-20 00:00:00+00:00,1,20.87152777777778
1747710000000,10,3.031188960831121,0.11000968604569855,42.42021857946672,2.8215642560556256,7.0,0.7,3.5203132719739436,3.0,0.3,,,0.0,,,0.0,,,0.0,2.2626456068519074,0.558918649203718,7.0,7.0,4565.285714285715,2229.0,1.7634166717654078,0.42857142857142855,0.00018037600415541182,3.3178147218385455e+23,120.81618483754454,3,2025-05-20 00:00:00+00:00,1,20.913194444444443
1747713600000,1,1.5931330397906058,0.006683652199345437,2.594561068992905,,,0.0,1.5931330397906058,1.0,1.0,,,0.0,,,0.0,,,0.0,,,,,,,,,0.00013512578427872965,5.220333271767591e+23,91.71002688123043,4,2025-05-20 00:00:00+00:00,1,20.95486111111111
1747717200000,3,2.230562437197125,0.036324567123732464,13.762574847496287,3.151502783767545,2.0,0.6666666666666666,0.3886817440562846,1.0,0.3333333333333333,,,0.0,,,0.0,,,0.0,1.21222503860765,1.9392777451598953,2.0,2.0,2484.0,2484.0,1.5160746587451945,0.5,0.00015277501234987136,5.228672579417541e+23,94.38217477639068,5,2025-05-20 00:00:00+00:00,1,20.99652777777778
1747720800000,6,1.5669044706677102,0.09032656196549994,37.78027941010778,0.7919699404773879,2.0,0.3333333333333333,0.7254440392636522,3.0,0.5,5.6411548252605295,1.0,0.16666666666666666,,,0.0,,,0.0,1.794540947124856,-1.002571006647468,2.0,2.0,1527.0,1527.0,1.1989993324429602,0.5,0.00016807097837554842,6.648634235389742e+23,233.92807589566294,6,2025-05-20 00:00:00+00:00,1,21.038194444444443
1747724400000,4,0.40853449173929807,0.026964327372116972,10.998580851692013,0.40853449173929807,4.0,1.0,,,0.0,,,0.0,,,0.0,,,0.0,0.7566223447924787,-0.3480878530531806,4.0,4.0,1307.75,1209.0,1.1088715532444706,0.5,0.00013110901976882917,6.800284380363661e+23,150.17817076853473,7,2025-05-20 00:00:00+00:00,1,21.07986111111111
1747728000000,3,0.7978454006028511,0.03823773230104634,15.917592573160903,1.0283458524934725,1.0,0.3333333333333333,0.6825951746575405,2.0,0.6666666666666666,,,0.0,,,0.0,,,0.0,1.0283458524934725,0.0,1.0,1.0,2381.0,2381.0,1.5430489298787644,0.0,0.0001548286051968207,5.6425467109951537e+23,113.75498525960032,8,2025-05-20 00:00:00+00:00,1,21.12152777777778
1747735200000,3,0.7419623779597811,0.030204721496487556,12.460759965290876,0.511865584291748,2.0,0.6666666666666666,1.2021559652958476,1.0,0.3333333333333333,,,0.0,,,0.0,,,0.0,0.511865584291748,0.0,2.0,2.0,1108.0,1108.0,1.0520280697525217,1.0,0.00011289231339887817,5.250081138286592e+23,83.68436497844357,10,2025-05-20 00:00:00+00:00,1,21.20486111111111
1747738800000,3,2.3895404597531322,0.03115322143870594,11.903472279925131,1.5096198086123276,2.0,0.6666666666666666,4.149381762034742,1.0,0.3333333333333333,,,0.0,,,0.0,,,0.0,1.5874394436516055,-0.07781963503927791,2.0,2.0,1109.5,1109.5,1.0477178560574463,1.0,0.0001731451429828752,4.55554621670097e+23,111.83953507535561,11,2025-05-20 00:00:00+00:00,1,21.24652777777778
1747746000000,4,0.9336441841104266,0.025853352113163405,10.335365826998183,1.2298983826307153,3.0,0.75,0.04488158854956074,1.0,0.25,,,0.0,,,0.0,,,0.0,1.3340437149280528,-0.10414533229733774,3.0,3.0,1539.3333333333333,1725.0,1.231024259719904,0.3333333333333333,9.97856481149024e-05,4.466983403522219e+23,145.4142692996489,13,2025-05-20 00:00:00+00:00,1,21.32986111111111
1747749600000,1,3.264819051790901,0.011475893352043036,4.320269279450579,3.264819051790901,1.0,1.0,,,0.0,,,0.0,,,0.0,,,0.0,4.201850321383115,-0.9370312695922141,1.0,1.0,3580.0,3580.0,1.8920887928424501,0.0,6.671372045450437e-05,4.451422889373553e+23,19.878673956283365,14,2025-05-20 00:00:00+00:00,1,21.37152777777778
1747753200000,3,4.5116126419166696,0.061263291931574065,20.75502265270782,,,0.0,4.5116126419166696,3.0,1.0,,,0.0,,,0.0,,,0.0,,,,,,,,,0.0001364631550827717,5.6395513864961805e+23,177.62095017349952,15,2025-05-20 00:00:00+00:00,1,21.413194444444443
1747756800000,6,2.089746874848404,0.08640774998715207,33.33642993989701,1.4557774532292451,1.0,0.16666666666666666,2.2165407591722355,5.0,0.8333333333333334,,,0.0,,,0.0,,,0.0,2.7000826549667063,-1.2443052017374612,1.0,1.0,1285.0,1285.0,1.1335784048754634,1.0,0.00011546751730946123,6.38384668920039e+23,207.1644529086607,16,2025-05-20 00:00:00+00:00,1,21.45486111111111
1747764000000,1,1.3064303692273067,0.00663603185385556,2.618915856990135,1.3064303692273067,1.0,1.0,,,0.0,,,0.0,,,0.0,,,0.0,1.3064303692273067,0.0,1.0,1.0,935.0,935.0,0.9669539802906858,1.0,9.550425628291228e-05,4.674703110308905e+23,69.79241632004823,18,2025-05-20 00:00:00+00:00,1,21.538194444444443
1747767600000,2,3.891214800580988,0.03200043253526477,11.608402076585213,1.2163160368489296,1.0,0.5,6.566113564313047,1.0,0.5,,,0.0,,,0.0,,,0.0,2.2705938419104394,-1.0542778050615098,1.0,1.0,24876.0,24876.0,4.987584585748897,0.0,8.121421346425463e-05,4.6164874870439156e+23,83.25518690325426,19,2025-05-20 00:00:00+00:00,1,21.57986111111111
1747774800000,2,14.279060823613765,0.21009766641301175,70.1073663560957,,,0.0,14.279060823613765,2.0,1.0,,,0.0,,,0.0,,,0.0,,,,,,,,,0.0001380121247490724,6.07221722931799e+23,950.8457909483021,21,2025-05-20 00:00:00+00:00,1,21.663194444444443
1747782000000,6,1.8819645439529367,0.06435906530702862,25.744618635233117,1.313420737483217,4.0,0.6666666666666666,3.019052156892376,2.0,0.3333333333333333,,,0.0,,,0.0,,,0.0,1.4670065440059106,-0.15358580652269363,4.0,4.0,1021.5,1039.0,0.9894887929546916,1.0,0.0002177740639879879,3.9521917956826534e+23,897.7939214612059,23,2025-05-20 00:00:00+00:00,1,21.74652777777778
1747785600000,2,0.3243073332387597,0.005577991534747815,2.2596215377284103,0.045921648911839176,1.0,0.5,0.6026930175656803,1.0,0.5,,,0.0,,,0.0,,,0.0,0.20009145670742914,-0.15416980779558997,1.0,1.0,5778.0,5778.0,2.4037470748812155,0.0,9.663797028612387e-05,3.67574869487563e+23,45.54065792532916,0,2025-05-21 00:00:00+00:00,1,21.788194444444443
1747789200000,2,1.468004089935104,0.01034280845466898,4.032720733977569,1.468004089935104,2.0,1.0,,,0.0,,,0.0,,,0.0,,,0.0,1.77476133735146,-0.30675724741635607,2.0,2.0,3878.0,3878.0,1.9175757810047984,0.0,0.00011117562706426193,3.674402876326791e+23,39.17898059110223,1,2025-05-21 00:00:00+00:00,1,21.82986111111111
1747792800000,2,2.5359501883576376,0.020750211307048815,8.002803069937688,4.094253266954694,1.0,0.5,0.9776471097605816,1.0,0.5,,,0.0,,,0.0,,,0.0,0.08386412029883719,4.010389146655857,1.0,1.0,1322.0,1322.0,1.1497825881443848,1.0,0.00013329435884259288,3.700574522230354e+23,38.56074509342935,2,2025-05-21 00:00:00+00:00,1,21.87152777777778
1747796400000,7,1.0831466067257263,0.0358027314930864,14.151290599405218,1.3503300255982227,4.0,0.5714285714285714,0.7269020482290642,3.0,0.42857142857142855,,,0.0,,,0.0,,,0.0,1.350115270753482,0.00021475484474065692,4.0,4.0,2546.5,2588.5,1.5031865937045628,0.5,0.00017809950111813424,4.206774447458e+23,259.2412251838503,3,2025-05-21 00:00:00+00:00,1,21.913194444444443
1747800000000,13,1.634632804774729,0.10336049298571387,39.849057754115265,1.3373708217887188,4.0,0.3076923076923077,2.0552448077973224,7.0,0.5384615384615384,0.757014760167673,2.0,0.15384615384615385,,,0.0,,,0.0,0.5582338063362052,0.7791370154525135,4.0,4.0,10037.5,7694.5,2.8254552041940055,0.0,0.00023301994720445558,4.212040860681281e+23,177.0970574591652,4,2025-05-21 00:00:00+00:00,1,21.95486111111111
1747803600000,5,1.258853649356206,0.04703411838742404,19.253941137830093,1.1379968093344845,2.0,0.4,0.7834218784919184,2.0,0.4,2.4514308711282236,1.0,0.2,,,0.0,,,0.0,1.9727720864632032,-0.8347752771287187,2.0,2.0,3328.5,3328.5,1.5633467882386674,0.5,0.00013241801905863507,4.20815119700874e+23,95.86135911586436,5,2025-05-21 00:00:00+00:00,1,21.99652777777778
1747807200000,1,0.8096690588915928,0.004385820076599416,1.7507245689148452,0.8096690588915928,1.0,1.0,,,0.0,,,0.0,,,0.0,,,0.0,11.708050764733269,-10.898381705841675,1.0,1.0,8548.0,8548.0,2.923696290656743,0.0,9.396840680945901e-05,4.208990467895226e+23,36.427068141673296,6,2025-05-21 00:00:00+00:00,1,22.038194444444443
1747814400000,4,2.1595730895796135,0.040587645177566634,15.878155014958484,2.424605671645026,3.0,0.75,1.3644753433833752,1.0,0.25,,,0.0,,,0.0,,,0.0,2.173553130193835,0.25105254145119105,3.0,3.0,3548.6666666666665,961.0,1.6251269581109096,0.6666666666666666,5.571339702990026e-05,4.2504478502653167e+23,39.47407480697356,8,2025-05-21 00:00:00+00:00,1,22.12152777777778
1747825200000,3,2.7549210875486594,0.04022400281402493,14.703787854989379,0.410948135415889,1.0,0.3333333333333333,3.9269075636150443,2.0,0.6666666666666666,,,0.0,,,0.0,,,0.0,0.5641786205074156,-0.15323048509152665,1.0,1.0,39125.0,39125.0,6.254998001598402,0.0,9.367938385561885e-05,4.754998039638569e+23,51.30234731455731,11,2025-05-21 00:00:00+00:00,1,22.24652777777778
1747828800000,1,0.29856024970689127,0.004568196724096764,1.858291486279323,,,0.0,0.29856024970689127,1.0,1.0,,,0.0,,,0.0,,,0.0,,,,,,,,,6.640744795056869e-05,4.757295165633236e+23,37.21761495124426,12,2025-05-21 00:00:00+00:00,1,22.288194444444443
1747832400000,4,1.7974100003476319,0.0311501606789397,11.874770182952679,2.181218699027231,2.0,0.5,1.4136013016680322,2.0,0.5,,,0.0,,,0.0,,,0.0,0.2747663050256749,1.9064523940015565,2.0,2.0,8768.0,8768.0,2.9390130661737714,0.0,8.810920563994797e-05,4.7544579299011046e+23,141.4220059394244,13,2025-05-21 00:00:00+00:00,1,22.32986111111111
1747839600000,2,0.8865820800618924,0.013568690578343978,5.477722597982249,0.12707719242390728,1.0,0.5,1.6460869676998775,1.0,0.5,,,0.0,,,0.0,,,0.0,0.12707719242390728,0.0,1.0,1.0,109.0,109.0,0.3301514803843836,1.0,0.00011663812048784196,4.7549500808484346e+23,52.8616895100786,15,2025-05-21 00:00:00+00:00,1,22.413194444444443
1747843200000,11,1.688158246901506,0.10310708359359026,40.66372154747008,1.6375944984201247,8.0,0.7272727272727273,1.822994909518523,3.0,0.2727272727272727,,,0.0,,,0.0,,,0.0,2.7720697424918557,-1.134475244071731,8.0,8.0,4959.875,2627.0,1.9722905226069822,0.375,0.00013724113514997576,4.7198879957188936e+23,149.78933793086125,16,2025-05-21 00:00:00+00:00,1,22.45486111111111
1747846800000,15,0.9539839981134014,0.11556051506011579,45.76090060593004,0.7372667310138611,11.0,0.7333333333333333,1.5499564826371375,4.0,0.26666666666666666,,,0.0,,,0.0,,,0.0,1.0681615233755837,-0.3308947923617225,11.0,11.0,1515.5454545454545,869.0,1.038065174766395,0.8181818181818182,0.00017431792843147287,5.9803256483154836e+23,422.51832526056825,17,2025-05-21 00:00:00+00:00,1,22.49652777777778
1747850400000,4,0.8603275427843333,0.0333727186564297,13.529457926478212,0.8622285059240116,3.0,0.75,0.8546246533652985,1.0,0.25,,,0.0,,,0.0,,,0.0,1.966818465207579,-1.1045899592835677,3.0,3.0,2386.3333333333335,1437.0,1.420478351739348,0.6666666666666666,9.530212904086572e-05,6.36921787237038e+23,101.05714203398472,18,2025-05-21 00:00:00+00:00,1,22.538194444444443
1747857600000,7,1.2263948710548884,0.034993998391363426,13.739231659299007,1.0640062470418594,4.0,0.5714285714285714,2.0964405928419967,2.0,0.2857142857142857,0.13585792353278894,1.0,0.14285714285714285,,,0.0,,,0.0,1.7385036283629414,-0.674497381321082,4.0,4.0,10454.75,7198.5,2.9137519729064154,0.0,0.00011151488075596191,3.64554416606331e+23,48.88451208779441,20,2025-05-21 00:00:00+00:00,1,22.62152777777778
1747861200000,2,1.289700701792595,0.01679566387222255,6.579229786891856,0.989581174421516,1.0,0.5,1.5898202291636738,1.0,0.5,,,0.0,,,0.0,,,0.0,0.8408651297870046,0.1487160446345115,1.0,1.0,837.0,837.0,0.9148770409186143,1.0,7.611393324427265e-05,7.107846327698995e+23,88.30525335332189,21,2025-05-21 00:00:00+00:00,1,22.663194444444443
1747864800000,2,0.2653711193451253,0.007564223629880927,3.0299672311944055,0.24406504389342612,1.0,0.5,0.28667719479682446,1.0,0.5,,,0.0,,,0.0,,,0.0,0.09591997052362747,0.14814507336979865,1.0,1.0,2428.0,2428.0,1.5582040944625963,0.0,0.00011088704040232418,8.360661769737072e+23,89.83675685311333,22,2025-05-21 00:00:00+00:00,1,22.70486111111111
1747868400000,5,1.2055436505279622,0.054524098660868645,21.447931565075802,1.0477511207493624,4.0,0.8,1.8367137696423614,1.0,0.2,,,0.0,,,0.0,,,0.0,1.5309970874802454,-0.48324596673088305,4.0,4.0,839.0,870.5,0.9056788457905722,1.0,0.00012287871067629511,9.3984576520034e+23,131.9030469519415,23,2025-05-21 00:00:00+00:00,1,22.74652777777778
1747879200000,11,1.2683084191862486,0.14049431042789567,55.64141287345518,0.5235432226714737,5.0,0.45454545454545453,1.8889460829485614,6.0,0.5454545454545454,,,0.0,,,0.0,,,0.0,1.4376123532059633,-0.9140691305344895,5.0,5.0,7644.8,1330.0,2.2683929012366084,0.6,0.0001661970058833577,8.107520381396247e+23,409.9717475055528,2,2025-05-22 00:00:00+00:00,1,22.87152777777778
1747882800000,9,2.0010081479215502,0.11039715719900958,42.13993465096127,1.3278940381690414,5.0,0.5555555555555556,3.4812605542609596,3.0,0.3333333333333333,0.9258214776658663,1.0,0.1111111111111111,,,0.0,,,0.0,0.7558068089331899,0.5720872292358514,5.0,5.0,4662.0,3577.0,1.9825205652643274,0.2,0.00025872093805243926,4.5927817419105836e+23,614.2020496937356,3,2025-05-22 00:00:00+00:00,1,22.913194444444443
1747886400000,15,2.057092431232258,0.1449500740173534,58.220726721097606,1.6310986802202603,8.0,0.5333333333333333,2.543942432388826,7.0,0.4666666666666667,,,0.0,,,0.0,,,0.0,2.4251999364177874,-0.7941012561975269,8.0,8.0,1974.75,1799.5,1.3699871334854126,0.5,0.0003194784169131092,3.5113325563030165e+23,354.69347392785767,4,2025-05-22 00:00:00+00:00,1,22.95486111111111
1747890000000,23,1.4935705648935855,0.16829078002400133,66.62283953011224,1.375475275490778,11.0,0.4782608695652174,1.9955691719442332,8.0,0.34782608695652173,0.8141075139091859,3.0,0.13043478260869565,0.8150190448724887,1.0,0.043478260869565216,,,0.0,1.9060498545368374,-0.5305745790460594,11.0,11.0,2309.2727272727275,2305.0,1.455455900575995,0.36363636363636365,0.0002460783845578991,3.5289566101026606e+23,329.014162614217,5,2025-05-22 00:00:00+00:00,1,22.99652777777778
1747893600000,16,2.5643299918182367,0.1795077896661688,67.71585424367525,1.9389056642424514,12.0,0.75,4.440602974545593,4.0,0.25,,,0.0,,,0.0,,,0.0,1.5656906681786351,0.3732149960638161,12.0,12.0,4292.083333333333,2538.5,1.8867287732073752,0.25,0.00023069912034532836,3.611745991107935e+23,281.1632866008414,6,2025-05-22 00:00:00+00:00,1,23.038194444444443
1747897200000,12,1.7624316217901497,0.08295571301548794,32.123026595434496,1.9254778424819914,9.0,0.75,1.2732929597146259,3.0,0.25,,,0.0,,,0.0,,,0.0,1.7515187625740518,0.1739590799079396,9.0,9.0,4499.444444444444,4018.0,1.976919008277149,0.2222222222222222,0.00013905862452928,3.76948546234593e+23,179.50041065817496,7,2025-05-22 00:00:00+00:00,1,23.07986111111111
1747900800000,14,2.096931615574629,0.16445641970234426,71.0636234190138,1.9571508492805199,11.0,0.7857142857142857,2.6094610919863643,3.0,0.21428571428571427,,,0.0,,,0.0,,,0.0,3.90346885620035,-1.946318006919831,11.0,11.0,1145.909090909091,1057.0,1.0348100625650767,0.8181818181818182,0.0002187868922827188,3.787066821409374e+23,159.686718703181,8,2025-05-22 00:00:00+00:00,1,23.12152777777778
1747904400000,5,1.9443111195355463,0.044358473059837804,17.56825461159026,1.9443111195355463,5.0,1.0,,,0.0,,,0.0,,,0.0,,,0.0,3.7166287434397196,-1.7723176239041738,5.0,5.0,1761.6,1641.0,1.297159368578728,0.4,0.00010681594768395362,3.775380874288378e+23,39.59788653993229,9,2025-05-22 00:00:00+00:00,1,23.163194444444443
1747908000000,7,1.6735907182542265,0.05783901018413795,22.611008777144903,0.5021426398813195,4.0,0.5714285714285714,3.2355214894181024,3.0,0.42857142857142855,,,0.0,,,0.0,,,0.0,1.5673027977333938,-1.0651601578520742,4.0,4.0,2614.0,1659.5,1.37441970705977,0.25,0.00016186506378622519,3.795169709223846e+23,123.28797040715833,10,2025-05-22 00:00:00+00:00,1,23.20486111111111
1747911600000,5,0.9621264767602161,0.025942551141945037,10.272772011846305,1.3120179114810038,3.0,0.6,0.4372893246790349,2.0,0.4,,,0.0,,,0.0,,,0.0,1.9473548049059535,-0.63533689342495,3.0,3.0,1533.6666666666667,1478.0,1.235036454755836,0.6666666666666666,0.00014956291103101102,4.197525693882139e+23,143.53776612882217,11,2025-05-22 00:00:00+00:00,1,23.24652777777778
1747915200000,3,2.216667927580558,0.027627166464152045,10.510982865409774,2.216667927580558,3.0,1.0,,,0.0,,,0.0,,,0.0,,,0.0,1.9265250452536495,0.2901428823269083,3.0,3.0,5581.666666666667,4824.0,2.33924773967698,0.0,8.23107370553749e-05,4.356666797488709e+23,49.114739976162525,12,2025-05-22 00:00:00+00:00,1,23.288194444444443
1747918800000,13,1.2336299350936106,0.09946097770943645,39.704975879717814,1.0604072618174514,9.0,0.6923076923076923,2.0423271088386183,3.0,0.23076923076923078,0.36654247334402207,1.0,0.07692307692307693,,,0.0,,,0.0,2.2557539835529794,-1.1953467217355278,9.0,9.0,2795.8888888888887,1381.0,1.4627027246855733,0.5555555555555556,0.00018425338842486047,4.362024837220883e+23,153.44554576458776,13,2025-05-22 00:00:00+00:00,1,23.32986111111111
1747922400000,10,1.455439071471298,0.07839756648597428,31.180107511448387,1.5942244868618463,6.0,0.6,1.2472609483854753,4.0,0.4,,,0.0,,,0.0,,,0.0,3.5754249451530824,-1.9812004582912361,6.0,6.0,3210.1666666666665,1465.0,1.6021807929094996,0.5,0.00011383151924222204,4.1294630031407966e+23,138.64186002480744,14,2025-05-22 00:00:00+00:00,1,23.37152777777778
1747926000000,8,2.357587380885395,0.0767731420540018,29.25284328503312,2.479194468270946,7.0,0.875,1.5063377691865383,1.0,0.125,,,0.0,,,0.0,,,0.0,3.3386037158071606,-0.8594092475362152,7.0,7.0,1339.857142857143,822.0,1.0187855793669938,0.5714285714285714,0.00019129859284802082,3.875849261509979e+23,208.12128448592802,15,2025-05-22 00:00:00+00:00,1,23.413194444444443
1747929600000,6,1.5048546483248597,0.047058972603359825,18.709108779790967,1.5485990380931454,2.0,0.3333333333333333,1.3573549734819053,2.0,0.3333333333333333,1.6086099333995292,2.0,0.3333333333333333,,,0.0,,,0.0,1.8415540461763853,-0.29295500808323993,2.0,2.0,3803.5,3803.5,1.8112407330991225,0.5,0.0001218736690582724,4.190926148404999e+23,83.55971711187934,16,2025-05-22 00:00:00+00:00,1,23.45486111111111
1747933200000,4,0.3353438550044103,0.015915412266105947,6.482838827396004,0.2662057923691558,2.0,0.5,0.40448191763966473,2.0,0.5,,,0.0,,,0.0,,,0.0,1.292459057123407,-1.026253264754251,2.0,2.0,9291.5,9291.5,3.0264190659514325,0.0,0.0001187242823674942,4.3685527005033163e+23,43.97748411284321,17,2025-05-22 00:00:00+00:00,1,23.49652777777778
1747936800000,1,4.17963888810493,0.013606982959489016,5.028645169528849,4.17963888810493,1.0,1.0,,,0.0,,,0.0,,,0.0,,,0.0,5.130363897410416,-0.9507250093054864,1.0,1.0,17833.0,17833.0,4.222913686070318,0.0,0.00011377134368692891,3.89581153494038e+23,37.2429142750671,18,2025-05-22 00:00:00+00:00,1,23.538194444444443
1747940400000,6,3.6264094969092735,0.0912962981338751,31.66975894038068,1.7203644575061956,4.0,0.6666666666666666,0.605909759860434,1.0,0.16666666666666666,,,0.0,14.271089391570424,1.0,0.16666666666666666,,,0.0,1.720361964505945,2.4930002506945437e-06,4.0,4.0,1433.5,905.5,1.0976934178508007,0.75,9.609043618290171e-05,3.980220745101768e+23,164.00278497940155,19,2025-05-22 00:00:00+00:00,1,23.57986111111111
1747944000000,8,1.309598238528908,0.05104059805925819,20.192012185068492,1.2745706714647322,6.0,0.75,1.414680939721435,2.0,0.25,,,0.0,,,0.0,,,0.0,1.8399079175607451,-0.565337246096013,6.0,6.0,5593.333333333333,769.0,1.5258923298889508,0.8333333333333334,9.905503518733013e-05,4.342290783952985e+23,92.5714842880793,20,2025-05-22 00:00:00+00:00,1,23.62152777777778
1747947600000,2,1.2927096311599269,0.013960767704871108,5.4536104216322006,0.14611585912152006,1.0,0.5,2.4393034031983336,1.0,0.5,,,0.0,,,0.0,,,0.0,0.43860354760396575,-0.29248768848244566,1.0,1.0,18458.0,18458.0,4.2962774584516765,0.0,7.550776398413017e-05,4.637385224983597e+23,58.04075280281483,21,2025-05-22 00:00:00+00:00,1,23.663194444444443
1747951200000,1,0.987377690503965,0.004371783200283416,1.7276294179167972,0.987377690503965,1.0,1.0,,,0.0,,,0.0,,,0.0,,,0.0,0.5473132838113232,0.4400644066926418,1.0,1.0,1405.0,1405.0,1.1853269591129698,1.0,7.50334147579185e-05,4.6280090720193506e+23,16.74717557581721,22,2025-05-22 00:00:00+00:00,1,23.70486111111111
1747954800000,5,0.42831571885351083,0.036926024052536185,15.292810135206288,0.42831571885351083,5.0,1.0,,,0.0,,,0.0,,,0.0,,,0.0,1.3428005653321133,-0.9144848464786026,5.0,5.0,3434.0,2563.0,1.767223731923254,0.0,0.00014137759823682053,4.618793505848717e+23,103.54808165640698,23,2025-05-22 00:00:00+00:00,1,23.74652777777778
1747958400000,7,1.9996715167424608,0.07591289228593735,29.59109887979077,1.445750820202895,4.0,0.5714285714285714,2.738232445461881,3.0,0.42857142857142855,,,0.0,,,0.0,,,0.0,2.682170374273007,-1.2364195540701117,4.0,4.0,11512.25,9308.5,3.0251395727062684,0.25,9.254906699239877e-05,4.5998200350399896e+23,81.58945385155222,0,2025-05-23 00:00:00+00:00,1,23.788194444444443
1747962000000,5,1.0851618845396866,0.03929337879629162,15.911411747895093,1.2735624851867517,4.0,0.8,0.3315594819514262,1.0,0.2,,,0.0,,,0.0,,,0.0,1.4558892512173345,-0.18232676603058273,4.0,4.0,5012.25,4137.0,2.116348609416513,0.0,9.766267326337616e-05,4.5770653632462824e+23,51.27363243332796,1,2025-05-23 00:00:00+00:00,1,23.82986111111111
1747965600000,5,4.298904900512123,0.09830861502112137,36.02211198513172,1.4264255612323136,1.0,0.2,5.017024735332075,4.0,0.8,,,0.0,,,0.0,,,0.0,3.7434701400990362,-2.3170445788667227,1.0,1.0,18767.0,18767.0,4.332089565094424,0.0,0.00012293874658430293,4.552661845192518e+23,154.8949024484671,2,2025-05-23 00:00:00+00:00,1,23.87152777777778
1747969200000,2,3.1412637262701266,0.027192451477087015,10.34049921646124,3.1412637262701266,2.0,1.0,,,0.0,,,0.0,,,0.0,,,0.0,1.9068540101602411,1.2344097161098855,2.0,2.0,8782.5,8782.5,2.656201910882439,0.0,8.233987972349147e-05,4.5490520632708565e+23,47.32912710170208,3,2025-05-23 00:00:00+00:00,1,23.913194444444443
1747972800000,3,2.133955913380969,0.02902675987552054,11.217952907573562,0.05321980889929582,1.0,0.3333333333333333,3.174323965621805,2.0,0.6666666666666666,,,0.0,,,0.0,,,0.0,0.05321980889929582,0.0,1.0,1.0,130.0,130.0,0.36055512754639896,1.0,0.00019808876211330995,4.3584025972276846e+23,249.8211695725887,4,2025-05-23 00:00:00+00:00,1,23.95486111111111
1747980000000,1,0.8929877678593096,0.006818425860047465,2.7357644101086644,,,0.0,0.8929877678593096,1.0,1.0,,,0.0,,,0.0,,,0.0,,,,,,,,,0.00014233071287875361,5.032693065542723e+23,147.32080108030908,6,2025-05-23 00:00:00+00:00,1,24.038194444444443
1747983600000,1,0.8241411356996403,0.005561959049338327,2.2240913707799277,0.8241411356996403,1.0,1.0,,,0.0,,,0.0,,,0.0,,,0.0,0.8241411356996403,0.0,1.0,1.0,3983.0,3983.0,1.9957454747537322,0.0,8.432827100638348e-05,4.946318521617091e+23,10.457341721843118,7,2025-05-23 00:00:00+00:00,1,24.07986111111111
1747990800000,3,0.2937883051040919,0.017783127502603212,7.265116457971462,0.4317627728811719,2.0,0.6666666666666666,0.01783936954993185,1.0,0.3333333333333333,,,0.0,,,0.0,,,0.0,0.7960456235184483,-0.3642828506372764,2.0,2.0,22172.0,22172.0,4.356726687735986,0.0,8.276657585591619e-05,5.037324045266843e+23,98.70213359320314,9,2025-05-23 00:00:00+00:00,1,24.163194444444443
1747998000000,2,1.3630919313634355,0.010859556896614808,4.248550957620281,1.08902666192292,1.0,0.5,1.637157200803951,1.0,0.5,,,0.0,,,0.0,,,0.0,0.34891364984637135,0.7401130120765487,1.0,1.0,958.0,958.0,0.9787747442593725,1.0,0.00018342885729625161,4.5995313172646503e+23,281.104559550643,11,2025-05-23 00:00:00+00:00,1,24.24652777777778
1748001600000,15,1.1037702394610878,0.08130126597686883,32.321318862862405,1.1383256963381763,11.0,0.7333333333333333,1.0087427330490946,4.0,0.26666666666666666,,,0.0,,,0.0,,,0.0,1.1661099590660866,-0.02778426272791049,11.0,11.0,1027.6363636363637,717.0,0.8927966357227614,0.8181818181818182,0.00028737308359971277,3.553094266422529e+23,294.0813786288189,12,2025-05-23 00:00:00+00:00,1,24.288194444444443
1748005200000,9,1.2031498125645272,0.04710650183850456,18.5497966732983,1.0948173010486224,8.0,0.8888888888888888,2.0698099046917657,1.0,0.1111111111111111,,,0.0,,,0.0,,,0.0,1.8259989716168596,-0.7311816705682372,8.0,8.0,2696.125,1344.0,1.3987484413938969,0.75,0.00010003068152195559,4.118994495088542e+23,101.9657600321636,13,2025-05-23 00:00:00+00:00,1,24.32986111111111
1748008800000,7,1.3072977442664013,0.03771748805508702,14.915560668133491,1.0527024463175212,4.0,0.5714285714285714,1.6467581415315748,3.0,0.42857142857142855,,,0.0,,,0.0,,,0.0,2.0157849713506533,-0.9630825250331321,4.0,4.0,754.75,690.0,0.8299825918221062,1.0,0.000138034961838533,3.632784721816316e+23,61.65346253386048,14,2025-05-23 00:00:00+00:00,1,24.37152777777778
1748012400000,4,1.3989957225368992,0.02965284516432744,11.865047870289665,0.44986254841378503,3.0,0.75,4.246395244906242,1.0,0.25,,,0.0,,,0.0,,,0.0,2.4418773898525235,-1.9920148414387384,3.0,3.0,832.3333333333334,1003.0,0.8934036292462184,1.0,9.831647208953067e-05,3.6028516483186426e+23,62.219026432015006,15,2025-05-23 00:00:00+00:00,1,24.413194444444443
1748016000000,1,0.013581725272792701,0.0036518092810500324,1.5071737245956602,0.013581725272792701,1.0,1.0,,,0.0,,,0.0,,,0.0,,,0.0,3.4687217195744853,-3.4551399943016925,1.0,1.0,1822.0,1822.0,1.3498148021117564,0.0,0.00010870780075211959,3.4851796106502306e+23,4.244749061525261,16,2025-05-23 00:00:00+00:00,1,24.45486111111111
1748023200000,1,0.059964895648433915,0.0012601646889184523,0.5092552129148585,0.059964895648433915,1.0,1.0,,,0.0,,,0.0,,,0.0,,,0.0,0.059964895648433915,0.0,1.0,1.0,842.0,842.0,0.9176055797563569,1.0,6.213129457629628e-05,3.376824564815759e+23,48.75894432574161,18,2025-05-23 00:00:00+00:00,1,24.538194444444443
1748030400000,4,0.7197013566867745,0.01627059566958617,6.695578309552943,0.24991492375061544,1.0,0.25,0.8762968343321608,3.0,0.75,,,0.0,,,0.0,,,0.0,0.7029926077989573,-0.4530776840483419,1.0,1.0,14049.0,14049.0,3.7481995677925153,0.0,4.108852989510039e-05,3.383562710542029e+23,33.92182120185662,20,2025-05-23 00:00:00+00:00,1,24.62152777777778
1748034000000,1,0.6295793829663937,0.0018110878454913077,0.718432299095263,0.6295793829663937,1.0,1.0,,,0.0,,,0.0,,,0.0,,,0.0,1.0835633037848065,-0.45398392081841277,1.0,1.0,588.0,588.0,0.7668115805072325,1.0,7.84645919173452e-05,3.380642251839782e+23,14.63310095815669,21,2025-05-23 00:00:00+00:00,1,24.663194444444443
1748037600000,1,0.9153558819358304,0.011208167250205127,4.773221843094256,,,0.0,0.9153558819358304,1.0,1.0,,,0.0,,,0.0,,,0.0,,,,,,,,,7.747314030849308e-05,3.375255025553595e+23,51.550977262206004,22,2025-05-23 00:00:00+00:00,1,24.70486111111111
1748041200000,2,1.717029175334916,0.011606549681616483,4.524784284868323,1.717029175334916,2.0,1.0,,,0.0,,,0.0,,,0.0,,,0.0,3.9262119000582842,-2.2091827247233686,2.0,2.0,4087.5,4087.5,1.8332594371664725,0.5,0.00011581483332405619,3.375997710184546e+23,78.18859915911908,23,2025-05-23 00:00:00+00:00,1,24.74652777777778
1748044800000,7,1.088777685528974,0.03482835802031474,13.850674325705299,0.9836970265832076,5.0,0.7142857142857143,0.22124639803280335,1.0,0.14285714285714285,2.4817122677539767,1.0,0.14285714285714285,,,0.0,,,0.0,1.0768864832798815,-0.093189456696674,5.0,5.0,3938.6,1240.0,1.5313802392938525,0.6,0.00011981141588820118,3.4429657865186076e+23,76.22641596749776,0,2025-05-24 00:00:00+00:00,1,24.788194444444443
1748048400000,3,0.750633989262509,0.014312334336689363,5.646857277374432,0.750633989262509,3.0,1.0,,,0.0,,,0.0,,,0.0,,,0.0,0.750633989262509,0.0,3.0,3.0,689.6666666666666,910.0,0.8016491401549661,1.0,8.658435120059496e-05,4.3354048689828e+23,43.30611212035678,1,2025-05-24 00:00:00+00:00,1,24.82986111111111
1748052000000,2,1.0832573179931022,0.007817266175983323,3.0657254182519615,1.0832573179931022,2.0,1.0,,,0.0,,,0.0,,,0.0,,,0.0,0.3690976396531149,0.7141596783399873,2.0,2.0,3562.0,3562.0,1.7267286507214346,0.5,0.00010813990101508698,3.705988723973338e+23,14.751434764264502,2,2025-05-24 00:00:00+00:00,1,24.87152777777778
1748062800000,3,0.912501681600493,0.02243035790964321,8.836996103071472,,,0.0,0.912501681600493,3.0,1.0,,,0.0,,,0.0,,,0.0,,,,,,,,,6.947355013867057e-05,8.275786611853162e+23,56.658250591933644,5,2025-05-24 00:00:00+00:00,1,24.99652777777778
1748066400000,1,4.463181309661301,0.018425499817989546,6.957778118392786,4.463181309661301,1.0,1.0,,,0.0,,,0.0,,,0.0,,,0.0,0.008428995039188626,4.454752314622112,1.0,1.0,7460.0,7460.0,2.7313000567495327,0.0,5.051921801594626e-05,6.668347007631471e+23,11.417639887442473,6,2025-05-24 00:00:00+00:00,1,25.038194444444443
1748070000000,2,0.6005205798653929,0.020112349510006323,8.120795086504598,0.9390274955251238,1.0,0.5,0.262013664205662,1.0,0.5,,,0.0,,,0.0,,,0.0,0.7902297605572256,0.14879773496789817,1.0,1.0,1492.0,1492.0,1.2214745187681977,1.0,6.859663457794738e-05,9.404323474359113e+23,56.2974223954742,7,2025-05-24 00:00:00+00:00,1,25.07986111111111
1748073600000,6,0.9532320659944243,0.053437157525406245,21.269966738905936,1.242191998984513,3.0,0.5,0.6642721330043359,3.0,0.5,,,0.0,,,0.0,,,0.0,1.2422681200606223,-7.612107610914058e-05,3.0,3.0,3283.3333333333335,665.0,1.4942773175789696,0.6666666666666666,7.496649480610128e-05,7.626614096948545e+23,61.04085145908633,8,2025-05-24 00:00:00+00:00,1,25.12152777777778
1748088000000,3,0.5685097197770138,0.012754877784627368,5.139916129592684,0.7789530535257323,2.0,0.6666666666666666,0.14762305227957687,1.0,0.3333333333333333,,,0.0,,,0.0,,,0.0,0.7043277518109732,0.07462530171475912,2.0,2.0,1575.0,1575.0,1.2491547562348597,0.5,7.91778921618494e-05,4.0963467553249074e+23,46.31915612603965,12,2025-05-24 00:00:00+00:00,1,25.288194444444443
1748098800000,6,0.7897870892030233,0.044521279373059545,17.57100828741895,0.896650146935614,3.0,0.5,0.6829240314704327,3.0,0.5,,,0.0,,,0.0,,,0.0,0.4991887989852723,0.39746134795034155,3.0,3.0,4589.666666666667,1144.0,1.8362009850267411,0.6666666666666666,8.23165413639044e-05,9.770016844718035e+23,129.69519147005815,15,2025-05-24 00:00:00+00:00,1,25.413194444444443
1748113200000,1,1.415592044507496,0.013863878905677205,5.415668693476187,,,0.0,1.415592044507496,1.0,1.0,,,0.0,,,0.0,,,0.0,,,,,,,,,6.473510098016226e-05,1.0923643448144188e+24,63.92401851893913,19,2025-05-24 00:00:00+00:00,1,25.57986111111111
1748116800000,2,0.587573614499481,0.017634507032417656,7.056773167419776,0.587573614499481,2.0,1.0,,,0.0,,,0.0,,,0.0,,,0.0,0.06743411909040323,0.5201394954090777,2.0,2.0,9199.0,9199.0,2.8475582374525854,0.0,6.072170702302158e-05,1.111473388270926e+24,39.49541879870949,20,2025-05-24 00:00:00+00:00,1,25.62152777777778
1748127600000,6,0.9271333552315201,0.046802779953073984,18.276245909909,1.2613076260898022,2.0,0.3333333333333333,0.7600462198023789,4.0,0.6666666666666666,,,0.0,,,0.0,,,0.0,2.0077033915228077,-0.7463957654330056,2.0,2.0,916.5,916.5,0.9498870835820675,1.0,7.11549914283677e-05,1.0349480017118664e+24,137.08256829564587,23,2025-05-24 00:00:00+00:00,1,25.74652777777778
1748131200000,2,0.7213070367795499,0.017990748655943214,7.196976960557332,0.7237832796541882,1.0,0.5,0.7188307939049116,1.0,0.5,,,0.0,,,0.0,,,0.0,0.4214393778662279,0.3023439017879603,1.0,1.0,798.0,798.0,0.8933084573650918,1.0,8.214824841822382e-05,1.0710068423730413e+24,121.57383408979732,0,2025-05-25 00:00:00+00:00,1,25.788194444444443
1748138400000,1,0.512963329508142,0.008486086331636212,3.405515816411926,,,0.0,0.512963329508142,1.0,1.0,,,0.0,,,0.0,,,0.0,,,,,,,,,8.470341386412654e-05,9.956493482641312e+23,114.59218447402534,2,2025-05-25 00:00:00+00:00,1,25.87152777777778
1748149200000,3,0.9557851283694531,0.0363967591273823,14.45372621047688,2.242473215517426,1.0,0.3333333333333333,0.31244108479546673,2.0,0.6666666666666666,,,0.0,,,0.0,,,0.0,6.482591211599019,-4.240117996081594,1.0,1.0,4344.0,4344.0,2.0842264752180846,0.0,0.00017966153998208128,9.761016937199412e+23,428.74139357550456,5,2025-05-25 00:00:00+00:00,1,25.99652777777778
1748156400000,2,1.970327236054414,0.03397959670239882,12.758984252858157,3.818711970639565,1.0,0.5,0.12194250146926269,1.0,0.5,,,0.0,,,0.0,,,0.0,3.970415527123094,-0.15170355648352896,1.0,1.0,1091.0,1091.0,1.0445094542415592,1.0,9.756490465891999e-05,1.0063438166716258e+24,134.27042442574293,7,2025-05-25 00:00:00+00:00,1,26.07986111111111
1748174400000,1,4.2022349991194465,0.05054186586276066,19.550796159836146,,,0.0,4.2022349991194465,1.0,1.0,,,0.0,,,0.0,,,0.0,,,,,,,,,0.0001083729511694584,9.789204442609391e+23,103.16743708217936,12,2025-05-25 00:00:00+00:00,1,26.288194444444443
1748178000000,6,1.0004591008352228,0.07550926498920257,30.00829209552209,0.11185849101371606,2.0,0.3333333333333333,1.4447594057459763,4.0,0.6666666666666666,,,0.0,,,0.0,,,0.0,0.18715357335388152,-0.07529508234016546,2.0,2.0,2051.5,2051.5,1.3306349027442121,0.5,7.572369370703594e-05,9.7852919618307e+23,84.1693984344252,13,2025-05-25 00:00:00+00:00,1,26.32986111111111
1748181600000,3,1.375449090487723,0.03059787033800013,11.919847806244212,1.6349316818703659,2.0,0.6666666666666666,0.8564839077224379,1.0,0.3333333333333333,,,0.0,,,0.0,,,0.0,3.25824067274496,-1.6233089908745943,2.0,2.0,7881.5,7881.5,2.4557975036223256,0.5,0.00011451872045576229,9.722388535399853e+23,79.8252396309552,14,2025-05-25 00:00:00+00:00,1,26.37152777777778
1748185200000,2,0.15024238181784394,0.0033290345311360586,1.339248555603178,0.298751535184349,1.0,0.5,0.0017332284513388654,1.0,0.5,,,0.0,,,0.0,,,0.0,1.9521830260388557,-1.6534314908545067,1.0,1.0,5837.0,5837.0,2.4159884105682297,0.0,0.00011299892261570976,5.840385804919195e+23,108.1508778966028,15,2025-05-25 00:00:00+00:00,1,26.413194444444443
1748188800000,2,1.7494010369029307,0.01796375728949722,7.1239836015688685,1.7494010369029307,2.0,1.0,,,0.0,,,0.0,,,0.0,,,0.0,2.0518278891573867,-0.302426852254456,2.0,2.0,814.5,814.5,0.8998840493245381,1.0,7.633581585925446e-05,4.109230308980835e+23,20.40260630214362,16,2025-05-25 00:00:00+00:00,1,26.45486111111111
1748192400000,3,2.9326356115128234,0.04990243438796955,19.79514928811892,1.9109977253034756,1.0,0.3333333333333333,3.443454554617497,2.0,0.6666666666666666,,,0.0,,,0.0,,,0.0,1.9109977253034756,0.0,1.0,1.0,889.0,889.0,0.9428679653058534,1.0,8.161941254061277e-05,4.0208923933708846e+23,212.74919572068515,17,2025-05-25 00:00:00+00:00,1,26.49652777777778
1748196000000,1,2.771131888764122,0.008938949811493027,3.38784221591531,2.771131888764122,1.0,1.0,,,0.0,,,0.0,,,0.0,,,0.0,0.07492280688694511,2.6962090818771767,1.0,1.0,26493.0,26493.0,5.147135125484856,0.0,8.180977143736966e-05,4.1082760955363436e+23,8.109677969804343,18,2025-05-25 00:00:00+00:00,1,26.538194444444443
1748199600000,1,1.4389617577642784,0.005682071987013028,2.225677301300007,1.4389617577642784,1.0,1.0,,,0.0,,,0.0,,,0.0,,,0.0,2.6330426961957083,-1.19408093843143,1.0,1.0,1424.0,1424.0,1.1933147112141038,1.0,6.159806868056058e-05,4.10482093157818e+23,10.973173358614554,19,2025-05-25 00:00:00+00:00,1,26.57986111111111
1748203200000,1,5.073282595390881,0.01731036908932254,6.2929794856748655,,,0.0,5.073282595390881,1.0,1.0,,,0.0,,,0.0,,,0.0,,,,,,,,,7.153802348969358e-05,4.118537620438452e+23,12.615064294959815,20,2025-05-25 00:00:00+00:00,1,26.62152777777778
1748206800000,4,1.0509628270366718,0.025779265425478294,10.311137462875854,2.3153888678390184,1.0,0.25,0.6294874801025562,3.0,0.75,,,0.0,,,0.0,,,0.0,1.2631415779090989,1.0522472899299196,1.0,1.0,56258.0,56258.0,7.500533314371719,0.0,4.950209599260872e-05,4.048816153293864e+23,55.20016438410077,21,2025-05-25 00:00:00+00:00,1,26.663194444444443
1748210400000,3,1.585516909522673,0.0329959810894571,13.355094667968975,1.1189441510134563,2.0,0.6666666666666666,2.518662426541107,1.0,0.3333333333333333,,,0.0,,,0.0,,,0.0,1.5670782328430994,-0.44813408182964315,2.0,2.0,1026.0,1026.0,1.0021665105237654,1.0,7.569460583721337e-05,4.42115604356226e+23,87.00443220771288,22,2025-05-25 00:00:00+00:00,1,26.70486111111111
1748214000000,1,0.2031026392773855,0.0014234302332904291,0.5709970203623782,0.2031026392773855,1.0,1.0,,,0.0,,,0.0,,,0.0,,,0.0,0.2031026392773855,0.0,1.0,1.0,1901.0,1901.0,1.3787675656179326,0.0,8.310836904145482e-05,4.561906947480548e+23,26.047970380828257,23,2025-05-25 00:00:00+00:00,1,26.74652777777778
1748217600000,2,3.403354261817281,0.026430419407486954,9.82115864662118,4.698851674760939,1.0,0.5,,,0.0,,,0.0,2.1078568488736233,1.0,0.5,,,0.0,3.212233643787332,1.4866180309736072,1.0,1.0,15949.0,15949.0,3.993619911809335,0.0,0.0001169595125231105,4.7445857716718676e+23,54.98504811107357,0,2025-05-26 00:00:00+00:00,1,26.788194444444443
1748228400000,3,0.7460516276316235,0.01270781225755156,5.055006438153591,0.8575744479572207,2.0,0.6666666666666666,0.5230059869804288,1.0,0.3333333333333333,,,0.0,,,0.0,,,0.0,1.306261154478427,-0.44868670652120635,2.0,2.0,15797.5,15797.5,3.6761873753238126,0.0,9.190866208534884e-05,4.844112359726895e+23,84.5107256309531,3,2025-05-26 00:00:00+00:00,1,26.913194444444443
1748232000000,1,1.9318895726755598,0.008872836075852139,3.42172063807446,1.9318895726755598,1.0,1.0,,,0.0,,,0.0,,,0.0,,,0.0,2.8195812557235906,-0.8876916830480308,1.0,1.0,4846.0,4846.0,2.2013632140108093,0.0,9.922748340020221e-05,5.323269814072193e+23,52.83374758132283,4,2025-05-26 00:00:00+00:00,1,26.95486111111111
1748235600000,3,0.4252912351919189,0.0166712209314689,6.748325130438064,0.45571569273707924,2.0,0.6666666666666666,0.36444232010159844,1.0,0.3333333333333333,,,0.0,,,0.0,,,0.0,0.5301903455829032,-0.074474652845824,2.0,2.0,1459.0,1459.0,1.2037701361617352,0.5,0.00013529923009787814,6.142908628041615e+23,54.665237251874665,5,2025-05-26 00:00:00+00:00,1,26.99652777777778
1748239200000,7,2.041827075059104,0.057642701131927356,21.915706989574606,1.691455095538089,6.0,0.8571428571428571,4.144058952185191,1.0,0.14285714285714285,,,0.0,,,0.0,,,0.0,1.7552525096601912,-0.06379741412210205,6.0,6.0,1476.5,1124.5,1.1657756291385233,0.6666666666666666,0.00010491916360256548,4.314351840379106e+23,231.72521136365705,6,2025-05-26 00:00:00+00:00,1,27.038194444444443
1748242800000,12,2.4265195519276155,0.10298548517458697,37.93798040503354,2.851799014931474,6.0,0.5,2.056871369307788,5.0,0.4166666666666667,1.723083687003601,1.0,0.08333333333333333,,,0.0,,,0.0,3.1733191409572203,-0.3215201260257465,6.0,6.0,3717.8333333333335,2161.0,1.7543308081699358,0.16666666666666666,0.00016800427428839083,3.653507977899096e+23,211.12050721118405,7,2025-05-26 00:00:00+00:00,1,27.07986111111111
1748246400000,11,1.8972958983045138,0.08110591057730392,31.341207893574126,2.032773083914829,5.0,0.45454545454545453,1.7843982436292514,6.0,0.5454545454545454,,,0.0,,,0.0,,,0.0,2.3600278653174374,-0.3272547814026084,5.0,5.0,2632.0,1316.0,1.4415696572971102,0.6,0.00011587356622878216,3.6890617166266865e+23,80.39919300084141,8,2025-05-26 00:00:00+00:00,1,27.12152777777778
1748250000000,3,3.6461196490302625,0.03927311426404399,14.089503847293589,3.6461196490302625,3.0,1.0,,,0.0,,,0.0,,,0.0,,,0.0,1.1789232359939852,2.4671964130362767,3.0,3.0,2315.6666666666665,1763.0,1.4901877308319194,0.3333333333333333,0.00011665629590013984,3.657297320567412e+23,101.91573325884555,9,2025-05-26 00:00:00+00:00,1,27.163194444444443
1748253600000,16,2.1165005819623546,0.1193747813316449,45.14924898545102,2.377960159679082,11.0,0.6875,1.5412895109855547,5.0,0.3125,,,0.0,,,0.0,,,0.0,2.594130368666546,-0.21617020898746409,11.0,11.0,4328.0,1390.0,1.6927346331736175,0.6363636363636364,0.00014926429439402242,3.6331439100396e+23,378.403598543122,10,2025-05-26 00:00:00+00:00,1,27.20486111111111
1748257200000,10,2.783577962318339,0.10757529486642023,40.88816043256992,2.5067582815344265,8.0,0.8,3.8908566854539908,2.0,0.2,,,0.0,,,0.0,,,0.0,2.544889167999686,-0.038130886465259806,8.0,8.0,2514.125,1573.0,1.4536515923205893,0.375,0.00021375246642498866,3.608807472987094e+23,216.16913814835218,11,2025-05-26 00:00:00+00:00,1,27.24652777777778
1748260800000,8,1.831069022040382,0.058545338339972657,22.60499783916665,1.764550475091297,3.0,0.375,1.8709801502098329,5.0,0.625,,,0.0,,,0.0,,,0.0,1.566092722956439,0.19845775213485814,3.0,3.0,6504.0,3762.0,2.2296015635059194,0.3333333333333333,0.00020939544576828586,3.840873105672766e+23,802.6941295140175,12,2025-05-26 00:00:00+00:00,1,27.288194444444443
1748264400000,5,1.1736455379137918,0.03448997551935616,13.78002003545244,0.9824641824013542,2.0,0.4,1.3010997749220834,3.0,0.6,,,0.0,,,0.0,,,0.0,1.6504398679467953,-0.6679756855454411,2.0,2.0,2097.0,2097.0,1.4324142278782037,0.5,0.0002205794371600351,5.2232770914393e+23,214.72030430799765,13,2025-05-26 00:00:00+00:00,1,27.32986111111111
1748268000000,2,1.08621544456402,0.01434306431208195,5.728033646947435,1.3559766518461909,1.0,0.5,,,0.0,,,0.0,0.816454237281849,1.0,0.5,,,0.0,2.1021962657758126,-0.7462196139296218,1.0,1.0,936.0,936.0,0.9674709297958259,1.0,0.00012979796474552163,4.650814062583756e+23,165.1030113190956,14,2025-05-26 00:00:00+00:00,1,27.37152777777778
1748271600000,3,2.3692008711678976,0.02847712936780724,10.835347495130694,3.262213627441301,2.0,0.6666666666666666,0.5831753586210903,1.0,0.3333333333333333,,,0.0,,,0.0,,,0.0,5.2409570154027465,-1.9787433879614458,2.0,2.0,1266.5,1266.5,1.1249400273637364,1.0,0.00011642701092380621,4.63482455114105e+23,83.2133070197543,15,2025-05-26 00:00:00+00:00,1,27.413194444444443
1748275200000,4,0.8578617053067945,0.017642878032677885,7.017174997982666,0.8578617053067945,4.0,1.0,,,0.0,,,0.0,,,0.0,,,0.0,1.6360523339786988,-0.7781906286719042,4.0,4.0,1186.25,1248.0,1.084459826342663,1.0,8.014874468569372e-05,4.653242745735809e+23,60.28005948241477,16,2025-05-26 00:00:00+00:00,1,27.45486111111111
1748278800000,9,0.6657331574809221,0.027674725219353803,10.984645780857885,0.6045662068593577,5.0,0.5555555555555556,0.7421918457578776,4.0,0.4444444444444444,,,0.0,,,0.0,,,0.0,1.0196504019882808,-0.41508419512892303,5.0,5.0,6840.0,3628.0,2.446428002971243,0.0,0.00011583686339561437,4.655826859017506e+23,96.64467562172307,17,2025-05-26 00:00:00+00:00,1,27.49652777777778
1748282400000,3,1.447557036330208,0.016811604998995748,6.495920717917089,2.3476568099240143,1.0,0.3333333333333333,0.997507149533305,2.0,0.6666666666666666,,,0.0,,,0.0,,,0.0,2.3476568099240143,0.0,1.0,1.0,437.0,437.0,0.6610597552415364,1.0,0.00011460078845551611,4.919578563872664e+23,47.86360516956584,18,2025-05-26 00:00:00+00:00,1,27.538194444444443
1748286000000,2,1.2008056264356743,0.01430933441106655,5.63832091616724,,,0.0,1.2008056264356743,2.0,1.0,,,0.0,,,0.0,,,0.0,,,,,,,,,0.00010163584095927472,4.962150311699028e+23,92.1998475065843,19,2025-05-26 00:00:00+00:00,1,27.57986111111111
1748289600000,2,0.08800514828379793,0.012478280589714601,5.276949824423631,0.12532592209737406,1.0,0.5,0.05068437447022182,1.0,0.5,,,0.0,,,0.0,,,0.0,0.12532592209737406,0.0,1.0,1.0,1472.0,1472.0,1.2132600710482482,1.0,9.00110821671602e-05,5.187658811421609e+23,40.533405123736216,20,2025-05-26 00:00:00+00:00,1,27.62152777777778
1748293200000,1,0.5248385711070996,0.0020972815357443372,0.8301905085312561,,,0.0,0.5248385711070996,1.0,1.0,,,0.0,,,0.0,,,0.0,,,,,,,,,9.934984459512642e-05,5.238547787549347e+23,17.599461454207276,21,2025-05-26 00:00:00+00:00,1,27.663194444444443
1748296800000,3,2.0056624787673445,0.023338479186287335,8.824176022759975,0.7872051174157231,2.0,0.6666666666666666,4.442577201470587,1.0,0.3333333333333333,,,0.0,,,0.0,,,0.0,1.8295940988316768,-1.0423889814159537,2.0,2.0,1454.5,1454.5,1.1935210201581838,0.5,8.955457453836559e-05,4.86506126328148e+23,115.72296188964366,22,2025-05-26 00:00:00+00:00,1,27.70486111111111
1748300400000,4,1.1136906355419192,0.0309748421412009,12.544032937325493,1.8421535774387983,2.0,0.5,0.38522769364503995,2.0,0.5,,,0.0,,,0.0,,,0.0,5.008536163688703,-3.166382586249905,2.0,2.0,26472.5,26472.5,4.0299784627578115,0.5,0.00010083738245658279,4.387824812583088e+23,96.69065815185027,23,2025-05-26 00:00:00+00:00,1,27.74652777777778
1748304000000,16,2.744514379889062,0.22835095760241164,85.56665520489143,2.1529317208852867,10.0,0.625,3.730485478228687,6.0,0.375,,,0.0,,,0.0,,,0.0,2.2279648500145517,-0.07503312912926496,10.0,10.0,3475.9,1004.5,1.3860789505087552,0.8,0.00021344523438232666,4.947319565290358e+23,382.83784630681214,0,2025-05-27 00:00:00+00:00,1,27.788194444444443
1748307600000,6,0.848344512062193,0.026702301498515837,10.437626639483671,1.3141858650088132,3.0,0.5,0.46269186209815183,2.0,0.3333333333333333,0.22212575315041452,1.0,0.16666666666666666,,,0.0,,,0.0,1.4134842202519884,-0.09929835524317517,3.0,3.0,1787.0,1190.0,1.112118972839278,0.6666666666666666,0.00016212337822989857,4.8319803797689414e+23,163.7174799713785,1,2025-05-27 00:00:00+00:00,1,27.82986111111111
1748311200000,7,6.946430658086173,0.23916303507122655,70.364579569975,11.313936669880585,4.0,0.5714285714285714,1.1230893090269585,3.0,0.42857142857142855,,,0.0,,,0.0,,,0.0,3.70390478359519,7.610031886285395,4.0,4.0,1141.0,1126.5,1.0481408483088355,0.5,0.0002831419180580879,3.984737765525086e+23,683.3671472811487,2,2025-05-27 00:00:00+00:00,1,27.87152777777778
1748314800000,33,2.991217673654325,0.41321124039437696,152.49190574775977,2.692844937926687,18.0,0.5454545454545454,3.425581619896133,13.0,0.3939393939393939,2.853206644631311,2.0,0.06060606060606061,,,0.0,,,0.0,3.130945719043978,-0.438100781117291,18.0,18.0,1087.7222222222222,1153.0,1.0017099407649674,0.7222222222222222,0.0003749037619548391,3.485735121952579e+23,869.355494505335,3,2025-05-27 00:00:00+00:00,1,27.913194444444443
1748318400000,10,3.5290457122807646,0.12439960062643038,43.451851124150124,3.9145790073649,6.0,0.6,2.950745769654561,4.0,0.4,,,0.0,,,0.0,,,0.0,2.0197237347602477,1.8948552726046526,6.0,6.0,975.0,1074.5,0.9623435148787199,1.0,0.00037279243394044824,3.405471148820391e+23,514.0080673873167,4,2025-05-27 00:00:00+00:00,1,27.95486111111111
1748322000000,32,3.066764068458843,0.4673710578826496,178.7054961706425,2.376229506872637,19.0,0.59375,3.970828189378794,10.0,0.3125,4.426602555438312,3.0,0.09375,,,0.0,,,0.0,3.256643403938151,-0.8804138970655135,19.0,19.0,1542.0,1237.0,1.1783618522988215,0.7894736842105263,0.0004829888345529011,3.484597163099136e+23,1122.7896273634412,5,2025-05-27 00:00:00+00:00,1,27.99652777777778
1748325600000,24,2.7160224811510507,0.2662343525697788,102.01270135017047,2.68562545833276,13.0,0.5416666666666666,2.985315973353408,8.0,0.3333333333333333,2.1296269341573613,3.0,0.125,,,0.0,,,0.0,2.30599284122986,0.3796326171029001,13.0,13.0,1777.2307692307693,1116.0,1.251808310664864,0.6153846153846154,0.00035580046792408455,3.521066709875252e+23,485.90857685154833,6,2025-05-27 00:00:00+00:00,1,28.038194444444443
1748329200000,28,2.128955055665815,0.2424253101203196,92.72067268884966,2.670292958381775,16.0,0.5714285714285714,1.3175954594550006,10.0,0.35714285714285715,1.8550498149922041,2.0,0.07142857142857142,,,0.0,,,0.0,2.9041740107010403,-0.2338810523192653,16.0,16.0,1369.375,1059.0,1.1258799689711858,0.8125,0.00036153675535567675,3.440828109267872e+23,557.993860758275,7,2025-05-27 00:00:00+00:00,1,28.07986111111111
1748332800000,38,2.893338052612164,0.5115128090733428,192.6353853832251,2.057065354273046,20.0,0.5263157894736842,3.887417398958739,16.0,0.42105263157894735,3.3034302652307437,2.0,0.05263157894736842,,,0.0,,,0.0,1.952804469819069,0.10426088445397727,20.0,20.0,1268.1,1057.5,1.0662017408659108,0.65,0.0004679272407454927,3.1729641905056806e+23,1551.624033464749,8,2025-05-27 00:00:00+00:00,1,28.12152777777778
1748336400000,21,3.9977517863104763,0.3875157631175098,135.41678245041172,3.2249049990396603,15.0,0.7142857142857143,11.771257558986987,3.0,0.14285714285714285,0.08847994998804753,3.0,0.14285714285714285,,,0.0,,,0.0,2.5773310730430907,0.6475739259965696,15.0,15.0,2245.733333333333,1691.0,1.3488873615373558,0.4666666666666667,0.0004259869453865596,3.187498549968312e+23,538.1086991700922,9,2025-05-27 00:00:00+00:00,1,28.163194444444443
1748340000000,25,2.492236589207408,0.2705138888389347,104.41331451012435,2.697058628780421,14.0,0.56,2.4788062238156483,9.0,0.36,1.1189189564592357,2.0,0.08,,,0.0,,,0.0,3.072422165722714,-0.3753635369422938,14.0,14.0,1673.2142857142858,1378.5,1.233353132067179,0.5714285714285714,0.00033186320266426466,3.2632914732225486e+23,569.7335697916368,10,2025-05-27 00:00:00+00:00,1,28.20486111111111
1748343600000,26,1.9462765188112667,0.2090027290493819,81.10065462541246,2.0496645848469934,17.0,0.6538461538461539,1.7509879496326721,9.0,0.34615384615384615,,,0.0,,,0.0,,,0.0,5.902977248452197,-3.853312663605204,17.0,17.0,1746.235294117647,1443.0,1.2688022902754854,0.5294117647058824,0.0002566520681275608,3.2651737464841674e+23,384.7006718026531,11,2025-05-27 00:00:00+00:00,1,28.24652777777778
1748347200000,24,1.9438863877204111,0.21678857379165314,83.68972663732313,2.1331504656631872,15.0,0.625,1.628446257815784,9.0,0.375,,,0.0,,,0.0,,,0.0,1.5526884587843344,0.5804620068788532,15.0,15.0,3233.0666666666666,1658.0,1.609726195862249,0.3333333333333333,0.00024782997081814384,3.246121385424699e+23,356.8322670891588,12,2025-05-27 00:00:00+00:00,1,28.288194444444443
1748350800000,20,1.6101265548264738,0.1348456017664108,52.896422761384486,1.4643657685515747,13.0,0.65,1.880825157908429,7.0,0.35,,,0.0,,,0.0,,,0.0,2.3314274884161295,-0.8670617198645549,13.0,13.0,2749.153846153846,1611.0,1.4911814494888203,0.38461538461538464,0.0002276222723473151,3.256014891662403e+23,351.7348125569526,13,2025-05-27 00:00:00+00:00,1,28.32986111111111
1748354400000,12,6.441927178350961,0.38732607932546964,96.72690952628572,2.4012656459476918,7.0,0.5833333333333334,12.09885332371554,5.0,0.4166666666666667,,,0.0,,,0.0,,,0.0,6.053471165124627,-3.652205519176935,7.0,7.0,935.4285714285714,994.0,0.911981898234551,0.8571428571428571,0.0003130843266185776,3.476002116203805e+23,523.6056944191629,14,2025-05-27 00:00:00+00:00,1,28.37152777777778
1748358000000,32,3.325882317325953,0.496596988611062,185.6453731741202,2.551407428766753,18.0,0.5625,4.603296622134644,13.0,0.40625,0.6600443488785851,1.0,0.03125,,,0.0,,,0.0,6.042556218190655,-3.4911487894239017,18.0,18.0,1753.2777777777778,1601.0,1.2545673058611686,0.4444444444444444,0.00031601025628121276,3.616129752891873e+23,478.339164000564,15,2025-05-27 00:00:00+00:00,1,28.413194444444443
1748361600000,32,1.7232477708199267,0.28446873333232653,112.06741726724388,1.8457136694507283,24.0,0.75,1.3558500749275222,8.0,0.25,,,0.0,,,0.0,,,0.0,2.1925758534164816,-0.34686218396575336,24.0,24.0,1819.7083333333333,1129.0,1.2397345926221153,0.6666666666666666,0.0003038005959429123,3.984470040475075e+23,645.3056739621962,16,2025-05-27 00:00:00+00:00,1,28.45486111111111
1748365200000,18,2.019549084181125,0.2144342983730528,83.56303860214308,2.151755028935663,14.0,0.7777777777777778,1.5568282775402449,4.0,0.2222222222222222,,,0.0,,,0.0,,,0.0,2.805232416133434,-0.6534773871977714,14.0,14.0,1167.4285714285713,950.0,1.0375288001760483,0.7142857142857143,0.0001698754550198409,4.6768499503914634e+23,302.1737565473953,17,2025-05-27 00:00:00+00:00,1,28.49652777777778
1748368800000,11,2.655048808217937,0.14257963050030403,54.06610326142281,2.211975395024179,5.0,0.45454545454545453,3.4648834463481206,5.0,0.45454545454545453,0.821242683535805,1.0,0.09090909090909091,,,0.0,,,0.0,2.0650140628287956,0.14696133219538332,5.0,5.0,1223.2,1354.0,1.0915750022183843,0.8,0.00016868370374675492,4.606091607196741e+23,299.81773923715645,18,2025-05-27 00:00:00+00:00,1,28.538194444444443
1748372400000,12,1.3090041763926654,0.09546237173542813,38.66245782140537,1.6716163600578935,9.0,0.75,0.22116762539698173,3.0,0.25,,,0.0,,,0.0,,,0.0,1.7038674386466108,-0.03225107858871744,9.0,9.0,2967.8888888888887,945.0,1.375700072072356,0.5555555555555556,0.0001241935459875398,4.5064163591558054e+23,157.30945378831314,19,2025-05-27 00:00:00+00:00,1,28.57986111111111
1748376000000,6,1.8827933074677887,0.045822616835485,17.61522709702772,1.7130616457139642,4.0,0.6666666666666666,2.2222566309754384,2.0,0.3333333333333333,,,0.0,,,0.0,,,0.0,1.7854871538422685,-0.07242550812830428,4.0,4.0,825.5,797.0,0.896615739474097,1.0,0.00012122031506889425,4.474650796028841e+23,122.68098854138826,20,2025-05-27 00:00:00+00:00,1,28.62152777777778
1748379600000,15,2.9406650921867334,0.20245283738368702,72.62236275207837,1.4712983367711345,7.0,0.4666666666666667,4.226361003175382,8.0,0.5333333333333333,,,0.0,,,0.0,,,0.0,2.278397054542681,-0.8070987177715467,7.0,7.0,4474.0,4083.0,1.9129550766181107,0.42857142857142855,0.00020464891699491645,4.3218494323416294e+23,359.3360480862132,21,2025-05-27 00:00:00+00:00,1,28.663194444444443
1748383200000,6,0.9335316147527948,0.03328895784144818,13.235806776236299,0.7308998055338906,5.0,0.8333333333333334,1.9466906608473162,1.0,0.16666666666666666,,,0.0,,,0.0,,,0.0,0.7895932098395336,-0.058693404305643106,5.0,5.0,1474.2,1486.0,1.2028138989957537,0.6,0.00016241854292143223,4.3392948886635696e+23,99.02764677411831,22,2025-05-27 00:00:00+00:00,1,28.70486111111111
1748386800000,7,1.1915832072873955,0.05359258238644756,21.09950138531261,2.191473669658794,3.0,0.42857142857142855,0.44166536050884664,4.0,0.5714285714285714,,,0.0,,,0.0,,,0.0,3.6972965439121386,-1.5058228742533448,3.0,3.0,1328.3333333333333,1360.0,1.1521595099229545,1.0,0.00011120026436145867,4.33378505119417e+23,63.72725559432472,23,2025-05-27 00:00:00+00:00,1,28.74652777777778
1748390400000,35,2.285854386925941,0.3614449993340554,137.41583333154549,2.4321660607215994,22.0,0.6285714285714286,2.038250015887136,13.0,0.37142857142857144,,,0.0,,,0.0,,,0.0,2.500358065380526,-0.06819200465892701,22.0,22.0,1728.590909090909,1140.5,1.1796027248988972,0.6818181818181818,0.0002708931259608399,3.803089516408748e+23,579.0987725321008,0,2025-05-28 00:00:00+00:00,1,28.788194444444443
1748394000000,25,1.5865763514675273,0.15180009120318166,59.35934592151397,1.3804561979111973,16.0,0.64,1.953012180012114,9.0,0.36,,,0.0,,,0.0,,,0.0,2.4094055874049554,-1.028949389493758,16.0,16.0,2590.5,1229.5,1.4203128448991524,0.6875,0.0003186927153634566,3.2144494907423616e+23,329.05906039189585,1,2025-05-28 00:00:00+00:00,1,28.82986111111111
1748397600000,22,2.171142864894435,0.2627914639153837,107.354006147785,2.4601549178253252,13.0,0.5909090909090909,1.864189828801026,7.0,0.3181818181818182,1.3669001471705795,2.0,0.09090909090909091,,,0.0,,,0.0,5.156897016894254,-2.696742099068928,13.0,13.0,1099.5384615384614,967.0,0.924041265468066,0.6923076923076923,0.00024708110520215695,3.71052383642184e+23,392.09408677795483,2,2025-05-28 00:00:00+00:00,1,28.87152777777778
1748401200000,11,1.586808675416588,0.08685825744130757,33.85897788429942,0.9231461559564617,7.0,0.6363636363636364,2.748218084471809,4.0,0.36363636363636365,,,0.0,,,0.0,,,0.0,1.1536598587689242,-0.23051370281246264,7.0,7.0,1732.2857142857142,1242.0,1.1869205828715592,0.5714285714285714,0.00017793124057504964,4.08569733931135e+23,203.39155553506325,3,2025-05-28 00:00:00+00:00,1,28.913194444444443
1748404800000,12,1.4010896080830537,0.08808495320235338,34.37699472983033,1.0913088054145106,6.0,0.5,2.0383099627409242,5.0,0.4166666666666667,0.07367265080495625,1.0,0.08333333333333333,,,0.0,,,0.0,1.1033734548643532,-0.012064649449842571,6.0,6.0,10497.833333333334,1558.0,2.3108444456128505,0.5,0.00017058231833444213,3.8766061123888146e+23,149.1229214074157,4,2025-05-28 00:00:00+00:00,1,28.95486111111111
1748408400000,11,2.0318539799430098,0.0714487852016743,27.31461012693259,2.468086069200222,6.0,0.5454545454545454,1.5083754728343552,5.0,0.45454545454545453,,,0.0,,,0.0,,,0.0,2.189875752126613,0.27821031707360905,6.0,6.0,2201.5,2050.0,1.4416908922576879,0.5,0.00013584453440429047,3.47843704314132e+23,178.52241926067555,5,2025-05-28 00:00:00+00:00,1,28.99652777777778
1748412000000,17,1.5813918808086185,0.11452901790227828,44.11469550340082,2.3827522684676192,8.0,0.47058823529411764,0.9480550180664343,8.0,0.47058823529411764,0.2372036814740847,1.0,0.058823529411764705,,,0.0,,,0.0,1.6233488183216511,0.759403450145968,8.0,8.0,1873.125,1138.0,1.2105105626873547,0.875,0.00018365780650421708,3.974537175362479e+23,338.96796534078527,6,2025-05-28 00:00:00+00:00,1,29.038194444444443
1748415600000,18,1.4800482331829632,0.13292238512727625,52.06295705228354,1.698116882456894,11.0,0.6111111111111112,0.5704642820262501,5.0,0.2777777777777778,2.5546305400681253,2.0,0.1111111111111111,,,0.0,,,0.0,1.4988482428931489,0.19926863956374533,11.0,11.0,2622.6363636363635,1586.0,1.366894144951074,0.45454545454545453,0.00025660975376544105,4.283648939768026e+23,520.1877820801202,7,2025-05-28 00:00:00+00:00,1,29.07986111111111
1748419200000,11,2.3256619489388575,0.12368210766391287,47.74138011944298,1.1973665583545285,4.0,0.36363636363636365,2.919848478181926,6.0,0.5454545454545454,3.273724335817762,1.0,0.09090909090909091,,,0.0,,,0.0,1.1973665583545285,0.0,4.0,4.0,3021.25,2277.0,1.6479647945167342,0.25,0.00024223653673624473,5.050898984241781e+23,473.38730505348184,8,2025-05-28 00:00:00+00:00,1,29.12152777777778
1748422800000,4,2.3835643425612836,0.07829172872923744,30.89155865364483,2.5357828949385204,1.0,0.25,2.3328248251022043,3.0,0.75,,,0.0,,,0.0,,,0.0,2.5357828949385204,0.0,1.0,1.0,815.0,815.0,0.9027735042633894,1.0,0.00011002669074235969,6.0253193868314354e+23,122.95013153219215,9,2025-05-28 00:00:00+00:00,1,29.163194444444443
1748426400000,1,0.05386122493069526,0.0016810900458037914,0.6774296454059763,0.05386122493069526,1.0,1.0,,,0.0,,,0.0,,,0.0,,,0.0,1.0808680598278992,-1.027006834897204,1.0,1.0,974.0,974.0,0.9869143833180262,1.0,0.00011722543832911953,6.088561562354772e+23,44.115969708093346,10,2025-05-28 00:00:00+00:00,1,29.20486111111111
1748430000000,4,1.5817268574342065,0.07040565849269731,28.654058656536737,1.597167077775929,2.0,0.5,1.566286637092484,2.0,0.5,,,0.0,,,0.0,,,0.0,1.5244473056869263,0.07271977208900271,2.0,2.0,3930.0,3930.0,1.8270857730694439,0.5,0.00010662134280154096,5.9565835502496315e+23,171.6268636004837,11,2025-05-28 00:00:00+00:00,1,29.24652777777778
1748433600000,15,3.705904206573595,0.41206717305608714,152.81123586894344,3.8832194801954167,6.0,0.4,3.668943148964747,7.0,0.4666666666666667,3.3033220873390996,2.0,0.13333333333333333,,,0.0,,,0.0,2.8971177345084986,0.9861017456869181,6.0,6.0,2435.1666666666665,1651.5,1.439968629177821,0.3333333333333333,0.00039368561807531755,6.846687973649633e+23,1438.1962620462798,12,2025-05-28 00:00:00+00:00,1,29.288194444444443
1748437200000,3,2.1581670094119443,0.06087229380700941,23.65099113341768,2.1581670094119443,3.0,1.0,,,0.0,,,0.0,,,0.0,,,0.0,1.5305296060480693,0.6276374033638751,3.0,3.0,9403.0,1565.0,2.2469157095923706,0.3333333333333333,0.00021092772903314887,9.149044967558983e+23,593.6338498657283,13,2025-05-28 00:00:00+00:00,1,29.32986111111111
1748440800000,5,3.27606766665025,0.10356958991827002,39.52170688469456,3.864680425395953,3.0,0.6,2.393148528531696,2.0,0.4,,,0.0,,,0.0,,,0.0,4.110295355392704,-0.24561492999675139,3.0,3.0,2522.0,1140.0,1.4423384071129408,0.6666666666666666,0.00021914154312431953,4.501429352225257e+23,432.69699378996984,14,2025-05-28 00:00:00+00:00,1,29.37152777777778
1748444400000,17,3.335197122880161,0.212341259532655,79.36179203031173,3.1777920523351706,12.0,0.7058823529411765,3.712969292188139,5.0,0.29411764705882354,,,0.0,,,0.0,,,0.0,5.078384015117994,-1.9005919627828236,12.0,12.0,1823.4166666666667,1047.0,1.1787385724368262,0.75,0.0003264711072225271,3.9558938737140995e+23,698.9258758344862,15,2025-05-28 00:00:00+00:00,1,29.413194444444443
1748448000000,4,2.8347543779067226,0.05007830302239173,19.498048028091134,3.6526948926052456,2.0,0.5,2.267099493922808,1.0,0.25,1.7665282324935911,1.0,0.25,,,0.0,,,0.0,1.884538489281295,1.7681564033239505,2.0,2.0,1918.5,1918.5,1.3828026706359022,0.0,0.00014801393219782052,4.098244311541307e+23,197.95175857131653,16,2025-05-28 00:00:00+00:00,1,29.45486111111111
1748451600000,8,3.294044231654269,0.12128260169529914,45.25750035983011,3.9572931645641165,6.0,0.75,1.3042974329247277,2.0,0.25,,,0.0,,,0.0,,,0.0,1.924208551521444,2.033084613042672,6.0,6.0,1347.3333333333333,1193.5,1.1327529090088124,0.8333333333333334,0.00016873194594854533,4.095954683732824e+23,124.35055879818044,17,2025-05-28 00:00:00+00:00,1,29.49652777777778
1748455200000,7,1.9977639248323134,0.08155051807737888,30.953151323246736,1.5918390498676154,3.0,0.42857142857142855,2.3022075810558364,4.0,0.5714285714285714,,,0.0,,,0.0,,,0.0,0.6068095124462043,0.9850295374214113,3.0,3.0,4355.0,2907.0,1.8814785364832671,0.3333333333333333,0.0001913919057728042,4.177684409439825e+23,163.1439110270286,18,2025-05-28 00:00:00+00:00,1,29.538194444444443
1748458800000,2,1.5029347538392464,0.01988075415539069,8.169939195667904,,,0.0,1.5029347538392464,2.0,1.0,,,0.0,,,0.0,,,0.0,,,,,,,,,0.0001558339084199491,3.786249766007801e+23,190.2098748760087,19,2025-05-28 00:00:00+00:00,1,29.57986111111111
1748462400000,7,0.6153179456446757,0.02059006047221435,8.181663729729042,0.7205715437540666,5.0,0.7142857142857143,0.3521839503711982,2.0,0.2857142857142857,,,0.0,,,0.0,,,0.0,0.4877907523174402,0.23278079143662644,5.0,5.0,2156.8,1356.0,1.358402074142122,0.6,0.0001234672304656706,3.436683461051725e+23,99.77998531220865,20,2025-05-28 00:00:00+00:00,1,29.62152777777778
1748466000000,10,1.7595374519020706,0.07461489737119865,29.020510528838813,2.20884158362935,5.0,0.5,1.3102333201747913,5.0,0.5,,,0.0,,,0.0,,,0.0,2.1217000963515082,0.08714148727784199,5.0,5.0,7201.6,9780.0,2.438866557445872,0.4,0.00011468928203138991,3.5159834960747515e+23,175.66070687272912,21,2025-05-28 00:00:00+00:00,1,29.663194444444443
1748469600000,3,0.5680319606706631,0.0068431478902439375,2.7099287835449717,0.41778276341166654,2.0,0.6666666666666666,0.8685303551886564,1.0,0.3333333333333333,,,0.0,,,0.0,,,0.0,0.711773075803301,-0.2939903123916343,2.0,2.0,2102.0,2102.0,1.3522788257332923,0.5,7.503604769830328e-05,4.0750658299902095e+23,31.051365108973965,22,2025-05-28 00:00:00+00:00,1,29.70486111111111
1748473200000,14,1.3450186005382514,0.10678921889500416,41.5985452029759,1.4032595299394188,9.0,0.6428571428571429,0.6246911984662572,3.0,0.21428571428571427,2.1634255213409888,2.0,0.14285714285714285,,,0.0,,,0.0,1.4554082269234192,-0.0521486969840002,9.0,9.0,4227.777777777777,2705.0,1.8589279241710441,0.3333333333333333,0.00013741319348443745,4.368119714743778e+23,211.41644648591324,23,2025-05-28 00:00:00+00:00,1,29.74652777777778
1748476800000,12,3.5001610674528076,0.192090149897598,129.35871759074402,2.644265727014838,7.0,0.5833333333333334,4.698414544065964,5.0,0.4166666666666667,,,0.0,,,0.0,,,0.0,1.0258704287065683,1.6183952983082697,7.0,7.0,815.0,870.0,0.8743576829384588,1.0,0.00022362220089393734,4.4195149010547215e+23,454.8598256891556,0,2025-05-29 00:00:00+00:00,1,29.788194444444443
1748480400000,8,3.9262704987625066,0.14313521603727858,48.91884734306669,1.2510125617654295,4.0,0.5,6.601528435759584,4.0,0.5,,,0.0,,,0.0,,,0.0,1.2146759298964578,0.036336631868971736,4.0,4.0,1951.25,1384.0,1.3485017125565935,0.75,0.00023818045833803495,4.4257625843309904e+23,291.3998192595609,1,2025-05-29 00:00:00+00:00,1,29.82986111111111
1748484000000,13,2.464626233555474,0.16276482586736452,58.29198194563207,3.079912148520585,7.0,0.5384615384615384,2.070213292415434,5.0,0.38461538461538464,0.12968953449989887,1.0,0.07692307692307693,,,0.0,,,0.0,0.5476207392121445,2.53229140930844,7.0,7.0,4445.428571428572,1790.0,1.8170513346110468,0.42857142857142855,0.00018142584486850996,4.123626049207501e+23,461.625049462235,2,2025-05-29 00:00:00+00:00,1,29.87152777777778
1748487600000,3,1.152268597803285,0.027271030635683015,10.952836818132095,0.25943328255619796,1.0,0.3333333333333333,1.5986862554268284,2.0,0.6666666666666666,,,0.0,,,0.0,,,0.0,4.30955293767079,-4.050119655114592,1.0,1.0,907.0,907.0,0.9523654760647301,1.0,0.00018220789809997287,4.4171244338085e+23,249.25993607914918,3,2025-05-29 00:00:00+00:00,1,29.913194444444443
1748491200000,20,1.05295211456321,0.1359357098424087,53.34381750577336,1.5299516539348648,9.0,0.45,0.7046387746584499,6.0,0.3,0.6123289515799429,5.0,0.25,,,0.0,,,0.0,2.2504921792536696,-0.7205405253188049,9.0,9.0,2245.777777777778,792.0,1.330196643252795,0.6666666666666666,0.00015501571733667418,4.5959095128335223e+23,188.09421373092712,4,2025-05-29 00:00:00+00:00,1,29.95486111111111
1748494800000,1,1.2243068870982028,0.0062900599759491685,2.478431521812285,,,0.0,1.2243068870982028,1.0,1.0,,,0.0,,,0.0,,,0.0,,,,,,,,,3.5821690162792186e-05,4.5748800100591734e+23,11.147116040463324,5,2025-05-29 00:00:00+00:00,1,29.99652777777778
