hour_ms,n,overshoot_all,arb_loss_sum,arb_volume,cex,cex_n,share_cex,continuation,continuation_n,share_continuation,same_block,same_block_n,share_same_block,onchain,onchain_n,share_onchain,long,long_n,share_long,cex_jump,cex_move,cex_jump_n,cex_move_n,cex_tau_mean_ms,cex_tau_median_ms,cex_sqrt_tau_mean,cex_p_k1,sigma_ps,liq_mean,volume,hod,day,post,t_days
1743310800000,94,0.7669120459816179,52.4372070446244,430380.71420393017,0.835575413803414,30,0.3191489361702128,0.9811582824171048,31,0.32978723404255317,0.5091312515070863,31.0,0.32978723404255317,0.41174717825987,2.0,0.02127659574468085,,,0.0,0.2955152636305496,0.5400601501728645,30,30,1927.0333333333333,1856.5,1.3305403840782175,0.9666666666666667,5.28318951383368e-05,2.8488224301775375e+24,1751564.7246109925,5,2025-03-30 00:00:00+00:00,0,-30.00347222222222
1743314400000,85,0.9234433762371119,55.048593997502344,441359.026071194,0.8875533420738946,27,0.3176470588235294,1.151505469794755,37,0.43529411764705883,0.5897520926297224,19.0,0.2235294117647059,0.3588773008943455,2.0,0.023529411764705882,,,0.0,0.2546434081845887,0.6329099338893058,27,27,1548.6666666666667,1316.0,1.1372256939179721,1.0,6.109264045578972e-05,2.9224851504411684e+24,2312088.7084277985,6,2025-03-30 00:00:00+00:00,0,-29.961805555555557
1743318000000,49,0.8871635203121517,30.39051483310339,249699.91643103785,0.8648399986194905,9,0.1836734693877551,1.0661333104003698,24,0.4897959183673469,0.557113173865791,15.0,0.30612244897959184,1.7435554501242798,1.0,0.02040816326530612,,,0.0,0.26242395810247404,0.6024160405170164,9,9,1769.4444444444443,1640.0,1.2769069844630687,1.0,4.7679251848731637e-05,3.3279311728135625e+24,1940305.0376923773,7,2025-03-30 00:00:00+00:00,0,-29.92013888888889
1743321600000,44,0.8806381046543056,26.985518211973332,214711.55359611035,1.0013637621116462,17,0.38636363636363635,0.9826887200059015,19,0.4318181818181818,0.38172587109741674,8.0,0.18181818181818182,,,0.0,,,0.0,0.2554245277347367,0.7459392343769095,17,17,2299.5882352941176,2593.0,1.4910120411003496,0.8823529411764706,5.59432285830538e-05,3.0573032473730756e+24,1730192.4776160358,8,2025-03-30 00:00:00+00:00,0,-29.87847222222222
1743325200000,92,0.8898110928206155,60.725818822126016,523606.3154801737,0.8015948584361139,31,0.33695652173913043,1.0015395446656055,36,0.391304347826087,0.8383102528006122,25.0,0.2717391304347826,,,0.0,,,0.0,0.29767439411531516,0.5039204643207986,31,31,1587.741935483871,1192.0,1.167306704587269,0.8709677419354839,6.25244166011271e-05,3.098423118823775e+24,2261471.0187084056,9,2025-03-30 00:00:00+00:00,0,-29.836805555555557
1743328800000,108,0.8860204075306313,65.98106617746903,621677.2245251355,0.7553688501453779,48,0.4444444444444444,1.1651802064359114,39,0.3611111111111111,0.6662129121585474,21.0,0.19444444444444445,,,0.0,,,0.0,0.3223934164417981,0.43297543370357977,48,48,1449.4791666666667,1201.0,1.1316201477104688,0.9583333333333334,7.109321437298679e-05,2.916908870952028e+24,2439471.2824215624,10,2025-03-30 00:00:00+00:00,0,-29.79513888888889
1743332400000,84,1.0035627899840978,59.66253972911707,463470.09043759096,1.226559765535906,31,0.36904761904761907,1.1151220658272019,28,0.3333333333333333,0.6021001513555788,25.0,0.2976190476190476,,,0.0,,,0.0,0.2729885420597984,0.9535712234761075,31,31,1841.7096774193549,1792.0,1.3027596901999783,0.967741935483871,7.294733537649484e-05,2.832094624273159e+24,2348771.4593591997,11,2025-03-30 00:00:00+00:00,0,-29.75347222222222
1743336000000,86,1.087666632891159,61.04519671364887,386617.7226397568,1.0716400265395492,22,0.2558139534883721,1.3572917120344647,38,0.4418604651162791,0.6343034064368211,25.0,0.29069767441860467,2.5285796265394076,1.0,0.011627906976744186,,,0.0,0.20791623455715225,0.8637237919823968,22,22,1648.909090909091,1845.0,1.2285492062307404,1.0,5.4655971920569855e-05,2.709493115410931e+24,2698242.8537306627,12,2025-03-30 00:00:00+00:00,0,-29.711805555555557
1743339600000,132,0.9536292628634756,84.43623399479561,609970.3845870438,0.7074045321249584,41,0.3106060606060606,1.4402017897918533,49,0.3712121212121212,0.6019843602937678,40.0,0.30303030303030304,1.11310738465198,2.0,0.015151515151515152,,,0.0,0.3151747521966412,0.3922297799283171,41,41,1685.219512195122,1860.0,1.2206773284400105,0.975609756097561,8.397903344979142e-05,2.6786940246737173e+24,2772773.3199121775,13,2025-03-30 00:00:00+00:00,0,-29.67013888888889
1743343200000,142,0.947516773703289,88.06823936448244,691788.2401853364,0.9190811617930429,44,0.30985915492957744,1.3183659709778934,48,0.3380281690140845,0.6165248828006851,50.0,0.352112676056338,,,0.0,,,0.0,0.2557843920085742,0.6632967697844685,44,44,1964.0454545454545,1929.0,1.3633487415948862,0.9545454545454546,7.602585959310711e-05,2.626305284750128e+24,3357016.407669919,14,2025-03-30 00:00:00+00:00,0,-29.62847222222222
1743346800000,105,0.9242533807344309,60.153227081290275,487644.5149084625,0.9000516259731758,30,0.2857142857142857,1.0277853955479042,48,0.45714285714285713,0.7438355266578938,26.0,0.24761904761904763,1.371633518515326,1.0,0.009523809523809525,,,0.0,0.3094500135333679,0.590601612439808,30,30,1794.0333333333333,2005.0,1.310264126347911,1.0,6.44616367396917e-05,2.662838077718224e+24,2916689.756853266,15,2025-03-30 00:00:00+00:00,0,-29.586805555555557
1743350400000,109,0.9372824376350535,61.968323293070604,470642.78414856276,1.033429371695478,43,0.3944954128440367,1.159025037341382,32,0.29357798165137616,0.5837439065627748,32.0,0.29357798165137616,0.9788582571911295,2.0,0.01834862385321101,,,0.0,0.24859406957368738,0.7848353021217906,43,43,1825.3720930232557,1894.0,1.2929013851069941,0.8604651162790697,6.85297376524351e-05,2.503848603577205e+24,2209773.4118730687,16,2025-03-30 00:00:00+00:00,0,-29.54513888888889
1743354000000,124,0.9312247217553151,64.48192878437058,493329.8551692043,0.9435520857808388,53,0.4274193548387097,1.1304763449589028,42,0.3387096774193548,0.5909202329663682,27.0,0.21774193548387097,1.0143760864543836,2.0,0.016129032258064516,,,0.0,0.29301889677671056,0.6505331890041282,53,53,1698.4150943396226,1792.0,1.2527103799118606,0.9811320754716981,7.979750624772691e-05,2.4097656755881166e+24,2087942.4942879009,17,2025-03-30 00:00:00+00:00,0,-29.50347222222222
1743357600000,132,1.0065515648481071,93.86271853924215,680726.5401236165,1.1276363741337851,64,0.48484848484848486,1.1197579425680528,38,0.2878787878787879,0.4925039636465503,27.0,0.20454545454545456,1.6158899264483448,3.0,0.022727272727272728,,,0.0,0.45095230139309983,0.6766840727406853,64,64,1948.71875,2004.0,1.335885056690613,0.9375,6.86350853564293e-05,2.649640199271297e+24,3597079.697245664,18,2025-03-30 00:00:00+00:00,0,-29.461805555555557
1743361200000,77,0.9446387180210567,47.93660444825049,361667.9083209784,0.8389770681989263,28,0.36363636363636365,1.1662248332151464,29,0.37662337662337664,0.7118098413206416,19.0,0.24675324675324675,1.9009162297199964,1.0,0.012987012987012988,,,0.0,0.29507027012111725,0.543906798077809,28,28,2569.75,2159.0,1.4871363685602663,0.8571428571428571,5.88394833533408e-05,2.709592625736087e+24,1403255.3901368082,19,2025-03-30 00:00:00+00:00,0,-29.42013888888889
1743364800000,59,1.2538142429496266,58.75370940677209,296047.51839561574,1.1640192526848152,23,0.3898305084745763,1.7931762818553691,19,0.3220338983050847,0.7171774105928517,14.0,0.23728813559322035,1.030588139575092,3.0,0.05084745762711865,,,0.0,0.2274692387766968,0.9365500139081184,23,23,3185.0434782608695,2612.0,1.673927881682368,0.6086956521739131,6.288721428834637e-05,2.626741667255183e+24,1214273.744764071,20,2025-03-30 00:00:00+00:00,0,-29.37847222222222
1743368400000,53,0.9398415682452012,31.241117831667413,256416.4166563575,1.1473392705438963,21,0.39622641509433965,0.7150823978761184,24,0.4528301886792453,0.4134139760764163,5.0,0.09433962264150944,2.1628103353883072,3.0,0.05660377358490566,,,0.0,0.2676067379654062,0.87973253257849,21,21,1790.7619047619048,1793.0,1.2634617665986576,1.0,5.556118568208155e-05,2.456421223530025e+24,1228516.08903695,21,2025-03-30 00:00:00+00:00,0,-29.336805555555557
1743372000000,201,1.15511110252991,148.6562285067822,1039781.254484912,1.1644479767493938,104,0.5174129353233831,1.6798577696824457,43,0.21393034825870647,0.6341834775120445,49.0,0.24378109452736318,1.5531735064279193,5.0,0.024875621890547265,,,0.0,0.29192157312369515,0.8725264036256987,104,104,1801.875,1860.5,1.2618183374846648,0.9423076923076923,0.00014287660987857378,2.3404433520948472e+24,3749140.205852876,22,2025-03-30 00:00:00+00:00,0,-29.29513888888889
1743375600000,208,1.0127927898923048,130.53464419741638,969369.8529316394,1.14316218208593,101,0.4855769230769231,1.2341518577547301,56,0.2692307692307692,0.5022755354144004,47.0,0.22596153846153846,0.6205164270446937,4.0,0.019230769230769232,,,0.0,0.2711608621513596,0.8720013199345702,101,101,1997.6831683168316,1956.0,1.342357451984872,0.900990099009901,0.00010286016918933522,2.4415953857823245e+24,2854129.278566828,23,2025-03-30 00:00:00+00:00,0,-29.25347222222222
1743379200000,246,1.122488274998363,167.54667505675187,1344898.4006033116,1.085766714118326,129,0.524390243902439,1.4342744124562445,63,0.25609756097560976,0.7749163427936197,47.0,0.1910569105691057,1.3268362046128097,7.0,0.028455284552845527,,,0.0,0.3358480439911117,0.7499186701272145,129,129,1803.9457364341085,2002.0,1.2872348813861638,0.9844961240310077,0.00012935997467468952,2.3721508564095053e+24,4271404.6027115015,0,2025-03-31 00:00:00+00:00,0,-29.211805555555557
1743382800000,219,1.1230677378186862,164.17010789856496,1045000.3940474736,1.2169563257681195,93,0.4246575342465753,1.406283259320029,55,0.2511415525114155,0.7280751567562163,69.0,0.3150684931506849,2.596065603538312,2.0,0.0091324200913242,,,0.0,0.37986202049779266,0.8370943052703269,93,93,1937.4623655913979,1992.0,1.342922588588143,0.8924731182795699,0.00013769107393129672,2.532046652832633e+24,3915414.160803533,1,2025-03-31 00:00:00+00:00,0,-29.17013888888889
1743386400000,172,0.9855949316845048,117.92380356868021,882349.6616609999,1.062140439716705,74,0.43023255813953487,1.1934072654570558,52,0.3023255813953488,0.6409157105132058,45.0,0.2616279069767442,0.02555093383749347,1.0,0.005813953488372093,,,0.0,0.3039338935655042,0.7582065461512009,74,74,1702.9324324324325,1547.0,1.2508887255646872,0.9594594594594594,9.437414716476993e-05,2.8018727201923697e+24,3226914.870473645,2,2025-03-31 00:00:00+00:00,0,-29.12847222222222
1743390000000,147,0.9566005122384942,89.49097920413863,671614.3121802516,0.9917690198089406,56,0.38095238095238093,1.1372046553826671,46,0.3129251700680272,0.6887320693202797,43.0,0.2925170068027211,1.5771585306916256,2.0,0.013605442176870748,,,0.0,0.29968551355978873,0.6920835062491518,56,56,1930.1964285714287,2138.0,1.3560601967561179,0.9642857142857143,6.575166942761049e-05,2.7147419569648434e+24,2731089.576731311,3,2025-03-31 00:00:00+00:00,0,-29.086805555555557
1743393600000,154,0.8803502782753374,85.32529330248434,798872.3406374902,0.7731289883358602,88,0.5714285714285714,1.1434992213295456,42,0.2727272727272727,0.8129843577085561,24.0,0.15584415584415584,,,0.0,,,0.0,0.296321966952164,0.4768070213836962,88,88,1890.6704545454545,1851.0,1.3219033209852213,0.9431818181818182,7.336100398866773e-05,2.7361959831850856e+24,2894608.604415737,4,2025-03-31 00:00:00+00:00,0,-29.04513888888889
1743397200000,121,0.8288319509113019,68.67730386202831,634705.3335129155,0.9418207131846016,56,0.4628099173553719,0.9070380598417958,37,0.30578512396694213,0.48500258272019997,24.0,0.19834710743801653,0.5865589806246527,4.0,0.03305785123966942,,,0.0,0.3198938018016018,0.6219269113829996,56,56,1898.625,1659.0,1.29483757269942,0.8928571428571429,6.885766983451822e-05,2.882816104749227e+24,2108359.052348802,5,2025-03-31 00:00:00+00:00,0,-29.00347222222222
1743400800000,98,0.8922957363369094,52.489138885865,488971.06102026755,0.8903775194278881,42,0.42857142857142855,1.0092124997253464,33,0.336734693877551,0.7568312654939947,22.0,0.22448979591836735,0.09482601324151214,1.0,0.01020408163265306,,,0.0,0.3157512215373175,0.5746262978905706,42,42,1859.6190476190477,1879.0,1.3071204965411236,0.9523809523809523,7.538011487660428e-05,2.7410715247829125e+24,2319958.155472235,6,2025-03-31 00:00:00+00:00,0,-28.961805555555557
1743404400000,145,0.755471262898495,67.15504898967195,612420.9897270784,0.8439356282403808,66,0.45517241379310347,0.8641991090564096,35,0.2413793103448276,0.5250421189584488,43.0,0.296551724137931,1.0198017242289978,1.0,0.006896551724137931,,,0.0,0.395672566995862,0.4482630612445188,66,66,1843.7575757575758,1874.5,1.288599635821897,0.9545454545454546,8.422084201345605e-05,2.643786508014352e+24,3286141.6992505696,7,2025-03-31 00:00:00+00:00,0,-28.92013888888889
1743408000000,175,0.9776961735873209,112.8537985546526,994120.1850479146,0.9317149634781648,102,0.5828571428571429,1.1771422672049443,43,0.24571428571428572,0.8674410231851536,28.0,0.16,0.5782189820057191,2.0,0.011428571428571429,,,0.0,0.3160863658018491,0.6156285976763157,102,102,1769.0,1794.0,1.2582660228010636,0.9607843137254902,0.00010360002725693251,2.608440115602685e+24,3833615.883549763,8,2025-03-31 00:00:00+00:00,0,-28.87847222222222
1743411600000,122,1.0777035046368413,85.64920383493059,651017.1935187675,1.0502353253300458,45,0.36885245901639346,1.6238538461532914,33,0.27049180327868855,0.582965353281245,39.0,0.319672131147541,1.5792824449630825,5.0,0.040983606557377046,,,0.0,0.42269060997551255,0.6275447153545333,45,45,1629.4222222222222,1781.0,1.209904803357246,1.0,0.00011132775070388064,2.3957355145875638e+24,3417563.5292444597,9,2025-03-31 00:00:00+00:00,0,-28.836805555555557
1743415200000,119,1.1936137873672132,103.67629399355567,756389.0015746292,0.9599477733891043,56,0.47058823529411764,2.021156417786189,37,0.31092436974789917,0.5192376126469056,26.0,0.2184873949579832,,,0.0,,,0.0,0.257408677810466,0.7025390955786383,56,56,1861.982142857143,1863.5,1.3164593639811453,0.9642857142857143,0.0001071104795003524,2.4713783394955486e+24,3965975.8767626914,10,2025-03-31 00:00:00+00:00,0,-28.79513888888889
1743418800000,127,1.445018106661298,527.5622012907091,859443.2434572642,0.974499509313435,61,0.48031496062992124,1.233033550272819,29,0.2283464566929134,2.556874363306519,33.0,0.25984251968503935,0.9845006327096071,4.0,0.031496062992125984,,,0.0,0.3540561106529227,0.6204433986605122,61,61,1877.1639344262296,1979.0,1.327678695054069,0.9672131147540983,9.945696934068302e-05,2.5950525579150204e+24,3500179.189707111,11,2025-03-31 00:00:00+00:00,0,-28.75347222222222
1743422400000,145,0.9963730198272658,97.9068285804142,738837.8729552998,1.1071599284296478,56,0.38620689655172413,1.2022648999861425,35,0.2413793103448276,0.7186954315004334,51.0,0.35172413793103446,1.2467977922853895,3.0,0.020689655172413793,,,0.0,0.4461463055285521,0.6610136229010958,56,56,2063.8214285714284,1998.5,1.3895324487498382,0.9285714285714286,9.011609281251538e-05,2.702126042212856e+24,3281094.4310218953,12,2025-03-31 00:00:00+00:00,0,-28.711805555555557
1743426000000,239,1.119822287347203,191.95011165445823,1321238.3479177163,1.1865556894543983,90,0.37656903765690375,1.524892439781843,55,0.2301255230125523,0.818919472734939,94.0,0.39330543933054396,,,0.0,,,0.0,0.4643414696286803,0.7222142198257182,90,90,1651.5666666666666,1749.0,1.2069452869552302,0.9555555555555556,0.0001461530146188651,2.727070360674966e+24,5893669.29720034,13,2025-03-31 00:00:00+00:00,0,-28.67013888888889
1743429600000,286,1.2621492724596808,338.44122768277174,1979726.3081717568,1.232412201521136,126,0.4405594405594406,1.7197136996956188,69,0.24125874125874125,0.9089571929136847,87.0,0.3041958041958042,1.9878083673293143,4.0,0.013986013986013986,,,0.0,0.49415848728339995,0.738253714237736,126,126,1793.7142857142858,1823.0,1.2959347703688977,0.9682539682539683,0.0001366908332364399,3.021281530760567e+24,7936278.632576393,14,2025-03-31 00:00:00+00:00,0,-28.62847222222222
1743433200000,224,0.9923602656410305,175.3087673035383,1414067.4251920434,0.9485389512518692,108,0.48214285714285715,1.1989306329310176,50,0.22321428571428573,0.8627699622247325,62.0,0.2767857142857143,1.6020558659761717,4.0,0.017857142857142856,,,0.0,0.35868171991888725,0.5898572313329817,108,108,1851.148148148148,1888.5,1.2960359066774445,0.9537037037037037,8.515108496883844e-05,3.0916705653998844e+24,6657532.613882784,15,2025-03-31 00:00:00+00:00,0,-28.586805555555557
1743436800000,130,1.0107986424894564,110.07186588586247,718560.6982663721,1.028430048280852,42,0.3230769230769231,1.3763893773555775,51,0.3923076923076923,0.4891945305580936,36.0,0.27692307692307694,0.40290015060773315,1.0,0.007692307692307693,,,0.0,0.48143780574684303,0.5469922425340089,42,42,2162.3333333333335,1996.5,1.4078551579696263,0.9047619047619048,7.644901715213237e-05,3.1308314369440233e+24,2922742.323933507,16,2025-03-31 00:00:00+00:00,0,-28.54513888888889
1743440400000,146,0.9612626516594899,117.17785400160083,914590.1799280739,1.1313132291312178,62,0.4246575342465753,0.9063683578080288,35,0.23972602739726026,0.7664303898686661,45.0,0.3082191780821918,0.9976667171947571,4.0,0.0273972602739726,,,0.0,0.40198960029516434,0.7293236288360534,62,62,1785.467741935484,1898.0,1.2782268625917808,0.9516129032258065,8.531987358705128e-05,3.2892281678662384e+24,3233817.3097891207,17,2025-03-31 00:00:00+00:00,0,-28.50347222222222
1743444000000,144,0.7654333797359247,87.94524645576362,761396.6456098809,0.9058376315846727,75,0.5208333333333334,0.9780615107520456,30,0.20833333333333334,0.30466745013724816,38.0,0.2638888888888889,1.3653758853459106,1.0,0.006944444444444444,,,0.0,0.34545554167682835,0.5603820899078442,75,75,2007.32,1924.0,1.3624199325067625,0.9466666666666667,6.371672599004248e-05,3.260299563986186e+24,2288618.0894205584,18,2025-03-31 00:00:00+00:00,0,-28.461805555555557
1743447600000,123,0.8178166885796821,78.14437956487285,642913.1169839296,0.9138243668246019,61,0.4959349593495935,1.0107188841087245,31,0.25203252032520324,0.42798212920218026,30.0,0.24390243902439024,0.6764170355643149,1.0,0.008130081300813009,,,0.0,0.3055445712293006,0.6082797955953012,61,61,1972.950819672131,1990.0,1.3359431807669926,0.9180327868852459,6.390174196688124e-05,3.283063954544969e+24,2453276.1244193637,19,2025-03-31 00:00:00+00:00,0,-28.42013888888889
1743451200000,98,0.709999146450382,58.290928801755804,622105.3071636426,0.6229459850475303,56,0.5714285714285714,0.9901694244079948,25,0.25510204081632654,0.4683411803465921,15.0,0.15306122448979592,1.4577939370384883,2.0,0.02040816326530612,,,0.0,0.2870876098272643,0.33585837522026596,56,56,1728.0714285714287,1628.0,1.2416784193058201,0.9464285714285714,6.249147881910651e-05,3.335116971683466e+24,2220762.877131064,20,2025-03-31 00:00:00+00:00,0,-28.37847222222222
1743454800000,41,0.8761117830555,27.89320201506493,213078.83629247785,0.8579916742499687,14,0.34146341463414637,0.9097853307163405,20,0.4878048780487805,0.8161418644927326,7.0,0.17073170731707318,,,0.0,,,0.0,0.15061088176184237,0.7073807924881262,14,14,2283.214285714286,2235.0,1.4606429882539396,0.8571428571428571,4.518405667010341e-05,3.321818895855238e+24,1015359.4798115349,21,2025-03-31 00:00:00+00:00,0,-28.336805555555557
1743458400000,56,0.7163958003524524,30.380218706357685,216537.42965514227,0.925179874985656,19,0.3392857142857143,0.5515263798343824,21,0.375,0.6848558261554902,16.0,0.2857142857142857,,,0.0,,,0.0,0.36821149575986517,0.5569683792257909,19,19,2360.7894736842104,2393.0,1.4932709322009263,0.7894736842105263,4.464167008718644e-05,3.1497773238986074e+24,1043577.9233989842,22,2025-03-31 00:00:00+00:00,0,-28.29513888888889
1743462000000,75,0.5765930625666632,32.912419366824494,370006.28002877906,0.6379445394843484,40,0.5333333333333333,0.8047600589679025,15,0.2,0.2827648614303632,20.0,0.26666666666666666,,,0.0,,,0.0,0.32399631038626614,0.3139482290980822,40,40,1631.5,1663.0,1.2246956585040505,0.95,4.6366347338339e-05,3.199896720513546e+24,1446539.5077126208,23,2025-03-31 00:00:00+00:00,0,-28.25347222222222
1743465600000,66,0.6648418570875182,37.19404159441623,331896.1124239727,0.887476149685969,28,0.42424242424242425,0.6720099380243547,16,0.24242424242424243,0.3552204588782167,21.0,0.3181818181818182,0.8184417317368418,1.0,0.015151515151515152,,,0.0,0.2808734199918982,0.6066027296940708,28,28,2170.8571428571427,1909.0,1.3584341447655999,0.8214285714285714,5.853881517596454e-05,3.3349221132245347e+24,1709766.8410526088,0,2025-04-01 00:00:00+00:00,0,-28.211805555555557
1743469200000,99,0.6365083157438177,54.676443677899826,566171.3050904756,0.72210443999845,52,0.5252525252525253,0.6989094679667339,21,0.21212121212121213,0.41167197639973097,25.0,0.25252525252525254,0.49599414142387305,1.0,0.010101010101010102,,,0.0,0.25541410004831744,0.46669033995013254,52,52,1490.4615384615386,1239.5,1.1373175224897223,0.9615384615384616,5.505218943909223e-05,3.3402193874474364e+24,1875851.7161461408,1,2025-04-01 00:00:00+00:00,0,-28.17013888888889
1743472800000,55,0.6441886135185804,28.56337729005461,242037.57449395332,0.8176450396749293,19,0.34545454545454546,0.7755739620908817,20,0.36363636363636365,0.24792281400143418,15.0,0.2727272727272727,0.6647965378591145,1.0,0.01818181818181818,,,0.0,0.3232077424449171,0.4944372972300122,19,19,2896.4210526315787,2732.0,1.614830340402909,0.7368421052631579,4.670729431117609e-05,3.673068922276094e+24,1364080.2973206965,2,2025-04-01 00:00:00+00:00,0,-28.12847222222222
1743476400000,33,0.616969856832462,15.124992197914853,147400.83003801404,0.5507200248291442,10,0.30303030303030304,0.7175461322307748,13,0.3939393939393939,0.5524705308179731,10.0,0.30303030303030304,,,0.0,,,0.0,0.2550220747437057,0.2956979500854384,10,10,1642.7,1425.5,1.2144032550166515,1.0,3.635854387081021e-05,3.387318003736388e+24,1039985.3213723211,3,2025-04-01 00:00:00+00:00,0,-28.086805555555557
1743480000000,43,0.6564577301016858,21.62575401174743,161899.98176536642,0.5543990386876483,8,0.18604651162790697,0.8121460402990562,20,0.46511627906976744,0.38959393609564913,12.0,0.27906976744186046,0.9581473485807965,3.0,0.06976744186046512,,,0.0,0.6777332775655407,-0.12333423887789241,8,8,2482.125,2612.0,1.5037181447694121,0.875,3.6928188634172575e-05,3.3367051721299866e+24,815930.6696298755,4,2025-04-01 00:00:00+00:00,0,-28.04513888888889
1743483600000,62,0.5818083192362378,25.736337197686833,211096.78996314184,0.5837183959054117,17,0.27419354838709675,0.872240913221603,23,0.3709677419354839,0.2766982753708123,22.0,0.3548387096774194,,,0.0,,,0.0,0.33279948146661703,0.2509189144387946,17,17,2119.176470588235,2192.0,1.4328623458884202,0.9411764705882353,3.191802303974922e-05,3.2832274546862063e+24,1030891.6910358767,5,2025-04-01 00:00:00+00:00,0,-28.00347222222222
1743487200000,67,0.8854829809163495,47.06440325858708,294310.02839582664,0.975300902328711,16,0.23880597014925373,1.1594828176646244,23,0.34328358208955223,0.5668630275137515,26.0,0.3880597014925373,1.1580008812460694,2.0,0.029850746268656716,,,0.0,0.2878513886464826,0.6874495136822284,16,16,1774.9375,1404.5,1.2625752561805865,0.8125,5.625217128388631e-05,3.2912193820177666e+24,1468482.618029743,6,2025-04-01 00:00:00+00:00,0,-27.961805555555557
1743490800000,87,0.8497461099377788,55.97698149895354,399204.5336225197,0.7546752516968134,20,0.22988505747126436,1.2545102640484622,31,0.3563218390804598,0.4995394511827837,35.0,0.40229885057471265,2.4607075537507193,1.0,0.011494252873563218,,,0.0,0.2873832851681421,0.4672919665286712,20,20,2423.8,2563.0,1.4887538562863445,0.85,5.566586868325479e-05,3.270672250464246e+24,1652994.5736967342,7,2025-04-01 00:00:00+00:00,0,-27.92013888888889
1743494400000,98,0.9881393313671591,101.61469376992561,576824.1237291617,0.9636180160390708,29,0.29591836734693877,1.389704090032154,34,0.3469387755102041,0.5916737097327276,33.0,0.336734693877551,1.0587802632876517,2.0,0.02040816326530612,,,0.0,0.4412248346890607,0.52239318135001,29,29,2261.2413793103447,2065.0,1.4653953992003586,0.8620689655172413,0.00012608778634383175,3.4580911515263284e+24,4077060.362540295,8,2025-04-01 00:00:00+00:00,0,-27.87847222222222
1743498000000,152,0.8673578926885204,110.84203123749003,769145.484329654,1.007804546050318,57,0.375,0.9587679093990839,42,0.27631578947368424,0.6094577891027972,50.0,0.32894736842105265,1.2174663046285275,3.0,0.019736842105263157,,,0.0,0.3647352510585696,0.6430692949917484,57,57,1904.9649122807018,1698.0,1.331131956106986,0.9473684210526315,9.326132306196913e-05,3.52243005422445e+24,3662323.074474782,9,2025-04-01 00:00:00+00:00,0,-27.836805555555557
1743501600000,116,0.7842926587804091,72.00050346119224,535768.2683716151,0.939206274985672,34,0.29310344827586204,1.1207492417202323,30,0.25862068965517243,0.47048288799278104,49.0,0.4224137931034483,0.7895987685871232,3.0,0.02586206896551724,,,0.0,0.4648163794185516,0.47438989556712036,34,34,1740.5294117647059,1642.5,1.2643783009827938,0.9705882352941176,8.509694639211072e-05,3.439014917055167e+24,3389770.690851304,10,2025-04-01 00:00:00+00:00,0,-27.79513888888889
1743505200000,169,0.9370670240952496,129.11778423656904,834183.2453313841,0.8626643784561226,62,0.3668639053254438,1.4560121104201724,42,0.2485207100591716,0.6617513635948601,62.0,0.3668639053254438,0.8993474757629988,3.0,0.01775147928994083,,,0.0,0.36675222375634114,0.49591215469978145,62,62,1867.3387096774193,1807.5,1.2829376634743093,0.9193548387096774,8.682955422062225e-05,3.5268311039447335e+24,4028497.4675815003,11,2025-04-01 00:00:00+00:00,0,-27.75347222222222
1743508800000,157,0.9839363738285263,137.74713234647282,887840.0219228865,1.0407215316013725,45,0.28662420382165604,1.1034373377685054,35,0.2229299363057325,0.8958376489201474,75.0,0.47770700636942676,0.9187056390540524,2.0,0.012738853503184714,,,0.0,0.4352511977230432,0.6054703338783292,45,45,1925.111111111111,2334.0,1.3322163066331163,1.0,0.00013138636589161995,3.401805117251696e+24,5173227.583153896,12,2025-04-01 00:00:00+00:00,0,-27.711805555555557
1743512400000,158,0.9141079239059352,146.05802082756597,807558.1283430025,0.8887280250822459,52,0.3291139240506329,1.4694287075564227,45,0.2848101265822785,0.4871030328353705,55.0,0.34810126582278483,0.883372671146096,6.0,0.0379746835443038,,,0.0,0.3714874996303971,0.5172405254518486,52,52,1893.6923076923076,1904.5,1.3093931313258729,0.9807692307692307,8.496637477179945e-05,3.5041961681158343e+24,7330295.878802819,13,2025-04-01 00:00:00+00:00,0,-27.67013888888889
1743516000000,166,1.0721051494137788,178.0540027223451,1222970.0015338513,0.9773565402708149,51,0.3072289156626506,1.4751854524309675,46,0.27710843373493976,0.7481182710991958,66.0,0.39759036144578314,3.6299781815014227,3.0,0.018072289156626505,,,0.0,0.335857490566569,0.6414990497042459,51,51,1579.4705882352941,1490.0,1.1798518827527058,0.9803921568627451,0.00010252341671214051,3.554077247718953e+24,7660063.795263533,14,2025-04-01 00:00:00+00:00,0,-27.62847222222222
1743519600000,79,1.0222862810457376,73.85362780521876,482606.6043831893,0.9827640341743095,24,0.3037974683544304,1.387608334733861,28,0.35443037974683544,0.6032158875547773,26.0,0.3291139240506329,2.6376329334575352,1.0,0.012658227848101266,,,0.0,0.44177831973878634,0.5409857144355231,24,24,1596.2916666666667,1446.5,1.1810852231239062,1.0,7.129015333596482e-05,3.447828459049571e+24,5817105.575461092,15,2025-04-01 00:00:00+00:00,0,-27.586805555555557
1743523200000,49,1.6605664007647458,96.36152282973062,423456.6232282867,1.0634797949077774,14,0.2857142857142857,1.5570964769764022,15,0.30612244897959184,2.1561294677058815,20.0,0.40816326530612246,,,0.0,,,0.0,0.20256117323509168,0.8609186216726857,14,14,1567.2142857142858,1458.5,1.207430781979541,1.0,0.0001225046014610344,3.2127172030540495e+24,14505590.478350038,16,2025-04-01 00:00:00+00:00,0,-27.54513888888889
1743526800000,59,0.8512352274247345,41.4722747332233,312835.10473850137,0.9416842531088494,23,0.3898305084745763,1.202996918978517,16,0.2711864406779661,0.46580949464497623,20.0,0.3389830508474576,,,0.0,,,0.0,0.3564736121951526,0.5852106409136968,23,23,1480.5217391304348,1486.0,1.1556129180018768,1.0,8.84895866009699e-05,3.1597343894265354e+24,5789784.287632321,17,2025-04-01 00:00:00+00:00,0,-27.50347222222222
1743530400000,72,0.6410202671731747,38.990250864077716,296478.061954941,0.8607351466871882,33,0.4583333333333333,0.5568944508679928,14,0.19444444444444445,0.3795348094625126,23.0,0.3194444444444444,0.6116882330008409,2.0,0.027777777777777776,,,0.0,0.36249282918033177,0.4982423175068564,33,33,2016.8484848484848,1986.0,1.3749313566191994,0.9696969696969697,3.987059422849296e-05,3.169518294075743e+24,1658435.00893139,18,2025-04-01 00:00:00+00:00,0,-27.461805555555557
1743534000000,55,0.6236715713003588,26.23810811697053,221578.45059798664,0.5798903036990386,20,0.36363636363636365,0.8935215268526849,17,0.3090909090909091,0.3507299012247009,16.0,0.2909090909090909,0.9512929857240513,2.0,0.03636363636363636,,,0.0,0.4154255050420894,0.16446479865694918,20,20,1632.05,1664.5,1.1733043793937548,0.95,4.573497354140531e-05,3.199887969497674e+24,1074882.781788672,19,2025-04-01 00:00:00+00:00,0,-27.42013888888889
1743537600000,51,0.7472222903796367,31.41831477381232,210671.59393281606,0.5342164623617137,19,0.37254901960784315,1.1391015113211842,12,0.23529411764705882,0.4766765139204601,19.0,0.37254901960784315,5.232152124145961,1.0,0.0196078431372549,,,0.0,0.28343649744636806,0.25077996491534565,19,19,2176.842105263158,1650.0,1.3314398316808198,0.9473684210526315,4.381956536986605e-05,3.1842554350543904e+24,1197485.585546074,20,2025-04-01 00:00:00+00:00,0,-27.37847222222222
1743541200000,50,0.6519832680365719,24.00587006214974,184928.73244472066,0.8462614151283839,14,0.28,0.7747527680623503,14,0.28,0.35944729615872223,20.0,0.4,1.3580094569919385,2.0,0.04,,,0.0,0.3544417823072426,0.4918196328211412,14,14,2705.0,2027.5,1.5547738909888857,0.7857142857142857,3.898631135640931e-05,3.128401901406183e+24,875293.4212630629,21,2025-04-01 00:00:00+00:00,0,-27.336805555555557
1743544800000,102,1.0959157670914148,100.81866113173297,546804.4939223359,1.348841674064271,35,0.3431372549019608,1.1319278841785574,28,0.27450980392156865,0.8510571383195981,36.0,0.35294117647058826,0.7473039715232286,3.0,0.029411764705882353,,,0.0,0.7036564038020531,0.6451852702622178,35,35,2075.057142857143,1996.0,1.388068186714057,0.8857142857142857,0.00010593048151000606,3.1804361245607147e+24,2547024.933837769,22,2025-04-01 00:00:00+00:00,0,-27.29513888888889
1743548400000,92,0.8149210284437964,53.93510795002804,377406.1244655671,1.049844139954969,29,0.31521739130434784,1.0220078051126633,32,0.34782608695652173,0.39244671405618886,29.0,0.31521739130434784,0.22102504345023005,2.0,0.021739130434782608,,,0.0,0.4395786244204605,0.6102655155345085,29,29,2256.7241379310344,1793.0,1.4266571180605252,0.8275862068965517,4.664693698088619e-05,3.1296030624634726e+24,1601487.011335594,23,2025-04-01 00:00:00+00:00,0,-27.25347222222222
1743552000000,119,0.8129368151053588,71.28182198114499,467671.53009697655,0.8402019566201918,39,0.3277310924369748,1.1757416605158453,40,0.33613445378151263,0.34719470987049017,37.0,0.31092436974789917,1.3652446678360899,3.0,0.025210084033613446,,,0.0,0.34806029200858385,0.492141664611608,39,39,2298.7948717948716,2162.0,1.4442116134599134,0.8717948717948718,5.3966681337404815e-05,3.160607012173026e+24,1736200.9793847795,0,2025-04-02 00:00:00+00:00,0,-27.211805555555557
1743555600000,124,0.8289872596069423,76.64844480746373,517529.49190212373,1.042658705285951,44,0.3548387096774194,0.991866952785599,41,0.33064516129032256,0.4384233275935223,37.0,0.29838709677419356,0.0146144867545503,2.0,0.016129032258064516,,,0.0,0.43651156674519,0.606147138540761,44,44,2047.159090909091,2072.0,1.371807797540193,0.8409090909090909,6.464099072987062e-05,3.2075885067303793e+24,2231055.7615702897,1,2025-04-02 00:00:00+00:00,0,-27.17013888888889
1743559200000,124,0.8159450785138815,71.21825502812702,499843.8852574979,0.9884683198295603,45,0.3629032258064516,0.9557789008856907,40,0.3225806451612903,0.45135929177703527,38.0,0.3064516129032258,1.3133062204361288,1.0,0.008064516129032258,,,0.0,0.338068533328407,0.6503997865011534,45,45,2318.0666666666666,2453.0,1.4843007394639993,0.7777777777777778,8.160269943715827e-05,3.10732024248132e+24,2570758.1984412423,2,2025-04-02 00:00:00+00:00,0,-27.12847222222222
1743562800000,113,0.8310364984454307,69.25103773973592,481097.111522443,0.8414565528008849,43,0.3805309734513274,1.1890282361047075,29,0.25663716814159293,0.5158143146482882,38.0,0.336283185840708,1.2139099167413818,3.0,0.02654867256637168,,,0.0,0.344071531972538,0.4973850208283469,43,43,2050.139534883721,1951.0,1.3492023417315235,0.8837209302325582,7.076372138783597e-05,3.1187805525609767e+24,2071047.1733801202,3,2025-04-02 00:00:00+00:00,0,-27.086805555555557
1743566400000,60,0.9437417702738806,42.380569650668676,268440.76021043013,1.2409721191167797,25,0.4166666666666667,0.8817444249275006,23,0.38333333333333336,0.4074461169697461,10.0,0.16666666666666666,0.6228101477416823,2.0,0.03333333333333333,,,0.0,0.536030763514784,0.7049413556019957,25,25,2030.72,1894.0,1.3529679380631887,0.84,5.099896342639638e-05,3.117480041716285e+24,1309662.508078841,4,2025-04-02 00:00:00+00:00,0,-27.04513888888889
1743570000000,110,0.8956496602768073,66.6302272827801,438424.2317158778,0.9617886072148274,21,0.19090909090909092,1.0451342967274602,34,0.3090909090909091,0.7692717364126996,52.0,0.4727272727272727,0.9290684989144621,3.0,0.02727272727272727,,,0.0,1.4806475545429987,-0.5188589473281713,21,21,2016.142857142857,2004.0,1.3294315947260704,0.8095238095238095,7.018734943728497e-05,2.706416195093143e+24,3815516.4344668286,5,2025-04-02 00:00:00+00:00,0,-27.00347222222222
1743573600000,117,0.7806779105968517,61.16729330502305,412838.4158418168,0.8212700120692398,23,0.19658119658119658,0.8663003530037882,42,0.358974358974359,0.7035774440516515,50.0,0.42735042735042733,0.44330911674872553,2.0,0.017094017094017096,,,0.0,0.3131576754866613,0.5081123365825784,23,23,1942.0869565217392,2047.0,1.3414185757128383,0.9565217391304348,6.61602905414824e-05,2.736813379919548e+24,2907706.2679210966,6,2025-04-02 00:00:00+00:00,0,-26.961805555555557
1743577200000,119,0.8936044978345721,70.89916528349816,477459.04064143,0.8585279596087022,25,0.21008403361344538,1.1652486628453982,41,0.3445378151260504,0.7041624853032289,50.0,0.42016806722689076,0.6308056034245825,3.0,0.025210084033613446,,,0.0,0.5053986784818285,0.3531292811268738,25,25,1866.56,1891.0,1.333111539433503,0.96,9.17125059868373e-05,2.8137113158703696e+24,2442090.837054145,7,2025-04-02 00:00:00+00:00,0,-26.92013888888889
1743580800000,127,0.9298874411391463,90.43360611413657,576042.669693263,0.9994532131892893,41,0.3228346456692913,1.3176261718835482,35,0.2755905511811024,0.6078668091762067,51.0,0.4015748031496063,,,0.0,,,0.0,0.5177048840939517,0.48174832909533766,41,41,2110.4146341463415,2309.0,1.3946182066158619,0.9024390243902439,7.232731704318329e-05,3.1396478845610685e+24,2695181.828441264,8,2025-04-02 00:00:00+00:00,0,-26.87847222222222
1743584400000,139,0.7760677437366632,77.76672283178576,522349.44806517864,0.9201057317325749,36,0.2589928057553957,0.9974120934712403,50,0.3597122302158273,0.4782043147349109,48.0,0.34532374100719426,0.3850396512371521,5.0,0.03597122302158273,,,0.0,0.4279790804157717,0.4921266513168031,36,36,1910.3333333333333,1604.0,1.292898398473642,0.9166666666666666,6.97605638568097e-05,3.1074377188317883e+24,2533048.680379207,9,2025-04-02 00:00:00+00:00,0,-26.836805555555557
1743588000000,82,0.8169840194376261,46.651362004819255,348918.47834754223,0.9030701149994308,22,0.2682926829268293,1.0092607718264124,29,0.35365853658536583,0.5182403723883293,26.0,0.3170731707317073,0.876466999767068,5.0,0.06097560975609756,,,0.0,0.3672471289840918,0.5358229860153391,22,22,1831.1818181818182,1906.5,1.3223778687010503,1.0,5.1668870440351186e-05,3.0026172706735734e+24,1533776.663482927,10,2025-04-02 00:00:00+00:00,0,-26.79513888888889
1743591600000,69,1.0229756177979281,55.309692325314145,326410.86904786463,0.9418457431748447,14,0.2028985507246377,1.3201297137975112,32,0.463768115942029,0.6099830583389474,21.0,0.30434782608695654,1.1728410784854768,2.0,0.028985507246376812,,,0.0,0.4551522761172394,0.48669346705760524,14,14,2136.0,2103.0,1.3896178524863505,0.9285714285714286,5.289395888473113e-05,2.996735647241054e+24,1490516.7664164072,11,2025-04-02 00:00:00+00:00,0,-26.75347222222222
1743595200000,89,0.7721682966943554,43.331429830576816,328426.0577054066,0.9188353658974109,33,0.3707865168539326,0.8123716011312722,33,0.3707865168539326,0.5044426066028527,21.0,0.23595505617977527,0.49992687759559207,2.0,0.02247191011235955,,,0.0,0.4188910990297166,0.49994426686769433,33,33,1948.8484848484848,2143.0,1.3439045970981511,0.9393939393939394,6.30293927650922e-05,2.780662802109779e+24,1704883.2855194171,12,2025-04-02 00:00:00+00:00,0,-26.711805555555557
1743598800000,202,0.9176973150686393,147.03839414524694,941057.9648662648,1.0729628849544375,49,0.24257425742574257,1.3289530515072832,57,0.28217821782178215,0.5827988098705913,91.0,0.4504950495049505,0.8029321293917544,5.0,0.024752475247524754,,,0.0,0.7960334685666339,0.2769294163878036,49,49,2019.0204081632653,2062.0,1.3737713460503858,0.9387755102040817,0.00011919458890507904,3.0610972609897394e+24,3802111.3784300564,13,2025-04-02 00:00:00+00:00,0,-26.67013888888889
1743602400000,170,0.9793517625730098,127.54628955357344,876429.8962985409,0.9496938904265926,49,0.28823529411764703,1.2275509768985529,56,0.32941176470588235,0.776077797996669,63.0,0.37058823529411766,1.159521513199758,2.0,0.011764705882352941,,,0.0,0.3244129187837309,0.6252809716428616,49,49,1857.5714285714287,1817.0,1.3215523892420264,0.9795918367346939,8.68717325330812e-05,3.2000951660395855e+24,3834359.8861875073,14,2025-04-02 00:00:00+00:00,0,-26.62847222222222
1743606000000,259,1.232813658485834,304.3366277817173,1793752.9912097384,1.168345798341027,67,0.25868725868725867,1.9611123569591415,61,0.23552123552123552,0.8892206276141198,129.0,0.4980694980694981,3.3411271611265563,2.0,0.007722007722007722,,,0.0,0.3995647542379564,0.7687810441030707,67,67,1587.1492537313434,1565.0,1.2013820127261214,1.0,0.00015885304432430457,3.195911765996071e+24,12405139.171057446,15,2025-04-02 00:00:00+00:00,0,-26.586805555555557
1743609600000,132,0.9682439337717459,117.0846097200865,795161.0400484481,1.154539386747519,38,0.2878787878787879,1.0979514779222375,33,0.25,0.7820213736070639,61.0,0.4621212121212121,,,0.0,,,0.0,0.6508582928464437,0.5036810939010754,38,38,1886.9473684210527,1761.5,1.3392425821487768,0.9736842105263158,9.648135796351221e-05,3.2862958764487545e+24,4426992.5078074895,16,2025-04-02 00:00:00+00:00,0,-26.54513888888889
1743613200000,200,1.0595583965939634,185.13361356369273,1168324.2449326327,1.1686827897817815,77,0.385,1.2488193812974178,50,0.25,0.8209929951876599,70.0,0.35,0.6708752591961437,3.0,0.015,,,0.0,0.3279687343526923,0.8407140554290891,77,77,2018.8311688311687,1805.0,1.333644057190151,0.8831168831168831,9.687462464311259e-05,3.182126038925552e+24,5793001.207186967,17,2025-04-02 00:00:00+00:00,0,-26.50347222222222
1743616800000,153,0.929597796903495,105.72241095616394,683059.7112072818,0.9723694212749389,58,0.3790849673202614,1.2751487110903719,48,0.3137254901960784,0.5239127310627749,47.0,0.30718954248366015,,,0.0,,,0.0,0.2500086060783367,0.7223608151966022,58,58,2290.0689655172414,2078.0,1.4544679899575816,0.8448275862068966,7.417508204911193e-05,3.1379377237018806e+24,2402787.5880108546,18,2025-04-02 00:00:00+00:00,0,-26.461805555555557
1743620400000,96,0.7815641934728945,54.1957200766372,378590.3002582069,1.0712762685380042,28,0.2916666666666667,0.8715958871207535,28,0.2916666666666667,0.5157435553738163,40.0,0.4166666666666667,,,0.0,,,0.0,0.17326360641699967,0.8980126621210045,28,28,2376.3928571428573,2125.0,1.4703752773132774,0.7857142857142857,6.353712925143869e-05,3.20856957956664e+24,3369103.7927810852,19,2025-04-02 00:00:00+00:00,0,-26.42013888888889
1743624000000,275,1.18214285510121,303.75557087732756,1734868.9232545088,1.1761919380171117,83,0.3018181818181818,1.9641805505157781,52,0.1890909090909091,0.8093307788722258,135.0,0.4909090909090909,3.213662104568305,5.0,0.01818181818181818,,,0.0,0.37845672569163574,0.797735212325476,83,83,1806.5903614457832,1811.0,1.269425597120281,0.9397590361445783,0.00025588806079631044,3.0769536657245824e+24,12155093.694099972,20,2025-04-02 00:00:00+00:00,0,-26.37847222222222
1743627600000,160,0.9400915934697018,108.16232454352017,714592.0848597182,0.8995851722835558,58,0.3625,1.3220026925216475,41,0.25625,0.6719087186906451,58.0,0.3625,1.6886329617537008,3.0,0.01875,,,0.0,0.3497718210693462,0.5498133512142096,58,58,2022.3793103448277,2075.0,1.349877185544444,0.8793103448275862,0.00011584607734164923,2.815600707397538e+24,3639170.7608161364,21,2025-04-02 00:00:00+00:00,0,-26.336805555555557
1743631200000,266,0.9753569608985926,171.61666952532002,1169519.7524505984,0.914818540239636,73,0.2744360902255639,1.3605220419243844,70,0.2631578947368421,0.7713439329565354,120.0,0.45112781954887216,1.6217944240136681,3.0,0.011278195488721804,,,0.0,0.45318090796851074,0.46163763227112536,73,73,1468.3424657534247,1280.0,1.1390028082978454,0.9726027397260274,0.00015769826531387225,2.627925480394002e+24,6790284.072331138,22,2025-04-02 00:00:00+00:00,0,-26.29513888888889
1743634800000,158,1.0586136792108165,108.93856328823863,736443.7937095311,1.040367834092988,68,0.43037974683544306,1.4075661076174655,41,0.25949367088607594,0.7993686617223198,47.0,0.2974683544303797,0.6177055418603592,2.0,0.012658227848101266,,,0.0,0.3932683215487939,0.647099512544194,68,68,1853.0588235294117,1882.0,1.2996871444056162,0.9411764705882353,0.0001058357481305216,2.5770127812794603e+24,3702394.9288611324,23,2025-04-02 00:00:00+00:00,0,-26.25347222222222
1743638400000,161,1.0022054152103308,116.41048106553144,764016.0529978232,1.032741242100622,62,0.38509316770186336,1.5993285726395319,33,0.20496894409937888,0.6704859463088255,65.0,0.40372670807453415,0.9656854314464844,1.0,0.006211180124223602,,,0.0,0.30814734098913077,0.724593901111491,62,62,2002.3870967741937,1947.5,1.3438574780797965,0.9193548387096774,0.00013418811094968947,2.8434349513566536e+24,4198282.613695759,0,2025-04-03 00:00:00+00:00,0,-26.211805555555557
1743642000000,112,0.9388416733916367,80.98221967388919,561642.0595810025,0.8141790051101708,59,0.5267857142857143,1.4363473126170188,26,0.23214285714285715,0.6736072706760474,25.0,0.22321428571428573,1.464247111709783,2.0,0.017857142857142856,,,0.0,0.32433285362154407,0.4898461514886267,59,59,1815.8983050847457,1892.0,1.2871068760065147,0.9152542372881356,9.608548180188331e-05,3.0405382350482804e+24,2851420.903917064,1,2025-04-03 00:00:00+00:00,0,-26.17013888888889
1743645600000,143,1.0139534623623288,150.5470533402073,844094.787398401,1.0391647898114107,44,0.3076923076923077,1.9069776599061548,35,0.24475524475524477,0.5132751174805471,62.0,0.43356643356643354,0.35240949280079903,2.0,0.013986013986013986,,,0.0,0.5356821392312203,0.5034826505801903,44,44,1637.5681818181818,1504.0,1.218511910985355,0.9545454545454546,0.0001475385898291568,3.5759196181021425e+24,5271946.678965108,2,2025-04-03 00:00:00+00:00,0,-26.12847222222222
1743649200000,88,0.8817444376726464,74.74000859908739,474114.04323359055,0.7614720577971025,35,0.3977272727272727,1.2763210610652975,28,0.3181818181818182,0.5266357107521101,23.0,0.26136363636363635,1.5461887175837195,2.0,0.022727272727272728,,,0.0,0.537874169575959,0.22359788822114343,35,35,1782.142857142857,1343.0,1.2641187805966203,0.9142857142857143,7.999830920739561e-05,3.558780956485753e+24,3294894.6902010036,3,2025-04-03 00:00:00+00:00,0,-26.086805555555557
1743652800000,95,0.9137683946595097,76.20679358123915,484237.7889961484,1.1167343328336268,35,0.3684210526315789,0.9720305284271658,23,0.24210526315789474,0.6139483499943985,35.0,0.3684210526315789,1.938700719923859,2.0,0.021052631578947368,,,0.0,0.2635279227917184,0.8532064100419083,35,35,2605.2571428571428,2492.0,1.5648469585725062,0.7428571428571429,7.462715549195548e-05,3.639581171513309e+24,2075643.4128826796,4,2025-04-03 00:00:00+00:00,0,-26.04513888888889
1743656400000,140,1.0601691214928164,157.45964953487552,902868.6744701015,1.115916524368755,50,0.35714285714285715,1.5486465258220057,32,0.22857142857142856,0.7696370581347879,54.0,0.38571428571428573,0.37769020624345373,4.0,0.02857142857142857,,,0.0,0.46116134911080664,0.6547551752579482,50,50,1808.12,1841.0,1.3100856168018626,0.98,0.00011943865690933578,3.6263919584222654e+24,5625368.681312676,5,2025-04-03 00:00:00+00:00,0,-26.00347222222222
1743660000000,131,0.8077794032118316,99.40074234464177,687994.0192534075,0.977738169449105,48,0.366412213740458,0.9111929721283171,25,0.19083969465648856,0.6256713257316467,54.0,0.4122137404580153,0.5803984486190137,4.0,0.030534351145038167,,,0.0,0.4725649356256189,0.505173233823486,48,48,1620.1041666666667,1615.5,1.1981510015083687,0.9791666666666666,7.387953522533611e-05,3.661387453975772e+24,3558020.422738486,6,2025-04-03 00:00:00+00:00,0,-25.961805555555557
1743663600000,145,0.9570808254425094,116.80398278242924,782270.4643675217,0.846580297989663,37,0.25517241379310346,1.1189821633398003,54,0.3724137931034483,0.8822395633166558,48.0,0.3310344827586207,0.7801188006662713,6.0,0.041379310344827586,,,0.0,0.3133510285649178,0.5332292694247452,37,37,1326.6756756756756,1366.0,1.0716283700304452,1.0,8.459183806584279e-05,3.53053183929228e+24,5491645.876576623,7,2025-04-03 00:00:00+00:00,0,-25.92013888888889
1743667200000,97,1.1354737905631334,114.8594965735523,697545.7667287266,0.4530385719995764,20,0.20618556701030927,1.329066835620899,46,0.4742268041237113,1.2884874776151949,31.0,0.31958762886597936,,,0.0,,,0.0,0.20271936833721277,0.2503192036623636,20,20,960.95,977.5,0.9415695224965983,1.0,0.00011272389593741116,3.373426973588862e+24,16257465.043706425,8,2025-04-03 00:00:00+00:00,0,-25.87847222222222
1743670800000,94,0.811869853936932,59.15212710481488,431566.82527573645,0.8259464508663749,35,0.3723404255319149,1.103539382166416,30,0.3191489361702128,0.4931537594743454,29.0,0.30851063829787234,,,0.0,,,0.0,0.6541008325159684,0.17184561835040643,35,35,1556.6571428571428,1538.0,1.2039813275081912,1.0,7.314176933163573e-05,3.3721382712844463e+24,3854453.606525004,9,2025-04-03 00:00:00+00:00,0,-25.836805555555557
1743674400000,187,0.8029961097713335,121.63920766579854,861431.4498422499,0.724730009130826,50,0.26737967914438504,1.2212858195512943,59,0.3155080213903743,0.5367680604765599,78.0,0.41711229946524064,,,0.0,,,0.0,0.4294964578133839,0.295233551317442,50,50,1969.04,1920.5,1.3735850000026766,0.96,8.760398436052481e-05,3.4017485087886996e+24,4471139.42836117,10,2025-04-03 00:00:00+00:00,0,-25.79513888888889
1743678000000,175,0.8357146443936173,116.34697757208463,813169.8768697991,0.8509825439701905,61,0.3485714285714286,1.1248211889919417,46,0.26285714285714284,0.5840847922287041,65.0,0.37142857142857144,1.5442804660687675,3.0,0.017142857142857144,,,0.0,0.285175868675392,0.5658066752947984,61,61,1781.1967213114754,1938.0,1.2864520551575689,0.9672131147540983,8.433139175456222e-05,3.3655008041307233e+24,4182275.154970844,11,2025-04-03 00:00:00+00:00,0,-25.75347222222222
1743681600000,180,0.9538856811405275,140.38960956071222,905101.437665341,0.7994951589924834,59,0.3277777777777778,1.4469088182358378,50,0.2777777777777778,0.7167777794839543,69.0,0.38333333333333336,1.3630502642768558,2.0,0.011111111111111112,,,0.0,0.3374101620117301,0.46208499698075317,59,59,1693.2372881355932,1793.0,1.2538811513409436,0.9830508474576272,0.00012846431584163102,3.222066973059734e+24,5631832.425252044,12,2025-04-03 00:00:00+00:00,0,-25.711805555555557
1743685200000,210,1.1305309122348175,194.79132372094645,1261178.6686906181,1.0572151284300946,86,0.4095238095238095,1.5789765600971437,54,0.2571428571428571,0.8077176202333545,66.0,0.3142857142857143,1.9792233359191012,4.0,0.01904761904761905,,,0.0,0.2871252371014871,0.7700898913286075,86,86,1771.8255813953488,1902.5,1.249860668334832,0.9883720930232558,0.00015500152280496947,3.312315912808901e+24,6433870.595205355,13,2025-04-03 00:00:00+00:00,0,-25.67013888888889
1743688800000,204,1.044068125068691,171.50061381796962,1042931.365352043,1.2262964500389537,71,0.3480392156862745,1.3375861373164564,59,0.28921568627450983,0.5763036336482229,67.0,0.3284313725490196,1.198989143592194,7.0,0.03431372549019608,,,0.0,0.5589689826403246,0.6673274673986291,71,71,1683.3661971830986,1842.0,1.2411248204114738,0.9859154929577465,0.0001445173469652266,2.7772299072044426e+24,6193073.125488008,14,2025-04-03 00:00:00+00:00,0,-25.62847222222222
1743692400000,207,1.014168625312216,154.64375648634797,1025256.9372784663,1.2481992256100753,69,0.3333333333333333,1.2612630342925364,68,0.3285024154589372,0.5333354725275841,68.0,0.3285024154589372,0.8872302043826394,2.0,0.00966183574879227,,,0.0,0.29205226917237204,0.9561469564377034,69,69,2115.8840579710145,2174.0,1.4127804240019275,0.9420289855072463,0.00012273668761690593,2.8871944126223476e+24,4886965.363915328,15,2025-04-03 00:00:00+00:00,0,-25.586805555555557
1743696000000,177,0.9463549240762202,133.74990445508928,850527.9911584682,0.9268898831704623,74,0.4180790960451977,1.383358466695349,49,0.2768361581920904,0.5764889877556421,54.0,0.3050847457627119,,,0.0,,,0.0,0.3544053026131252,0.5724845805573372,74,74,2061.6486486486488,2093.0,1.3715340742083426,0.8918918918918919,9.985663759478269e-05,3.131185631583119e+24,3560208.818456584,16,2025-04-03 00:00:00+00:00,0,-25.54513888888889
1743699600000,109,0.8904982247053026,77.23888456811292,509047.1715552011,0.7895124418149573,48,0.44036697247706424,1.3762904592886356,33,0.30275229357798167,0.43978200889939817,27.0,0.24770642201834864,1.8760098889513142,1.0,0.009174311926605505,,,0.0,0.314872340655628,0.4746401011593293,48,48,1968.0,1843.0,1.3519072122555158,0.9166666666666666,7.725893345345482e-05,3.2518977474837315e+24,2692687.8147292654,17,2025-04-03 00:00:00+00:00,0,-25.50347222222222
1743703200000,149,0.974307745385097,111.60973882283145,730921.0941548565,0.9306604913073724,67,0.44966442953020136,1.4240481636187958,43,0.28859060402684567,0.5231274993941207,34.0,0.22818791946308725,0.7594390259554338,5.0,0.03355704697986577,,,0.0,0.3005211556767556,0.6301393356306167,67,67,2114.10447761194,2291.0,1.3991274535157963,0.9253731343283582,7.913262805910471e-05,3.3223834290802124e+24,3048390.1541595575,18,2025-04-03 00:00:00+00:00,0,-25.461805555555557
1743706800000,145,0.8184171413348665,88.31816266742825,602302.907121438,1.0282932606484698,54,0.3724137931034483,1.0899030628342605,42,0.2896551724137931,0.32307694473626536,46.0,0.31724137931034485,0.8350604405437121,3.0,0.020689655172413793,,,0.0,0.2711963372281766,0.7570969234202932,54,54,2251.5,2084.5,1.4545905832384876,0.8518518518518519,7.396029288683674e-05,3.32731539573393e+24,2353981.244708512,19,2025-04-03 00:00:00+00:00,0,-25.42013888888889
1743710400000,95,0.6665601739447544,47.81000865136136,356758.3570904668,0.7531513037590079,30,0.3157894736842105,0.9245505196017832,28,0.29473684210526313,0.382857357848593,36.0,0.37894736842105264,1.0583979805821606,1.0,0.010526315789473684,,,0.0,0.2886431500393295,0.46450815371967824,30,30,2390.9,2188.5,1.4800294455278051,0.8,5.9170017705979604e-05,3.3416198113074674e+24,1707106.2610442748,20,2025-04-03 00:00:00+00:00,0,-25.37847222222222
1743714000000,64,0.8272761987948339,39.957000350508316,285016.68545522727,1.0064539412401556,22,0.34375,1.0469962488222182,22,0.34375,0.39773561771744087,19.0,0.296875,0.21279580486577382,1.0,0.015625,,,0.0,0.29737402724402784,0.7090799139961276,22,22,2612.590909090909,2664.0,1.5609926531327838,0.8181818181818182,7.021920794244019e-05,3.4886757099971895e+24,1791673.5625447985,21,2025-04-03 00:00:00+00:00,0,-25.336805555555557
1743717600000,139,0.8622061636201851,105.6788011048839,677330.6182993125,0.7820679563218533,54,0.38848920863309355,1.1242802763284052,50,0.3597122302158273,0.6003120810711162,34.0,0.2446043165467626,0.9903625289874327,1.0,0.007194244604316547,,,0.0,0.2625029491896021,0.5195650071322512,54,54,2174.5185185185187,2193.0,1.4036329356028459,0.8888888888888888,5.8018181299714397e-05,3.591892433748863e+24,2096541.807333813,22,2025-04-03 00:00:00+00:00,0,-25.29513888888889
1743721200000,92,0.8610336036716512,78.44462636720834,462253.3189595254,0.8154655576986899,38,0.41304347826086957,1.0308461276767273,29,0.31521739130434784,0.7333145057046638,25.0,0.2717391304347826,,,0.0,,,0.0,0.3659446070774838,0.44952095062120606,38,38,2038.1052631578948,2060.0,1.381894935599743,0.9210526315789473,5.867653658415029e-05,3.5701903707961787e+24,2472177.384069637,23,2025-04-03 00:00:00+00:00,0,-25.25347222222222
1743724800000,107,0.6684648110157688,60.71951371823815,467219.80991263955,0.7677028127847367,51,0.4766355140186916,0.7613848966247884,36,0.3364485981308411,0.25068733661400744,19.0,0.17757009345794392,0.19997565250717914,1.0,0.009345794392523364,,,0.0,0.28827197691988254,0.47943083586485413,51,51,2116.3137254901962,1866.0,1.3740525085545643,0.8235294117647058,6.0472396692688714e-05,3.5774496717187783e+24,1831691.6679033113,0,2025-04-04 00:00:00+00:00,0,-25.211805555555557
1743728400000,119,0.9138965326536597,97.02574086824391,602106.3325366525,0.9137577021960117,40,0.33613445378151263,1.1973845881702416,41,0.3445378151260504,0.6032524882010586,37.0,0.31092436974789917,0.7902691195259557,1.0,0.008403361344537815,,,0.0,0.41527534444288444,0.4984823577531272,40,40,2200.775,2050.5,1.440986937755934,0.85,8.475214325969572e-05,3.6033659572358064e+24,2502375.843731598,1,2025-04-04 00:00:00+00:00,0,-25.17013888888889
1743732000000,88,0.8262361904138047,63.930325963692454,438618.25567158306,0.7629998061747448,37,0.42045454545454547,0.975172311693884,31,0.3522727272727273,0.5116541693384905,17.0,0.19318181818181818,1.8497764622281707,3.0,0.03409090909090909,,,0.0,0.29770583705692405,0.4652939691178208,37,37,1846.1891891891892,1672.0,1.2903161191349817,0.9459459459459459,7.226857774006704e-05,3.6709452075427993e+24,1915290.4913298546,2,2025-04-04 00:00:00+00:00,0,-25.12847222222222
1743735600000,109,0.8858035673373211,85.17880932467556,547154.4784535329,0.8587941643010759,45,0.41284403669724773,1.3551995101332515,35,0.3211009174311927,0.336107187133502,27.0,0.24770642201834864,0.6999872694756224,2.0,0.01834862385321101,,,0.0,0.24396868436539418,0.6148254799356816,45,45,2293.9555555555557,2247.0,1.4612890354514332,0.8222222222222222,6.107087746826399e-05,3.6873624223611073e+24,1843411.4663450776,3,2025-04-04 00:00:00+00:00,0,-25.086805555555557
1743739200000,85,0.7465605608991228,55.83562158730671,383188.92448280274,0.8013968652815654,32,0.3764705882352941,0.9088208675164045,32,0.3764705882352941,0.3955041553979641,20.0,0.23529411764705882,0.8205971189311221,1.0,0.011764705882352941,,,0.0,0.363665133452159,0.43773173182940633,32,32,1951.8125,1976.0,1.3307152924988204,0.875,5.115077322609726e-05,3.703889219713508e+24,1368215.9243295859,4,2025-04-04 00:00:00+00:00,0,-25.04513888888889
1743742800000,61,0.8682811520862814,50.04866089475757,321434.6205551008,0.8362698281845778,28,0.45901639344262296,1.068387104606703,16,0.26229508196721313,0.4552955962970904,14.0,0.22950819672131148,2.0270876887428244,3.0,0.04918032786885246,,,0.0,0.30059389599237624,0.5356759321922018,28,28,2487.1428571428573,2419.5,1.5103162129245022,0.7857142857142857,5.615613830987272e-05,3.7122012691126897e+24,1814012.0062072354,5,2025-04-04 00:00:00+00:00,0,-25.00347222222222
1743746400000,98,0.8786897965616038,76.21229963733182,492679.6855576364,0.9510739990075457,34,0.3469387755102041,1.0894038964441863,22,0.22448979591836735,0.6434790663971103,38.0,0.3877551020408163,1.3389984629795801,4.0,0.04081632653061224,,,0.0,0.3736920799597821,0.5773819190477638,34,34,2346.764705882353,2142.0,1.469835016984691,0.8823529411764706,6.21801930615791e-05,3.732840570405965e+24,2160825.986310447,6,2025-04-04 00:00:00+00:00,0,-24.961805555555557
1743750000000,97,0.8148638453930465,72.63344512160262,464312.5143228882,0.8935427454293473,35,0.36082474226804123,1.0578865061183387,31,0.31958762886597936,0.4541835329377657,30.0,0.30927835051546393,1.3478092352968716,1.0,0.010309278350515464,,,0.0,0.3959010754189498,0.49764167001039744,35,35,2212.542857142857,2202.0,1.4058278598184692,0.8857142857142857,5.6114254008202586e-05,3.5313744308467336e+24,2068873.635637659,7,2025-04-04 00:00:00+00:00,0,-24.92013888888889
1743753600000,96,0.596838744691136,44.514009076245664,333926.8040570425,0.844131570676799,25,0.2604166666666667,0.7369042080860196,27,0.28125,0.3438858461329912,43.0,0.4479166666666667,1.5097252213879262,1.0,0.010416666666666666,,,0.0,0.28297299417541305,0.561158576501386,25,25,1535.44,1393.0,1.2073790113908094,1.0,5.246868242737708e-05,3.453713704466252e+24,1847640.6134765546,8,2025-04-04 00:00:00+00:00,0,-24.87847222222222
1743757200000,88,0.7341888817281528,55.72130325621176,359464.684806128,0.6739687095270537,22,0.25,1.2657249311470897,26,0.29545454545454547,0.4366004133552724,38.0,0.4318181818181818,0.14082303257878598,2.0,0.022727272727272728,,,0.0,0.29416920262480734,0.3797995069022463,22,22,2600.4545454545455,2647.0,1.5152170524768593,0.8181818181818182,5.3750276929472774e-05,3.4692187957983045e+24,1747142.2580784322,9,2025-04-04 00:00:00+00:00,0,-24.836805555555557
1743760800000,182,0.8296549076825462,131.17716255181162,913047.0760646554,0.8602522128829531,78,0.42857142857142855,1.260573587152956,47,0.25824175824175827,0.4174903076263167,53.0,0.29120879120879123,0.6308939232423381,4.0,0.02197802197802198,,,0.0,0.24495041379387913,0.6153017990890738,78,78,1945.0384615384614,1845.5,1.3372255290510395,0.8974358974358975,0.00010686769273352846,3.581133560751453e+24,5479340.647094503,10,2025-04-04 00:00:00+00:00,0,-24.79513888888889
1743764400000,194,1.0008233521962302,170.96888051744855,1040286.4311124657,0.9167484974248371,66,0.3402061855670103,1.399382640110514,58,0.29896907216494845,0.7498590909945655,70.0,0.36082474226804123,,,0.0,,,0.0,0.31315574379978456,0.6035927536250526,66,66,1674.8181818181818,1577.0,1.2284479664365817,0.9393939393939394,0.00010868278402286046,3.307580178091137e+24,5620339.098665957,11,2025-04-04 00:00:00+00:00,0,-24.75347222222222
1743768000000,213,0.9997271957301411,211.6697065398432,1160598.0533044823,0.8900556811147888,77,0.3615023474178404,1.4792290176635285,51,0.23943661971830985,0.8149475541442707,84.0,0.39436619718309857,0.5113307957226318,1.0,0.004694835680751174,,,0.0,0.2227427482390475,0.6673129328757413,77,77,1885.4155844155844,1892.0,1.3109331992022781,0.922077922077922,0.0001000569588537109,3.3911595709720617e+24,5980899.586070385,12,2025-04-04 00:00:00+00:00,0,-24.711805555555557
1743771600000,214,0.8919763081033307,174.65770314095457,1154513.9175658233,0.8708074873290811,87,0.40654205607476634,1.3306512469074303,52,0.24299065420560748,0.6123841826306181,75.0,0.35046728971962615,,,0.0,,,0.0,0.23044994020722046,0.6403575471218607,87,87,1885.8850574712644,1892.0,1.3193040244666692,0.9540229885057471,0.00012672999069986718,3.639215911008728e+24,5787673.19473296,13,2025-04-04 00:00:00+00:00,0,-24.67013888888889
1743775200000,231,0.79846631289279,162.95402602229944,1123229.8392420965,0.7513208265370203,83,0.3593073593073593,1.0033859588523684,58,0.2510822510822511,0.6541073236646945,87.0,0.37662337662337664,2.3274556344653483,3.0,0.012987012987012988,,,0.0,0.33155660308027723,0.41976422345674286,83,83,1831.8915662650602,1881.0,1.3088550745978553,0.9759036144578314,0.00011347136660543982,3.7126306835632055e+24,5248943.859583803,14,2025-04-04 00:00:00+00:00,0,-24.62847222222222
1743778800000,261,0.8837966151966292,211.27566882900896,1465357.0659227804,0.9237732935971982,101,0.38697318007662834,1.341383912620774,52,0.19923371647509577,0.5794176941798089,99.0,0.3793103448275862,1.1394998592135412,9.0,0.034482758620689655,,,0.0,0.3343891972824188,0.5893840963147793,101,101,1812.4158415841584,1801.0,1.2853710481462228,0.9504950495049505,0.00013862145370510895,3.7673246485750174e+24,7275279.861625305,15,2025-04-04 00:00:00+00:00,0,-24.586805555555557
1743782400000,221,0.8053061992788254,162.8853124841262,1076767.0436023925,0.8152766514465402,80,0.36199095022624433,1.1563432126214057,59,0.2669683257918552,0.5406739582247836,80.0,0.36199095022624433,0.636185861125794,2.0,0.00904977375565611,,,0.0,0.3205252115180421,0.494751439928498,80,80,1932.9875,1987.5,1.3338577467261399,0.9,9.876799902286058e-05,3.8272645449958576e+24,5467123.4183960175,16,2025-04-04 00:00:00+00:00,0,-24.54513888888889
1743786000000,188,0.8090324306155906,134.8772321017529,907397.49580995,0.9158904562588215,61,0.324468085106383,1.2578018806117168,45,0.2393617021276596,0.4822357964631438,80.0,0.425531914893617,0.5244153896820656,2.0,0.010638297872340425,,,0.0,0.2685232330288052,0.6473672232300162,61,61,2195.7704918032787,2219.0,1.4431688767661477,0.9016393442622951,9.75401746740294e-05,3.775585585269027e+24,4604497.345460027,17,2025-04-04 00:00:00+00:00,0,-24.50347222222222
1743789600000,158,0.8959073690783119,120.07848915802784,757214.0180925389,1.162497177382788,63,0.3987341772151899,1.127875325027435,35,0.22151898734177214,0.4184246889777049,58.0,0.3670886075949367,2.2858869012952763,2.0,0.012658227848101266,,,0.0,0.2907651344373771,0.8717320429454107,63,63,2204.190476190476,2145.0,1.4199063361198059,0.8571428571428571,7.738921695783127e-05,3.6891636065169667e+24,2825299.5868893894,18,2025-04-04 00:00:00+00:00,0,-24.461805555555557
1743793200000,127,0.8380821774159563,86.84502551305043,584196.1671271631,1.0152153120570853,56,0.4409448818897638,1.0089478928784448,28,0.2204724409448819,0.5077067709272692,42.0,0.33070866141732286,0.010153677087899333,1.0,0.007874015748031496,,,0.0,0.33682344552426313,0.6783918665328221,56,56,2294.4464285714284,2256.5,1.4717142420667544,0.8928571428571429,6.28931836624756e-05,3.681545049734366e+24,3332247.484684656,19,2025-04-04 00:00:00+00:00,0,-24.42013888888889
1743796800000,78,0.7584219877262811,51.52285340281578,372100.67700934596,0.9208916810888408,38,0.48717948717948717,0.787033374709246,25,0.32051282051282054,0.2965514523332372,14.0,0.1794871794871795,0.3354764608775049,1.0,0.01282051282051282,,,0.0,0.3258676663860234,0.5950240147028175,38,38,2460.5526315789475,2505.5,1.509264125766306,0.7368421052631579,5.1236062655205075e-05,3.6709170944538013e+24,1409339.9582761962,20,2025-04-04 00:00:00+00:00,0,-24.37847222222222
1743800400000,29,0.6422923701730274,15.613353412575172,137534.59043346645,0.6547580228977916,12,0.41379310344827586,0.8063653831920404,11,0.3793103448275862,0.3165605408553086,6.0,0.20689655172413793,,,0.0,,,0.0,0.3066318408917291,0.34812618200606255,12,12,1964.6666666666667,2129.0,1.3559597590647112,1.0,4.1737905066859576e-05,3.6009899002666315e+24,802173.9291445533,21,2025-04-04 00:00:00+00:00,0,-24.336805555555557
1743804000000,52,0.8571581550495926,38.865003913729836,252356.51997975208,0.784183998422693,19,0.36538461538461536,0.9304904519921807,21,0.40384615384615385,0.844369050059321,12.0,0.23076923076923078,,,0.0,,,0.0,0.36212999040430377,0.4220540080183892,19,19,3202.5789473684213,2306.0,1.659314585185248,0.7368421052631579,4.8289420987940056e-05,3.6190353475428456e+24,981419.8836647992,22,2025-04-04 00:00:00+00:00,0,-24.29513888888889
1743807600000,37,0.8407371775768593,26.241976457712738,181332.8699155677,0.9786522958095996,18,0.4864864864864865,0.7204786388438611,18,0.4864864864864865,0.5229187465815031,1.0,0.02702702702702703,,,0.0,,,0.0,0.19781417796258363,0.7808381178470158,18,18,2496.722222222222,2402.5,1.4778700112289007,0.7777777777777778,2.4997165441013135e-05,3.66519130643245e+24,644772.8747076663,23,2025-04-04 00:00:00+00:00,0,-24.25347222222222
1743811200000,47,0.6381447253281992,24.550143462753773,183509.23172416037,0.796261233723092,13,0.2765957446808511,0.7006369243161011,26,0.5531914893617021,0.08312919673106803,7.0,0.14893617021276595,0.8429416426890555,1.0,0.02127659574468085,,,0.0,0.7834666342550699,0.012794599468022036,13,13,2405.3846153846152,2459.0,1.4736400718029956,0.7692307692307693,3.910595377693003e-05,3.7884837819290963e+24,1164565.2450900187,0,2025-04-05 00:00:00+00:00,0,-24.211805555555557
1743814800000,57,0.7001688995971501,39.07589427239716,279523.53901522333,0.7545518178080658,19,0.3333333333333333,0.727835551139686,27,0.47368421052631576,0.552662216171119,10.0,0.17543859649122806,0.39496069620159696,1.0,0.017543859649122806,,,0.0,0.37622905521877764,0.37832276258928815,19,19,2499.842105263158,2185.0,1.4768679545293626,0.8947368421052632,3.9037491350257504e-05,4.207274307711111e+24,1276563.0254490261,1,2025-04-05 00:00:00+00:00,0,-24.17013888888889
1743818400000,59,0.7430765389800891,35.809181365416386,259743.79268698586,0.7983877674089266,20,0.3389830508474576,0.7421825070912389,34,0.576271186440678,0.3891014166497739,4.0,0.06779661016949153,1.083149543945506,1.0,0.01694915254237288,,,0.0,0.3630248228627683,0.4353629445461582,20,20,2324.3,2370.5,1.4475159834745004,0.8,4.014186234543402e-05,3.9109116778513874e+24,1262183.6605076226,2,2025-04-05 00:00:00+00:00,0,-24.12847222222222
1743822000000,36,0.7495300077176466,21.909533220881663,155746.3307065945,0.8725729971542648,10,0.2777777777777778,0.6947700015369036,17,0.4722222222222222,0.7215877904620813,8.0,0.2222222222222222,0.6735579564686187,1.0,0.027777777777777776,,,0.0,0.503982747357968,0.36859024979629673,10,10,2470.7,2378.5,1.521688801669058,0.8,3.295274794171784e-05,3.7465173811127384e+24,894692.5424036852,3,2025-04-05 00:00:00+00:00,0,-24.086805555555557
1743825600000,38,0.7410681838302644,23.951888442197998,177213.91171370356,0.723256275593249,16,0.42105263157894735,0.7410957253578956,11,0.2894736842105263,0.8289045175960231,9.0,0.23684210526315788,0.488148469378503,2.0,0.05263157894736842,,,0.0,0.2204744830363739,0.502781792556875,16,16,2131.0,1887.0,1.3111376371957801,0.9375,3.383445549699938e-05,3.7606253312122046e+24,887794.9667143333,4,2025-04-05 00:00:00+00:00,0,-24.04513888888889
1743829200000,32,0.8462689860128043,24.097184511223826,167911.461218717,0.48864732997561994,7,0.21875,0.9235305136648371,23,0.71875,1.7520475175202286,1.0,0.03125,0.6668269107689149,1.0,0.03125,,,0.0,0.1768338464059256,0.3118134835696943,7,7,2574.1428571428573,1464.0,1.4641839352409538,0.8571428571428571,2.944494596350132e-05,3.8681886516274693e+24,879411.0445694869,5,2025-04-05 00:00:00+00:00,0,-24.00347222222222
1743832800000,30,0.9835837751812636,23.289424680099273,153907.02785834775,1.0766127131455203,8,0.26666666666666666,1.1939700454343918,14,0.4666666666666667,0.5195918040421054,7.0,0.23333333333333334,0.5418882858975191,1.0,0.03333333333333333,,,0.0,0.572104083907705,0.5045086292378154,8,8,1923.875,1237.0,1.2752918861829405,0.875,4.1985603253992995e-05,3.758125432551382e+24,916626.1426704671,6,2025-04-05 00:00:00+00:00,0,-23.961805555555557
1743836400000,58,0.6896274909941131,33.065181244475674,245984.08802667487,0.7573614968276807,25,0.43103448275862066,0.9458463193879633,17,0.29310344827586204,0.3115606017106984,16.0,0.27586206896551724,,,0.0,,,0.0,0.38752659065621836,0.3698349061714623,25,25,2059.04,1984.0,1.3792420815672413,0.88,3.4814464326766736e-05,3.765906252593619e+24,852281.8469027894,7,2025-04-05 00:00:00+00:00,0,-23.92013888888889
1743840000000,56,0.7544294849700303,38.89232677603336,265249.00777966465,0.8014589547681868,20,0.35714285714285715,0.8805103752722596,24,0.42857142857142855,0.3038618170514561,9.0,0.16071428571428573,0.783955567653539,3.0,0.05357142857142857,,,0.0,0.3400307316044912,0.4614282231636957,20,20,2405.15,2540.5,1.50566791698865,0.85,3.2622888049708016e-05,3.921771278047222e+24,1099288.0485014012,8,2025-04-05 00:00:00+00:00,0,-23.87847222222222
1743843600000,29,0.6135164000011918,13.655901368648992,100505.96679717657,0.8132033906353984,6,0.20689655172413793,0.7105626497268545,12,0.41379310344827586,0.3987275872272654,11.0,0.3793103448275862,,,0.0,,,0.0,0.31104737648768394,0.5021560141477144,6,6,2675.5,2702.0,1.6239449518663085,0.8333333333333334,3.230652329576607e-05,4.060820720592783e+24,937713.8238813683,9,2025-04-05 00:00:00+00:00,0,-23.836805555555557
1743847200000,43,0.6975339841630499,28.36799229508421,206428.30747269004,0.7748579728489787,14,0.32558139534883723,0.8005035096044231,16,0.37209302325581395,0.4875302727272828,13.0,0.3023255813953488,,,0.0,,,0.0,0.3924805002437011,0.38237747260527755,14,14,2315.5,1623.0,1.4312926007049618,0.8571428571428571,3.2115633840531446e-05,4.0763173172908995e+24,920414.0780783036,10,2025-04-05 00:00:00+00:00,0,-23.79513888888889
1743850800000,58,0.7729748682815787,37.92416859290457,264202.12672374555,0.8765145539636194,23,0.39655172413793105,0.9255353763820316,23,0.39655172413793105,0.28211616353179897,12.0,0.20689655172413793,,,0.0,,,0.0,0.36672708388139935,0.5097874700822203,23,23,2309.5652173913045,2292.0,1.4921350091129388,0.9130434782608695,3.695648501618137e-05,3.8073655652799927e+24,938474.3660605138,11,2025-04-05 00:00:00+00:00,0,-23.75347222222222
1743854400000,74,0.6780193225241236,41.98959930597518,315661.6436145847,0.624281687869708,19,0.25675675675675674,0.9069725427368165,34,0.4594594594594595,0.36632861838498204,20.0,0.2702702702702703,0.14843897650929166,1.0,0.013513513513513514,,,0.0,0.23612802002634903,0.3881536678433588,19,19,2281.7894736842104,2110.0,1.4047671842542844,0.6842105263157895,4.6411620181401216e-05,3.827535232250471e+24,1240049.4845312606,12,2025-04-05 00:00:00+00:00,0,-23.711805555555557
1743858000000,114,0.8352755756500789,84.62408067047369,550276.7548499915,0.7744020487055338,51,0.4473684210526316,1.1642081684938308,40,0.3508771929824561,0.2613642609505873,19.0,0.16666666666666666,1.0481658605780995,4.0,0.03508771929824561,,,0.0,0.5166214494685638,0.2577805992369699,51,51,2107.0588235294117,1776.0,1.3608126108952636,0.8431372549019608,5.09341011585709e-05,3.749012770024615e+24,1920468.7289820882,13,2025-04-05 00:00:00+00:00,0,-23.67013888888889
1743861600000,91,0.6894276622767326,54.64372497335277,395233.41697004874,0.7565466125596704,36,0.3956043956043956,0.8250307115800858,28,0.3076923076923077,0.45931034410341204,27.0,0.2967032967032967,,,0.0,,,0.0,0.3777183255982921,0.3788282869613783,36,36,2114.8611111111113,2331.5,1.412164716058379,0.9166666666666666,4.783106786291136e-05,3.7792895617620673e+24,1334084.9511982785,14,2025-04-05 00:00:00+00:00,0,-23.62847222222222
1743865200000,58,0.6420321423376744,33.09645685454524,258135.34391595508,0.6808022228594529,21,0.3620689655172414,0.8296514109099838,19,0.3275862068965517,0.3867026877751136,15.0,0.25862068965517243,0.45903348387340276,3.0,0.05172413793103448,,,0.0,0.23864841086121366,0.44215381199823917,21,21,2273.904761904762,1674.0,1.3696747492795047,0.8571428571428571,4.999557187799513e-05,3.702344797973895e+24,1545288.093331116,15,2025-04-05 00:00:00+00:00,0,-23.586805555555557
1743868800000,52,0.7265753082169983,33.37544660588875,237450.75462148653,0.7765946606141341,22,0.4230769230769231,0.8753469804389707,15,0.28846153846153844,0.36702146874750907,12.0,0.23076923076923078,1.0541237207394314,3.0,0.057692307692307696,,,0.0,0.2628891059636059,0.5137055546505281,22,22,2227.409090909091,2133.5,1.4180064511942492,0.8181818181818182,4.8778144713940944e-05,3.7053771802293954e+24,980476.3425840436,16,2025-04-05 00:00:00+00:00,0,-23.54513888888889
1743872400000,58,0.9721321141018888,51.17589342993625,314150.21427851537,0.8139504961727874,24,0.41379310344827586,1.0126893058904027,25,0.43103448275862066,0.7957196535643705,8.0,0.13793103448275862,5.165860833987623,1.0,0.017241379310344827,,,0.0,0.24491224392698585,0.5690382522458015,24,24,2212.3333333333335,2202.0,1.4072830349167111,0.7916666666666666,3.299005798690698e-05,3.7250090368870125e+24,1432087.8268643026,17,2025-04-05 00:00:00+00:00,0,-23.50347222222222
1743876000000,62,1.5254859026927192,589.4849215313262,486775.87174939725,0.7657681148620236,16,0.25806451612903225,0.8852836097870667,19,0.3064516129032258,2.510923746595186,26.0,0.41935483870967744,0.22343013172709897,1.0,0.016129032258064516,,,0.0,0.36522800836563757,0.40054010649638594,16,16,2348.1875,2107.0,1.4810536699821109,0.75,3.623502552427929e-05,3.709010807422126e+24,3570963.3011491187,18,2025-04-05 00:00:00+00:00,0,-23.461805555555557
1743879600000,28,0.9708723536966876,23.223160806682447,157164.19399587865,0.889447544603467,11,0.39285714285714285,1.0110312750952024,12,0.42857142857142855,1.0371884592271239,4.0,0.14285714285714285,1.1193737748181896,1.0,0.03571428571428571,,,0.0,0.21396521728297813,0.6754823273204889,11,11,2360.2727272727275,1574.0,1.4371786630822074,0.8181818181818182,3.164691657489081e-05,3.768028522418143e+24,655199.7157465835,19,2025-04-05 00:00:00+00:00,0,-23.42013888888889
1743883200000,76,0.6476671102893058,41.59269818710269,324640.3534167272,0.9281651973326742,21,0.27631578947368424,0.8499055290725689,19,0.25,0.3543905849001212,34.0,0.4473684210526316,0.7668731495090739,2.0,0.02631578947368421,,,0.0,0.2997322934350466,0.6284329038976276,21,21,2385.1428571428573,2160.0,1.4928810132238357,0.7619047619047619,7.844661442828423e-05,3.6623206189604627e+24,1686381.2856784202,20,2025-04-05 00:00:00+00:00,0,-23.37847222222222
1743886800000,46,0.7942536151627944,31.215366462964568,215876.06009122488,0.5657990363275124,18,0.391304347826087,0.9349908587558694,20,0.43478260869565216,0.9564333085594909,8.0,0.17391304347826086,,,0.0,,,0.0,0.26532225799354703,0.3004767783339653,18,18,3465.0,2681.5,1.7263710382271904,0.5555555555555556,5.008075670904235e-05,3.7544908737832495e+24,845360.2921767959,21,2025-04-05 00:00:00+00:00,0,-23.336805555555557
1743890400000,27,0.5773202484915662,14.01320289643831,109913.57183994233,0.6327824035362997,11,0.4074074074074074,0.41175882028544597,11,0.4074074074074074,0.819538649446617,5.0,0.18518518518518517,,,0.0,,,0.0,0.4946834591531768,0.13809894438312284,11,11,2539.181818181818,1320.0,1.4189737994200398,0.8181818181818182,2.4979628933560758e-05,3.792942879492875e+24,469088.30222069786,22,2025-04-05 00:00:00+00:00,0,-23.29513888888889
1743894000000,64,0.679537402268505,39.01065668311624,285915.6127032771,0.6966411210975529,25,0.390625,0.7343033152629935,24,0.375,0.580227058946163,14.0,0.21875,0.3279073261873719,1.0,0.015625,,,0.0,0.30532621588486103,0.39131490521269185,25,25,1790.96,1627.0,1.2689314134332799,0.88,3.981828228283972e-05,3.823918177792719e+24,1090850.1586539939,23,2025-04-05 00:00:00+00:00,0,-23.25347222222222
1743897600000,60,0.6467462528155414,33.948080044295565,254161.3221025873,0.5773703064696221,24,0.4,0.7861748334182718,23,0.38333333333333336,0.4914065273763377,11.0,0.18333333333333332,0.7301974219507965,2.0,0.03333333333333333,,,0.0,0.13479297530310233,0.4425773311665197,24,24,2566.5416666666665,2498.0,1.532221315288621,0.7083333333333334,4.059801138837216e-05,3.8314634401319774e+24,954256.7053239642,0,2025-04-06 00:00:00+00:00,0,-23.211805555555557
1743901200000,38,0.9504121475996818,31.030274413171572,203457.3129474551,1.0965189901210404,14,0.3684210526315789,0.9904957393049008,18,0.47368421052631576,0.48924540660085497,6.0,0.15789473684210525,,,0.0,,,0.0,0.5662829974198512,0.530235992701189,14,14,2161.3571428571427,1941.5,1.4177930826285106,0.9285714285714286,3.9234436021406654e-05,3.8278567117136027e+24,918350.0613607331,1,2025-04-06 00:00:00+00:00,0,-23.17013888888889
1743904800000,31,0.8766175000861282,25.98666674128419,161391.67478325198,0.5396842352525959,11,0.3548387096774194,1.1490017618852608,16,0.5161290322580645,0.7136469311818114,4.0,0.12903225806451613,,,0.0,,,0.0,0.32456632713177797,0.21511790812081796,11,11,1979.6363636363637,2212.0,1.3582626531778146,0.9090909090909091,2.5989082787273237e-05,3.79143697708416e+24,1307309.5455476828,2,2025-04-06 00:00:00+00:00,0,-23.12847222222222
1743908400000,42,0.7276194863874967,32.76464193346634,187960.2728337646,0.5694644343975896,13,0.30952380952380953,1.0644055460648425,19,0.4523809523809524,0.2933275405874189,10.0,0.23809523809523808,,,0.0,,,0.0,0.23101635940929646,0.3384480749882931,13,13,3107.6153846153848,1746.0,1.6097840382787436,0.6153846153846154,3.786015225007478e-05,3.70059007333734e+24,1378172.3439342598,3,2025-04-06 00:00:00+00:00,0,-23.086805555555557
1743912000000,30,0.6015998854670421,15.20294381614754,124845.1256917072,0.5706292531492138,12,0.4,0.649027303520332,17,0.5666666666666667,0.16698136637505273,1.0,0.03333333333333333,,,0.0,,,0.0,0.26035914414115063,0.31027010900806323,12,12,1522.0,1636.5,1.1547071009516965,0.9166666666666666,3.232032980981791e-05,3.69038254947853e+24,691520.4246670494,4,2025-04-06 00:00:00+00:00,0,-23.04513888888889
1743915600000,47,0.7772787260817116,36.76714940550447,235587.54090748052,0.643115946146495,16,0.3404255319148936,1.270316085385501,13,0.2765957446808511,0.3414647242908639,15.0,0.3191489361702128,1.5353883377073523,3.0,0.06382978723404255,,,0.0,0.1787745591999854,0.4643413869465096,16,16,2271.9375,2169.5,1.455294887499104,0.9375,3.520814221358232e-05,3.9420661078957236e+24,966402.2165611908,5,2025-04-06 00:00:00+00:00,0,-23.00347222222222
1743919200000,31,0.8038740071065152,21.33931727570603,145903.16867299442,0.9113795158225739,7,0.22580645161290322,1.0582503657699616,14,0.45161290322580644,0.2843567029148979,9.0,0.2903225806451613,1.1657221625304146,1.0,0.03225806451612903,,,0.0,0.21189181665148912,0.6994876991710848,7,7,2325.285714285714,1603.0,1.4805262622025008,0.8571428571428571,3.451268510774257e-05,3.9549514586782397e+24,929451.739791832,6,2025-04-06 00:00:00+00:00,0,-22.961805555555557
1743922800000,77,0.7859413701564792,53.98187872765625,409065.20854132966,0.8290374639513058,36,0.4675324675324675,0.8419064598751052,30,0.38961038961038963,0.3433421715172144,10.0,0.12987012987012986,1.9815212883765874,1.0,0.012987012987012988,,,0.0,0.6543986015398686,0.17463886241143714,36,36,1747.6944444444443,1759.5,1.2444852643392257,0.8888888888888888,5.919795621257866e-05,3.924665336763359e+24,1487855.9664634045,7,2025-04-06 00:00:00+00:00,0,-22.92013888888889
1743926400000,70,0.7302235648646779,41.66460573414938,310550.7459377337,0.733511314192485,27,0.38571428571428573,0.8345100593736526,23,0.32857142857142857,0.6058556345868169,20.0,0.2857142857142857,,,0.0,,,0.0,0.48817831153880964,0.24533300265367547,27,27,2301.777777777778,2467.0,1.4522251333478169,0.8518518518518519,5.29348633145933e-05,3.530538526261554e+24,1525151.0853865605,8,2025-04-06 00:00:00+00:00,0,-22.87847222222222
1743930000000,37,0.6067472596796621,17.96709470075679,128644.80650833812,0.8434998717338965,12,0.32432432432432434,0.8119152694181432,13,0.35135135135135137,0.14772930374207324,12.0,0.32432432432432434,,,0.0,,,0.0,0.7021112793313975,0.14138859240249899,12,12,2706.5833333333335,1746.5,1.4837921354155101,0.8333333333333334,3.256289523502478e-05,3.495177402464672e+24,1299682.0328011974,9,2025-04-06 00:00:00+00:00,0,-22.836805555555557
1743933600000,78,1.6846115850954781,919.4118697902727,603010.6845305845,0.8605761796220699,40,0.5128205128205128,0.843398973897903,20,0.2564102564102564,5.65264888446597,13.0,0.16666666666666666,1.324848295309767,5.0,0.0641025641025641,,,0.0,0.41457158304447717,0.4460045965775928,40,40,2384.85,2361.5,1.4702657770295464,0.875,3.5357538719749224e-05,3.364681308549505e+24,1382185.1008005517,10,2025-04-06 00:00:00+00:00,0,-22.79513888888889
1743937200000,40,0.8496667179307147,27.79209327746836,172249.20327095452,1.1051711887587476,9,0.225,1.0346455290814598,13,0.325,0.3988483471291483,15.0,0.375,1.5356703111345524,3.0,0.075,,,0.0,0.5006990754748737,0.604472113283874,9,9,2181.3333333333335,2420.0,1.4675828122408445,1.0,4.62832025562048e-05,3.3590255429568804e+24,892958.0655194452,11,2025-04-06 00:00:00+00:00,0,-22.75347222222222
1743940800000,64,0.6312408738488812,30.667279741874022,229741.94398948696,0.7723015014338209,19,0.296875,0.7432190096973083,27,0.421875,0.3215912939527651,17.0,0.265625,0.19172214006146854,1.0,0.015625,,,0.0,0.25309994559443916,0.5192015558393817,19,19,2633.6315789473683,1989.0,1.531587000607608,0.7894736842105263,4.71821428887481e-05,3.315443510541016e+24,1199408.231806853,12,2025-04-06 00:00:00+00:00,0,-22.711805555555557
1743944400000,86,0.8280110397132755,42.46481661255296,339136.84241512005,0.8082869341714918,45,0.5232558139534884,1.0283502058613663,17,0.19767441860465115,0.7230868282492224,24.0,0.27906976744186046,,,0.0,,,0.0,0.286268468955582,0.5220184652159097,45,45,1868.3333333333333,1842.0,1.2982036430072275,0.8666666666666667,7.494706561648807e-05,2.51813544923621e+24,2936502.192067039,13,2025-04-06 00:00:00+00:00,0,-22.67013888888889
1743948000000,148,1.0969578089233651,96.85073588823714,618047.2784179581,1.1607536039607431,51,0.34459459459459457,1.130645691301413,57,0.38513513513513514,0.6940432546478302,34.0,0.22972972972972974,2.517841142742228,6.0,0.04054054054054054,,,0.0,0.35126349088035824,0.8094901130803848,51,51,1923.2941176470588,1594.0,1.344435743124725,0.9607843137254902,7.881800251652589e-05,2.382241687616758e+24,3158973.4483346986,14,2025-04-06 00:00:00+00:00,0,-22.62847222222222
1743951600000,87,0.8987612857789743,47.29229144180523,329439.9678213318,0.995232552438643,32,0.367816091954023,0.9780234166466174,28,0.3218390804597701,0.636534249747218,24.0,0.27586206896551724,1.2277708415652242,3.0,0.034482758620689655,,,0.0,0.3180222980731584,0.6772102543654845,32,32,2285.65625,2132.0,1.4689067279354804,0.8125,5.768376051441912e-05,2.3827291459535602e+24,1500220.1971511953,15,2025-04-06 00:00:00+00:00,0,-22.586805555555557
1743955200000,81,1.2133671546328049,43.608437865099084,293930.13519919675,1.3510470785449145,27,0.3333333333333333,1.3537913321859325,32,0.3950617283950617,0.8615579506036328,19.0,0.2345679012345679,0.7045149043752131,3.0,0.037037037037037035,,,0.0,0.2997727978343638,1.0512742807105506,27,27,2631.3703703703704,2038.0,1.5147341293913672,0.7407407407407407,7.100428553595667e-05,1.7252499039045847e+24,1774247.7912108193,16,2025-04-06 00:00:00+00:00,0,-22.54513888888889
1743958800000,146,1.6602486833641816,117.45129826788997,541370.6924011887,1.5783500207460228,56,0.3835616438356164,1.8429241033044528,43,0.2945205479452055,1.558565791045752,42.0,0.2876712328767123,1.8606413886760325,5.0,0.03424657534246575,,,0.0,0.3829427122212126,1.1954073085248103,56,56,2016.517857142857,2016.5,1.3683800600780927,0.875,0.00013620846585524004,1.356739143748794e+24,4085413.540148108,17,2025-04-06 00:00:00+00:00,0,-22.50347222222222
1743962400000,266,2.2657164990459235,224.39021390770708,841815.5615845736,2.0350085859921507,89,0.33458646616541354,3.212341513407783,71,0.2669172932330827,1.8139767482170488,98.0,0.3684210526315789,1.9648569769613609,8.0,0.03007518796992481,,,0.0,0.2890346733204678,1.745973912671683,89,89,1849.3932584269662,1912.0,1.2985008431483185,0.9438202247191011,0.00030267756579326765,8.774234273477121e+23,6086389.982227751,18,2025-04-06 00:00:00+00:00,0,-22.461805555555557
1743966000000,281,2.4788522465374196,948.4214311499526,928990.109964439,2.120106476792427,85,0.302491103202847,2.5767703359475402,91,0.3238434163701068,2.6396685182189223,96.0,0.3416370106761566,3.161572492157317,9.0,0.03202846975088968,,,0.0,0.3264648002852704,1.793641676507157,85,85,2167.9882352941177,2071.0,1.4224860464795306,0.9058823529411765,0.0001817676784815973,9.20622770489209e+23,5146250.979425196,19,2025-04-06 00:00:00+00:00,0,-22.42013888888889
1743969600000,291,1.7142103974784804,149.78856561973944,762830.3578386076,1.9097366426719982,99,0.3402061855670103,2.1979230782462382,89,0.30584192439862545,1.1029525506798934,101.0,0.3470790378006873,1.378968229562739,2.0,0.006872852233676976,,,0.0,0.2713034079184927,1.6384332347535053,99,99,2222.5656565656564,2151.0,1.4265583079410942,0.8686868686868687,0.00022042658338182093,9.467284819268712e+23,4053441.995929605,20,2025-04-06 00:00:00+00:00,0,-22.37847222222222
1743973200000,221,2.46527426536058,1632.6055557704701,657476.8633277043,1.7420854672250434,58,0.26244343891402716,2.1138992889605235,75,0.3393665158371041,3.435771885785372,78.0,0.35294117647058826,1.7252001782337445,10.0,0.04524886877828054,,,0.0,0.3783537527364735,1.3637317144885701,58,58,2415.0862068965516,2171.5,1.507922966175083,0.8448275862068966,0.00012138209507945291,9.450545320646082e+23,2389542.6264005294,21,2025-04-06 00:00:00+00:00,0,-22.336805555555557
1743976800000,318,1.7615553131668018,167.05821828176343,834816.5655400414,1.8275644202495263,106,0.3333333333333333,2.6916359609132425,82,0.2578616352201258,0.9843984490889431,119.0,0.3742138364779874,2.5995633458293677,11.0,0.03459119496855346,,,0.0,0.33280662685139234,1.494757793398134,106,106,2279.2924528301887,2349.0,1.4260049765901546,0.8490566037735849,0.00018142844703388265,9.439594669161271e+23,4145939.7125185826,22,2025-04-06 00:00:00+00:00,0,-22.29513888888889
1743980400000,279,2.1372930616469628,202.30216820780248,732291.3984499791,1.8824331690455587,94,0.33691756272401435,2.830328220768079,87,0.3118279569892473,1.6171578190635647,91.0,0.32616487455197135,3.7080185096589777,7.0,0.025089605734767026,,,0.0,0.3226783220716403,1.5597548469739184,94,94,2269.7021276595747,2149.0,1.4291002689563896,0.8404255319148937,0.00019252771132970717,8.100213834898429e+23,4489093.94187508,23,2025-04-06 00:00:00+00:00,0,-22.25347222222222
1743984000000,255,1.828670032325253,138.1230817352833,717991.9390834696,1.9307315372931297,100,0.39215686274509803,2.42910305262938,85,0.3333333333333333,0.9116748734913342,62.0,0.24313725490196078,1.2800128604583136,8.0,0.03137254901960784,,,0.0,0.3524947357617223,1.5782368015314074,100,100,2232.82,2183.5,1.435598140638381,0.86,0.00015570511684351955,9.485319580529577e+23,2730901.565300957,0,2025-04-07 00:00:00+00:00,0,-22.211805555555557
1743987600000,262,1.6430557634467966,139.70221288718955,758868.8787542715,1.6039790336338235,102,0.3893129770992366,2.1586995286688198,89,0.33969465648854963,0.9580363155725943,63.0,0.24045801526717558,1.7992753324765363,8.0,0.030534351145038167,,,0.0,0.3909827022171191,1.2129963314167045,102,102,2087.5588235294117,2085.0,1.3911344280843096,0.9215686274509803,0.00013259929617825042,1.1359233533745207e+24,3083285.1972108525,1,2025-04-07 00:00:00+00:00,0,-22.17013888888889
1743991200000,238,1.379122544003689,101.10329829568917,590252.8181981228,1.5298201638514715,82,0.3445378151260504,1.695775205995601,85,0.35714285714285715,0.7607429784315655,65.0,0.27310924369747897,1.5327876548965806,6.0,0.025210084033613446,,,0.0,0.29468356096971476,1.2351366028817565,82,82,2321.4756097560976,2268.5,1.4647875025530679,0.8414634146341463,0.00010264148569792849,1.1309560419379758e+24,1965423.453199477,2,2025-04-07 00:00:00+00:00,0,-22.12847222222222
1743994800000,250,2.0338536450291675,149.37836268146393,652737.8955270511,2.09425036773203,94,0.376,2.5818508743292363,84,0.336,1.257610117619246,69.0,0.276,2.651101710365756,3.0,0.012,,,0.0,0.327559468756781,1.7666908989752488,94,94,2307.1063829787236,2215.5,1.447085560688945,0.851063829787234,0.00017483203723156826,8.663967881186479e+23,4228673.633499761,3,2025-04-07 00:00:00+00:00,0,-22.086805555555557
1743998400000,338,1.8420187765952005,162.11878385276816,820842.7087331365,1.8742344713469172,107,0.3165680473372781,2.785813231720886,105,0.3106508875739645,0.9248280846229373,119.0,0.3520710059171598,2.7849038077478587,7.0,0.020710059171597635,,,0.0,0.26235747487483624,1.6118769964720812,107,107,2068.0467289719627,2192.0,1.3909498092015518,0.9158878504672897,0.00016861612363894908,8.209758250795516e+23,3902427.016487605,4,2025-04-07 00:00:00+00:00,0,-22.04513888888889
1744002000000,342,2.5083467796534307,472.9419955538045,895139.7904707292,2.554306622181337,107,0.3128654970760234,2.8164798926597565,104,0.30409356725146197,2.085352849125762,118.0,0.34502923976608185,3.5044803872781225,13.0,0.038011695906432746,,,0.0,0.3122008936360987,2.242105728545238,107,107,2183.1028037383176,2188.0,1.4351301181011513,0.9158878504672897,0.0002004439472134,7.04556743850672e+23,3409804.9272481874,5,2025-04-07 00:00:00+00:00,0,-22.00347222222222
1744005600000,357,3.6268733296934483,5297.6616977645135,1035931.2106926738,2.710806842259938,94,0.26330532212885155,3.7942243072099706,75,0.21008403361344538,4.005393878265688,183.0,0.5126050420168067,4.484806552951582,5.0,0.014005602240896359,,,0.0,0.3369478313079642,2.373859010951974,94,94,1711.8085106382978,1791.5,1.2324898587699966,0.9468085106382979,0.0003085958603571477,5.812710805153377e+23,10055448.151501512,6,2025-04-07 00:00:00+00:00,0,-21.961805555555557
1744009200000,378,3.6951702445653627,5269.118697166319,1118760.6969746405,2.410477330241782,87,0.23015873015873015,4.204875181996452,90,0.23809523809523808,4.046543942812547,190.0,0.5026455026455027,3.6164281091461272,11.0,0.0291005291005291,,,0.0,0.29378595997056856,2.116691370271213,87,87,1861.528735632184,1993.0,1.3031880772223423,0.9770114942528736,0.00024448849850409023,5.7726103703322365e+23,9557211.557926482,7,2025-04-07 00:00:00+00:00,0,-21.92013888888889
1744012800000,380,2.306946613775595,190.8677962958641,805981.3741434739,2.259591229758315,111,0.29210526315789476,3.6472341239752337,104,0.2736842105263158,1.387970785869683,158.0,0.41578947368421054,3.8876219529598544,7.0,0.018421052631578946,,,0.0,0.299377125645828,1.9602141041124872,111,111,1906.7297297297298,2076.0,1.3315140226078832,0.963963963963964,0.00022086764784669312,6.004246024917668e+23,5615879.855490438,8,2025-04-07 00:00:00+00:00,0,-21.87847222222222
1744016400000,305,2.2988796511062013,1230.7300907775182,623804.7576881334,1.8456901637463228,86,0.2819672131147541,2.454271876864803,86,0.2819672131147541,2.408684645951912,123.0,0.40327868852459015,3.509334664274944,10.0,0.03278688524590164,,,0.0,0.31264429545827,1.5330458682880528,86,86,2084.3255813953488,2180.0,1.3771880692898797,0.9302325581395349,0.00015792778896838542,6.096284804625464e+23,4408568.6580580855,9,2025-04-07 00:00:00+00:00,0,-21.836805555555557
1744020000000,290,2.4895394013090506,716.0106993753949,663269.3578080575,2.5144240850615667,89,0.30689655172413793,2.397628615318087,77,0.2655172413793103,2.5391621182804363,113.0,0.3896551724137931,2.421814551269381,11.0,0.03793103448275862,,,0.0,0.3811931699982985,2.1332309150632685,89,89,2043.4719101123596,1839.0,1.3802344455341315,0.898876404494382,0.00017028055570242765,6.191528885359647e+23,3259322.094644042,10,2025-04-07 00:00:00+00:00,0,-21.79513888888889
1744023600000,183,2.275704421244162,185.3281794829497,376834.50899518305,1.9494731936003018,58,0.31693989071038253,2.9778474281219633,54,0.29508196721311475,1.9679980102959989,69.0,0.3770491803278688,3.3944200149270696,2.0,0.01092896174863388,,,0.0,0.30143716741191484,1.6480360261883868,58,58,2322.1206896551726,2309.0,1.4549072496646462,0.8275862068965517,0.00011876314437028179,6.102546083456873e+23,3695992.604545569,11,2025-04-07 00:00:00+00:00,0,-21.75347222222222
1744027200000,296,2.016435743463476,146.62231289982196,607173.3966464074,2.108504486476742,94,0.31756756756756754,2.5887539285782672,78,0.2635135135135135,1.4934722792998374,110.0,0.3716216216216216,2.3186286560205853,14.0,0.0472972972972973,,,0.0,0.36253336209030956,1.7459711243864324,94,94,2016.0744680851064,2048.5,1.3824398801619138,0.9468085106382979,0.00020060133169397877,6.652665824325882e+23,3757916.3374350723,12,2025-04-07 00:00:00+00:00,0,-21.711805555555557
1744030800000,361,1.9778476244277534,213.81991108644175,973248.7847081798,2.2303711014072154,110,0.3047091412742382,2.862797691802136,94,0.26038781163434904,1.191563664529675,149.0,0.41274238227146814,2.7520252774128626,8.0,0.0221606648199446,,,0.0,0.36296723448683166,1.8674038669203836,110,110,1823.8636363636363,1932.5,1.2873016072911703,0.9545454545454546,0.0002955746337843997,8.679752921790091e+23,6402147.922110736,13,2025-04-07 00:00:00+00:00,0,-21.67013888888889
1744034400000,393,2.4176450105127536,385.51507351151884,1573702.2326794704,2.3687271084408454,125,0.31806615776081426,4.239588404242177,63,0.16030534351145037,1.8875586883373139,205.0,0.5216284987277354,,,0.0,,,0.0,0.4318466316582245,1.9368804767826209,125,125,1620.456,1754.0,1.1979482511881792,0.968,0.00039929867745794605,1.0653875665225998e+24,13616716.691771926,14,2025-04-07 00:00:00+00:00,0,-21.62847222222222
1744038000000,308,2.0458751551165113,222.36964146864472,974618.054661268,2.140850571713558,110,0.35714285714285715,3.0413158465548773,78,0.2532467532467532,1.2581742689928466,115.0,0.37337662337662336,2.5446615843872653,5.0,0.016233766233766232,,,0.0,0.3940390553568034,1.7468115163567548,110,110,1903.2818181818182,1880.5,1.3197266703644825,0.9454545454545454,0.00022332916101026697,9.888135057629288e+23,6031620.6698334245,15,2025-04-07 00:00:00+00:00,0,-21.586805555555557
1744041600000,283,1.7669027652054117,144.54826127239957,708853.758253406,1.9896282115798922,101,0.3568904593639576,2.4026874608331714,85,0.3003533568904594,0.8535600865022072,91.0,0.3215547703180212,2.8631051901736693,6.0,0.02120141342756184,,,0.0,0.3923490661157642,1.597279145464128,101,101,2309.6534653465346,2165.0,1.4622163595881492,0.7920792079207921,0.00014651720052433754,9.322204643687843e+23,2785090.7539950144,16,2025-04-07 00:00:00+00:00,0,-21.54513888888889
1744045200000,297,1.5337195192699586,133.82455410604257,746928.6427170921,1.6660242746754574,115,0.3872053872053872,1.998145078510428,80,0.26936026936026936,0.9851055973298444,97.0,0.3265993265993266,1.7030112827342023,5.0,0.016835016835016835,,,0.0,0.3434749460576781,1.3225493286177794,115,115,2103.2521739130434,2066.0,1.39253995827522,0.9043478260869565,0.00016252590905757716,1.022952006552684e+24,3547071.225166203,17,2025-04-07 00:00:00+00:00,0,-21.50347222222222
1744048800000,271,1.6071369021993198,135.6400622855619,698908.7663155337,1.6322461731863445,115,0.42435424354243545,2.19295682288072,72,0.2656826568265683,0.9097458230602508,73.0,0.2693726937269373,2.1383140226159956,11.0,0.04059040590405904,,,0.0,0.39357120851539257,1.2386749646709518,115,115,2282.113043478261,2246.0,1.450136812852972,0.8521739130434782,0.0001170226240826,1.0481533449288138e+24,2969661.900444298,18,2025-04-07 00:00:00+00:00,0,-21.461805555555557
1744052400000,245,1.4735831152110077,105.6205946209255,596873.9898327438,1.48078071645424,106,0.4326530612244898,1.8747175786747903,75,0.30612244897959184,0.9586053649924792,61.0,0.24897959183673468,1.6621205391323215,3.0,0.012244897959183673,,,0.0,0.33890823932775493,1.1418724771264848,106,106,2204.811320754717,2275.5,1.420510877862419,0.9056603773584906,0.0001222088336236684,1.0465824011887859e+24,1825535.8783327595,19,2025-04-07 00:00:00+00:00,0,-21.42013888888889
1744056000000,158,1.477087368850942,68.18263684855842,366960.0019220838,1.407073863278488,54,0.34177215189873417,1.8514993314952901,59,0.37341772151898733,0.6463239236302408,35.0,0.22151898734177214,2.553801777612997,10.0,0.06329113924050633,,,0.0,0.38712884585141444,1.0199450174270737,54,54,2736.722222222222,2496.5,1.611704153236872,0.7037037037037037,7.427716152868793e-05,1.057175922812526e+24,1209094.4253033327,20,2025-04-07 00:00:00+00:00,0,-21.37847222222222
1744059600000,140,1.0443694893174025,36.68158489328568,265719.24750488036,1.2273327691360527,45,0.32142857142857145,1.1197437075594419,61,0.4357142857142857,0.5833861511373765,28.0,0.2,1.0570959167235763,6.0,0.04285714285714286,,,0.0,0.36230232976427185,0.8650304393717809,45,45,2696.866666666667,2438.0,1.583154357946853,0.7333333333333333,5.7978927391704005e-05,1.0614389790568403e+24,2679587.5911747,21,2025-04-07 00:00:00+00:00,0,-21.336805555555557
1744063200000,81,1.2296035392617481,26.8784368550422,186858.46822774498,1.2042698581032343,31,0.38271604938271603,1.5716635528748624,31,0.38271604938271603,0.592156985696036,15.0,0.18518518518518517,1.1653990386100164,4.0,0.04938271604938271,,,0.0,0.40105917175338945,0.8032106863498448,31,31,2468.0,1811.0,1.4744016047968609,0.7096774193548387,7.25988038069952e-05,1.0693232872026409e+24,1337348.3031935804,22,2025-04-07 00:00:00+00:00,0,-21.29513888888889
1744066800000,107,1.4137484773707039,43.21108486252527,269958.3161708038,1.327689465490517,28,0.2616822429906542,1.6579514572938612,50,0.4672897196261682,1.0264041067619587,25.0,0.2336448598130841,1.384526627797201,4.0,0.037383177570093455,,,0.0,0.29418346931114975,1.0335059961793671,28,28,2421.035714285714,2118.5,1.4977424576669558,0.75,6.131247472384152e-05,1.0553713138615454e+24,935594.832813907,23,2025-04-07 00:00:00+00:00,0,-21.25347222222222
1744070400000,163,1.440974347637605,66.78543530937576,375908.6751828675,1.630781890253409,53,0.32515337423312884,1.979494101688338,63,0.38650306748466257,0.4459894882261832,43.0,0.26380368098159507,1.1404255203519296,4.0,0.024539877300613498,,,0.0,0.4791432490512538,1.151638641202155,53,53,3028.9811320754716,2673.0,1.6550875706119863,0.6226415094339622,8.252411629790758e-05,1.0549166689250168e+24,1059206.7000793172,0,2025-04-08 00:00:00+00:00,0,-21.211805555555557
1744074000000,216,1.4059436132553311,106.74417903820793,604711.8432897334,1.5489575077794704,74,0.3425925925925926,1.6995776328289645,76,0.35185185185185186,0.9152692164920777,62.0,0.28703703703703703,0.7865933424901503,4.0,0.018518518518518517,,,0.0,0.3816254500302942,1.1673320577491761,74,74,2496.527027027027,2392.0,1.5225114869342127,0.8378378378378378,9.844863665254346e-05,1.3137746521995414e+24,2511555.3574665156,1,2025-04-08 00:00:00+00:00,0,-21.17013888888889
1744077600000,175,1.2434784586022247,84.50455773447516,517919.37378310313,1.380145969040674,63,0.36,1.6903389892967067,56,0.32,0.576607367833191,51.0,0.2914285714285714,1.3187150091437125,5.0,0.02857142857142857,,,0.0,0.3743915691573107,1.0057543998833633,63,63,2363.904761904762,2355.0,1.48954941462246,0.8253968253968254,9.446786617106826e-05,1.477989769219754e+24,2406163.128654359,2,2025-04-08 00:00:00+00:00,0,-21.12847222222222
1744081200000,141,1.2731513763221984,74.4179564167748,445707.9994596023,1.233523588574078,58,0.41134751773049644,1.5064061251926808,53,0.375886524822695,0.9591425638245588,26.0,0.18439716312056736,0.798186157370707,4.0,0.028368794326241134,,,0.0,0.37635875732932467,0.8571648312447534,58,58,2355.7758620689656,2019.0,1.4651144162128424,0.8448275862068966,7.066468590904685e-05,1.6280279714825878e+24,1368544.735884424,3,2025-04-08 00:00:00+00:00,0,-21.086805555555557
1744084800000,183,1.1681995468151796,83.51001714265017,499943.0037006095,1.1482142793889085,68,0.37158469945355194,1.5244919390172782,56,0.30601092896174864,0.8130437239370556,53.0,0.2896174863387978,1.206513352516759,6.0,0.03278688524590164,,,0.0,0.47738636838513493,0.6708279110037737,68,68,2285.794117647059,2303.0,1.4503858200333164,0.8529411764705882,6.709703774399512e-05,1.410708622188858e+24,1988142.6180047065,4,2025-04-08 00:00:00+00:00,0,-21.04513888888889
1744088400000,166,1.0068749502382441,63.31515167153039,423257.3131081573,1.1064713659575156,71,0.42771084337349397,1.1360150518837107,56,0.3373493975903614,0.5940446848677426,35.0,0.21084337349397592,1.0433419701765265,4.0,0.024096385542168676,,,0.0,0.3781110731447206,0.728360292812795,71,71,2290.112676056338,2219.0,1.444549027407056,0.8591549295774648,6.152536987156895e-05,1.5623335658442872e+24,1093727.278772627,5,2025-04-08 00:00:00+00:00,0,-21.00347222222222
1744092000000,136,1.3763612274383328,63.8886409739983,385607.7663027389,1.4421496306242425,45,0.33088235294117646,1.6949625825679693,56,0.4117647058823529,0.6282272092202439,29.0,0.21323529411764705,1.5253166437215018,6.0,0.04411764705882353,,,0.0,0.35505780467400544,1.0870918259502371,45,45,2173.0666666666666,2204.0,1.4425667499060622,0.9333333333333333,8.349528021087115e-05,1.306664302858527e+24,1373707.2863720288,6,2025-04-08 00:00:00+00:00,0,-20.961805555555557
1744095600000,146,1.4015718302965343,65.89101757878242,352241.2781171232,1.5079543454811384,42,0.2876712328767123,1.9654445264440292,58,0.3972602739726027,0.5815426156932302,44.0,0.3013698630136986,0.8558735444151875,2.0,0.0136986301369863,,,0.0,0.3651299442693366,1.1428244012118018,42,42,2308.190476190476,2205.5,1.45563940148141,0.8571428571428571,8.683071366838683e-05,1.1103048379160554e+24,1084147.9330563678,7,2025-04-08 00:00:00+00:00,0,-20.92013888888889
1744099200000,123,1.330397095116896,44.98759321501171,285134.22798569343,1.4638528262603983,41,0.3333333333333333,1.5063181064210176,53,0.43089430894308944,0.7104244862988781,25.0,0.2032520325203252,1.5063512562290002,4.0,0.032520325203252036,,,0.0,0.6242653888769876,0.8395874373834107,41,41,2161.170731707317,2093.0,1.396051511206824,0.9024390243902439,7.60384624446762e-05,1.088783770326156e+24,1054379.2025103508,8,2025-04-08 00:00:00+00:00,0,-20.87847222222222
1744102800000,161,1.3573589306234444,74.54784668759987,414285.04373238015,1.3268189522872125,57,0.35403726708074534,1.4236333352581043,54,0.33540372670807456,1.2424016820142556,48.0,0.2981366459627329,3.1973133546907566,2.0,0.012422360248447204,,,0.0,0.5029125921190755,0.823906360168137,57,57,2420.4912280701756,2130.0,1.4959661753980926,0.8245614035087719,8.297746579437859e-05,1.1934078776988755e+24,1674770.9533755516,9,2025-04-08 00:00:00+00:00,0,-20.836805555555557
1744106400000,120,1.0393198889189963,37.581760514677484,257563.5197171176,1.0431648473386175,36,0.3,1.5628207604284283,44,0.36666666666666664,0.42281331431293173,36.0,0.3,0.7947648479932354,4.0,0.03333333333333333,,,0.0,0.3659698606140345,0.677194986724583,36,36,3088.3611111111113,2644.0,1.6015253816856447,0.75,5.25232198587681e-05,1.2163212152315742e+24,829755.8733585259,10,2025-04-08 00:00:00+00:00,0,-20.79513888888889
1744110000000,183,1.0709234277038442,74.723154250194,495818.38060820365,0.9765895102596083,63,0.3442622950819672,1.5569062596602186,61,0.3333333333333333,0.5629742805467891,53.0,0.2896174863387978,1.6074882358658364,6.0,0.03278688524590164,,,0.0,0.25511003790792736,0.7214794723516809,63,63,2348.4761904761904,1994.0,1.4544136514999138,0.8571428571428571,9.378606471675705e-05,1.5611898338585603e+24,2215696.8127430747,11,2025-04-08 00:00:00+00:00,0,-20.75347222222222
1744113600000,200,1.3019094227254235,111.94279292607652,683306.4111462112,1.175100376629112,85,0.425,1.8255203197720544,69,0.345,0.7125427496931614,42.0,0.21,1.1526637450564046,4.0,0.02,,,0.0,0.41285321024189076,0.7622471663872212,85,85,2073.141176470588,2263.0,1.388867428764663,0.9058823529411765,0.00010002877506998237,1.6508336359271665e+24,2071241.2993511616,12,2025-04-08 00:00:00+00:00,0,-20.711805555555557
1744117200000,275,1.2863871401914098,147.79723406482475,872122.8088553373,1.3159293436894004,107,0.3890909090909091,1.792787697246459,85,0.3090909090909091,0.7456295889938371,79.0,0.2872727272727273,0.41508299535242354,4.0,0.014545454545454545,,,0.0,0.29996518020230895,1.0159641634870915,107,107,2044.4299065420562,2092.0,1.378639749088107,0.9252336448598131,0.0001359294678365702,1.5413934459348246e+24,3893985.460281112,13,2025-04-08 00:00:00+00:00,0,-20.67013888888889
1744120800000,212,1.2423511732360972,107.85277112605621,657608.6739433259,1.3606306547482288,73,0.3443396226415094,1.794768695820464,65,0.30660377358490565,0.6060186968206585,67.0,0.3160377358490566,0.9698847163025184,7.0,0.0330188679245283,,,0.0,0.35516480779665605,1.0054658469515727,73,73,1915.945205479452,1973.0,1.3355307790740252,0.9315068493150684,0.00010479102080672695,1.5798558664571271e+24,2319692.4056448024,14,2025-04-08 00:00:00+00:00,0,-20.62847222222222
1744124400000,212,1.2558440606257857,93.07109484974191,564952.8758507139,1.4834859387538253,69,0.32547169811320753,1.6955708071429547,74,0.3490566037735849,0.530777576850495,65.0,0.30660377358490565,0.9764072136979616,4.0,0.018867924528301886,,,0.0,0.49327656516511265,0.9902093735887127,69,69,2830.6376811594205,2655.0,1.644837935550227,0.782608695652174,0.00010711264622427861,1.3411890884506228e+24,2046973.1121155648,15,2025-04-08 00:00:00+00:00,0,-20.586805555555557
1744128000000,283,1.3082824667555233,128.40432205271665,781953.2725416862,1.2424624696823685,86,0.303886925795053,1.7812728584724424,90,0.31802120141342755,0.9832561601653159,99.0,0.3498233215547703,0.7169060725304164,8.0,0.028268551236749116,,,0.0,0.3355656135107523,0.9068968561716163,86,86,1811.6860465116279,1929.5,1.294966487960117,0.9651162790697675,0.00014126232186381153,1.3833691032668503e+24,4100730.1891327477,16,2025-04-08 00:00:00+00:00,0,-20.54513888888889
1744131600000,269,1.5860350596621104,135.80886636045545,733519.7013408032,1.7710819656322456,116,0.4312267657992565,1.95921386467968,79,0.2936802973977695,0.8470645566953899,69.0,0.25650557620817843,1.594514662818126,5.0,0.01858736059479554,,,0.0,0.34664525078974406,1.4244367148425015,116,116,1990.7155172413793,2063.0,1.347599093706834,0.9137931034482759,0.0001518474673099209,1.0776585947005454e+24,4097614.1027722666,17,2025-04-08 00:00:00+00:00,0,-20.50347222222222
1744135200000,255,1.482235849846136,122.50522590743866,725661.4773074691,1.701639701265781,110,0.43137254901960786,1.6672290684724724,81,0.3176470588235294,0.7408984420941503,54.0,0.21176470588235294,1.573570415217441,10.0,0.0392156862745098,,,0.0,0.30181703332153037,1.3998226679442503,110,110,2277.190909090909,2093.0,1.4582571233669772,0.8090909090909091,0.0001338098575022394,1.1675260884216294e+24,2737552.4605020974,18,2025-04-08 00:00:00+00:00,0,-20.461805555555557
1744138800000,183,1.6074537353882614,96.92465277343726,546017.4064386486,1.5223302766526148,84,0.45901639344262296,2.2445794197813362,58,0.31693989071038253,0.7933121281410447,37.0,0.20218579234972678,1.6875338121740144,4.0,0.02185792349726776,,,0.0,0.28010152423305285,1.2422287524195619,84,84,2128.3571428571427,2038.5,1.4054352985416132,0.8452380952380952,0.00012741465682560368,1.1176096501714526e+24,1743823.0583396268,19,2025-04-08 00:00:00+00:00,0,-20.42013888888889
1744142400000,171,1.546655438912127,82.77088335331487,486828.2338125011,1.6574459780337323,84,0.49122807017543857,1.8100983119566871,52,0.30409356725146197,0.651180080916396,30.0,0.17543859649122806,2.318420649980114,5.0,0.029239766081871343,,,0.0,0.4228055044661942,1.2346404735675383,84,84,2598.5,2440.5,1.5470704102531276,0.7142857142857143,9.809936804464322e-05,1.1383467666183681e+24,1350971.502747375,20,2025-04-08 00:00:00+00:00,0,-20.37847222222222
1744146000000,132,1.201866820791265,46.436082446581246,287085.5867528946,1.3650058205297586,48,0.36363636363636365,1.4385032169794278,49,0.3712121212121212,0.6533873842878669,24.0,0.18181818181818182,0.6325623731016193,11.0,0.08333333333333333,,,0.0,0.41862240386964505,0.9463834166601135,48,48,3112.5208333333335,2564.0,1.657692400816685,0.6875,8.760475972607367e-05,1.1939581672455263e+24,974018.6631377903,21,2025-04-08 00:00:00+00:00,0,-20.336805555555557
1744149600000,205,1.653080157085067,118.62101932402554,588289.6430687966,1.7415613152589424,89,0.43414634146341463,2.016907621288836,67,0.32682926829268294,0.8397175552128809,42.0,0.2048780487804878,1.9259324570142717,7.0,0.03414634146341464,,,0.0,0.26498640407233964,1.4765749111866027,89,89,2469.0898876404494,2229.0,1.4859428576648057,0.8202247191011236,0.00012853044560405194,1.1455191353086578e+24,1563708.4498201637,22,2025-04-08 00:00:00+00:00,0,-20.29513888888889
1744153200000,170,1.4988728544208396,73.38622126875508,418238.8685041329,1.393840737311774,71,0.4176470588235294,1.9984306290617633,56,0.32941176470588235,1.0560770765372944,37.0,0.21764705882352942,0.8097876405113548,6.0,0.03529411764705882,,,0.0,0.30990769942056745,1.0839330378912067,71,71,2657.478873239437,2520.0,1.5730280302512563,0.8309859154929577,9.920110056579542e-05,1.0427476169667087e+24,1550589.668877157,23,2025-04-08 00:00:00+00:00,0,-20.25347222222222
1744156800000,184,1.516096830471332,71.79906310248882,376010.64976318885,1.6108494643195717,61,0.33152173913043476,1.8721655968581132,61,0.33152173913043476,0.9851535789543501,57.0,0.30978260869565216,2.068828814897673,5.0,0.02717391304347826,,,0.0,0.3519939578764606,1.258855506443111,61,61,2384.590163934426,2231.0,1.4814531648434488,0.8688524590163934,0.0001771796113587662,9.026555391224188e+23,2144918.341974248,0,2025-04-09 00:00:00+00:00,0,-20.211805555555557
1744160400000,274,1.9999589605218802,135.27156555262502,614693.3848335528,2.212658353999987,95,0.3467153284671533,2.615603063844996,77,0.28102189781021897,1.33577111764506,101.0,0.3686131386861314,1.471892754780658,1.0,0.0036496350364963502,,,0.0,0.3573114713264208,1.8553468826735662,95,95,1979.3157894736842,1992.0,1.3492484325560847,0.9052631578947369,0.0002462619797434395,7.218692270576577e+23,4301480.023082274,1,2025-04-09 00:00:00+00:00,0,-20.17013888888889
1744164000000,199,1.4252059237533063,56.720559730695314,322273.27715880034,1.626565051901261,53,0.2663316582914573,1.7588204034859103,71,0.35678391959798994,0.9598878429741997,70.0,0.35175879396984927,1.067926684089505,5.0,0.02512562814070352,,,0.0,0.2640489664075774,1.3625160854936835,53,53,2648.9245283018868,2530.0,1.561094815108594,0.7924528301886793,0.00014224592777866148,7.378688867690057e+23,1711949.8286423623,2,2025-04-09 00:00:00+00:00,0,-20.12847222222222
1744167600000,176,2.024506393279582,569.2387680687825,359327.17039018887,1.6677667161513487,40,0.22727272727272727,1.6625563607224423,71,0.4034090909090909,2.6864761559098973,63.0,0.35795454545454547,1.1564785687677723,2.0,0.011363636363636364,,,0.0,0.327709465820559,1.3400572503307895,40,40,2802.7,2633.0,1.6282074655082384,0.775,0.00012960067131868286,7.240514398871164e+23,1597047.3118862377,3,2025-04-09 00:00:00+00:00,0,-20.086805555555557
1744171200000,218,1.359883678785614,62.01495682147527,351415.97218115826,1.3615729557512846,73,0.3348623853211009,1.875199005257325,67,0.3073394495412844,0.8921014053874555,73.0,0.3348623853211009,1.2596160519789965,5.0,0.022935779816513763,,,0.0,0.393463208432103,0.9681097473191815,73,73,2172.4657534246576,2203.0,1.4153307002748416,0.863013698630137,0.00014691911434383794,7.517482301044126e+23,1647082.601656873,4,2025-04-09 00:00:00+00:00,0,-20.04513888888889
1744174800000,132,1.1790036279463842,32.6065530798433,186886.50772905297,1.332723897776265,32,0.24242424242424243,1.3416239575536582,52,0.3939393939393939,0.8471640265952584,44.0,0.3333333333333333,1.4854127992751662,4.0,0.030303030303030304,,,0.0,0.3293612211760785,1.0033626766001862,32,32,2596.3125,2606.0,1.5716273648742032,0.78125,7.549210771721346e-05,7.74790199097913e+23,993714.2397420907,5,2025-04-09 00:00:00+00:00,0,-20.00347222222222
1744178400000,122,1.3658796467840393,40.220774867109,211906.88627494604,1.422332237230096,25,0.20491803278688525,1.871553486667494,57,0.4672131147540984,0.618442501772244,39.0,0.319672131147541,0.28120466773573577,1.0,0.00819672131147541,,,0.0,0.31921194406374725,1.1031202931663486,25,25,2177.92,2108.0,1.4425053817428775,0.96,7.432347797885565e-05,8.875506699241959e+23,942546.63421618,6,2025-04-09 00:00:00+00:00,0,-19.961805555555557
1744182000000,129,1.338004015268701,44.601194943469245,243011.62818297057,1.0145304813535723,33,0.2558139534883721,1.8814552912581048,59,0.4573643410852713,0.7723666693469602,35.0,0.2713178294573643,0.542158236811364,2.0,0.015503875968992248,,,0.0,0.46894073112618756,0.5455897502273848,33,33,2136.0,2258.0,1.3991972565596493,0.8787878787878788,9.562605084916111e-05,9.393907095486496e+23,1265410.3006255273,7,2025-04-09 00:00:00+00:00,0,-19.92013888888889
1744185600000,140,1.19493892852775,39.48097712167583,234044.92166488076,1.3249258470428271,36,0.2571428571428571,1.4501036223802908,51,0.36428571428571427,0.7510143207238044,47.0,0.3357142857142857,1.7235269474882677,6.0,0.04285714285714286,,,0.0,0.3843231112274799,0.9406027358153471,36,36,2290.472222222222,2212.5,1.481736949072287,0.8888888888888888,8.088593852100035e-05,9.508742199965026e+23,1116933.2780130976,8,2025-04-09 00:00:00+00:00,0,-19.87847222222222
1744189200000,69,1.6386643095595117,81.96564493387879,161471.29308148884,1.3634610376999603,22,0.3188405797101449,1.484470571468611,25,0.36231884057971014,2.1176947330361915,20.0,0.2898550724637681,1.8030177913840326,2.0,0.028985507246376812,,,0.0,0.3527858563122663,1.010675181387694,22,22,2644.8636363636365,2733.0,1.5990836768625591,0.7272727272727273,8.511338153903878e-05,1.0155109967670975e+24,851655.0570614573,9,2025-04-09 00:00:00+00:00,0,-19.836805555555557
1744192800000,91,1.2529703325750579,38.223577251454046,166697.48581096993,1.3617495551365115,22,0.24175824175824176,1.3220091915678636,39,0.42857142857142855,1.1123387827608,28.0,0.3076923076923077,0.6789828314389688,2.0,0.02197802197802198,,,0.0,0.4332026238580733,0.9285469312784381,22,22,2237.3636363636365,2340.0,1.4850696758107278,0.9545454545454546,7.445954823959913e-05,1.0261333888404866e+24,1321928.4745623218,10,2025-04-09 00:00:00+00:00,0,-19.79513888888889
1744196400000,241,1.4231255509345315,93.57275497633074,507575.8468306445,1.457483477275909,61,0.25311203319502074,2.0166296494508114,82,0.34024896265560167,0.9071863506132773,95.0,0.3941908713692946,0.8401436993879342,3.0,0.012448132780082987,,,0.0,0.26255696812151214,1.1949265091543966,61,61,2067.55737704918,2052.0,1.3988037669457953,0.9344262295081968,0.00013682276335162089,9.196283835884005e+23,2643552.4082632,11,2025-04-09 00:00:00+00:00,0,-19.75347222222222
1744200000000,145,1.4454193155537503,54.92775784773246,280793.50013232115,1.638786460930659,40,0.27586206896551724,1.689053852820885,54,0.3724137931034483,1.021433930224359,50.0,0.3448275862068966,1.7537377545217012,1.0,0.006896551724137931,,,0.0,0.23083503598936378,1.407951424941295,40,40,2643.25,2420.5,1.566202174131321,0.75,0.00012091176062913533,9.066101323752979e+23,1447498.1499208547,12,2025-04-09 00:00:00+00:00,0,-19.711805555555557
1744203600000,189,1.5428975678327963,106.57811133832077,502191.4547340193,1.6834654076371196,61,0.32275132275132273,2.035061656165589,64,0.3386243386243386,0.8825123515045459,61.0,0.32275132275132273,1.6130170060530606,3.0,0.015873015873015872,,,0.0,0.23425400805294552,1.4492113995841738,61,61,2367.7704918032787,2617.0,1.4964319923891933,0.8688524590163934,0.00014462723208915945,1.1832772259032896e+24,2797314.6072700876,13,2025-04-09 00:00:00+00:00,0,-19.67013888888889
1744207200000,257,1.3080467805605676,140.45979934863738,840302.7484881545,1.3308206122987347,95,0.36964980544747084,1.776683715042927,77,0.29961089494163423,0.790477551641592,77.0,0.29961089494163423,1.5085808626222617,8.0,0.0311284046692607,,,0.0,0.3468853270055536,0.983935285293181,95,95,2100.315789473684,2308.0,1.3992483330323653,0.9157894736842105,0.00012292203419442477,1.5703437767940176e+24,3014583.984352385,14,2025-04-09 00:00:00+00:00,0,-19.62847222222222
1744210800000,158,1.1311803476254325,70.48528894018725,466249.2021904081,1.2436429818774424,59,0.37341772151898733,1.39938704525555,51,0.3227848101265823,0.6544038256565882,45.0,0.2848101265822785,1.511549177156569,3.0,0.0189873417721519,,,0.0,0.28732898442672933,0.9563139974507129,59,59,2368.762711864407,2263.0,1.484601307743345,0.847457627118644,9.508195212616832e-05,1.586536217131782e+24,1685842.267436213,15,2025-04-09 00:00:00+00:00,0,-19.586805555555557
1744214400000,141,1.7086677692814438,194.32465349385393,474130.96172173985,1.653368105364299,48,0.3404255319148936,1.7083129371081462,51,0.3617021276595745,1.7073697756439772,39.0,0.2765957446808511,2.6163684561888823,3.0,0.02127659574468085,,,0.0,0.3404847030408044,1.3128834023234948,48,48,2392.125,2459.0,1.4835381096462967,0.7708333333333334,0.00010103674957843007,1.2795416242076952e+24,1811299.1369682378,16,2025-04-09 00:00:00+00:00,0,-19.54513888888889
1744218000000,299,1.8128644774458413,456.11237160676296,1459494.0826374823,1.5290422967615993,84,0.2809364548494983,2.4112771400364053,67,0.22408026755852842,1.6799954392045953,142.0,0.47491638795986624,2.248667513140087,6.0,0.020066889632107024,,,0.0,0.3434317031599913,1.185610593601608,84,84,1738.2619047619048,1933.5,1.2558478079878879,0.9880952380952381,0.00027317931898154096,1.646609487798974e+24,10257539.872103598,17,2025-04-09 00:00:00+00:00,0,-19.50347222222222
1744221600000,236,1.3506305430283583,220.96752346266925,1244742.4136514585,1.181143996496382,72,0.3050847457627119,2.0651940237954673,65,0.2754237288135593,0.9558032544324766,95.0,0.4025423728813559,2.1668799222905886,4.0,0.01694915254237288,,,0.0,0.33647440678798085,0.844669589708401,72,72,1653.611111111111,1576.5,1.2198565127551706,0.9583333333333334,0.0001699815113786178,2.259330328939936e+24,9862186.890509883,18,2025-04-09 00:00:00+00:00,0,-19.461805555555557
1744225200000,145,1.0257157973529047,73.79581156522985,483964.2856032211,0.9360408153143366,39,0.2689655172413793,1.5472036034479562,38,0.2620689655172414,0.727073946028924,65.0,0.4482758620689655,2.0565517986698896,3.0,0.020689655172413793,,,0.0,0.3619694520579266,0.5740713632564101,39,39,2013.8461538461538,1893.0,1.3505515066219174,0.8974358974358975,8.11540251860733e-05,2.0194153221831913e+24,2740291.572189536,19,2025-04-09 00:00:00+00:00,0,-19.42013888888889
1744228800000,107,1.0953052984546328,51.65875093237792,330543.2137907893,1.3667698476519394,25,0.2336448598130841,1.3003500326061281,48,0.4485981308411215,0.5502716584287429,33.0,0.308411214953271,2.452654450104564,1.0,0.009345794392523364,,,0.0,0.2564491001843869,1.1103207474675525,25,25,2480.0,2490.0,1.4885696034204858,0.68,7.932237676598225e-05,1.9316265655890255e+24,1979289.1798008175,20,2025-04-09 00:00:00+00:00,0,-19.37847222222222
1744232400000,78,1.152028165693504,52.70873073992215,318779.7396844256,1.1794592510330224,20,0.2564102564102564,1.374606423406435,26,0.3333333333333333,0.9540389029645485,32.0,0.41025641025641024,,,0.0,,,0.0,0.1802810588487644,0.9991781921842581,20,20,2611.2,2225.0,1.5409231615600667,0.8,0.0001009911058399897,2.4081214323816782e+24,2057178.9823452728,21,2025-04-09 00:00:00+00:00,0,-19.336805555555557
1744236000000,98,1.1881397776080453,70.52874876190425,440398.19839219097,1.2717908530421096,41,0.41836734693877553,1.461540550515763,32,0.32653061224489793,0.7009990245743012,25.0,0.25510204081632654,,,0.0,,,0.0,0.7038761889218496,0.5679146641202601,41,41,2166.4634146341464,2071.0,1.3980815036714058,0.926829268292683,6.017598492763005e-05,2.4695942492958383e+24,1777373.3485464852,22,2025-04-09 00:00:00+00:00,0,-19.29513888888889
1744239600000,57,1.4033229014821638,171.48775005421288,266136.4789718277,1.1586546380154066,18,0.3157894736842105,0.9256597826253656,19,0.3333333333333333,2.077304301516204,20.0,0.3508771929824561,,,0.0,,,0.0,0.17599875311223828,0.9826558849031682,18,18,3342.5,2777.5,1.6972725572887877,0.6666666666666666,5.092366706100859e-05,2.4467969793870464e+24,1227494.7452684753,23,2025-04-09 00:00:00+00:00,0,-19.25347222222222
1744243200000,78,1.231731915636093,44.97521747861111,258000.5933021709,1.146655710228753,24,0.3076923076923077,1.723174336511409,28,0.358974358974359,0.7460384529686567,25.0,0.32051282051282054,1.6555096275893142,1.0,0.01282051282051282,,,0.0,0.41360761406463437,0.7330480961641183,24,24,2556.2083333333335,2472.0,1.5505315036553988,0.8333333333333334,7.45092837091727e-05,1.8846759607422816e+24,1562198.1474078686,0,2025-04-10 00:00:00+00:00,0,-19.211805555555557
1744246800000,92,1.3592440287470429,53.2818258791971,296356.17811393755,1.6314177154454286,26,0.2826086956521739,1.823564916051534,32,0.34782608695652173,0.7141033155734623,34.0,0.3695652173913043,,,0.0,,,0.0,0.3875230827896058,1.2438946326558227,26,26,2667.9615384615386,2476.0,1.6066005130485113,0.7692307692307693,9.761934755450898e-05,1.679070750290925e+24,1298633.563420344,1,2025-04-10 00:00:00+00:00,0,-19.17013888888889
1744250400000,43,0.9362055969369995,16.839084285814145,111098.43295371317,1.0449269044502887,9,0.20930232558139536,1.471923957571351,13,0.3023255813953488,0.4442497808438981,20.0,0.46511627906976744,2.832491462932852,1.0,0.023255813953488372,,,0.0,0.5449095482992595,0.5000173561510292,9,9,2739.1111111111113,1931.0,1.559640665934697,0.8888888888888888,5.096259500806825e-05,1.7050481164343865e+24,779321.283332759,2,2025-04-10 00:00:00+00:00,0,-19.12847222222222
1744254000000,102,1.0295843417968167,44.61086695775249,255505.92182349425,1.1677540788865908,21,0.20588235294117646,1.449827383120634,40,0.39215686274509803,0.5524526761183932,40.0,0.39215686274509803,0.4035648370958053,1.0,0.00980392156862745,,,0.0,0.2811938622583235,0.8865602166282675,21,21,2465.7619047619046,2392.0,1.4972347750458852,0.7619047619047619,8.495744084799177e-05,1.6326630003474406e+24,1379124.7452982094,3,2025-04-10 00:00:00+00:00,0,-19.086805555555557
1744257600000,68,1.0125449237085853,26.1286140252209,162994.880019442,1.0109332397804103,10,0.14705882352941177,1.3468715204722859,24,0.35294117647058826,0.7770237036189654,34.0,0.5,,,0.0,,,0.0,0.3159964927368372,0.694936747043573,10,10,3143.8,1972.0,1.621284518380764,0.7,6.607649306039432e-05,1.6884152388309278e+24,1892621.7628547254,4,2025-04-10 00:00:00+00:00,0,-19.04513888888889
1744261200000,79,0.9998550134805898,33.38382518008109,213421.98905220596,1.3330600781981468,13,0.16455696202531644,1.13624310462931,37,0.46835443037974683,0.6250491209611216,27.0,0.34177215189873417,1.3707219555779702,2.0,0.02531645569620253,,,0.0,0.5211774749432574,0.8118826032548893,13,13,2555.3846153846152,2538.0,1.494853167795927,0.6923076923076923,5.7169984793648736e-05,1.7528151883903443e+24,1401804.5548365938,5,2025-04-10 00:00:00+00:00,0,-19.00347222222222
1744264800000,58,0.8498719998635742,21.871477081808617,150021.6556758631,0.9217877341064028,14,0.2413793103448276,1.121672082996565,14,0.2413793103448276,0.6894712850881918,30.0,0.5172413793103449,,,0.0,,,0.0,0.2063927964412706,0.7153949376651322,14,14,2347.214285714286,2393.0,1.4404482073449676,0.7142857142857143,5.0983556374379114e-05,1.8637965060969056e+24,1347817.3363259106,6,2025-04-10 00:00:00+00:00,0,-18.961805555555557
1744268400000,142,1.0731474832850862,67.80284510073656,413829.3971376294,1.5504523508099175,28,0.19718309859154928,1.3072648183133564,46,0.323943661971831,0.6813395081141445,65.0,0.45774647887323944,1.5176757113235897,3.0,0.02112676056338028,,,0.0,0.5131810888201004,1.037271261989817,28,28,3098.535714285714,2648.5,1.721680386057392,0.6428571428571429,8.57990822153092e-05,1.8206805996316417e+24,2175483.804192928,7,2025-04-10 00:00:00+00:00,0,-18.92013888888889
1744272000000,154,1.446592348691298,202.92310701892745,637172.1537265496,1.4652028695174577,40,0.2597402597402597,1.9695853042629532,41,0.2662337662337662,1.1827969831345866,68.0,0.44155844155844154,0.5967829179657222,5.0,0.032467532467532464,,,0.0,0.42840226367016426,1.0368006058472934,40,40,1931.65,1938.0,1.3414943062846,0.975,0.00011747971810012102,1.8195125606602856e+24,4629195.424507302,8,2025-04-10 00:00:00+00:00,0,-18.87847222222222
1744275600000,77,1.108383638001253,36.98833571820431,214578.70913907528,1.4607237505058777,15,0.19480519480519481,1.5387662800551014,31,0.4025974025974026,0.5393902889122647,28.0,0.36363636363636365,0.21000036575225067,3.0,0.03896103896103896,,,0.0,0.5262359708996254,0.9344877796062523,15,15,2086.3333333333335,2010.0,1.4337262980164303,1.0,4.320972176524677e-05,1.79818890184063e+24,1429641.2688909944,9,2025-04-10 00:00:00+00:00,0,-18.836805555555557
1744279200000,102,1.5637191334539855,271.8296054114598,419644.9533917417,1.1605099766251357,25,0.24509803921568626,2.8440752905488034,36,0.35294117647058826,0.6094775197060467,38.0,0.37254901960784315,1.64658199603048,3.0,0.029411764705882353,,,0.0,0.5034948572421046,0.657015119383031,25,25,1842.72,1594.0,1.3069018540564201,0.92,0.000100381221321529,1.8244187204524412e+24,3136508.8259732896,10,2025-04-10 00:00:00+00:00,0,-18.79513888888889
1744282800000,32,1.05448858340309,14.78984991905621,104665.21400148011,1.4347896722987095,3,0.09375,1.1560674804567734,13,0.40625,0.9361627205842039,15.0,0.46875,0.367947597301633,1.0,0.03125,,,0.0,0.2205575613610797,1.2142321109376297,3,3,2251.3333333333335,2308.0,1.4926580904729658,1.0,7.264660011237088e-05,1.7434586193138694e+24,4013736.2493035253,11,2025-04-10 00:00:00+00:00,0,-18.75347222222222
1744286400000,189,1.6467861945181168,211.69297067831252,888949.7169478924,1.2468929688793964,55,0.291005291005291,2.84517676675522,44,0.2328042328042328,1.3110253876644742,87.0,0.4603174603174603,1.1388303371727702,3.0,0.015873015873015872,,,0.0,0.3331953619679042,0.9136976069114919,55,55,1625.6,1842.0,1.2003505488793962,0.9818181818181818,0.00015649742304959166,1.7256347411809264e+24,10135628.121538894,12,2025-04-10 00:00:00+00:00,0,-18.711805555555557
1744290000000,166,1.2145491023238724,105.56237280838847,611699.4926145993,1.0611128116140298,60,0.3614457831325301,2.015698399561062,44,0.26506024096385544,0.7626449782233456,59.0,0.35542168674698793,1.4205329976856316,3.0,0.018072289156626505,,,0.0,0.35021719054737954,0.7108956210666502,60,60,1918.4833333333333,2046.0,1.3193510765870538,0.9333333333333333,0.0001735834159661114,1.7883009770792345e+24,2899959.022465094,13,2025-04-10 00:00:00+00:00,0,-18.67013888888889
1744293600000,145,0.9740886973262699,65.12417402034193,442132.10704761907,0.8980453005123123,35,0.2413793103448276,1.2660307841668226,49,0.33793103448275863,0.7539140638254592,57.0,0.3931034482758621,1.2006663830381745,4.0,0.027586206896551724,,,0.0,0.3974519521829772,0.5005933483293351,35,35,2255.6857142857143,2286.0,1.4549802758385242,0.8571428571428571,0.00010304447037089341,1.882950473664431e+24,3065168.5813001483,14,2025-04-10 00:00:00+00:00,0,-18.62847222222222
1744297200000,200,1.270218264020224,120.59643096657804,738637.5396062302,1.4143195178937398,57,0.285,1.769887395212192,58,0.29,0.7583760882236394,81.0,0.405,2.3363770539199256,4.0,0.02,,,0.0,0.3836274048288559,1.0306921130648836,57,57,2191.1403508771928,1930.0,1.4120690152450934,0.8771929824561403,0.0001334661146574882,1.772318483156594e+24,4071266.7831161306,15,2025-04-10 00:00:00+00:00,0,-18.586805555555557
1744300800000,223,1.6145133503109552,516.5646241926203,939935.6871716467,1.6920730053867536,67,0.3004484304932735,1.6975724711514406,69,0.3094170403587444,1.5045210789715968,84.0,0.37668161434977576,1.0517715384556674,3.0,0.013452914798206279,,,0.0,0.2596092690103561,1.4324637363763977,67,67,2545.0149253731342,2493.0,1.5567670593183347,0.8208955223880597,0.00016501689883303478,1.6974253546023962e+24,4231408.643193296,16,2025-04-10 00:00:00+00:00,0,-18.54513888888889
1744304400000,163,1.3945132029262228,120.44943288469983,589301.013406869,1.5266453759463434,53,0.32515337423312884,1.653645237152391,55,0.3374233128834356,1.0136568423200505,54.0,0.3312883435582822,0.7054896231538663,1.0,0.006134969325153374,,,0.0,0.32524629187415693,1.2013990840721867,53,53,2240.603773584906,2230.0,1.4399491726002744,0.8490566037735849,9.709941855228852e-05,1.7772336728454e+24,2211684.4365556007,17,2025-04-10 00:00:00+00:00,0,-18.50347222222222
1744308000000,84,1.0577575877897945,37.56875917347631,231170.14179629917,0.9334300401784128,26,0.30952380952380953,1.6193740379575625,27,0.32142857142857145,0.6092454295918037,28.0,0.3333333333333333,1.2668284254264333,3.0,0.03571428571428571,,,0.0,0.2634753974980142,0.6699546426803986,26,26,2527.3846153846152,2209.5,1.534932030014099,0.8461538461538461,6.352854073162666e-05,1.792310463192889e+24,1131544.6020554241,18,2025-04-10 00:00:00+00:00,0,-18.461805555555557
1744311600000,120,1.0729636952688903,56.31493003204997,364169.3948141672,0.9493634898108131,43,0.35833333333333334,1.480748370563756,39,0.325,0.7407471257724041,36.0,0.3,1.758465195304427,2.0,0.016666666666666666,,,0.0,0.1928559995462472,0.756507490264566,43,43,2742.7441860465115,2390.0,1.5895999592562977,0.7674418604651163,7.741927339381831e-05,1.827710781194669e+24,1943465.3605434464,19,2025-04-10 00:00:00+00:00,0,-18.42013888888889
1744315200000,92,0.9364485416338261,35.99359500989089,232874.52062947946,1.0851520892554087,34,0.3695652173913043,1.1761201423977437,33,0.358695652173913,0.40096530068564706,24.0,0.2608695652173913,0.8229628800470188,1.0,0.010869565217391304,,,0.0,0.21660598212777255,0.8685461071276362,34,34,3108.8823529411766,2774.5,1.6863613914269888,0.7058823529411765,5.6376634495448644e-05,1.8508476401072466e+24,886090.855152742,20,2025-04-10 00:00:00+00:00,0,-18.37847222222222
1744318800000,75,0.8661250849334453,27.22104807460364,174100.60732182564,0.9197816220766317,22,0.29333333333333333,1.175526684034226,27,0.36,0.41728036662828544,24.0,0.32,1.4851182081597756,2.0,0.02666666666666667,,,0.0,0.5011811580118388,0.41860046406479295,22,22,2661.2272727272725,2402.5,1.544906630945139,0.8181818181818182,4.789138633225201e-05,1.864568328733049e+24,613561.8643725154,21,2025-04-10 00:00:00+00:00,0,-18.336805555555557
1744322400000,65,0.9115606642128815,27.356478682397245,185247.13470892984,0.9758632757607818,23,0.35384615384615387,1.2222635927389633,14,0.2153846153846154,0.6944765113174269,27.0,0.4153846153846154,0.944031727423301,1.0,0.015384615384615385,,,0.0,0.18348022784735452,0.7923830479134272,23,23,2656.3478260869565,2148.0,1.4993178036891504,0.6521739130434783,5.275280105885954e-05,1.9279150610958934e+24,902605.5997035012,22,2025-04-10 00:00:00+00:00,0,-18.29513888888889
1744326000000,76,0.9467329956121987,35.981665466811094,258295.5931399945,0.9503101867646686,41,0.5394736842105263,1.1878809926277036,17,0.2236842105263158,0.6593085788661183,17.0,0.2236842105263158,1.5867672937807118,1.0,0.013157894736842105,,,0.0,0.2953717048201403,0.6549384819445283,41,41,2100.6585365853657,2154.0,1.39553758444789,0.926829268292683,6.095702360919557e-05,1.9439337895862994e+24,1409981.6623424438,23,2025-04-10 00:00:00+00:00,0,-18.25347222222222
1744329600000,108,1.025293124420256,59.22862585138621,402450.60597655247,0.903534002043859,53,0.49074074074074076,1.35186019475751,33,0.3055555555555556,0.7393737251304565,18.0,0.16666666666666666,1.2310604624292685,4.0,0.037037037037037035,,,0.0,0.24081328499976898,0.6627207170440901,53,53,1904.132075471698,1740.0,1.2991857911008655,0.9056603773584906,6.876090038199811e-05,1.956374607788972e+24,1379587.17485848,0,2025-04-11 00:00:00+00:00,0,-18.211805555555557
1744333200000,116,0.932406271972622,52.17312909496008,346494.7601309261,1.0144345127657282,35,0.3017241379310345,1.1389819386624376,40,0.3448275862068966,0.5943721920499601,37.0,0.31896551724137934,1.2757177374194137,4.0,0.034482758620689655,,,0.0,0.21355039154390018,0.800884121221828,35,35,3130.1714285714284,2590.0,1.651790519324159,0.6857142857142857,7.954860280857797e-05,1.966657831192921e+24,1577234.4672910543,1,2025-04-11 00:00:00+00:00,0,-18.17013888888889
1744336800000,93,0.8792813257242764,38.50478581625929,276205.32318380056,0.9443767597808577,26,0.27956989247311825,1.2199267910668088,23,0.24731182795698925,0.6428115309869706,40.0,0.43010752688172044,0.862147526009994,4.0,0.043010752688172046,,,0.0,0.13395648587097594,0.8104202739098816,26,26,1972.6153846153845,1891.0,1.3504139277199627,0.8846153846153846,6.330305022065492e-05,2.003423972671413e+24,1456597.763747321,2,2025-04-11 00:00:00+00:00,0,-18.12847222222222
1744340400000,83,1.0822143352005493,54.89597996079123,288921.42877272627,0.9241848059151292,26,0.3132530120481928,1.4376674249552883,30,0.3614457831325301,0.7597773204733436,25.0,0.30120481927710846,1.8352645536799947,2.0,0.024096385542168676,,,0.0,0.28015840325337643,0.6440264026617528,26,26,2539.3076923076924,2346.0,1.5361078073401702,0.7692307692307693,4.730932844145856e-05,2.0334334799063406e+24,2623662.9874288114,3,2025-04-11 00:00:00+00:00,0,-18.086805555555557
1744344000000,78,0.809520794953283,28.60159365553429,205040.64005624253,0.9381065755486037,21,0.2692307692307692,0.909080875644013,29,0.3717948717948718,0.5413507452901085,26.0,0.3333333333333333,1.5019595743080991,2.0,0.02564102564102564,,,0.0,0.26478848453160875,0.673318091016995,21,21,3045.809523809524,2865.0,1.6473895006952435,0.6190476190476191,3.979048115708257e-05,2.0307435732779467e+24,703059.4902001998,4,2025-04-11 00:00:00+00:00,0,-18.04513888888889
1744347600000,64,1.0145436000665837,62.220375629291155,198144.33733904207,0.9244275495464702,20,0.3125,0.8698484604832514,18,0.28125,1.19476875424382,24.0,0.375,1.0552585113908783,2.0,0.03125,,,0.0,0.31161056822409744,0.6128169813223727,20,20,2431.3,1640.0,1.4301669545016442,0.75,3.966451043892933e-05,2.0220418489764535e+24,1297013.0199240807,5,2025-04-11 00:00:00+00:00,0,-18.00347222222222
1744351200000,57,0.8481881319205545,26.000876810251615,168451.42604004766,0.741124492665659,17,0.2982456140350877,1.3794518078098672,21,0.3684210526315789,0.29039295381475994,15.0,0.2631578947368421,0.6058062182316979,4.0,0.07017543859649122,,,0.0,0.23415371537117327,0.5069707772944857,17,17,2245.0588235294117,1993.0,1.443662645845674,0.7647058823529411,3.200292566062715e-05,2.1533459731633514e+24,715037.2546478426,6,2025-04-11 00:00:00+00:00,0,-17.961805555555557
1744354800000,55,0.8726546850052129,29.24122825946037,186019.00757035476,0.9591469238461661,17,0.3090909090909091,1.246092948635881,19,0.34545454545454546,0.36324077003418465,18.0,0.32727272727272727,1.4764100852048276,1.0,0.01818181818181818,,,0.0,0.2807644215193255,0.6783825023268405,17,17,2024.3529411764705,2174.0,1.3762893437451595,0.9411764705882353,4.646053790379042e-05,2.544303963223772e+24,866778.0311772658,7,2025-04-11 00:00:00+00:00,0,-17.92013888888889
1744358400000,157,1.008105135028994,91.99534259522939,603332.6516235255,1.0344115121073916,52,0.33121019108280253,1.459057564594368,49,0.31210191082802546,0.5445499798949697,54.0,0.34394904458598724,1.791793995257641,2.0,0.012738853503184714,,,0.0,0.3046329445573063,0.7297785675500853,52,52,2066.7115384615386,1980.0,1.3702642252565078,0.8653846153846154,9.354288352297325e-05,2.258617612493344e+24,3438924.244991685,8,2025-04-11 00:00:00+00:00,0,-17.87847222222222
1744362000000,100,0.8814916747664777,49.487679881271646,343597.0855186532,1.121706565452515,27,0.27,1.118525475859922,34,0.34,0.5032397140055255,38.0,0.38,0.710114897982562,1.0,0.01,,,0.0,0.2610724600422603,0.8606341054102548,27,27,2559.3703703703704,2505.0,1.5190019543386724,0.7777777777777778,4.970900811690548e-05,2.4505923450753134e+24,2166518.592221606,9,2025-04-11 00:00:00+00:00,0,-17.836805555555557
1744365600000,84,1.1329135289299959,61.555786213865865,364703.3668633666,1.4184858821824085,18,0.21428571428571427,1.2585320474083224,45,0.5357142857142857,0.5444657289939712,20.0,0.23809523809523808,2.108733837582367,1.0,0.011904761904761904,,,0.0,0.4190229403904858,0.9994629417919225,18,18,2615.3333333333335,2163.0,1.5435524685021411,0.7777777777777778,5.673857102033676e-05,2.759054144323415e+24,1796573.7475839884,10,2025-04-11 00:00:00+00:00,0,-17.79513888888889
1744369200000,87,0.8301952738584073,46.317064310640774,336475.27265104256,0.8456550427841015,23,0.26436781609195403,0.9775430328349327,42,0.4827586206896552,0.5327325210263597,22.0,0.25287356321839083,,,0.0,,,0.0,0.4062697763293714,0.43938526645473014,23,23,2544.391304347826,2046.0,1.44001320618915,0.8260869565217391,5.902589593741682e-05,2.7608797917191255e+24,1381192.392485489,11,2025-04-11 00:00:00+00:00,0,-17.75347222222222
1744372800000,91,0.9530951345280656,53.609422440129734,360474.0808101787,0.9006831686064932,26,0.2857142857142857,1.115727754374135,48,0.5274725274725275,0.5521834500457216,16.0,0.17582417582417584,0.9240274475951225,1.0,0.01098901098901099,,,0.0,0.38585182620584085,0.5148313424006525,26,26,1862.3076923076924,1764.5,1.3046424155784906,0.9230769230769231,5.102701915978163e-05,2.7515491064185943e+24,1582707.9356494371,12,2025-04-11 00:00:00+00:00,0,-17.711805555555557
1744376400000,140,0.9739994526133954,93.89895450021564,584044.8896100571,0.924454932859948,48,0.34285714285714286,1.1948167701606407,43,0.30714285714285716,0.8204222566479582,47.0,0.3357142857142857,1.024559704618123,2.0,0.014285714285714285,,,0.0,0.2753191389333849,0.6491357939265632,48,48,2077.6875,2094.5,1.3788285636153514,0.8958333333333334,9.038212545355456e-05,2.736017314745208e+24,2247199.805715185,13,2025-04-11 00:00:00+00:00,0,-17.67013888888889
1744380000000,187,0.915652121797873,117.95257668956617,746407.2553937385,1.179905558453109,61,0.32620320855614976,1.172671010854968,44,0.23529411764705882,0.5811874748897602,81.0,0.43315508021390375,0.5789977668734245,1.0,0.0053475935828877,,,0.0,0.46794490404454014,0.7119606544085689,61,61,1989.8360655737704,1918.0,1.3752049191021778,0.9836065573770492,9.245382290071728e-05,2.7861945703387075e+24,3413318.754299585,14,2025-04-11 00:00:00+00:00,0,-17.62847222222222
1744383600000,140,1.0407804008932195,242.40365109839328,586825.9220824265,0.9998950511286204,44,0.3142857142857143,0.9962804028820812,51,0.36428571428571427,1.1565940536748893,44.0,0.3142857142857143,0.01343496671013606,1.0,0.007142857142857143,,,0.0,0.33133063744100827,0.6685644136876122,44,44,2816.090909090909,2261.0,1.5513185933814642,0.7954545454545454,5.1943233444170774e-05,2.7222608461615394e+24,2920167.080471836,15,2025-04-11 00:00:00+00:00,0,-17.586805555555557
1744387200000,98,0.7632179942892411,45.350001214095826,324703.3952189963,0.9631773285318509,20,0.20408163265306123,0.973664858082321,37,0.37755102040816324,0.42938269998759676,39.0,0.3979591836734694,1.380145910573228,2.0,0.02040816326530612,,,0.0,0.4423653504790357,0.5208119780528153,20,20,2837.8,2513.0,1.5625926531422762,0.75,4.6861817286091374e-05,2.6732346375315456e+24,1376694.3686480639,16,2025-04-11 00:00:00+00:00,0,-17.54513888888889
1744390800000,100,0.9391161431928983,56.677960341724145,377797.44278462755,0.8625293448557373,23,0.23,1.13309042117303,37,0.37,0.8226637588641083,38.0,0.38,0.44393548368482166,2.0,0.02,,,0.0,0.36012060651724553,0.5024087383384919,23,23,1695.0434782608695,1892.0,1.2338563416611148,0.9130434782608695,7.662831618507686e-05,2.5746524388289307e+24,1780928.9533437467,17,2025-04-11 00:00:00+00:00,0,-17.50347222222222
1744394400000,85,0.8503906591699139,44.48198281962454,283844.701727693,0.9860704374301541,20,0.23529411764705882,1.2914617604443688,25,0.29411764705882354,0.4318603064639018,37.0,0.43529411764705883,1.4321406435220034,3.0,0.03529411764705882,,,0.0,0.29040800162821817,0.6956624358019359,20,20,2425.65,2228.5,1.4673258108866627,0.8,5.197821538517107e-05,2.561354422130914e+24,1238403.3755959102,18,2025-04-11 00:00:00+00:00,0,-17.461805555555557
1744398000000,80,0.8186803244454873,37.81779553312316,255946.8475630569,0.8819641014037103,25,0.3125,1.3042404792303097,22,0.275,0.40542624251553666,32.0,0.4,1.7783931169822473,1.0,0.0125,,,0.0,0.25003730925548057,0.6319267921482297,25,25,2559.84,2240.0,1.5230840422735274,0.72,3.9609748189959376e-05,2.626878268703475e+24,953268.8736483752,19,2025-04-11 00:00:00+00:00,0,-17.42013888888889
1744401600000,66,0.9543416777516183,40.17562357825353,260885.09299846983,0.823661053869848,15,0.22727272727272727,1.274482754550701,32,0.48484848484848486,0.518325619891403,19.0,0.2878787878787879,,,0.0,,,0.0,0.597087933636665,0.22657312023318296,15,15,1862.0,1728.0,1.3182519109404907,0.8666666666666667,4.325078872049801e-05,2.667371396765317e+24,1217611.186093168,20,2025-04-11 00:00:00+00:00,0,-17.37847222222222
1744405200000,47,0.7281208842456763,21.224389163473486,148650.7648918464,0.9665118460844188,11,0.23404255319148937,0.918626724358392,17,0.3617021276595745,0.399943224735996,17.0,0.3617021276595745,0.5871810590067925,2.0,0.0425531914893617,,,0.0,0.332836244492087,0.6336756015923317,11,11,2841.7272727272725,1897.0,1.59443726562625,0.7272727272727273,4.8443339350533686e-05,2.6503099305644767e+24,692774.6565957312,21,2025-04-11 00:00:00+00:00,0,-17.336805555555557
1744408800000,37,0.9172425637836721,20.401216202371977,138726.01043245473,1.0575835387749175,13,0.35135135135135137,0.9035899736292531,12,0.32432432432432434,0.7161767167925027,11.0,0.2972972972972973,1.4683652876533735,1.0,0.02702702702702703,,,0.0,0.3383088390725653,0.7192746997023521,13,13,2164.5384615384614,2039.0,1.389601189284997,0.8461538461538461,4.017101659861577e-05,2.651361811661205e+24,642615.5375055155,22,2025-04-11 00:00:00+00:00,0,-17.29513888888889
1744412400000,47,0.6592609399086182,20.666817841975487,160335.98853439954,0.6896666638998552,19,0.40425531914893614,0.7704910789742753,15,0.3191489361702128,0.3861975592036983,12.0,0.2553191489361702,1.6898606665493041,1.0,0.02127659574468085,,,0.0,0.2411925713065158,0.4484740925933393,19,19,1971.5263157894738,1868.0,1.3654552218134777,0.9473684210526315,3.768576798256693e-05,2.841886862413477e+24,2329316.2053422383,23,2025-04-11 00:00:00+00:00,0,-17.25347222222222
1744416000000,129,0.8797399335450607,77.57677832495715,561238.2524012954,0.6585973271251649,32,0.24806201550387597,1.2370141970522142,43,0.3333333333333333,0.7078258977777969,52.0,0.40310077519379844,1.2063899008084586,2.0,0.015503875968992248,,,0.0,0.2636614686674027,0.39493585845776225,32,32,2214.5,2099.5,1.4147954499398767,0.84375,5.66249111749604e-05,2.9129729704772256e+24,3883370.7889965484,0,2025-04-12 00:00:00+00:00,0,-17.211805555555557
1744419600000,146,1.1576808916330434,136.73237031471092,809516.8958858964,1.0286550745719976,42,0.2876712328767123,1.3196318035584085,50,0.3424657534246575,1.126237344755524,52.0,0.3561643835616438,0.6359824705963755,2.0,0.0136986301369863,,,0.0,0.17658371027068173,0.8520713643013158,42,42,2321.5476190476193,2007.0,1.4052035143629777,0.8333333333333334,0.00012363027257277076,2.896967258520577e+24,7615584.430704158,1,2025-04-12 00:00:00+00:00,0,-17.17013888888889
1744423200000,106,0.9245296415732963,68.13945248493606,499009.98122129415,1.0181840411204506,35,0.330188679245283,0.9742163561252214,35,0.330188679245283,0.6565557807461609,27.0,0.25471698113207547,1.1710135581138386,9.0,0.08490566037735849,,,0.0,0.33023979661982056,0.6879442445006299,35,35,1997.3714285714286,2093.0,1.3716769498511614,0.9142857142857143,4.7642664968803134e-05,2.916023658234706e+24,4126073.0727806077,2,2025-04-12 00:00:00+00:00,0,-17.12847222222222
1744426800000,54,0.8919076944168277,33.91927535644181,224427.91999388702,0.7893624836013484,18,0.3333333333333333,0.8992190813649685,24,0.4444444444444444,1.0311027367437655,12.0,0.2222222222222222,,,0.0,,,0.0,0.33354221152114244,0.45582027208020587,18,18,2752.777777777778,2365.5,1.5830718350791462,0.7777777777777778,3.4763855418900406e-05,2.9686064060954116e+24,2442045.509454676,3,2025-04-12 00:00:00+00:00,0,-17.086805555555557
1744430400000,75,1.0022515553917468,53.875587606744695,371734.6544779398,0.7042425096443845,22,0.29333333333333333,1.0449839191180905,36,0.48,1.2533968060203802,16.0,0.21333333333333335,2.0017614576272056,1.0,0.013333333333333334,,,0.0,0.1843043955149386,0.5199381141294459,22,22,2230.0,2535.0,1.4314838352584909,0.8181818181818182,5.4062311190188965e-05,2.9299254468132084e+24,3907195.167987015,4,2025-04-12 00:00:00+00:00,0,-17.04513888888889
1744434000000,38,0.9268064915251306,27.6458811570185,162598.91342438347,0.9136417548709033,9,0.23684210526315788,1.2527230976906083,15,0.39473684210526316,0.4074291361500697,12.0,0.3157894736842105,1.6579373924784377,2.0,0.05263157894736842,,,0.0,0.34575740222242496,0.5678843526484783,9,9,1222.6666666666667,1285.0,1.0585303904634331,1.0,3.6919298431626935e-05,2.8915788824449936e+24,2584967.455279195,5,2025-04-12 00:00:00+00:00,0,-17.00347222222222
1744437600000,48,0.6933188880074307,22.00495163535261,157885.0211486784,0.30519343878243704,5,0.10416666666666667,0.9554526536672253,22,0.4583333333333333,0.4689368320752738,20.0,0.4166666666666667,1.3546444082600537,1.0,0.020833333333333332,,,0.0,0.5095349091831523,-0.20434147040071515,5,5,1950.4,1827.0,1.370080780251195,1.0,3.68680076689914e-05,2.929153387088296e+24,1338604.7598714132,6,2025-04-12 00:00:00+00:00,0,-16.961805555555557
1744441200000,17,3.1862042037914673,323.86214141170495,222372.36872727124,0.4133205764806552,3,0.17647058823529413,1.016843735658247,7,0.4117647058823529,7.504786120745454,6.0,0.35294117647058826,0.778886860932527,1.0,0.058823529411764705,,,0.0,0.18639712150277643,0.2269234549778787,3,3,2650.6666666666665,2648.0,1.6272177492768216,1.0,3.223077901309646e-05,8.820708502242282e+24,3188083.953033354,7,2025-04-12 00:00:00+00:00,0,-16.92013888888889
1744444800000,49,0.5194978909142415,17.039352560534812,149312.88977422955,0.4314931985988575,14,0.2857142857142857,1.0738879241038084,12,0.24489795918367346,0.28381899065948374,23.0,0.46938775510204084,,,0.0,,,0.0,0.2375252668979573,0.1939679317009002,14,14,1346.4285714285713,1520.0,1.086960011201571,1.0,5.237017631159106e-05,2.8596160976932754e+24,1944728.9651817456,8,2025-04-12 00:00:00+00:00,0,-16.87847222222222
1744448400000,34,0.8491992742811378,18.954915551947945,136917.12167838312,0.8324214295733626,13,0.38235294117647056,1.1721463726848134,10,0.29411764705882354,0.5486946803797697,10.0,0.29411764705882354,0.8428862104591381,1.0,0.029411764705882353,,,0.0,0.18075367300206877,0.6516677565712938,13,13,1999.6923076923076,1844.0,1.3255862473860776,0.9230769230769231,3.3469624499709006e-05,2.8755977667129546e+24,1922497.8413726678,9,2025-04-12 00:00:00+00:00,0,-16.836805555555557
1744452000000,43,0.8072581121845978,23.832824023074988,153712.3281798429,1.2588731873107726,7,0.16279069767441862,1.052619176502457,17,0.3953488372093023,0.4417507212153044,18.0,0.4186046511627907,0.05394753034504513,1.0,0.023255813953488372,,,0.0,0.726176063666334,0.5326971236444386,7,7,1512.5714285714287,1270.0,1.200666556739981,1.0,4.004873476467895e-05,2.893451259570616e+24,1022952.8977799377,10,2025-04-12 00:00:00+00:00,0,-16.79513888888889
1744455600000,56,0.8954939086597963,33.114576488975494,209392.5265502313,1.0557599812559557,16,0.2857142857142857,1.1675681056452372,16,0.2857142857142857,0.6072670622720627,24.0,0.42857142857142855,,,0.0,,,0.0,0.26171832930919986,0.7940416519467558,16,16,2210.5625,2245.5,1.425128884058382,0.875,3.943323957318957e-05,2.8814693044746514e+24,1363724.3821410788,11,2025-04-12 00:00:00+00:00,0,-16.75347222222222
1744459200000,75,1.6152586044071964,511.4374156635693,488770.89783631085,1.1052561098028004,17,0.22666666666666666,1.2177325051985637,32,0.4266666666666667,2.6763416089224448,22.0,0.29333333333333333,1.127021475311075,4.0,0.05333333333333334,,,0.0,0.26840053398919883,0.8368555758136018,17,17,1942.5882352941176,1793.0,1.3615301851234722,0.9411764705882353,6.351075725833584e-05,3.014908194867865e+24,3224708.3764750664,12,2025-04-12 00:00:00+00:00,0,-16.711805555555557
1744462800000,79,0.921001902747793,49.31094219354578,341696.8569235732,0.8759565558237877,20,0.25316455696202533,1.1217884716963638,33,0.4177215189873418,0.7008076782546113,26.0,0.3291139240506329,,,0.0,,,0.0,0.4966828634463414,0.37927369237744646,20,20,2018.35,2030.5,1.3869544321331244,0.9,6.952795677883006e-05,2.7151760110148356e+24,3287721.914415454,13,2025-04-12 00:00:00+00:00,0,-16.67013888888889
1744466400000,79,1.0284492182190592,50.29463042748233,347084.10638889,1.013099350601788,21,0.26582278481012656,1.295206531263879,30,0.379746835443038,0.7786219793172955,26.0,0.3291139240506329,0.43601723825104166,2.0,0.02531645569620253,,,0.0,0.4474636411865305,0.5656357094152575,21,21,1649.0,1645.0,1.2152171494990072,0.9523809523809523,8.045777915247562e-05,2.587658272063666e+24,3867229.908392034,14,2025-04-12 00:00:00+00:00,0,-16.62847222222222
1744470000000,98,1.087744445270059,80.58124510557701,478519.98241756397,0.8600463552305737,23,0.23469387755102042,1.6438341320374203,32,0.32653061224489793,0.751872564521783,39.0,0.3979591836734694,1.2230418061539026,4.0,0.04081632653061224,,,0.0,0.4248496593177487,0.43519669591282495,23,23,1730.8260869565217,1770.0,1.2622449315262652,0.9565217391304348,6.750064891107219e-05,2.572378739598009e+24,6824447.371747173,15,2025-04-12 00:00:00+00:00,0,-16.586805555555557
1744473600000,100,0.8884101940905285,58.659176636491594,400983.68048324925,0.8537102268146765,33,0.33,1.0312377587463806,37,0.37,0.6395670305904189,26.0,0.26,1.4710105138003868,4.0,0.04,,,0.0,0.30554186091848895,0.5481683658961874,33,33,1951.6060606060605,1799.0,1.3566570887220726,0.9393939393939394,5.595451797788819e-05,2.722934633526629e+24,2877184.584000906,16,2025-04-12 00:00:00+00:00,0,-16.54513888888889
1744477200000,82,0.7203889151464974,41.845830444652805,310885.67582971184,0.6469054738304493,29,0.35365853658536583,0.9388254320392335,27,0.32926829268292684,0.5831482545446196,25.0,0.3048780487804878,0.3846392722549616,1.0,0.012195121951219513,,,0.0,0.23586871594313247,0.41103675788731675,29,29,2242.5172413793102,1949.0,1.439197215167377,0.896551724137931,5.368689661582066e-05,2.8518669406389463e+24,1451134.503916772,17,2025-04-12 00:00:00+00:00,0,-16.50347222222222
1744480800000,27,0.8594736081502917,15.607496903076868,113288.30894617726,0.8719228113741091,13,0.48148148148148145,0.976824566499407,7,0.25925925925925924,0.7805539356337737,6.0,0.2222222222222222,0.3496952928959693,1.0,0.037037037037037035,,,0.0,0.13719986329696704,0.734722948077142,13,13,2199.230769230769,1853.0,1.4121902612586335,0.8461538461538461,3.531607026818756e-05,2.8508148457176527e+24,930113.177744069,18,2025-04-12 00:00:00+00:00,0,-16.461805555555557
1744484400000,63,0.6929051038946533,29.452080576784518,224714.55827704156,0.6629736227545923,22,0.3492063492063492,1.0460042597280594,19,0.30158730158730157,0.36569388878694636,18.0,0.2857142857142857,0.65275772794099,4.0,0.06349206349206349,,,0.0,0.18281497256718504,0.48015865018740717,22,22,2306.2727272727275,2154.5,1.4513152809315186,0.7727272727272727,4.189712525165773e-05,2.827783742700528e+24,1128070.7605409017,19,2025-04-12 00:00:00+00:00,0,-16.42013888888889
1744488000000,67,0.7803002014677629,32.63017537634662,245952.87452709934,0.5228233302983415,24,0.3582089552238806,1.2130745602294555,18,0.26865671641791045,0.694692221537499,24.0,0.3582089552238806,1.224398170149744,1.0,0.014925373134328358,,,0.0,0.20937247785488086,0.31345085244346055,24,24,2247.8333333333335,1957.0,1.4367642381534749,0.875,5.57775703669403e-05,2.663109630240079e+24,1764931.0667541358,20,2025-04-12 00:00:00+00:00,0,-16.37847222222222
1744491600000,51,0.7309259423949634,24.856426081564432,187607.98724050788,0.7023286979437112,25,0.49019607843137253,0.9849376013237885,10,0.19607843137254902,0.5410110320945857,14.0,0.27450980392156865,1.1477375754941352,2.0,0.0392156862745098,,,0.0,0.3078653958678465,0.3944633020758648,25,25,2022.36,1978.0,1.376035675582315,0.92,4.296985487608525e-05,2.752348006743622e+24,2026151.3137124951,21,2025-04-12 00:00:00+00:00,0,-16.336805555555557
1744495200000,62,1.011615254390237,46.45874497301546,270539.59846302326,1.0423493528582124,21,0.3387096774193548,1.026377876730283,22,0.3548387096774194,0.7418962004738987,15.0,0.24193548387096775,1.7805132667493848,4.0,0.06451612903225806,,,0.0,0.317642517445906,0.7247068354123064,21,21,2247.6190476190477,2292.0,1.479466686673968,0.9047619047619048,4.001737182372729e-05,2.765927443658945e+24,1475954.2811931511,22,2025-04-12 00:00:00+00:00,0,-16.29513888888889
1744498800000,64,0.7593997044406187,30.84601970604237,222847.4437067811,0.8330158475187646,18,0.28125,0.8876756589127601,29,0.453125,0.4107439623361235,14.0,0.21875,0.7047620825620206,3.0,0.046875,,,0.0,0.25605755123566376,0.5769582962831008,18,18,2543.1111111111113,2198.5,1.5193084078280148,0.6666666666666666,3.957016312233454e-05,2.749660644437565e+24,887885.1468528998,23,2025-04-12 00:00:00+00:00,0,-16.25347222222222
1744502400000,64,0.7146522907541053,28.74354181013801,210122.18591878403,0.7417174852010336,19,0.296875,0.853747375451542,25,0.390625,0.46596033106797186,17.0,0.265625,0.7933681249996761,3.0,0.046875,,,0.0,0.265089651988057,0.47662783321297664,19,19,2870.7368421052633,1932.0,1.6023207932903354,0.7368421052631579,3.944336181377812e-05,2.9136237844359495e+24,1060370.0069515987,0,2025-04-13 00:00:00+00:00,0,-16.211805555555557
1744506000000,117,0.7370626095381739,57.46747878843359,414093.06669389684,0.6923578362044475,45,0.38461538461538464,1.1413638844669223,38,0.3247863247863248,0.3561587043588521,32.0,0.27350427350427353,0.15565826876995453,2.0,0.017094017094017096,,,0.0,0.18580616271842423,0.5065516734860233,45,45,1923.2888888888888,1900.0,1.3183620065874013,0.8888888888888888,6.644182941487297e-05,2.8384113097957645e+24,1645300.2454947573,1,2025-04-13 00:00:00+00:00,0,-16.17013888888889
1744509600000,112,0.8849896174112943,65.70201313199178,441870.0140093851,0.8266102466928945,40,0.35714285714285715,1.2363647688825963,36,0.32142857142857145,0.5411549700346944,32.0,0.2857142857142857,1.057084140366372,4.0,0.03571428571428571,,,0.0,0.19123427161446632,0.6353759750784282,40,40,2011.725,1674.5,1.3425020855850645,0.9,6.10671371770547e-05,2.854438920463851e+24,1461158.703631651,2,2025-04-13 00:00:00+00:00,0,-16.12847222222222
1744513200000,62,0.816575631608387,33.21701887494974,242229.81056891396,0.777424111546896,31,0.5,1.0230125585402048,18,0.2903225806451613,0.6405682524110269,12.0,0.1935483870967742,0.4264966191102068,1.0,0.016129032258064516,,,0.0,0.23514136520334653,0.5422827463435493,31,31,2746.935483870968,2412.0,1.515095769826173,0.8709677419354839,4.458618629118252e-05,2.923749036968455e+24,963233.7058474713,3,2025-04-13 00:00:00+00:00,0,-16.086805555555557
1744516800000,89,0.8663131988572417,52.62181120778597,355931.4187090164,0.8578664118712692,23,0.25842696629213485,1.289579547036895,32,0.3595505617977528,0.416975331295478,30.0,0.33707865168539325,0.8987854453025865,4.0,0.0449438202247191,,,0.0,0.21308557065481826,0.644780841216451,23,23,1872.2173913043478,2218.0,1.3126735052041243,0.9130434782608695,5.836915383207785e-05,2.881226872103375e+24,1560674.9689987067,4,2025-04-13 00:00:00+00:00,0,-16.04513888888889
1744520400000,68,0.7106410610839022,32.82030621757262,247300.98338431795,0.6682079118053071,19,0.27941176470588236,0.9889969442929135,29,0.4264705882352941,0.3476734662456715,18.0,0.2647058823529412,0.3443040262439698,2.0,0.029411764705882353,,,0.0,0.17916975791957537,0.48903815388573174,19,19,2428.842105263158,2223.0,1.4710946658712574,0.7368421052631579,5.346372396948296e-05,2.9337625150584605e+24,2085680.7738880154,5,2025-04-13 00:00:00+00:00,0,-16.00347222222222
1744524000000,38,0.7507494447026829,19.757481007446177,148844.3592743731,0.8034724390919946,15,0.39473684210526316,0.8281527644164692,17,0.4473684210526316,0.3996325528736753,6.0,0.15789473684210525,,,0.0,,,0.0,0.21907074882769226,0.5844016902643023,15,15,2095.3333333333335,2293.0,1.3776179931301222,0.8,3.676034806005083e-05,2.918051446293975e+24,1282687.1717103105,6,2025-04-13 00:00:00+00:00,0,-15.961805555555555
1744527600000,51,0.8229561581506459,27.042989144060645,184271.0865745778,0.7747918900960653,11,0.21568627450980393,1.083313157375155,25,0.49019607843137253,0.41079992668700593,13.0,0.2549019607843137,0.5124126466581345,2.0,0.0392156862745098,,,0.0,0.22319099036008708,0.5516008997359783,11,11,2140.4545454545455,2044.0,1.4064043500250107,0.9090909090909091,3.612315218279008e-05,2.9357993145662306e+24,827737.4898184249,7,2025-04-13 00:00:00+00:00,0,-15.92013888888889
1744531200000,46,0.7752647153137705,24.475877997047302,178736.1505251137,0.6599784707650814,15,0.32608695652173914,0.9486827727335934,19,0.41304347826086957,0.4881780292261029,11.0,0.2391304347826087,2.3675688395318204,1.0,0.021739130434782608,,,0.0,0.1878403573596004,0.472138113405481,15,15,1593.2666666666667,1761.0,1.2212656671726099,1.0,4.0749820429673396e-05,2.929701956450224e+24,920156.6265645279,8,2025-04-13 00:00:00+00:00,0,-15.878472222222221
1744534800000,57,0.6687643473569774,25.190728319342085,191454.04414218588,0.7831519447821691,21,0.3684210526315789,0.88695429757596,20,0.3508771929824561,0.18250586340436684,15.0,0.2631578947368421,1.1967030563374568,1.0,0.017543859649122806,,,0.0,0.3337490745351272,0.44940287024704195,21,21,2180.190476190476,2481.0,1.4203122376327306,0.9523809523809523,3.863354496119899e-05,2.9222750121546335e+24,1038753.27520265,9,2025-04-13 00:00:00+00:00,0,-15.836805555555555
1744538400000,80,0.6484345727050265,35.33780650101384,253704.53556769344,0.7203479115895528,28,0.35,1.0150052679826502,24,0.3,0.21348627125950478,27.0,0.3375,1.5807685363044008,1.0,0.0125,,,0.0,0.2676835729206827,0.4526643386688702,28,28,2363.214285714286,2189.5,1.4842531792393678,0.7857142857142857,4.013544097806075e-05,3.001394851966097e+24,1063131.2649415045,10,2025-04-13 00:00:00+00:00,0,-15.79513888888889
1744542000000,59,0.8934620909671906,34.25957181367988,239365.72363936665,0.853259169764986,22,0.3728813559322034,1.3780634985290066,18,0.3050847457627119,0.4098082331148114,18.0,0.3050847457627119,1.760870462645837,1.0,0.01694915254237288,,,0.0,0.3204758237954235,0.5327833459695624,22,22,1857.5,1792.5,1.2916131510561624,0.9545454545454546,5.3952234750411555e-05,2.7730446435670007e+24,4289421.734141248,11,2025-04-13 00:00:00+00:00,0,-15.753472222222221
1744545600000,51,0.7244454026654972,23.49260588783054,211272.1061607286,0.6778459688602008,18,0.35294117647058826,0.7426644881533891,25,0.49019607843137253,0.746225327265242,6.0,0.11764705882352941,0.8507619645152795,2.0,0.0392156862745098,,,0.0,0.2808557921653893,0.3969901766948114,18,18,2211.4444444444443,1728.5,1.3797574106586012,0.8888888888888888,4.626192432967487e-05,2.7561933770137555e+24,1796531.8263159376,12,2025-04-13 00:00:00+00:00,0,-15.711805555555555
1744549200000,156,1.035794299441786,117.26050867360898,770080.7078115407,0.6773017545906321,40,0.2564102564102564,1.2950862238967238,63,0.40384615384615385,1.0181889118453797,42.0,0.2692307692307692,0.9215885569357948,11.0,0.07051282051282051,,,0.0,0.29003186085802074,0.38726989373261134,40,40,1722.9,1595.5,1.2318516933599895,0.975,7.355864830056222e-05,2.8095994724582037e+24,6842829.5684643835,13,2025-04-13 00:00:00+00:00,0,-15.67013888888889
1744552800000,148,0.8900555322938383,92.09466832765692,692284.832871161,0.6933587782752783,49,0.3310810810810811,1.1768754309620204,57,0.38513513513513514,0.709244480728848,29.0,0.19594594594594594,0.7772037798482807,13.0,0.08783783783783784,,,0.0,0.2500953056510224,0.4432634726242559,49,49,1840.1020408163265,1942.0,1.272237574521232,0.9387755102040817,6.755657639293707e-05,2.9159441851287704e+24,3660824.0616838913,14,2025-04-13 00:00:00+00:00,0,-15.628472222222221
1744556400000,85,0.9013842219990361,52.41737498007017,355200.3913511782,0.9967760601177261,27,0.3176470588235294,1.0384340595714792,34,0.4,0.5190665617286315,22.0,0.25882352941176473,1.4892414316396438,2.0,0.023529411764705882,,,0.0,0.3691550926133557,0.6276209675043704,27,27,2081.4074074074074,2192.0,1.4111602199989388,1.0,4.0222843277983286e-05,2.911623955217652e+24,2578440.965067759,15,2025-04-13 00:00:00+00:00,0,-15.586805555555555
1744560000000,94,0.883473323484833,57.84659307028248,397315.41954518383,0.6196097909166873,15,0.1595744680851064,1.1051022212541082,36,0.3829787234042553,0.7575334423517811,39.0,0.4148936170212766,1.1062153317391585,4.0,0.0425531914893617,,,0.0,0.33488113195897223,0.2847286589577151,15,15,2421.0,2383.0,1.5126686090977952,0.7333333333333333,3.7681048538275796e-05,2.901992927212304e+24,2994928.2328505637,16,2025-04-13 00:00:00+00:00,0,-15.54513888888889
1744563600000,67,1.0154485584523922,51.37741544811883,336871.9869159629,0.9513783726665679,24,0.3582089552238806,1.485262532488824,21,0.31343283582089554,0.5837765190143681,20.0,0.29850746268656714,1.1679644548799892,2.0,0.029850746268656716,,,0.0,0.2346226183951314,0.7167557542714365,24,24,2359.5833333333335,1859.5,1.4912553122612435,0.8333333333333334,6.067725554012817e-05,2.8400497147318523e+24,3478382.511270429,17,2025-04-13 00:00:00+00:00,0,-15.503472222222221
1744567200000,115,0.8750793247327472,65.80659800244713,464710.54553696024,0.7974205454107661,32,0.2782608695652174,1.1266138947091342,42,0.3652173913043478,0.6543194385052843,36.0,0.3130434782608696,0.8486763054295086,5.0,0.043478260869565216,,,0.0,0.30251641333744417,0.4949041320733219,32,32,2211.0625,2190.0,1.4391988966408986,0.78125,5.8057734692660255e-05,2.8420805133593906e+24,4215517.655032088,18,2025-04-13 00:00:00+00:00,0,-15.461805555555555
1744570800000,113,1.0863769832093522,86.38209875630426,608128.3984036371,1.1434130812047383,34,0.3008849557522124,1.2277582785515393,44,0.3893805309734513,0.8720487679870913,33.0,0.2920353982300885,0.5427903709269719,2.0,0.017699115044247787,,,0.0,0.3307855590418105,0.8126275221629278,34,34,1925.3823529411766,1779.0,1.3359073577634195,0.9411764705882353,8.345534295370194e-05,2.832641228540579e+24,8524439.214353057,19,2025-04-13 00:00:00+00:00,0,-15.42013888888889
1744574400000,187,1.1067729096319903,155.85967788329836,989636.5007357586,1.0017854106014938,60,0.32085561497326204,1.4069602222892457,53,0.28342245989304815,0.9364897793779436,64.0,0.3422459893048128,1.2355171803574159,10.0,0.053475935828877004,,,0.0,0.2018006280819504,0.7999847825195434,60,60,2144.8,1978.5,1.3659971802149287,0.8833333333333333,9.528138956847465e-05,2.848326467565901e+24,6660628.714276996,20,2025-04-13 00:00:00+00:00,0,-15.378472222222221
1744578000000,143,1.0033440261686812,126.8571255536682,678064.5654348602,0.8869132603629857,42,0.2937062937062937,1.3903036537850875,48,0.3356643356643357,0.6470843484319553,43.0,0.3006993006993007,1.166863644261774,10.0,0.06993006993006994,,,0.0,0.29809824153720704,0.5888150188257787,42,42,1987.1666666666667,1865.0,1.3289236300827958,0.9285714285714286,7.088912359817205e-05,2.817032560496407e+24,5604195.0238163285,21,2025-04-13 00:00:00+00:00,0,-15.336805555555555
1744581600000,157,0.7830489911490918,78.69410199555463,560921.0585282459,0.9530779774396395,41,0.2611464968152866,1.0303729625563212,45,0.28662420382165604,0.46024651859094284,64.0,0.40764331210191085,1.1485620043610558,7.0,0.044585987261146494,,,0.0,0.23351563808691328,0.7195623393527263,41,41,2250.243902439024,2195.0,1.4540252958606108,0.9024390243902439,6.009318451324066e-05,2.8543059264601746e+24,2676407.1724720453,22,2025-04-13 00:00:00+00:00,0,-15.29513888888889
1744585200000,106,0.8134795707202273,56.57473915164748,429525.8195408926,0.7325591721750361,29,0.27358490566037735,1.0953560017053996,34,0.32075471698113206,0.5870942974040445,36.0,0.33962264150943394,0.9438742483912641,7.0,0.0660377358490566,,,0.0,0.25382197277741586,0.4787371993976202,29,29,2256.344827586207,2176.0,1.4214768734114462,0.896551724137931,5.145449116679284e-05,2.886533135936752e+24,2448579.644763564,23,2025-04-13 00:00:00+00:00,0,-15.253472222222221
1744588800000,142,0.8992410714323966,89.34797509328712,614438.8489307242,0.8627249142899052,41,0.2887323943661972,1.2794421352715133,43,0.3028169014084507,0.5777834712977779,50.0,0.352112676056338,1.0519156594937804,8.0,0.056338028169014086,,,0.0,0.21755824342273114,0.645166670867174,41,41,2158.487804878049,1963.0,1.384156965634586,0.8292682926829268,5.828192401927614e-05,2.8492782575077096e+24,4362011.284691932,0,2025-04-14 00:00:00+00:00,0,-15.211805555555555
1744592400000,126,0.6944079730374549,53.60121799458382,395756.96750158526,0.8003299276456719,30,0.23809523809523808,1.071899965146858,30,0.23809523809523808,0.4181687995380516,61.0,0.48412698412698413,1.164042209424455,5.0,0.03968253968253968,,,0.0,0.2888359693158009,0.5114939583298709,30,30,2472.0666666666666,2387.0,1.5215701833338993,0.8333333333333334,5.510330493042724e-05,2.830894453894692e+24,2271690.5050751558,1,2025-04-14 00:00:00+00:00,0,-15.17013888888889
1744596000000,105,1.1339664115648407,89.80958784846453,511327.23139672546,1.0680645347803672,29,0.2761904761904762,1.8162058055496846,32,0.3047619047619048,0.6899256239566451,43.0,0.4095238095238095,0.3072140979519808,1.0,0.009523809523809525,,,0.0,0.6290625921632562,0.43900194261711095,29,29,1862.344827586207,1887.0,1.3062114782541818,0.9310344827586207,5.2448209737494804e-05,2.796194697465357e+24,5942138.464327966,2,2025-04-14 00:00:00+00:00,0,-15.128472222222221
1744599600000,71,1.0577379087074277,68.8426996814858,339595.84023140126,0.740524857146708,13,0.18309859154929578,1.3217915001251896,19,0.2676056338028169,1.0137747408432067,36.0,0.5070422535211268,1.2875464008620394,3.0,0.04225352112676056,,,0.0,0.1665306220623236,0.5739942350843843,13,13,1931.076923076923,1891.0,1.3234060038549578,0.9230769230769231,5.8936153224421825e-05,2.7874435573250476e+24,3049126.571280779,3,2025-04-14 00:00:00+00:00,0,-15.086805555555555
1744603200000,102,0.799104707072084,54.0331756774915,386578.7056742233,0.8249418902699994,18,0.17647058823529413,1.1289405181864556,36,0.35294117647058826,0.48554399007617355,43.0,0.4215686274509804,1.0278951737009443,5.0,0.049019607843137254,,,0.0,0.16454037520696824,0.6604015150630311,18,18,1935.1666666666667,1540.0,1.306389968440913,0.8888888888888888,4.147705656347019e-05,2.7746041709620455e+24,2902750.584929583,4,2025-04-14 00:00:00+00:00,0,-15.04513888888889
1744606800000,91,0.8481350972474755,48.13782104112604,337818.31459280173,0.8899085890063864,13,0.14285714285714285,1.0751523008378738,42,0.46153846153846156,0.5019734300120325,33.0,0.3626373626373626,1.2966541222831556,3.0,0.03296703296703297,,,0.0,0.21127058416483974,0.6786380048415466,13,13,2245.923076923077,2026.0,1.4635365223004277,0.9230769230769231,4.6800688140232296e-05,2.776850012622985e+24,2896929.363158836,5,2025-04-14 00:00:00+00:00,0,-15.003472222222221
1744610400000,79,0.9027819978112566,55.87459548773023,326373.01538317633,0.8090300844919582,11,0.13924050632911392,1.2751401277458043,24,0.3037974683544304,0.6600158810490346,39.0,0.4936708860759494,1.2152928941732153,5.0,0.06329113924050633,,,0.0,0.48457262938146833,0.3244574551104899,11,11,1808.5454545454545,1628.0,1.3216852939486674,1.0,6.148280493330473e-05,2.8643333122807607e+24,2204765.309656648,6,2025-04-14 00:00:00+00:00,0,-14.961805555555555
1744614000000,71,1.2507257416546698,78.39699631448731,378688.86193136196,0.7349838833653763,16,0.22535211267605634,1.6243274649030028,31,0.43661971830985913,1.0839415654800948,23.0,0.323943661971831,1.7569781056002718,1.0,0.014084507042253521,,,0.0,0.2257085384964616,0.5092753448689147,16,16,2096.9375,1969.0,1.390263219151953,0.875,6.756736667047588e-05,2.948594616005307e+24,3290802.7425943273,7,2025-04-14 00:00:00+00:00,0,-14.92013888888889
1744617600000,88,0.9155311655881903,59.33123917829402,368600.70242643973,0.9382430027417971,28,0.3181818181818182,1.2174484369481093,34,0.38636363636363635,0.4662892488642257,24.0,0.2727272727272727,0.8558748330066432,2.0,0.022727272727272728,,,0.0,0.4420760646648354,0.4961669380769616,28,28,1943.4642857142858,1853.5,1.3621447997389338,0.9285714285714286,4.6282289890524835e-05,3.136210311710484e+24,1330037.6271747912,8,2025-04-14 00:00:00+00:00,0,-14.878472222222221
1744621200000,79,0.8030840962206585,51.414863811495096,337237.27074345003,0.9581060828057931,14,0.17721518987341772,1.1053926472731095,29,0.3670886075949367,0.4437337886128928,32.0,0.4050632911392405,0.9435726089045424,4.0,0.05063291139240506,,,0.0,0.43784371515528625,0.5202623676505068,14,14,2336.0714285714284,2232.5,1.4557894013957622,0.8571428571428571,4.6732395309008976e-05,3.215334103737702e+24,2129387.4057631544,9,2025-04-14 00:00:00+00:00,0,-14.836805555555555
1744624800000,116,0.871790918940546,77.99908963274906,500033.22300688364,0.8220128779095922,26,0.22413793103448276,1.1817362610336566,40,0.3448275862068966,0.6321469906007401,46.0,0.39655172413793105,0.8517999406184038,4.0,0.034482758620689655,,,0.0,0.24256224038836563,0.5794506375212266,26,26,2449.846153846154,2214.0,1.4991855991810275,0.7692307692307693,5.678586216342001e-05,3.2121845512961897e+24,3337484.12870653,10,2025-04-14 00:00:00+00:00,0,-14.79513888888889
1744628400000,115,0.8399287899803183,69.73131622474031,462837.0639490032,0.6835617324365083,35,0.30434782608695654,1.0931944740080135,51,0.4434782608695652,0.5667842245243947,28.0,0.24347826086956523,1.044273751367065,1.0,0.008695652173913044,,,0.0,0.15253211754778073,0.5310296148887275,35,35,1737.3428571428572,1446.0,1.2786285477862782,0.9714285714285714,5.689548750131592e-05,3.072341775491986e+24,1906281.6982278554,11,2025-04-14 00:00:00+00:00,0,-14.753472222222221
1744632000000,88,0.8989423710866457,62.26178061229593,378486.1178891172,1.224412246152268,18,0.20454545454545456,1.1277827045868927,36,0.4090909090909091,0.4843332605810545,34.0,0.38636363636363635,,,0.0,,,0.0,0.3043044404895429,0.9201078056627251,18,18,1802.2777777777778,2320.5,1.265047352958438,1.0,4.508844341302134e-05,3.1903049431246153e+24,1504805.8952656402,12,2025-04-14 00:00:00+00:00,0,-14.711805555555555
1744635600000,167,1.0170194392235237,127.2993101230329,838855.4708704432,1.109886681840018,34,0.20359281437125748,1.2112732202731595,61,0.3652694610778443,0.8127161064969013,68.0,0.40718562874251496,0.7384343723289564,4.0,0.023952095808383235,,,0.0,0.4071643612452689,0.7027223205947488,34,34,1835.764705882353,1946.5,1.2983218685853062,0.9411764705882353,8.740572842240411e-05,3.128280409512601e+24,4060748.1118371054,13,2025-04-14 00:00:00+00:00,0,-14.67013888888889
1744639200000,130,0.7912536691169467,81.49532621152966,547611.63080434,0.8100740010013703,34,0.26153846153846155,1.1417064583761913,46,0.35384615384615387,0.46218757367555974,49.0,0.3769230769230769,0.15477275574926702,1.0,0.007692307692307693,,,0.0,0.23701167764536488,0.5730623233560054,34,34,1674.8529411764705,1924.5,1.2171931799140463,0.9705882352941176,6.313049791903706e-05,3.187613326519602e+24,2364505.628221251,14,2025-04-14 00:00:00+00:00,0,-14.628472222222221
1744642800000,203,0.9481700716011442,137.9847225328402,936881.4409671837,0.766430482116852,47,0.2315270935960591,1.4576180078566026,62,0.3054187192118227,0.6450742749957675,88.0,0.43349753694581283,1.552906531467225,6.0,0.029556650246305417,,,0.0,0.310856542876194,0.4555739392406579,47,47,1764.8936170212767,1859.0,1.2622383777264639,0.9148936170212766,8.689227317712797e-05,2.8449999996893403e+24,7252806.670020543,15,2025-04-14 00:00:00+00:00,0,-14.586805555555555
1744646400000,128,0.923201820264505,93.56112600449575,628266.0774018973,0.7560623019853633,38,0.296875,1.306860966846523,46,0.359375,0.669138882843535,40.0,0.3125,0.6395764324328432,4.0,0.03125,,,0.0,0.26617962650376,0.48988267548160336,38,38,2024.6315789473683,2155.0,1.3282562134656233,0.9210526315789473,6.67783794426811e-05,2.946968135249824e+24,5652182.949061223,16,2025-04-14 00:00:00+00:00,0,-14.54513888888889
1744650000000,111,1.039424111827875,86.7241596202721,540520.8099145576,1.0090623736482849,30,0.2702702702702703,1.2759068751648341,37,0.3333333333333333,0.818507278212731,41.0,0.36936936936936937,1.4456174718749206,3.0,0.02702702702702703,,,0.0,0.3244886489131024,0.6845737247351824,30,30,2842.5666666666666,2580.0,1.619694746624712,0.7,5.311242722569685e-05,2.985202362965462e+24,2814430.1715860562,17,2025-04-14 00:00:00+00:00,0,-14.503472222222221
1744653600000,75,0.8676190799527277,48.120362825708526,317098.5213815754,0.758208934718075,25,0.3333333333333333,1.2381733635434402,26,0.3466666666666667,0.5523438066078982,22.0,0.29333333333333333,0.8860682154997477,2.0,0.02666666666666667,,,0.0,0.27339003005806356,0.48481890466001154,25,25,1665.28,1396.0,1.2168408691422496,0.92,4.674231270698284e-05,2.9273918179334857e+24,2023757.6965601656,18,2025-04-14 00:00:00+00:00,0,-14.461805555555555
1744657200000,30,1.0632606890048644,22.934672939763608,138506.98106802674,1.0681783321814529,8,0.26666666666666666,0.8257217091623609,12,0.4,1.1678327131949282,8.0,0.26666666666666666,2.0505358985932762,2.0,0.06666666666666667,,,0.0,0.3658868701407756,0.7022914620406773,8,8,3238.5,2674.0,1.7014212748370454,0.625,3.004554436531969e-05,2.873643071830339e+24,1475401.711581763,19,2025-04-14 00:00:00+00:00,0,-14.42013888888889
1744660800000,67,1.0730974110661102,78.08265801355347,355881.676985525,0.475362468225874,13,0.19402985074626866,0.8657673588116731,21,0.31343283582089554,1.4688944651391327,28.0,0.417910447761194,1.2815309791104355,5.0,0.07462686567164178,,,0.0,0.1738792669242663,0.30148320130160766,13,13,2124.769230769231,2461.0,1.3307981098530424,0.9230769230769231,3.392576360364924e-05,2.918771438756812e+24,1490215.168020373,20,2025-04-14 00:00:00+00:00,0,-14.378472222222221
1744664400000,85,0.9770829147594113,67.3031132777219,364564.1365886715,0.93418575739278,18,0.21176470588235294,1.2279994585364218,27,0.3176470588235294,0.8134750011908896,35.0,0.4117647058823529,0.9218187398630793,5.0,0.058823529411764705,,,0.0,0.1949875203844569,0.739198237008323,18,18,2892.0555555555557,2132.5,1.5551526777412805,0.8333333333333334,5.471115674313958e-05,2.9694778699290383e+24,2965115.300996461,21,2025-04-14 00:00:00+00:00,0,-14.336805555555555
1744668000000,80,0.9128431543537354,50.6048087463894,332879.81676834635,1.103313572325849,20,0.25,1.0269832207285472,30,0.375,0.564164050505515,27.0,0.3375,1.639751638758847,3.0,0.0375,,,0.0,0.16432810894451227,0.9389854633813366,20,20,2520.0,2491.5,1.5228474144380426,0.75,4.068724892029366e-05,2.9592759737083697e+24,1727130.263636834,22,2025-04-14 00:00:00+00:00,0,-14.29513888888889
1744671600000,88,0.8781748553581532,53.747138092141014,361352.90682751936,0.6626595508883484,21,0.23863636363636365,1.085455955489035,45,0.5113636363636364,0.4500071629857244,17.0,0.19318181818181818,1.373579387019653,5.0,0.056818181818181816,,,0.0,0.2883959977664069,0.37426355312194143,21,21,3108.1428571428573,2124.0,1.59058912958994,0.8095238095238095,2.960096316678022e-05,2.975160082037926e+24,1545366.4899174646,23,2025-04-14 00:00:00+00:00,0,-14.253472222222221
1744675200000,109,0.9368197405409485,73.70010575400481,498350.91673772,0.7571963232980969,26,0.23853211009174313,1.253242007699588,46,0.42201834862385323,0.5935940876563122,29.0,0.26605504587155965,0.9453608021248459,8.0,0.07339449541284404,,,0.0,0.3227410775724389,0.434455245725658,26,26,2141.846153846154,2319.0,1.376342906995145,0.8461538461538461,5.1755860978420484e-05,2.96042558188618e+24,3515627.218874536,0,2025-04-15 00:00:00+00:00,0,-14.211805555555555
1744678800000,97,0.996555629241525,67.78470850308351,473299.88888861245,0.8017503732893824,14,0.14432989690721648,1.1685434784375623,48,0.4948453608247423,0.8050756202579205,29.0,0.29896907216494845,1.0006851429823131,6.0,0.061855670103092786,,,0.0,0.17820912698867497,0.6235412463007073,14,14,1930.357142857143,1925.0,1.3079163539552539,0.9285714285714286,5.2008036049869654e-05,2.965495437654849e+24,3872774.7991168997,1,2025-04-15 00:00:00+00:00,0,-14.17013888888889
1744682400000,91,0.8612366081552031,57.96255495165039,363849.68268231355,0.8305386072691658,18,0.1978021978021978,1.2203533643021154,30,0.32967032967032966,0.5951970219703611,37.0,0.4065934065934066,0.7983242782186141,6.0,0.06593406593406594,,,0.0,0.308915849215158,0.5216227580540078,18,18,1709.8333333333333,1615.5,1.241586911214703,0.9444444444444444,4.1488918966489974e-05,2.9816126268381545e+24,2819736.1959448108,2,2025-04-15 00:00:00+00:00,0,-14.128472222222221
1744686000000,42,0.9150447103243899,28.544330343792623,191999.28671358278,0.5095728566256134,11,0.2619047619047619,1.2889107515476055,17,0.40476190476190477,0.7803161327690519,13.0,0.30952380952380953,0.7709839084356638,1.0,0.023809523809523808,,,0.0,0.3232599259863339,0.18631293063927937,11,11,2096.818181818182,2522.0,1.4230023547548436,1.0,3.300268351194381e-05,2.995961933731886e+24,1417343.112538577,3,2025-04-15 00:00:00+00:00,0,-14.086805555555555
1744689600000,70,0.9669989182046053,56.12122883423322,309584.1185858178,0.5576773378915554,8,0.11428571428571428,1.1830877802277993,25,0.35714285714285715,0.9338359635065472,32.0,0.45714285714285713,0.7537120466570855,5.0,0.07142857142857142,,,0.0,0.15297020073207296,0.40470713715948237,8,8,1971.5,1533.0,1.3188994649569898,0.875,4.823639579341871e-05,2.979364433227695e+24,2794375.864853329,4,2025-04-15 00:00:00+00:00,0,-14.04513888888889
1744693200000,57,0.8124277534422019,30.17413708529679,223430.90688996846,0.7624100439442477,15,0.2631578947368421,1.0495568068352548,24,0.42105263157894735,0.516615202065974,16.0,0.2807017543859649,0.7085123449700479,2.0,0.03508771929824561,,,0.0,0.3322374385259887,0.430172605418259,15,15,2555.3333333333335,2325.0,1.5585290952657387,0.7333333333333333,4.4372914456345866e-05,2.862082075989333e+24,1667538.9630922978,5,2025-04-15 00:00:00+00:00,0,-14.003472222222221
1744696800000,87,0.8873578209234354,52.76784607795116,343523.18343386287,1.1170535189117923,11,0.12643678160919541,1.1542401309495216,42,0.4827586206896552,0.40363640593132993,30.0,0.3448275862068966,1.0813410086223394,4.0,0.04597701149425287,,,0.0,0.7154389112373668,0.4016146076744256,11,11,1770.4545454545455,1565.0,1.303075554301875,1.0,3.9013559012357374e-05,2.897274390044788e+24,1702079.786541046,6,2025-04-15 00:00:00+00:00,0,-13.961805555555555
1744700400000,58,0.8827879519610777,32.651034761725306,231915.50192527394,1.0479386153521912,9,0.15517241379310345,0.9227051923123094,29,0.5,0.775843340480882,13.0,0.22413793103448276,0.7036913817520498,7.0,0.1206896551724138,,,0.0,0.8971258635885273,0.15081275176366382,9,9,3171.3333333333335,2495.0,1.6563154357754017,0.7777777777777778,2.9091228306929534e-05,2.820810716756597e+24,1421215.945027208,7,2025-04-15 00:00:00+00:00,0,-13.92013888888889
1744704000000,39,0.6785378878490193,17.506155097296894,151168.91071523385,0.7414629806151398,7,0.1794871794871795,0.8893831595443912,19,0.48717948717948717,0.33649667157402613,13.0,0.3333333333333333,,,0.0,,,0.0,0.49902991675261127,0.24243306386252858,7,7,2072.1428571428573,1397.0,1.3126687801096382,0.7142857142857143,2.4526745594064176e-05,2.862804359427578e+24,1252193.066504372,8,2025-04-15 00:00:00+00:00,0,-13.878472222222221
1744707600000,86,1.018915427256221,84.63947225372895,416527.45501231984,1.32261198269659,18,0.20930232558139536,1.1411280624656388,38,0.4418604651162791,0.6818948227267371,30.0,0.3488372093023256,,,0.0,,,0.0,0.44698724823823077,0.8756247344583591,18,18,2128.222222222222,1972.5,1.398597645821956,0.8888888888888888,4.675022168628077e-05,2.9079203671943514e+24,2470673.7626512856,9,2025-04-15 00:00:00+00:00,0,-13.836805555555555
1744711200000,76,0.9265147962124898,53.085852587130915,370327.0304063835,0.7336536486959689,18,0.23684210526315788,1.0254083657844646,33,0.4342105263157895,0.8545246281222715,23.0,0.3026315789473684,1.858408158961101,2.0,0.02631578947368421,,,0.0,0.1485290944416057,0.5851245542543633,18,18,2074.777777777778,2028.5,1.363619688905394,0.8333333333333334,3.9785761009334846e-05,2.9896581295028737e+24,3256468.261981339,10,2025-04-15 00:00:00+00:00,0,-13.79513888888889
1744714800000,86,0.9545910514803357,55.039198488288875,368778.0186297861,0.8369568526869587,12,0.13953488372093023,1.1480717890519363,48,0.5581395348837209,0.6324357765067077,24.0,0.27906976744186046,0.8827218422057257,2.0,0.023255813953488372,,,0.0,0.15704671171020415,0.6799101409767546,12,12,1313.0833333333333,1160.5,1.0993676284828549,1.0,3.7559134828087094e-05,2.994899135422025e+24,2129151.3739222325,11,2025-04-15 00:00:00+00:00,0,-13.753472222222221
1744718400000,80,0.7806325172670806,41.30251350860813,305421.0314739187,0.5374413516681705,17,0.2125,1.0947564500439406,30,0.375,0.515278277349089,28.0,0.35,1.2087226271829685,5.0,0.0625,,,0.0,0.29745340617689014,0.23998794549128036,17,17,1802.5294117647059,1883.0,1.280828570613962,0.9411764705882353,4.248490334457423e-05,2.9453219287715393e+24,2300799.1812993665,12,2025-04-15 00:00:00+00:00,0,-13.711805555555555
1744722000000,167,1.0080662470596575,124.39177625032444,848714.547515284,0.9510263493313059,43,0.25748502994011974,1.4793082076155675,49,0.2934131736526946,0.7066734648377822,71.0,0.4251497005988024,1.198253015267826,4.0,0.023952095808383235,,,0.0,0.2793757190343074,0.6716506302969985,43,43,2258.2093023255816,2277.0,1.459732016010226,0.9302325581395349,6.960523358584615e-05,2.94362510905015e+24,5456018.059482938,13,2025-04-15 00:00:00+00:00,0,-13.67013888888889
1744725600000,183,0.9869365724948609,143.12472770434425,901260.7002724265,0.9202595215850327,52,0.28415300546448086,1.306509283411624,61,0.3333333333333333,0.6921072406339912,62.0,0.33879781420765026,1.2685228045901673,8.0,0.04371584699453552,,,0.0,0.2378198110427063,0.6824397105423263,52,52,2008.2884615384614,1993.0,1.353430382788576,0.8846153846153846,7.390640236534725e-05,3.083879102088518e+24,7180620.927868414,14,2025-04-15 00:00:00+00:00,0,-13.628472222222221
1744729200000,92,0.8723696084616113,57.95312059489924,442843.10790026037,0.9316534272526996,25,0.2717391304347826,0.9869105478082578,36,0.391304347826087,0.6915447927759184,31.0,0.33695652173913043,,,0.0,,,0.0,0.24860602143788132,0.6830474058148184,25,25,2098.2,2293.0,1.3693000668143056,0.84,5.793624768980239e-05,3.201086206529491e+24,3056232.5238126293,15,2025-04-15 00:00:00+00:00,0,-13.586805555555555
1744732800000,88,0.7941294608972551,54.63610432802969,386473.95988981315,0.7067075328761838,25,0.2840909090909091,0.9901602671399519,37,0.42045454545454547,0.5369189026654575,23.0,0.26136363636363635,1.0768798638567028,3.0,0.03409090909090909,,,0.0,0.2758175119599979,0.4308900209161859,25,25,1908.56,1730.0,1.3342229015487612,0.88,3.795127269075049e-05,3.497726174096495e+24,2057196.3100846722,16,2025-04-15 00:00:00+00:00,0,-13.54513888888889
1744736400000,85,0.7731497367699098,54.68603149459058,382320.2601209925,0.5067676164409446,19,0.2235294117647059,1.0917216272081034,27,0.3176470588235294,0.481909398944415,31.0,0.36470588235294116,1.4591834513960908,8.0,0.09411764705882353,,,0.0,0.21857072410893136,0.2881968923320132,19,19,1748.9473684210527,2000.0,1.219737347343495,0.8947368421052632,4.4336248398922806e-05,3.4651086466878645e+24,3407264.8709959975,17,2025-04-15 00:00:00+00:00,0,-13.503472222222221
1744740000000,92,0.7577009225991248,52.80463414679565,382280.73971906514,0.8262307527789295,22,0.2391304347826087,0.8392500610003859,36,0.391304347826087,0.6230275753498223,30.0,0.32608695652173914,0.6568947153686175,4.0,0.043478260869565216,,,0.0,0.25722541458297216,0.5690053381959573,22,22,2215.409090909091,2177.5,1.4226386431606306,0.8181818181818182,4.217236960536569e-05,3.5101118548189916e+24,2632270.478132713,18,2025-04-15 00:00:00+00:00,0,-13.461805555555555
1744743600000,89,0.7467393225834764,54.05681773724703,393039.37118271703,0.5944285496559315,15,0.16853932584269662,0.9720342548744293,30,0.33707865168539325,0.569813362125875,38.0,0.42696629213483145,1.1215726763457177,6.0,0.06741573033707865,,,0.0,0.2858163125541259,0.3086122371018056,15,15,2234.2,2393.0,1.4546088653854243,0.8666666666666667,4.8792500613051e-05,3.683938984419982e+24,2435830.132025558,19,2025-04-15 00:00:00+00:00,0,-13.42013888888889
1744747200000,89,0.6383896495645474,43.88884919344486,331981.5406484317,0.8312290915596939,20,0.2247191011235955,0.7437523176715287,31,0.34831460674157305,0.43866655685301015,36.0,0.4044943820224719,0.6718895427625391,2.0,0.02247191011235955,,,0.0,0.23030998579465306,0.6009191057650409,20,20,2416.3,1727.0,1.422244814026167,0.7,4.2450618687042964e-05,3.569321240773015e+24,2434488.237025286,20,2025-04-15 00:00:00+00:00,0,-13.378472222222221
1744750800000,50,0.7875633200181705,31.27013282004844,229195.87930214326,1.088905235760219,10,0.2,0.80722768178563,22,0.44,0.5732793091995673,17.0,0.34,0.9843563876298376,1.0,0.02,,,0.0,0.521982212052464,0.5669230237077549,10,10,3879.1,2201.0,1.7514164617496568,0.8,3.2995305993314934e-05,3.6468849724898386e+24,1678176.3411889675,21,2025-04-15 00:00:00+00:00,0,-13.336805555555555
1744754400000,114,0.8019753641582293,74.2505655427606,514271.3888603256,0.7542116884552308,37,0.32456140350877194,1.112591585143258,45,0.39473684210526316,0.33235374703793186,28.0,0.24561403508771928,1.0367081981714774,4.0,0.03508771929824561,,,0.0,0.2111693933549596,0.5430422951002711,37,37,2117.108108108108,1893.0,1.4071471829112085,0.8378378378378378,4.77768125252515e-05,3.410920295717877e+24,2034728.750785923,22,2025-04-15 00:00:00+00:00,0,-13.29513888888889
1744758000000,63,0.9369282810980575,36.099961545254274,256327.11560022584,0.8385961304972259,21,0.3333333333333333,1.0977405305211416,27,0.42857142857142855,0.5808252210687546,8.0,0.12698412698412698,1.0186238394450027,7.0,0.1111111111111111,,,0.0,0.3047838726586488,0.5338122578385771,21,21,4246.428571428572,2973.0,1.9436423811148422,0.5238095238095238,3.828433157785426e-05,2.651522818174222e+24,1025315.23090216,23,2025-04-15 00:00:00+00:00,0,-13.253472222222221
1744761600000,105,0.9392053889605457,50.149470775721625,373553.31371414574,0.9535516946834104,48,0.45714285714285713,1.1174863539079432,39,0.37142857142857144,0.48240504217696245,16.0,0.1523809523809524,0.7728180094062074,2.0,0.01904761904761905,,,0.0,0.27284402639822597,0.6807076682851845,48,48,2175.8125,2208.5,1.4271943245040604,0.8958333333333334,8.749366776232575e-05,2.080344018903822e+24,1430082.1223502709,0,2025-04-16 00:00:00+00:00,0,-13.211805555555555
1744765200000,127,0.8726881632776026,65.04569536038866,472130.8329258055,1.0238935064506889,45,0.3543307086614173,0.9446745704719387,43,0.33858267716535434,0.5786522312912956,37.0,0.29133858267716534,1.3625249289516148,2.0,0.015748031496062992,,,0.0,0.3763276555898644,0.6475658508608243,45,45,2409.088888888889,2493.0,1.4884435507881717,0.8,5.855263554601346e-05,2.8541728303506127e+24,2163133.2453012667,1,2025-04-16 00:00:00+00:00,0,-13.17013888888889
1744768800000,91,1.0601508692410606,85.28855007062205,533282.6684101141,1.190191189211063,23,0.25274725274725274,1.1157993373057862,37,0.4065934065934066,0.8548363206839246,26.0,0.2857142857142857,1.1178023861971873,5.0,0.054945054945054944,,,0.0,0.4736046045575299,0.7165865846535331,23,23,1848.1304347826087,1786.0,1.29578074522444,0.9565217391304348,5.394647613488237e-05,3.420519611815884e+24,2652568.121480254,2,2025-04-16 00:00:00+00:00,0,-13.128472222222221
1744772400000,34,0.7577558931475605,26.84128415384428,143877.44571511445,0.5600628304573982,6,0.17647058823529413,1.3690130275429047,13,0.38235294117647056,0.30707693508099365,15.0,0.4411764705882353,,,0.0,,,0.0,0.4172253283445402,0.14283750211285806,6,6,2083.5,1809.0,1.3313957258065603,0.6666666666666666,3.1055716934560865e-05,3.495157026565133e+24,1085951.4326318344,3,2025-04-16 00:00:00+00:00,0,-13.086805555555555
1744776000000,69,0.8572922233179792,46.17461684879907,331074.1184508683,0.6615086780167018,22,0.3188405797101449,1.2440846642471115,22,0.3188405797101449,0.6724965658244034,23.0,0.3333333333333333,0.8813444325876949,2.0,0.028985507246376812,,,0.0,0.28697738581303023,0.37453129220367154,22,22,2176.5454545454545,2027.5,1.3972134971597845,0.9090909090909091,4.574565688823231e-05,3.4570617091043154e+24,3638810.3980621328,4,2025-04-16 00:00:00+00:00,0,-13.04513888888889
1744779600000,102,0.7627483339562399,58.54241931439551,444242.474197242,0.8106202372956867,30,0.29411764705882354,1.0254051228182273,26,0.2549019607843137,0.5062674583556368,40.0,0.39215686274509803,1.0950819028610808,6.0,0.058823529411764705,,,0.0,0.31763183520890625,0.4929884020867803,30,30,1668.8333333333333,1633.0,1.2082563714104322,0.9333333333333333,5.601279494271886e-05,3.3823024554065147e+24,4260043.630359386,5,2025-04-16 00:00:00+00:00,0,-13.003472222222221
1744783200000,60,1.1099357866279922,58.91150116384343,311208.75177158177,0.8039727397790327,13,0.21666666666666667,1.418568442854627,36,0.6,0.31203179179219453,7.0,0.11666666666666667,0.7229537738100431,4.0,0.06666666666666667,,,0.0,0.406825348091445,0.3971473916875877,13,13,1799.0,1918.0,1.3178964028136415,1.0,4.3571491636306115e-05,3.036198143368524e+24,2418645.7453357633,6,2025-04-16 00:00:00+00:00,0,-12.961805555555555
1744786800000,77,1.0276518209491647,50.389408991794305,284655.2224722375,0.8125836743431614,17,0.22077922077922077,1.1302649061489363,34,0.44155844155844154,1.0658298006850373,25.0,0.3246753246753247,0.24051592306217978,1.0,0.012987012987012988,,,0.0,0.324742474672657,0.48784119967050427,17,17,2488.5882352941176,2092.0,1.5113221233201177,0.8823529411764706,5.462497933359858e-05,2.1703810680719673e+24,1885412.6820308277,7,2025-04-16 00:00:00+00:00,0,-12.92013888888889
1744790400000,103,0.9294475839107073,57.364043798314626,403339.52059659857,0.878726592944106,34,0.3300970873786408,1.1927286843064653,41,0.39805825242718446,0.6055186045049343,28.0,0.27184466019417475,,,0.0,,,0.0,0.2890802874518544,0.5896463054922516,34,34,2140.676470588235,1978.0,1.4127611219866876,0.8823529411764706,8.104562389281409e-05,2.6486992016633257e+24,3032921.613163857,8,2025-04-16 00:00:00+00:00,0,-12.878472222222221
1744794000000,75,0.8296159668904485,38.45132618649597,280451.7933240897,0.8939308594467796,28,0.37333333333333335,1.027713473380932,26,0.3466666666666667,0.4651080786560189,20.0,0.26666666666666666,1.1684215712491905,1.0,0.013333333333333334,,,0.0,0.30760593631326233,0.5863249231335173,28,28,2005.8214285714287,2027.5,1.3703442273512345,0.8571428571428571,4.8671837030801674e-05,2.656233074356402e+24,1752082.9703208895,9,2025-04-16 00:00:00+00:00,0,-12.836805555555555
1744797600000,63,0.941422111830881,38.33696216485846,257780.79705336358,0.994506873098952,15,0.23809523809523808,0.8452375608013956,24,0.38095238095238093,1.0275962587657925,23.0,0.36507936507936506,0.4715745380144973,1.0,0.015873015873015872,,,0.0,0.48797341067948463,0.5065334624194673,15,15,1687.4666666666667,1650.0,1.2597265572203795,0.9333333333333333,4.431212770678591e-05,2.6697591584580496e+24,1793356.425389947,10,2025-04-16 00:00:00+00:00,0,-12.79513888888889
1744801200000,72,1.0202369173835975,67.90580687061406,327857.2139312213,1.0319928738347854,19,0.2638888888888889,1.326114859746505,30,0.4166666666666667,0.6115542459288238,23.0,0.3194444444444444,,,0.0,,,0.0,0.6951657424710129,0.3368271313637723,19,19,2258.3684210526317,2269.0,1.4424181634653532,0.7894736842105263,6.391120781473405e-05,2.8879179242674065e+24,2454416.7277629417,11,2025-04-16 00:00:00+00:00,0,-12.753472222222221
1744804800000,91,0.8028145371797475,63.04517009527525,392694.94476305984,0.7887380006670957,18,0.1978021978021978,1.382780470300528,26,0.2857142857142857,0.42022058685582275,43.0,0.4725274725274725,1.209265352183798,4.0,0.04395604395604396,,,0.0,0.23522741985786988,0.5535105808092257,18,18,1868.611111111111,1978.5,1.312435547663003,0.8888888888888888,4.5302106013644695e-05,3.572067920760914e+24,2749487.860897576,12,2025-04-16 00:00:00+00:00,0,-12.711805555555555
1744808400000,137,0.9498622334814856,115.00416172571119,696039.3951614301,0.7750683201022343,37,0.27007299270072993,1.3743569605263415,41,0.29927007299270075,0.629195115637931,55.0,0.40145985401459855,2.624807850378664,4.0,0.029197080291970802,,,0.0,0.30028746374283444,0.4747808563593997,37,37,2045.2162162162163,2156.0,1.385641402243661,0.8918918918918919,5.4350798231529086e-05,3.3916182152981254e+24,3953271.0762840835,13,2025-04-16 00:00:00+00:00,0,-12.67013888888889
1744812000000,95,0.8795812562660537,96.59966965221359,534911.4057842231,0.8017523514018682,38,0.4,1.3728171035096552,26,0.2736842105263158,0.5613027516371961,31.0,0.3263157894736842,,,0.0,,,0.0,0.18686760130712182,0.6148847500947463,38,38,1634.5526315789473,1485.0,1.2004335170072724,0.868421052631579,8.152287170430485e-05,3.692122611909714e+24,6607465.763322943,14,2025-04-16 00:00:00+00:00,0,-12.628472222222221
1744815600000,104,0.6597706116341713,59.225726031265594,444284.1364714492,0.7395932455417158,31,0.2980769230769231,0.9716488668408078,36,0.34615384615384615,0.2894430754565281,37.0,0.3557692307692308,,,0.0,,,0.0,0.18709288225610035,0.5525003632856155,31,31,2159.3548387096776,1979.0,1.3446564701068302,0.8709677419354839,5.665400373999275e-05,3.928675902295016e+24,3431785.188634739,15,2025-04-16 00:00:00+00:00,0,-12.586805555555555
1744819200000,126,0.8627623813700239,98.63750720350501,648417.4613347395,0.865883907793921,26,0.20634920634920634,1.1508096331994817,51,0.40476190476190477,0.47693922332445976,43.0,0.3412698412698413,1.1659000923092881,6.0,0.047619047619047616,,,0.0,0.31836466480179826,0.5475192429921227,26,26,2694.1923076923076,2082.0,1.4997857186811308,0.8076923076923077,5.727717887550351e-05,3.926070808119855e+24,4682387.958201255,16,2025-04-16 00:00:00+00:00,0,-12.54513888888889
1744822800000,126,1.0437183432047463,132.14606512250555,896382.1880997735,1.0387824647690864,59,0.46825396825396826,1.0543557958078162,30,0.23809523809523808,1.0095660002948026,33.0,0.2619047619047619,1.3184984846147394,4.0,0.031746031746031744,,,0.0,0.2736421034041915,0.7651403613648949,59,59,1951.6101694915253,1929.0,1.3342390808285534,0.9152542372881356,9.788531617396632e-05,3.673951532055467e+24,9157566.595216393,17,2025-04-16 00:00:00+00:00,0,-12.503472222222221
1744826400000,169,0.992501347845536,139.1736492511345,902809.0643822133,0.9926049488732359,45,0.26627218934911245,1.2078245385225774,53,0.3136094674556213,0.810448415913847,66.0,0.3905325443786982,1.1122418189178926,5.0,0.029585798816568046,,,0.0,0.2579360512575318,0.734668897615704,45,45,1936.2222222222222,2124.0,1.323319623392805,0.9111111111111111,9.965885099742138e-05,3.4974130900905693e+24,7134261.602790934,18,2025-04-16 00:00:00+00:00,0,-12.461805555555555
1744830000000,112,1.0207897122452676,104.16912310762217,640053.2575786234,0.9678558863678308,35,0.3125,1.2985749292924622,33,0.29464285714285715,0.7671648832002258,38.0,0.3392857142857143,1.4080422533893457,6.0,0.05357142857142857,,,0.0,0.20769155885318868,0.7601643275146421,35,35,2509.942857142857,2152.0,1.4902384381574496,0.8857142857142857,6.789338890830716e-05,3.8536164584030016e+24,6457472.539237958,19,2025-04-16 00:00:00+00:00,0,-12.42013888888889
1744833600000,116,0.7443562192528004,75.90141414070371,499808.87093631725,0.9010663555701071,33,0.28448275862068967,0.9564774315260621,34,0.29310344827586204,0.38374990178097795,44.0,0.3793103448275862,1.4409806698524328,5.0,0.04310344827586207,,,0.0,0.36720904885303995,0.5338573067170671,33,33,2146.5454545454545,2076.0,1.3952877539726227,0.8484848484848485,4.370379217708171e-05,3.889754187025161e+24,2178709.817615084,20,2025-04-16 00:00:00+00:00,0,-12.378472222222221
1744837200000,103,0.7283586754347027,67.9066905669706,468897.0734204137,0.802933660749073,20,0.1941747572815534,1.0692548347085644,34,0.3300970873786408,0.43206737428038505,46.0,0.44660194174757284,0.9108355859346707,3.0,0.02912621359223301,,,0.0,0.1532043880227993,0.6497292727262738,20,20,1870.75,1869.5,1.3286289053835936,1.0,5.3293760797551036e-05,3.911164990927228e+24,2805901.4706115923,21,2025-04-16 00:00:00+00:00,0,-12.336805555555555
1744840800000,71,0.764610525192591,46.2033370972746,326225.8884473273,0.8195193952633651,27,0.38028169014084506,0.812764056389663,26,0.36619718309859156,0.47644961830339927,14.0,0.19718309859154928,1.0895408735460697,4.0,0.056338028169014086,,,0.0,0.46494045942999496,0.3545789358333701,27,27,2613.962962962963,2092.0,1.5087596534434848,0.8518518518518519,3.7139234059486966e-05,3.909685870926147e+24,1159459.6402077698,22,2025-04-16 00:00:00+00:00,0,-12.29513888888889
1744844400000,52,0.6956621841669418,29.38032766453825,215101.88939294955,0.6161468676702725,12,0.23076923076923078,0.8785843170979802,23,0.4423076923076923,0.4207641505822624,11.0,0.21153846153846154,0.6574710358298791,6.0,0.11538461538461539,,,0.0,0.1879816505860896,0.4281652170841828,12,12,3059.9166666666665,2459.0,1.6333734790264163,0.75,2.827263838060194e-05,3.9110707799182364e+24,1977111.9790611682,23,2025-04-16 00:00:00+00:00,0,-12.253472222222221
1744848000000,91,0.7660075052262257,61.0373117558814,429622.1357280929,0.8616215341500999,32,0.3516483516483517,0.9236955578774785,31,0.34065934065934067,0.3143608772216279,22.0,0.24175824175824176,1.0973820482842835,6.0,0.06593406593406594,,,0.0,0.30981078413323204,0.5518107500168679,32,32,2444.6875,2349.5,1.48243055863731,0.84375,4.019064277440952e-05,3.9224397280668847e+24,1649286.6358569087,0,2025-04-17 00:00:00+00:00,0,-12.211805555555555
1744851600000,55,0.7179256325828941,36.55846313195179,269313.08076496667,0.739733948337628,21,0.38181818181818183,0.8297322481426459,15,0.2727272727272727,0.5471379245848155,16.0,0.2909090909090909,0.9171021204907509,3.0,0.05454545454545454,,,0.0,0.2339032746299158,0.5058306737077121,21,21,3389.4761904761904,2456.0,1.6863728235822126,0.7619047619047619,3.822038584263056e-05,3.9479527901882054e+24,1638814.4864410402,1,2025-04-17 00:00:00+00:00,0,-12.17013888888889
1744855200000,59,0.8445635857818831,41.45873023423287,287894.71187313134,0.8938470399029342,7,0.11864406779661017,0.8345793012887468,40,0.6779661016949152,0.7603324983486712,8.0,0.13559322033898305,1.02662256086783,4.0,0.06779661016949153,,,0.0,0.3790880361593974,0.5147590037435368,7,7,2927.4285714285716,2684.0,1.6486943194094716,0.8571428571428571,3.543068375161674e-05,3.9389865041151316e+24,2002343.8732354203,2,2025-04-17 00:00:00+00:00,0,-12.128472222222221
1744858800000,41,0.7611881509616283,28.143950784177044,207721.7258993506,0.9405805214067762,12,0.2926829268292683,0.6729375059136853,20,0.4878048780487805,0.7438059933443106,8.0,0.1951219512195122,0.5125498675172544,1.0,0.024390243902439025,,,0.0,0.23904215852168223,0.7015383628850939,12,12,2288.25,2098.5,1.4258948489915726,0.8333333333333334,3.0205593037672568e-05,4.1393007679596573e+24,2056961.704883887,3,2025-04-17 00:00:00+00:00,0,-12.086805555555555
1744862400000,42,1.2708627247345188,162.3058342088798,314175.23602543207,0.6930455029044722,8,0.19047619047619047,0.882492999767898,22,0.5238095238095238,2.717776991698507,10.0,0.23809523809523808,0.6196272518675947,2.0,0.047619047619047616,,,0.0,0.15600028232479274,0.5370452205796794,8,8,2305.25,2329.5,1.4600351650806522,0.75,2.6318012536458153e-05,4.248445839059317e+24,1969132.2103766792,4,2025-04-17 00:00:00+00:00,0,-12.04513888888889
1744866000000,52,0.5754425684992899,28.920290714210605,227420.96366014122,0.6663642682284152,15,0.28846153846153844,0.8116577547536881,19,0.36538461538461536,0.2538961065954116,17.0,0.3269230769230769,0.18981838609477636,1.0,0.019230769230769232,,,0.0,0.41457873201604006,0.25178553621237515,15,15,1777.4,1278.0,1.202695250749992,0.8,3.643719335728061e-05,4.2766218822523764e+24,1300466.8977495222,5,2025-04-17 00:00:00+00:00,0,-12.003472222222221
1744869600000,37,0.9476732186640999,34.676600020560265,223285.51104598708,0.6456490605894677,6,0.16216216216216217,1.336203345257119,18,0.4864864864864865,0.3722202551821882,8.0,0.21621621621621623,0.8321184941898494,5.0,0.13513513513513514,,,0.0,0.15931341123291318,0.48633564935655443,6,6,2427.8333333333335,2839.5,1.5126261813387851,1.0,3.3441420926056835e-05,4.300115185021256e+24,1722502.105469473,6,2025-04-17 00:00:00+00:00,0,-11.961805555555555
1744873200000,88,0.6707415605727886,52.728754511947166,363802.61564983433,0.5988526755538292,11,0.125,1.0438361568839323,34,0.38636363636363635,0.3150136405164809,35.0,0.3977272727272727,0.7402463933978429,8.0,0.09090909090909091,,,0.0,0.2715901428321392,0.32726253272168987,11,11,1781.6363636363637,1359.0,1.301174616269019,0.9090909090909091,3.823991196303731e-05,4.319071274201897e+24,2585156.3484740257,7,2025-04-17 00:00:00+00:00,0,-11.92013888888889
1744876800000,38,0.8821466164522632,35.35159850964003,214752.9704998196,0.8325373320079071,9,0.23684210526315788,0.8935034248863766,23,0.6052631578947368,0.5142545496464876,5.0,0.13157894736842105,2.9068839164957403,1.0,0.02631578947368421,,,0.0,0.2227667204695653,0.6097706115383418,9,9,2223.0,2010.0,1.4669152308989866,0.7777777777777778,2.597155520936321e-05,4.3024243993405584e+24,2088717.0724264837,8,2025-04-17 00:00:00+00:00,0,-11.878472222222221
1744880400000,37,0.8395864642069233,33.665652613549355,246141.21391389798,0.9672837607171978,10,0.2702702702702703,1.4514296956139603,10,0.2702702702702703,0.41749718107500583,16.0,0.43243243243243246,0.1976097151444875,1.0,0.02702702702702703,,,0.0,0.3849229378088967,0.582360822908301,10,10,1870.3,1886.0,1.3344015486908298,1.0,6.390876907376673e-05,4.1125508706935673e+24,4702709.245355574,9,2025-04-17 00:00:00+00:00,0,-11.836805555555555
1744884000000,68,0.7100982772044259,47.59899156984386,330897.2999782253,0.5497072341131429,16,0.23529411764705882,0.740130387426169,14,0.20588235294117646,0.7357302429177323,37.0,0.5441176470588235,1.9075226921682074,1.0,0.014705882352941176,,,0.0,0.24015670169445863,0.30955053241868424,16,16,2155.25,2189.5,1.4268743540619737,0.875,4.9565901395714266e-05,4.0167453657665234e+24,2500175.8974765535,10,2025-04-17 00:00:00+00:00,0,-11.79513888888889
1744887600000,43,0.6445512990785841,24.488031421294334,183883.39363168864,0.6647170031006383,11,0.2558139534883721,0.8193511689686831,16,0.37209302325581395,0.46288034353831653,14.0,0.32558139534883723,0.4069376566183678,2.0,0.046511627906976744,,,0.0,0.43213137652319455,0.23258562657744378,11,11,1466.8181818181818,1292.0,1.1368714869895202,1.0,3.1557621553495965e-05,4.1591329936018645e+24,2152560.5907805697,11,2025-04-17 00:00:00+00:00,0,-11.753472222222221
1744891200000,62,0.74489840740119,44.36769846835135,323846.97297854396,0.5575048679947403,13,0.20967741935483872,0.9722868260500925,31,0.5,0.3885687095374419,13.0,0.20967741935483872,0.7487706286805071,5.0,0.08064516129032258,,,0.0,0.12486416127975339,0.4326407067149869,13,13,1675.6153846153845,1492.0,1.218445888598561,0.8461538461538461,4.8347265737967346e-05,3.9263193527137653e+24,2789871.419103816,12,2025-04-17 00:00:00+00:00,0,-11.711805555555555
1744894800000,91,0.8158904758637227,67.44390592617128,459053.67814001377,0.7830983836999375,36,0.3956043956043956,1.1943391580560392,30,0.32967032967032966,0.39875088767472494,24.0,0.26373626373626374,0.6542954445264435,1.0,0.01098901098901099,,,0.0,0.21545150516282213,0.5676468785371154,36,36,2096.1666666666665,1978.5,1.3995373088185419,0.8888888888888888,4.6004099080486e-05,3.779696770837256e+24,2457153.3400071035,13,2025-04-17 00:00:00+00:00,0,-11.67013888888889
1744898400000,99,0.9423495714757912,97.91207709067713,636557.5370286085,0.7735527545021945,40,0.40404040404040403,1.165737174326519,38,0.3838383838383838,0.9462686126603401,18.0,0.18181818181818182,0.33988324790723645,3.0,0.030303030303030304,,,0.0,0.4835777389487214,0.28997501555347305,40,40,1345.575,1329.5,1.0570113930340475,0.975,6.867882972827976e-05,4.0377233085246955e+24,5063670.646011686,14,2025-04-17 00:00:00+00:00,0,-11.628472222222221
1744902000000,49,0.7289765009063051,28.281824759566838,224608.80052999107,0.7318005700432219,18,0.3673469387755102,0.8280249782898957,15,0.30612244897959184,0.6493975480332982,14.0,0.2857142857142857,0.5177489684081724,2.0,0.04081632653061224,,,0.0,0.22239827504706022,0.5094022949961616,18,18,1725.6666666666667,1811.5,1.2333297885296552,1.0,5.516809141520739e-05,3.609895268028205e+24,3367630.3584383437,15,2025-04-17 00:00:00+00:00,0,-11.586805555555555
1744905600000,103,0.8948494242750578,81.21552276644033,552450.0719787489,0.8775326119881461,39,0.3786407766990291,1.1655203166775512,31,0.30097087378640774,0.5980947820823191,30.0,0.2912621359223301,1.2905818511065323,3.0,0.02912621359223301,,,0.0,0.45272472723360163,0.42480788475454456,39,39,2278.128205128205,2006.0,1.439990795490281,0.7948717948717948,6.819470205886615e-05,3.455504411671114e+24,2604252.5545233386,16,2025-04-17 00:00:00+00:00,0,-11.54513888888889
1744909200000,70,0.7817786028129541,44.46836520643817,306474.7413664489,0.6751750258930368,29,0.4142857142857143,0.9788041277050921,27,0.38571428571428573,0.622622499855088,14.0,0.2,,,0.0,,,0.0,0.2441676329953544,0.4310073928976823,29,29,2355.3793103448274,2527.0,1.4691904932635842,0.8275862068965517,4.330152618137321e-05,3.3686204958207316e+24,1162306.3670725182,17,2025-04-17 00:00:00+00:00,0,-11.503472222222221
1744912800000,57,0.8697521617855609,40.406833290137136,269616.07384217577,1.1357298121842887,9,0.15789473684210525,0.8815437163935015,28,0.49122807017543857,0.62869261976957,16.0,0.2807017543859649,1.1529997341968032,4.0,0.07017543859649122,,,0.0,0.21613513583689814,0.9195946763473906,9,9,3854.4444444444443,2803.0,1.7300852895421004,0.5555555555555556,3.238684506890002e-05,3.564207246886545e+24,3155532.905445935,18,2025-04-17 00:00:00+00:00,0,-11.461805555555555
1744916400000,109,0.8152031520459458,69.39960481618598,491148.84114805306,0.6920365021944512,24,0.22018348623853212,1.086735223361308,40,0.3669724770642202,0.609628824461151,41.0,0.3761467889908257,0.9460191957454409,4.0,0.03669724770642202,,,0.0,0.2330035083435442,0.45903299385090707,24,24,2406.5833333333335,2353.5,1.458864056964232,0.7916666666666666,5.477894247675876e-05,3.541109111700646e+24,3152796.7544744713,19,2025-04-17 00:00:00+00:00,0,-11.42013888888889
1744920000000,55,0.6222119297136088,28.51152451892231,222829.53907683576,0.6756053800733491,12,0.21818181818181817,0.6382605457276372,22,0.4,0.5467664130654665,18.0,0.32727272727272727,0.7436213773939594,3.0,0.05454545454545454,,,0.0,0.3375263920600844,0.3380789880132647,12,12,2076.4166666666665,2176.0,1.3968248192862376,0.8333333333333334,4.5419761705084674e-05,3.8042520202504735e+24,2004024.3327493514,20,2025-04-17 00:00:00+00:00,0,-11.378472222222221
1744923600000,32,0.8443886609808419,22.982685252368434,160513.7296919204,0.7718768930337359,8,0.25,1.0655769692391839,15,0.46875,0.40535554430587517,5.0,0.15625,0.70874743674998,4.0,0.125,,,0.0,0.5182564913356067,0.25362040169812916,8,8,2101.875,1685.0,1.3997553149669688,0.875,3.468833218918705e-05,3.8612887063117937e+24,1554845.8572475526,21,2025-04-17 00:00:00+00:00,0,-11.336805555555555
1744927200000,78,1.0168303647697623,81.81014703781148,470767.51668257534,0.8650211165257188,24,0.3076923076923077,1.186292167282357,35,0.44871794871794873,0.8868870928920525,13.0,0.16666666666666666,0.917083932157504,6.0,0.07692307692307693,,,0.0,0.48431423087074427,0.38070688565497446,24,24,2568.9166666666665,2213.0,1.5278901746584692,0.7916666666666666,4.806426361924857e-05,3.742181778139495e+24,1844988.366919264,22,2025-04-17 00:00:00+00:00,0,-11.29513888888889
1744930800000,40,1.8721108766454062,488.0069954443311,365075.96992416563,0.5307176189227611,11,0.275,0.8834619866280815,18,0.45,5.629970207544274,9.0,0.225,1.2372468152309644,2.0,0.05,,,0.0,0.23785177193106136,0.29286584699169976,11,11,2351.6363636363635,1997.0,1.4738684780130618,0.7272727272727273,3.142984715266205e-05,3.3482890016122417e+24,1384972.4176040944,23,2025-04-17 00:00:00+00:00,0,-11.253472222222221
1744934400000,90,0.7812789402717404,49.93934946526007,358602.59974284435,1.0232287517949765,23,0.25555555555555554,0.8373208258509608,41,0.45555555555555555,0.3272323598124638,21.0,0.23333333333333334,1.1157619834442087,5.0,0.05555555555555555,,,0.0,0.23431317799122695,0.7889155738037497,23,23,3342.5652173913045,2440.0,1.7415256521555456,0.6521739130434783,3.9979776279082964e-05,3.2703024064762604e+24,1393354.2959055847,0,2025-04-18 00:00:00+00:00,0,-11.211805555555555
1744938000000,68,1.0085832117014097,50.37417789922269,338841.0470420216,0.9347041622479784,14,0.20588235294117646,1.105163175179912,38,0.5588235294117647,0.7983738763960311,14.0,0.20588235294117646,1.162182598921536,2.0,0.029411764705882353,,,0.0,0.4257341564201585,0.5089700058278198,14,14,2795.9285714285716,2795.5,1.569622212639168,0.7142857142857143,4.337043646279202e-05,3.267037132382787e+24,1913820.9339783778,1,2025-04-18 00:00:00+00:00,0,-11.17013888888889
1744941600000,41,1.0410103695165438,31.047548302879946,213950.74807047832,1.092285663073828,13,0.3170731707317073,1.0111885781347738,23,0.5609756097560976,0.5531828401097828,3.0,0.07317073170731707,1.7824128563946893,2.0,0.04878048780487805,,,0.0,0.5697662522746907,0.5225194107991373,13,13,2312.769230769231,1953.0,1.4636958826712283,0.8461538461538461,3.0236559693938497e-05,3.263448869569221e+24,1463630.7662412277,2,2025-04-18 00:00:00+00:00,0,-11.128472222222221
1744945200000,36,0.8169528528659088,23.821050881450862,179678.60630407915,0.5909103423472626,15,0.4166666666666667,1.0697486081172185,13,0.3611111111111111,0.7829107001610112,7.0,0.19444444444444445,1.1595407613128614,1.0,0.027777777777777776,,,0.0,0.2516023681309699,0.3393079742162926,15,15,1974.1333333333334,2091.0,1.3661262089358743,0.9333333333333333,4.392466602567741e-05,3.4029689459072246e+24,1560402.2237937585,3,2025-04-18 00:00:00+00:00,0,-11.086805555555555
1744948800000,79,0.7566635169633147,45.76189163669246,330022.00742589275,0.6462139085684034,19,0.24050632911392406,1.0068899998689285,32,0.4050632911392405,0.38981120286420295,23.0,0.2911392405063291,1.2624431831239633,5.0,0.06329113924050633,,,0.0,0.20886342858047377,0.4373504799879296,19,19,1644.157894736842,1731.0,1.2012802942222174,0.8947368421052632,4.232172162076428e-05,3.275512075998797e+24,1498698.6737746529,4,2025-04-18 00:00:00+00:00,0,-11.04513888888889
1744952400000,41,1.1150902321656548,33.43795557111012,212784.68824822071,1.033507551563729,12,0.2926829268292683,1.364111820982517,21,0.5121951219512195,0.6036561997017402,7.0,0.17073170731707318,0.44466726148206875,1.0,0.024390243902439025,,,0.0,0.35398267872612516,0.6795248728376039,12,12,1917.4166666666667,1756.0,1.319216122739254,0.9166666666666666,3.7644644330825105e-05,3.300116938445636e+24,1755797.4638028163,5,2025-04-18 00:00:00+00:00,0,-11.003472222222221
1744956000000,38,0.938189641951512,25.914134847654797,169645.34631795262,0.5659718015296568,3,0.07894736842105263,1.2372185645424034,21,0.5526315789473685,0.4770148658600894,11.0,0.2894736842105263,0.9081792032390096,3.0,0.07894736842105263,,,0.0,0.6793141321010582,-0.11334233057140135,3,3,1519.6666666666667,1093.0,1.1524937982077745,0.6666666666666666,3.630072589024312e-05,3.376725915347227e+24,1738591.6229250613,6,2025-04-18 00:00:00+00:00,0,-10.961805555555555
1744959600000,54,1.243828856041089,59.175691048652425,331072.90760056913,1.1624914874979195,12,0.2222222222222222,1.5158865714667935,21,0.3888888888888889,0.8819737597887871,18.0,0.3333333333333333,1.835904899747647,3.0,0.05555555555555555,,,0.0,0.41155179327760266,0.7509396942203169,12,12,1936.0,2005.0,1.3574130964265023,1.0,3.843271393954066e-05,3.388886300172869e+24,3311675.5881364276,7,2025-04-18 00:00:00+00:00,0,-10.92013888888889
1744963200000,55,1.0497784838509463,66.4701940396094,336474.10100729414,0.5301600540315905,9,0.16363636363636364,1.6498384629517178,11,0.2,0.9961865566961445,32.0,0.5818181818181818,0.9800610729240701,3.0,0.05454545454545454,,,0.0,2.0361045708079026,-1.5059445167763128,9,9,1729.6666666666667,1633.0,1.2748432554946354,1.0,4.95337817932218e-05,3.3851680631199425e+24,3957520.050618134,8,2025-04-18 00:00:00+00:00,0,-10.878472222222221
1744966800000,72,0.9670557725266923,64.79726094812146,397352.07088012045,0.6827442099710913,15,0.20833333333333334,1.1024775670081604,18,0.25,1.1258940065016099,28.0,0.3888888888888889,0.7288385531057735,11.0,0.1527777777777778,,,0.0,0.5244373095599043,0.158306900411187,15,15,1911.5333333333333,1882.0,1.3619429228607187,1.0,3.667909346018567e-05,3.353941195993087e+24,3071550.39785412,9,2025-04-18 00:00:00+00:00,0,-10.836805555555555
1744970400000,61,0.6558795754351698,33.29102357508907,226386.45314657607,0.6996574900365571,9,0.14754098360655737,1.017705310523383,19,0.3114754098360656,0.42514336506648764,32.0,0.5245901639344263,0.7707481091444599,1.0,0.01639344262295082,,,0.0,0.6432191235787257,0.056438366457831374,9,9,1472.888888888889,1193.0,1.1647640914429553,1.0,2.7160659916239314e-05,3.573161510414666e+24,2582438.366692054,10,2025-04-18 00:00:00+00:00,0,-10.79513888888889
1744974000000,39,0.6325445477968129,21.588885901645725,197044.9441751232,0.44904162494975985,13,0.3333333333333333,0.7612968230349615,11,0.28205128205128205,0.7222824384799384,14.0,0.358974358974359,0.34547704762510983,1.0,0.02564102564102564,,,0.0,0.5401597307274083,-0.09111810577764846,13,13,1628.8461538461538,1707.0,1.2068336236771064,1.0,5.464702445080631e-05,3.638687156394251e+24,5859762.673548215,11,2025-04-18 00:00:00+00:00,0,-10.753472222222221
1744977600000,64,0.604410998884559,31.2771989142736,266345.9693264294,0.7656260979218019,16,0.25,0.9931216349861058,16,0.25,0.32511611560986464,31.0,0.484375,0.4637406181794432,1.0,0.015625,,,0.0,0.3431103369051372,0.42251576101666466,16,16,2080.9375,2141.5,1.3669542266257135,0.875,3.682869531457898e-05,3.7802565137556827e+24,1967334.918204115,12,2025-04-18 00:00:00+00:00,0,-10.711805555555555
1744981200000,29,0.5909475595682917,14.581573742596582,118297.45795954145,0.6680043358160979,8,0.27586206896551724,0.6758914987755058,12,0.41379310344827586,0.4091940617384008,9.0,0.3103448275862069,,,0.0,,,0.0,0.30882043553798283,0.359183900278115,8,8,2183.375,2429.5,1.4440597953504322,1.0,2.9979478724261386e-05,3.8472297519660285e+24,1177251.937698497,13,2025-04-18 00:00:00+00:00,0,-10.67013888888889
1744984800000,41,0.4835348623456154,17.782618556411027,147797.42100229644,0.3268691158594414,10,0.24390243902439024,0.7745770145605189,11,0.2682926829268293,0.3728337858438028,18.0,0.43902439024390244,0.6624414461108294,2.0,0.04878048780487805,,,0.0,0.174832989784047,0.1520361260753944,10,10,1460.6,1314.0,1.1680560730936853,1.0,4.22943451613038e-05,3.8012220765361487e+24,1602421.065541466,14,2025-04-18 00:00:00+00:00,0,-10.628472222222221
1744988400000,34,0.7327853124669916,24.992551011556184,148244.0382692587,0.6498423634414561,4,0.11764705882352941,1.0063040419465021,16,0.47058823529411764,0.43029428857517515,13.0,0.38235294117647056,0.620640747490576,1.0,0.029411764705882353,,,0.0,0.22853890541341212,0.4213034580280439,4,4,1442.75,961.5,1.107541107416546,0.75,4.524504233508284e-05,3.453536765737723e+24,1752947.3423274215,15,2025-04-18 00:00:00+00:00,0,-10.586805555555555
1744992000000,25,0.8132846528481127,17.03044487830079,125169.05462796564,1.0960957390164792,8,0.32,1.0743362665826786,7,0.28,0.40429965429922365,10.0,0.4,,,0.0,,,0.0,1.4097704546133247,-0.31367471559684557,8,8,2444.0,1638.5,1.4381731678829328,0.75,4.0427085123459636e-05,3.4969315452542056e+24,1151697.7984501089,16,2025-04-18 00:00:00+00:00,0,-10.54513888888889
1744995600000,43,0.8513615345391542,31.34976655566716,187132.06040277812,1.161883264803155,5,0.11627906976744186,1.1640337924340574,22,0.5116279069767442,0.3243991392261622,16.0,0.37209302325581395,,,0.0,,,0.0,0.18723997215530724,0.9746432926478477,5,5,2498.2,2192.0,1.4299169625529145,0.6,3.709369961023994e-05,3.492525794296847e+24,1499067.2504408304,17,2025-04-18 00:00:00+00:00,0,-10.503472222222221
1744999200000,15,0.6129865315989514,6.849480177676753,50380.85010915665,0.7220656844263438,1,0.06666666666666667,0.7730120681616057,5,0.3333333333333333,0.43860703718662325,8.0,0.5333333333333333,1.0988156512569134,1.0,0.06666666666666667,,,0.0,0.21800166057894893,0.5040640238473948,1,1,791.0,791.0,0.8893818077743664,1.0,2.1169588038701605e-05,3.729256398938644e+24,879193.8331897634,18,2025-04-18 00:00:00+00:00,0,-10.461805555555555
1745002800000,45,0.5499557828176542,19.589210000141865,162854.41615423906,0.5980366456895652,13,0.28888888888888886,0.6123611197952293,17,0.37777777777777777,0.353128294250272,14.0,0.3111111111111111,1.6195986768073887,1.0,0.022222222222222223,,,0.0,0.16992691480953212,0.428109730880033,13,13,1583.7692307692307,1127.0,1.2081951520329524,0.9230769230769231,3.87553976934503e-05,3.5846969043189536e+24,966476.0182328288,19,2025-04-18 00:00:00+00:00,0,-10.42013888888889
1745006400000,35,0.5984285701321012,17.046649415209636,126647.60568987258,0.7394042393534568,9,0.2571428571428571,0.6774730688479123,12,0.34285714285714286,0.2795723143516496,13.0,0.37142857142857144,2.5262448876960395,1.0,0.02857142857142857,,,0.0,0.17734988963613668,0.56205434971732,9,9,2981.8888888888887,1975.0,1.6021956887010902,0.6666666666666666,4.24541453008066e-05,3.5755216644553305e+24,876044.7338423153,20,2025-04-18 00:00:00+00:00,0,-10.378472222222221
1745010000000,7,0.5931673714589653,2.799280721264542,23095.52688027044,0.5796025722258911,2,0.2857142857142857,0.5235490092513349,2,0.2857142857142857,0.648622812419435,3.0,0.42857142857142855,,,0.0,,,0.0,0.32722488706771274,0.25237768515817827,2,2,2493.0,2493.0,1.5738012765920812,1.0,2.0291863449783216e-05,3.5270910678469523e+24,437941.53627901594,21,2025-04-18 00:00:00+00:00,0,-10.336805555555555
1745013600000,29,0.6018027472281939,14.060702534914777,99240.220303548,1.0798871145155662,3,0.10344827586206896,0.7147041406329749,16,0.5517241379310345,0.15871795791311344,8.0,0.27586206896551724,0.7538042063192094,2.0,0.06896551724137931,,,0.0,0.12603399878286042,0.9538531157327057,3,3,1838.6666666666667,1835.0,1.3544463687718682,1.0,2.6693598285963313e-05,3.5032346524109206e+24,598869.3162189138,22,2025-04-18 00:00:00+00:00,0,-10.29513888888889
1745017200000,33,0.6306076950894752,18.0747694006034,143507.19817291587,0.5777014769334601,17,0.5151515151515151,0.9389728032492837,10,0.30303030303030304,0.12835667345101415,4.0,0.12121212121212122,0.5429870518934852,2.0,0.06060606060606061,,,0.0,0.2003112876035615,0.3773901893298985,17,17,1745.2941176470588,1192.0,1.2593788431710853,0.8823529411764706,2.6131606244405172e-05,3.6519674691057784e+24,638911.0402922122,23,2025-04-18 00:00:00+00:00,0,-10.253472222222221
1745020800000,32,0.7994262121787119,20.182844078821535,143470.06609981906,0.6802637836073794,15,0.46875,0.9680245526141851,13,0.40625,0.6983407129059214,4.0,0.125,,,0.0,,,0.0,0.2748946834496936,0.40536910015768574,15,15,2031.6,1933.0,1.3590996327783522,0.8,2.365239378080198e-05,3.695609212400631e+24,527333.7095221421,0,2025-04-19 00:00:00+00:00,0,-10.211805555555555
1745024400000,23,0.5695548533975358,10.91875478557951,91765.54301701247,0.5072316363907989,8,0.34782608695652173,0.46406794371865623,7,0.30434782608695654,0.7577888601803616,7.0,0.30434782608695654,0.4889109097238062,1.0,0.043478260869565216,,,0.0,0.2750838346088644,0.2321478017819345,8,8,2329.0,2117.5,1.4274347700604058,0.875,2.7944808490296415e-05,3.7019948991096824e+24,970894.0326673571,1,2025-04-19 00:00:00+00:00,0,-10.17013888888889
1745028000000,35,0.8165938343347295,23.94728803615793,153522.60180966454,1.1485669640092746,11,0.3142857142857143,0.831422832072931,17,0.4857142857142857,0.10184696033122083,5.0,0.14285714285714285,0.6515623253587908,2.0,0.05714285714285714,,,0.0,0.25856341363588853,0.8900035503733861,11,11,2249.818181818182,2378.0,1.4664004721508233,0.9090909090909091,3.433109812857951e-05,3.6919781867295345e+24,848253.9875451962,2,2025-04-19 00:00:00+00:00,0,-10.128472222222221
1745031600000,46,0.6829770291557923,24.488943557112187,170242.64070331762,0.9565998228424086,16,0.34782608695652173,0.7345492306247284,13,0.2826086956521739,0.3162253567446796,16.0,0.34782608695652173,1.5026004696515614,1.0,0.021739130434782608,,,0.0,0.5027552958053053,0.4538445270371033,16,16,2128.5,2498.5,1.4026617877267022,0.8125,3.444285341298375e-05,3.6882616267365674e+24,938512.2857221388,3,2025-04-19 00:00:00+00:00,0,-10.086805555555555
1745035200000,55,0.7148082408625339,32.504632992630796,228414.2290003793,0.8050876951669008,18,0.32727272727272727,0.9903269429177068,14,0.2545454545454545,0.47644771885161985,23.0,0.41818181818181815,,,0.0,,,0.0,0.47742889253966847,0.3276588026272324,18,18,1706.611111111111,1760.0,1.2367334709188516,1.0,3.764828605331485e-05,3.5830675921521074e+24,987957.9837905655,4,2025-04-19 00:00:00+00:00,0,-10.04513888888889
1745038800000,24,0.8245329145106607,16.72618402492195,116096.80189386479,0.6282587342505058,9,0.375,1.0003346828080988,12,0.5,0.710148382101373,3.0,0.125,,,0.0,,,0.0,0.19722696301795115,0.4310317712325546,9,9,2267.6666666666665,1897.0,1.4495586337443784,0.8888888888888888,3.0315193795000836e-05,3.628075176634329e+24,721508.6083376404,5,2025-04-19 00:00:00+00:00,0,-10.003472222222221
1745042400000,24,0.7907354757394632,14.971219859800222,99352.83135115192,1.1019844821597022,5,0.20833333333333334,1.0416961952244665,9,0.375,0.3815889058567244,9.0,0.375,0.6581630972178907,1.0,0.041666666666666664,,,0.0,0.32550921338170363,0.7764752687779986,5,5,1638.6,1759.0,1.2608722941230226,1.0,2.1893473579644005e-05,3.8322896465279436e+24,581446.7332830635,6,2025-04-19 00:00:00+00:00,0,-9.961805555555555
1745046000000,20,1.1402845063828724,24.97111009997915,124485.05020537857,1.5688430821113606,3,0.15,0.6917560726373293,8,0.4,0.9591585328489203,8.0,0.4,4.891844037433368,1.0,0.05,,,0.0,0.2754975539179073,1.2933455281934532,3,3,2889.3333333333335,2827.0,1.5807615975665668,0.6666666666666666,2.845569580830526e-05,3.9221445927477226e+24,880204.5124826585,7,2025-04-19 00:00:00+00:00,0,-9.92013888888889
1745049600000,33,0.8434235687124532,24.776606691693345,172390.45069732284,0.9810737570294081,9,0.2727272727272727,1.1516237147862771,10,0.30303030303030304,0.5119103129768163,13.0,0.3939393939393939,0.8322427376848971,1.0,0.030303030303030304,,,0.0,0.2685671641388118,0.7125065928905963,9,9,1809.5555555555557,1502.0,1.2799645353440565,0.8888888888888888,3.1003461266120746e-05,3.9380589628417643e+24,956467.0442392203,8,2025-04-19 00:00:00+00:00,0,-9.878472222222221
1745053200000,20,0.9071546069894252,15.650122666349866,106623.47333932963,0.6653980858670018,6,0.3,1.205645055837202,10,0.5,0.5235632665536181,4.0,0.2,,,0.0,,,0.0,0.2996368680151526,0.3657612178518492,6,6,2471.8333333333335,1900.0,1.437881895950867,0.6666666666666666,2.817569787055698e-05,3.9499627079229047e+24,802109.5753836052,9,2025-04-19 00:00:00+00:00,0,-9.836805555555555
1745056800000,19,1.1283544483902421,18.522522148849287,109583.63817533989,0.8443167656045922,4,0.21052631578947367,1.4973245886189543,10,0.5263157894736842,0.6176443141613372,5.0,0.2631578947368421,,,0.0,,,0.0,0.29385598763298576,0.5504607779716064,4,4,2264.5,1516.5,1.4391871298169787,0.75,2.9938225890357326e-05,3.7607811542351453e+24,952212.5870971308,10,2025-04-19 00:00:00+00:00,0,-9.79513888888889
1745060400000,29,0.6834858404923442,16.45536449163319,116751.77608500233,0.9311346732359742,9,0.3103448275862069,0.700906345507347,10,0.3448275862068966,0.3456640898617295,7.0,0.2413793103448276,0.6707217436828792,3.0,0.10344827586206896,,,0.0,0.6866387202506427,0.24449595298533153,9,9,1305.0,1093.0,1.0841418951085902,1.0,2.7048754188989095e-05,3.948258501403222e+24,694039.6049587912,11,2025-04-19 00:00:00+00:00,0,-9.753472222222221
1745064000000,39,1.0496839109359253,33.939055790904725,213322.669922153,1.0377114630143467,14,0.358974358974359,1.3268520023935386,12,0.3076923076923077,0.8592535468466842,10.0,0.2564102564102564,0.6316508490369733,3.0,0.07692307692307693,,,0.0,0.5526115256623126,0.48509993735203405,14,14,1927.5714285714287,1982.5,1.3531185209205832,0.9285714285714286,3.871505956319519e-05,3.5921937873562645e+24,2706568.283397377,12,2025-04-19 00:00:00+00:00,0,-9.711805555555555
1745067600000,21,0.884172110861052,15.278575494642284,112413.93878999831,0.7382267377977608,7,0.3333333333333333,1.2273311345655245,9,0.42857142857142855,0.5174574845588928,4.0,0.19047619047619047,0.28421701417247286,1.0,0.047619047619047616,,,0.0,0.5682906731487708,0.16993606464899003,7,7,1997.5714285714287,1688.0,1.3851225190218854,0.8571428571428571,2.6195631050040662e-05,3.645364740869039e+24,1350074.1341696354,13,2025-04-19 00:00:00+00:00,0,-9.67013888888889
1745071200000,47,0.8328007011331784,33.29228751755423,220815.71798055305,1.0659623780705516,12,0.2553191489361702,0.9802853012572775,22,0.46808510638297873,0.37749895712943354,11.0,0.23404255319148937,0.3156596301644452,2.0,0.0425531914893617,,,0.0,0.6414942168864929,0.4244681611840588,12,12,1904.5833333333333,2346.5,1.2924265037087352,0.9166666666666666,2.922994769284674e-05,3.7500339149864526e+24,1903047.1377363207,14,2025-04-19 00:00:00+00:00,0,-9.628472222222221
1745074800000,49,0.6537048377934227,25.126432314811503,207282.43882938768,0.7466656125963061,12,0.24489795918367346,0.9022048055882442,12,0.24489795918367346,0.4652979722006926,23.0,0.46938775510204084,0.7716193365235888,2.0,0.04081632653061224,,,0.0,0.19569893802508778,0.5509666745712183,12,12,2273.3333333333335,2511.5,1.4635978400723253,0.8333333333333334,3.2784521471671735e-05,3.737941442016206e+24,1564763.6003858834,15,2025-04-19 00:00:00+00:00,0,-9.586805555555555
1745078400000,35,0.9017212667547919,23.19941387734687,153113.69380090476,0.6339437147190732,11,0.3142857142857143,1.2564889665092902,16,0.45714285714285713,0.4933302298902884,7.0,0.2,1.029728401127251,1.0,0.02857142857142857,,,0.0,0.32526638382691636,0.3086773308921567,11,11,2164.4545454545455,2150.0,1.4219564910939573,0.7272727272727273,3.948275693225569e-05,3.613943625928564e+24,1158514.3286071455,16,2025-04-19 00:00:00+00:00,0,-9.54513888888889
1745082000000,59,0.8929119483096783,46.73843744429773,291734.8755367479,1.0578306745654047,15,0.2542372881355932,1.184919928611396,26,0.4406779661016949,0.33369037154964754,18.0,0.3050847457627119,,,0.0,,,0.0,0.3569000182753014,0.7009306562901033,15,15,2263.6666666666665,2062.0,1.4459854673712365,0.9333333333333333,4.307357194354494e-05,3.670216539664231e+24,1367911.2592241806,17,2025-04-19 00:00:00+00:00,0,-9.503472222222221
1745085600000,18,0.678901423092485,12.209059054302763,78209.14087966393,0.5694129193851344,3,0.16666666666666666,1.0104940383823346,7,0.3888888888888889,0.4880229061542405,7.0,0.3888888888888889,0.02236824575330227,1.0,0.05555555555555555,,,0.0,0.17427088545192973,0.3951420339332046,3,3,2820.0,1428.0,1.5746639646011786,0.6666666666666666,2.9175889940239927e-05,4.064455689223403e+24,693122.0511979321,18,2025-04-19 00:00:00+00:00,0,-9.461805555555555
1745089200000,15,0.5499115681900655,7.456080219075392,63040.88210135791,0.5341803967960921,2,0.13333333333333333,0.708301318734673,8,0.5333333333333333,0.30278043587628284,5.0,0.3333333333333333,,,0.0,,,0.0,0.2803613166434413,0.25381908015265076,2,2,1788.5,1788.5,1.2926397645131569,1.0,2.0709069562192233e-05,4.150668383395113e+24,474206.0392697472,19,2025-04-19 00:00:00+00:00,0,-9.42013888888889
1745092800000,12,0.5375223320165943,5.740338711165554,45043.81364320272,0.5490997687814811,5,0.4166666666666667,0.6887627896725044,4,0.3333333333333333,0.3165726605339027,3.0,0.25,,,0.0,,,0.0,0.2782470303784876,0.2708527384029935,5,5,3970.4,3493.0,1.8905772558515994,0.4,2.586829287649686e-05,4.1882249662668453e+24,411884.59540595504,20,2025-04-19 00:00:00+00:00,0,-9.378472222222221
1745096400000,25,0.6251296635766188,13.425533325687281,89638.82821005944,0.9388959330290945,6,0.24,0.6817422580312553,9,0.36,0.3859185668959606,10.0,0.4,,,0.0,,,0.0,0.5442999133360077,0.39459601969308683,6,6,4415.166666666667,2420.5,1.9025663945370088,0.6666666666666666,2.5907844891942265e-05,4.0967776797986885e+24,462617.2535410368,21,2025-04-19 00:00:00+00:00,0,-9.336805555555555
1745100000000,12,0.5082904094088079,5.353364990305705,49175.59550811843,0.19589962406879688,4,0.3333333333333333,0.6228354587610738,6,0.5,0.789436832032032,2.0,0.16666666666666666,,,0.0,,,0.0,0.11149645008939973,0.08440317397939713,4,4,1438.25,1296.0,1.1257062446870458,1.0,2.478354002374051e-05,3.852793865790506e+24,559918.1890874514,22,2025-04-19 00:00:00+00:00,0,-9.29513888888889
1745103600000,19,0.8077623743462696,14.392792903325159,87534.3513027505,0.6918888058918095,3,0.15789473684210525,1.2048771321653282,6,0.3157894736842105,0.6042555901911726,10.0,0.5263157894736842,,,0.0,,,0.0,0.5792309756856859,0.11265783020612358,3,3,1173.0,917.0,1.0265929605132318,1.0,2.124720329285724e-05,4.002395249024734e+24,591656.613701644,23,2025-04-19 00:00:00+00:00,0,-9.253472222222221
1745107200000,9,0.5784494299502732,4.438710052482351,40513.03160843022,0.6378859048982175,4,0.4444444444444444,0.6193561028168824,4,0.4444444444444444,,,0.0,0.1770768386920593,1.0,0.1111111111111111,,,0.0,0.46925691872246134,0.16862898617575617,4,4,2881.0,1574.0,1.4872532920446633,0.75,2.615919875784995e-05,3.892933971233738e+24,547871.1502865618,0,2025-04-20 00:00:00+00:00,0,-9.211805555555555
1745110800000,31,0.6902919562854178,17.759515868749297,131970.7627341844,0.8478112792059964,8,0.25806451612903225,0.704147137650248,13,0.41935483870967744,0.38311868025875473,8.0,0.25806451612903225,1.1988490898383617,2.0,0.06451612903225806,,,0.0,0.1523529145822386,0.6954583646237578,8,8,2199.625,2276.0,1.420496886702109,0.875,3.4636788797634935e-05,3.8718200676458895e+24,785632.9909826324,1,2025-04-20 00:00:00+00:00,0,-9.17013888888889
1745114400000,31,0.7965459030020161,22.54287561088966,141829.9483505637,1.0257101663133184,7,0.22580645161290322,0.9008289032592028,14,0.45161290322580644,0.4718737903963842,9.0,0.2903225806451613,0.654483069672974,1.0,0.03225806451612903,,,0.0,1.6535415104005684,-0.62783134408725,7,7,1133.7142857142858,1019.0,1.047968531145529,1.0,3.3339517468095805e-05,4.026497948063524e+24,996211.2222615026,2,2025-04-20 00:00:00+00:00,0,-9.128472222222221
1745118000000,36,0.7387592655851127,22.08836023194361,163598.3354407638,0.9602276699948185,10,0.2777777777777778,0.6479826523446706,18,0.5,0.6661711398639755,8.0,0.2222222222222222,,,0.0,,,0.0,0.7070045873316397,0.2532230826631787,10,10,2712.5,2914.5,1.6185533881499559,0.5,2.8776729783147467e-05,3.973222958203135e+24,1068519.050410492,3,2025-04-20 00:00:00+00:00,0,-9.086805555555555
1745121600000,50,0.9276307999504193,42.074611105671465,258545.14812493173,0.5247240221936131,5,0.1,1.1150313905525242,20,0.4,0.7988779868726258,22.0,0.44,1.2939921214348846,3.0,0.06,,,0.0,0.42341374816656874,0.1013102740270444,5,5,2321.0,1218.0,1.2440732958209797,0.8,2.834295578310444e-05,3.737927777213601e+24,2278099.0024877484,4,2025-04-20 00:00:00+00:00,0,-9.04513888888889
1745125200000,62,0.7159021937285603,35.953377145039624,247638.86733019463,1.0082725629101683,8,0.12903225806451613,0.779005711625465,21,0.3387096774193548,0.6019881853539947,32.0,0.5161290322580645,0.6970136324268026,1.0,0.016129032258064516,,,0.0,0.4400318867006933,0.5682406762094749,8,8,1849.5,1808.5,1.3037741348467116,0.875,3.181016296503992e-05,3.5823217894773427e+24,2334375.1478419947,5,2025-04-20 00:00:00+00:00,0,-9.003472222222221
1745128800000,55,0.8470615881519042,38.5929623818547,237844.75600280068,1.1185951241925964,11,0.2,1.0389741146746114,24,0.43636363636363634,0.4426368993372376,18.0,0.32727272727272727,0.6904990209876125,2.0,0.03636363636363636,,,0.0,0.24583309647051763,0.8727620277220788,11,11,2036.7272727272727,1863.0,1.4013206523480948,1.0,3.0115588903015697e-05,3.66185397155656e+24,1447026.9038094121,6,2025-04-20 00:00:00+00:00,0,-8.961805555555555
1745132400000,64,0.6684984548275168,38.5988274484121,293044.8132058382,0.7437903325523418,17,0.265625,0.8988978520867157,19,0.296875,0.4814137864723229,26.0,0.40625,0.27182390882163426,2.0,0.03125,,,0.0,0.4561090244810833,0.28768130807125847,17,17,1642.764705882353,1494.0,1.2199910163109215,0.8823529411764706,5.8119888454243013e-05,3.844797225836134e+24,1960812.9423096844,7,2025-04-20 00:00:00+00:00,0,-8.92013888888889
1745136000000,59,0.5353668241663382,25.476809905266162,212563.4452655971,0.6938632458848857,12,0.2033898305084746,0.5939340950307405,21,0.3559322033898305,0.414910295367299,26.0,0.4406779661016949,,,0.0,,,0.0,0.25894903447582024,0.4349142114090654,12,12,2084.3333333333335,2320.0,1.4172216566821998,1.0,3.3701255212202576e-05,3.6389399171722967e+24,1956154.0784232246,8,2025-04-20 00:00:00+00:00,0,-8.878472222222221
1745139600000,59,0.7524973085532514,38.736363090576255,274116.538584766,0.8819986822419096,14,0.23728813559322035,0.9235907147686381,26,0.4406779661016949,0.4309541489742518,17.0,0.288135593220339,0.3548902683541142,2.0,0.03389830508474576,,,0.0,0.23179928726798882,0.6501993949739208,14,14,2100.785714285714,2135.5,1.381325665060787,0.8571428571428571,3.404617775367009e-05,3.7228080860903895e+24,1931202.6895886005,9,2025-04-20 00:00:00+00:00,0,-8.836805555555555
1745143200000,71,0.905911253530391,59.62821532834184,378927.83468183625,0.7603928317859379,19,0.2676056338028169,1.1729214429376587,25,0.352112676056338,0.6962944398539292,25.0,0.352112676056338,1.5709190634676249,2.0,0.028169014084507043,,,0.0,0.34147949876154,0.4189133330243978,19,19,1796.4736842105262,1778.0,1.2627119842856407,0.9473684210526315,4.393454569276391e-05,3.7783350838343407e+24,2407451.981110847,10,2025-04-20 00:00:00+00:00,0,-8.79513888888889
1745146800000,63,1.1178879640632295,69.08538434950995,344082.62262396445,1.466887969969316,14,0.2222222222222222,1.1980362128290363,27,0.42857142857142855,0.7701064041076271,21.0,0.3333333333333333,1.3712979237688891,1.0,0.015873015873015872,,,0.0,0.5347966420995293,0.9320913278697868,14,14,2807.4285714285716,2758.5,1.6308790687891772,0.7142857142857143,4.706084636578081e-05,3.481051417432634e+24,1778633.3618070271,11,2025-04-20 00:00:00+00:00,0,-8.753472222222221
1745150400000,51,0.7587435662643605,32.28454628855782,231804.77013100317,0.5634919939389829,14,0.27450980392156865,0.9583212080745065,23,0.45098039215686275,0.5941370747517815,13.0,0.2549019607843137,1.0418642068498194,1.0,0.0196078431372549,,,0.0,0.3338228049602258,0.22966918897875704,14,14,2413.3571428571427,1879.5,1.4849670611902426,0.8571428571428571,3.60592313863326e-05,3.7014770607556007e+24,1228330.9796356026,12,2025-04-20 00:00:00+00:00,0,-8.711805555555555
1745154000000,44,0.678827380041482,24.256783553122403,168264.98983209347,0.6473097316066498,8,0.18181818181818182,0.9050043334743968,19,0.4318181818181818,0.36484365796429863,15.0,0.3409090909090909,1.0110948317469957,2.0,0.045454545454545456,,,0.0,0.09681725020085992,0.5504924814057899,8,8,1894.5,1624.5,1.3212671080321807,0.75,3.538404650898802e-05,3.729331359797416e+24,2077950.101459743,13,2025-04-20 00:00:00+00:00,0,-8.67013888888889
1745157600000,56,0.8320189456277693,36.25672761627881,261757.5040889899,1.080682476290243,17,0.30357142857142855,1.0511589839956796,17,0.30357142857142855,0.46600630557629297,21.0,0.375,0.5656237131922435,1.0,0.017857142857142856,,,0.0,0.3725618065985045,0.7081206696917384,17,17,2955.0588235294117,2093.0,1.605178345739288,0.7647058823529411,3.267137200347842e-05,3.624604603345245e+24,1278545.995885981,14,2025-04-20 00:00:00+00:00,0,-8.628472222222221
1745161200000,80,0.9159082475026235,62.134577095171615,393210.5899851943,0.8096837615896311,20,0.25,1.054183206807879,36,0.45,0.7970162134722337,24.0,0.3,,,0.0,,,0.0,0.2495513126563051,0.5601324489333259,20,20,2013.2,1910.5,1.3392115067256767,0.9,4.1259676620194e-05,3.5796727141793525e+24,2356433.7258508094,15,2025-04-20 00:00:00+00:00,0,-8.586805555555555
1745164800000,39,0.7608723709416907,23.024695610800475,171745.97686743506,0.9800860219763219,11,0.28205128205128205,0.7091965170777085,17,0.4358974358974359,0.5177049279845312,10.0,0.2564102564102564,1.6596861548200401,1.0,0.02564102564102564,,,0.0,0.37768975044845604,0.6023962715278658,11,11,2833.6363636363635,2951.0,1.6323991550849823,0.6363636363636364,3.0082777134245947e-05,3.5269801698588936e+24,1318249.260342562,16,2025-04-20 00:00:00+00:00,0,-8.54513888888889
1745168400000,40,0.5699434431325765,17.350714457216572,140620.5627143588,0.6731369146988362,4,0.1,0.6883321083684955,15,0.375,0.43676413903359723,20.0,0.5,1.0449256603083388,1.0,0.025,,,0.0,0.3334241248813549,0.3397127898174812,4,4,2459.0,2608.5,1.5621199782315314,1.0,3.47541072546139e-05,3.5895326088892475e+24,1082819.42668722,17,2025-04-20 00:00:00+00:00,0,-8.503472222222221
1745172000000,38,0.6499440187627804,19.08024235057911,151373.90406857885,0.5322556981340567,7,0.18421052631578946,0.6295221182194286,16,0.42105263157894735,0.6689692108788424,14.0,0.3684210526315789,1.5341599822326089,1.0,0.02631578947368421,,,0.0,0.16832402318411963,0.3639316749499371,7,7,2115.285714285714,1945.0,1.4315968744375778,0.8571428571428571,3.26988907857126e-05,3.6083793663357515e+24,692796.7295142983,18,2025-04-20 00:00:00+00:00,0,-8.461805555555555
1745175600000,30,0.6842891392144047,16.775689616603838,133807.8503723389,0.5996829476311314,2,0.06666666666666667,0.5860554221922221,13,0.43333333333333335,0.7960092373106981,14.0,0.4666666666666667,0.5664584703212192,1.0,0.03333333333333333,,,0.0,0.5996829476311314,0.0,2,2,1182.5,1182.5,1.0864440945435985,1.0,2.4493246001286576e-05,3.6618665738382315e+24,1918990.4024928443,19,2025-04-20 00:00:00+00:00,0,-8.42013888888889
1745179200000,45,0.6513297877362011,24.52794344746067,174148.65951803888,0.6727064273338075,13,0.28888888888888886,0.8372515924114374,10,0.2222222222222222,0.5424699009554121,20.0,0.4444444444444444,0.6713714747834674,2.0,0.044444444444444446,,,0.0,0.32089341130907467,0.3518130160247328,13,13,3435.6923076923076,2232.0,1.6411083382770664,0.6923076923076923,5.845675129667693e-05,3.864960101727923e+24,1182270.7869786592,20,2025-04-20 00:00:00+00:00,0,-8.378472222222221
1745182800000,15,0.35673406801347274,4.401951184741174,42197.16476935682,0.5342224580305874,2,0.13333333333333333,0.445345767267181,5,0.3333333333333333,0.2569796584756265,8.0,0.5333333333333333,,,0.0,,,0.0,0.2801703892240112,0.25405206880657616,2,2,1071.0,1071.0,1.0345977539927182,1.0,2.362868124068561e-05,4.0009762464467167e+24,444211.991735237,21,2025-04-20 00:00:00+00:00,0,-8.336805555555555
1745186400000,38,0.5235086451251414,17.515193513044274,153520.10790533348,0.4596808441974202,17,0.4473684210526316,0.5788248282149515,7,0.18421052631578946,0.5910391277831679,13.0,0.34210526315789475,0.3434717047133837,1.0,0.02631578947368421,,,0.0,0.18077691035889382,0.2789039338385264,17,17,1634.235294117647,1748.0,1.2206443806254483,0.9411764705882353,3.154023424435281e-05,3.844025995735326e+24,577763.5512466596,22,2025-04-20 00:00:00+00:00,0,-8.29513888888889
1745190000000,23,0.7828407338548324,15.434354635658213,112344.03762800059,0.5709528555443719,8,0.34782608695652173,0.9819773564659174,12,0.5217391304347826,0.5513285855717207,3.0,0.13043478260869565,,,0.0,,,0.0,0.12804248670272939,0.4429103688416425,8,8,1966.375,1439.0,1.3252493064679052,0.875,3.3034784370868416e-05,3.731907761462075e+24,894977.975784638,23,2025-04-20 00:00:00+00:00,0,-8.253472222222221
1745193600000,79,0.8518405996093704,58.14204855436113,397257.5583833059,0.7357664561787429,29,0.3670886075949367,1.4356624102731539,20,0.25316455696202533,0.5945164438891207,29.0,0.3670886075949367,0.003955061709138571,1.0,0.012658227848101266,,,0.0,0.38218480239488317,0.35358165378385975,29,29,1845.655172413793,1874.0,1.2883684747901636,0.8620689655172413,8.327484329720816e-05,3.51206522564652e+24,2666003.917037894,0,2025-04-21 00:00:00+00:00,0,-8.211805555555555
1745197200000,73,0.7780342071815131,42.76815888495998,306845.64529081574,0.8704195433677056,24,0.3287671232876712,0.8046757423689773,22,0.3013698630136986,0.6051483289924081,24.0,0.3287671232876712,1.2266672851634084,3.0,0.0410958904109589,,,0.0,0.22363068487586302,0.6467888584918424,24,24,2246.5416666666665,2492.5,1.4193039169378052,0.875,6.718116626986938e-05,3.221072794271127e+24,1812789.7611478993,1,2025-04-21 00:00:00+00:00,0,-8.17013888888889
1745200800000,81,0.8866467954758169,52.285938297721465,339099.64648407843,1.0203057640333921,20,0.24691358024691357,1.0128008668055228,33,0.4074074074074074,0.6142170360597704,27.0,0.3333333333333333,1.4059865746772768,1.0,0.012345679012345678,,,0.0,0.2467509335460924,0.7735548304872997,20,20,2508.6,2530.0,1.5285018067445406,0.8,5.100428206384108e-05,3.0538934560404344e+24,1900184.4539886245,2,2025-04-21 00:00:00+00:00,0,-8.128472222222221
1745204400000,65,0.9143514209820633,51.08507131272653,317146.92924371496,1.0861697711397342,20,0.3076923076923077,1.0889690933012517,19,0.2923076923076923,0.6545782372429095,26.0,0.4,,,0.0,,,0.0,1.5896578988771624,-0.5034881277374283,20,20,2256.85,2443.5,1.4375216361367849,0.8,7.488816151988864e-05,3.092566767114705e+24,2560049.2845536172,3,2025-04-21 00:00:00+00:00,0,-8.086805555555555
1745208000000,60,0.7529983280425617,30.474797017170918,235392.70347391753,0.6777087571413619,18,0.3,0.9602703004754866,27,0.45,0.4702562627447364,15.0,0.25,,,0.0,,,0.0,0.38313613597827884,0.294572621163083,18,18,1871.9444444444443,1727.0,1.2778439580793741,0.8888888888888888,6.519253586184597e-05,3.0620655503787724e+24,1591203.237799466,4,2025-04-21 00:00:00+00:00,0,-8.04513888888889
1745211600000,39,0.6923301324623968,21.205994226412155,150666.64734994344,0.73191236607149,12,0.3076923076923077,0.8838900747434328,10,0.2564102564102564,0.545645170926771,16.0,0.41025641025641024,0.648703290912934,1.0,0.02564102564102564,,,0.0,0.29123465512544683,0.4406777109460432,12,12,3801.5833333333335,2317.5,1.6876181679300493,0.75,5.273350695654842e-05,3.27475311650641e+24,1307251.3241972227,5,2025-04-21 00:00:00+00:00,0,-8.003472222222221
1745215200000,79,0.8996022854895007,52.214981022320856,326122.37600090675,1.305889397669662,15,0.189873417721519,1.2695865855944408,25,0.31645569620253167,0.47993953404245676,38.0,0.4810126582278481,1.502872655151256,1.0,0.012658227848101266,,,0.0,0.547761228138933,0.7581281695307288,15,15,2566.3333333333335,2086.0,1.528394047950535,0.9333333333333333,5.555167677068593e-05,3.135926567564003e+24,1664143.702322451,6,2025-04-21 00:00:00+00:00,0,-7.961805555555555
1745218800000,56,0.889646677014931,39.94763006857198,263029.2951906723,1.1017695353209298,14,0.25,0.974089606154818,26,0.4642857142857143,0.5479286447046547,15.0,0.26785714285714285,0.8501809877480291,1.0,0.017857142857142856,,,0.0,0.2745543062322609,0.8272152290886688,14,14,2153.214285714286,2134.0,1.385552987647801,0.8571428571428571,4.402893727159706e-05,3.4368235679656036e+24,1470971.8431857948,7,2025-04-21 00:00:00+00:00,0,-7.920138888888889
1745222400000,69,1.0169696535511066,73.44844751358296,360783.5967514495,1.2037164050029174,18,0.2608695652173913,1.1763357987023215,26,0.37681159420289856,0.7229245746652744,24.0,0.34782608695652173,0.5690902467468959,1.0,0.014492753623188406,,,0.0,0.7353605565463405,0.46835584845657713,18,18,2145.9444444444443,2163.0,1.4015583901175936,0.8888888888888888,4.706467965546919e-05,3.528280377562617e+24,1769530.0708728724,8,2025-04-21 00:00:00+00:00,0,-7.878472222222222
1745226000000,47,0.7268807998808121,26.760067172322927,195301.08592714704,0.8890041720700915,17,0.3617021276595745,0.6947117070170251,24,0.5106382978723404,0.2696158224881348,4.0,0.0851063829787234,0.6493912054227344,2.0,0.0425531914893617,,,0.0,0.3146560872366678,0.5743480848334236,17,17,2456.3529411764707,2210.0,1.5043942301678015,0.7647058823529411,3.881520277461876e-05,3.5263924936877866e+24,1387650.9516289337,9,2025-04-21 00:00:00+00:00,0,-7.836805555555555
1745229600000,35,0.610263429808269,16.549678291697738,128324.92669427332,0.7741388667176968,3,0.08571428571428572,0.6840154053935907,20,0.5714285714285714,0.44637461127204253,12.0,0.34285714285714286,,,0.0,,,0.0,0.16694959038173465,0.6071892763359621,3,3,1578.3333333333333,1530.0,1.2508482966167491,1.0,2.9080055116935578e-05,3.555788160590748e+24,1202733.6640276187,10,2025-04-21 00:00:00+00:00,0,-7.795138888888889
1745233200000,60,0.8551535235779755,40.043045397854875,281586.6689843374,0.9555626108582544,11,0.18333333333333332,0.9564355410951436,31,0.5166666666666667,0.5846655128446016,17.0,0.2833333333333333,1.2092072029300525,1.0,0.016666666666666666,,,0.0,0.26000713922123286,0.6955554716370216,11,11,1637.1818181818182,1509.0,1.2088640212339166,0.9090909090909091,4.6488564158713424e-05,3.364970020054864e+24,1837293.4997499883,11,2025-04-21 00:00:00+00:00,0,-7.753472222222222
1745236800000,66,0.8904728489749223,49.60071549965533,312528.5028737739,0.8798010316566083,8,0.12121212121212122,1.1814150948651703,32,0.48484848484848486,0.5594657524637855,22.0,0.3333333333333333,0.4048175473008184,4.0,0.06060606060606061,,,0.0,0.48538856480917575,0.3944124668474325,8,8,1634.5,1636.0,1.249567658724477,1.0,4.315699955628496e-05,3.3622379247427844e+24,2325955.890750665,12,2025-04-21 00:00:00+00:00,0,-7.711805555555555
1745240400000,113,0.7649772361355613,74.25751113366287,500530.8012682229,0.6945950975358733,35,0.30973451327433627,0.8794033495249689,41,0.36283185840707965,0.7047584307848416,37.0,0.3274336283185841,,,0.0,,,0.0,0.3342509896209061,0.3603441079149672,35,35,1897.1142857142856,2025.0,1.3029364556421552,0.9714285714285714,6.697596615088579e-05,3.355426437650252e+24,2672478.4007015065,13,2025-04-21 00:00:00+00:00,0,-7.670138888888889
1745244000000,170,0.8390710854428742,114.92334504223629,773711.9486007814,0.7949856036917714,60,0.35294117647058826,1.0515030000967496,57,0.3352941176470588,0.6370085757317909,50.0,0.29411764705882354,1.0522828372260271,3.0,0.01764705882352941,,,0.0,0.21810499674300055,0.5768806069487709,60,60,1725.2,1666.0,1.2544909513950997,0.9833333333333333,7.331696702733317e-05,3.3183839259433107e+24,3642481.3996976046,14,2025-04-21 00:00:00+00:00,0,-7.628472222222222
1745247600000,110,0.9571091050130814,88.80320946361122,570423.983483865,0.9024837545982196,28,0.2545454545454545,1.2963523538088495,48,0.43636363636363634,0.5075141659942961,32.0,0.2909090909090909,0.7735450640232742,2.0,0.01818181818181818,,,0.0,0.4119758769471992,0.49050787765102044,28,28,1898.6785714285713,1938.0,1.3345554997178604,0.8928571428571429,6.290003713050655e-05,3.4510570934690846e+24,2493426.136825169,15,2025-04-21 00:00:00+00:00,0,-7.586805555555555
1745251200000,106,0.7493578309405581,62.872098006804585,460472.0990032714,0.8133661660474214,37,0.3490566037735849,0.9283914221517503,36,0.33962264150943394,0.43388091437026977,31.0,0.29245283018867924,1.2324911965015959,2.0,0.018867924528301886,,,0.0,0.2613752619226157,0.5519909041248058,37,37,2033.5405405405406,2036.0,1.3926731640544268,0.918918918918919,6.426756025065566e-05,3.2596558867212e+24,2746964.270941419,16,2025-04-21 00:00:00+00:00,0,-7.545138888888889
1745254800000,131,1.12664781337728,172.26277679275532,811237.3160904996,1.185572588717129,38,0.2900763358778626,1.2509256034064096,54,0.4122137404580153,0.9126566994882342,38.0,0.2900763358778626,0.30816801667377186,1.0,0.007633587786259542,,,0.0,0.33448135553583896,0.8510912331812899,38,38,2154.0526315789475,1953.5,1.409092978818748,0.8421052631578947,9.717201065825088e-05,3.658788005878359e+24,4575734.744955737,17,2025-04-21 00:00:00+00:00,0,-7.503472222222222
1745258400000,71,1.0037136763088783,64.20753875542023,422723.5730850823,1.0119429098830466,21,0.29577464788732394,1.2095994094846423,29,0.4084507042253521,0.7258605985896078,19.0,0.2676056338028169,0.571567831064602,2.0,0.028169014084507043,,,0.0,0.3407277264762672,0.6712151834067793,21,21,2759.8571428571427,2508.0,1.5748797864634478,0.7619047619047619,5.720044524301832e-05,3.754062417498572e+24,2023425.6751353887,18,2025-04-21 00:00:00+00:00,0,-7.461805555555555
1745262000000,44,0.7416966847182009,27.54258254363991,193831.43945808554,0.9416933556308061,9,0.20454545454545456,0.8883283561093419,23,0.5227272727272727,0.3199763223229163,11.0,0.25,0.2081221908566419,1.0,0.022727272727272728,,,0.0,0.32833891689622235,0.6133544387345837,9,9,2273.3333333333335,2293.0,1.4724756473478187,0.8888888888888888,3.6360385455235964e-05,3.633670145224081e+24,995438.5112727638,19,2025-04-21 00:00:00+00:00,0,-7.420138888888889
1745265600000,45,1.2703811779129317,52.72301359534439,286510.00247368164,1.811041910623091,4,0.08888888888888889,1.4663735143637828,26,0.5777777777777777,0.792247089843213,12.0,0.26666666666666666,0.7634363040042178,3.0,0.06666666666666667,,,0.0,0.7200277975470968,1.0910141130759943,4,4,2321.25,2361.5,1.5080632698926488,0.75,3.986944219333577e-05,3.6712981270716685e+24,1839101.6484119846,20,2025-04-21 00:00:00+00:00,0,-7.378472222222222
1745269200000,36,0.87848476052771,35.004080517708395,181630.5494693078,0.9168544366446724,7,0.19444444444444445,1.3202858586078248,13,0.3611111111111111,0.498000450977847,15.0,0.4166666666666667,0.5737473959154258,1.0,0.027777777777777776,,,0.0,0.5569186781672073,0.35993575847746506,7,7,2888.5714285714284,2142.0,1.592246902292093,0.7142857142857143,4.0733461608998555e-05,3.656979630748022e+24,1296827.8238333305,21,2025-04-21 00:00:00+00:00,0,-7.336805555555555
1745272800000,52,0.8947574372675203,39.31624717880535,257914.03970469805,0.8845825547151307,15,0.28846153846153844,1.043576819085079,22,0.4230769230769231,0.512934844450407,13.0,0.25,1.815902709728535,2.0,0.038461538461538464,,,0.0,0.34775948957358926,0.5368230651415414,15,15,2241.5333333333333,2205.0,1.461341270876366,0.8666666666666667,3.8504242196563026e-05,3.6462523538681e+24,1174182.3432278028,22,2025-04-21 00:00:00+00:00,0,-7.295138888888889
1745276400000,37,0.7854896403941496,25.28947917289478,189760.92172991377,0.8583885332917089,14,0.3783783783783784,0.8756833102034481,13,0.35135135135135137,0.5661794195854783,10.0,0.2702702702702703,,,0.0,,,0.0,0.3197765902930472,0.5386119429986617,14,14,2199.285714285714,1949.0,1.4186386211640352,0.9285714285714286,3.897004986961567e-05,3.7923239414905926e+24,813026.3647697351,23,2025-04-21 00:00:00+00:00,0,-7.253472222222222
1745280000000,77,0.7460323005615783,50.264236710179055,385754.4159944521,0.6269372872136537,26,0.33766233766233766,0.9800470707665678,28,0.36363636363636365,0.5669326918306036,22.0,0.2857142857142857,1.2302804739493531,1.0,0.012987012987012988,,,0.0,0.41434043967035245,0.2125968475433013,26,26,2231.846153846154,2282.5,1.4384777653928986,0.8461538461538461,6.0620478681874147e-05,3.636811642642044e+24,2378352.4690502603,0,2025-04-22 00:00:00+00:00,0,-7.211805555555555
1745283600000,43,0.9007734947619127,32.951861603047966,239046.1101104585,0.9766528773602049,21,0.4883720930232558,0.8724844802029775,12,0.27906976744186046,0.8040225691320602,9.0,0.20930232558139536,0.5175329655736647,1.0,0.023255813953488372,,,0.0,0.2709545204637158,0.7056983568964892,21,21,1888.8095238095239,2099.0,1.2961147397133215,0.9047619047619048,6.09760971748465e-05,3.216210468864528e+24,2119816.425895284,1,2025-04-22 00:00:00+00:00,0,-7.170138888888889
1745287200000,92,0.8579402054755881,60.49938446826663,408679.9736512702,0.9665669476595528,23,0.25,1.1218755917196896,29,0.31521739130434784,0.6157926184696632,37.0,0.40217391304347827,0.4602466881119547,3.0,0.03260869565217391,,,0.0,0.3800698250730709,0.5864971225864819,23,23,1529.304347826087,1386.0,1.1534864227590627,0.9565217391304348,5.481476566654536e-05,3.2422083195787343e+24,1650825.1129408644,2,2025-04-22 00:00:00+00:00,0,-7.128472222222222
1745290800000,56,0.9106220142226554,49.547735253038354,263973.995765928,1.0232567160073656,8,0.14285714285714285,1.128006341360255,31,0.5535714285714286,0.4612107344848164,17.0,0.30357142857142855,,,0.0,,,0.0,0.10490180540934174,0.9183549105980238,8,8,3150.75,3221.0,1.6627038927812936,0.5,3.95446760505212e-05,3.4119125683186324e+24,1278142.528478999,3,2025-04-22 00:00:00+00:00,0,-7.086805555555555
1745294400000,45,1.051387059446963,36.47689953770277,217887.0408291117,1.1879241091671275,7,0.15555555555555556,1.243625684954637,26,0.5777777777777777,0.5141931445223306,11.0,0.24444444444444444,1.0065565123772444,1.0,0.022222222222222223,,,0.0,0.18784969696607481,1.0000744122010528,7,7,2427.8571428571427,2411.0,1.5373389236645696,0.8571428571428571,3.4230826379980236e-05,3.177051092705863e+24,1096331.7230321902,4,2025-04-22 00:00:00+00:00,0,-7.045138888888889
1745298000000,52,0.7699082903978847,33.878040437478916,244406.09296866003,1.0185272771114158,13,0.25,0.7234939039130944,18,0.34615384615384615,0.6497124714686611,18.0,0.34615384615384615,0.6922205804566678,3.0,0.057692307692307696,,,0.0,0.4932127289993055,0.5253145481121102,13,13,1871.5384615384614,1938.0,1.3243902322535446,0.9230769230769231,4.8162597436461716e-05,3.2990646325822734e+24,1339479.9176290748,5,2025-04-22 00:00:00+00:00,0,-7.003472222222222
1745301600000,70,0.94491589271847,53.24842824789686,358217.2850815696,1.155906276840708,19,0.2714285714285714,1.2492116243048403,24,0.34285714285714286,0.4907953545632526,26.0,0.37142857142857144,1.4401350283587142,1.0,0.014285714285714285,,,0.0,0.499104954961925,0.6568013218787832,19,19,2367.0526315789475,2090.0,1.5006151558731406,0.8947368421052632,5.917765306093994e-05,3.418620761540668e+24,2613557.531345135,6,2025-04-22 00:00:00+00:00,0,-6.961805555555555
1745305200000,60,0.7462045629362636,32.82430689198714,260594.67475247066,0.9399435755378491,22,0.36666666666666664,0.771360210258884,18,0.3,0.5104515664841611,20.0,0.3333333333333333,,,0.0,,,0.0,0.3142320331934036,0.6257115423444456,22,22,1870.7272727272727,1578.0,1.3278388410316664,1.0,5.508652713075763e-05,3.125441911194409e+24,2243852.001272961,7,2025-04-22 00:00:00+00:00,0,-6.920138888888889
1745308800000,102,0.8055727996849124,65.20232330439313,469544.62063564087,0.8867097820774303,27,0.2647058823529412,1.0559469451932457,37,0.3627450980392157,0.4879720124477691,36.0,0.35294117647058826,0.795116015750331,2.0,0.0196078431372549,,,0.0,0.5750114088000335,0.3116983732773968,27,27,1864.2962962962963,1593.0,1.3431470087113435,0.9629629629629629,5.99527679665204e-05,3.196705785763388e+24,3147210.8949634465,8,2025-04-22 00:00:00+00:00,0,-6.878472222222222
1745312400000,96,0.9212206332426077,67.38819097477231,437897.1389469884,0.9404838536850123,7,0.07291666666666667,1.2379366288026108,45,0.46875,0.5406586512633775,41.0,0.4270833333333333,1.326546939193097,3.0,0.03125,,,0.0,0.32734785773580555,0.6131359959492068,7,7,1795.4285714285713,1935.0,1.2600288136595446,1.0,5.0552420244396987e-05,3.284175171002803e+24,2994799.718012688,9,2025-04-22 00:00:00+00:00,0,-6.836805555555555
1745316000000,108,0.8175091457913061,86.82589293173747,525946.5753632524,1.1075159558939727,17,0.1574074074074074,0.945620070375068,49,0.4537037037037037,0.4836482225021261,38.0,0.35185185185185186,1.187300147951099,4.0,0.037037037037037035,,,0.0,0.40869642377518167,0.6988195321187911,17,17,1561.8235294117646,1518.0,1.1495870675332802,0.9411764705882353,4.318701952755148e-05,3.351495610054463e+24,3215156.4291278305,10,2025-04-22 00:00:00+00:00,0,-6.795138888888889
1745319600000,133,0.8267932664152056,98.22685795219395,650266.7095517042,0.846103634326172,15,0.11278195488721804,1.100453404858619,41,0.3082706766917293,0.657620468361598,76.0,0.5714285714285714,2.1742047236449356,1.0,0.007518796992481203,,,0.0,0.647941903546668,0.19816173077950397,15,15,1532.7333333333333,1398.0,1.1856046047773845,1.0,5.5860512531711825e-05,3.344638945633662e+24,9863034.376191815,11,2025-04-22 00:00:00+00:00,0,-6.753472222222222
1745323200000,96,0.7606371981407932,60.5188480076194,398927.19712521665,0.6355873440192237,8,0.08333333333333333,0.9832266088235462,39,0.40625,0.5324660590827204,47.0,0.4895833333333333,2.282364874178101,2.0,0.020833333333333332,,,0.0,0.11956459907205925,0.5160227449471644,8,8,1834.5,2015.5,1.2922443347424373,1.0,4.9588763874709126e-05,3.344416751163333e+24,3623199.87236118,12,2025-04-22 00:00:00+00:00,0,-6.711805555555555
1745326800000,177,1.0452936382708151,160.87741176844693,966566.0368055115,1.207540928522933,45,0.2542372881355932,1.5218014859138467,53,0.2994350282485876,0.6249316714032155,78.0,0.4406779661016949,1.2774830675176272,1.0,0.005649717514124294,,,0.0,0.4281671855845217,0.7793737429384113,45,45,2028.0666666666666,2192.0,1.3314550848841136,0.9333333333333333,6.717993708483647e-05,3.241226614607155e+24,4078710.2335488424,13,2025-04-22 00:00:00+00:00,0,-6.670138888888889
1745330400000,130,0.8059025014045976,79.74873272703998,572944.3270198706,0.7988777227761327,31,0.23846153846153847,1.22035287679413,38,0.2923076923076923,0.557581667073297,60.0,0.46153846153846156,0.17380643396280954,1.0,0.007692307692307693,,,0.0,0.46538226130152954,0.3334954614746031,31,31,1895.5806451612902,1807.0,1.330292925760033,0.967741935483871,6.141603445692793e-05,3.016966280073456e+24,3411936.485631528,14,2025-04-22 00:00:00+00:00,0,-6.628472222222222
1745334000000,157,1.2083345773388465,500.7183278666768,978882.9924502046,1.1105474906484505,31,0.19745222929936307,1.0282571137638497,51,0.3248407643312102,1.4058612144476195,70.0,0.445859872611465,0.8860317237614499,5.0,0.03184713375796178,,,0.0,0.5605673970343231,0.5499800936141274,31,31,2209.8387096774195,2193.0,1.4461631097395962,0.9354838709677419,0.00010336322153314031,3.3170433208767155e+24,5416675.833710913,15,2025-04-22 00:00:00+00:00,0,-6.586805555555555
1745337600000,91,1.0482320820121194,85.81378533060735,511493.21904755716,1.033822717299802,26,0.2857142857142857,1.281910767327755,38,0.4175824175824176,0.7332266538834569,27.0,0.2967032967032967,,,0.0,,,0.0,0.4279790564240515,0.6058436608757506,26,26,2068.6923076923076,2042.5,1.3863323048461842,0.9230769230769231,5.650785347538541e-05,3.5852340951415867e+24,2493019.2991292016,16,2025-04-22 00:00:00+00:00,0,-6.545138888888889
1745341200000,72,0.6936300264173204,43.49854791402058,342372.912666971,0.6894986871544206,22,0.3055555555555556,0.7848382576209539,30,0.4166666666666667,0.5980294306184404,17.0,0.2361111111111111,0.35358091183590545,3.0,0.041666666666666664,,,0.0,0.18847528271298122,0.5010234044414393,22,22,1912.590909090909,2151.5,1.3224751284122296,1.0,4.01922790784754e-05,3.715141204162991e+24,2267938.5497192396,17,2025-04-22 00:00:00+00:00,0,-6.503472222222222
1745344800000,69,0.8785366257970075,53.10574625479743,341704.3286593976,0.9134977263621233,16,0.2318840579710145,1.1290438268587568,29,0.42028985507246375,0.5525330241373166,24.0,0.34782608695652173,,,0.0,,,0.0,0.45137224322772207,0.46212548313440127,16,16,2141.875,2515.5,1.4149117332661603,0.875,4.772873842883099e-05,3.6618425219754634e+24,2477095.7341265515,18,2025-04-22 00:00:00+00:00,0,-6.461805555555555
1745348400000,54,1.1254468467539838,51.82728668306902,318990.1667294836,1.3749682605726796,16,0.2962962962962963,1.1747655535320716,22,0.4074074074074074,0.7934429561272669,15.0,0.2777777777777778,1.0281510359376753,1.0,0.018518518518518517,,,0.0,0.17207232913647813,1.2028959314362013,16,16,2575.25,2213.5,1.5068227443971212,0.875,4.041478869714141e-05,3.6898977377783846e+24,1238046.222594228,19,2025-04-22 00:00:00+00:00,0,-6.420138888888889
1745352000000,43,0.793357171746247,30.679861620660482,222766.44589281338,0.8040146245126679,17,0.3953488372093023,0.7329689489797198,17,0.3953488372093023,0.647712607538987,8.0,0.18604651162790697,2.803936775406136,1.0,0.023255813953488372,,,0.0,0.387703614686594,0.4163110098260739,17,17,2392.529411764706,2132.0,1.4520986239856353,0.8235294117647058,3.483227751147132e-05,3.968849127378804e+24,1096002.9135522612,20,2025-04-22 00:00:00+00:00,0,-6.378472222222222
1745355600000,112,0.9729289703765716,117.76598768613545,680789.2125539106,0.5730435328518629,32,0.2857142857142857,1.4668748566568712,32,0.2857142857142857,0.9552023554728136,43.0,0.38392857142857145,0.5233909865131068,5.0,0.044642857142857144,,,0.0,0.36853256604351625,0.20451096680834668,32,32,1985.375,1702.5,1.3121610472033614,0.90625,0.0001183075593821827,3.671247863555089e+24,4858346.7644745195,21,2025-04-22 00:00:00+00:00,0,-6.336805555555555
1745359200000,97,0.7105117347908557,51.616093653378066,401335.7851040325,0.8566500229279994,26,0.26804123711340205,0.6769348918952874,25,0.25773195876288657,0.6551693973278413,42.0,0.4329896907216495,0.5515626733583754,4.0,0.041237113402061855,,,0.0,0.397973153447858,0.45867686948014147,26,26,2190.0,2380.5,1.4214106948299536,0.8076923076923077,7.324390961905296e-05,3.3670485482850016e+24,2464878.2453786638,22,2025-04-22 00:00:00+00:00,0,-6.295138888888889
1745362800000,56,1.124285031024492,48.14889001740473,311937.0786444542,1.1633846131620393,16,0.2857142857142857,1.1033053784315556,21,0.375,1.1145471041955926,19.0,0.3392857142857143,,,0.0,,,0.0,0.4534522040242359,0.7099324091378034,16,16,1511.0,1329.0,1.14253829492093,0.9375,7.213979380856636e-05,2.747111431074851e+24,3465846.3045318313,23,2025-04-22 00:00:00+00:00,0,-6.253472222222222
1745366400000,157,0.969920404830096,114.89649215845839,646582.7643348115,0.8978523131230052,40,0.25477707006369427,1.2709578961296826,47,0.29936305732484075,0.7564912934658221,66.0,0.42038216560509556,1.6749911366413803,4.0,0.025477707006369428,,,0.0,0.31900751773592056,0.5788447953870846,40,40,1676.825,1472.0,1.239624849872773,0.975,8.871823595756353e-05,2.625592385544249e+24,3201618.4881249624,0,2025-04-23 00:00:00+00:00,0,-6.211805555555555
1745370000000,140,1.0160544582251854,99.57239573915137,685610.3047117898,0.9345125842135935,40,0.2857142857142857,1.470779416007534,45,0.32142857142857145,0.680651301460399,53.0,0.37857142857142856,1.3037640426210038,2.0,0.014285714285714285,,,0.0,0.46309420056150996,0.4714183836520835,40,40,2068.425,1952.0,1.3852366730263834,0.85,9.316619563626341e-05,2.7436432655274745e+24,3970252.7962710136,1,2025-04-23 00:00:00+00:00,0,-6.170138888888889
1745373600000,121,0.8591070940838086,71.3495132282259,497825.7953564915,0.8262337174212995,24,0.19834710743801653,1.0296580266921112,39,0.32231404958677684,0.7530346482412889,54.0,0.4462809917355372,0.8254537800019288,4.0,0.03305785123966942,,,0.0,0.3172332583471594,0.50900045907414,24,24,1952.1666666666667,1693.0,1.335558952268333,0.9166666666666666,6.604339441497844e-05,2.79893394660259e+24,2607612.7149463813,2,2025-04-23 00:00:00+00:00,0,-6.128472222222222
1745377200000,73,1.3513360643815844,213.16419169935517,403857.86357225524,1.4995814707608661,6,0.0821917808219178,1.130453195341188,35,0.4794520547945205,1.6354435127032187,29.0,0.3972602739726027,0.8854400566518473,3.0,0.0410958904109589,,,0.0,0.7403688002559647,0.7592126705049015,6,6,1726.6666666666667,1794.0,1.2742380171216936,1.0,6.341028125865447e-05,2.775361011900771e+24,2379587.7312679766,3,2025-04-23 00:00:00+00:00,0,-6.086805555555555
1745380800000,107,1.113315445616818,96.39572186193324,551154.0920271933,0.9939194663140536,16,0.14953271028037382,1.5090356339069604,41,0.38317757009345793,0.7240397183489489,46.0,0.42990654205607476,2.01143829643441,4.0,0.037383177570093455,,,0.0,0.5671393787015236,0.42678008761252995,16,16,2218.6875,2333.0,1.4509481057903768,0.9375,6.475675018931686e-05,2.804494585072096e+24,3608805.464079085,4,2025-04-23 00:00:00+00:00,0,-6.045138888888889
1745384400000,135,0.985010329336557,88.76614298612418,575765.2824546292,1.002609209007448,30,0.2222222222222222,1.3365466408653557,44,0.32592592592592595,0.702906652918256,58.0,0.42962962962962964,1.1071600409590847,3.0,0.022222222222222223,,,0.0,0.4683815559706214,0.5342276530368265,30,30,1780.7666666666667,1566.0,1.2868555243388207,0.9666666666666667,6.918119243294283e-05,2.746438215526467e+24,4914079.101876519,5,2025-04-23 00:00:00+00:00,0,-6.003472222222222
1745388000000,117,0.7690470195278749,70.09017956058038,528059.8127017024,0.7256734769650988,30,0.2564102564102564,0.9318284463266695,39,0.3333333333333333,0.6813408540275651,45.0,0.38461538461538464,0.40221637927595566,3.0,0.02564102564102564,,,0.0,0.4237752141188127,0.3018982628462859,30,30,1974.8333333333333,1825.5,1.3486896631037164,0.9666666666666667,6.478701011324686e-05,3.00073106657139e+24,5275481.184527965,6,2025-04-23 00:00:00+00:00,0,-5.961805555555555
1745391600000,103,0.7848004898529075,64.10667896742471,407466.07030474866,0.9330577674886945,22,0.21359223300970873,1.0960115524592238,26,0.2524271844660194,0.5049282211913627,51.0,0.49514563106796117,1.5148849813497187,4.0,0.038834951456310676,,,0.0,0.38069955185257415,0.5523582156361203,22,22,2447.9545454545455,2009.5,1.4318794678085134,0.7727272727272727,5.638131729835908e-05,2.873536745588884e+24,2579012.1618766845,7,2025-04-23 00:00:00+00:00,0,-5.920138888888889
1745395200000,119,0.955911251537572,90.89015206319287,556908.6605214168,0.6732172807390477,20,0.16806722689075632,1.4668504111420406,41,0.3445378151260504,0.6456732583668708,54.0,0.453781512605042,1.3204676273888558,4.0,0.03361344537815126,,,0.0,0.4861794941382622,0.18703778660078552,20,20,1841.1,2009.5,1.3047944342112698,0.9,6.864164844758e-05,2.821378103931955e+24,3842321.272380065,8,2025-04-23 00:00:00+00:00,0,-5.878472222222222
1745398800000,95,0.8833368163305076,70.87637382627453,405478.47884983534,0.8947887529977003,16,0.16842105263157894,1.1998073685879083,32,0.3368421052631579,0.6528349773457703,45.0,0.47368421052631576,0.9144838640311468,2.0,0.021052631578947368,,,0.0,0.5995275934534842,0.29526115954421617,16,16,1967.375,2287.5,1.3448376071455677,0.9375,6.125542317984351e-05,2.843183569273343e+24,4052128.016102886,9,2025-04-23 00:00:00+00:00,0,-5.836805555555555
1745402400000,148,0.6978876630490796,81.86087359174891,558662.8649562978,1.0907595694369216,31,0.20945945945945946,1.0321075853649015,31,0.20945945945945946,0.4367611347658215,85.0,0.5743243243243243,0.35379587731243584,1.0,0.006756756756756757,,,0.0,0.5675358510729646,0.5232237183639572,31,31,2108.935483870968,2069.0,1.3923460456794725,0.8387096774193549,8.114884031397828e-05,2.8731974919546857e+24,3133676.474869715,10,2025-04-23 00:00:00+00:00,0,-5.795138888888889
1745406000000,86,0.7641635906107639,46.33446223779583,307911.6117545741,1.097734456584867,14,0.16279069767441862,1.3340077755583666,20,0.23255813953488372,0.4551852094071197,52.0,0.6046511627906976,,,0.0,,,0.0,0.7828375840740167,0.3148968725108503,14,14,1797.0,1817.5,1.3159960125823538,1.0,5.2439860752988305e-05,2.8817569411238034e+24,1635677.1532627998,11,2025-04-23 00:00:00+00:00,0,-5.753472222222222
1745409600000,97,0.6856187905969737,45.56922165086949,315230.1209264978,0.8669819774164848,16,0.16494845360824742,1.2304893495291074,27,0.27835051546391754,0.35944627059179257,54.0,0.5567010309278351,,,0.0,,,0.0,0.47871634761972953,0.38826562979675516,16,16,1935.0625,1631.0,1.3411423633612816,0.875,6.216508594132118e-05,2.898262667947714e+24,1751260.8387255813,12,2025-04-23 00:00:00+00:00,0,-5.711805555555555
1745413200000,154,1.153100489098584,171.52053166701265,873464.1636156212,1.3955496081272505,26,0.16883116883116883,1.4552330464390946,42,0.2727272727272727,0.9348857750793477,85.0,0.551948051948052,0.7081066776869491,1.0,0.006493506493506494,,,0.0,0.2928020394839321,1.1027475686433184,26,26,2068.769230769231,2249.5,1.3990556662382152,1.0,0.00015237930719625608,2.9384909470267323e+24,6258787.503215165,13,2025-04-23 00:00:00+00:00,0,-5.670138888888889
1745416800000,173,0.7623381675679445,106.03844407271546,737689.9695505654,0.7712973002876755,34,0.19653179190751446,0.9894222758961206,51,0.2947976878612717,0.6272711216905826,88.0,0.5086705202312138,,,0.0,,,0.0,0.29795272345957413,0.4733445768281013,34,34,1657.6176470588234,1674.5,1.2293636777227235,0.9705882352941176,9.81166146692518e-05,3.049725006368088e+24,4534144.633467452,14,2025-04-23 00:00:00+00:00,0,-5.628472222222222
1745420400000,153,0.7904920115809502,110.1531062245753,755190.2290013398,0.6463349537324994,41,0.2679738562091503,1.2846989937153988,48,0.3137254901960784,0.5121873901642775,64.0,0.41830065359477125,,,0.0,,,0.0,0.35199759601699093,0.2943373577155085,41,41,1523.4146341463415,1587.0,1.1515449799118607,1.0,8.873304082408316e-05,3.3930454268333213e+24,6082569.137241273,15,2025-04-23 00:00:00+00:00,0,-5.586805555555555
1745424000000,137,0.6401439778822555,73.28487999642574,596186.7198369642,0.6104224496820854,28,0.20437956204379562,0.943454584172749,48,0.35036496350364965,0.40576843039567445,60.0,0.43795620437956206,0.9759705147381901,1.0,0.0072992700729927005,,,0.0,0.3687921989566365,0.24163025072544894,28,28,1734.2142857142858,1576.0,1.2741478755996845,0.9642857142857143,7.529387756630948e-05,3.414132148528807e+24,4488624.588770128,16,2025-04-23 00:00:00+00:00,0,-5.545138888888889
1745427600000,110,0.48263795047496516,41.864007197444096,366706.7633509649,0.5634007083635246,23,0.20909090909090908,0.6829663410619004,26,0.23636363636363636,0.368754669542449,60.0,0.5454545454545454,0.2495532197287495,1.0,0.00909090909090909,,,0.0,0.4274930080173374,0.13590770034618718,23,23,1591.5652173913043,1368.0,1.1807468808197714,0.9130434782608695,7.575290814098096e-05,3.378056642707615e+24,2846900.993550721,17,2025-04-23 00:00:00+00:00,0,-5.503472222222222
1745431200000,84,0.555310816981784,36.297065894756415,281628.0490771677,0.7606352843769242,19,0.2261904761904762,0.8737677665566245,23,0.27380952380952384,0.2880328474406174,42.0,0.5,,,0.0,,,0.0,0.3446763346662487,0.4159589497106755,19,19,2154.842105263158,1993.0,1.3928388563366327,0.8421052631578947,4.839302849151529e-05,3.352030757129598e+24,1605718.4425109534,18,2025-04-23 00:00:00+00:00,0,-5.461805555555555
1745434800000,91,0.7944959670867212,64.64358196964764,423119.32436017715,0.9503566124734102,30,0.32967032967032966,0.9224514157545336,34,0.37362637362637363,0.44863958692090866,26.0,0.2857142857142857,0.7604572350915504,1.0,0.01098901098901099,,,0.0,0.40367444521083407,0.5466821672625762,30,30,2212.8333333333335,2019.5,1.4325986925464276,0.8666666666666667,6.693389545064039e-05,3.5303407157962475e+24,2831683.2802405325,19,2025-04-23 00:00:00+00:00,0,-5.420138888888889
1745438400000,79,0.6470235630223565,43.509427127520134,318615.18554648827,0.8919553701261341,21,0.26582278481012656,0.7292498454396319,29,0.3670886075949367,0.3751098740751085,27.0,0.34177215189873417,0.5537932941700472,2.0,0.02531645569620253,,,0.0,0.3626640655085511,0.529291304617583,21,21,2369.809523809524,2328.0,1.4505374906142696,0.8095238095238095,5.770691647744624e-05,3.625655995245106e+24,1591965.0414109346,20,2025-04-23 00:00:00+00:00,0,-5.378472222222222
1745442000000,56,0.7303549448910438,42.889595237899435,256527.0264312263,0.6925870945655083,15,0.26785714285714285,1.202135247774214,13,0.23214285714285715,0.5315468669411089,28.0,0.5,,,0.0,,,0.0,0.5160124799369344,0.1765746146285737,15,15,1830.1333333333334,2056.0,1.2601690628896394,0.9333333333333333,5.8808605376509796e-05,3.6216943031631267e+24,1674476.9701158009,21,2025-04-23 00:00:00+00:00,0,-5.336805555555555
1745445600000,62,0.5660808396024272,32.72731842520513,211137.77288307998,0.6484641055404002,13,0.20967741935483872,0.8968778119944755,22,0.3548387096774194,0.25687654886840067,27.0,0.43548387096774194,,,0.0,,,0.0,0.2928055581076578,0.35565854743274244,13,13,3029.153846153846,2679.0,1.6647670580890095,0.6153846153846154,4.531531738745989e-05,3.4931115695481906e+24,1328579.8462848177,22,2025-04-23 00:00:00+00:00,0,-5.295138888888889
1745449200000,62,0.5190926633974621,24.2491188210742,200377.69569022083,0.741061567483923,16,0.25806451612903225,0.6048367903992771,17,0.27419354838709675,0.2786083959557714,25.0,0.4032258064516129,0.7698311788044707,4.0,0.06451612903225806,,,0.0,0.41114856384676185,0.32991300363716114,16,16,1632.9375,1540.0,1.224704060816256,1.0,4.1440060636869444e-05,3.539411335311821e+24,833735.1670013679,23,2025-04-23 00:00:00+00:00,0,-5.253472222222222
1745452800000,95,0.6228828211719676,51.77393232501335,385394.30789151153,0.6379248758908409,28,0.29473684210526313,0.9009088875885909,33,0.3473684210526316,0.34064641752852565,34.0,0.35789473684210527,,,0.0,,,0.0,0.3306935442045483,0.3072313316862926,28,28,2159.3928571428573,1820.0,1.4072553943967532,0.9285714285714286,5.414310080623731e-05,3.631597782688953e+24,2049104.0905579978,0,2025-04-24 00:00:00+00:00,0,-5.211805555555555
1745456400000,105,0.5544082240054694,48.286778777519324,359293.7943600305,0.6271241351619091,21,0.2,0.7749530151228708,30,0.2857142857142857,0.40219036854669893,51.0,0.4857142857142857,0.4276524775354756,3.0,0.02857142857142857,,,0.0,0.26389842177261025,0.36322571338929877,21,21,2002.7142857142858,1830.0,1.3240262422780855,0.8571428571428571,6.362256476561633e-05,3.668642149466615e+24,1789792.5089767375,1,2025-04-24 00:00:00+00:00,0,-5.170138888888889
1745460000000,133,0.5226630715175172,56.17676232263916,483035.0380564155,0.6889724912649839,29,0.21804511278195488,0.6673246250210942,46,0.3458646616541353,0.3265998256907082,57.0,0.42857142857142855,0.22086344980454337,1.0,0.007518796992481203,,,0.0,0.40440628283992175,0.28456620842506214,29,29,2295.0689655172414,2098.0,1.4387019161660946,0.8620689655172413,5.998386727525936e-05,3.501097909130172e+24,2163617.5323225195,2,2025-04-24 00:00:00+00:00,0,-5.128472222222222
1745463600000,118,0.6381106382594316,62.49789625665184,438985.6330150003,0.9618724791504202,19,0.16101694915254236,0.982432698122257,31,0.2627118644067797,0.3348266282041214,64.0,0.5423728813559322,1.284290090975305,4.0,0.03389830508474576,,,0.0,0.3966316106860914,0.5652408684643287,19,19,2927.4736842105262,2392.0,1.60430760810113,0.8421052631578947,7.395867592589613e-05,3.536795821744925e+24,2919275.760746782,3,2025-04-24 00:00:00+00:00,0,-5.086805555555555
1745467200000,121,0.9189100473244497,101.49112628842666,656542.5378948596,1.136598373853277,39,0.32231404958677684,1.0298201293037583,39,0.32231404958677684,0.6172299266159749,42.0,0.34710743801652894,0.7741371852630916,1.0,0.008264462809917356,,,0.0,0.3815061436976516,0.7550922301556253,39,39,2111.051282051282,2021.0,1.3904821776324234,0.8974358974358975,7.722220061512067e-05,3.7009899174132986e+24,5145421.489681541,4,2025-04-24 00:00:00+00:00,0,-5.045138888888889
1745470800000,103,0.6621575600321502,55.752415040303376,414796.0491637378,0.8384358457944212,22,0.21359223300970873,0.7475563828440928,34,0.3300970873786408,0.4816004869589904,44.0,0.42718446601941745,1.0497672109798248,3.0,0.02912621359223301,,,0.0,0.2814364345579345,0.5569994112364868,22,22,1903.0454545454545,1724.5,1.2975235410981416,0.9090909090909091,4.927293446543425e-05,3.9159609872400383e+24,2249007.3273852305,5,2025-04-24 00:00:00+00:00,0,-5.003472222222222
1745474400000,93,0.8761198046767033,66.11788657136177,453395.3051601204,0.9560414847200983,30,0.3225806451612903,0.969316937153383,34,0.3655913978494624,0.620103460661461,28.0,0.3010752688172043,2.4782245315945204,1.0,0.010752688172043012,,,0.0,0.43214908613553676,0.5238923985845615,30,30,1954.3,1937.5,1.3560212647081944,0.9333333333333333,6.306568542057207e-05,3.55664926538236e+24,1858268.2725403365,6,2025-04-24 00:00:00+00:00,0,-4.961805555555555
1745478000000,111,0.676943585534297,67.7276811756025,495767.3043017357,0.90379522099951,24,0.21621621621621623,0.8937304974195324,32,0.2882882882882883,0.45182321405261255,55.0,0.4954954954954955,,,0.0,,,0.0,0.35182801739306785,0.5519672036064424,24,24,1937.375,1976.0,1.375139036357405,1.0,6.497802663724791e-05,3.896133537727095e+24,2643654.4750083075,7,2025-04-24 00:00:00+00:00,0,-4.920138888888889
1745481600000,155,0.7844323506403006,96.97429193878274,708526.3699498042,0.7653751789636676,48,0.3096774193548387,1.2577560425938277,42,0.2709677419354839,0.48602127081693536,64.0,0.4129032258064516,0.9178906377659288,1.0,0.0064516129032258064,,,0.0,0.4730790772824835,0.2922961016811841,48,48,1911.0208333333333,2051.5,1.310314418991788,0.9375,0.00012119401724710304,3.088450565871833e+24,5582494.686626522,8,2025-04-24 00:00:00+00:00,0,-4.878472222222222
1745485200000,119,0.8008098944343738,60.03400755682698,467124.02387860924,0.7919306257969813,31,0.2605042016806723,0.9729583520792792,40,0.33613445378151263,0.644309963432564,47.0,0.3949579831932773,1.5456256734823768,1.0,0.008403361344537815,,,0.0,0.35341065856238313,0.4385199672345981,31,31,1778.4516129032259,1764.0,1.2874087638928753,0.967741935483871,8.133488655821561e-05,2.7358888552709254e+24,2606317.915180388,9,2025-04-24 00:00:00+00:00,0,-4.836805555555555
1745488800000,87,0.9061300215599545,51.385934668210666,344426.36462451535,1.06093186655282,23,0.26436781609195403,1.1179398695593945,31,0.3563218390804598,0.5992649390503014,33.0,0.3793103448275862,,,0.0,,,0.0,0.5586847424853761,0.5022471240674439,23,23,1652.9130434782608,1720.0,1.2212308546850246,0.9565217391304348,5.16256248570889e-05,2.6714711345642094e+24,1652956.1311485812,10,2025-04-24 00:00:00+00:00,0,-4.795138888888889
1745492400000,77,0.8450330861627575,41.17449928023729,289468.7060766148,0.9492009938276952,23,0.2987012987012987,1.0964150518741362,27,0.35064935064935066,0.4919981225093526,25.0,0.3246753246753247,0.6663826565799233,2.0,0.025974025974025976,,,0.0,0.3528077752052954,0.5963932186223998,23,23,2024.391304347826,2154.0,1.3433806800630348,0.9130434782608695,5.1311170934128164e-05,2.6357717447803307e+24,1216977.8741208643,11,2025-04-24 00:00:00+00:00,0,-4.753472222222222
1745496000000,92,0.7783286065050834,42.398422308394615,315599.040798317,0.9243914385761689,28,0.30434782608695654,0.7805059906529733,30,0.32608695652173914,0.6575735452013922,33.0,0.358695652173913,0.6081648070997989,1.0,0.010869565217391304,,,0.0,0.21299694021878962,0.7113944983573793,28,28,1736.2857142857142,1779.5,1.2919801003495661,1.0,6.44463146103106e-05,2.68003302482079e+24,1695690.5301182722,12,2025-04-24 00:00:00+00:00,0,-4.711805555555555
1745499600000,108,0.9075666162776158,69.5157555446668,448086.3891240172,0.7949742350637176,25,0.23148148148148148,1.2881760329635938,34,0.3148148148148148,0.6970948603362475,48.0,0.4444444444444444,0.8843002644874929,1.0,0.009259259259259259,,,0.0,0.3262692757824545,0.4687049592812631,25,25,1940.56,1794.0,1.304529255737551,0.92,7.583959527942309e-05,2.7666824898281247e+24,2629353.971119219,13,2025-04-24 00:00:00+00:00,0,-4.670138888888889
1745503200000,144,0.9977555730633614,103.84721382825617,624394.3554116872,0.9764508731687286,45,0.3125,1.2957996351858885,41,0.2847222222222222,0.7554295462429702,54.0,0.375,1.4538831721973575,4.0,0.027777777777777776,,,0.0,0.34882403958780367,0.6276268335809249,45,45,2464.6222222222223,2343.0,1.5164488517976091,0.8222222222222222,8.48518010240731e-05,2.691504791843284e+24,3059300.858040542,14,2025-04-24 00:00:00+00:00,0,-4.628472222222222
1745506800000,138,0.9390921254371628,97.41206096548594,595851.1073597284,1.0514557664735416,37,0.26811594202898553,1.191451348482661,48,0.34782608695652173,0.6229363607916392,51.0,0.3695652173913043,0.865715411633051,2.0,0.014492753623188406,,,0.0,0.29413383433550816,0.7573219321380333,37,37,1654.6216216216217,1575.0,1.222802245859028,0.972972972972973,7.501681775057544e-05,2.937732475076824e+24,2997913.652846128,15,2025-04-24 00:00:00+00:00,0,-4.586805555555555
1745510400000,105,0.9633208010377453,76.18277910086908,453241.6592669399,1.0259290012793922,21,0.2,1.1804975984798565,35,0.3333333333333333,0.8223735039946614,45.0,0.42857142857142855,0.319987863885319,4.0,0.0380952380952381,,,0.0,0.5569804196884152,0.4689485815909772,21,21,2110.0476190476193,2037.0,1.4124529998345063,0.9047619047619048,6.114691774264787e-05,2.957132154731548e+24,2429939.704202884,16,2025-04-24 00:00:00+00:00,0,-4.545138888888889
1745514000000,152,0.8966890648148083,91.41794386860313,624395.9507824008,0.9737185209854161,48,0.3157894736842105,1.0989544749817601,51,0.3355263157894737,0.5773439018871388,47.0,0.3092105263157895,1.0627345386309281,6.0,0.039473684210526314,,,0.0,0.3353983186633472,0.638320202322069,48,48,2282.2291666666665,2045.5,1.4632093543257312,0.8541666666666666,7.659823887715684e-05,2.8842322517806897e+24,2422470.790714533,17,2025-04-24 00:00:00+00:00,0,-4.503472222222222
1745517600000,93,0.9480141395957343,58.75595682872417,376436.3134088213,0.7924645067049131,23,0.24731182795698925,1.143493586948264,40,0.43010752688172044,0.7642149077750998,29.0,0.3118279569892473,2.0366555247818283,1.0,0.010752688172043012,,,0.0,0.3629751654404928,0.4294893412644204,23,23,2081.304347826087,1989.0,1.4048881821557588,0.9130434782608695,6.409783684237249e-05,2.8559663729290084e+24,1440580.8960603755,18,2025-04-24 00:00:00+00:00,0,-4.461805555555555
1745521200000,69,0.9918753634423716,42.50494821065361,272114.89740922407,1.2651838081518827,20,0.2898550724637681,1.072537064415043,31,0.4492753623188406,0.5601483962295049,16.0,0.2318840579710145,0.4623502889737905,2.0,0.028985507246376812,,,0.0,0.4208897540337606,0.8442940541181221,20,20,2275.35,2332.5,1.431642074510735,0.85,3.3456145310623586e-05,2.717039745453957e+24,1097087.239855464,19,2025-04-24 00:00:00+00:00,0,-4.420138888888889
1745524800000,81,0.7704471619400054,41.829600520576044,290706.00590871077,0.9503697277229818,12,0.14814814814814814,0.9150600049670111,35,0.43209876543209874,0.559224860629679,33.0,0.4074074074074074,0.5202628098398563,1.0,0.012345679012345678,,,0.0,0.4494486644986426,0.5009210632243392,12,12,2948.3333333333335,2202.5,1.5765972298510487,0.6666666666666666,4.021156725013261e-05,2.929678286281015e+24,2752068.46617677,20,2025-04-24 00:00:00+00:00,0,-4.378472222222222
1745528400000,65,0.9137107677444749,44.77518280755554,286440.871843505,0.9663136712505523,18,0.27692307692307694,1.0006804454652654,26,0.4,0.7609458208944773,21.0,0.3230769230769231,,,0.0,,,0.0,0.3268359040158328,0.6394777672347196,18,18,3245.4444444444443,2588.0,1.709156577170737,0.8333333333333334,5.333654809534595e-05,3.2230649259985915e+24,1361756.3932208766,21,2025-04-24 00:00:00+00:00,0,-4.336805555555555
1745532000000,61,0.7968145785243522,37.42146355471166,266440.9295132438,1.0193092114765452,19,0.3114754098360656,0.8102687644290715,28,0.45901639344262296,0.4730657508270813,12.0,0.19672131147540983,0.43724992899607606,2.0,0.03278688524590164,,,0.0,0.4313995423301397,0.5879096691464054,19,19,2547.2105263157896,1879.0,1.504497054561875,0.7894736842105263,3.820170678965684e-05,3.449619473563671e+24,839088.0959458064,22,2025-04-24 00:00:00+00:00,0,-4.295138888888889
1745535600000,57,0.8478168616563146,39.406814460707025,268033.565555651,0.7477326523894962,24,0.42105263157894735,0.9564411628894188,23,0.40350877192982454,0.835963285075194,9.0,0.15789473684210525,0.8581611449286495,1.0,0.017543859649122806,,,0.0,0.2137923331871636,0.5339403192023325,24,24,2727.75,2578.5,1.5582324768230518,0.7916666666666666,3.7880607249757196e-05,3.4466248542575856e+24,1091579.573007294,23,2025-04-24 00:00:00+00:00,0,-4.253472222222222
1745539200000,95,0.8020374574733447,62.28244449531366,409596.91062002355,0.8853441965175556,22,0.23157894736842105,1.0943660451619877,38,0.4,0.4446135979779382,34.0,0.35789473684210527,0.013214089176095407,1.0,0.010526315789473684,,,0.0,0.35590851209803226,0.5294356844195234,22,22,2231.1363636363635,2459.5,1.4459686272410608,0.8181818181818182,4.145537029398347e-05,3.552301021231562e+24,1585583.211914924,0,2025-04-25 00:00:00+00:00,0,-4.211805555555555
1745542800000,120,0.7672798696318863,81.77435683993826,588481.4333592829,0.7667013291628175,40,0.3333333333333333,0.9681977950726834,39,0.325,0.5863701346760517,40.0,0.3333333333333333,0.19101179443692468,1.0,0.008333333333333333,,,0.0,0.3476450166691744,0.419056312493643,40,40,1896.375,1727.5,1.3077255570450486,0.925,6.885363994363372e-05,3.8266053191933847e+24,2230828.505819649,1,2025-04-25 00:00:00+00:00,0,-4.170138888888889
1745546400000,89,0.6446589211729392,41.05214429133798,338813.3834204819,0.7113686729894566,35,0.39325842696629215,0.6555038462663056,28,0.3146067415730337,0.5431781820886175,26.0,0.29213483146067415,,,0.0,,,0.0,0.2915808360365639,0.41978783695289273,35,35,1930.4,1992.0,1.3254988562589407,0.9142857142857143,6.587144137297977e-05,3.2565796236890063e+24,2094350.2113830291,2,2025-04-25 00:00:00+00:00,0,-4.128472222222222
1745550000000,78,0.8301113291721074,45.756756068479504,320749.4871994084,0.8189042843031354,25,0.32051282051282054,0.9047746613781058,25,0.32051282051282054,0.7561115299117388,26.0,0.3333333333333333,0.9989051278440639,2.0,0.02564102564102564,,,0.0,0.5454020337281715,0.273502250574964,25,25,1990.72,1993.0,1.3933454734211643,0.96,4.599255435140597e-05,3.3063580148065306e+24,1422926.4857163257,3,2025-04-25 00:00:00+00:00,0,-4.086805555555555
1745553600000,67,0.8441940603202676,49.147019071975144,362556.9959280128,1.0545794108189908,24,0.3582089552238806,0.8454468470425311,25,0.373134328358209,0.47711400331925385,15.0,0.22388059701492538,0.9860716519833529,3.0,0.04477611940298507,,,0.0,0.4609674266716684,0.5936119841473223,24,24,2106.9166666666665,2280.0,1.4007933055606336,0.9166666666666666,5.475452885270837e-05,3.603783117714184e+24,2231733.4832544327,4,2025-04-25 00:00:00+00:00,0,-4.045138888888889
1745557200000,50,0.7422941210019526,32.79387218989484,247238.718101739,0.7342829513742964,14,0.28,1.1633988142754497,16,0.32,0.39263776452526306,18.0,0.36,0.5764419704977772,2.0,0.04,,,0.0,0.30889882577185046,0.425384125602446,14,14,2097.5,2404.0,1.3955872603309523,0.9285714285714286,3.998733262580332e-05,3.614339590629903e+24,1489131.324561806,5,2025-04-25 00:00:00+00:00,0,-4.003472222222222
1745560800000,70,0.9201324540520767,71.39155629354325,414527.8166231928,0.9098550273687949,22,0.3142857142857143,0.9566115188331183,23,0.32857142857142857,0.8588668773198121,22.0,0.3142857142857143,1.165108315778097,3.0,0.04285714285714286,,,0.0,0.46802681329287343,0.4418282140759213,22,22,2005.5,2329.0,1.3738606725551095,1.0,6.0408875289157155e-05,3.612840930047048e+24,2293817.9026711443,6,2025-04-25 00:00:00+00:00,0,-3.9618055555555554
1745564400000,101,0.8712669442646248,72.16395703916213,497623.96641527023,0.8108398174840995,21,0.2079207920792079,1.0798058718092327,33,0.32673267326732675,0.7627387143801809,46.0,0.45544554455445546,0.25075057236800896,1.0,0.009900990099009901,,,0.0,0.33294788882888315,0.47789192865521635,21,21,2421.7619047619046,2691.0,1.4992894464694058,0.8571428571428571,6.000978603599495e-05,3.614094757857008e+24,3368903.1238305364,7,2025-04-25 00:00:00+00:00,0,-3.920138888888889
1745568000000,93,0.7763755021781208,63.48808615026583,424386.0768344143,0.7669834324771094,20,0.21505376344086022,1.146977536745648,38,0.40860215053763443,0.34740165733714823,33.0,0.3548387096774194,0.9069259822812601,2.0,0.021505376344086023,,,0.0,0.39749967030339256,0.3694837621737168,20,20,1872.0,1994.0,1.3048301161736373,0.95,5.233865301666336e-05,3.6159418971512404e+24,2763929.3650345406,8,2025-04-25 00:00:00+00:00,0,-3.8784722222222223
1745571600000,72,0.8746731661134034,53.57626699104867,372840.71733983414,1.0541425926497816,19,0.2638888888888889,1.1304391180703892,30,0.4166666666666667,0.3928080503351094,23.0,0.3194444444444444,,,0.0,,,0.0,0.5961053502710458,0.45803724237873583,19,19,2262.315789473684,2517.0,1.4745523641130298,0.8947368421052632,5.007182401511729e-05,3.692085767779799e+24,3140505.0450185235,9,2025-04-25 00:00:00+00:00,0,-3.8368055555555554
1745575200000,144,0.9425512520469965,138.24226805120088,920756.8610331682,1.1732191944798647,28,0.19444444444444445,1.237999072290849,36,0.25,0.7370425131874746,78.0,0.5416666666666666,0.40998010911885796,2.0,0.013888888888888888,,,0.0,0.3492797955465857,0.8239393989332789,28,28,1740.642857142857,1755.5,1.2887142866094383,1.0,7.146212755460756e-05,3.820841828567385e+24,7232943.997362386,10,2025-04-25 00:00:00+00:00,0,-3.795138888888889
1745578800000,109,0.8173137221838604,98.15311678105347,592113.7840256279,0.8928922624059518,33,0.30275229357798167,1.0723140508567812,37,0.3394495412844037,0.5114392609472684,39.0,0.3577981651376147,,,0.0,,,0.0,0.597410390049233,0.29548187235671863,33,33,1881.0,1948.0,1.3277487424711307,0.9696969696969697,6.167781891590748e-05,4.149601354052388e+24,3281539.693919871,11,2025-04-25 00:00:00+00:00,0,-3.7534722222222223
1745582400000,128,0.868930067804855,110.58165604014835,721129.0611999941,0.9547716947643492,43,0.3359375,1.1149419366672264,41,0.3203125,0.5859660152123534,40.0,0.3125,0.2541514480760018,4.0,0.03125,,,0.0,0.6786329261037973,0.2761387686605519,43,43,1603.5813953488373,1479.0,1.208899203236544,0.9767441860465116,7.917887345840163e-05,3.9898180289534067e+24,3524896.1320593045,12,2025-04-25 00:00:00+00:00,0,-3.7118055555555554
1745586000000,136,0.8149347598229595,107.85976142646008,708882.7145536471,1.0443792986158085,45,0.33088235294117646,0.9462200025949099,43,0.3161764705882353,0.4642046997136141,47.0,0.34558823529411764,1.3289779000901234,1.0,0.007352941176470588,,,0.0,0.3745331391878945,0.6698461594279139,45,45,1954.8222222222223,2123.0,1.3631034137663254,1.0,7.841115603359077e-05,3.958068180960143e+24,3438135.216260365,13,2025-04-25 00:00:00+00:00,0,-3.670138888888889
1745589600000,146,0.8836117985518697,131.4052592598711,850435.224605365,0.8596813587968665,47,0.3219178082191781,1.2848155542918145,42,0.2876712328767123,0.6170435579869865,56.0,0.3835616438356164,0.08560619759279216,1.0,0.00684931506849315,,,0.0,0.29373607428794024,0.5659452845089261,47,47,2125.3829787234044,2386.0,1.4159813102086685,0.9148936170212766,7.765424674433285e-05,4.0114816208880015e+24,5249349.433890033,14,2025-04-25 00:00:00+00:00,0,-3.6284722222222223
1745593200000,148,0.9740230421631924,153.70769168853454,952281.5026186586,0.7691019050131269,47,0.31756756756756754,1.2890817450235974,49,0.3310810810810811,0.8410840129939876,50.0,0.33783783783783783,1.3942072743399212,2.0,0.013513513513513514,,,0.0,0.3451747759318788,0.42392712908124813,47,47,1755.659574468085,1821.0,1.2607693454753812,0.9574468085106383,8.53777303274848e-05,4.255231580705913e+24,4128529.391821641,15,2025-04-25 00:00:00+00:00,0,-3.5868055555555554
1745596800000,79,0.6570587995855661,50.447845258400996,412945.1043797478,0.7259357852148247,27,0.34177215189873417,0.7236637953581044,31,0.3924050632911392,0.4455898812078538,20.0,0.25316455696202533,0.9620036862011414,1.0,0.012658227848101266,,,0.0,0.3397073285524328,0.38622845666239186,27,27,2029.3333333333333,1996.0,1.3943994859017712,1.0,5.466660433724378e-05,4.06802725690963e+24,2243292.233146131,16,2025-04-25 00:00:00+00:00,0,-3.545138888888889
1745600400000,88,0.7184170598984825,64.6623083767172,439311.3354016842,0.6803949641846555,33,0.375,0.97659766943254,27,0.3068181818181818,0.49245642628406777,27.0,0.3068181818181818,1.1032068686244187,1.0,0.011363636363636364,,,0.0,0.31466946968497833,0.3657254944996771,33,33,1714.939393939394,1977.0,1.2578677370828533,0.9393939393939394,6.106764483224334e-05,4.114050952618602e+24,2132097.92285828,17,2025-04-25 00:00:00+00:00,0,-3.5034722222222223
1745604000000,55,0.5471263290559286,27.561349105524744,212842.16520197038,0.45868439177290543,13,0.23636363636363636,0.5308048989992078,21,0.38181818181818183,0.6005896770533434,20.0,0.36363636363636365,0.9703545849780735,1.0,0.01818181818181818,,,0.0,0.16546471966896606,0.2932196721039393,13,13,2304.923076923077,2318.0,1.4270244481116958,0.9230769230769231,4.362577487719052e-05,3.827694297921979e+24,1243206.0106542667,18,2025-04-25 00:00:00+00:00,0,-3.4618055555555554
1745607600000,76,0.7927923630311015,55.23095371657897,371581.5071868493,0.6021740252876912,30,0.39473684210526316,0.8742665069327612,26,0.34210526315789475,0.828336658888211,17.0,0.2236842105263158,1.791448816793866,3.0,0.039473684210526314,,,0.0,0.27643163071085763,0.3257423945768334,30,30,2353.9,2481.5,1.4516462597861939,0.8666666666666667,4.3811485182361224e-05,3.882267207816487e+24,1200602.4943751018,19,2025-04-25 00:00:00+00:00,0,-3.420138888888889
1745611200000,43,0.598057573894276,22.808468854319663,191822.50996552472,0.5191943597367582,17,0.3953488372093023,0.8144671599237642,15,0.3488372093023256,0.43750751394278176,9.0,0.20930232558139536,0.36779826879374067,2.0,0.046511627906976744,,,0.0,0.4216308412723692,0.09756351846438893,17,17,2151.764705882353,2405.0,1.3845809599743277,0.8823529411764706,3.739249708845063e-05,3.8352014355338534e+24,842867.9270315104,20,2025-04-25 00:00:00+00:00,0,-3.3784722222222223
1745614800000,34,0.9752187040860582,30.418435241279106,194467.44854760377,0.9211902810490799,11,0.3235294117647059,1.1289954104251052,15,0.4411764705882353,0.7817018448061462,7.0,0.20588235294117646,0.6174987773664995,1.0,0.029411764705882353,,,0.0,0.4519681092447803,0.46922217180429954,11,11,1483.4545454545455,1842.0,1.0803965653273517,0.9090909090909091,4.330225418228989e-05,3.724994951612118e+24,1380973.4463744704,21,2025-04-25 00:00:00+00:00,0,-3.3368055555555554
1745618400000,54,0.6725635680619404,32.3855012491499,250154.66264768882,0.8748240031335092,15,0.2777777777777778,0.7068375404163104,23,0.42592592592592593,0.42610491973519754,15.0,0.2777777777777778,0.5472354027390445,1.0,0.018518518518518517,,,0.0,0.4306921459805721,0.44413185715293696,15,15,3475.266666666667,2682.0,1.7380831888589936,0.6666666666666666,4.115627331295109e-05,3.5998641066851843e+24,1055575.4200578025,22,2025-04-25 00:00:00+00:00,0,-3.295138888888889
1745622000000,33,0.6857985795171507,18.817053845720505,161332.17778383635,0.3751664950782208,6,0.18181818181818182,0.8280452321774737,17,0.5151515151515151,0.6303585206579596,10.0,0.30303030303030304,,,0.0,,,0.0,0.26398178672955847,0.11118470834866241,6,6,1747.5,1478.5,1.2540252406856611,0.8333333333333334,3.451751820954403e-05,3.434064301668307e+24,1012741.3219332356,23,2025-04-25 00:00:00+00:00,0,-3.2534722222222223
1745625600000,68,0.7554791311968093,45.49557995250501,306166.76155856374,0.9669709588481343,22,0.3235294117647059,0.7213444150558445,28,0.4117647058823529,0.5500875669533571,18.0,0.2647058823529412,,,0.0,,,0.0,0.3540984916363887,0.6128724672117457,22,22,2905.1363636363635,2657.0,1.660499832292505,0.7272727272727273,4.2926063262657335e-05,3.8126743999359746e+24,1496842.7385796106,0,2025-04-26 00:00:00+00:00,0,-3.2118055555555554
1745629200000,54,0.7446685918178196,37.163550306763895,263838.1617159116,0.9017106409021286,15,0.2777777777777778,0.8629302865854068,20,0.37037037037037035,0.5052201459736514,18.0,0.3333333333333333,0.33387598539647095,1.0,0.018518518518518517,,,0.0,0.7141821590657506,0.18752848183637796,15,15,2227.0666666666666,2259.0,1.4379203331400277,0.8,5.752563048130768e-05,3.8842750328622005e+24,2568832.5957691264,1,2025-04-26 00:00:00+00:00,0,-3.170138888888889
1745632800000,93,0.7397484625093459,64.02992048307267,452091.7768905627,0.788834695468217,26,0.27956989247311825,0.9942384676387611,24,0.25806451612903225,0.5569235752904433,42.0,0.45161290322580644,1.0343915456666473,1.0,0.010752688172043012,,,0.0,0.3176559119310465,0.47117878353717046,26,26,2217.846153846154,1780.0,1.3280947817060418,0.8461538461538461,6.595997603051025e-05,3.9528695162915086e+24,2615408.276315443,2,2025-04-26 00:00:00+00:00,0,-3.1284722222222223
1745636400000,69,0.5794056388244048,35.0299293768066,284113.60471134516,0.6601106291883446,21,0.30434782608695654,0.6356686349872825,30,0.43478260869565216,0.38690338421725007,16.0,0.2318840579710145,0.42807633441710546,2.0,0.028985507246376812,,,0.0,0.2648674029979738,0.39524322619037083,21,21,2152.1428571428573,1997.0,1.39746282382482,0.9047619047619048,4.059111095281268e-05,3.8520210270736397e+24,1365065.3273995114,3,2025-04-26 00:00:00+00:00,0,-3.0868055555555554
1745640000000,44,0.6946364759123165,27.375265180899202,213208.96261235373,0.43509415111841265,13,0.29545454545454547,0.9428973781970332,22,0.5,0.37390076274043754,8.0,0.18181818181818182,1.1728325533443282,1.0,0.022727272727272728,,,0.0,0.3072354987844545,0.12785865233395816,13,13,1946.6923076923076,1093.0,1.225132595665302,0.8461538461538461,4.0468387370947323e-05,3.831663843300054e+24,1066773.91465805,4,2025-04-26 00:00:00+00:00,0,-3.045138888888889
1745643600000,52,0.5376240058065158,23.673952613848222,186335.2333592852,0.7880807067660598,12,0.23076923076923078,0.5797320910774413,19,0.36538461538461536,0.33296693514362014,20.0,0.38461538461538464,0.8252313874023152,1.0,0.019230769230769232,,,0.0,0.6078639103001927,0.18021679646586705,12,12,2044.25,1951.0,1.355609314515043,0.9166666666666666,3.882341908739526e-05,3.8294625527983e+24,1159053.3633442253,5,2025-04-26 00:00:00+00:00,0,-3.0034722222222223
1745647200000,47,0.6295872533422558,25.98156377565768,201824.94203689747,0.9356958018302521,14,0.2978723404255319,0.628727262253676,17,0.3617021276595745,0.36265601394687513,16.0,0.3404255319148936,,,0.0,,,0.0,0.50874748873177,0.4269483130984821,14,14,2155.9285714285716,2287.5,1.3895809007752962,0.8571428571428571,3.656998884456962e-05,3.873048254188689e+24,1492780.5756714537,6,2025-04-26 00:00:00+00:00,0,-2.9618055555555554
1745650800000,62,0.5582424664634646,29.956095550483813,235751.48892141515,0.5290367423330861,12,0.1935483870967742,0.7905086190285666,21,0.3387096774193548,0.39134886158798204,26.0,0.41935483870967744,0.4956135372834467,3.0,0.04838709677419355,,,0.0,0.18419224845132484,0.34484449388176114,12,12,1794.4166666666667,1020.5,1.1086956374208912,0.9166666666666666,4.3645812693904875e-05,4.073937296556214e+24,1442224.723418791,7,2025-04-26 00:00:00+00:00,0,-2.920138888888889
1745654400000,119,0.7153129919891655,76.12119313116209,576212.2247386436,0.6172191740615807,32,0.2689075630252101,0.9574498417323807,44,0.3697478991596639,0.5356937574899695,42.0,0.35294117647058826,0.7443016259366395,1.0,0.008403361344537815,,,0.0,0.5342696245433662,0.08294954951821448,32,32,1872.1875,1638.0,1.284939754201487,0.90625,6.471223765426339e-05,3.8804627377909644e+24,2915380.47558532,8,2025-04-26 00:00:00+00:00,0,-2.8784722222222223
1745658000000,95,0.8885040767922319,70.80895039089553,490345.03350338363,0.857060965329046,27,0.28421052631578947,1.041957382844247,37,0.3894736842105263,0.7370635546241445,30.0,0.3157894736842105,0.6029114274163092,1.0,0.010526315789473684,,,0.0,0.26012039889337135,0.5969405664356747,27,27,1926.037037037037,2244.0,1.348748327816894,0.9629629629629629,5.6920640699740214e-05,3.816496338513908e+24,2357653.8565922785,9,2025-04-26 00:00:00+00:00,0,-2.8368055555555554
1745661600000,61,0.7829547882850187,47.172491251663004,337709.19196066516,0.8794386374025122,21,0.3442622950819672,0.8794059388382351,22,0.36065573770491804,0.5525055580829012,18.0,0.29508196721311475,,,0.0,,,0.0,0.3989399862789406,0.48049865112357154,21,21,2163.5714285714284,2319.0,1.4226418724885137,0.9047619047619048,4.8494393968658004e-05,4.3063959428816876e+24,2056942.3409829796,10,2025-04-26 00:00:00+00:00,0,-2.795138888888889
1745665200000,100,0.8149018941937323,86.66741621938628,526683.9510132057,0.9025846827776711,33,0.33,0.8983017260187125,28,0.28,0.6855604215639988,37.0,0.37,0.5933554806590866,2.0,0.02,,,0.0,0.22983195149166932,0.6727527312860018,33,33,1988.7878787878788,1973.0,1.3381939379822754,0.8787878787878788,6.939124251343964e-05,4.0540733362057763e+24,2534079.3111396576,11,2025-04-26 00:00:00+00:00,0,-2.7534722222222223
1745668800000,96,1.9173636652017148,2493.528029168794,985925.1526209561,0.814369957955364,32,0.3333333333333333,1.1064222690138044,31,0.3229166666666667,3.888877260007995,31.0,0.3229166666666667,1.5763939025585936,2.0,0.020833333333333332,,,0.0,0.3283523654534015,0.48601759250196247,32,32,1991.46875,2069.5,1.34523039984536,0.90625,6.357117601479542e-05,4.1230451060104094e+24,3265731.156719441,12,2025-04-26 00:00:00+00:00,0,-2.7118055555555554
1745672400000,106,0.8577201111603491,84.84950594395623,558742.1091703924,0.9228231547890091,21,0.19811320754716982,0.975469495355204,46,0.4339622641509434,0.6850212336956086,36.0,0.33962264150943394,0.6688947776821728,3.0,0.02830188679245283,,,0.0,0.3621270530036636,0.5606961017853455,21,21,2123.904761904762,2141.0,1.4422244317555841,0.9523809523809523,7.056369895222151e-05,4.2352164297188884e+24,2601910.886028086,13,2025-04-26 00:00:00+00:00,0,-2.670138888888889
1745676000000,91,0.6521596077980004,51.6531166958064,392175.1908247785,0.6397214865629182,26,0.2857142857142857,0.7600462955579931,25,0.27472527472527475,0.5928152067508083,40.0,0.43956043956043955,,,0.0,,,0.0,0.25756479297296664,0.38215669358995147,26,26,1924.923076923077,1886.5,1.3526113478144106,0.9615384615384616,5.379384345485379e-05,3.9579805250799333e+24,1900636.059317451,14,2025-04-26 00:00:00+00:00,0,-2.6284722222222223
1745679600000,76,0.7078891928348188,54.06728794657221,382066.56795702886,0.9090794086789125,27,0.35526315789473684,0.8847260873500192,21,0.27631578947368424,0.39230294656123016,27.0,0.35526315789473684,0.08300722961196523,1.0,0.013157894736842105,,,0.0,0.3785526357675455,0.5305267729113669,27,27,2106.925925925926,2269.0,1.403527157537811,0.8888888888888888,6.118399759001995e-05,3.851024181449721e+24,2118727.6208476815,15,2025-04-26 00:00:00+00:00,0,-2.5868055555555554
1745683200000,80,0.8157340162736209,54.4857315775288,404344.11669175024,0.9766964529493077,24,0.3,0.981235384286867,33,0.4125,0.41031472824520276,23.0,0.2875,,,0.0,,,0.0,0.407891008615945,0.5688054443333627,24,24,2422.9166666666665,2270.5,1.4835070369624581,0.8333333333333334,5.28678403518872e-05,3.8421549090942245e+24,1549010.8858023058,16,2025-04-26 00:00:00+00:00,0,-2.545138888888889
1745686800000,54,0.7596819237859208,37.72573335314656,254609.5276668257,1.1457780804707232,11,0.2037037037037037,0.7519275998098549,24,0.4444444444444444,0.5717136162694977,18.0,0.3333333333333333,0.08215751097429087,1.0,0.018518518518518517,,,0.0,0.561958890568891,0.5838191899018322,11,11,2671.090909090909,2398.0,1.596719961083523,0.8181818181818182,3.113051891916394e-05,3.8594604990728014e+24,887755.6100760407,17,2025-04-26 00:00:00+00:00,0,-2.5034722222222223
1745690400000,46,0.7648588121927545,29.673721238788474,214095.4250154455,0.7961309790681668,17,0.3695652173913043,0.8884769861509427,14,0.30434782608695654,0.6140400607063121,15.0,0.32608695652173914,,,0.0,,,0.0,0.3993355268967565,0.3967954521714102,17,17,2515.1176470588234,1610.0,1.4583964573915487,0.8235294117647058,3.734733509831595e-05,3.83654013685766e+24,889453.9044349863,18,2025-04-26 00:00:00+00:00,0,-2.4618055555555554
1745694000000,50,0.78064116476504,33.901477210899074,241649.08279908585,0.9998275823587819,16,0.32,0.9696254839977889,16,0.32,0.4056137573299357,17.0,0.34,0.6253753019379591,1.0,0.02,,,0.0,0.42418724918304257,0.5756403331757393,16,16,2156.1875,1962.0,1.453739563032117,0.875,3.2627058109334244e-05,3.8464833232691353e+24,950360.7551013967,19,2025-04-26 00:00:00+00:00,0,-2.420138888888889
1745697600000,47,0.7134961386178914,28.856300868824093,215185.63715981,0.9704285538835187,15,0.3191489361702128,0.6290979814579648,17,0.3617021276595745,0.5268492778895373,13.0,0.2765957446808511,0.717091954719363,2.0,0.0425531914893617,,,0.0,0.6957156622409523,0.27471289164256635,15,15,2023.4,2107.0,1.4060748976070667,1.0,3.6847186017998166e-05,3.8732673537788446e+24,884053.4795782503,20,2025-04-26 00:00:00+00:00,0,-2.3784722222222223
1745701200000,46,0.6256803217895094,23.908868514792587,185449.74995915403,0.7704159235712447,12,0.2608695652173913,0.7117319802587747,19,0.41304347826086957,0.38029616247132514,14.0,0.30434782608695654,0.689249819947225,1.0,0.021739130434782608,,,0.0,0.2769025387052157,0.4935133848660289,12,12,2690.3333333333335,2724.0,1.571056354027995,0.75,3.135131701468679e-05,3.836485195937931e+24,665692.8907820162,21,2025-04-26 00:00:00+00:00,0,-2.3368055555555554
1745704800000,60,0.6434359749226506,34.09243176367182,263348.3546808042,0.7504361397279805,23,0.38333333333333336,0.6913154340373547,25,0.4166666666666667,0.26834740602699275,10.0,0.16666666666666666,0.6898836852058396,2.0,0.03333333333333333,,,0.0,0.33584292607212,0.41459321365586044,23,23,2639.7391304347825,2204.0,1.5302695543505016,0.8260869565217391,3.329552787786845e-05,3.79149581817466e+24,914448.8149054681,22,2025-04-26 00:00:00+00:00,0,-2.295138888888889
1745708400000,29,0.8136741668584416,19.17820266395423,135598.79759575968,0.680117846800222,10,0.3448275862068966,0.8683022901502996,15,0.5172413793103449,0.9427095046595233,4.0,0.13793103448275862,,,0.0,,,0.0,0.30143324031739555,0.3786846064828264,10,10,2949.5,1823.5,1.5630417582277354,0.8,2.9987422842148844e-05,3.817535255292779e+24,662880.5998106224,23,2025-04-26 00:00:00+00:00,0,-2.2534722222222223
1745712000000,74,0.9733748080021959,77.75288504469283,423725.85429552326,0.9132118384778778,24,0.32432432432432434,0.9723914727300951,25,0.33783783783783783,1.0166894071674388,23.0,0.3108108108108108,1.2095042427949796,2.0,0.02702702702702703,,,0.0,0.37843978519384497,0.5347720532840328,24,24,2619.9166666666665,2425.5,1.5561631358056236,0.8333333333333334,5.7858934340786714e-05,3.7800345339794845e+24,1787574.3121373805,0,2025-04-27 00:00:00+00:00,0,-2.2118055555555554
1745715600000,110,0.7933408680460762,86.07687971981868,595550.2020742897,0.5707444278654711,32,0.2909090909090909,1.1598072858647621,40,0.36363636363636365,0.5966795727745847,37.0,0.33636363636363636,0.5342381661231919,1.0,0.00909090909090909,,,0.0,0.27127752075018025,0.29946690711529084,32,32,2194.03125,2220.0,1.4089345052583107,0.9375,7.660902023689996e-05,3.7294782151266676e+24,3621577.958220374,1,2025-04-27 00:00:00+00:00,0,-2.170138888888889
1745719200000,91,0.7783712994037345,61.64832686332877,414386.36246850557,0.8217570636030405,27,0.2967032967032967,1.0306293668264026,38,0.4175824175824176,0.3125940314501427,25.0,0.27472527472527475,1.665580802800882,1.0,0.01098901098901099,,,0.0,0.5385423419977949,0.28321472160524547,27,27,1737.2592592592594,1506.0,1.2544436722917203,0.8888888888888888,5.373884445090946e-05,3.6996846911977606e+24,1675423.7823082292,2,2025-04-27 00:00:00+00:00,0,-2.1284722222222223
1745722800000,77,0.7042000935133513,48.63950521094149,345062.48891905596,0.7461188749729782,19,0.24675324675324675,0.8420734372457878,32,0.4155844155844156,0.4927570274635149,24.0,0.3116883116883117,0.6373149625259487,2.0,0.025974025974025976,,,0.0,0.22136650446031125,0.524752370512667,19,19,1762.6315789473683,1667.0,1.2893634899010036,0.9473684210526315,4.859188467275181e-05,3.7411031839670385e+24,1288890.5895493624,3,2025-04-27 00:00:00+00:00,0,-2.0868055555555554
1745726400000,47,0.8356531980731557,35.47619418760909,227904.58980023605,0.6598720310038014,14,0.2978723404255319,1.1016109284451485,21,0.44680851063829785,0.6265448600630535,11.0,0.23404255319148937,0.011668917343388992,1.0,0.02127659574468085,,,0.0,0.2678546841569739,0.3920173468468275,14,14,2207.714285714286,1894.5,1.4243070700998832,0.8571428571428571,4.1675439183791334e-05,3.7250636791009495e+24,1186325.424552332,4,2025-04-27 00:00:00+00:00,0,-2.045138888888889
1745730000000,82,0.7502082297473306,52.45123398070463,389702.7111682753,0.5820117675595059,26,0.3170731707317073,0.9089938453264336,33,0.4024390243902439,0.6882626592368013,21.0,0.25609756097560976,0.967228071494409,2.0,0.024390243902439025,,,0.0,0.26081371168664286,0.32119805587286304,26,26,2290.3846153846152,2151.0,1.4079767094843365,0.8461538461538461,6.228288567321268e-05,3.570104476974408e+24,1905309.3917643854,5,2025-04-27 00:00:00+00:00,0,-2.0034722222222223
1745733600000,75,0.743733161337276,45.13668539792971,334809.83337725303,0.7060527397367619,19,0.25333333333333335,0.927610030377821,27,0.36,0.5972246284515882,29.0,0.38666666666666666,,,0.0,,,0.0,0.1967843344672321,0.5092684052695298,19,19,2132.3684210526317,1987.0,1.4264483037705475,0.9473684210526315,4.6169466997470484e-05,3.7015259788317837e+24,1224319.57255657,6,2025-04-27 00:00:00+00:00,0,-1.9618055555555556
1745737200000,50,0.7139590457154962,29.474872844484867,219299.88924797458,0.6300126292617251,13,0.26,0.9268158467648512,20,0.4,0.5496922381934286,16.0,0.32,0.17639535898050868,1.0,0.02,,,0.0,0.3092086993054658,0.3208039299562593,13,13,2639.923076923077,2421.0,1.5563867931878268,0.6923076923076923,3.2332919230983346e-05,3.689811886604134e+24,1043079.8707994546,7,2025-04-27 00:00:00+00:00,0,-1.9201388888888888
1745740800000,65,0.6983313406386471,42.390577286138694,285258.7491412789,0.4279875918421503,15,0.23076923076923078,1.099596172635184,21,0.3230769230769231,0.543679591114812,28.0,0.4307692307692308,0.6571750873262125,1.0,0.015384615384615385,,,0.0,0.17239395927515305,0.2555936325669972,15,15,1659.0666666666666,1536.0,1.202832202105892,0.9333333333333333,3.8593757541362737e-05,3.701376374404452e+24,1130963.7146916224,8,2025-04-27 00:00:00+00:00,0,-1.8784722222222223
1745744400000,61,0.5943924805560049,32.439109823507785,258027.19808686522,0.47345505633490664,17,0.2786885245901639,0.7051548963130879,25,0.4098360655737705,0.5293445232103828,18.0,0.29508196721311475,1.0521315306087917,1.0,0.01639344262295082,,,0.0,0.1695912537425817,0.3038638025923249,17,17,1546.764705882353,1393.0,1.1818908552384366,1.0,3.0505161910589028e-05,3.7177731383109044e+24,1217609.9330902456,9,2025-04-27 00:00:00+00:00,0,-1.8368055555555556
1745748000000,32,0.7508140389176086,20.3283402145462,141140.4739078513,0.5030454107733959,4,0.125,1.1326029144339222,13,0.40625,0.48600198097526004,15.0,0.46875,,,0.0,,,0.0,1.1695570567378808,-0.6665116459644849,4,4,1793.0,1807.5,1.3275549930120465,1.0,2.4307208308988205e-05,3.72662263360102e+24,942528.6185413605,10,2025-04-27 00:00:00+00:00,0,-1.7951388888888888
1745751600000,39,0.7675860197170091,26.041575396620335,181674.9609895337,0.1559285817567636,6,0.15384615384615385,1.0335085494079437,15,0.38461538461538464,0.7781681527472698,16.0,0.41025641025641024,0.5234822966736505,2.0,0.05128205128205128,,,0.0,0.07266832977644568,0.08326025198031792,6,6,1280.0,808.0,1.0533157720421262,1.0,2.1114570419426508e-05,3.7297528742637293e+24,1466415.890177273,11,2025-04-27 00:00:00+00:00,0,-1.7534722222222223
1745755200000,80,0.7990511828814421,58.49753996031888,399308.00444398617,0.8571327696358215,26,0.325,0.7834809482876788,26,0.325,0.7757372724783812,26.0,0.325,0.5494844400332219,2.0,0.025,,,0.0,0.3053511335567954,0.5517816360790261,26,26,1841.3846153846155,2098.5,1.2873672722440337,0.9615384615384616,5.093410664231361e-05,3.691104255666308e+24,2208484.2441632305,12,2025-04-27 00:00:00+00:00,0,-1.7118055555555556
1745758800000,97,0.7236009271728143,59.49178938376144,419446.52504081425,0.8698808212577075,29,0.29896907216494845,1.0234741484105507,34,0.35051546391752575,0.28572250473388017,33.0,0.3402061855670103,0.7357824171126968,1.0,0.010309278350515464,,,0.0,0.2773708303240986,0.5925099909336089,29,29,2051.206896551724,2201.0,1.3803827377084013,0.9310344827586207,5.9660544231669253e-05,3.680101756038804e+24,2066491.1181221767,13,2025-04-27 00:00:00+00:00,0,-1.6701388888888888
1745762400000,55,0.652288769290749,31.073483029780185,231476.13852331575,0.7160142922188913,9,0.16363636363636364,0.792455289236594,25,0.45454545454545453,0.45811292619553906,21.0,0.38181818181818183,,,0.0,,,0.0,0.12401744147431569,0.5919968507445756,9,9,2193.1111111111113,2392.0,1.4300807316479265,0.6666666666666666,4.5078945542105345e-05,3.75008393600613e+24,1219322.4649038666,14,2025-04-27 00:00:00+00:00,0,-1.6284722222222223
1745766000000,87,0.6754849698253188,49.67838001064235,366841.8662722812,0.8791586622681627,16,0.1839080459770115,0.8632635009885323,32,0.367816091954023,0.43373120633132217,36.0,0.41379310344827586,0.48729943965049866,3.0,0.034482758620689655,,,0.0,0.2536983432578918,0.6254603190102709,16,16,2124.0625,1897.5,1.4166681099238545,0.875,5.1591912446741456e-05,3.655125264715842e+24,1830651.8080899017,15,2025-04-27 00:00:00+00:00,0,-1.5868055555555556
1745769600000,78,0.7046595031122428,45.004273412847134,331546.3681722925,0.8029884266211141,30,0.38461538461538464,0.8404757804731443,29,0.3717948717948718,0.26718833531362185,18.0,0.23076923076923078,1.6906007747551364,1.0,0.01282051282051282,,,0.0,0.31325227685907814,0.489736149762036,30,30,2705.1666666666665,2609.0,1.5958761193356488,0.8,4.990441025800527e-05,3.65056924822177e+24,1604067.8499942494,16,2025-04-27 00:00:00+00:00,0,-1.5451388888888888
1745773200000,27,0.7486338287963787,17.481308580620468,122253.96206189689,0.6564929508214865,10,0.37037037037037035,0.9327339380138531,10,0.37037037037037035,0.6549507762978847,6.0,0.2222222222222222,0.3911398313615208,1.0,0.037037037037037035,,,0.0,0.30651223231526,0.3499807185062265,10,10,2798.0,2511.5,1.6398562770030147,0.6,3.2432045934480724e-05,3.74261658807408e+24,1064219.2856743392,17,2025-04-27 00:00:00+00:00,0,-1.5034722222222223
1745776800000,34,0.6826781888627876,21.321694494187927,185136.81786497403,0.7807521267272768,11,0.3235294117647059,0.7885403475484,14,0.4117647058823529,0.4016730697670454,8.0,0.23529411764705882,0.36983560352077477,1.0,0.029411764705882353,,,0.0,0.44925925524054144,0.3314928714867352,11,11,2291.4545454545455,2030.0,1.453655636195373,0.7272727272727273,3.8874479665402904e-05,3.809453077475517e+24,1171800.318885045,18,2025-04-27 00:00:00+00:00,0,-1.4618055555555556
1745780400000,63,0.897426192462449,52.36180783109853,371704.3640972634,0.8241172337006099,18,0.2857142857142857,1.0453068324026782,32,0.5079365079365079,0.5965097539073306,12.0,0.19047619047619047,1.095804234749643,1.0,0.015873015873015872,,,0.0,0.2082951480058618,0.6158220856947481,18,18,1893.6666666666667,1958.0,1.2634402075036333,0.9444444444444444,6.156340916915148e-05,3.8051397538373517e+24,1709924.6921290946,19,2025-04-27 00:00:00+00:00,0,-1.4201388888888888
1745784000000,69,0.6781024853369777,39.192248482022464,300399.8558026824,0.7658975055124593,25,0.36231884057971014,0.6530144333375077,27,0.391304347826087,0.5755011324922186,16.0,0.2318840579710145,0.8022260304517701,1.0,0.014492753623188406,,,0.0,0.3756207600706727,0.3902767454417866,25,25,2137.6,2290.0,1.405998494579944,0.88,3.9862227880900706e-05,3.829783723938275e+24,1011920.7774200217,20,2025-04-27 00:00:00+00:00,0,-1.3784722222222223
1745787600000,57,0.707717274708315,37.039324887482586,264808.67513741285,0.5610304026925648,20,0.3508771929824561,0.9936953283136226,17,0.2982456140350877,0.5095128070334739,18.0,0.3157894736842105,1.5276127482942723,2.0,0.03508771929824561,,,0.0,0.38751719576374327,0.17351320692882144,20,20,1614.55,1576.5,1.2021798263928765,0.95,4.649256733862596e-05,3.79848169508166e+24,1145141.1812064834,21,2025-04-27 00:00:00+00:00,0,-1.3368055555555556
1745791200000,99,0.9185175989631076,79.78572121231029,539569.0222214027,1.096929379336159,35,0.35353535353535354,0.9701241924632638,39,0.3939393939393939,0.5644192572428217,23.0,0.23232323232323232,0.8621137989649483,2.0,0.020202020202020204,,,0.0,0.5302881739233268,0.5666412054128322,35,35,2313.9714285714285,2070.0,1.4593774529456158,0.8285714285714286,5.465458789214183e-05,3.8309327461081655e+24,1638342.6491973249,22,2025-04-27 00:00:00+00:00,0,-1.2951388888888888
1745794800000,64,0.7216129653732648,41.70380570475143,301524.47772611165,0.8607563222553894,27,0.421875,0.7058577850586509,25,0.390625,0.33147108868067465,8.0,0.125,0.6611489367704402,4.0,0.0625,,,0.0,0.25332490066327656,0.6074314215921129,27,27,2160.740740740741,2030.0,1.3999795847486423,0.8888888888888888,4.85251775432414e-05,3.833391913102971e+24,1133167.2302081145,23,2025-04-27 00:00:00+00:00,0,-1.2534722222222223
1745798400000,178,0.9506859658552118,161.6814388137307,1032417.8960395576,0.9328154020627839,44,0.24719101123595505,1.3496613969760711,55,0.3089887640449438,0.6638633438731171,73.0,0.4101123595505618,0.9141372158406241,6.0,0.033707865168539325,,,0.0,0.32637591406238214,0.6064394880004017,44,44,1895.0,1761.5,1.3156322141499341,0.9090909090909091,7.783903737067407e-05,3.828686543665129e+24,4148134.3373118835,0,2025-04-28 00:00:00+00:00,0,-1.2118055555555556
1745802000000,173,0.8150686138414307,121.79842038883771,873294.6280263346,0.783150928482641,67,0.3872832369942196,1.209377658865,44,0.2543352601156069,0.5462570630972264,60.0,0.3468208092485549,1.2738586051684884,2.0,0.011560693641618497,,,0.0,0.3189311900223079,0.4642197384603331,67,67,1998.8805970149253,1944.0,1.3429910230159308,0.8955223880597015,9.478286811700854e-05,3.6956737549614643e+24,3683841.056850415,1,2025-04-28 00:00:00+00:00,0,-1.1701388888888888
1745805600000,100,0.9198476129102637,96.22481865475726,551194.9937959394,1.0915215468686847,29,0.29,1.0109306898905277,40,0.4,0.6295668496934324,29.0,0.29,0.8179850975519329,2.0,0.02,,,0.0,0.2134042011105365,0.8781173457581484,29,29,2233.689655172414,1892.0,1.4238378720745255,0.8275862068965517,5.3913450463341884e-05,4.1899120563423e+24,2254200.835474971,2,2025-04-28 00:00:00+00:00,0,-1.1284722222222223
1745809200000,66,0.8336124932305856,46.86892865682767,352053.75249654957,0.8867048375680419,22,0.3333333333333333,0.9367593392114706,28,0.42424242424242425,0.5801035393000346,16.0,0.24242424242424243,,,0.0,,,0.0,0.4413742031600799,0.4453306344079619,22,22,1897.8636363636363,1987.5,1.3524816015907957,1.0,4.796754298434895e-05,3.8125004015408086e+24,1809771.6834027122,3,2025-04-28 00:00:00+00:00,0,-1.0868055555555556
1745812800000,50,0.8584728978425114,42.24748497135729,255458.32789370682,0.8050150825366096,15,0.3,1.0947407167314542,24,0.48,0.3965997214671066,9.0,0.18,0.5026219796587803,2.0,0.04,,,0.0,0.4627289323282759,0.3422861502083337,15,15,2258.4,1887.0,1.4442100881430275,0.8666666666666667,3.098559185950461e-05,3.82779602222098e+24,1108349.3546691053,4,2025-04-28 00:00:00+00:00,0,-1.0451388888888888
1745816400000,62,0.8876143644992782,47.00718332993563,304925.5509738417,0.956930303896441,23,0.3709677419354839,1.088279878507368,23,0.3709677419354839,0.46588804262326455,15.0,0.24193548387096775,1.0039357643186761,1.0,0.016129032258064516,,,0.0,0.24450091492900797,0.7124293889674331,23,23,1772.2608695652175,1683.0,1.2643534958194802,0.9565217391304348,4.5305156115062474e-05,3.8595677142408056e+24,1230628.8464906162,5,2025-04-28 00:00:00+00:00,0,-1.0034722222222223
1745820000000,40,0.6119996002954551,21.04187413544581,186685.5651069101,0.7013476947149517,11,0.275,0.5852220401597787,13,0.325,0.5506109167965724,15.0,0.375,0.8981090959280245,1.0,0.025,,,0.0,0.22127582333744006,0.48007187137751167,11,11,1608.0,1587.0,1.2174216570573,1.0,3.4554755846255656e-05,3.844203989950304e+24,1994072.3677938825,6,2025-04-28 00:00:00+00:00,0,-0.9618055555555556
1745823600000,55,0.7416222402647407,37.99865315405199,264336.3422511572,0.9033001140665584,8,0.14545454545454545,0.9612027881508437,17,0.3090909090909091,0.5740791634487975,30.0,0.5454545454545454,,,0.0,,,0.0,0.11915265745651799,0.7841474566100404,8,8,1475.125,1601.0,1.176684115805965,1.0,3.904079592743917e-05,3.838203328732042e+24,1739898.1329892084,7,2025-04-28 00:00:00+00:00,0,-0.9201388888888888
1745827200000,72,0.7678754303882303,44.12805104420169,322244.92713569227,0.9316124360895379,17,0.2361111111111111,0.8109968821613329,33,0.4583333333333333,0.5766692028684748,22.0,0.3055555555555556,,,0.0,,,0.0,0.5043671949889399,0.4272452411005979,17,17,1642.8235294117646,1560.0,1.2296423805552226,1.0,5.178627713922309e-05,3.8563433629693105e+24,1668120.8584650934,8,2025-04-28 00:00:00+00:00,0,-0.8784722222222222
1745830800000,86,0.7079072681776952,62.56244988538391,414854.16636761377,1.1223943299892856,20,0.23255813953488372,0.5659660801020467,29,0.3372093023255814,0.6115626060669543,36.0,0.4186046511627907,0.002868322126371178,1.0,0.011627906976744186,,,0.0,0.42164546638268163,0.7007488636066039,20,20,1911.55,2188.0,1.3354619501278198,0.95,4.660988856583036e-05,3.9278511037234174e+24,1962207.0962751426,9,2025-04-28 00:00:00+00:00,0,-0.8368055555555556
1745834400000,135,0.8809498465636382,117.46256841697034,731718.4012544261,1.0497644406889763,24,0.17777777777777778,1.2956233184978636,47,0.34814814814814815,0.5152425282049179,62.0,0.45925925925925926,0.44727499572561147,2.0,0.014814814814814815,,,0.0,0.567657305766255,0.4821071349227213,24,24,2026.7083333333333,2201.5,1.3311889893965312,0.875,7.099810201320972e-05,3.9210460730630834e+24,4358273.918363904,10,2025-04-28 00:00:00+00:00,0,-0.7951388888888888
1745838000000,93,0.8334843569986999,70.96167226790897,481541.1190372373,0.8897949754447056,17,0.1827956989247312,1.0155033162298974,28,0.3010752688172043,0.7073632867475411,48.0,0.5161290322580645,,,0.0,,,0.0,0.3760493562249809,0.5137456192197246,17,17,1930.0588235294117,1937.0,1.3547994732960205,0.9411764705882353,4.8681260210254104e-05,3.913673749375855e+24,3806580.877817332,11,2025-04-28 00:00:00+00:00,0,-0.7534722222222222
1745841600000,67,0.8666635772045641,52.782939387896214,356297.04168185825,0.9792907127787659,15,0.22388059701492538,0.8794892569785298,28,0.417910447761194,0.7669543797655082,23.0,0.34328358208955223,1.1114490510187878,1.0,0.014925373134328358,,,0.0,0.5068120288781461,0.4724786839006197,15,15,1931.5333333333333,1712.0,1.3620530034425147,0.9333333333333333,4.919405320622913e-05,3.9236672773627e+24,2464701.1138685127,12,2025-04-28 00:00:00+00:00,0,-0.7118055555555556
1745845200000,130,0.7888448182496506,93.17851949330651,660782.4767357114,0.8647149626214392,39,0.3,0.9459260262929091,44,0.3384615384615385,0.5509318657898401,46.0,0.35384615384615387,1.862331846997801,1.0,0.007692307692307693,,,0.0,0.32649731953664696,0.5382176430847924,39,39,2009.3846153846155,2072.0,1.3452893375504045,0.9230769230769231,8.258988061036846e-05,3.909189502531685e+24,3671598.736776927,13,2025-04-28 00:00:00+00:00,0,-0.6701388888888888
1745848800000,133,0.8214279670092037,100.6825012989714,660951.2351296489,0.9586804627650037,41,0.3082706766917293,1.031702112693335,38,0.2857142857142857,0.5120883427881014,51.0,0.38345864661654133,1.540944958106343,3.0,0.022556390977443608,,,0.0,0.3112329781609014,0.6474474846041023,41,41,2137.6585365853657,2162.0,1.4333149716347542,0.9024390243902439,6.629621254854233e-05,3.842913271286859e+24,3026091.053237685,14,2025-04-28 00:00:00+00:00,0,-0.6284722222222222
1745852400000,125,0.7942206114212134,84.43732864642722,615543.0638107014,0.8676561696369997,50,0.4,0.8604145426615364,34,0.272,0.622894749629044,39.0,0.312,1.1738891298883622,2.0,0.016,,,0.0,0.31112991726483047,0.5565262523721692,50,50,2186.44,2105.0,1.4227790993455232,0.8,6.344030503190928e-05,3.8067882125289977e+24,2697700.5794996093,15,2025-04-28 00:00:00+00:00,0,-0.5868055555555556
1745856000000,102,1.459049952938315,1135.4432309983054,804404.4409540172,0.9939195661820949,26,0.2549019607843137,0.8642843928651772,41,0.4019607843137255,2.5013007534714684,35.0,0.3431372549019608,,,0.0,,,0.0,0.31445678598386145,0.6794627801982334,26,26,2483.6153846153848,2008.5,1.5020644286105334,0.8076923076923077,5.806702077167648e-05,3.822846394149517e+24,3270912.5250505856,16,2025-04-28 00:00:00+00:00,0,-0.5451388888888888
1745859600000,60,0.7154414796596665,37.302032029444966,266113.7608844107,0.6946315304731586,19,0.31666666666666665,0.9649284218070662,17,0.2833333333333333,0.5280870796085605,23.0,0.38333333333333336,1.1787036988729636,1.0,0.016666666666666666,,,0.0,0.2566329632615759,0.43799856721158265,19,19,2733.7368421052633,2157.0,1.5894123209395181,0.631578947368421,3.8694973839728414e-05,3.840129560430639e+24,1532824.8860069811,17,2025-04-28 00:00:00+00:00,0,-0.5034722222222222
1745863200000,67,0.7341266973925293,43.10646203551854,315696.4948303482,0.8346634789410121,20,0.29850746268656714,0.8001080189063786,22,0.3283582089552239,0.5715946064529106,21.0,0.31343283582089554,0.7218389987569416,4.0,0.05970149253731343,,,0.0,0.31935476088412823,0.5153087180568838,20,20,2258.2,2275.0,1.4689840364400053,0.9,3.408963775108485e-05,3.8760183270014246e+24,1588981.2071964112,18,2025-04-28 00:00:00+00:00,0,-0.4618055555555556
1745866800000,44,0.7711869115394351,31.701103146578053,259089.43369006668,0.6401710422005412,17,0.38636363636363635,0.9186598511441852,19,0.4318181818181818,0.6993474023233035,8.0,0.18181818181818182,,,0.0,,,0.0,0.23150536706117428,0.40866567513936686,17,17,1706.4705882352941,1707.0,1.2380907906065775,0.9411764705882353,4.720899238168228e-05,3.8788474265332333e+24,1902345.0494989415,19,2025-04-28 00:00:00+00:00,0,-0.4201388888888889
1745870400000,76,0.7241146251371835,48.60536604017803,338641.33355729637,0.7753024571777868,31,0.40789473684210525,0.9790115445885806,24,0.3157894736842105,0.29542161911378556,17.0,0.2236842105263158,0.6199726857135666,4.0,0.05263157894736842,,,0.0,0.2893684125929942,0.48593404458479256,31,31,3171.8064516129034,2698.0,1.7164073205321355,0.6129032258064516,4.2831889174988e-05,3.980881429183419e+24,1109492.653933702,20,2025-04-28 00:00:00+00:00,0,-0.3784722222222222
1745874000000,32,0.7981052911562878,22.492558621640857,171824.22472755832,0.9599903938069144,7,0.21875,0.7485404911527564,18,0.5625,0.7047671923382524,5.0,0.15625,0.9109358789559661,2.0,0.0625,,,0.0,0.7234053153182748,0.23658507848863966,7,7,2074.0,2245.0,1.4125406441854618,1.0,3.409424650562013e-05,3.9254049576637837e+24,740870.7434323928,21,2025-04-28 00:00:00+00:00,0,-0.3368055555555556
1745877600000,46,0.936012282278615,40.43694215897374,259668.34007647255,1.0312656977149262,17,0.3695652173913043,1.0765513473671589,16,0.34782608695652173,0.6745319129553016,10.0,0.21739130434782608,0.5183024787449965,3.0,0.06521739130434782,,,0.0,0.49662641378572553,0.5346392839292006,17,17,2573.1176470588234,2091.0,1.499528653648096,0.7647058823529411,4.037983758157188e-05,3.861135446852586e+24,854119.4540540494,22,2025-04-28 00:00:00+00:00,0,-0.2951388888888889
1745881200000,38,0.8481267527825639,27.542009712831064,190793.4732114609,0.9438877154255894,13,0.34210526315789475,1.032628018064658,17,0.4473684210526316,0.3004499997631979,8.0,0.21052631578947367,,,0.0,,,0.0,0.19446873928491085,0.7494189761406785,13,13,2085.3846153846152,2609.0,1.3773740990364947,0.8461538461538461,2.6696773845563394e-05,4.203610538571609e+24,851803.9108933246,23,2025-04-28 00:00:00+00:00,0,-0.2534722222222222
1745884800000,38,0.7140826820213164,24.061559441722622,177588.02898212976,0.6351980594153659,13,0.34210526315789475,0.9117658253273325,17,0.4473684210526316,0.27571347819821485,6.0,0.15789473684210525,0.8616336223281627,2.0,0.05263157894736842,,,0.0,0.3686387566351594,0.26655930278020645,13,13,2897.230769230769,2207.0,1.5667753166206917,0.8461538461538461,3.3106203002586e-05,3.8792353435927985e+24,993437.7187193877,0,2025-04-29 00:00:00+00:00,0,-0.21180555555555555
1745888400000,91,0.8007387999905569,64.14417702170613,441556.4871024548,0.8196102718696464,33,0.3626373626373626,1.0064926271137005,22,0.24175824175824176,0.5945133562048788,35.0,0.38461538461538464,2.869286563770169,1.0,0.01098901098901099,,,0.0,0.3847788152068016,0.43483145666284473,33,33,2179.4545454545455,2357.0,1.4073609809460135,0.8787878787878788,5.922757107135383e-05,3.866543312840205e+24,2250349.9462923594,1,2025-04-29 00:00:00+00:00,0,-0.1701388888888889
1745892000000,73,0.7819283635553901,50.323171436814306,344449.73400496814,1.1343119977537128,20,0.273972602739726,0.900045579542694,23,0.3150684931506849,0.40231885983285937,26.0,0.3561643835616438,0.8082979748332284,4.0,0.0547945205479452,,,0.0,0.22458928820556862,0.9097227095481442,20,20,2026.75,1993.0,1.384075797877738,0.9,4.2707097393093105e-05,4.0061216721135455e+24,1465385.5759985351,2,2025-04-29 00:00:00+00:00,0,-0.1284722222222222
1745895600000,25,0.6941505690896363,15.70389998944509,116116.6484399686,1.228913770979224,5,0.2,0.5331845456725526,9,0.36,0.5827758601174378,11.0,0.44,,,0.0,,,0.0,0.4352884240083075,0.7936253469709165,5,5,2386.2,2602.0,1.476945547325471,0.8,3.882487202854397e-05,3.994550299927789e+24,1180006.7090893355,3,2025-04-29 00:00:00+00:00,0,-0.08680555555555555
1745899200000,45,0.6864048134763473,28.45453827555417,211519.2158062876,0.6447524716685832,15,0.3333333333333333,0.7738415949902775,14,0.3111111111111111,0.52089428236797,13.0,0.28888888888888886,1.20384051025313,3.0,0.06666666666666667,,,0.0,0.5679999068266929,0.07675256484189023,15,15,2113.6666666666665,2517.0,1.3602386334747187,0.8666666666666667,3.2716368466318895e-05,3.826152332230194e+24,1098056.8840075298,4,2025-04-29 00:00:00+00:00,0,-0.04513888888888889
1745902800000,28,0.5882066690589162,18.287525267408874,150876.03157152748,0.2620443386118784,4,0.14285714285714285,0.75393844832931,15,0.5357142857142857,0.4687870299139633,7.0,0.25,0.4155117224323721,2.0,0.07142857142857142,,,0.0,0.22082263161349397,0.041221706998384455,4,4,1477.5,1402.0,1.1138807195166567,0.75,4.475356157026266e-05,3.873862767808992e+24,1479227.2899278095,5,2025-04-29 00:00:00+00:00,0,-0.003472222222222222
1745906400000,63,0.792238452083812,48.720923008796284,356818.83788411756,0.5761160036670274,12,0.19047619047619047,0.9780820947502264,27,0.42857142857142855,0.6902015211789356,20.0,0.31746031746031744,0.6963458638602491,4.0,0.06349206349206349,,,0.0,0.32992963696398897,0.2461863667030384,12,12,634.25,583.5,0.76722648617066,1.0,3.6024928544667635e-05,3.8412452989656064e+24,3381870.3754893458,6,2025-04-29 00:00:00+00:00,1,0.03819444444444445
1745910000000,77,0.6299428029886132,42.32726113056254,371543.25342346285,0.468503987752914,18,0.23376623376623376,0.858794549521902,34,0.44155844155844154,0.4818842348536994,18.0,0.23376623376623376,0.31422759135135786,7.0,0.09090909090909091,,,0.0,0.2406931118021565,0.2278108759507575,18,18,697.8333333333334,656.5,0.7492866806140857,0.9444444444444444,3.4184422879148965e-05,3.759272483482218e+24,2334050.9403009824,7,2025-04-29 00:00:00+00:00,1,0.0798611111111111
1745913600000,84,0.657627815255855,52.2459580439854,490303.07281505613,0.48236115577071725,24,0.2857142857142857,0.8200756490716605,41,0.4880952380952381,0.6108673155521003,16.0,0.19047619047619047,0.089030027407641,3.0,0.03571428571428571,,,0.0,0.15420197727015647,0.3281591785005607,24,24,1241.0416666666667,1022.5,1.0175027634872214,0.875,4.0348452283966234e-05,3.782275012497086e+24,3610957.595482522,8,2025-04-29 00:00:00+00:00,1,0.12152777777777778
1745917200000,78,0.6671341618467144,49.58460388735781,416056.25630771066,0.6251304488797599,27,0.34615384615384615,0.7929795980460919,32,0.41025641025641024,0.5049615305449866,15.0,0.19230769230769232,0.5520431021601166,4.0,0.05128205128205128,,,0.0,0.2959554641492035,0.32917498473055634,27,27,849.8518518518518,882.0,0.8612389839699803,0.9629629629629629,4.362918101404179e-05,3.8519591602910394e+24,4016073.1371075124,9,2025-04-29 00:00:00+00:00,1,0.16319444444444445
1745920800000,138,0.7837479863406352,111.7958971743676,836156.2910515448,0.621512380424415,24,0.17391304347826086,0.974032854648062,78,0.5652173913043478,0.47324879572079126,32.0,0.2318840579710145,0.5306002148018916,4.0,0.028985507246376812,,,0.0,0.29835514553621373,0.3231572348882013,24,24,911.9583333333334,976.5,0.8994836974594346,0.9583333333333334,5.327063860754578e-05,3.961912711729546e+24,7313982.19200104,10,2025-04-29 00:00:00+00:00,1,0.2048611111111111
1745924400000,92,0.6248106300188566,56.68140755031408,524126.39396341477,0.4557025877669678,36,0.391304347826087,0.8218966953742477,38,0.41304347826086957,0.5693669238853973,14.0,0.15217391304347827,0.46851836087674714,4.0,0.043478260869565216,,,0.0,0.2763111869564124,0.17939140081055546,36,36,879.6111111111111,898.0,0.8869055031304875,0.9444444444444444,4.059017745722814e-05,3.8910859744798816e+24,2628302.5414671726,11,2025-04-29 00:00:00+00:00,1,0.2465277777777778
1745928000000,58,0.6263389678663552,31.81790238984758,261504.814291003,0.6804198853339244,12,0.20689655172413793,0.7191760664964263,31,0.5344827586206896,0.35237837704070707,9.0,0.15517241379310345,0.44945967624765526,6.0,0.10344827586206896,,,0.0,0.362672648514603,0.31774723681932127,12,12,1024.6666666666667,1124.0,0.9759205785775773,1.0,4.13174098302551e-05,3.8884852643035423e+24,3036441.6197486734,12,2025-04-29 00:00:00+00:00,1,0.2881944444444444
1745931600000,157,0.604649390652579,89.60965722895763,798314.5152742516,0.5269853128287237,53,0.3375796178343949,0.6345570628694164,62,0.39490445859872614,0.6361181531989136,41.0,0.2611464968152866,1.576350573473274,1.0,0.006369426751592357,,,0.0,0.2701422290996798,0.2568430837290439,53,53,1154.4150943396226,1059.0,1.0326725876399916,0.8679245283018868,5.694523170250541e-05,3.887721563909584e+24,3852367.3261524285,13,2025-04-29 00:00:00+00:00,1,0.3298611111111111
1745935200000,124,0.7110112591039289,81.59070578066805,677672.2780502844,0.7456897223671497,50,0.4032258064516129,0.7875353562301032,48,0.3870967741935484,0.4924214424996816,23.0,0.18548387096774194,0.5845065779973577,3.0,0.024193548387096774,,,0.0,0.32760235957807277,0.4180873627890769,50,50,1097.66,1034.5,0.9841757265697569,0.8,5.835733656580477e-05,3.8875092548335187e+24,4037180.194873427,14,2025-04-29 00:00:00+00:00,1,0.3715277777777778
1745938800000,71,0.7672981150152078,58.15493241028109,469507.6425160509,0.5508312539180141,16,0.22535211267605634,0.6915042474075862,36,0.5070422535211268,1.2084750691789676,14.0,0.19718309859154928,0.7704124456425774,5.0,0.07042253521126761,,,0.0,0.35347940564106706,0.19735184827694707,16,16,1011.8125,981.5,0.9516217894579482,0.875,3.749121636247109e-05,3.976822988021609e+24,2966080.7539671795,15,2025-04-29 00:00:00+00:00,1,0.4131944444444444
1745942400000,92,0.5695826982370978,51.3124900633462,487199.9348543438,0.6417743892365536,30,0.32608695652173914,0.6248646144056172,42,0.45652173913043476,0.31979614825148783,12.0,0.13043478260869565,0.3833136220828268,8.0,0.08695652173913043,,,0.0,0.30412856030422586,0.3376458289323277,30,30,1519.1666666666667,1145.0,1.0971109728109758,0.7666666666666667,5.198634594221126e-05,4.027229670243082e+24,2139665.8230025414,16,2025-04-29 00:00:00+00:00,1,0.4548611111111111
1745946000000,77,0.5442914385590476,40.58574798489317,398873.0689434134,0.5021955024437813,29,0.37662337662337664,0.5319575739019592,33,0.42857142857142855,0.6808611208830275,14.0,0.18181818181818182,0.2601155670499686,1.0,0.012987012987012988,,,0.0,0.324474115427894,0.1777213870158872,29,29,1075.5862068965516,948.0,0.9775840037084568,0.8620689655172413,5.540005116587659e-05,3.9146569835100735e+24,2132141.49754546,17,2025-04-29 00:00:00+00:00,1,0.4965277777777778
1745949600000,30,0.5704171949425526,15.84417256589561,156703.2474002792,0.4002023100966043,8,0.26666666666666666,0.7964471152307995,13,0.43333333333333335,0.35602471186421764,8.0,0.26666666666666666,0.7088871745896128,1.0,0.03333333333333333,,,0.0,0.25503614427660554,0.14516616581999875,8,8,1199.875,1149.0,1.0767431118778412,0.75,4.572221939348973e-05,3.950062964189204e+24,1567815.6656000013,18,2025-04-29 00:00:00+00:00,1,0.5381944444444444
1745953200000,38,0.6468073865569693,23.474323791617426,198045.34163702358,0.5463517929875659,8,0.21052631578947367,1.0051098282624336,13,0.34210526315789475,0.4048954520207157,15.0,0.39473684210526316,0.5340033987709667,2.0,0.05263157894736842,,,0.0,0.297680449271199,0.2486713437163668,8,8,1875.875,955.0,1.1945708841716058,0.625,3.690264714810982e-05,3.92897763204458e+24,1352739.6683520041,19,2025-04-29 00:00:00+00:00,1,0.5798611111111112
1745956800000,44,0.7410527472275984,26.735779186231625,197126.27191301167,0.6084192778383077,8,0.18181818181818182,0.8764301127546456,25,0.5681818181818182,0.6039632603216515,9.0,0.20454545454545456,0.1962722467734332,2.0,0.045454545454545456,,,0.0,0.3381337121091963,0.27028556572911144,8,8,2603.0,1443.0,1.3842907060816363,0.625,4.8027445238961245e-05,3.9150908388715403e+24,1472620.221869448,20,2025-04-29 00:00:00+00:00,1,0.6215277777777778
1745960400000,71,0.5516666957426615,36.729835293426916,301736.27262237656,0.49948412013847476,18,0.2535211267605634,0.6281216780437825,36,0.5070422535211268,0.4203822347177589,14.0,0.19718309859154928,0.5599631798705419,3.0,0.04225352112676056,,,0.0,0.3700031899580331,0.12948093018044166,18,18,1252.8333333333333,966.0,1.0057225453179206,0.7777777777777778,4.239569471786135e-05,3.8878370719403397e+24,1842721.6302217762,21,2025-04-29 00:00:00+00:00,1,0.6631944444444444
1745964000000,59,0.4936085898679928,25.252876752131662,210397.85843649716,0.4783292031433121,14,0.23728813559322035,0.661906415988179,25,0.423728813559322,0.3304126046709274,16.0,0.2711864406779661,0.14800897094147197,4.0,0.06779661016949153,,,0.0,0.3354456434121792,0.14288355973113287,14,14,2280.785714285714,1554.0,1.4057605475216177,0.42857142857142855,3.162833002796758e-05,3.931446140085318e+24,1191747.8346225945,22,2025-04-29 00:00:00+00:00,1,0.7048611111111112
1745967600000,42,0.48303703939486486,17.73696096372246,157991.21217791742,0.3183299293417771,4,0.09523809523809523,0.5495696022341913,29,0.6904761904761905,0.307902406640915,7.0,0.16666666666666666,0.46070031296963165,2.0,0.047619047619047616,,,0.0,0.27658946499409337,0.04174046434768375,4,4,1083.0,737.5,0.9603520422525276,0.75,4.2932314985080175e-05,3.8642909736201315e+24,1819470.2618402932,23,2025-04-29 00:00:00+00:00,1,0.7465277777777778
1745971200000,104,0.6283382250033072,63.991723486015665,630126.0138632826,0.629513067051583,44,0.4230769230769231,0.6375361860296431,46,0.4423076923076923,0.5834269281201907,10.0,0.09615384615384616,0.6219166528771978,4.0,0.038461538461538464,,,0.0,0.6183701337515252,0.011142933300057788,44,44,1158.7272727272727,1177.5,1.0424756926580232,0.8863636363636364,6.054957794706727e-05,3.909167535709348e+24,2463458.588407526,0,2025-04-30 00:00:00+00:00,1,0.7881944444444444
1745974800000,81,0.5761532454232701,41.93090175030463,385776.34921520535,0.6435209663511341,23,0.2839506172839506,0.5593484669051971,43,0.5308641975308642,0.4737885445456836,13.0,0.16049382716049382,0.828097748595714,2.0,0.024691358024691357,,,0.0,0.20975600906205444,0.43376495728907966,23,23,1400.5217391304348,1351.0,1.135278463016264,0.6086956521739131,4.9739792553800535e-05,3.924878844986988e+24,2153646.669097917,1,2025-04-30 00:00:00+00:00,1,0.8298611111111112
1745978400000,68,0.5964225890135202,36.22792117795757,312163.89785868954,0.6339589847460164,18,0.2647058823529412,0.6242358169295175,34,0.5,0.4965567594201915,14.0,0.20588235294117646,0.48483096000240344,2.0,0.029411764705882353,,,0.0,0.45873208091833956,0.17522690382767683,18,18,1446.6666666666667,1265.5,1.1028563494883756,0.7222222222222222,4.2292003369983127e-05,3.951866907424244e+24,1673309.2095139243,2,2025-04-30 00:00:00+00:00,1,0.8715277777777778
1745982000000,71,0.6484084875877709,41.26976538652745,321484.5220304714,0.6812083666913521,15,0.2112676056338028,0.6419259977575419,44,0.6197183098591549,0.5038166383766911,11.0,0.15492957746478872,2.0321501948860075,1.0,0.014084507042253521,,,0.0,0.49321956306451104,0.18798880362684103,15,15,1287.4,976.0,1.0959299573410273,0.8,4.46123010414664e-05,3.9571794589428035e+24,1993683.4669098773,3,2025-04-30 00:00:00+00:00,1,0.9131944444444444
1745985600000,37,0.7317460137578966,24.71815116045313,197340.2669482141,0.5786321206699983,10,0.2702702702702703,0.8567513078302208,22,0.5945945945945946,0.47852906169781967,4.0,0.10810810810810811,0.5256362832860582,1.0,0.02702702702702703,,,0.0,0.4957974059351953,0.08283471473480297,10,10,1094.0,912.0,1.0041339332662655,0.8,3.3481786590453396e-05,3.982625629317211e+24,1171784.3279820317,4,2025-04-30 00:00:00+00:00,1,0.9548611111111112
1745989200000,47,0.6302223256456301,34.43635751466422,214684.0215550929,0.49815980817882827,8,0.1702127659574468,0.9116806049625599,19,0.40425531914893614,0.43732056031505673,19.0,0.40425531914893614,0.004148699639273398,1.0,0.02127659574468085,,,0.0,0.2703311676927342,0.22782864048609408,8,8,905.0,669.5,0.8586762522746147,0.875,2.975623871128462e-05,4.063799120650459e+24,1940996.871677246,5,2025-04-30 00:00:00+00:00,1,0.9965277777777778
1745992800000,95,0.5286358382102676,53.83292134289943,531149.8472764012,0.424679232477483,39,0.4105263157894737,0.702265368777045,35,0.3684210526315789,0.4783249384160107,14.0,0.14736842105263157,0.34029678833326643,7.0,0.07368421052631578,,,0.0,0.19532204687602162,0.22935718560146137,39,39,1130.7948717948718,1005.0,1.0215349745027058,0.8461538461538461,3.252497664318932e-05,4.110436336508904e+24,2575250.023947591,6,2025-04-30 00:00:00+00:00,1,1.0381944444444444
1745996400000,81,0.5506743894153382,46.92466147771262,429912.95185074594,0.48628435251813934,24,0.2962962962962963,0.7177232843636248,31,0.38271604938271603,0.38873699502581077,22.0,0.2716049382716049,0.5330413440917123,4.0,0.04938271604938271,,,0.0,0.38276996901267224,0.10351438350546711,24,24,997.6666666666666,947.0,0.9137364557031044,0.9583333333333334,3.622983455661471e-05,4.3337031006877407e+24,2447798.3491437794,7,2025-04-30 00:00:00+00:00,1,1.0798611111111112
1746000000000,40,0.6241643518960514,23.70886788571573,187304.13773640175,0.49215578697181606,6,0.15,0.7065821003614996,24,0.6,0.5055668945335166,10.0,0.25,,,0.0,,,0.0,0.2706975000975617,0.22145828687425428,6,6,1148.1666666666667,1122.5,0.9525483554962261,0.6666666666666666,3.438774576933861e-05,3.994988792687558e+24,2462320.4092562348,8,2025-04-30 00:00:00+00:00,1,1.1215277777777777
1746003600000,73,0.6406852250687385,63.76364925316135,371571.69154886453,0.41664462639780325,16,0.2191780821917808,0.8353970926157483,34,0.4657534246575342,0.5250601334649256,21.0,0.2876712328767123,0.33697172797708763,2.0,0.0273972602739726,,,0.0,0.2611931398377046,0.15545148656009866,16,16,1201.875,1060.0,1.061843024651773,0.75,2.9128382908464267e-05,4.137485874353435e+24,3653724.2393353633,9,2025-04-30 00:00:00+00:00,1,1.1631944444444444
1746007200000,170,0.6390136096988629,104.38229700849627,767086.4184252956,0.5125888401069733,28,0.16470588235294117,0.6849106254387819,80,0.47058823529411764,0.65923104809942,57.0,0.3352941176470588,0.3821612698083907,5.0,0.029411764705882353,,,0.0,0.25692732409671265,0.2556615160102606,28,28,832.5357142857143,830.5,0.8470823341417778,0.9642857142857143,6.067951038232891e-05,3.9428240159516997e+24,6221477.736626784,10,2025-04-30 00:00:00+00:00,1,1.2048611111111112
1746010800000,90,0.6476480266330368,53.9868020130512,399173.4704492128,0.5012770326973183,19,0.2111111111111111,0.6763065702697945,46,0.5111111111111111,0.7311072007139403,19.0,0.2111111111111111,0.6271532882914755,6.0,0.06666666666666667,,,0.0,0.3175743973530507,0.18370263534426745,19,19,1030.2105263157894,1038.0,0.9598904980428736,0.7894736842105263,3.119208029783292e-05,3.923823293283986e+24,2754278.6587549774,11,2025-04-30 00:00:00+00:00,1,1.2465277777777777
1746014400000,181,0.5521025435514576,90.63889498003132,745121.009061437,0.4822072309452126,42,0.23204419889502761,0.6053420910912342,84,0.46408839779005523,0.48745609334919315,50.0,0.27624309392265195,0.8912632727983159,5.0,0.027624309392265192,,,0.0,0.23609864088719276,0.24610859005801983,42,42,1160.0,1192.5,1.0279007640176043,0.9523809523809523,6.299807767359296e-05,3.8857996727059504e+24,4174629.5206849272,12,2025-04-30 00:00:00+00:00,1,1.2881944444444444
1746018000000,186,0.8691067375574604,162.61434809074154,969980.7067099347,0.6729715918691429,47,0.25268817204301075,1.2239653931466903,80,0.43010752688172044,0.47782641117104185,55.0,0.2956989247311828,1.4566260754238511,4.0,0.021505376344086023,,,0.0,0.3730145002554621,0.29995709161368084,47,47,928.936170212766,938.0,0.932012738553154,0.9787234042553191,9.400652497285422e-05,3.5497022636987725e+24,7315985.142852267,13,2025-04-30 00:00:00+00:00,1,1.3298611111111112
1746021600000,239,0.6139680647936244,119.24065614360657,956530.570509563,0.724909922067308,63,0.26359832635983266,0.6706346446300331,103,0.4309623430962343,0.42463237557134625,67.0,0.2803347280334728,0.5905508058770371,6.0,0.02510460251046025,,,0.0,0.2933523099875037,0.4315576120798043,63,63,1089.031746031746,1092.0,1.009671007822269,0.873015873015873,9.147184365493913e-05,3.564500412708372e+24,4818513.444430602,14,2025-04-30 00:00:00+00:00,1,1.3715277777777777
1746025200000,149,0.5277497387951897,64.49056661083614,516638.5543254194,0.6018050060280453,50,0.33557046979865773,0.5697745195872118,60,0.40268456375838924,0.3645847055855715,38.0,0.2550335570469799,0.5037707915965814,1.0,0.006711409395973154,,,0.0,0.253500074629521,0.3483049313985242,50,50,998.08,1105.0,0.9642943766173971,0.92,5.162259311458961e-05,3.5978790747577866e+24,2851491.0303289895,15,2025-04-30 00:00:00+00:00,1,1.4131944444444444
1746028800000,124,0.545665572931769,56.15664956221218,431016.698512478,0.5459282242652349,45,0.3629032258064516,0.64829767487773,51,0.4112903225806452,0.4098701071524333,24.0,0.1935483870967742,0.04892424029529025,4.0,0.03225806451612903,,,0.0,0.30350348622432216,0.2424247380409127,45,45,1175.2666666666667,1007.0,1.014646908360347,0.8888888888888888,5.644728609390936e-05,3.6374365256569186e+24,2498518.996796399,16,2025-04-30 00:00:00+00:00,1,1.4548611111111112
1746032400000,117,0.5018800069651815,50.456412135798075,381632.3816522085,0.6700055112228718,32,0.27350427350427353,0.4963299480181546,40,0.3418803418803419,0.3814636138111802,43.0,0.36752136752136755,0.5118255705937056,2.0,0.017094017094017096,,,0.0,0.449716220519627,0.2202892907032447,32,32,1108.65625,1092.0,1.0293476109126938,0.875,4.5545462806988166e-05,3.6392814922893976e+24,2407990.083369136,17,2025-04-30 00:00:00+00:00,1,1.4965277777777777
1746036000000,144,0.5045948560879254,64.7239200525136,491558.9933605,0.6224288356369165,46,0.3194444444444444,0.5224763193276356,61,0.4236111111111111,0.35464055138241735,33.0,0.22916666666666666,0.11393479068938589,4.0,0.027777777777777776,,,0.0,0.24452689600337715,0.37790193963353935,46,46,1214.6304347826087,1034.5,1.0553221338061762,0.8043478260869565,4.782833451255642e-05,3.6063994715232497e+24,2006434.459864423,18,2025-04-30 00:00:00+00:00,1,1.5381944444444444
1746039600000,108,0.5084463483040715,44.589301498052144,381636.46315015847,0.5638483152767911,43,0.39814814814814814,0.5258854442485483,46,0.42592592592592593,0.3038080848581934,16.0,0.14814814814814814,0.5383560889244604,3.0,0.027777777777777776,,,0.0,0.28749664035529754,0.27635167492149365,43,43,1658.139534883721,1225.0,1.220666925233107,0.6976744186046512,4.648114664166987e-05,3.659803447117811e+24,1532714.516285377,19,2025-04-30 00:00:00+00:00,1,1.5798611111111112
1746043200000,90,0.5010776171966568,40.11073053575778,354425.62861281756,0.5144205334287888,33,0.36666666666666664,0.5111195750955875,40,0.4444444444444444,0.48389890569200483,14.0,0.15555555555555556,0.3005800870125039,3.0,0.03333333333333333,,,0.0,0.26660537050779926,0.24781516292098954,33,33,1448.909090909091,1326.0,1.169013140690575,0.5757575757575758,3.9646504576334483e-05,3.8016134257912486e+24,1470986.9112000423,20,2025-04-30 00:00:00+00:00,1,1.6215277777777777
1746046800000,76,0.4852103816809674,30.91129867706258,265606.20972874574,0.46737924019064714,25,0.32894736842105265,0.5446718220819555,30,0.39473684210526316,0.4095031685214825,17.0,0.2236842105263158,0.47244986891587043,4.0,0.05263157894736842,,,0.0,0.22024167132503966,0.24713756886560745,25,25,1238.8,1217.0,1.0700221066716302,0.8,4.0113357010618795e-05,3.854170458364705e+24,1202177.3318294636,21,2025-04-30 00:00:00+00:00,1,1.6631944444444444
1746050400000,90,0.45635872103745523,37.41338093546822,319601.27456059086,0.4946785816386491,27,0.3,0.45821362381840186,37,0.4111111111111111,0.4048149294359036,22.0,0.24444444444444444,0.4640326650641744,4.0,0.044444444444444446,,,0.0,0.23512761928008855,0.2595509623585605,27,27,1166.1851851851852,1029.0,1.04623989237437,0.7777777777777778,3.40968691085015e-05,3.9129508542951546e+24,1061460.7499681998,22,2025-04-30 00:00:00+00:00,1,1.7048611111111112
1746054000000,53,0.5190853214556804,24.839299314274108,195004.3286259622,0.4485981131388195,22,0.41509433962264153,0.672732457669352,22,0.41509433962264153,0.29169869210923877,8.0,0.1509433962264151,0.5086599424973812,1.0,0.018867924528301886,,,0.0,0.2818446197778519,0.16675349336096754,22,22,1060.7272727272727,1121.0,1.0021834795679412,0.8181818181818182,3.0156503539061183e-05,3.860496646643589e+24,899324.942018942,23,2025-04-30 00:00:00+00:00,1,1.7465277777777777
1746057600000,48,0.5342425150912062,23.795343189289273,190388.45139355364,0.630511448530119,14,0.2916666666666667,0.586438039509086,20,0.4166666666666667,0.38630681164384856,12.0,0.25,0.2260189575241664,2.0,0.041666666666666664,,,0.0,0.4282310300876645,0.20228041844245442,14,14,1224.7857142857142,1122.5,1.0749804209590212,0.8571428571428571,3.6683542276893956e-05,3.8440990893228323e+24,1407711.9545479522,0,2025-05-01 00:00:00+00:00,1,1.7881944444444444
1746061200000,87,0.4692274337588208,37.62578613526269,320186.7160878103,0.47314043237896014,27,0.3103448275862069,0.5407943392799822,39,0.4482758620689655,0.33028394935547073,20.0,0.22988505747126436,0.3513368437567674,1.0,0.011494252873563218,,,0.0,0.28229897465916676,0.19084145771979338,27,27,1341.0740740740741,1211.0,1.1348116123470322,0.7407407407407407,3.421150052457217e-05,3.8795609073435126e+24,1970928.3056320108,1,2025-05-01 00:00:00+00:00,1,1.8298611111111112
1746064800000,109,0.574023061437079,55.74036892254723,402852.3389006763,0.9167700547203338,19,0.1743119266055046,0.6246382407140528,54,0.4954128440366973,0.3038020029733458,30.0,0.27522935779816515,0.3842262615326728,6.0,0.05504587155963303,,,0.0,1.0750118217023095,-0.15824176698197548,19,19,1459.0,1308.0,1.167905707178897,0.6842105263157895,4.2516591708990254e-05,3.9918021015813116e+24,2043157.6223523729,2,2025-05-01 00:00:00+00:00,1,1.8715277777777777
1746068400000,111,0.5204278030610139,51.520425952006114,418523.03251092497,0.46613849691023745,33,0.2972972972972973,0.6355949397592923,56,0.5045045045045045,0.30039624824443284,21.0,0.1891891891891892,0.48327790208124805,1.0,0.009009009009009009,,,0.0,0.25921077520034375,0.2069277217098937,33,33,1282.939393939394,1091.0,1.091627430663339,0.7878787878787878,4.1665130157306796e-05,3.8766468591250695e+24,2057388.6475133856,3,2025-05-01 00:00:00+00:00,1,1.9131944444444444
1746072000000,75,0.5605090956946139,45.33441918900725,312080.49390862824,0.5987473530517612,23,0.30666666666666664,0.6960567865215824,25,0.3333333333333333,0.36501275131122307,25.0,0.3333333333333333,0.8701273055427015,2.0,0.02666666666666667,,,0.0,0.3667374543331913,0.23200989871856978,23,23,1262.391304347826,1270.0,1.0725097700366313,0.8260869565217391,3.911625808773159e-05,3.878451738752114e+24,1674955.6112217999,4,2025-05-01 00:00:00+00:00,1,1.9548611111111112
1746075600000,94,0.5250739535306855,42.3115045957868,352212.80246967595,0.6029868169487892,26,0.2765957446808511,0.535855092391444,43,0.4574468085106383,0.45282701520033086,23.0,0.24468085106382978,0.11125203438811043,2.0,0.02127659574468085,,,0.0,0.30834243759831303,0.29464437935047616,26,26,1044.3846153846155,885.0,0.9578181996840113,0.8846153846153846,3.7198079014877654e-05,3.890109025905727e+24,2143325.9860056397,5,2025-05-01 00:00:00+00:00,1,1.9965277777777777
1746079200000,74,0.5730900047783436,44.61571944491759,327849.2985323161,0.5001863541793115,20,0.2702702702702703,0.612466670158227,31,0.4189189189189189,0.6561476533281572,19.0,0.25675675675675674,0.23791527046779312,4.0,0.05405405405405406,,,0.0,0.23359641868275854,0.26658993549655285,20,20,1073.75,1011.0,0.9906834117520316,0.85,3.6578307813126856e-05,3.982742056587619e+24,2176906.361528073,6,2025-05-01 00:00:00+00:00,1,2.0381944444444446
1746082800000,70,0.45160842538096163,29.02831233497447,238974.17269473049,0.4536820296929294,19,0.2714285714285714,0.4618669953068414,34,0.4857142857142857,0.37819666383009165,13.0,0.18571428571428572,0.5931491855694646,4.0,0.05714285714285714,,,0.0,0.4624729916705948,-0.008790961977665402,19,19,1017.8947368421053,793.0,0.9406908503136203,0.8421052631578947,2.8871220673477604e-05,4.1659487732034895e+24,1689930.1679571818,7,2025-05-01 00:00:00+00:00,1,2.079861111111111
1746086400000,86,0.5049045770605706,39.12639579344132,319218.1639816088,0.5426194893721191,27,0.313953488372093,0.5026521054954405,37,0.43023255813953487,0.5215254908349402,19.0,0.22093023255813954,0.08798506165556451,3.0,0.03488372093023256,,,0.0,0.2775738403631915,0.26504564900892763,27,27,1383.3703703703704,1242.0,1.1125110749368776,0.7407407407407407,2.9851569323533835e-05,4.2148917559202583e+24,1706311.5285748844,8,2025-05-01 00:00:00+00:00,1,2.1215277777777777
1746090000000,123,0.4535572924931237,55.54396068721377,470729.55811164627,0.5167081118773343,35,0.2845528455284553,0.5241716615827368,41,0.3333333333333333,0.35758367087201753,43.0,0.34959349593495936,0.20890677213963954,4.0,0.032520325203252036,,,0.0,0.2843739511879194,0.23233416068941487,35,35,1019.6,868.0,0.9723734001990934,0.8857142857142857,5.42955525409561e-05,4.270895630570515e+24,2587997.2076904275,9,2025-05-01 00:00:00+00:00,1,2.1631944444444446
1746093600000,140,0.43451361322533,58.349842910196045,503709.15028515924,0.4328174550917595,42,0.3,0.5472508234456733,51,0.36428571428571427,0.3228117820098351,44.0,0.3142857142857143,0.18002077784340456,3.0,0.02142857142857143,,,0.0,0.28287178647038375,0.14994566862137573,42,42,1068.2857142857142,1067.0,0.9903981278062571,0.8571428571428571,5.59666916332966e-05,4.2324969068027965e+24,2903063.5383996684,10,2025-05-01 00:00:00+00:00,1,2.204861111111111
1746097200000,105,0.4532676298691768,45.43201022333234,379615.37167874834,0.4914976042115471,27,0.2571428571428571,0.48434327701631247,53,0.5047619047619047,0.3898006281309882,20.0,0.19047619047619047,0.1712919156134926,5.0,0.047619047619047616,,,0.0,0.21519586795573004,0.276301736255817,27,27,1056.851851851852,941.0,0.9663486711175785,0.8518518518518519,3.6032841181440905e-05,4.2783010034061723e+24,1978263.4194960287,11,2025-05-01 00:00:00+00:00,1,2.2465277777777777
1746100800000,78,0.4528656855700719,31.515679629273908,265367.450463552,0.3712307459187414,18,0.23076923076923078,0.5186059570574673,40,0.5128205128205128,0.41058950692761625,18.0,0.23076923076923078,0.25326032046624286,2.0,0.02564102564102564,,,0.0,0.20554657414605343,0.16568417177268793,18,18,1309.4444444444443,974.0,1.0496892385907322,0.7222222222222222,3.09430227899667e-05,4.283944960531686e+24,1637559.0247440399,12,2025-05-01 00:00:00+00:00,1,2.2881944444444446
1746104400000,146,0.528653049588935,76.06224386086875,624133.0744074058,0.5655198531348415,43,0.2945205479452055,0.5411552861903354,59,0.4041095890410959,0.48716163095482684,42.0,0.2876712328767123,0.23852058492690537,2.0,0.0136986301369863,,,0.0,0.22257176979104787,0.3429480833437937,43,43,1084.5813953488373,1023.0,0.9952048667120497,0.8837209302325582,5.041603619259855e-05,4.238059434801688e+24,3198415.9882439114,13,2025-05-01 00:00:00+00:00,1,2.329861111111111
1746108000000,135,0.5658634168235989,74.68285019538584,593023.6900531406,0.7732664711180895,44,0.32592592592592595,0.5501009558944218,56,0.4148148148148148,0.319715823345099,31.0,0.22962962962962963,0.41274812205105516,4.0,0.02962962962962963,,,0.0,0.43030323487465144,0.3429632362434381,44,44,1296.2954545454545,1122.5,1.0883800555670167,0.7727272727272727,5.453040530827412e-05,4.2946091667761216e+24,2770259.192111638,14,2025-05-01 00:00:00+00:00,1,2.3715277777777777
1746111600000,126,0.5425716458389921,63.54629629661107,508680.9809700154,0.5894385904213201,39,0.30952380952380953,0.639518518853004,60,0.47619047619047616,0.2652307033042209,25.0,0.1984126984126984,0.18702181774787968,2.0,0.015873015873015872,,,0.0,0.360316354591548,0.22912223582977206,39,39,1113.4871794871794,923.0,0.9832003168602214,0.7948717948717948,6.222818932405074e-05,4.2668756136285554e+24,2661622.9952801215,15,2025-05-01 00:00:00+00:00,1,2.4131944444444446
1746115200000,100,0.40411148436196953,39.25689266062885,336908.46992420143,0.39051861441702185,42,0.42,0.46708752510582274,37,0.37,0.329071626263396,17.0,0.17,0.2832276388222152,4.0,0.04,,,0.0,0.19704687146541622,0.1934717429516056,42,42,1302.7142857142858,1158.0,1.0905181326699538,0.8095238095238095,3.818747196094469e-05,4.218227694549987e+24,1538826.842121285,16,2025-05-01 00:00:00+00:00,1,2.454861111111111
1746118800000,59,0.4411513673636256,23.545930496541683,199446.00571448912,0.3633631583721093,17,0.288135593220339,0.5079548414413946,30,0.5084745762711864,0.37294719224734235,10.0,0.1694915254237288,0.44131990820639544,2.0,0.03389830508474576,,,0.0,0.17784703102993984,0.18551612734216943,17,17,1070.235294117647,911.0,1.0112014079256109,0.8823529411764706,3.293505154733843e-05,4.115914476857641e+24,1452851.9529714796,17,2025-05-01 00:00:00+00:00,1,2.4965277777777777
1746122400000,72,0.3632192094752138,25.25976416148432,243148.40787530266,0.37731219765905666,30,0.4166666666666667,0.39873829542085376,25,0.3472222222222222,0.2865763333314017,15.0,0.20833333333333334,0.28265738347566044,2.0,0.027777777777777776,,,0.0,0.21649636333269004,0.1608158343263666,30,30,1083.1,1037.0,0.985723010143656,0.8333333333333334,3.745775774546165e-05,4.099786069330091e+24,1079158.331215209,18,2025-05-01 00:00:00+00:00,1,2.5381944444444446
1746126000000,78,0.5003827480546092,36.75422979004257,300349.40463832364,0.4183442264739038,31,0.3974358974358974,0.6936639123599911,32,0.41025641025641024,0.27553777055414547,14.0,0.1794871794871795,0.006409344290748417,1.0,0.01282051282051282,,,0.0,0.2573023899395676,0.16104183653433618,31,31,1187.6451612903227,1303.0,1.0439806867764785,0.8387096774193549,3.21726455537908e-05,4.0625922405404513e+24,1229453.7897704332,19,2025-05-01 00:00:00+00:00,1,2.579861111111111
1746129600000,51,0.5355016986668619,24.999504249132915,198438.50692359792,0.45029342774905906,24,0.47058823529411764,0.6418268221329204,17,0.3333333333333333,0.5993176990428523,7.0,0.13725490196078433,0.4657548321576434,3.0,0.058823529411764705,,,0.0,0.20738990228001308,0.24290352546904592,24,24,1279.9166666666667,1290.0,1.0806326774450123,0.6666666666666666,3.126843594163913e-05,4.054841006382276e+24,1099847.5944229425,20,2025-05-01 00:00:00+00:00,1,2.6215277777777777
1746133200000,36,0.461290883005469,15.049384131530275,130914.48144264234,0.5129012967902095,11,0.3055555555555556,0.41736718624703895,15,0.4166666666666667,0.39101961235690846,8.0,0.2222222222222222,0.7879464154718638,2.0,0.05555555555555555,,,0.0,0.36136131847163316,0.15153997831857619,11,11,786.9090909090909,682.0,0.8684932561088711,1.0,2.5716734745219594e-05,4.0520562623279466e+24,778765.4274873589,21,2025-05-01 00:00:00+00:00,1,2.6631944444444446
1746136800000,24,0.5243018534465599,10.574248283586043,88966.47165646852,0.44251108208759415,4,0.16666666666666666,0.5864560513297791,13,0.5416666666666666,0.4647411747172878,5.0,0.20833333333333334,0.4327828067467463,2.0,0.08333333333333333,,,0.0,0.2757195976526025,0.1667914844349916,4,4,809.0,799.0,0.8933504760742499,1.0,2.3575307425284025e-05,3.9734997633537446e+24,897596.0444835547,22,2025-05-01 00:00:00+00:00,1,2.704861111111111
1746140400000,102,0.4016858448116868,36.31128013412099,328288.0053072431,0.4418726372216829,35,0.3431372549019608,0.3983076635440728,43,0.4215686274509804,0.3086510197844009,21.0,0.20588235294117646,0.6325043067218677,3.0,0.029411764705882353,,,0.0,0.2702580733555203,0.17161456386616258,35,35,1435.2285714285715,1395.0,1.1208871404952934,0.6571428571428571,3.0323240915252202e-05,3.9211591544214366e+24,1366430.2030141172,23,2025-05-01 00:00:00+00:00,1,2.7465277777777777
1746144000000,93,0.5555595580297219,47.026443643403844,367440.6759553302,0.6867644042590594,24,0.25806451612903225,0.5440593885182041,50,0.5376344086021505,0.3751016391018537,15.0,0.16129032258064516,0.5887997955271738,4.0,0.043010752688172046,,,0.0,0.26307171476996066,0.4236926894890987,24,24,1334.9166666666667,1213.5,1.113990672300545,0.7916666666666666,3.65715837436944e-05,4.072933038926359e+24,1806065.928979917,0,2025-05-02 00:00:00+00:00,1,2.7881944444444446
1746147600000,100,0.4666184034601071,46.18627765696057,376307.31695904944,0.49892950725205587,28,0.28,0.5257707018430998,47,0.47,0.3482988274203396,22.0,0.22,0.10600565102666094,3.0,0.03,,,0.0,0.3090340715183176,0.1898954357337382,28,28,1078.142857142857,949.5,1.0021102372005117,0.8571428571428571,5.015539130813669e-05,4.0414658485428273e+24,2116038.643058826,1,2025-05-02 00:00:00+00:00,1,2.829861111111111
1746151200000,92,0.5360108515844751,53.335232066413845,380582.7299713532,0.4528388003040933,23,0.25,0.7264874241025772,42,0.45652173913043476,0.32622436767858703,23.0,0.25,0.2205184174654548,4.0,0.043478260869565216,,,0.0,0.2362437291719804,0.21659507113211288,23,23,1276.0434782608695,1219.0,1.0899931891770118,0.8260869565217391,4.038481427073682e-05,4.0511705443528115e+24,1820648.5065039652,2,2025-05-02 00:00:00+00:00,1,2.8715277777777777
1746154800000,101,0.5682888015960356,54.931800564430404,417446.88329386734,0.5412265919016508,31,0.3069306930693069,0.5734391335002762,50,0.49504950495049505,0.6290253088211785,18.0,0.1782178217821782,0.31236618922669906,2.0,0.019801980198019802,,,0.0,0.23057599098252973,0.31065060091912106,31,31,985.9677419354839,1019.0,0.9589462915866079,0.9354838709677419,3.917878948252719e-05,4.09969458728412e+24,2224753.9806458037,3,2025-05-02 00:00:00+00:00,1,2.9131944444444446
1746158400000,67,0.5169015830013868,31.562005152013157,255630.18013400835,0.40132323338100084,17,0.2537313432835821,0.5860539605665551,27,0.40298507462686567,0.4936362612257661,19.0,0.2835820895522388,0.6518412987573394,4.0,0.05970149253731343,,,0.0,0.2837024018173907,0.11762083156361011,17,17,1295.235294117647,1019.0,1.0638253109812075,0.7647058823529411,3.2457240676380577e-05,4.0557882931736324e+24,2461282.3463753616,4,2025-05-02 00:00:00+00:00,1,2.954861111111111
1746162000000,58,0.4801426901449167,27.358835196613665,217886.7970948492,0.3222540977224468,13,0.22413793103448276,0.6386045682564854,22,0.3793103448275862,0.4088900652618025,21.0,0.3620689655172414,0.511490442936414,2.0,0.034482758620689655,,,0.0,0.19392370075350915,0.12833039696893764,13,13,739.3846153846154,459.0,0.7614762234512423,0.8461538461538461,3.341676353773808e-05,4.025615430339305e+24,2258836.152410608,5,2025-05-02 00:00:00+00:00,1,2.9965277777777777
1746165600000,92,0.576996050218469,43.797466627198894,340152.66257951106,0.44338118573775,26,0.2826086956521739,0.7554532076209536,44,0.4782608695652174,0.4282917566466047,19.0,0.20652173913043478,0.059413759770070664,3.0,0.03260869565217391,,,0.0,0.2889619587225231,0.15441922701522678,26,26,1153.6538461538462,1180.0,1.0535024341956125,0.8076923076923077,4.277884173941752e-05,3.6707189231359e+24,2316876.2719247467,6,2025-05-02 00:00:00+00:00,1,3.0381944444444446
1746169200000,103,0.4218726573878447,39.81474964059694,352089.94222792285,0.43813966434904533,33,0.32038834951456313,0.5227755913661668,36,0.34951456310679613,0.3236158395920895,29.0,0.2815533980582524,0.15789883001538024,5.0,0.04854368932038835,,,0.0,0.2958682026135182,0.14227146173552713,33,33,956.9090909090909,1014.0,0.9495311547589269,0.9393939393939394,4.72151359699136e-05,3.870326793536633e+24,2183167.722618633,7,2025-05-02 00:00:00+00:00,1,3.079861111111111
1746172800000,78,0.4507131920937492,29.297690253886206,244339.9918987662,0.6675951466665895,22,0.28205128205128205,0.4545006307999858,31,0.3974358974358974,0.2624702211964008,24.0,0.3076923076923077,0.07973089313428967,1.0,0.01282051282051282,,,0.0,0.21077230857701376,0.4568228380895757,22,22,1130.3636363636363,1105.0,1.0406458058112753,0.8636363636363636,3.7357418165293e-05,3.705389162181695e+24,1574258.5956478266,8,2025-05-02 00:00:00+00:00,1,3.1215277777777777
1746176400000,65,0.5222263171607617,28.82861305317966,234687.12393161617,0.42938594158301785,21,0.3230769230769231,0.5922315168611912,29,0.4461538461538462,0.5263586639926783,13.0,0.2,0.4551146106633883,2.0,0.03076923076923077,,,0.0,0.3258577001757074,0.10352824140731036,21,21,1107.2857142857142,1230.0,1.0098371067517833,0.6666666666666666,3.0565202578297103e-05,3.759668115589462e+24,1550541.0292385945,9,2025-05-02 00:00:00+00:00,1,3.1631944444444446
1746180000000,103,0.5786625204535442,52.00983107846688,399788.74421052047,0.5610303381770149,23,0.22330097087378642,0.5642226383457732,54,0.5242718446601942,0.6140766941888122,22.0,0.21359223300970873,0.6802080214545212,4.0,0.038834951456310676,,,0.0,0.2777898474390587,0.28324049073795615,23,23,1044.7826086956522,792.0,0.9614484139686974,0.8695652173913043,3.537616957188225e-05,3.973289463899186e+24,3130691.683424456,10,2025-05-02 00:00:00+00:00,1,3.204861111111111
1746183600000,93,0.48924777926704627,46.15963890885156,346993.33638604404,0.5620414980087315,24,0.25806451612903225,0.4521127484771824,42,0.45161290322580644,0.36380271003677184,23.0,0.24731182795698925,1.163712438184584,4.0,0.043010752688172046,,,0.0,0.395146532303613,0.1668949657051185,24,24,1611.9166666666667,1150.5,1.1482693611553823,0.75,3.704308681813893e-05,4.012206461501191e+24,3394552.152530446,11,2025-05-02 00:00:00+00:00,1,3.2465277777777777
1746187200000,130,0.6392756937186379,70.4906940573158,525855.0564292131,0.7550157942127621,43,0.33076923076923076,0.7348113217886243,41,0.3153846153846154,0.3898533310822706,37.0,0.2846153846153846,0.6764803987662842,9.0,0.06923076923076923,,,0.0,0.38562451383142443,0.36939128038133756,43,43,1290.4186046511627,1115.0,1.0646810829700137,0.813953488372093,6.153658477199451e-05,3.739891826830516e+24,3199542.269749451,12,2025-05-02 00:00:00+00:00,1,3.2881944444444446
1746190800000,135,0.5060607940546537,57.79822949687632,482100.4646164637,0.5112427793408933,40,0.2962962962962963,0.5378113465809564,69,0.5111111111111111,0.4409150691327301,23.0,0.17037037037037037,0.2061555065345785,3.0,0.022222222222222223,,,0.0,0.21890149293338296,0.29234128640751034,40,40,1238.65,1139.0,1.0584098191218998,0.875,3.902062732616614e-05,3.8289134340982935e+24,2012980.4840305683,13,2025-05-02 00:00:00+00:00,1,3.329861111111111
1746194400000,129,0.547131679232594,65.98355752708626,531350.2715915599,0.5425639267419577,40,0.31007751937984496,0.5678225172158569,64,0.49612403100775193,0.5028661057998504,22.0,0.17054263565891473,0.49124470730492104,3.0,0.023255813953488372,,,0.0,0.33819090005588,0.2043730266860777,40,40,1100.175,1092.0,0.9980737070722021,0.85,5.067842021006167e-05,4.302149358448256e+24,2691895.9299468314,14,2025-05-02 00:00:00+00:00,1,3.3715277777777777
1746198000000,83,0.565507659923361,43.92775290516253,335917.12916144537,0.6524047107158775,18,0.21686746987951808,0.5345560148899429,42,0.5060240963855421,0.5540216676250249,23.0,0.27710843373493976,,,0.0,,,0.0,0.29092377129584135,0.361480939420036,18,18,1316.7222222222222,1225.5,1.1004902675442123,0.7777777777777778,3.692736636523734e-05,4.3181757015270046e+24,2069856.9855442487,15,2025-05-02 00:00:00+00:00,1,3.4131944444444446
1746201600000,111,0.5168265668522954,51.04458336711435,426374.03178790666,0.43037904846232206,23,0.2072072072072072,0.529070012324038,48,0.43243243243243246,0.514397668965609,34.0,0.3063063063063063,0.7640249115978094,6.0,0.05405405405405406,,,0.0,0.24234597032045416,0.18803307814186787,23,23,1242.608695652174,991.0,1.0108358911370214,0.8260869565217391,3.923804959930321e-05,4.1036683121648416e+24,3151206.7012584955,16,2025-05-02 00:00:00+00:00,1,3.454861111111111
1746205200000,103,0.4463095900847507,44.9577989420944,371468.97694895335,0.4543021784203255,33,0.32038834951456313,0.5197048720991813,40,0.3883495145631068,0.2873647073135372,23.0,0.22330097087378642,0.5114761055257109,7.0,0.06796116504854369,,,0.0,0.29267412836946693,0.1616280500508586,33,33,970.969696969697,889.0,0.945992316185839,0.9393939393939394,3.1975328758769406e-05,4.449339459857738e+24,1628811.561525372,17,2025-05-02 00:00:00+00:00,1,3.4965277777777777
1746208800000,58,0.44392472867613725,26.97443486188536,232037.19230248255,0.5242954980344003,20,0.3448275862068966,0.4253063930785054,28,0.4827586206896552,0.3271704546725937,8.0,0.13793103448275862,0.36789082947452734,2.0,0.034482758620689655,,,0.0,0.26598026418955895,0.25831523384484134,20,20,1507.4,1325.5,1.1771011708254295,0.65,2.580190520313988e-05,4.4835176591931564e+24,1587279.7084841812,18,2025-05-02 00:00:00+00:00,1,3.5381944444444446
1746212400000,97,0.5681209365650053,57.744281352231766,482722.28602930275,0.4924407302530567,23,0.23711340206185566,0.6560187135306048,42,0.4329896907216495,0.43987065342430687,19.0,0.1958762886597938,0.6054819744336902,13.0,0.13402061855670103,,,0.0,0.260102984382452,0.23233774587060474,23,23,1503.1304347826087,1319.0,1.1670306645247568,0.6086956521739131,2.8726951265607093e-05,4.4371529232819785e+24,3461819.035964172,19,2025-05-02 00:00:00+00:00,1,3.579861111111111
1746216000000,58,0.4481677814995606,25.028410597258368,213381.66659146748,0.4756117444820749,15,0.25862068965517243,0.42043896511384804,27,0.46551724137931033,0.43954597313251836,13.0,0.22413793103448276,0.5978684836489195,3.0,0.05172413793103448,,,0.0,0.37540165649988977,0.10021008798218507,15,15,2093.0666666666666,1381.0,1.3163321648908033,0.6,2.5912649871079864e-05,4.3909695186878404e+24,854740.3107173705,20,2025-05-02 00:00:00+00:00,1,3.6215277777777777
1746219600000,58,0.4353639323115611,25.492879281364342,220239.98024185377,0.4209977104096647,17,0.29310344827586204,0.3705278989846932,24,0.41379310344827586,0.4577208270999398,10.0,0.1724137931034483,0.6606098786391728,7.0,0.1206896551724138,,,0.0,0.2738923917519335,0.14710531865773124,17,17,1576.9411764705883,1478.0,1.2107215900468196,0.5294117647058824,3.1256917641102204e-05,4.50625246944805e+24,1267407.8012032001,21,2025-05-02 00:00:00+00:00,1,3.6631944444444446
1746223200000,33,0.4376175696520751,14.624023808239848,134339.41213610317,0.5301732892702055,12,0.36363636363636365,0.38276924635655646,13,0.3939393939393939,0.3879125155800975,8.0,0.24242424242424243,,,0.0,,,0.0,0.40507748466513666,0.12509580460506875,12,12,1418.75,1259.0,1.0864733324503455,0.75,3.9070389123897624e-05,4.2939707484960294e+24,1368221.2964046684,22,2025-05-02 00:00:00+00:00,1,3.704861111111111
1746226800000,43,0.8933415798210638,78.86820651154089,255640.30210098645,1.2287031273223146,17,0.3953488372093023,0.6842792826895122,18,0.4186046511627907,0.7121134845806844,7.0,0.16279069767441862,0.22391328735038657,1.0,0.023255813953488372,,,0.0,1.1309130451715514,0.09779008215076287,17,17,1446.5294117647059,946.0,1.1079031076370869,0.6470588235294118,3.1276825565469045e-05,4.13887220486194e+24,1128004.8403182377,23,2025-05-02 00:00:00+00:00,1,3.7465277777777777
1746230400000,59,0.4064634718125588,24.21750634578078,205667.65435258817,0.5122102952649491,19,0.3220338983050847,0.3948185134549096,25,0.423728813559322,0.16772962388311802,10.0,0.1694915254237288,0.5403180303406039,5.0,0.0847457627118644,,,0.0,0.19662506979157393,0.31558522547337514,19,19,1517.6315789473683,1098.0,1.1670748619135134,0.6842105263157895,2.9790088033337318e-05,4.423815848056668e+24,1379543.7475020392,0,2025-05-03 00:00:00+00:00,1,3.7881944444444446
1746234000000,64,0.481055309432884,28.871288596588744,242870.3876848225,0.43092501144970186,11,0.171875,0.5726378193939373,35,0.546875,0.34239306830632843,17.0,0.265625,0.18435883776246692,1.0,0.015625,,,0.0,0.3248019684003969,0.10612304304930492,11,11,1294.4545454545455,1243.0,1.0775212558084817,0.8181818181818182,3.1443365648640005e-05,4.1321326838360455e+24,2239570.0713526607,1,2025-05-03 00:00:00+00:00,1,3.829861111111111
1746237600000,63,0.4035064509749643,25.03442987032951,213493.46038703108,0.533987575301321,15,0.23809523809523808,0.36487676880183395,29,0.4603174603174603,0.34762806680425545,15.0,0.23809523809523808,0.4038113711464794,4.0,0.06349206349206349,,,0.0,0.3449410196524347,0.18904655564888628,15,15,1217.1333333333334,1097.0,1.0527133769817278,0.6666666666666666,3.12378704032662e-05,4.455736205062449e+24,1400586.7890827716,2,2025-05-03 00:00:00+00:00,1,3.8715277777777777
1746241200000,47,0.5572125436622895,27.27938289844595,200866.00801083836,0.5318347524229855,15,0.3191489361702128,0.5240423917720216,19,0.40425531914893614,0.6602572046987563,10.0,0.2127659574468085,0.5506969250422831,3.0,0.06382978723404255,,,0.0,0.2982192780695752,0.23361547435341024,15,15,1272.4666666666667,1120.0,1.0771619604341127,0.7333333333333333,2.7348055529763753e-05,4.5172650863268465e+24,1588740.7731854152,3,2025-05-03 00:00:00+00:00,1,3.9131944444444446
1746244800000,43,0.5280959786393459,23.996961440280074,189692.51453996275,0.6099541608738388,11,0.2558139534883721,0.5631987660700656,18,0.4186046511627907,0.2570312184567722,9.0,0.20930232558139536,0.7095545113015032,5.0,0.11627906976744186,,,0.0,0.5038858346033185,0.10606832627052026,11,11,1628.3636363636363,1221.0,1.208082721173464,0.7272727272727273,1.677019042741908e-05,4.514690073791212e+24,1402211.9182705588,4,2025-05-03 00:00:00+00:00,1,3.954861111111111
1746248400000,38,0.5077161859796216,21.103911412813474,147911.17550356127,0.29170608054218755,5,0.13157894736842105,0.4670076163664842,18,0.47368421052631576,0.7807619018842905,9.0,0.23684210526315788,0.4002817421598923,6.0,0.15789473684210525,,,0.0,0.15830825176232993,0.13339782877985762,5,5,1972.8,1249.0,1.3164830379722636,0.8,1.540029283163294e-05,4.513157706487582e+24,1457612.0718561502,5,2025-05-03 00:00:00+00:00,1,3.9965277777777777
1746252000000,74,0.6261770487585891,44.708151218387755,319442.27616197517,0.847122426442628,17,0.22972972972972974,0.5689615474114169,36,0.4864864864864865,0.5820824913328726,18.0,0.24324324324324326,0.32530660260273453,3.0,0.04054054054054054,,,0.0,0.44448115128279087,0.40264127515983705,17,17,1495.0,1193.0,1.1379890285120193,0.6470588235294118,4.151422758209206e-05,4.0757259190835374e+24,2175975.956194934,6,2025-05-03 00:00:00+00:00,1,4.038194444444445
1746255600000,52,0.4707929180924638,21.119330826481832,180436.2184806836,0.5605109408110257,17,0.3269230769230769,0.4359830118485147,15,0.28846153846153844,0.44235817934218763,19.0,0.36538461538461536,0.007995161791397316,1.0,0.019230769230769232,,,0.0,0.3344070303388048,0.22610391047222086,17,17,1272.3529411764705,1098.0,1.0815597136434023,0.8235294117647058,2.6518989161238483e-05,3.874812025884581e+24,1587968.86356161,7,2025-05-03 00:00:00+00:00,1,4.079861111111111
1746259200000,50,0.5666886273719927,23.84285738650717,185483.95810507904,0.6189191879793892,13,0.26,0.5737600226133142,21,0.42,0.43710056927498925,13.0,0.26,0.8524046831377058,3.0,0.06,,,0.0,0.21976012746114126,0.3991590605182479,13,13,1167.8461538461538,1086.0,0.9625702464053874,0.7692307692307693,2.7709631879012505e-05,3.734952754430912e+24,1586588.160128319,8,2025-05-03 00:00:00+00:00,1,4.121527777777778
1746262800000,46,0.4843152125302343,20.199308980700984,156958.9551261672,0.452014242766438,12,0.2608695652173913,0.6073053163251824,24,0.5217391304347826,0.23575436181799775,7.0,0.15217391304347827,0.2095735795543867,3.0,0.06521739130434782,,,0.0,0.34029432766469275,0.11171991510174524,12,12,1434.75,1435.0,1.1706647854616075,0.5833333333333334,2.3908818612521037e-05,3.7196616107492775e+24,1462908.668753077,9,2025-05-03 00:00:00+00:00,1,4.163194444444445
1746266400000,58,0.6903019427066382,36.10099604190436,253228.2871864123,0.6729631681312168,16,0.27586206896551724,0.6247066207082661,24,0.41379310344827586,0.8383036923268612,17.0,0.29310344827586204,0.02598032033052173,1.0,0.017241379310344827,,,0.0,0.28489285956337457,0.3880703085678422,16,16,981.9375,883.5,0.9375201464973373,0.875,2.917426980737579e-05,3.913609425768511e+24,2135091.1666838215,10,2025-05-03 00:00:00+00:00,1,4.204861111111111
1746270000000,60,0.4975507096815869,24.61353770528457,209912.43505563948,0.3882692916589167,13,0.21666666666666667,0.5247953294632498,28,0.4666666666666667,0.5046430127983162,17.0,0.2833333333333333,0.7661706733934635,2.0,0.03333333333333333,,,0.0,0.2463328765664429,0.14193641509247384,13,13,1256.3846153846155,896.0,1.0435786443272481,0.7692307692307693,2.630079609396574e-05,3.859088123121629e+24,1448457.5589331433,11,2025-05-03 00:00:00+00:00,1,4.246527777777778
1746273600000,30,0.5762148887679128,14.400331450063836,110402.36768398008,0.3861180652607885,4,0.13333333333333333,0.7216259960342432,17,0.5666666666666667,0.4342327264105226,8.0,0.26666666666666666,0.000470658127916531,1.0,0.03333333333333333,,,0.0,0.17665827082280566,0.2094597944379828,4,4,1080.75,1019.0,0.9624250240247958,0.75,2.0401259333321243e-05,3.816481860024763e+24,1197404.3664591506,12,2025-05-03 00:00:00+00:00,1,4.288194444444445
1746277200000,50,0.5017173791889826,22.89427922554704,170678.02655523238,0.23057839619929624,9,0.18,0.6980121419672237,24,0.48,0.35637718083899306,15.0,0.3,0.4563571369285988,2.0,0.04,,,0.0,0.1748595706447447,0.05571882555455154,9,9,1322.2222222222222,1162.0,1.1127090436316145,0.5555555555555556,2.4622602561077724e-05,3.804560467037492e+24,1346930.8485400507,13,2025-05-03 00:00:00+00:00,1,4.329861111111111
1746280800000,68,0.4675058169221831,29.697153937494907,249395.54548177004,0.49390299391126213,21,0.3088235294117647,0.4883769404602117,29,0.4264705882352941,0.35138243654693563,16.0,0.23529411764705882,0.81669121023742,2.0,0.029411764705882353,,,0.0,0.2470141385549175,0.2468888553563446,21,21,1111.4285714285713,993.0,1.0134760567775267,0.8571428571428571,2.5121656296162766e-05,3.818998794616618e+24,2030187.9373350611,14,2025-05-03 00:00:00+00:00,1,4.371527777777778
1746284400000,64,0.5116060521985427,27.82524185554855,235877.00705761928,0.4829817392586486,14,0.21875,0.5691620208284947,28,0.4375,0.4472862064579539,18.0,0.28125,0.4983386729111592,4.0,0.0625,,,0.0,0.23238722295494957,0.250594516303699,14,14,1370.2142857142858,1160.5,1.097881886870746,0.7142857142857143,2.3791002462833343e-05,3.9668936302672034e+24,1505762.3846960624,15,2025-05-03 00:00:00+00:00,1,4.413194444444445
1746288000000,66,0.597450316163096,36.53979821856081,281537.0110395327,0.5926562715025027,22,0.3333333333333333,0.6450112881048989,29,0.4393939393939394,0.47226228030972184,10.0,0.15151515151515152,0.5930665471139971,5.0,0.07575757575757576,,,0.0,0.3193205801653224,0.2733356913371802,22,22,1506.0454545454545,1225.0,1.1722547051847039,0.7727272727272727,4.1583503699252384e-05,4.0269611261839933e+24,1454890.956176863,16,2025-05-03 00:00:00+00:00,1,4.454861111111111
1746291600000,88,0.641064064050886,51.20547715819761,382535.58345765225,0.6073168526016187,32,0.36363636363636365,0.753992138063023,39,0.4431818181818182,0.44474505593836233,16.0,0.18181818181818182,0.4578840737544673,1.0,0.011363636363636364,,,0.0,0.28845659918865035,0.31886025341296836,32,32,1345.15625,1240.0,1.1270843291531973,0.78125,5.709757873465044e-05,3.986340235698534e+24,2028197.16476623,17,2025-05-03 00:00:00+00:00,1,4.496527777777778
1746295200000,50,0.4181295880365319,19.40297260916512,163016.43700637983,0.47547791038316056,13,0.26,0.5346815658501267,16,0.32,0.27254910349733347,20.0,0.4,0.719379443296809,1.0,0.02,,,0.0,0.24428725663248646,0.23119065375067402,13,13,1734.5384615384614,1394.0,1.238247325912723,0.5384615384615384,2.9237300593309502e-05,4.1438117461947695e+24,1114752.032099868,18,2025-05-03 00:00:00+00:00,1,4.538194444444445
1746298800000,24,0.40696654525091863,9.879852789955757,78178.12428280043,0.32972772474778306,6,0.25,0.599973904170456,12,0.5,0.14246602293477378,4.0,0.16666666666666666,0.009639897875391719,2.0,0.08333333333333333,,,0.0,0.2462315112138355,0.0834962135339475,6,6,2005.3333333333333,1105.5,1.299262219077472,0.6666666666666666,2.1543988909886854e-05,4.1689638268805453e+24,735260.056874832,19,2025-05-03 00:00:00+00:00,1,4.579861111111111
1746302400000,33,0.37033474849276266,12.378684145961305,114690.12236763323,0.3857963149643826,13,0.3939393939393939,0.39402864868863147,12,0.36363636363636365,0.28724398327377065,6.0,0.18181818181818182,0.376943460908997,2.0,0.06060606060606061,,,0.0,0.33438265419552404,0.05141366076885859,13,13,1649.8461538461538,1196.0,1.227737889617746,0.6923076923076923,2.4435326559493343e-05,4.2740781360035263e+24,695038.1755095271,20,2025-05-03 00:00:00+00:00,1,4.621527777777778
1746306000000,78,0.4344805211521429,31.242249174015686,265976.2293824025,0.3861876484022595,29,0.3717948717948718,0.48290404987463764,34,0.4358974358974359,0.3778046572369226,13.0,0.16666666666666666,0.6799203031919729,2.0,0.02564102564102564,,,0.0,0.2940676014312326,0.09212004697102681,29,29,1224.5862068965516,1242.0,1.0367711591068205,0.7586206896551724,3.8658432207791456e-05,4.167063929972012e+24,973534.4060411168,21,2025-05-03 00:00:00+00:00,1,4.663194444444445
1746309600000,50,0.377727939828377,17.94569483976405,156787.4958977561,0.3453428613586288,18,0.36,0.4935141394240014,16,0.32,0.2839505966808865,12.0,0.24,0.34164802400221767,4.0,0.08,,,0.0,0.17841508686563248,0.16692777449299634,18,18,1394.611111111111,1307.5,1.1329928945173557,0.6111111111111112,3.198277879474467e-05,4.2372775687060187e+24,811500.1841107169,22,2025-05-03 00:00:00+00:00,1,4.704861111111111
1746313200000,45,0.42982001674744436,18.148664950779807,150942.15141876557,0.6409918547260058,17,0.37777777777777777,0.37159098376006533,16,0.35555555555555557,0.23209402785506844,10.0,0.2222222222222222,0.08932160229058267,2.0,0.044444444444444446,,,0.0,0.28752482536807844,0.35346702935792734,17,17,1564.8823529411766,1135.0,1.1958972743428053,0.7058823529411765,2.7990032741404834e-05,4.22540066455482e+24,941411.0991686508,23,2025-05-03 00:00:00+00:00,1,4.746527777777778
1746316800000,28,0.48015129080390573,13.271909061796709,109861.62532370187,0.4728464875968239,6,0.21428571428571427,0.4362103166405404,15,0.5357142857142857,0.6302581761107326,6.0,0.21428571428571427,0.28245341065591484,1.0,0.03571428571428571,,,0.0,0.2782755264434397,0.19457096115338413,6,6,1100.3333333333333,1156.5,1.0157913150883766,0.8333333333333334,2.1011498024881872e-05,4.259077519405979e+24,1191204.1739860338,0,2025-05-04 00:00:00+00:00,1,4.788194444444445
1746320400000,54,0.3854130285467369,21.08505725904009,174243.8714187043,0.365810407401964,13,0.24074074074074073,0.42005840422269414,36,0.6666666666666666,0.19542882148881974,4.0,0.07407407407407407,0.15295040732599213,1.0,0.018518518518518517,,,0.0,0.36581761430857396,-7.206906609952695e-06,13,13,1331.7692307692307,1087.0,1.0944233523175333,0.8461538461538461,2.5016822938100218e-05,4.23064832236787e+24,1318513.5124551072,1,2025-05-04 00:00:00+00:00,1,4.829861111111111
1746324000000,76,0.3837795849184092,27.00410449087853,238587.2510990338,0.46923710481107256,19,0.25,0.4206108115350293,32,0.42105263157894735,0.29477475535699765,20.0,0.2631578947368421,0.1793404772255655,5.0,0.06578947368421052,,,0.0,0.27604881941821197,0.1931882853928605,19,19,1017.8421052631579,993.0,0.9832954596048841,0.8421052631578947,2.934818763268993e-05,4.221968230402738e+24,1583209.0151504595,2,2025-05-04 00:00:00+00:00,1,4.871527777777778
1746327600000,89,0.4201133737954372,35.678439526289516,299308.54048737924,0.5716126406554135,27,0.30337078651685395,0.36396428610579373,46,0.5168539325842697,0.2753879472029069,12.0,0.1348314606741573,0.47738411069908704,4.0,0.0449438202247191,,,0.0,0.2934952917573492,0.2781173488980643,27,27,952.8518518518518,1074.0,0.9484878356945321,1.0,3.191736448618709e-05,4.1178157234348363e+24,1592694.3876526959,3,2025-05-04 00:00:00+00:00,1,4.913194444444445
1746331200000,55,0.5039745190871358,23.460603120606386,185191.1934561469,0.38428610248899,14,0.2545454545454545,0.5562981674465792,25,0.45454545454545453,0.5605247712474993,15.0,0.2727272727272727,0.023267360069635097,1.0,0.01818181818181818,,,0.0,0.28888835216857595,0.09539775032041398,14,14,1105.357142857143,1176.5,0.9997578906314958,0.8571428571428571,3.1199771745568476e-05,4.179813705098733e+24,1320730.3928124695,4,2025-05-04 00:00:00+00:00,1,4.954861111111111
1746334800000,109,0.46093117094333763,45.281095715359065,389386.5373985595,0.44203657294083515,36,0.3302752293577982,0.5022777673497079,40,0.3669724770642202,0.4483557217606238,28.0,0.25688073394495414,0.33662202073359104,5.0,0.045871559633027525,,,0.0,0.23767598245826266,0.20436059048257244,36,36,1026.7777777777778,924.5,0.972318018939911,0.9444444444444444,4.3982215785015555e-05,3.8808138112883023e+24,1943307.4932020037,5,2025-05-04 00:00:00+00:00,1,4.996527777777778
1746338400000,44,0.44777833434793374,17.722993253502185,159213.31949943412,0.4597784221295762,12,0.2727272727272727,0.4357664533476748,17,0.38636363636363635,0.49912690998297665,12.0,0.2727272727272727,0.2624510063493262,3.0,0.06818181818181818,,,0.0,0.2504259297921316,0.20935249233744457,12,12,855.5,743.5,0.8824285349024178,0.9166666666666666,2.772811742225593e-05,3.76688244541422e+24,1372047.8356042744,6,2025-05-04 00:00:00+00:00,1,5.038194444444445
1746342000000,50,0.3795660172429835,15.754151613930086,139724.11993312713,0.3318738715627599,11,0.22,0.4893908386024648,22,0.44,0.27306324476259,16.0,0.32,0.192077909503153,1.0,0.02,,,0.0,0.14919668810639383,0.18267718345636605,11,11,1148.4545454545455,1114.0,1.0339125275172891,0.7272727272727273,2.579927247132596e-05,3.781034708768359e+24,1301239.7728505314,7,2025-05-04 00:00:00+00:00,1,5.079861111111111
1746345600000,35,0.3463296725948164,11.572616091665983,109913.27769381717,0.3564924519358724,7,0.2,0.4115552772042066,18,0.5142857142857142,0.20282354923548215,8.0,0.22857142857142856,0.2977539968539453,2.0,0.05714285714285714,,,0.0,0.16468843543231815,0.19180401650355425,7,7,1013.2857142857143,760.0,0.9280774578418703,0.7142857142857143,3.0351765224044305e-05,3.967412196570457e+24,1622254.2332968044,8,2025-05-04 00:00:00+00:00,1,5.121527777777778
1746349200000,96,0.4500153653299388,38.737248597949595,334938.6180944005,0.5155589193179196,28,0.2916666666666667,0.47766276322188905,42,0.4375,0.3401845147293478,25.0,0.2604166666666667,0.19937640721934352,1.0,0.010416666666666666,,,0.0,0.30514502316868874,0.21041389614923078,28,28,1168.5714285714287,1173.5,1.0654598719141153,0.9285714285714286,4.184430932436682e-05,3.7412232081957255e+24,2059355.1943464528,9,2025-05-04 00:00:00+00:00,1,5.163194444444445
1746352800000,62,0.45911389686280013,24.876196536174337,216494.995557745,0.4482224742577247,21,0.3387096774193548,0.5672430253899906,27,0.43548387096774194,0.2867695772821575,13.0,0.20967741935483872,0.008823455883600624,1.0,0.016129032258064516,,,0.0,0.21576145409551023,0.23246102016221443,21,21,1050.3333333333333,1045.0,0.983862136518618,0.9523809523809523,3.286094482311257e-05,3.822801371229286e+24,1485339.0966580044,10,2025-05-04 00:00:00+00:00,1,5.204861111111111
1746356400000,47,0.43079113715058504,18.832517179852893,178875.43604459145,0.40312152261785783,13,0.2765957446808511,0.5265977710305677,19,0.40425531914893614,0.2901086651142876,13.0,0.2765957446808511,0.6149166779894086,2.0,0.0425531914893617,,,0.0,0.2478941806938801,0.1552273419239777,13,13,1226.3076923076924,1029.0,1.080124509571569,0.8461538461538461,3.3242116679419996e-05,3.907853324515102e+24,1467482.8762644685,11,2025-05-04 00:00:00+00:00,1,5.246527777777778
1746360000000,48,0.605685305127331,27.630017108151577,206380.30130964806,0.5232847053590705,14,0.2916666666666667,0.9198031146668261,17,0.3541666666666667,0.3957401551136783,15.0,0.3125,0.0870767475218423,2.0,0.041666666666666664,,,0.0,0.2946147042465692,0.22867000111250121,14,14,1143.5,945.5,1.0350746531035575,0.7142857142857143,3.353987378872852e-05,3.800380151263598e+24,1285349.1371139246,12,2025-05-04 00:00:00+00:00,1,5.288194444444445
1746363600000,88,0.8035718516895308,72.74955539188555,418046.64530637703,0.6873544985351256,18,0.20454545454545456,0.8178449014192299,40,0.45454545454545453,0.8288037412690837,28.0,0.3181818181818182,1.2108205813714532,2.0,0.022727272727272728,,,0.0,0.4425528943802347,0.24480160415489097,18,18,941.5555555555555,799.5,0.918807129327625,0.8888888888888888,5.8955988881690896e-05,3.4885682801672664e+24,3575854.753047922,13,2025-05-04 00:00:00+00:00,1,5.329861111111111
1746367200000,64,0.739497775640926,39.73176076940903,286754.0672102915,1.1632416656204045,13,0.203125,0.8481817666789084,26,0.40625,0.3514532510797754,23.0,0.359375,1.0347826397337787,2.0,0.03125,,,0.0,0.40669590551512924,0.7565457601052752,13,13,1137.923076923077,1091.0,1.0429116457669438,0.7692307692307693,4.554730825919123e-05,4.052866981206521e+24,1937214.4727233534,14,2025-05-04 00:00:00+00:00,1,5.371527777777778
1746370800000,70,0.7631943367505716,40.9672131448027,283321.4807913849,0.7333757889812709,22,0.3142857142857143,1.0108318085931831,25,0.35714285714285715,0.51642291889309,20.0,0.2857142857142857,0.5633608740868906,3.0,0.04285714285714286,,,0.0,0.3944322639832605,0.33894352499801034,22,22,1016.2272727272727,973.5,0.9692531364245126,0.9090909090909091,4.382016580730407e-05,3.1634134156957383e+24,1684244.1971951746,15,2025-05-04 00:00:00+00:00,1,5.413194444444445
1746374400000,80,0.4658862907255821,24.77114647569745,206887.46055693118,0.5411769129115694,18,0.225,0.5140785574402207,39,0.4875,0.3209140545553419,18.0,0.225,0.3408404206947111,5.0,0.0625,,,0.0,0.39028403099607073,0.15089288191549866,18,18,1127.1666666666667,732.5,0.9865949873826659,0.8888888888888888,4.110242082374353e-05,2.9239905062678124e+24,1394285.83255964,16,2025-05-04 00:00:00+00:00,1,5.454861111111111
1746378000000,100,0.7283902602848954,48.759664664143614,352566.19157704175,0.7458816386023424,28,0.28,1.0284998485035655,34,0.34,0.42782366863457094,35.0,0.35,0.6705056320975853,3.0,0.03,,,0.0,0.3691433377089969,0.3767383008933454,28,28,1365.0714285714287,1154.0,1.1006828237313997,0.8214285714285714,4.722859159999666e-05,2.700290728775627e+24,1686258.6492493905,17,2025-05-04 00:00:00+00:00,1,5.496527777777778
1746381600000,60,0.6701454488982821,24.80922562890362,207678.999160903,0.8499249641536207,24,0.4,0.6957962466332102,18,0.3,0.36657872174530737,13.0,0.21666666666666667,0.5041343944246499,5.0,0.08333333333333333,,,0.0,0.33926503300065464,0.5106599311529662,24,24,1185.4583333333333,1017.0,1.0529037330982598,0.875,4.345649116361412e-05,2.748567732123528e+24,964265.3780437821,18,2025-05-04 00:00:00+00:00,1,5.538194444444445
1746385200000,52,0.694852095341776,24.599058430286227,181274.91743902603,0.6362494695236022,18,0.34615384615384615,0.8840039429020924,22,0.4230769230769231,0.5029851137344785,10.0,0.19230769230769232,0.10094031257834674,2.0,0.038461538461538464,,,0.0,0.3057310787251758,0.3305183907984264,18,18,2184.277777777778,1265.5,1.3307883728476797,0.6111111111111112,3.648838151741134e-05,2.9522308623783416e+24,965508.6914217119,19,2025-05-04 00:00:00+00:00,1,5.579861111111111
1746388800000,44,0.6646478399114978,19.37906593605721,141703.11353549274,1.2176361702865484,6,0.13636363636363635,0.5373493270039637,27,0.6136363636363636,0.6754778277526906,11.0,0.25,,,0.0,,,0.0,0.934669964903657,0.28296620538289147,6,6,1808.1666666666667,1665.5,1.3183243522860058,0.3333333333333333,2.826191174542103e-05,2.931948592117206e+24,798722.0964115467,20,2025-05-04 00:00:00+00:00,1,5.621527777777778
1746392400000,56,0.8050026577832802,30.044274845259178,206669.717656764,0.7850625928948561,14,0.25,0.8757142945973728,29,0.5178571428571429,0.6687352301547609,13.0,0.23214285714285715,,,0.0,,,0.0,0.7485787630627803,0.036483829832075924,14,14,2377.285714285714,1438.5,1.3096880416311705,0.5714285714285714,3.295311820766148e-05,2.9331736933964076e+24,1115868.6912755575,21,2025-05-04 00:00:00+00:00,1,5.663194444444445
1746396000000,140,0.8684867046439251,73.12309291083393,516207.12567630544,0.9720451398334993,36,0.2571428571428571,0.9443636607116045,64,0.45714285714285713,0.6167063681012362,34.0,0.24285714285714285,0.8645371358598043,6.0,0.04285714285714286,,,0.0,0.3101577083583627,0.6618874314751364,36,36,1914.6666666666667,1428.0,1.3123691831749078,0.6666666666666666,6.653859338067475e-05,2.548743922509649e+24,2227447.959973742,22,2025-05-04 00:00:00+00:00,1,5.704861111111111
1746399600000,100,0.846952030460236,48.35062757590824,332023.4713084997,0.8507612166664676,23,0.23,0.9776145694115775,45,0.45,0.5332095415881318,25.0,0.25,1.114971557067223,7.0,0.07,,,0.0,0.33868970708053336,0.5120715095859343,23,23,2062.478260869565,1211.0,1.2869403815702263,0.6956521739130435,5.40134197057582e-05,2.528282903304243e+24,1554982.7182815685,23,2025-05-04 00:00:00+00:00,1,5.746527777777778
1746403200000,100,0.716166539374031,45.44087537212964,326424.9931864741,0.56207493174354,29,0.29,0.7021154717714815,50,0.5,0.9653962019298976,16.0,0.16,0.952873619477602,5.0,0.05,,,0.0,0.26833196050163216,0.29374297124190785,29,29,1484.5172413793102,1293.0,1.1492633742031588,0.6896551724137931,5.636731474888571e-05,2.694534022710567e+24,1762485.605638083,0,2025-05-05 00:00:00+00:00,1,5.788194444444445
1746406800000,179,0.7460770305930331,81.58656259855995,602370.8565279909,0.7822105009147933,54,0.3016759776536313,0.8607934918650314,75,0.41899441340782123,0.5463114547385587,43.0,0.24022346368715083,0.4653595690169599,7.0,0.03910614525139665,,,0.0,0.3807687221005041,0.40144177881428905,54,54,1367.7962962962963,1227.0,1.1207527531642354,0.8148148148148148,6.785266463037098e-05,2.5053701686729114e+24,2650811.9035527874,1,2025-05-05 00:00:00+00:00,1,5.829861111111111
1746410400000,144,0.8220078276619641,76.53804020316073,501916.46276233986,1.0196208202120822,41,0.2847222222222222,0.8446205731983614,55,0.3819444444444444,0.6042749759022241,44.0,0.3055555555555556,0.8806107722549315,4.0,0.027777777777777776,,,0.0,0.815936361448186,0.20368445876389615,41,41,1171.560975609756,1002.0,1.0231703935549055,0.8780487804878049,6.79841379712269e-05,2.624437212143571e+24,2505643.4325015857,2,2025-05-05 00:00:00+00:00,1,5.871527777777778
1746414000000,27,0.5837905826873618,12.250314492269569,92270.49109308596,0.4545038101571833,7,0.25925925925925924,0.6271414184790065,13,0.48148148148148145,0.3476979649526543,4.0,0.14814814814814814,1.0123962538069289,3.0,0.1111111111111111,,,0.0,0.21166717419177564,0.24283663596540755,7,7,1108.4285714285713,808.0,0.9775543317781915,0.8571428571428571,1.2711703562002881e-05,2.9378817043757644e+24,1097510.9393885212,3,2025-05-05 00:00:00+00:00,1,5.913194444444445
1746417600000,41,0.5548430398871473,14.972894605146696,128073.77484965755,0.9553082204604166,6,0.14634146341463414,0.4786965473481804,23,0.5609756097560976,0.4554245697568913,10.0,0.24390243902439024,0.7262245130167386,2.0,0.04878048780487805,,,0.0,0.1624973549443732,0.7928108655160434,6,6,1336.3333333333333,1306.0,1.151613772338561,0.8333333333333334,2.4836259809247332e-05,2.9469637569061127e+24,1239286.1701915327,4,2025-05-05 00:00:00+00:00,1,5.954861111111111
1746421200000,79,0.632884184104573,41.03670408128229,289231.20776651776,0.9897642650088108,21,0.26582278481012656,0.5314233032490852,27,0.34177215189873417,0.5002300038237227,27.0,0.34177215189873417,0.3395404220276074,4.0,0.05063291139240506,,,0.0,0.5137504030542159,0.476013861954595,21,21,981.5714285714286,893.0,0.9538785506253176,0.8571428571428571,4.313842243324229e-05,3.494087395179498e+24,1835518.9527767757,5,2025-05-05 00:00:00+00:00,1,5.996527777777778
1746424800000,77,0.5458973034557342,35.45786092693854,283266.0990138537,0.6434147316651456,15,0.19480519480519481,0.70178617983332,25,0.3246753246753247,0.41543084169369693,34.0,0.44155844155844154,0.23785609256521487,3.0,0.03896103896103896,,,0.0,0.3841850666806247,0.2592296649845209,15,15,1132.8,900.0,1.0254057266477417,0.8666666666666667,3.110329288765387e-05,3.788634779943975e+24,2126901.47660029,6,2025-05-05 00:00:00+00:00,1,6.038194444444445
1746428400000,63,0.43548122568847,23.057389561487053,196354.39021551335,0.38890310129973704,9,0.14285714285714285,0.5289090395477581,30,0.47619047619047616,0.3425237026189322,22.0,0.3492063492063492,0.2661983313133618,2.0,0.031746031746031744,,,0.0,0.18229932221991513,0.20660377907982191,9,9,1180.5555555555557,993.0,1.047629428273971,0.8888888888888888,2.5322661220294012e-05,3.861724665371769e+24,2313996.46186222,7,2025-05-05 00:00:00+00:00,1,6.079861111111111
1746432000000,74,0.3593298131973645,22.900703828399756,194852.09889384007,0.26280107172897316,12,0.16216216216216217,0.4020484044381495,41,0.5540540540540541,0.3617354024507641,19.0,0.25675675675675674,0.039918043664322896,2.0,0.02702702702702703,,,0.0,0.27688587868925635,-0.014084806960283172,12,12,1005.0,910.0,0.9732928981291709,0.9166666666666666,2.1372746885464914e-05,3.8535137117477237e+24,2089420.7050805632,8,2025-05-05 00:00:00+00:00,1,6.121527777777778
1746435600000,73,0.5561592830021155,34.89553464094752,282579.3253048663,0.7938305785327981,9,0.1232876712328767,0.6615044235023088,35,0.4794520547945205,0.37243709480352466,25.0,0.3424657534246575,0.24789256492258133,4.0,0.0547945205479452,,,0.0,0.40034596359694946,0.39348461493584863,9,9,1131.7777777777778,1017.0,1.0359295184334427,0.8888888888888888,3.0474778277871992e-05,3.833433029373315e+24,2376458.7262963746,9,2025-05-05 00:00:00+00:00,1,6.163194444444445
1746439200000,207,0.8921616413966492,207.5156031972731,1206705.9993932166,0.9847227423576463,62,0.2995169082125604,0.9938070250626085,78,0.37681159420289856,0.6997627089599024,61.0,0.2946859903381642,0.5703627569157995,6.0,0.028985507246376812,,,0.0,0.3512178425068559,0.6335048998507905,62,62,979.2096774193549,1006.5,0.9541963961118803,0.9193548387096774,0.0001861719779201288,3.834189769516385e+24,6618769.589085891,10,2025-05-05 00:00:00+00:00,1,6.204861111111111
1746442800000,190,0.6373460805115113,100.75460116842844,766862.3129148188,0.8037273233191563,67,0.3526315789473684,0.6074328834330723,75,0.39473684210526316,0.41900845531947845,44.0,0.23157894736842105,0.8130465858165468,4.0,0.021052631578947368,,,0.0,0.41416754942052,0.3895597738986362,67,67,1223.402985074627,1180.0,1.0702362825786391,0.8208955223880597,5.337808653621492e-05,3.783211957617039e+24,2649770.9544653855,11,2025-05-05 00:00:00+00:00,1,6.246527777777778
1746446400000,77,0.6125023404264697,41.75974292614668,312108.59741798136,0.7397315849234017,21,0.2727272727272727,0.616679175199935,44,0.5714285714285714,0.37453610172079865,12.0,0.15584415584415584,,,0.0,,,0.0,0.26688908417414503,0.47284250074925666,21,21,1028.4285714285713,993.0,0.9861122562581952,0.9047619047619048,5.287014793196199e-05,4.0710257150746033e+24,1931123.9484716388,12,2025-05-05 00:00:00+00:00,1,6.288194444444445
1746450000000,183,0.6421649569336793,102.08762237220489,749106.6367899803,0.6055314376070251,65,0.3551912568306011,0.814735734368003,68,0.37158469945355194,0.4223796944617333,45.0,0.2459016393442623,0.7495054973208912,5.0,0.0273224043715847,,,0.0,0.2689448852678018,0.33658655233922335,65,65,1120.5692307692307,1071.0,1.024844707252644,0.8769230769230769,7.407745349701704e-05,3.957445068905698e+24,3111756.0646294425,13,2025-05-05 00:00:00+00:00,1,6.329861111111111
1746453600000,157,0.6142182855056455,93.5193448686168,708966.914034599,0.6521260996653353,56,0.35668789808917195,0.7064993014580837,69,0.4394904458598726,0.2886529943446713,28.0,0.17834394904458598,0.7706184002172498,4.0,0.025477707006369428,,,0.0,0.2800313253237153,0.37209477434161997,56,56,896.9285714285714,991.0,0.90851321298853,0.9821428571428571,7.020460393587639e-05,4.158969201860935e+24,3312690.7143189413,14,2025-05-05 00:00:00+00:00,1,6.371527777777778
1746457200000,112,0.5703860354885,59.384593277226436,468318.97382685,0.6936876552673119,40,0.35714285714285715,0.5566076754148701,54,0.48214285714285715,0.38219827280818197,14.0,0.125,0.1820348680754988,4.0,0.03571428571428571,,,0.0,0.32483473427641435,0.3688529209908975,40,40,1124.025,1185.0,1.0313119722858886,0.85,4.259592033946211e-05,4.167929908992919e+24,2136280.8820622903,15,2025-05-05 00:00:00+00:00,1,6.413194444444445
1746460800000,87,0.7303631180013166,63.95875170176363,452347.70147802535,0.7208743288658319,31,0.3563218390804598,0.7595080610388305,36,0.41379310344827586,0.6676335829277387,18.0,0.20689655172413793,0.917396190588283,2.0,0.022988505747126436,,,0.0,0.38086483800361404,0.3400094908622178,31,31,978.258064516129,1083.0,0.9481840351500876,0.8709677419354839,5.011569726869588e-05,4.155369899436609e+24,2036580.1941641513,16,2025-05-05 00:00:00+00:00,1,6.454861111111111
1746464400000,73,0.4808521272218941,33.367380093198726,280289.8551849931,0.4945232215518925,32,0.4383561643835616,0.5050051670420758,22,0.3013698630136986,0.4560348322091576,16.0,0.2191780821917808,0.2902637357551741,3.0,0.0410958904109589,,,0.0,0.33787054695334856,0.15665267459854387,32,32,1159.75,1001.0,1.0014352881409379,0.875,3.631490079252954e-05,4.3470562193537003e+24,2250433.145445635,17,2025-05-05 00:00:00+00:00,1,6.496527777777778
1746468000000,45,0.5331885073828704,22.520391557760423,183991.588687948,0.5259424364572061,10,0.2222222222222222,0.5729042118986382,21,0.4666666666666667,0.5196023188060459,12.0,0.26666666666666666,0.23392109605657824,2.0,0.044444444444444446,,,0.0,0.24200621271874917,0.28393622373845684,10,10,2209.1,1395.5,1.3163510002450327,0.8,2.748590914330105e-05,4.4319807612606076e+24,1016795.5490677354,18,2025-05-05 00:00:00+00:00,1,6.538194444444445
1746471600000,25,0.5061534335696791,12.419807193930275,96544.00651717758,0.7109069889672693,7,0.28,0.39126890710439266,14,0.56,0.5499305542523989,4.0,0.16,,,0.0,,,0.0,0.2581705958241468,0.4527363931431224,7,7,1400.4285714285713,1493.0,1.1456030727631785,0.5714285714285714,1.7382616630006114e-05,4.4406111481748055e+24,610199.4263638551,19,2025-05-05 00:00:00+00:00,1,6.579861111111111
1746475200000,87,0.41597452741420676,33.729763686792396,286732.9405719842,0.41271438637366853,28,0.3218390804597701,0.39331937531399214,32,0.367816091954023,0.39069109551362285,21.0,0.2413793103448276,0.6405080084565723,6.0,0.06896551724137931,,,0.0,0.2693174262963315,0.14339696007733707,28,28,1394.1785714285713,1308.0,1.097828274279194,0.6428571428571429,4.864593931611149e-05,4.3003881529558694e+24,1576703.5103883257,20,2025-05-05 00:00:00+00:00,1,6.621527777777778
1746478800000,38,0.3954878656891337,14.387602961589183,127754.93883194232,0.39597077784500306,7,0.18421052631578946,0.4487189978873438,20,0.5263157894736842,0.2938278307736972,10.0,0.2631578947368421,0.34408518578821295,1.0,0.02631578947368421,,,0.0,0.20500578973820835,0.1909649881067946,7,7,1600.142857142857,1291.0,1.180986199924424,0.7142857142857143,2.9602504321726618e-05,4.299008097077117e+24,854158.3854959505,21,2025-05-05 00:00:00+00:00,1,6.663194444444445
1746482400000,59,0.4953444070996582,28.647671107366186,243389.6262976674,0.6052107246661577,19,0.3220338983050847,0.5937693979478348,19,0.3220338983050847,0.2821776516348649,18.0,0.3050847457627119,0.4551666532621373,3.0,0.05084745762711865,,,0.0,0.21869033910508495,0.38652038556107265,19,19,1468.6315789473683,1118.0,1.126527561232846,0.631578947368421,3.0288798370723856e-05,4.300996877198284e+24,1109185.1957409587,22,2025-05-05 00:00:00+00:00,1,6.704861111111111
1746486000000,45,0.46826132325728054,19.290663948657215,153285.44375713024,0.6237764477536887,10,0.2222222222222222,0.4486067930293631,22,0.4888888888888889,0.38189581710728826,13.0,0.28888888888888886,,,0.0,,,0.0,0.12254908425457596,0.5012273634991127,10,10,1356.4,993.5,1.0841945494602316,0.7,3.4029523811381554e-05,4.1234556010850567e+24,823179.5053003702,23,2025-05-05 00:00:00+00:00,1,6.746527777777778
1746489600000,69,0.7054883170566714,51.96568615160939,351043.36140456446,0.6178267130516201,29,0.42028985507246375,0.7074939514212644,22,0.3188405797101449,0.7408512438492094,17.0,0.2463768115942029,2.602381121708964,1.0,0.014492753623188406,,,0.0,0.31256553859895775,0.30526117445266227,29,29,1349.9310344827586,1193.0,1.1088902563966485,0.6551724137931034,5.241286603314255e-05,4.059995609231079e+24,1473553.8202188457,0,2025-05-06 00:00:00+00:00,1,6.788194444444445
1746493200000,107,0.4905510433366965,49.22800768477555,423105.3709077264,0.5766618212158282,37,0.34579439252336447,0.46460319902742403,46,0.42990654205607476,0.41126342960611645,21.0,0.19626168224299065,0.38139835835030894,3.0,0.028037383177570093,,,0.0,0.23790333658892301,0.3387584846269052,37,37,1317.8108108108108,1215.0,1.0954068453528811,0.8108108108108109,4.6213486772023046e-05,4.0999919034224973e+24,1326022.9081879356,1,2025-05-06 00:00:00+00:00,1,6.829861111111111
1746496800000,89,0.5509800904716771,44.35185221990844,347262.0573720259,0.5668366540318335,25,0.2808988764044944,0.6231813101501322,45,0.5056179775280899,0.3678853601862334,18.0,0.20224719101123595,0.2012162610752774,1.0,0.011235955056179775,,,0.0,0.34581367050965456,0.22102298352217886,25,25,1536.08,1326.0,1.1600929305958299,0.72,4.606204367007403e-05,4.117582015453988e+24,1931499.8958154218,2,2025-05-06 00:00:00+00:00,1,6.871527777777778
1746500400000,34,0.5773882814866933,17.92198268411009,144737.8030227746,0.6836724800278757,12,0.35294117647058826,0.520266872234277,15,0.4411764705882353,0.5175898180998436,7.0,0.20588235294117646,,,0.0,,,0.0,0.2801500278022034,0.40352245222567235,12,12,1122.1666666666667,1030.0,1.032955844054832,0.9166666666666666,3.1852305982770425e-05,4.31114427756113e+24,918602.2727498724,3,2025-05-06 00:00:00+00:00,1,6.913194444444445
1746504000000,34,0.5597145277798162,17.47955284890602,135399.42611501314,0.5911101437832935,7,0.20588235294117646,0.6655187379960593,19,0.5588235294117647,0.28095836451319606,8.0,0.23529411764705882,,,0.0,,,0.0,0.18557118806055553,0.40553895572273796,7,7,1000.5714285714286,708.0,0.9505701990762558,0.7142857142857143,2.8137459924188654e-05,4.154983622996156e+24,905607.6527056372,4,2025-05-06 00:00:00+00:00,1,6.954861111111111
1746507600000,64,0.4201390164727406,24.154646245049904,214110.55335941384,0.5448791949215779,16,0.25,0.4474538059411773,26,0.40625,0.2257983988691847,18.0,0.28125,0.6181649503485551,4.0,0.0625,,,0.0,0.39878326255109264,0.14609593237048524,16,16,1090.6875,990.0,1.0105883721192481,0.875,3.569222148934387e-05,4.1507462087141935e+24,1080067.7562355613,5,2025-05-06 00:00:00+00:00,1,6.996527777777778
1746511200000,58,0.44521205160431687,22.695022417070025,181658.32364558542,0.4721037511187251,15,0.25862068965517243,0.42319658208085137,28,0.4827586206896552,0.39769924186109823,12.0,0.20689655172413793,0.7062825085574959,3.0,0.05172413793103448,,,0.0,0.2605160062786335,0.21158774484009157,15,15,967.7333333333333,869.0,0.9460951071513485,0.9333333333333333,2.847748049470631e-05,4.1588469860177726e+24,1204363.2854280912,6,2025-05-06 00:00:00+00:00,1,7.038194444444445
1746514800000,70,0.5060727191869334,35.57386291115792,271342.8188643119,0.6000490689330182,16,0.22857142857142856,0.49879534551002747,32,0.45714285714285713,0.38549595109979967,18.0,0.2571428571428571,0.7309817660099425,4.0,0.05714285714285714,,,0.0,0.1824946296706828,0.4175544392623354,16,16,749.5625,747.5,0.8265161957929837,1.0,2.6818359752991672e-05,4.14796387298231e+24,1892324.697981848,7,2025-05-06 00:00:00+00:00,1,7.079861111111111
1746518400000,69,0.4677960046820279,30.70257542440445,269014.5959655187,0.44036734270441835,20,0.2898550724637681,0.5970975355118094,31,0.4492753623188406,0.19853936119322188,15.0,0.21739130434782608,0.6608211500690473,3.0,0.043478260869565216,,,0.0,0.18952165617597355,0.25084568652844474,20,20,1138.0,1244.0,1.0003145730560246,0.8,3.0935617419270476e-05,4.102059829763118e+24,2063907.8640088441,8,2025-05-06 00:00:00+00:00,1,7.121527777777778
1746522000000,86,0.5214542696112683,43.534985514117444,363316.01364253723,0.5473505230908338,19,0.22093023255813954,0.568845685090705,42,0.4883720930232558,0.30891573550279133,20.0,0.23255813953488372,0.8751147527955592,5.0,0.05813953488372093,,,0.0,0.4502644015977252,0.09708612149310858,19,19,966.0,829.0,0.9302504014651581,0.8421052631578947,4.612310848933845e-05,4.1376791181580496e+24,3305710.297306658,9,2025-05-06 00:00:00+00:00,1,7.163194444444445
1746525600000,176,0.607490351312096,109.73406743963272,840575.993310405,0.6790540434640788,40,0.22727272727272727,0.6473752474617498,61,0.3465909090909091,0.5376612063271214,74.0,0.42045454545454547,0.47932072899203954,1.0,0.005681818181818182,,,0.0,0.29329504654021593,0.38575899692386284,40,40,1103.375,1045.5,1.0248941161598295,0.925,6.895403936943575e-05,4.152423019662833e+24,6548741.90106576,10,2025-05-06 00:00:00+00:00,1,7.204861111111111
1746529200000,117,0.4826160240629384,53.71157166160658,405678.1836237744,0.6173902354651778,26,0.2222222222222222,0.49032337265087544,42,0.358974358974359,0.3640334664617941,45.0,0.38461538461538464,0.859710262787917,4.0,0.03418803418803419,,,0.0,0.1583528616418639,0.45903737382331394,26,26,927.3461538461538,1025.0,0.9087571941997828,0.9615384615384616,4.632531939370733e-05,4.190244884925302e+24,2629067.2829881464,11,2025-05-06 00:00:00+00:00,1,7.246527777777778
1746532800000,121,0.5117897340820777,58.1716555566111,480525.63106711133,0.5323267518667907,33,0.2727272727272727,0.6287404815745428,51,0.4214876033057851,0.35374633299006564,34.0,0.2809917355371901,0.08887837678780143,3.0,0.024793388429752067,,,0.0,0.17048918702876462,0.36183756483802604,33,33,1100.1818181818182,993.0,0.9860711928432245,0.8181818181818182,4.453812753960269e-05,4.119625382680749e+24,2274883.9915957036,12,2025-05-06 00:00:00+00:00,1,7.288194444444445
1746536400000,147,0.5344680915661625,79.30866315850714,626457.8402649321,0.6111236371419926,42,0.2857142857142857,0.5190005818652631,58,0.3945578231292517,0.48825951508449095,46.0,0.3129251700680272,0.33764525819035635,1.0,0.006802721088435374,,,0.0,0.29515759434888666,0.3159660427931059,42,42,1339.404761904762,1200.5,1.1207070207740173,0.8095238095238095,5.3291875090943585e-05,4.240272383401205e+24,2680705.7099461416,13,2025-05-06 00:00:00+00:00,1,7.329861111111111
1746540000000,111,0.5180236223669977,55.987629777012245,461206.3393161898,0.608507845867746,34,0.3063063063063063,0.5468739906882152,43,0.38738738738738737,0.3729598496439547,30.0,0.2702702702702703,0.526744558580373,4.0,0.036036036036036036,,,0.0,0.21461137681427522,0.3938964690534707,34,34,1028.1176470588234,938.0,0.968457127443565,0.8235294117647058,5.2790447693752636e-05,4.1419490775355783e+24,2921365.409173108,14,2025-05-06 00:00:00+00:00,1,7.371527777777778
1746543600000,79,0.5018861669089221,37.520674705160395,303875.034627975,0.5887991359245929,16,0.20253164556962025,0.5412420185285224,41,0.5189873417721519,0.2952378506820849,20.0,0.25316455696202533,1.066270618850119,2.0,0.02531645569620253,,,0.0,0.25423804933771915,0.33456108658687367,16,16,1442.875,1107.0,1.148135986201109,0.75,3.241673312391437e-05,4.212431015112028e+24,2398166.25741011,15,2025-05-06 00:00:00+00:00,1,7.413194444444445
1746547200000,146,0.562514015216454,76.50482410386581,591328.7192930161,0.5583247040318832,44,0.3013698630136986,0.7187034628314946,50,0.3424657534246575,0.42281309776212667,48.0,0.3287671232876712,0.3326393525106561,4.0,0.0273972602739726,,,0.0,0.3758108704172761,0.18251383361460694,44,44,1029.8181818181818,1024.5,0.9861867345232261,0.8863636363636364,5.2185469124352865e-05,4.183041527639221e+24,2557797.399442983,16,2025-05-06 00:00:00+00:00,1,7.454861111111111
1746550800000,102,0.5529823421474434,53.83528244063225,421662.67177672865,0.49669052515999373,30,0.29411764705882354,0.7511136071914482,37,0.3627450980392157,0.32958202443866547,31.0,0.30392156862745096,0.8738092301393006,4.0,0.0392156862745098,,,0.0,0.3405771842994,0.15611334086059378,30,30,1202.9,1217.0,1.0472168161604145,0.8,4.161647963573765e-05,4.191818873854236e+24,2164214.60146053,17,2025-05-06 00:00:00+00:00,1,7.496527777777778
1746554400000,18,0.5700622521365911,9.571037224551059,82422.38359844986,1.0507846166722965,2,0.1111111111111111,0.5640048519957594,12,0.6666666666666666,0.37744100247657225,3.0,0.16666666666666666,0.2591700737352162,1.0,0.05555555555555555,,,0.0,0.30134606927678753,0.749438547395509,2,2,923.0,923.0,0.947688897380049,1.0,3.502628594047185e-05,4.116380441830337e+24,1168491.9081410498,18,2025-05-06 00:00:00+00:00,1,7.538194444444445
1746558000000,94,0.5599795234133337,51.561868983008544,391005.69609854324,0.7684735119504649,34,0.3617021276595745,0.529305276103936,31,0.32978723404255317,0.38940716658178776,22.0,0.23404255319148937,0.21922208150231673,7.0,0.07446808510638298,,,0.0,0.34279227081430674,0.4256812411361581,34,34,1232.7941176470588,1222.5,1.061363589709316,0.7058823529411765,4.2318334109264496e-05,4.0564547181339205e+24,1985416.337174775,19,2025-05-06 00:00:00+00:00,1,7.579861111111111
1746561600000,72,0.4985833660701966,34.93872083348135,287372.64819775824,0.5258405007460994,18,0.25,0.48405861878615264,31,0.4305555555555556,0.35225131319717307,19.0,0.2638888888888889,1.183570302626836,4.0,0.05555555555555555,,,0.0,0.25738276194584414,0.26845773880025525,18,18,1295.1666666666667,1007.0,1.0566046619510314,0.7777777777777778,4.0781277852709646e-05,4.1618326298891977e+24,1554352.493741939,20,2025-05-06 00:00:00+00:00,1,7.621527777777778
1746565200000,62,0.5751691516881082,34.01158442134713,247870.94194922625,0.5845253182547283,18,0.2903225806451613,0.7053664883383279,32,0.5161290322580645,0.2139420041042588,12.0,0.1935483870967742,,,0.0,,,0.0,0.30620117304716366,0.27832414520756465,18,18,1329.2777777777778,1096.0,1.093501237575917,0.7222222222222222,3.7378034161635855e-05,4.146614673464178e+24,1083747.8187819875,21,2025-05-06 00:00:00+00:00,1,7.663194444444445
1746568800000,161,0.6418244175053017,94.0672533008304,725816.3278135983,0.6936856001544517,55,0.3416149068322981,0.6938872694841067,64,0.39751552795031053,0.4644071060424335,39.0,0.2422360248447205,0.8867869424069964,3.0,0.018633540372670808,,,0.0,0.2855931283107297,0.408092471843722,55,55,1439.2363636363636,1168.0,1.1222446500992682,0.7272727272727273,7.26766740184223e-05,4.197364497446075e+24,3259526.6367773586,22,2025-05-06 00:00:00+00:00,1,7.704861111111111
1746572400000,105,0.38602961626460836,38.70628682833715,341739.25060550513,0.3874898403120745,26,0.24761904761904763,0.454317980619725,34,0.3238095238095238,0.3025873247710373,40.0,0.38095238095238093,0.5816139055515599,5.0,0.047619047619047616,,,0.0,0.2150069656135648,0.17248287469850965,26,26,1588.5,1075.0,1.1524310637411306,0.6153846153846154,3.921632984035841e-05,4.1464897793643195e+24,1624315.2364570678,23,2025-05-06 00:00:00+00:00,1,7.746527777777778
1746576000000,134,0.5305399764364929,66.98672725801327,543443.7922686777,0.6639664878586221,36,0.26865671641791045,0.5672784242552644,52,0.3880597014925373,0.3666173724976212,45.0,0.3358208955223881,1.1933034559129538,1.0,0.007462686567164179,,,0.0,0.23244017440552833,0.4315263134530937,36,36,1015.8055555555555,1066.5,0.936029611581536,0.7777777777777778,7.224122560387799e-05,4.060662779032634e+24,3522700.5054401904,0,2025-05-07 00:00:00+00:00,1,7.788194444444445
1746579600000,134,0.4867590571393612,61.34277040028868,506443.4303117536,0.5688577616616229,47,0.35074626865671643,0.5203740205190405,51,0.3805970149253731,0.31550449591768925,34.0,0.2537313432835821,0.6115854754528147,2.0,0.014925373134328358,,,0.0,0.22753590145933567,0.3413218602022873,47,47,1309.3617021276596,1063.0,1.0652115722983355,0.7659574468085106,4.932182732648063e-05,4.1563928206988044e+24,3020499.153894757,1,2025-05-07 00:00:00+00:00,1,7.829861111111111
1746583200000,71,0.5828020354926711,40.647096601098696,314906.7912656759,0.5945906443836311,25,0.352112676056338,0.7713125189036486,30,0.4225352112676056,0.21092517770496338,16.0,0.22535211267605634,,,0.0,,,0.0,0.23652906846722918,0.35806157591640186,25,25,1464.44,1292.0,1.114841064902715,0.64,3.8743238899409876e-05,4.296101870931109e+24,1427384.8039859144,2,2025-05-07 00:00:00+00:00,1,7.871527777777778
1746586800000,85,0.5842218894386306,50.45620652040916,372641.0142752949,0.7944609313729579,30,0.35294117647058826,0.583538157443401,32,0.3764705882352941,0.3209588888691735,22.0,0.25882352941176473,0.09071606778421422,1.0,0.011764705882352941,,,0.0,0.39039951152268115,0.40406141985027677,30,30,1306.5666666666666,1146.5,1.0749853203302058,0.8,4.2931169935697214e-05,4.355993955705219e+24,1679207.7178165698,3,2025-05-07 00:00:00+00:00,1,7.913194444444445
1746590400000,75,0.5303052923094491,41.15269346854523,326105.8878801077,0.5106640846210828,20,0.26666666666666666,0.6106207806220622,33,0.44,0.4265300631000065,21.0,0.28,0.45199814515883924,1.0,0.013333333333333334,,,0.0,0.27852805581030177,0.232136028810781,20,20,1327.2,1280.5,1.1069111856082943,0.65,4.0441298762540696e-05,4.1773002499901076e+24,1358483.4040710686,4,2025-05-07 00:00:00+00:00,1,7.954861111111111
1746594000000,70,0.48465561152136666,30.849716519615495,256813.30693899124,0.7040681400988114,17,0.24285714285714285,0.46087255037121083,35,0.5,0.33019936631136493,15.0,0.21428571428571427,0.29106822238433944,3.0,0.04285714285714286,,,0.0,0.45086835484133003,0.25319978525748127,17,17,1285.5882352941176,1167.0,1.078528553948252,0.7058823529411765,3.49053311560314e-05,4.0281419085907534e+24,1395401.1576075542,5,2025-05-07 00:00:00+00:00,1,7.996527777777778
1746597600000,69,0.5421515731613297,35.23970212977182,277117.2629836494,0.47222849136862,18,0.2608695652173913,0.6756022806428293,25,0.36231884057971014,0.4775975800342511,25.0,0.36231884057971014,0.07834918656957153,1.0,0.014492753623188406,,,0.0,0.3434879198869086,0.12874057148171136,18,18,1865.0,1115.0,1.2244426760636153,0.7222222222222222,4.9422294309181025e-05,4.0748836675860094e+24,2275197.4945167727,6,2025-05-07 00:00:00+00:00,1,8.038194444444445
1746601200000,48,0.5643174011701945,26.523982075610377,197558.3115963906,0.3609621505383806,8,0.16666666666666666,0.7750083288608832,25,0.5208333333333334,0.34165501985020585,14.0,0.2916666666666667,0.04115955243733178,1.0,0.020833333333333332,,,0.0,0.29908537902775895,0.06187677151062166,8,8,1263.75,975.0,0.9891967462812654,0.875,3.225062242096743e-05,4.022552465534018e+24,2016963.7701509472,7,2025-05-07 00:00:00+00:00,1,8.07986111111111
1746604800000,93,0.46430772643533047,39.31963148328113,338759.82890266203,0.575239696228439,18,0.1935483870967742,0.49499985265227253,43,0.46236559139784944,0.33322604215701307,29.0,0.3118279569892473,0.6259183799242442,3.0,0.03225806451612903,,,0.0,0.3002716735661174,0.2749680226623215,18,18,1156.8333333333333,1136.5,1.0288373307978687,0.8333333333333334,3.713989443978462e-05,4.045510307349227e+24,2122606.1175679867,8,2025-05-07 00:00:00+00:00,1,8.121527777777779
1746608400000,78,0.49440439183038193,36.65158176361908,274716.2145873391,0.4871805780825031,14,0.1794871794871795,0.6226474902206441,33,0.4230769230769231,0.35165928774818217,24.0,0.3076923076923077,0.3936891980538744,7.0,0.08974358974358974,,,0.0,0.2633320701137064,0.22384850796879668,14,14,1855.0,1309.5,1.2662509668177127,0.5714285714285714,3.255363586657887e-05,4.060864957250228e+24,2280362.3160767304,9,2025-05-07 00:00:00+00:00,1,8.163194444444445
1746612000000,57,0.560440732038878,29.40578473270622,230392.21515834407,0.5424254804180526,10,0.17543859649122806,0.6582185883196042,25,0.43859649122807015,0.3623080506049989,20.0,0.3508771929824561,1.4096206009727172,2.0,0.03508771929824561,,,0.0,0.2859139614618264,0.25651151895622615,10,10,983.1,1039.5,0.9523163128831469,0.9,3.362569500553903e-05,4.030523506374222e+24,2286313.70298614,10,2025-05-07 00:00:00+00:00,1,8.20486111111111
1746615600000,49,0.7018481313531824,32.29539643275104,227702.51720891515,0.5730154918699076,9,0.1836734693877551,0.8108308558517638,20,0.40816326530612246,0.6987790399406208,18.0,0.3673469387755102,0.21938958675515957,2.0,0.04081632653061224,,,0.0,0.15063712896243703,0.42237836290747055,9,9,1269.0,1073.0,0.9589794009319732,0.7777777777777778,2.7036140583759857e-05,4.0271818327524933e+24,2113719.817345668,11,2025-05-07 00:00:00+00:00,1,8.246527777777779
1746619200000,55,0.6199626655037733,27.255704806304315,203339.16332711774,0.8817580058503067,9,0.16363636363636364,0.7698904668818669,26,0.4727272727272727,0.3054879906117718,18.0,0.32727272727272727,0.32309429005716955,2.0,0.03636363636363636,,,0.0,0.5163361229355823,0.3654218829147244,9,9,924.1111111111111,944.0,0.86604726953281,0.8888888888888888,4.3460514464540393e-05,3.6768687320755014e+24,2461803.1642577485,12,2025-05-07 00:00:00+00:00,1,8.288194444444445
1746622800000,131,0.5786130872040592,77.78191067194491,529921.0508913962,0.5122698548060222,28,0.21374045801526717,0.843129473170325,55,0.4198473282442748,0.3016549388360252,45.0,0.3435114503816794,0.5027217390580402,3.0,0.022900763358778626,,,0.0,0.300252473054954,0.21201738175106813,28,28,1017.1428571428571,933.5,0.9799554348029489,0.9285714285714286,5.629668441355378e-05,3.992753898319669e+24,3112285.511046534,13,2025-05-07 00:00:00+00:00,1,8.32986111111111
1746626400000,81,0.5524242553985084,44.69485448104198,312334.84404462425,0.6123837160967912,17,0.20987654320987653,0.6920458224007154,30,0.37037037037037035,0.4334183366769514,31.0,0.38271604938271603,0.046166134875588655,3.0,0.037037037037037035,,,0.0,0.40818631606303274,0.2041974000337585,17,17,864.4117647058823,1019.0,0.8659405613926286,0.9411764705882353,3.43412832345938e-05,4.039613194754647e+24,2687227.928938094,14,2025-05-07 00:00:00+00:00,1,8.371527777777779
1746630000000,40,0.4963662230115526,22.444260455129907,213153.19958400563,0.6194982987628448,10,0.25,0.5522329649632627,20,0.5,0.26564674966547464,9.0,0.225,0.22418588657913213,1.0,0.025,,,0.0,0.43660684137159045,0.18289145739125434,10,10,613.1,421.0,0.7315305368128024,0.9,4.344338065105053e-05,4.2298880187961994e+24,2403575.9868400735,15,2025-05-07 00:00:00+00:00,1,8.413194444444445
1746633600000,106,0.6131136561735969,85.92878717405803,469209.644548555,1.0214503860760402,30,0.2830188679245283,0.5501815377606809,40,0.37735849056603776,0.3087656347998688,33.0,0.3113207547169811,0.7166695044323887,3.0,0.02830188679245283,,,0.0,0.2814792729212894,0.7399711131547507,30,30,1283.9666666666667,1343.5,1.099003199459254,0.7,5.744675458949373e-05,4.0230400188955624e+24,2710903.295077978,16,2025-05-07 00:00:00+00:00,1,8.45486111111111
1746637200000,77,0.5655051590032811,39.240170704308255,300581.0794124905,0.7996961688930094,24,0.3116883116883117,0.5209619251174448,33,0.42857142857142855,0.3358290409168669,18.0,0.23376623376623376,0.5572614622205716,2.0,0.025974025974025976,,,0.0,0.26432595185674285,0.5353702170362665,24,24,1485.8333333333333,1179.5,1.1477929606419006,0.7083333333333334,4.1990946200997534e-05,4.0358657845529586e+24,1493602.56648103,17,2025-05-07 00:00:00+00:00,1,8.496527777777779
1746640800000,180,0.6179244902938971,103.3862687493571,780717.6664524274,0.5356454357603339,61,0.3388888888888889,0.7292552947553956,70,0.3888888888888889,0.5575617328096036,40.0,0.2222222222222222,0.5779663029176957,9.0,0.05,,,0.0,0.18878728513253218,0.3468581506278016,61,61,1345.1475409836066,1251.0,1.1044213812121653,0.7213114754098361,5.929137638453081e-05,4.0302483955742446e+24,3295676.6470821486,18,2025-05-07 00:00:00+00:00,1,8.538194444444445
1746644400000,114,0.5523543810562211,57.75933866440803,455903.2361263941,0.4938941884113233,27,0.23684210526315788,0.6312142241849588,54,0.47368421052631576,0.447052347094746,30.0,0.2631578947368421,0.7120392781577731,3.0,0.02631578947368421,,,0.0,0.13584746980491766,0.3580467186064056,27,27,1310.5185185185185,1125.0,1.1041171663015994,0.7777777777777778,5.799195568912086e-05,4.0304487237211743e+24,2186445.698999836,19,2025-05-07 00:00:00+00:00,1,8.57986111111111
1746648000000,51,0.4745874513122152,23.965257827937922,196402.92953365517,0.6677233976658545,19,0.37254901960784315,0.41555504324872145,19,0.37254901960784315,0.21169872759877928,12.0,0.23529411764705882,1.081284908360681,1.0,0.0196078431372549,,,0.0,0.3951410152380246,0.2725823824278299,19,19,1334.9473684210527,1123.0,1.1013307686845544,0.631578947368421,3.168290133972714e-05,4.034040632130036e+24,995400.8246732616,20,2025-05-07 00:00:00+00:00,1,8.621527777777779
1746651600000,73,0.5145119518309831,32.70537899164596,262288.1520936637,0.5062506748162452,20,0.273972602739726,0.6591073293578326,32,0.4383561643835616,0.3393182139244315,17.0,0.2328767123287671,0.1436287027927205,4.0,0.0547945205479452,,,0.0,0.247941924190421,0.25830875062582415,20,20,1563.8,894.0,1.1124136932453808,0.75,3.71617060901053e-05,4.0314533250271163e+24,1194448.0668992363,21,2025-05-07 00:00:00+00:00,1,8.663194444444445
1746655200000,64,0.4017288304260522,22.62197458516146,201729.6688004928,0.2524691510083091,16,0.25,0.5704482366164163,29,0.453125,0.273173312759178,17.0,0.265625,0.24209677617614916,2.0,0.03125,,,0.0,0.3043072473648692,-0.051838096356560115,16,16,1017.25,977.0,0.9730545253851044,0.875,3.0598105304220836e-05,4.132074533965084e+24,1052609.6743950273,22,2025-05-07 00:00:00+00:00,1,8.70486111111111
1746658800000,54,0.6922842366412505,37.497252026221254,265937.50004302565,0.5796708687240008,16,0.2962962962962963,0.9145608248527102,27,0.5,0.31049750982003094,11.0,0.2037037037037037,,,0.0,,,0.0,0.2892853983630103,0.2903854703609904,16,16,1356.0,1257.0,1.1353451508890613,0.5625,2.7868613917934916e-05,4.1276451234991235e+24,1291788.7472643768,23,2025-05-07 00:00:00+00:00,1,8.746527777777779
1746662400000,122,0.45477368553662495,53.64891610230816,442604.4043872752,0.627114698751702,36,0.29508196721311475,0.3880295632394582,46,0.3770491803278688,0.36628735341481894,33.0,0.27049180327868855,0.4242025583861245,7.0,0.05737704918032787,,,0.0,0.2628304519711012,0.3642842467806008,36,36,1034.8055555555557,1011.5,0.9847936340115498,0.8888888888888888,5.3829837670777526e-05,4.1510771188302553e+24,2575292.359690217,0,2025-05-08 00:00:00+00:00,1,8.788194444444445
1746666000000,113,0.525289189055012,59.26216903269555,459397.859969864,0.5013839390547216,37,0.3274336283185841,0.6532743564122497,42,0.37168141592920356,0.4134144206033907,31.0,0.2743362831858407,0.18436753672401798,3.0,0.02654867256637168,,,0.0,0.21033173552363288,0.29105220353108874,37,37,1132.5405405405406,964.0,0.9971715645168202,0.7567567567567568,6.513048406031104e-05,4.1188681709720886e+24,3197825.907103653,1,2025-05-08 00:00:00+00:00,1,8.82986111111111
1746669600000,95,0.6178923786821333,60.95571986859719,437529.78465046524,0.6388072912099421,34,0.35789473684210527,0.6324211492246138,32,0.3368421052631579,0.5783114384482654,25.0,0.2631578947368421,0.5712663343175892,4.0,0.042105263157894736,,,0.0,0.39106917997997825,0.24773811122996375,34,34,1181.7941176470588,1021.5,1.0601223642859918,0.7352941176470589,6.4274316482224e-05,4.004327029471246e+24,3732396.601451862,2,2025-05-08 00:00:00+00:00,1,8.871527777777779
1746673200000,140,0.5613958029557546,70.09096026227182,591681.5108480878,0.43237743675939105,50,0.35714285714285715,0.7645196132402378,51,0.36428571428571427,0.4611805205277939,39.0,0.2785714285714286,,,0.0,,,0.0,0.2844151123069247,0.14796232445246638,50,50,1010.66,955.5,0.9415013818046076,0.9,6.351051613734141e-05,3.753861945865807e+24,3491186.3833727487,3,2025-05-08 00:00:00+00:00,1,8.913194444444445
1746676800000,182,0.6774331142763684,103.48634332967472,758963.1305015979,0.5942771129019243,48,0.26373626373626374,0.8378212250241764,81,0.44505494505494503,0.5012749860491329,46.0,0.25274725274725274,0.5493366848268979,7.0,0.038461538461538464,,,0.0,0.3078370491534143,0.28644006374851,48,48,1137.6875,1016.5,1.0046839610358635,0.7708333333333334,5.7230595648507446e-05,3.5129360913724317e+24,3787221.8464329005,4,2025-05-08 00:00:00+00:00,1,8.95486111111111
1746680400000,125,0.5247826534468788,56.823251009934864,438025.24576631177,0.5438348357111965,28,0.224,0.5977904638435881,52,0.416,0.3949112725733646,42.0,0.336,0.8996929043328207,3.0,0.024,,,0.0,0.29175367040676836,0.2520811653044281,28,28,1277.0357142857142,996.5,1.0883986323398003,0.7857142857142857,4.205897631248118e-05,3.6885390292182035e+24,2631103.2045519752,5,2025-05-08 00:00:00+00:00,1,8.996527777777779
1746684000000,115,0.7180041844432964,70.26142504181483,453728.0509254911,0.6045373996532534,24,0.20869565217391303,1.0386944541909022,45,0.391304347826087,0.4769706441332963,40.0,0.34782608695652173,0.37358456922975763,6.0,0.05217391304347826,,,0.0,0.35902993033500574,0.2455074693182476,24,24,945.7083333333334,1003.0,0.9361736012612126,0.9166666666666666,4.055354926766356e-05,3.3420541439100235e+24,2799597.423573859,6,2025-05-08 00:00:00+00:00,1,9.038194444444445
1746687600000,152,0.6178137745352138,69.53134703760071,527457.070886698,0.6271646475463456,30,0.19736842105263158,0.7601197257886401,67,0.4407894736842105,0.41496879321967306,46.0,0.3026315789473684,0.5640186874464767,9.0,0.05921052631578947,,,0.0,0.40959868370271746,0.21756596384362817,30,30,946.2333333333333,900.0,0.9195939128807074,0.9333333333333333,6.098987833512254e-05,3.1815877226675256e+24,3846908.11799493,7,2025-05-08 00:00:00+00:00,1,9.07986111111111
1746691200000,160,0.6438564548911933,80.29295519066918,590554.9059468757,0.599363203319846,41,0.25625,0.8787977760333353,57,0.35625,0.45717334602583437,60.0,0.375,0.4606337255135271,2.0,0.0125,,,0.0,0.23086866158158637,0.36849454173825963,41,41,1210.4878048780488,1039.0,1.0093859874843416,0.8048780487804879,6.833984300924479e-05,3.1268108252042875e+24,3253686.94598759,8,2025-05-08 00:00:00+00:00,1,9.121527777777779
1746694800000,140,0.5023161696077678,52.32381461785785,382083.7085229442,0.5727282457572341,30,0.21428571428571427,0.5103771347178524,59,0.42142857142857143,0.3682436416460423,42.0,0.3,0.8404369416537126,9.0,0.06428571428571428,,,0.0,0.28602500507387263,0.2867032406833614,30,30,1342.6,1267.0,1.0962658635262374,0.8,4.429229302671105e-05,3.117797462821961e+24,2385655.928849886,9,2025-05-08 00:00:00+00:00,1,9.163194444444445
1746698400000,79,0.6571516834869521,38.82386151308718,314207.07908100827,0.745116546167248,21,0.26582278481012656,0.8439316524342674,27,0.34177215189873417,0.4585726929932985,25.0,0.31645569620253167,0.33617726423322175,6.0,0.0759493670886076,,,0.0,0.40488231344625447,0.3402342327209934,21,21,1152.904761904762,1182.0,1.032035553042439,0.8571428571428571,4.232295046242343e-05,3.151156389463942e+24,11908598.34766221,10,2025-05-08 00:00:00+00:00,1,9.20486111111111
1746702000000,158,0.6444708503642873,91.5511141799382,551673.3772829839,0.4999849040137212,39,0.2468354430379747,0.9120236124006037,58,0.3670886075949367,0.4399049334208157,53.0,0.33544303797468356,0.764331513810502,8.0,0.05063291139240506,,,0.0,0.21607051816334055,0.28391438585038065,39,39,1095.5897435897436,1167.0,0.9843989604491917,0.8974358974358975,5.601882023887165e-05,3.1489555623927843e+24,2572441.675631801,11,2025-05-08 00:00:00+00:00,1,9.246527777777779
1746705600000,149,0.5611821702168438,69.07332335166946,480632.7328694017,0.6181035136075828,38,0.2550335570469799,0.6872989009867226,62,0.4161073825503356,0.33115372305975754,44.0,0.2953020134228188,0.5889828338830903,5.0,0.03355704697986577,,,0.0,0.390859470650003,0.22724404295757972,38,38,1186.2105263157894,1171.5,1.0172281939790906,0.8421052631578947,3.737806732574069e-05,3.1664398090415704e+24,2290999.620099738,12,2025-05-08 00:00:00+00:00,1,9.288194444444445
1746709200000,172,0.538220486262521,68.21951755938329,533800.2429710022,0.5882344957309624,43,0.25,0.6663833779059205,63,0.36627906976744184,0.3792444672605652,58.0,0.3372093023255814,0.41268855144205396,8.0,0.046511627906976744,,,0.0,0.3464332577446185,0.24180123798634395,43,43,1083.8139534883721,1140.0,1.0022430897889527,0.8604651162790697,7.653916121191035e-05,3.1707406010866556e+24,3463798.5562106366,13,2025-05-08 00:00:00+00:00,1,9.32986111111111
1746712800000,200,0.7229258700225568,115.93933067107193,717320.9627221178,0.7185966261858286,58,0.29,0.8510294220845696,74,0.37,0.5500007960820545,62.0,0.31,0.9717238490646327,6.0,0.03,,,0.0,0.24326318947110373,0.47533343671472494,58,58,1010.448275862069,986.5,0.9679782591613209,0.896551724137931,6.816428627239685e-05,2.959534712879186e+24,3308286.344271331,14,2025-05-08 00:00:00+00:00,1,9.371527777777779
1746716400000,295,0.8805720095112283,204.67540336858414,1383581.1408846464,0.6973357172281412,93,0.3152542372881356,1.222285360974775,105,0.3559322033898305,0.6886424239757083,91.0,0.30847457627118646,0.6516829365757305,6.0,0.020338983050847456,,,0.0,0.3698413300453101,0.3274943871828311,93,93,1089.3655913978494,1018.0,0.9996428243181485,0.9032258064516129,0.00012287460705120493,2.939866409525401e+24,7470977.819288101,15,2025-05-08 00:00:00+00:00,1,9.413194444444445
1746720000000,202,0.7505084876522755,115.03585433767222,749197.6658924588,0.7051231216746257,59,0.29207920792079206,0.9491377916807264,70,0.3465346534653465,0.5377612296425877,65.0,0.3217821782178218,1.0757906228172085,8.0,0.039603960396039604,,,0.0,0.23590960802885622,0.46921351364576935,59,59,1242.4237288135594,1128.0,1.046826871064536,0.8305084745762712,6.918598278463545e-05,2.9076246470187063e+24,4211876.337161149,16,2025-05-08 00:00:00+00:00,1,9.45486111111111
1746723600000,189,0.5799162228654434,83.82400849472809,637135.7405550256,0.7169294477165191,53,0.2804232804232804,0.5582554583580385,79,0.41798941798941797,0.42288729230168975,48.0,0.25396825396825395,0.8006815724252383,9.0,0.047619047619047616,,,0.0,0.2558553812800061,0.46107406643651294,53,53,1106.433962264151,993.0,0.9955346310021007,0.7735849056603774,9.00258058183701e-05,2.993107830399698e+24,4447078.3435771,17,2025-05-08 00:00:00+00:00,1,9.496527777777779
1746727200000,124,0.7644796135801184,147.60386182545506,485092.79881829344,0.6820883026252436,41,0.33064516129032256,0.647803218064477,60,0.4838709677419355,1.31696911158874,20.0,0.16129032258064516,0.5407587868854211,3.0,0.024193548387096774,,,0.0,0.381954297608849,0.3001340050163945,41,41,1408.9268292682927,1093.0,1.093698119934928,0.8048780487804879,4.069851403068394e-05,3.1162845648633776e+24,2843949.3274059272,18,2025-05-08 00:00:00+00:00,1,9.538194444444445
1746730800000,162,0.6825131921083943,92.39566725086435,637822.291784666,0.760670571335879,54,0.3333333333333333,0.7275273858926957,64,0.3950617283950617,0.5155159774420823,41.0,0.25308641975308643,0.5976728323881714,3.0,0.018518518518518517,,,0.0,0.3620569899378707,0.3986135813980083,54,54,1282.1666666666667,1186.5,1.0590511604481219,0.7962962962962963,6.152092807257558e-05,3.141476483545888e+24,2376943.699567978,19,2025-05-08 00:00:00+00:00,1,9.57986111111111
1746734400000,176,0.7849283002238457,102.22247136371357,730149.8017476485,0.6803337757654876,59,0.3352272727272727,1.0317685204406883,71,0.4034090909090909,0.5484444608629013,42.0,0.23863636363636365,0.42936394042558756,4.0,0.022727272727272728,,,0.0,0.35043219175912294,0.3299015840063646,59,59,1180.8813559322034,993.0,1.0208460569618727,0.7966101694915254,8.707980198552272e-05,2.8689213437853446e+24,4059953.138666426,20,2025-05-08 00:00:00+00:00,1,9.621527777777779
1746738000000,283,0.8282586771882958,159.16087916064976,1153910.4009216044,0.7278715827807877,96,0.3392226148409894,1.1476181449324494,95,0.33568904593639576,0.5892614665591073,86.0,0.303886925795053,0.8035539674443601,6.0,0.02120141342756184,,,0.0,0.3469159474645622,0.3809556353162255,96,96,1090.0729166666667,1108.5,1.0056792121977012,0.8958333333333334,0.00011809674998474335,2.658686310598207e+24,5542105.870421136,21,2025-05-08 00:00:00+00:00,1,9.663194444444445
1746741600000,163,0.666562095014028,81.41048948556717,595305.0080484118,0.7499436864779163,54,0.3312883435582822,0.7190716455679729,74,0.4539877300613497,0.4199883973525784,26.0,0.15950920245398773,0.44685136825355937,9.0,0.05521472392638037,,,0.0,0.33389047994355614,0.4160532065343602,54,54,1126.7407407407406,1122.0,1.0158468209575344,0.8518518518518519,5.652157735256129e-05,2.8530790301915877e+24,2315985.4694243446,22,2025-05-08 00:00:00+00:00,1,9.70486111111111
1746745200000,103,0.7445655547657657,57.40606810097631,418027.3984153893,0.6968371671797017,23,0.22330097087378642,0.8454602244650747,57,0.5533980582524272,0.5422506304883244,23.0,0.22330097087378642,,,0.0,,,0.0,0.6000271817628864,0.09680998541681542,23,23,1349.4782608695652,1161.0,1.0745258488255964,0.6521739130434783,6.870453196485674e-05,3.044680092256334e+24,3419703.733326128,23,2025-05-08 00:00:00+00:00,1,9.746527777777779
1746748800000,200,0.6704430935012503,94.84322710614546,679922.4975390398,0.7392535839293607,58,0.29,0.8623330328962125,74,0.37,0.3811046299582567,61.0,0.305,0.5931262815105374,7.0,0.035,,,0.0,0.35985296966795366,0.3794006142614071,58,58,1113.0172413793102,1038.5,1.0187544062375942,0.8793103448275862,7.076341234005958e-05,2.8779294697642186e+24,3327555.556211399,0,2025-05-09 00:00:00+00:00,1,9.788194444444445
1746752400000,200,0.7409152150063444,108.85432092851842,733381.8322887638,0.8720020136226485,36,0.18,0.9410922943269785,79,0.395,0.4880161490391924,80.0,0.4,0.6806774671773717,5.0,0.025,,,0.0,0.29985927644333926,0.5721427371793091,36,36,1085.138888888889,1098.5,0.9886492701262453,0.7777777777777778,0.00010409329852392537,2.8748507817215554e+24,5107302.1950045675,1,2025-05-09 00:00:00+00:00,1,9.82986111111111
1746756000000,174,0.5610720429157966,70.69578351610511,524784.4067225454,0.9199690229607477,37,0.21264367816091953,0.6265604657733,70,0.40229885057471265,0.29184325153308505,61.0,0.3505747126436782,0.3210017783586251,6.0,0.034482758620689655,,,0.0,0.30562680586532304,0.6143422170954247,37,37,1148.027027027027,1027.0,0.9881857681753748,0.8648648648648649,5.454030216870727e-05,2.9003603007172755e+24,2644776.782347368,2,2025-05-09 00:00:00+00:00,1,9.871527777777779
1746759600000,170,0.6163540438652932,73.25949538186534,547663.6481195949,0.613590790776999,37,0.21764705882352942,0.7748275543092507,67,0.3941176470588235,0.44103586187277294,62.0,0.36470588235294116,0.7049146558797967,4.0,0.023529411764705882,,,0.0,0.2383612895669546,0.3752295012100444,37,37,1091.027027027027,896.0,0.9657755469386673,0.8918918918918919,6.704888952705514e-05,2.866578873495148e+24,2988801.2683370663,3,2025-05-09 00:00:00+00:00,1,9.913194444444445
1746763200000,141,0.5108833020688998,48.65579429771349,410811.25167665957,0.5937538653545413,35,0.24822695035460993,0.5109561119717392,61,0.4326241134751773,0.4316668081325346,41.0,0.2907801418439716,0.5966245851489758,4.0,0.028368794326241134,,,0.0,0.28313835383501,0.3106155115195313,35,35,1048.6,1033.0,0.9873674294700733,0.8857142857142857,5.774211278170883e-05,2.9079448439347777e+24,2293615.212711117,4,2025-05-09 00:00:00+00:00,1,9.95486111111111
1746766800000,147,0.5818129528516505,56.59466809611462,437867.258175012,0.6363150501291557,25,0.17006802721088435,0.6405758244182135,67,0.4557823129251701,0.4725958737240404,49.0,0.3333333333333333,0.5904749612442407,6.0,0.04081632653061224,,,0.0,0.3168531570102004,0.31946189311895523,25,25,1206.56,1063.0,1.0306265868149351,0.76,3.719842887683401e-05,2.8993291109932097e+24,3186152.5601336113,5,2025-05-09 00:00:00+00:00,1,9.996527777777779
1746770400000,124,0.4591484636774438,42.46649746625786,374291.995367783,0.5670110023139036,22,0.1774193548387097,0.4949536951806922,68,0.5483870967741935,0.3019617771240869,30.0,0.24193548387096775,0.4361157147718684,4.0,0.03225806451612903,,,0.0,0.22996868381262311,0.3370423185012804,22,22,1079.2272727272727,987.0,1.0091202438537878,0.8636363636363636,3.625046889208616e-05,2.8830407187502784e+24,4530073.546261927,6,2025-05-09 00:00:00+00:00,1,10.038194444444445
1746774000000,295,0.638904161329564,139.0004386955186,1012060.0969841867,0.585593768224206,68,0.2305084745762712,0.8826775325501356,94,0.31864406779661014,0.4966344502803525,131.0,0.4440677966101695,0.3127751532682197,2.0,0.006779661016949152,,,0.0,0.25583681489246757,0.3297569533317384,68,68,826.3970588235294,873.5,0.8488966545861528,0.9558823529411765,0.00010515114776217825,2.7240250966624654e+24,7673843.087664203,7,2025-05-09 00:00:00+00:00,1,10.07986111111111
1746777600000,365,0.9009996068349201,242.3455514337369,1578390.4909000893,0.5723915427935984,78,0.2136986301369863,1.3892696807104479,127,0.34794520547945207,0.6383849708962372,151.0,0.4136986301369863,1.2649929001429383,9.0,0.024657534246575342,,,0.0,0.30836302181441105,0.26402852097918733,78,78,793.5,752.0,0.825077535115924,0.9615384615384616,0.00015741474288846988,2.501672902236208e+24,10869916.025078554,8,2025-05-09 00:00:00+00:00,1,10.121527777777779
1746781200000,397,0.7829387273795225,220.84446869331893,1526012.138232371,0.6548901352935487,103,0.2594458438287154,1.07278551072544,146,0.3677581863979849,0.579863921203027,139.0,0.3501259445843829,0.6828023579222121,9.0,0.022670025188916875,,,0.0,0.3349987497816028,0.3198913855119459,103,103,1023.7766990291262,998.0,0.9646243250080886,0.8640776699029126,0.00014925763465374058,2.6624935434179145e+24,8897973.377606591,9,2025-05-09 00:00:00+00:00,1,10.163194444444445
1746784800000,258,0.6732026422840927,119.32454094794952,863485.0527249126,0.5520432472205589,62,0.24031007751937986,0.9368720197891912,103,0.3992248062015504,0.4679491932623568,88.0,0.34108527131782945,0.35645066724943136,5.0,0.01937984496124031,,,0.0,0.22826386368445012,0.32377938353610863,62,62,976.9032258064516,968.0,0.9490975786444585,0.9516129032258065,9.345546973978007e-05,2.7369977127479224e+24,5210542.238029774,10,2025-05-09 00:00:00+00:00,1,10.20486111111111
1746788400000,354,0.7349666020300925,202.62449531295468,1391016.3267791793,0.5698606972620003,97,0.2740112994350282,0.9696262710017369,121,0.3418079096045198,0.6362339558664711,130.0,0.3672316384180791,0.8110827383978808,6.0,0.01694915254237288,,,0.0,0.25946844219444554,0.3103922550675548,97,97,1023.2268041237113,1034.0,0.9692804497828754,0.8865979381443299,0.00012609119536306386,2.731126331909164e+24,7455857.488318117,11,2025-05-09 00:00:00+00:00,1,10.246527777777779
1746792000000,294,0.6841118899628594,152.41080368966456,1018566.7294764895,0.6975474048325941,85,0.2891156462585034,0.9194474514850425,105,0.35714285714285715,0.42039340577911677,97.0,0.3299319727891156,0.6453176388294847,7.0,0.023809523809523808,,,0.0,0.3503837114764765,0.34716369335611763,85,85,1058.7764705882353,1044.0,0.9969322661533804,0.9294117647058824,8.741209643677786e-05,2.865745862839736e+24,5703051.398879478,12,2025-05-09 00:00:00+00:00,1,10.288194444444445
1746795600000,238,0.6147227249286071,102.02670256863044,797532.0919185958,0.6035959370057957,56,0.23529411764705882,0.8783561780419652,88,0.3697478991596639,0.37990055169361125,87.0,0.36554621848739494,0.3079920565209742,7.0,0.029411764705882353,,,0.0,0.34188085940698365,0.26171507759881196,56,56,985.7142857142857,973.0,0.942467395840742,0.9107142857142857,0.00010613621331454231,2.808008093870921e+24,5923324.696404877,13,2025-05-09 00:00:00+00:00,1,10.32986111111111
1746799200000,410,0.7948532216214476,230.07466754986595,1604743.5342844415,0.7456687286763737,86,0.2097560975609756,1.0890891413286892,153,0.37317073170731707,0.5336344296496063,166.0,0.40487804878048783,1.3096712507002515,5.0,0.012195121951219513,,,0.0,0.37627135853277577,0.3693973701435979,86,86,1046.593023255814,1008.5,0.9907230585160218,0.9186046511627907,0.00015419103187296323,2.7020210540277145e+24,8463469.408938807,14,2025-05-09 00:00:00+00:00,1,10.371527777777779
1746802800000,367,0.7790370881191938,199.35834273688164,1291411.0996708898,0.8609758672054333,88,0.23978201634877383,1.0676849366501366,133,0.36239782016348776,0.44789615067169536,139.0,0.3787465940054496,0.8401533582617409,7.0,0.01907356948228883,,,0.0,0.31811195838722117,0.5428639088182121,88,88,1076.840909090909,1095.0,1.0036278988860732,0.875,0.00011601248870071553,2.732634856141423e+24,6958344.329343035,15,2025-05-09 00:00:00+00:00,1,10.413194444444445
1746806400000,312,0.7288462741345837,152.79668639646238,1133101.1706354402,0.7000987938831627,83,0.266025641025641,0.91030514299607,139,0.44551282051282054,0.4815187156603597,85.0,0.2724358974358974,0.366066386020659,5.0,0.016025641025641024,,,0.0,0.30495598318599026,0.39514281069717233,83,83,1103.0602409638554,1097.0,1.0177705971423987,0.891566265060241,9.811746881843868e-05,2.728239634238504e+24,4886181.942214195,16,2025-05-09 00:00:00+00:00,1,10.45486111111111
1746810000000,171,0.6423767092058402,71.32692913063742,546553.9443792956,0.7184392320783186,37,0.21637426900584794,0.8149525811815621,67,0.391812865497076,0.4114115579391274,61.0,0.3567251461988304,0.5943729523082428,6.0,0.03508771929824561,,,0.0,0.2712908243006337,0.44714840777768483,37,37,1259.1081081081081,1179.0,1.085032479443858,0.7567567567567568,6.271614439669997e-05,2.7155324622893175e+24,2708182.9157222454,17,2025-05-09 00:00:00+00:00,1,10.496527777777779
1746813600000,131,0.6870861732322352,57.489168142474725,405455.03762335185,0.8872339790799462,39,0.29770992366412213,0.7843005851364075,46,0.3511450381679389,0.4271921592014893,38.0,0.2900763358778626,0.38687931792169644,8.0,0.061068702290076333,,,0.0,0.2701409607017397,0.6170930183782065,39,39,1371.5128205128206,1262.0,1.1274240470493269,0.6923076923076923,5.4002976034298335e-05,2.7313943785812315e+24,1599126.0487799782,18,2025-05-09 00:00:00+00:00,1,10.538194444444445
1746817200000,116,0.7674793334256615,62.52063685000762,420668.5641711003,0.6974687435731702,31,0.2672413793103448,0.9256657983012582,58,0.5,0.4895020670484639,22.0,0.1896551724137931,0.5896819700138565,5.0,0.04310344827586207,,,0.0,0.24072150302763223,0.45674724054553795,31,31,1581.4193548387098,1231.0,1.1965295221692507,0.6774193548387096,5.742969568303978e-05,2.7544450787826783e+24,1512970.8479384976,19,2025-05-09 00:00:00+00:00,1,10.57986111111111
1746820800000,77,0.5716316864192567,28.406334466769685,236301.21022726418,0.4995405234377035,30,0.38961038961038963,0.7258527757278113,28,0.36363636363636365,0.46296557245001785,17.0,0.22077922077922077,0.4175658495613197,2.0,0.025974025974025976,,,0.0,0.2537875755037619,0.24575294793394153,30,30,1541.6333333333334,1295.5,1.1565146097267853,0.7333333333333333,5.593751183907044e-05,2.7383935276186386e+24,1360796.390499578,20,2025-05-09 00:00:00+00:00,1,10.621527777777779
1746824400000,103,0.577286988418031,39.42078305911438,306172.88600766106,0.5931814202739618,34,0.3300970873786408,0.7118478213982571,43,0.4174757281553398,0.27163753417188063,22.0,0.21359223300970873,0.6767273614590184,4.0,0.038834951456310676,,,0.0,0.4457694980625735,0.1474119222113882,34,34,1060.7058823529412,1048.5,1.01236919916885,0.9411764705882353,4.837549735485056e-05,2.746799162253041e+24,1355322.8075517986,21,2025-05-09 00:00:00+00:00,1,10.663194444444445
1746828000000,80,0.8652116757900405,49.34111775609274,296285.54538413405,0.5609009551737795,26,0.325,1.2864410501190717,35,0.4375,0.5340644764052502,15.0,0.1875,0.39927633210967794,4.0,0.05,,,0.0,0.2429331752703639,0.31796777990341557,26,26,1265.923076923077,1066.5,1.0909938683355869,0.7692307692307693,6.556618408931004e-05,2.3705339142645704e+24,1918488.3565572842,22,2025-05-09 00:00:00+00:00,1,10.70486111111111
1746831600000,286,1.4794240479430514,282.91960821887267,1360415.3224086894,1.1329417183159596,81,0.28321678321678323,2.1155999211111607,96,0.3356643356643357,1.0846197824109236,100.0,0.34965034965034963,2.198603095595128,9.0,0.03146853146853147,,,0.0,0.3231691722672936,0.8097725460486659,81,81,907.1111111111111,896.0,0.9219837000481391,0.9506172839506173,0.00026005421921958846,1.8664017056118526e+24,9439228.996496495,23,2025-05-09 00:00:00+00:00,1,10.746527777777779
1746835200000,584,1.0420963745136291,363.07476829442555,1984883.0937411343,1.190473453701315,126,0.21575342465753425,1.4162404783277707,166,0.2842465753424658,0.685868257700187,268.0,0.4589041095890411,1.6531672951472334,24.0,0.0410958904109589,,,0.0,0.6013441475077742,0.589129306193541,126,126,922.7936507936508,1011.5,0.9054094069637852,0.9365079365079365,0.00026994029532389667,1.7476070650700867e+24,10593295.971114365,0,2025-05-10 00:00:00+00:00,1,10.788194444444445
1746838800000,422,0.8271861342839006,177.3418049453697,1161119.4080872757,0.9638954616897097,78,0.1848341232227488,1.1610409801564836,135,0.31990521327014215,0.5512268321855014,188.0,0.44549763033175355,0.6436917087623398,21.0,0.04976303317535545,,,0.0,0.4630646328345209,0.5008308288551887,78,78,1000.2179487179487,945.5,0.9575812711013395,0.9358974358974359,0.00010669296044236129,1.8032274828662853e+24,6200920.770147714,1,2025-05-10 00:00:00+00:00,1,10.82986111111111
1746842400000,348,0.8539202766352894,153.09552032655526,1014291.8311780056,1.0920387390301083,94,0.27011494252873564,1.0023285997953246,129,0.3706896551724138,0.4951795880301708,114.0,0.3275862068965517,0.7965229446558307,11.0,0.031609195402298854,,,0.0,0.4206398329708402,0.6713989060592682,94,94,984.563829787234,980.5,0.9519258748855004,0.9361702127659575,0.00011501555271984713,1.7868631539869978e+24,4117837.3827185333,2,2025-05-10 00:00:00+00:00,1,10.871527777777779
1746846000000,351,0.9579271361825212,372.07972915712514,1135855.232841311,0.8383491519245425,59,0.16809116809116809,1.1827932066892106,124,0.35327635327635326,0.8608902620477022,156.0,0.4444444444444444,0.48371552730110673,12.0,0.03418803418803419,,,0.0,0.6289219742433129,0.20942717768122968,59,59,876.9491525423729,896.0,0.8988769828971979,0.9661016949152542,0.0001437011740474018,1.8132028635547498e+24,6501872.757295906,3,2025-05-10 00:00:00+00:00,1,10.913194444444445
1746849600000,276,0.7631214750763545,115.44430791125848,793857.18655663,0.9643268672251857,75,0.2717391304347826,0.8792614085185979,108,0.391304347826087,0.44008911031481435,84.0,0.30434782608695654,0.7076994103035512,9.0,0.03260869565217391,,,0.0,0.42663581370954984,0.5376910535156357,75,75,985.9466666666667,1006.0,0.958075051077149,0.96,0.00010958113918668666,1.999611961711137e+24,3865672.248775223,4,2025-05-10 00:00:00+00:00,1,10.95486111111111
1746853200000,277,0.569647726090751,78.05456037023842,572949.9689006611,0.6895652223033722,47,0.16967509025270758,0.7901386910660374,109,0.3935018050541516,0.3289851806066781,109.0,0.3935018050541516,0.2831960555461282,12.0,0.04332129963898917,,,0.0,0.25994492742037906,0.4296202948829933,47,47,1116.872340425532,1175.0,1.0157931321332994,0.851063829787234,5.82253654221049e-05,1.993408148009009e+24,3121697.594235181,5,2025-05-10 00:00:00+00:00,1,10.996527777777779
1746856800000,273,0.7244983513107768,97.0780510267983,631074.171279209,0.6847756481950815,47,0.17216117216117216,0.9266991327136412,127,0.4652014652014652,0.47314255427212304,83.0,0.304029304029304,0.5401232864659109,16.0,0.05860805860805861,,,0.0,0.25049158926437026,0.43428405893071126,47,47,1047.063829787234,871.0,0.981664359954658,0.9148936170212766,7.375953828395648e-05,1.7735732294672955e+24,3798466.0481430064,6,2025-05-10 00:00:00+00:00,1,11.038194444444445
1746860400000,272,0.7127282334413847,103.26246799521387,727905.1049256735,0.81466666960837,58,0.21323529411764705,0.859478177177349,115,0.4227941176470588,0.4768244658574276,91.0,0.33455882352941174,0.5475494862937644,8.0,0.029411764705882353,,,0.0,0.2373286136040346,0.5773380560043353,58,58,1287.5862068965516,1105.5,1.0588187068325208,0.7758620689655172,8.012205706779494e-05,1.9126393387431655e+24,3829401.658142148,7,2025-05-10 00:00:00+00:00,1,11.07986111111111
1746864000000,277,0.7316735076222226,110.93747556237373,855180.6692702841,0.8165939743539672,66,0.23826714801444043,0.9538559408394631,106,0.38267148014440433,0.4599529286875023,90.0,0.3249097472924188,0.41825773287570134,15.0,0.05415162454873646,,,0.0,0.3902719000224826,0.4263220743314846,66,66,1252.560606060606,1214.5,1.086466386443189,0.8787878787878788,0.00010856055245695015,2.0155280148351288e+24,4622458.771313452,8,2025-05-10 00:00:00+00:00,1,11.121527777777779
1746867600000,250,0.728111080902095,95.05697160261673,725742.7729010576,0.7788373774108664,52,0.208,0.9106805304730717,114,0.456,0.4387931087542684,77.0,0.308,0.5605109645928332,7.0,0.028,,,0.0,0.3728549469770569,0.4059824304338096,52,52,1020.6730769230769,992.5,0.9603202240386217,0.8846153846153846,8.447422301480731e-05,2.098427002404673e+24,3461962.045996783,9,2025-05-10 00:00:00+00:00,1,11.163194444444445
1746871200000,185,0.7738306283352849,84.25123282364636,582252.89343763,0.7524053401414909,35,0.1891891891891892,1.0146383687760279,88,0.4756756756756757,0.40453935990004075,53.0,0.2864864864864865,0.6773018677869919,9.0,0.04864864864864865,,,0.0,0.3364265690544639,0.41597877108702697,35,35,1229.8285714285714,1053.0,1.0547296577398793,0.8,7.810397551595887e-05,2.104258111092112e+24,2879107.7289279317,10,2025-05-10 00:00:00+00:00,1,11.20486111111111
1746874800000,272,0.8280701760754503,129.78387276705135,869357.6508811935,0.8358134478926059,79,0.29044117647058826,1.064956522972804,116,0.4264705882352941,0.4048221270895425,72.0,0.2647058823529412,1.3047351387428527,5.0,0.01838235294117647,,,0.0,0.3833820320051213,0.45243141588748476,79,79,996.6708860759494,915.0,0.9572721333664,0.8860759493670886,9.199081518734257e-05,2.094640178931396e+24,4186337.9005509815,11,2025-05-10 00:00:00+00:00,1,11.246527777777779
1746878400000,229,0.821913788927972,115.46022244534586,709265.5906729684,0.7042465039243274,56,0.2445414847161572,0.997774892160067,95,0.4148471615720524,0.6429369685987282,72.0,0.314410480349345,1.2833961584047453,6.0,0.026200873362445413,,,0.0,0.28514884583858746,0.4190976580857399,56,56,971.875,940.5,0.9508444017848099,0.9285714285714286,7.66890527906835e-05,2.1937172043665117e+24,3079626.40820342,12,2025-05-10 00:00:00+00:00,1,11.288194444444445
1746882000000,200,0.7489847365572908,77.48722912803194,581709.7831886713,0.8529294852586747,44,0.22,0.7544782600932474,94,0.47,0.6739622279733436,56.0,0.28,0.6008681241339954,6.0,0.03,,,0.0,0.31406160758162405,0.5388678776770507,44,44,1024.7727272727273,872.0,0.922195183933148,0.8636363636363636,0.00011969074607340903,2.1276177149133065e+24,2953034.9900220865,13,2025-05-10 00:00:00+00:00,1,11.32986111111111
1746885600000,186,0.651476315427481,61.616127560030904,484647.76703788055,0.7417483711802221,36,0.1935483870967742,0.8034830192974728,78,0.41935483870967744,0.44012469846019553,65.0,0.34946236559139787,0.45598177170112664,7.0,0.03763440860215054,,,0.0,0.3581844218329049,0.38356394934731713,36,36,943.5,1029.0,0.9336691696318365,0.9722222222222222,7.73554108266303e-05,2.1004538499798025e+24,3014491.4154940336,14,2025-05-10 00:00:00+00:00,1,11.371527777777779
1746889200000,207,0.8042620387317925,85.79379045716993,600579.998408147,0.7550282193495126,53,0.2560386473429952,1.0047943187571717,98,0.47342995169082125,0.470996343703661,53.0,0.2560386473429952,1.0110323124866714,3.0,0.014492753623188406,,,0.0,0.34052824923279384,0.41449997011671863,53,53,1132.8867924528302,1102.0,1.0403924795931319,0.8867924528301887,7.050342706265062e-05,2.0719792545987947e+24,3031582.158696276,15,2025-05-10 00:00:00+00:00,1,11.413194444444445
1746892800000,232,0.7705861569955175,97.94058628693435,690800.1471526828,0.7579469371657848,75,0.3232758620689655,1.0604473998918533,83,0.3577586206896552,0.43123355718477446,64.0,0.27586206896551724,0.6313886284676782,10.0,0.04310344827586207,,,0.0,0.37254779172673774,0.3853991454390471,75,75,1061.72,1030.0,0.9952674627875229,0.8933333333333333,7.793982529083386e-05,2.1096031634453473e+24,2906645.656866861,16,2025-05-10 00:00:00+00:00,1,11.45486111111111
1746896400000,262,0.7287012564070025,102.16624845542171,735445.8618064775,0.7147929634267209,62,0.2366412213740458,0.9543071182012353,110,0.4198473282442748,0.44290344502529644,83.0,0.31679389312977096,0.695399500991782,7.0,0.026717557251908396,,,0.0,0.22778518164886352,0.48700778177785736,62,62,1149.274193548387,1115.5,1.0143192680383106,0.8064516129032258,9.743239098539128e-05,2.088760076556317e+24,3464237.079171058,17,2025-05-10 00:00:00+00:00,1,11.496527777777779
1746900000000,173,0.7511687475501623,68.06050680762104,521996.1001280204,0.7606203761223107,44,0.2543352601156069,0.8552521718848228,91,0.5260115606936416,0.4304819602698609,32.0,0.18497109826589594,0.8135877344403287,6.0,0.03468208092485549,,,0.0,0.3539194448618861,0.40670093126042456,44,44,1258.8863636363637,1137.5,1.0624856516024477,0.7954545454545454,7.299410653260621e-05,2.132206524614423e+24,2061414.812755968,18,2025-05-10 00:00:00+00:00,1,11.538194444444445
1746903600000,121,0.7941080666424701,55.763947834702755,367958.20542141015,1.0468773543675327,33,0.2727272727272727,0.8737361366624902,51,0.4214876033057851,0.4182952179982206,35.0,0.2892561983471074,1.1696238849427951,2.0,0.01652892561983471,,,0.0,0.2673519195603427,0.7795254348071899,33,33,1283.2727272727273,1193.0,1.0809633588435303,0.7575757575757576,5.671760296018355e-05,2.1481289167380303e+24,1546901.7453143583,19,2025-05-10 00:00:00+00:00,1,11.57986111111111
1746907200000,145,0.7805063181573928,59.62200800816658,438229.390938504,0.8157589630397014,42,0.2896551724137931,0.8159568003306074,63,0.43448275862068964,0.6889307759141107,37.0,0.25517241379310346,0.6719408518347153,3.0,0.020689655172413793,,,0.0,0.32733328145250346,0.48842568158719807,42,42,1016.9047619047619,944.0,0.9477556713640406,0.8571428571428571,7.031711536589862e-05,2.1071388791002405e+24,2076124.447059985,20,2025-05-10 00:00:00+00:00,1,11.621527777777779
1746910800000,148,0.8468863848470096,73.6539200727782,460062.63951675425,0.7463119952364622,34,0.22972972972972974,1.0641125842601868,70,0.47297297297297297,0.5709056075949639,41.0,0.27702702702702703,0.6898554365703718,3.0,0.02027027027027027,,,0.0,0.3784531301994248,0.3678588650370374,34,34,1121.5588235294117,1072.5,1.009720492792567,0.8529411764705882,7.463857010000289e-05,2.109715834223379e+24,1665623.9605184614,21,2025-05-10 00:00:00+00:00,1,11.663194444444445
1746914400000,154,0.7905368966464978,62.90328116963709,449803.6041697093,0.7770989594606786,46,0.2987012987012987,0.9319051034846003,69,0.44805194805194803,0.5444820859304246,36.0,0.23376623376623376,0.697774238145581,3.0,0.01948051948051948,,,0.0,0.34579462217427986,0.4313043372863988,46,46,1399.3260869565217,1281.5,1.1320604709147972,0.6956521739130435,6.640183912994683e-05,2.1035381289789342e+24,2202950.772170357,22,2025-05-10 00:00:00+00:00,1,11.70486111111111
1746918000000,239,0.9140777355775714,122.08940058855688,790998.7475472307,1.114247584908096,70,0.2928870292887029,1.136770163561876,82,0.34309623430962344,0.5366342822062897,83.0,0.3472803347280335,0.6778622560692513,4.0,0.016736401673640166,,,0.0,0.8137705640296644,0.3004770208784313,70,70,1082.057142857143,1014.0,0.9932801399799177,0.8714285714285714,9.40680307181844e-05,1.9834320026427953e+24,3643831.1646617525,23,2025-05-10 00:00:00+00:00,1,11.746527777777779
1746921600000,393,1.0580050572471582,265.7673227771712,1554881.7638482614,1.0133604487736259,116,0.2951653944020356,1.3857668963089378,123,0.31297709923664124,0.743597522411391,132.0,0.33587786259541985,1.3473624652768013,22.0,0.05597964376590331,,,0.0,0.38215325914773096,0.631207189625895,116,116,1007.9568965517242,923.5,0.9623510692431961,0.9310344827586207,0.00021267016368105968,1.976132968493294e+24,7771362.935073704,0,2025-05-11 00:00:00+00:00,1,11.788194444444445
1746925200000,446,0.8488201161284379,213.80057710113803,1413848.265023084,0.9581229589112532,123,0.2757847533632287,0.9975874723391399,184,0.4125560538116592,0.529626029457047,126.0,0.2825112107623318,0.802744094246881,13.0,0.02914798206278027,,,0.0,0.35585785707074774,0.6022651018405054,123,123,952.1463414634146,993.0,0.9257813211273808,0.9024390243902439,0.00012426384461049946,2.044375966917406e+24,4884317.87299036,1,2025-05-11 00:00:00+00:00,1,11.82986111111111
1746928800000,277,0.7536723870662394,108.74065331749856,809954.8420125145,0.6829023553504759,75,0.27075812274368233,1.0234066688544368,99,0.3574007220216607,0.5259977755374273,94.0,0.33935018050541516,0.754280383217245,9.0,0.032490974729241874,,,0.0,0.30581770340733405,0.37708465194314184,75,75,1022.2666666666667,940.0,0.9588459256946084,0.88,0.00010110315135013418,2.0027375954330154e+24,4296150.709581329,2,2025-05-11 00:00:00+00:00,1,11.871527777777779
1746932400000,200,0.6542112084298065,65.15025715807154,483834.33308420837,0.7590081558601028,45,0.225,0.7505538706619195,90,0.45,0.4078127229287358,57.0,0.285,0.7364626382182502,8.0,0.04,,,0.0,0.21193046313032105,0.5470776927297817,45,45,1082.1777777777777,1139.0,0.9912357885529309,0.8222222222222222,6.531480843968465e-05,1.9687037354236403e+24,2411491.1069021868,3,2025-05-11 00:00:00+00:00,1,11.913194444444445
1746936000000,229,0.5712923547545854,75.1243866044199,619784.8761882794,0.6379057793454421,61,0.2663755458515284,0.6569062682521399,85,0.37117903930131,0.34494940793732676,70.0,0.3056768558951965,0.91770810320641,13.0,0.056768558951965066,,,0.0,0.2139566193153281,0.4239491600301139,61,61,1113.5081967213114,1047.0,1.0217175833423602,0.8688524590163934,7.733999479917178e-05,2.3667504354707773e+24,4223009.766686402,4,2025-05-11 00:00:00+00:00,1,11.95486111111111
1746939600000,218,0.5839344406533475,73.20718868338722,561163.2674170842,0.6859134635455979,49,0.22477064220183487,0.7106742630236014,90,0.41284403669724773,0.3564269542325906,73.0,0.3348623853211009,0.6180161695987053,6.0,0.027522935779816515,,,0.0,0.2658346125161497,0.4200788510294482,49,49,1101.2244897959183,993.0,0.9676946003376331,0.8571428571428571,5.856883115625408e-05,2.3856507000136405e+24,3006096.240977051,5,2025-05-11 00:00:00+00:00,1,11.996527777777779
1746943200000,271,0.6974033725739976,99.77016663308946,729660.8989205502,0.7390017586943474,58,0.2140221402214022,0.9305665316393045,108,0.3985239852398524,0.4106306166970119,92.0,0.33948339483394835,0.6042315238547105,13.0,0.04797047970479705,,,0.0,0.33473490338563666,0.4042668553087107,58,58,980.8275862068965,883.0,0.9481077187330407,0.8793103448275862,0.00010464002659710596,2.0154541331699684e+24,3944959.4122899,6,2025-05-11 00:00:00+00:00,1,12.038194444444445
1746946800000,330,0.7324186504504442,130.7570618102098,942216.1023137532,0.859125874257382,89,0.2696969696969697,0.9732580760384876,118,0.3575757575757576,0.3865058369256246,115.0,0.3484848484848485,0.7429159525939042,8.0,0.024242424242424242,,,0.0,0.40604827849845326,0.4530775957589287,89,89,1047.3820224719102,997.0,0.9654118584849654,0.8876404494382022,0.00010560463915674614,2.1146371604294542e+24,5774490.321153516,7,2025-05-11 00:00:00+00:00,1,12.07986111111111
1746950400000,173,0.6314019296306488,67.88380245131938,480549.22307127103,0.5334203119706729,36,0.20809248554913296,0.7090060794833842,71,0.41040462427745666,0.492957965902115,57.0,0.32947976878612717,1.2879296550463537,9.0,0.05202312138728324,,,0.0,0.3942051288191098,0.139215183151563,36,36,963.1388888888889,902.0,0.9251878015584576,0.9444444444444444,7.37063322578572e-05,2.161201174852491e+24,3046725.971124903,8,2025-05-11 00:00:00+00:00,1,12.121527777777779
1746954000000,162,0.5929414094809182,51.441104445216645,388463.46097493224,0.6907782935289651,41,0.25308641975308643,0.6799259061213847,74,0.4567901234567901,0.352181845931792,44.0,0.2716049382716049,0.6413600090799582,3.0,0.018518518518518517,,,0.0,0.2377484793001949,0.4530298142287702,41,41,1253.0487804878048,1071.0,1.0607679224693465,0.8536585365853658,4.807091663773439e-05,2.1887824377853966e+24,2074852.637961446,9,2025-05-11 00:00:00+00:00,1,12.163194444444445
1746957600000,129,0.577240879817312,39.769896014645646,299218.1464958565,0.4896763169509192,32,0.24806201550387597,0.7579456587692717,63,0.4883720930232558,0.29022823529005365,28.0,0.21705426356589147,0.48624404390303627,6.0,0.046511627906976744,,,0.0,0.18089284334141337,0.30878347360950575,32,32,956.65625,928.0,0.9197483319835196,0.90625,4.829249323188566e-05,2.2077048250950533e+24,1746578.3140991272,10,2025-05-11 00:00:00+00:00,1,12.20486111111111
1746961200000,111,0.7652857745072499,60.073037998173554,341934.48512337153,0.4999699217968972,24,0.21621621621621623,0.9159901921618739,54,0.4864864864864865,0.2794615954983237,27.0,0.24324324324324326,2.6564182319972125,6.0,0.05405405405405406,,,0.0,0.32294669443431634,0.17702322736258083,24,24,1098.875,1099.5,0.9854975773953433,0.875,4.341821677078922e-05,2.1794335969949918e+24,1782438.3507409405,11,2025-05-11 00:00:00+00:00,1,12.246527777777779
1746964800000,118,0.6837762341735462,50.26287140487424,329449.22281199566,0.8030255550986625,33,0.2796610169491525,0.8173047048045634,54,0.4576271186440678,0.33001223561716253,26.0,0.22033898305084745,0.2941960257459861,5.0,0.0423728813559322,,,0.0,0.5130378541870139,0.28998770091164855,33,33,940.969696969697,1056.0,0.9154436898964867,0.9090909090909091,5.179416162972064e-05,2.1874953744756836e+24,2134220.6540797637,12,2025-05-11 00:00:00+00:00,1,12.288194444444445
1746968400000,186,0.9801548027095922,209.69330892965232,696979.2002099507,0.5692363801009523,40,0.21505376344086022,1.3282025389937406,79,0.42473118279569894,0.8096947119446963,63.0,0.3387096774193548,0.9001426667311638,4.0,0.021505376344086023,,,0.0,0.3627916963496744,0.2064446837512779,40,40,1141.95,1000.5,0.9968107653066651,0.775,0.00011364578275661625,2.210045404871491e+24,4891349.445481106,13,2025-05-11 00:00:00+00:00,1,12.32986111111111
1746972000000,230,0.7965044430924136,102.04923385179588,684594.9313347109,0.7032056420295156,64,0.2782608695652174,1.0407910078296392,103,0.44782608695652176,0.4702431090699019,56.0,0.24347826086956523,0.6651104152855455,7.0,0.030434782608695653,,,0.0,0.39873927529831144,0.3044663667312042,64,64,1156.921875,1084.5,1.0354805030483227,0.859375,7.474939467195126e-05,2.2078254733531219e+24,3078153.5445596618,14,2025-05-11 00:00:00+00:00,1,12.371527777777779
1746975600000,194,0.8039840350975626,88.10097756849686,601077.0310241276,0.6877891176790809,39,0.20103092783505155,1.0122776666149527,83,0.42783505154639173,0.6269928841515686,64.0,0.32989690721649484,0.6253170380876869,8.0,0.041237113402061855,,,0.0,0.37323546037878463,0.3145536573002963,39,39,1010.5128205128206,993.0,0.9688433822491231,0.9230769230769231,9.63039073790973e-05,2.2317669329903321e+24,3153362.9841762832,15,2025-05-11 00:00:00+00:00,1,12.413194444444445
1746979200000,287,0.8661331484237111,143.26691810319463,982007.4090557512,0.8579212403476295,86,0.29965156794425085,1.1203590363626565,126,0.43902439024390244,0.4352106054151262,67.0,0.23344947735191637,0.5593297229000991,8.0,0.027874564459930314,,,0.0,0.3460413849997575,0.511879855347872,86,86,1086.3837209302326,1012.0,1.0137069601147808,0.8837209302325582,9.015175223139168e-05,2.2074057440588764e+24,4622346.331824581,16,2025-05-11 00:00:00+00:00,1,12.45486111111111
1746982800000,202,0.7507234156696722,85.63800248425349,605527.2888813398,0.7445650813626742,54,0.26732673267326734,0.9402524438627902,96,0.4752475247524752,0.38349380953098944,46.0,0.22772277227722773,0.589110953739333,6.0,0.0297029702970297,,,0.0,0.3237248558276529,0.4208402255350212,54,54,1268.0740740740741,1218.0,1.093538138775033,0.7592592592592593,7.340189323792054e-05,2.2797683244390005e+24,2305034.44895749,17,2025-05-11 00:00:00+00:00,1,12.496527777777779
1746986400000,146,0.6750837358093977,52.88075645198884,400337.92647086456,0.7557099244504876,39,0.2671232876712329,0.8103740182333329,67,0.4589041095890411,0.33059551682914085,35.0,0.23972602739726026,0.6447272127899648,5.0,0.03424657534246575,,,0.0,0.27640679537758056,0.47930312907290695,39,39,1501.8974358974358,1327.0,1.17793750692665,0.6410256410256411,6.173652551000744e-05,2.257252897828214e+24,1738473.4119841603,18,2025-05-11 00:00:00+00:00,1,12.538194444444445
1746990000000,124,0.6950390815511479,44.62883519567576,325671.7142255614,0.7660857831978497,24,0.1935483870967742,0.817327939246853,59,0.47580645161290325,0.44207918712237043,36.0,0.2903225806451613,0.7323176327248557,5.0,0.04032258064516129,,,0.0,0.4028502756051793,0.36323550759267037,24,24,1503.2083333333333,1227.5,1.1769309986294887,0.625,4.546515422223365e-05,2.2094063611558304e+24,1255528.868215848,19,2025-05-11 00:00:00+00:00,1,12.57986111111111
1746993600000,148,0.7492628037773996,57.84137888825025,415794.2714071356,0.6623507861775081,39,0.2635135135135135,0.9520104259750312,76,0.5135135135135135,0.40371909150260876,30.0,0.20270270270270271,0.1982830596505659,3.0,0.02027027027027027,,,0.0,0.22974054224803472,0.43261024392947345,39,39,1413.5641025641025,1145.0,1.1013870037857703,0.6666666666666666,6.0535567435629255e-05,2.2367189837617264e+24,1432598.6531480937,20,2025-05-11 00:00:00+00:00,1,12.621527777777779
1746997200000,121,0.659936907082823,46.04677151172926,341919.3534415859,0.6792282905299977,28,0.23140495867768596,0.7322949216129293,67,0.5537190082644629,0.3213967079971408,21.0,0.17355371900826447,1.004176601235086,5.0,0.04132231404958678,,,0.0,0.3335150160064971,0.34571327452350065,28,28,1206.142857142857,1096.5,1.0542716142896895,0.8928571428571429,5.341466375053855e-05,2.239198118595139e+24,1302293.176155237,21,2025-05-11 00:00:00+00:00,1,12.663194444444445
1747000800000,173,0.7709668450969642,77.26608728058157,522177.33021501615,0.7821931589684241,43,0.24855491329479767,0.8949202374562428,79,0.45664739884393063,0.5247366854903458,47.0,0.27167630057803466,1.0954088472607824,4.0,0.023121387283236993,,,0.0,0.31408658013790264,0.46810657883052137,43,43,1365.0,1128.0,1.1156686741245274,0.7209302325581395,7.721741185178163e-05,2.263296598823151e+24,2371338.19682181,22,2025-05-11 00:00:00+00:00,1,12.70486111111111
1747004400000,124,0.775255346699401,51.47492890170681,362148.7142862564,0.805540077176736,31,0.25,0.9265599334958202,54,0.43548387096774194,0.5119070350323379,32.0,0.25806451612903225,0.6778084383482573,7.0,0.056451612903225805,,,0.0,0.3198583306681021,0.48568174650863394,31,31,1830.3870967741937,1572.0,1.2843253271345998,0.45161290322580644,5.075713929762349e-05,2.2612318343300461e+24,1486125.0533312592,23,2025-05-11 00:00:00+00:00,1,12.746527777777779
1747008000000,269,0.830171741852929,139.62458255458637,867483.5498401495,0.9534500934038881,90,0.3345724907063197,0.9986640959846486,99,0.3680297397769517,0.5048622820615528,68.0,0.2527881040892193,0.35894245578517997,12.0,0.04460966542750929,,,0.0,0.33987361120988274,0.6135764821940053,90,90,1212.4333333333334,1156.0,1.058851684947455,0.8333333333333334,8.69442757923074e-05,2.2226190876212767e+24,3486800.976690207,0,2025-05-12 00:00:00+00:00,1,12.788194444444445
1747011600000,238,0.7925994525171421,105.40277367754392,765411.331869438,0.8674381072319366,70,0.29411764705882354,0.9589446567737547,85,0.35714285714285715,0.5779402010940159,78.0,0.3277310924369748,0.2656741363483714,5.0,0.02100840336134454,,,0.0,0.32185260527568305,0.5455855019562535,70,70,1363.1857142857143,1220.5,1.12629403211806,0.7857142857142857,9.554183713860812e-05,2.2180000174323506e+24,4356848.170310699,1,2025-05-12 00:00:00+00:00,1,12.82986111111111
1747015200000,279,0.748093322606272,118.28331044252731,824600.5990303323,0.774647226432613,75,0.26881720430107525,0.8850791493143918,118,0.4229390681003584,0.5150481253131856,77.0,0.27598566308243727,0.7246055284989323,9.0,0.03225806451612903,,,0.0,0.27233200568605354,0.5023152207465594,75,75,1202.3333333333333,1210.0,1.0644252476741227,0.7733333333333333,8.23727966697492e-05,2.2755225914272386e+24,3843029.297322138,2,2025-05-12 00:00:00+00:00,1,12.871527777777779
1747018800000,170,0.7355255073915267,68.2042466880433,494663.12920703157,0.6957590052949703,44,0.25882352941176473,0.9202502755997959,75,0.4411764705882353,0.44737539023826633,46.0,0.27058823529411763,0.9655802805271794,5.0,0.029411764705882353,,,0.0,0.35853655802920975,0.33722244726576045,44,44,1313.159090909091,993.0,1.0793611026597874,0.75,6.362102204337921e-05,2.233633263550637e+24,2619908.078500604,3,2025-05-12 00:00:00+00:00,1,12.913194444444445
1747022400000,202,0.6890917923521669,74.49889493323644,573767.4298670839,0.6355804635115839,43,0.21287128712871287,0.82499332719761,94,0.46534653465346537,0.5238956789811191,57.0,0.28217821782178215,0.5568944582050603,8.0,0.039603960396039604,,,0.0,0.26700307890340097,0.36857738460818296,43,43,1211.3953488372092,1049.0,1.044266594774912,0.8604651162790697,6.50505882700486e-05,2.2020127218210513e+24,3500282.1148338844,4,2025-05-12 00:00:00+00:00,1,12.95486111111111
1747026000000,272,0.6762041168264821,99.56600477246135,744988.4935731266,0.7538385155841058,73,0.26838235294117646,0.8712610539755797,111,0.40808823529411764,0.3382640536538014,78.0,0.2867647058823529,0.580273496287754,10.0,0.03676470588235294,,,0.0,0.466794804095626,0.2870437114884798,73,73,1318.4109589041095,1184.0,1.1047783126682011,0.8082191780821918,8.103647070444306e-05,2.2083174693162407e+24,3152138.973214278,5,2025-05-12 00:00:00+00:00,1,12.996527777777779
1747029600000,151,0.7537990866508336,64.39666768978464,443604.4504223327,0.5525828415550803,28,0.18543046357615894,0.9808144938308542,73,0.48344370860927155,0.5387868220305382,47.0,0.31125827814569534,0.4763012785486603,3.0,0.019867549668874173,,,0.0,0.23109445842400905,0.32148838313107125,28,28,1297.75,1284.0,1.1018401104552948,0.7857142857142857,6.160245584807563e-05,2.2027910776269876e+24,3115155.6333734146,6,2025-05-12 00:00:00+00:00,1,13.038194444444445
1747033200000,379,1.039363739156239,226.88807221623355,1468310.1837732366,0.9364401501271299,105,0.2770448548812665,1.5491706179856743,100,0.2638522427440633,0.7665517215598338,165.0,0.43535620052770446,1.577171724547325,9.0,0.023746701846965697,,,0.0,0.31437319968487537,0.6220669504422545,105,105,1099.857142857143,1150.0,0.997569705201299,0.8571428571428571,0.00017370048617553139,1.9731918047351076e+24,9030631.992534975,7,2025-05-12 00:00:00+00:00,1,13.07986111111111
1747036800000,365,1.000515301201367,203.59997173707978,1359517.3726037105,0.7671816875512221,88,0.2410958904109589,1.4730053248737738,132,0.36164383561643837,0.6693727322388855,131.0,0.3589041095890411,1.1108261162399484,14.0,0.038356164383561646,,,0.0,0.35849275489011406,0.4086889326611079,88,88,991.625,979.5,0.9177781425490594,0.8863636363636364,0.00017017177125353388,1.985098207252232e+24,8622690.42279568,8,2025-05-12 00:00:00+00:00,1,13.121527777777779
1747040400000,370,0.7601782059088301,173.2560946184472,1065414.4213943738,0.6428145696835661,89,0.24054054054054055,1.1428027102203342,126,0.34054054054054056,0.5136615263492039,139.0,0.37567567567567567,0.5414591146330203,16.0,0.043243243243243246,,,0.0,0.2831007610075779,0.3597138086759882,89,89,912.438202247191,920.0,0.9051463803929912,0.9550561797752809,9.601752951919532e-05,2.0198968467637888e+24,6274176.626100385,9,2025-05-12 00:00:00+00:00,1,13.163194444444445
1747044000000,274,0.8719562149885978,143.37580161946659,921350.2546644217,0.7732276431737847,77,0.28102189781021897,1.114285853811205,96,0.35036496350364965,0.7210738800333109,89.0,0.3248175182481752,0.6858714244711673,12.0,0.043795620437956206,,,0.0,0.385807766088645,0.38741987708513964,77,77,918.038961038961,935.0,0.9139158961063364,0.9090909090909091,0.00010972785131433739,1.9889685824074472e+24,6285253.014081576,10,2025-05-12 00:00:00+00:00,1,13.20486111111111
1747047600000,506,1.2922975707667987,352.88698895000755,1798559.2214380305,1.2694885886890617,106,0.20948616600790515,1.795632514678748,151,0.2984189723320158,0.9826283723381105,239.0,0.4723320158102767,1.3348089701660246,10.0,0.019762845849802372,,,0.0,0.3952349732216237,0.8742536154674379,106,106,976.1132075471698,977.5,0.9324725458260037,0.9150943396226415,0.00022263251964224257,1.6035150154735635e+24,13153139.956369009,11,2025-05-12 00:00:00+00:00,1,13.246527777777779
1747051200000,472,0.9017625066992949,252.73823395679622,1599049.673159831,1.0418715148232407,98,0.2076271186440678,1.2654680139743282,137,0.2902542372881356,0.6138693707658718,221.0,0.4682203389830508,0.9058903659780607,16.0,0.03389830508474576,,,0.0,0.3721452094793673,0.6697263053438736,98,98,915.8673469387755,923.5,0.9087926913909667,0.9489795918367347,0.00016132288348961153,1.9817781049908972e+24,9959170.771803703,12,2025-05-12 00:00:00+00:00,1,13.288194444444445
1747054800000,474,0.8079117871139179,284.5011271442486,1864235.1009279015,0.655697472392151,94,0.19831223628691982,1.2339122819505115,136,0.2869198312236287,0.5976971592314897,233.0,0.49156118143459915,1.294465112811657,11.0,0.023206751054852322,,,0.0,0.32154690945212555,0.33415056294002554,94,94,873.8723404255319,870.0,0.8862566125910505,0.9468085106382979,0.00014702795155869508,2.5020525425525865e+24,10551070.927461743,13,2025-05-12 00:00:00+00:00,1,13.32986111111111
1747058400000,465,0.966516156548411,322.21244202835413,1893489.5035763492,0.9619724053484298,99,0.2129032258064516,1.4289310029597038,150,0.3225806451612903,0.6366820677959429,206.0,0.443010752688172,0.8698588255596782,10.0,0.021505376344086023,,,0.0,0.3769556007782527,0.5850168045701769,99,99,1001.3939393939394,991.0,0.9491613207280564,0.9292929292929293,0.00020886042727231768,2.3230200836744332e+24,11816707.747391589,14,2025-05-12 00:00:00+00:00,1,13.371527777777779
1747062000000,426,0.8510781781848581,220.90863631885145,1531312.384811317,0.8510552778446702,103,0.24178403755868544,1.1895596594455147,141,0.33098591549295775,0.5878665467794985,177.0,0.4154929577464789,0.624063905391937,5.0,0.011737089201877934,,,0.0,0.3231742125574757,0.5278810652871945,103,103,1056.009708737864,1080.0,0.9912820809912436,0.9029126213592233,0.0001778689440427936,2.254932267352696e+24,9344159.997897146,15,2025-05-12 00:00:00+00:00,1,13.413194444444445
1747065600000,303,0.8665528822619062,154.71901024056265,1043163.126821904,0.9808658427684995,76,0.2508250825082508,1.126406370548675,103,0.33993399339933994,0.5379364667696005,114.0,0.37623762376237624,1.0675105896703627,10.0,0.033003300330033,,,0.0,0.32181341318381673,0.6590524295846828,76,76,996.3421052631579,981.0,0.96777514204855,0.9473684210526315,0.00011500538812508711,2.248793871389962e+24,6149957.548559078,16,2025-05-12 00:00:00+00:00,1,13.45486111111111
1747069200000,293,0.7694709137219661,127.90418111942442,922176.5880602037,0.702198372514718,78,0.26621160409556316,1.014325879000787,123,0.4197952218430034,0.4606091125000501,85.0,0.2901023890784983,0.9670924263981426,7.0,0.023890784982935155,,,0.0,0.3322837758515635,0.36991459666315446,78,78,1115.974358974359,1069.5,1.0028357614003298,0.8205128205128205,0.00010521958522812858,2.2398434670469455e+24,5248559.128873137,17,2025-05-12 00:00:00+00:00,1,13.496527777777779
1747072800000,528,1.0727273905405317,332.6038643652376,2030354.0004967137,1.0564943096476764,157,0.29734848484848486,1.4384976494905386,164,0.3106060606060606,0.7867725954046236,194.0,0.36742424242424243,0.9217659665976977,13.0,0.02462121212121212,,,0.0,0.30113148393468064,0.7553628257129958,157,157,984.2993630573249,993.0,0.9553396314979077,0.9363057324840764,0.00022570576955075825,1.9473311883115602e+24,9732860.158025587,18,2025-05-12 00:00:00+00:00,1,13.538194444444445
1747076400000,291,0.8013189331159455,114.98329272681113,855450.5337972196,0.9105978298156672,92,0.3161512027491409,0.9717288194346425,105,0.36082474226804123,0.45814919063392373,85.0,0.2920962199312715,0.9371779943530874,9.0,0.030927835051546393,,,0.0,0.32023919104530835,0.5903586387703588,92,92,1111.0434782608695,1081.0,1.0147723286130985,0.8586956521739131,0.0001058209179552171,1.940507224429567e+24,4059460.7634297647,19,2025-05-12 00:00:00+00:00,1,13.57986111111111
1747080000000,215,0.8173366164549312,86.56414668653527,615575.243184879,0.821512802187885,57,0.2651162790697674,1.009528390204785,94,0.4372093023255814,0.5272964876840156,60.0,0.27906976744186046,0.5919212182025078,4.0,0.018604651162790697,,,0.0,0.24724580184302192,0.5742670003448631,57,57,1316.8245614035088,1259.0,1.1144697370632406,0.7719298245614035,7.405786539470621e-05,1.980518071510082e+24,2146989.5910199005,20,2025-05-12 00:00:00+00:00,1,13.621527777777779
1747083600000,137,0.8290494986608842,58.69758682782871,384992.51933824614,0.6199697127720321,31,0.22627737226277372,1.0302442259470617,66,0.48175182481751827,0.6025748824683994,35.0,0.25547445255474455,1.0548960843416175,5.0,0.0364963503649635,,,0.0,0.1570845260732906,0.4628851866987414,31,31,1466.3870967741937,1309.0,1.1466279740742085,0.6774193548387096,5.586523592376694e-05,2.0216187303481045e+24,1523351.066314042,21,2025-05-12 00:00:00+00:00,1,13.663194444444445
1747087200000,180,0.7122902582289743,63.46638579808842,452428.08000189,0.8468469449408141,38,0.2111111111111111,0.7875936201872721,91,0.5055555555555555,0.4218122276363919,43.0,0.2388888888888889,0.7778896685072265,8.0,0.044444444444444446,,,0.0,0.18742188313144942,0.6594250618093647,38,38,1175.8947368421052,1248.0,1.0508156750745692,0.9210526315789473,5.7307217967604244e-05,2.084581219535835e+24,1756132.9275949334,22,2025-05-12 00:00:00+00:00,1,13.70486111111111
1747090800000,140,0.8545054024003812,70.86662861538886,410316.6138399603,0.9173346599064239,28,0.2,0.9079932340617268,67,0.4785714285714286,0.7786442235882272,40.0,0.2857142857142857,0.39281404660174246,5.0,0.03571428571428571,,,0.0,0.45310515956556924,0.4642295003408546,28,28,1226.0,1089.5,1.066993281096649,0.7857142857142857,5.557398555396404e-05,2.1762254172788748e+24,2750223.429426189,23,2025-05-12 00:00:00+00:00,1,13.746527777777779
1747094400000,308,0.6927003725455789,143.9181214901467,1064816.8192071235,0.6800824250326271,82,0.2662337662337662,0.9497038549168789,122,0.3961038961038961,0.3912397576345366,98.0,0.3181818181818182,0.5632648905531769,6.0,0.01948051948051948,,,0.0,0.24898793440417,0.431094490628457,82,82,1065.158536585366,1029.5,0.9970734973973784,0.9024390243902439,0.0001109991853727976,2.66866152387701e+24,5810608.117333026,0,2025-05-13 00:00:00+00:00,1,13.788194444444445
1747098000000,390,0.8036936155877739,219.30258855126743,1560321.1467820925,0.7471284950306447,124,0.31794871794871793,1.1276452765802165,135,0.34615384615384615,0.5183769501394551,120.0,0.3076923076923077,0.578111849124365,11.0,0.028205128205128206,,,0.0,0.2769416699404571,0.4701868250901876,124,124,987.5483870967741,985.0,0.9555995248859369,0.9193548387096774,0.00013665276778357136,2.723876330049122e+24,7333419.558279654,1,2025-05-13 00:00:00+00:00,1,13.82986111111111
1747101600000,453,0.941889263166558,279.87964877108044,1679992.4942714032,0.8156790777149999,128,0.282560706401766,1.3661484511268742,150,0.33112582781456956,0.6163122056201464,163.0,0.3598233995584989,1.407313090151316,12.0,0.026490066225165563,,,0.0,0.226628028893539,0.5890510488214609,128,128,1012.4453125,971.5,0.9427770826614661,0.8515625,0.000178252023139922,2.1142664641506302e+24,8007353.8253765,2,2025-05-13 00:00:00+00:00,1,13.871527777777779
1747105200000,366,0.8777143445703854,164.81213055678384,1067801.9373872885,0.9091179029351936,89,0.24316939890710382,1.2386865325143703,136,0.37158469945355194,0.5044506417199753,130.0,0.3551912568306011,0.5720004459979736,11.0,0.030054644808743168,,,0.0,0.2616892980993644,0.6474286048358292,89,89,1209.876404494382,1088.0,1.0464985188740397,0.7865168539325843,0.00011708525042018289,1.912115270712202e+24,5437289.92957006,3,2025-05-13 00:00:00+00:00,1,13.913194444444445
1747108800000,254,0.7676801115377382,102.71623730684736,729479.3097879238,0.8212036104303664,66,0.25984251968503935,0.9526656967972413,97,0.38188976377952755,0.494719589217787,89.0,0.35039370078740156,2.176347006232927,2.0,0.007874015748031496,,,0.0,0.3005642266783804,0.5206393837519859,66,66,1161.060606060606,1076.0,1.0289118705934586,0.8484848484848485,8.000956026332128e-05,2.1476691389648857e+24,4073737.2259529685,4,2025-05-13 00:00:00+00:00,1,13.95486111111111
1747112400000,228,0.5434331771171295,64.80255195766732,506681.4381459014,0.5570918510547926,40,0.17543859649122806,0.684186535009851,101,0.44298245614035087,0.38745706669532903,79.0,0.34649122807017546,0.23839275444848068,8.0,0.03508771929824561,,,0.0,0.2404111561687136,0.316680694886079,40,40,1258.6,1186.5,1.0492629510588767,0.725,6.087191294186259e-05,2.1989270296171602e+24,3070527.6860609786,5,2025-05-13 00:00:00+00:00,1,13.996527777777779
1747116000000,161,0.5558661229571361,50.131121438444495,356725.3273051621,0.34448021436917026,26,0.16149068322981366,0.7954353649676383,75,0.4658385093167702,0.34373662827189094,56.0,0.34782608695652173,0.4077641666754292,4.0,0.024844720496894408,,,0.0,0.21388934380180114,0.13059087056736912,26,26,894.0769230769231,958.0,0.9091583474045064,1.0,5.1665782252450736e-05,2.2526045453822706e+24,2828732.8572083456,6,2025-05-13 00:00:00+00:00,1,14.038194444444445
1747119600000,174,0.6113447327900303,73.28293993897331,545582.0223567976,0.543488188972449,36,0.20689655172413793,0.8992608237413743,58,0.3333333333333333,0.4480157678273079,75.0,0.43103448275862066,0.2100196676818608,5.0,0.028735632183908046,,,0.0,0.3897741180252726,0.15371407094717637,36,36,1016.3611111111111,965.0,0.9795575589817207,0.8611111111111112,6.367848234986786e-05,2.6484729700279613e+24,4438111.388035877,7,2025-05-13 00:00:00+00:00,1,14.07986111111111
1747123200000,224,0.49694670194221363,65.34414787420447,521966.2131213943,0.36617049579296035,31,0.13839285714285715,0.6763955012039387,93,0.41517857142857145,0.33824862132163197,88.0,0.39285714285714285,0.6078429647670145,12.0,0.05357142857142857,,,0.0,0.12266137602587676,0.24350911976708353,31,31,961.9032258064516,803.0,0.9348641337639257,0.8709677419354839,6.166689973500162e-05,2.41417911665558e+24,3777984.485330127,8,2025-05-13 00:00:00+00:00,1,14.121527777777779
1747126800000,182,0.6291195786799494,80.53707958763347,572334.0344209425,0.6825349158573417,37,0.2032967032967033,0.7358484531739594,67,0.36813186813186816,0.42395456782708846,71.0,0.3901098901098901,1.4061929649500855,7.0,0.038461538461538464,,,0.0,0.29273036768609495,0.3898045481712467,37,37,988.6216216216217,878.0,0.9441883571738843,0.8648648648648649,6.206706229056255e-05,2.9377420484631873e+24,4116539.8414168777,9,2025-05-13 00:00:00+00:00,1,14.163194444444445
1747130400000,249,0.5951292139842875,105.90624268707613,769187.2316313055,0.5947623914870674,47,0.18875502008032127,0.7987846693224852,99,0.39759036144578314,0.3969210104292533,99.0,0.39759036144578314,0.46461989669333104,4.0,0.01606425702811245,,,0.0,0.35629398239950466,0.23846840908756284,47,47,1046.1702127659576,1137.0,0.9394742739249843,0.8723404255319149,7.284211646338983e-05,2.916137656998922e+24,4262523.670424893,10,2025-05-13 00:00:00+00:00,1,14.20486111111111
1747134000000,223,0.501924654726663,83.84016065977825,665129.4093766407,0.43704207962605307,39,0.17488789237668162,0.682703312408092,93,0.4170403587443946,0.32635158734429304,83.0,0.3721973094170404,0.5382458868876125,8.0,0.03587443946188341,,,0.0,0.24433878344851978,0.19270329617753326,39,39,946.6666666666666,996.0,0.9165016154552831,0.9743589743589743,6.617884192835218e-05,3.0312846010191244e+24,3926847.677501947,11,2025-05-13 00:00:00+00:00,1,14.246527777777779
1747137600000,387,0.7217069741160741,233.1428834878909,1572788.0213379867,0.6638755933485024,84,0.21705426356589147,1.0485437213031024,140,0.36175710594315247,0.47152066342462146,154.0,0.3979328165374677,0.4583051102022725,9.0,0.023255813953488372,,,0.0,0.3523359725066474,0.311539620841855,84,84,997.2142857142857,1020.0,0.9623945402973827,0.9761904761904762,0.0001294123503564294,3.023561533081332e+24,9379670.326963024,12,2025-05-13 00:00:00+00:00,1,14.288194444444445
1747141200000,330,0.7308554069825529,195.2594225204381,1272131.0821352068,0.6780636227570124,73,0.22121212121212122,1.0468336882289515,116,0.3515151515151515,0.5197784233284172,126.0,0.38181818181818183,0.31725671126943955,15.0,0.045454545454545456,,,0.0,0.36905463693319607,0.3090089858238163,73,73,1038.3561643835617,1024.0,0.95908500857303,0.9178082191780822,8.323351066779814e-05,2.947076917799798e+24,6756116.030796968,13,2025-05-13 00:00:00+00:00,1,14.32986111111111
1747144800000,338,0.5869972937759101,155.0326660359043,1125719.4474702445,0.6390532658724793,65,0.19230769230769232,0.751533582783265,119,0.3520710059171598,0.4553740422838107,144.0,0.4260355029585799,0.1860264574469203,10.0,0.029585798816568046,,,0.0,0.6090167068283708,0.030036559044108395,65,65,866.5076923076923,912.0,0.8826912814842869,0.9538461538461539,0.00010423371230502257,3.000413947448471e+24,6849337.537416619,14,2025-05-13 00:00:00+00:00,1,14.371527777777779
1747148400000,276,0.4529170551986464,86.78332056480339,713109.5004562649,0.4288116350037632,52,0.18840579710144928,0.6934246509777209,87,0.31521739130434784,0.31259884056206677,130.0,0.47101449275362317,0.2487297580714746,7.0,0.025362318840579712,,,0.0,0.2524165269910659,0.1763951080126972,52,52,972.5576923076923,894.0,0.923493557065824,0.9038461538461539,6.727753140225563e-05,2.962644992854043e+24,5000264.213159543,15,2025-05-13 00:00:00+00:00,1,14.413194444444445
1747152000000,304,0.5706999797821924,129.4882983376351,1003403.351266155,0.5365819926061041,77,0.2532894736842105,0.823424301002037,111,0.3651315789473684,0.345914651052399,106.0,0.34868421052631576,0.4108930000336084,10.0,0.03289473684210526,,,0.0,0.24322063707511066,0.29336135553099346,77,77,944.3896103896104,848.0,0.9057285652067147,0.8701298701298701,0.00010499747171643092,2.869923348562553e+24,6197016.769014801,16,2025-05-13 00:00:00+00:00,1,14.45486111111111
1747155600000,258,0.6424494823058651,135.26557154073566,884634.9811056008,0.5827025228497792,64,0.24806201550387597,0.938548890793952,92,0.35658914728682173,0.3815614816566816,91.0,0.35271317829457366,0.6718556535205203,11.0,0.04263565891472868,,,0.0,0.31364322390864136,0.2690592989411378,64,64,1094.984375,1083.0,0.9932608318352787,0.828125,0.00010498473729473718,2.805351845771968e+24,5053598.71025968,17,2025-05-13 00:00:00+00:00,1,14.496527777777779
1747159200000,210,0.6742923000052486,105.54509603739356,718160.40223669,0.40875120477495447,45,0.21428571428571427,1.1396793763641062,76,0.3619047619047619,0.38951933588145626,86.0,0.4095238095238095,1.0310944322506537,3.0,0.014285714285714285,,,0.0,0.26149644042363973,0.1472547643513147,45,45,799.5111111111111,736.0,0.8210897387912002,0.9111111111111111,7.256981987027168e-05,2.745577536424124e+24,3787528.3099217936,18,2025-05-13 00:00:00+00:00,1,14.538194444444445
1747162800000,314,0.686258885106512,164.49266635472577,1149658.43258173,0.7599292969158346,91,0.2898089171974522,0.8422934868669552,117,0.37261146496815284,0.45762445541615476,101.0,0.321656050955414,0.3126631887276918,5.0,0.01592356687898089,,,0.0,0.6710921085692212,0.08883718834661335,91,91,988.5714285714286,997.0,0.9454180024048399,0.8571428571428571,0.0001123156449295512,2.819053958929941e+24,5329684.703521798,19,2025-05-13 00:00:00+00:00,1,14.57986111111111
1747166400000,243,0.5745297387517149,90.05164904954339,704561.2268330178,0.690159997024548,55,0.22633744855967078,0.6807385447580988,102,0.41975308641975306,0.3735575774799062,82.0,0.3374485596707819,0.39621844040954673,4.0,0.01646090534979424,,,0.0,0.2856244771792409,0.404535519845307,55,55,1159.8363636363636,1143.0,1.039980343699689,0.8363636363636363,7.005623132284947e-05,2.730140083898492e+24,3872808.9720871737,20,2025-05-13 00:00:00+00:00,1,14.621527777777779
1747170000000,118,0.6070312585094011,46.64089378735662,350989.5893518316,0.6607074672002297,31,0.2627118644067797,0.7185933060123939,52,0.4406779661016949,0.37431546951762645,33.0,0.2796610169491525,0.7142473070880238,2.0,0.01694915254237288,,,0.0,0.3017227606151244,0.3589847065851053,31,31,1160.0,1089.0,1.0214854384025358,0.8709677419354839,5.36510730349253e-05,2.729596085613768e+24,1723966.4718804944,21,2025-05-13 00:00:00+00:00,1,14.663194444444445
1747173600000,175,0.5570261048162123,60.855950927061066,471225.51806969754,0.49480149619743297,42,0.24,0.7356207623746923,81,0.46285714285714286,0.3308477261311328,48.0,0.2742857142857143,0.30798322397512873,4.0,0.022857142857142857,,,0.0,0.24416356232258182,0.2506379338748511,42,42,1316.2380952380952,1255.5,1.084375300298787,0.7142857142857143,6.901521936147517e-05,2.728819692746221e+24,2209902.0370110255,22,2025-05-13 00:00:00+00:00,1,14.70486111111111
1747177200000,165,0.5689804587226349,61.0927985299505,478355.0144963492,0.6456575446880443,46,0.2787878787878788,0.6998480182002265,63,0.38181818181818183,0.2999652567883289,53.0,0.3212121212121212,1.397648292396341,3.0,0.01818181818181818,,,0.0,0.2239870191594506,0.4216705255285937,46,46,1061.2826086956522,1030.0,0.9847770523138127,0.8478260869565217,6.351192502830144e-05,2.731895178642402e+24,3018068.696522917,23,2025-05-13 00:00:00+00:00,1,14.746527777777779
1747180800000,324,0.5118417910723044,111.49270551376829,879537.0457650411,0.47684037603625234,72,0.2222222222222222,0.6402282264577162,124,0.38271604938271603,0.3959034006536473,117.0,0.3611111111111111,0.5268395705075372,11.0,0.033950617283950615,,,0.0,0.20242291372980092,0.2744174623064514,72,72,988.7222222222222,1026.5,0.9475519350280841,0.9166666666666666,8.163402395876674e-05,2.75290526615923e+24,5488642.593115404,0,2025-05-14 00:00:00+00:00,1,14.788194444444445
1747184400000,398,0.6052682968663518,194.1553902753545,1293405.4135159014,0.6733917888553915,94,0.23618090452261306,0.9011999034453143,121,0.30402010050251255,0.3770214219597612,175.0,0.4396984924623116,0.32175210506998986,8.0,0.020100502512562814,,,0.0,0.21751005630515874,0.45588173255023284,94,94,1038.287234042553,1015.0,0.965575921430372,0.8404255319148937,0.00011265251846102066,2.810717436142861e+24,7486748.274853649,1,2025-05-14 00:00:00+00:00,1,14.82986111111111
1747188000000,281,0.5128823990318955,102.35688009330636,777310.4651159209,0.45562123791768505,60,0.21352313167259787,0.6797426527072485,101,0.3594306049822064,0.4068425550453622,112.0,0.398576512455516,0.3202882205486099,8.0,0.028469750889679714,,,0.0,0.24612060867819913,0.20950062923948595,60,60,895.95,938.0,0.8884000228951034,0.9333333333333333,8.592445769879863e-05,2.864009814201108e+24,5080287.605597043,2,2025-05-14 00:00:00+00:00,1,14.871527777777779
1747191600000,219,0.4729892722241824,78.3549776126806,580142.2775257733,0.4892662781029936,57,0.2602739726027397,0.5977862564900903,68,0.3105022831050228,0.38067317927640115,83.0,0.3789954337899543,0.31373940399617045,11.0,0.0502283105022831,,,0.0,0.2365879088664387,0.2526783692365549,57,57,838.6491228070175,889.0,0.8447379784890057,0.8947368421052632,8.702092811749626e-05,2.8146338291527355e+24,3788463.7829858786,3,2025-05-14 00:00:00+00:00,1,14.913194444444445
1747195200000,198,0.40263377251216415,53.102282007725805,448050.267476381,0.32840076869467505,52,0.26262626262626265,0.46284214143523394,83,0.41919191919191917,0.39956321226407604,57.0,0.2878787878787879,0.2422743578514398,6.0,0.030303030303030304,,,0.0,0.17700244665075018,0.1513983220439249,52,52,1006.3653846153846,950.0,0.9458984899696622,0.9423076923076923,5.834989702884569e-05,2.8204241034553937e+24,3002902.964317353,4,2025-05-14 00:00:00+00:00,1,14.95486111111111
1747198800000,178,0.4638614335642994,59.684334162923875,428631.9024222704,0.4175514541611795,29,0.16292134831460675,0.5813319023002983,77,0.43258426966292135,0.3578195941628474,57.0,0.3202247191011236,0.3533379772910543,15.0,0.08426966292134831,,,0.0,0.2926611821241256,0.12489027203705391,29,29,908.5172413793103,972.0,0.8766020375122049,0.8620689655172413,4.8696400195869244e-05,2.757145371856103e+24,2852233.035516248,5,2025-05-14 00:00:00+00:00,1,14.996527777777779
1747202400000,158,0.47469969294172987,50.917597241304186,410816.73884254525,0.3366208869160528,33,0.2088607594936709,0.6085369569495478,58,0.3670886075949367,0.43887168167670276,57.0,0.36075949367088606,0.3583232857917737,10.0,0.06329113924050633,,,0.0,0.17648764663768826,0.16013324027836456,33,33,918.8181818181819,1015.0,0.9119856421020388,0.9090909090909091,4.9452873728443125e-05,2.764916759575987e+24,3124970.1749695353,6,2025-05-14 00:00:00+00:00,1,15.038194444444445
1747206000000,221,0.5620760802591565,95.76857470904731,729081.0431109603,0.4928249116774594,64,0.2895927601809955,0.766484151363712,76,0.3438914027149321,0.3874934751197471,73.0,0.33031674208144796,0.767275025316567,8.0,0.03619909502262444,,,0.0,0.5381081577432211,-0.04528324606576166,64,64,985.359375,991.0,0.9340201647177204,0.890625,7.707783875108366e-05,2.9122365353944497e+24,5068527.531956378,7,2025-05-14 00:00:00+00:00,1,15.07986111111111
1747209600000,261,0.6595814919243458,149.69568245604276,1034568.5639558898,0.4946782442875422,74,0.2835249042145594,0.9482723055105928,97,0.3716475095785441,0.495147254092512,87.0,0.3333333333333333,0.16145152480003525,3.0,0.011494252873563218,,,0.0,0.3347372969434955,0.1599409473440466,74,74,988.1486486486486,983.0,0.9415243358120109,0.9054054054054054,0.00010803677888683184,2.9333480548880063e+24,7283603.115818817,8,2025-05-14 00:00:00+00:00,1,15.121527777777779
1747213200000,267,0.5628393344123845,108.72099687725863,811487.1216521428,0.5567851786226842,63,0.23595505617977527,0.7418779169247722,100,0.37453183520599254,0.39732823277877355,91.0,0.3408239700374532,0.3735365507332282,13.0,0.04868913857677903,,,0.0,0.4574303224319377,0.09935485619074653,63,63,938.6507936507936,940.0,0.9258420348661284,0.9206349206349206,8.951228010036184e-05,2.9290431897994516e+24,5353369.291078432,9,2025-05-14 00:00:00+00:00,1,15.163194444444445
1747216800000,162,0.5138738875117811,59.97362611607043,419527.3286439459,0.36440461537756796,30,0.18518518518518517,0.7040151426554163,65,0.4012345679012346,0.39977735562062106,64.0,0.3950617283950617,0.3228987610865624,3.0,0.018518518518518517,,,0.0,0.13065795217307896,0.23374666320448897,30,30,953.7333333333333,1076.0,0.9280765659431324,0.8666666666666667,5.695267705262852e-05,2.8992496058884396e+24,3463061.108045038,10,2025-05-14 00:00:00+00:00,1,15.20486111111111
1747220400000,147,0.5552891853159283,58.92361753164002,427545.39878004475,0.3583208754787939,29,0.19727891156462585,0.7858494961461379,58,0.3945578231292517,0.4986263808874557,47.0,0.3197278911564626,0.17088416725923228,13.0,0.08843537414965986,,,0.0,0.21182229371362266,0.14649858176517117,29,29,936.1724137931035,918.0,0.9288114079115883,0.9310344827586207,5.182977224719565e-05,2.911524643301635e+24,3415259.4054401326,11,2025-05-14 00:00:00+00:00,1,15.246527777777779
1747224000000,222,0.5070687256597638,82.72538405845458,684805.2183198942,0.3608915467408052,31,0.13963963963963963,0.7478361177673399,86,0.38738738738738737,0.3551088706499972,96.0,0.43243243243243246,0.3308068263457379,9.0,0.04054054054054054,,,0.0,0.15447276672038027,0.20641878002042494,31,31,684.0645161290323,617.0,0.7751674344292453,0.967741935483871,8.309478213257703e-05,2.91293798127518e+24,8389572.01243198,12,2025-05-14 00:00:00+00:00,1,15.288194444444445
1747227600000,254,0.6918886988682826,138.34282031657443,939586.145670472,0.5164030251443714,38,0.14960629921259844,1.0120759960730628,85,0.3346456692913386,0.5373151844411392,125.0,0.4921259842519685,0.48759280595082516,6.0,0.023622047244094488,,,0.0,0.3076961218665943,0.20870690327777716,38,38,991.4736842105264,1022.0,0.9521437722034293,0.8947368421052632,0.00011529456628284708,2.943385017901639e+24,7698944.094539758,13,2025-05-14 00:00:00+00:00,1,15.32986111111111
1747231200000,285,0.6186560656763727,129.3416428281785,925095.7665831089,0.4698778652745207,53,0.18596491228070175,0.9695554082971716,80,0.2807017543859649,0.4901554240340015,141.0,0.49473684210526314,0.4306458550589712,11.0,0.03859649122807018,,,0.0,0.2243086276794136,0.2455692375951071,53,53,772.1698113207547,824.0,0.8174737353097734,0.9811320754716981,8.930008971392156e-05,2.9987742898229984e+24,8023907.716871009,14,2025-05-14 00:00:00+00:00,1,15.371527777777779
1747234800000,252,0.7063273806732807,151.56605992163375,899006.1596310172,0.5723248901897203,41,0.1626984126984127,0.9896185791204446,84,0.3333333333333333,0.5817679796820558,119.0,0.4722222222222222,0.27135365045077936,8.0,0.031746031746031744,,,0.0,0.307374369091024,0.26495052109869627,41,41,944.5121951219512,993.0,0.9262663126050124,0.975609756097561,0.00011080217946335934,3.0403966668662304e+24,7476820.029631693,15,2025-05-14 00:00:00+00:00,1,15.413194444444445
1747238400000,218,0.5530669563313092,89.02567873237507,665066.0465826486,0.4915197984742653,43,0.19724770642201836,0.7639661551252611,89,0.40825688073394495,0.36508044832343706,83.0,0.38073394495412843,0.37952670961283275,3.0,0.013761467889908258,,,0.0,0.2024436190942423,0.289076179380023,43,43,1137.8837209302326,965.0,1.007332310565623,0.8604651162790697,8.657410922448781e-05,3.0361176547628554e+24,5029734.441653596,16,2025-05-14 00:00:00+00:00,1,15.45486111111111
1747242000000,210,0.6126775846019715,77.34744600432383,557484.2294918958,0.5916653757457474,29,0.1380952380952381,0.8164177570183814,89,0.4238095238095238,0.42148589704676415,90.0,0.42857142857142855,0.4545428804713101,2.0,0.009523809523809525,,,0.0,0.23097004219993295,0.3606953335458145,29,29,922.2068965517242,881.0,0.9123597337372922,0.896551724137931,8.292325002464868e-05,2.611445639873081e+24,3431765.824661685,17,2025-05-14 00:00:00+00:00,1,15.496527777777779
1747245600000,150,0.44379188668061575,54.037692160627564,420014.44619956834,0.4081404691840007,42,0.28,0.498756992106978,68,0.4533333333333333,0.40882321205570976,36.0,0.24,0.1984430497710696,4.0,0.02666666666666667,,,0.0,0.1420162532369654,0.2661242159470352,42,42,1110.904761904762,1026.0,1.01953717573287,0.8809523809523809,6.740329622846624e-05,3.152044040259075e+24,2341498.995689597,18,2025-05-14 00:00:00+00:00,1,15.538194444444445
1747249200000,146,0.4286165405188592,46.38139841068537,360298.45838149387,0.29945306013302353,28,0.1917808219178082,0.4419216472476138,72,0.4931506849315068,0.4147331562669001,37.0,0.2534246575342466,0.7810937609250319,9.0,0.06164383561643835,,,0.0,0.20648972718279915,0.09296333295022441,28,28,970.6071428571429,971.5,0.9431539214047547,0.8928571428571429,3.633065953126532e-05,3.080269551890731e+24,2005023.6930033732,19,2025-05-14 00:00:00+00:00,1,15.57986111111111
1747252800000,97,0.3039832343382446,23.544045549349633,218719.26365640192,0.22081064038059844,30,0.30927835051546393,0.4201317450615378,39,0.4020618556701031,0.2221428895667352,24.0,0.24742268041237114,0.2863717780975392,4.0,0.041237113402061855,,,0.0,0.1441760276295805,0.07663461275101795,30,30,935.8333333333334,980.5,0.9014423101314715,0.9,4.479425020785114e-05,3.16633491513716e+24,1289207.2149025616,20,2025-05-14 00:00:00+00:00,1,15.621527777777779
1747256400000,82,0.39885589182350084,25.10525324798633,213778.50281678312,0.46934536248752157,19,0.23170731707317074,0.45448939687878176,42,0.5121951219512195,0.23114993646092838,17.0,0.2073170731707317,0.19262941337988645,4.0,0.04878048780487805,,,0.0,0.10563997101017901,0.3637053914773425,19,19,746.6315789473684,593.0,0.8056008633672405,0.9473684210526315,3.852003075449093e-05,2.942639577027015e+24,1339669.348644281,21,2025-05-14 00:00:00+00:00,1,15.663194444444445
1747260000000,97,0.40694083598695746,28.89860913171582,237135.94949239536,0.4046253595881297,24,0.24742268041237114,0.415967143760421,47,0.4845360824742268,0.4025730583651641,20.0,0.20618556701030927,0.36005592276278175,6.0,0.061855670103092786,,,0.0,0.24469563319235899,0.15992972639577072,24,24,926.8333333333334,796.5,0.9330144324330721,0.9166666666666666,4.0468031899920564e-05,2.970488607384823e+24,1139460.2354579882,22,2025-05-14 00:00:00+00:00,1,15.70486111111111
1747263600000,113,0.5129156350818388,41.92292932249598,343608.34680883086,0.5353053746567694,41,0.36283185840707965,0.5631046968174088,44,0.3893805309734513,0.33796860116313954,23.0,0.20353982300884957,0.6924123833204074,5.0,0.04424778761061947,,,0.0,0.34411723187142546,0.19118814278534385,41,41,1108.3902439024391,996.0,0.9964179854688917,0.8780487804878049,6.1172118519679e-05,2.9090343764898147e+24,1608276.9593874386,23,2025-05-14 00:00:00+00:00,1,15.746527777777779
1747267200000,180,0.49536703313511243,64.24423718235484,474056.04225781874,0.36587445026686993,37,0.20555555555555555,0.5760455044937389,77,0.42777777777777776,0.46636846523209086,55.0,0.3055555555555556,0.5111765336966504,11.0,0.06111111111111111,,,0.0,0.12201039955446816,0.24386405071240178,37,37,815.4594594594595,705.0,0.8395124655196351,0.972972972972973,5.4798349309101575e-05,2.9798933223676405e+24,2527041.817833462,0,2025-05-15 00:00:00+00:00,1,15.788194444444445
1747270800000,194,0.44430310586681887,52.85609646699209,427054.15836625535,0.4172891283441472,46,0.23711340206185566,0.5794794637607554,83,0.42783505154639173,0.30862102782962875,59.0,0.30412371134020616,0.11567775004021519,6.0,0.030927835051546393,,,0.0,0.1765446673108217,0.2407444610333255,46,46,834.7608695652174,779.0,0.8441325427262713,0.9565217391304348,7.505756401568994e-05,2.626824918117236e+24,3864418.964732765,1,2025-05-15 00:00:00+00:00,1,15.82986111111111
1747274400000,261,0.5520668148768992,77.26849203175126,607175.391737834,0.5233055716190219,58,0.2222222222222222,0.6545374847748832,110,0.421455938697318,0.4892586674961143,78.0,0.2988505747126437,0.2384277426022253,15.0,0.05747126436781609,,,0.0,0.17500675961036452,0.3482988120086574,58,58,948.2931034482758,993.5,0.9330998137139542,0.9655172413793104,7.982465648570728e-05,2.2400429725795615e+24,3130191.402429947,2,2025-05-15 00:00:00+00:00,1,15.871527777777779
1747278000000,222,0.5387974093354115,64.63102970062212,496704.46741695254,0.3578795146164617,55,0.24774774774774774,0.6845076345222691,89,0.4009009009009009,0.44121199989364307,69.0,0.3108108108108108,0.9516493448236262,9.0,0.04054054054054054,,,0.0,0.19249161577554422,0.16538789884091754,55,55,755.6363636363636,760.0,0.8097084114109223,0.9454545454545454,6.52572009454817e-05,2.2560777042854237e+24,3010877.0367685705,3,2025-05-15 00:00:00+00:00,1,15.913194444444445
1747281600000,220,0.5818945616415695,78.68522283439317,586182.9741036681,0.5861767393764413,49,0.22272727272727272,0.7390577358283646,102,0.4636363636363636,0.32856153822472756,64.0,0.2909090909090909,0.5764631661647766,5.0,0.022727272727272728,,,0.0,0.21813672359579667,0.36804001578064466,49,49,967.0,1023.0,0.9328550776063328,0.9183673469387755,7.299954909670423e-05,2.651108545044445e+24,3353329.726000064,4,2025-05-15 00:00:00+00:00,1,15.95486111111111
1747285200000,228,0.7909341053243801,169.96025561811592,893301.0650383467,0.4404120894298609,43,0.18859649122807018,0.9225212663416105,87,0.3815789473684211,0.860670272236206,92.0,0.40350877192982454,0.32570682517059907,6.0,0.02631578947368421,,,0.0,0.23688192487750892,0.20353016455235193,43,43,823.2558139534884,768.0,0.8586795228296907,0.9767441860465116,8.775488672578435e-05,2.906459200782959e+24,8340100.537820825,5,2025-05-15 00:00:00+00:00,1,15.996527777777779
1747288800000,356,0.9978852945950625,268.8040542206506,1476520.9283837308,0.7074519791600334,35,0.09831460674157304,1.3325714214951923,141,0.3960674157303371,0.7707604614957114,168.0,0.47191011235955055,1.092168136928289,12.0,0.033707865168539325,,,0.0,0.443438714408821,0.26401326475121245,35,35,792.2,792.0,0.837733135359654,1.0,0.00010610757734443011,2.2865807751670456e+24,16273423.703879207,6,2025-05-15 00:00:00+00:00,1,16.038194444444443
1747292400000,353,0.7110455187229807,147.81915672492323,985351.0948747646,0.5630091116886613,51,0.14447592067988668,0.9318221076402728,138,0.3909348441926346,0.5584787479521833,155.0,0.43909348441926344,0.7922162917938245,9.0,0.025495750708215296,,,0.0,0.35594264771621065,0.20706646397245063,51,51,833.3725490196078,992.0,0.8475290937698761,0.9803921568627451,0.00011526090606961924,2.1675050388192316e+24,9503452.288750665,7,2025-05-15 00:00:00+00:00,1,16.07986111111111
1747296000000,259,0.7000210211667983,138.9643562145645,939306.0969336563,0.7256586687860472,57,0.22007722007722008,0.8568411331072073,99,0.38223938223938225,0.5516361114366948,94.0,0.36293436293436293,0.3624259676370265,9.0,0.03474903474903475,,,0.0,0.3337640672507648,0.39189460153528244,57,57,901.2280701754386,901.0,0.891853615049678,0.8947368421052632,9.023488011285005e-05,2.7848270462193755e+24,7051164.293664373,8,2025-05-15 00:00:00+00:00,1,16.12152777777778
1747299600000,299,0.5830485941819997,124.4353607311959,874709.1179298983,0.4455748034048325,55,0.18394648829431437,0.7768130157945954,121,0.40468227424749165,0.4591876455676637,111.0,0.3712374581939799,0.4050593253329506,12.0,0.04013377926421405,,,0.0,0.24967031675813556,0.19590448664669696,55,55,957.5272727272727,960.0,0.9499006912961275,0.9636363636363636,9.36715862355039e-05,2.7804107570893384e+24,5764212.64572305,9,2025-05-15 00:00:00+00:00,1,16.163194444444443
1747303200000,270,0.4940521003141159,83.55549082979554,672532.621015212,0.42079302050203304,52,0.1925925925925926,0.5939179053352226,123,0.45555555555555555,0.3920287893201845,83.0,0.3074074074074074,0.49354484574149016,12.0,0.044444444444444446,,,0.0,0.29638015582565447,0.1244128646763786,52,52,844.4807692307693,877.5,0.8782358639299315,0.9615384615384616,7.866977414216052e-05,2.4520612057500976e+24,4553851.172389316,10,2025-05-15 00:00:00+00:00,1,16.20486111111111
1747306800000,259,0.45753415232882255,87.59975192625024,671577.5728867087,0.3608923985521749,71,0.27413127413127414,0.5793470674393331,88,0.33976833976833976,0.43853436214585595,93.0,0.3590733590733591,0.15882107739067353,7.0,0.02702702702702703,,,0.0,0.1707483097685879,0.19014408878358696,71,71,982.7746478873239,993.0,0.9504642711242206,0.9436619718309859,7.369364279342838e-05,3.077940889560248e+24,4208239.810891905,11,2025-05-15 00:00:00+00:00,1,16.24652777777778
1747310400000,297,0.5460866538056822,147.24267450385878,1132331.075360921,0.505013523935634,76,0.2558922558922559,0.7272263612420508,106,0.3569023569023569,0.3990345016349452,112.0,0.3771043771043771,0.6762832954693904,3.0,0.010101010101010102,,,0.0,0.23749064289436825,0.2675228810412658,76,76,963.2368421052631,993.0,0.9464133581868733,0.9342105263157895,7.718814064958369e-05,3.6617314785586717e+24,6604575.12555439,12,2025-05-15 00:00:00+00:00,1,16.288194444444443
1747314000000,283,0.6626553665964149,199.80805414220436,1023023.1132237831,0.4447093348621478,65,0.22968197879858657,0.8564713705999678,113,0.3992932862190813,0.5895801066517063,101.0,0.3568904593639576,0.5741265827817763,4.0,0.014134275618374558,,,0.0,0.23249457913279573,0.21221475572935206,65,65,944.1384615384616,1086.0,0.9273906294707255,0.9538461538461539,0.0001226814563686148,3.230610787305813e+24,6752709.357767007,13,2025-05-15 00:00:00+00:00,1,16.32986111111111
1747317600000,405,0.7414768022070425,190.10604511639391,1317337.9632960695,0.6999259049392986,89,0.21975308641975308,1.0602218517109325,121,0.29876543209876544,0.5692715026346933,187.0,0.4617283950617284,0.40801053806802184,8.0,0.019753086419753086,,,0.0,0.4500675582087588,0.24985834673053983,89,89,946.1460674157304,1061.0,0.9204278964204545,0.9662921348314607,0.00014660635198323965,2.411846850737879e+24,8269028.574081804,14,2025-05-15 00:00:00+00:00,1,16.37152777777778
1747321200000,233,0.6451458637259374,270.0417306410774,744584.7530103077,0.5256315917566378,67,0.2875536480686695,0.6196003109097719,67,0.2875536480686695,0.7867327587694082,92.0,0.3948497854077253,0.17271928038691664,7.0,0.030042918454935622,,,0.0,0.1652738013338473,0.3603577904227904,67,67,1080.1492537313434,1090.0,0.9908813890715026,0.8507462686567164,8.477446444214098e-05,2.738834265707515e+24,6108728.744130379,15,2025-05-15 00:00:00+00:00,1,16.413194444444443
1747324800000,228,0.6721385000673835,119.91074767954693,812809.8386209353,0.5851485870584506,62,0.2719298245614035,0.8257973148740823,98,0.4298245614035088,0.5201378925609971,67.0,0.29385964912280704,1.1909899584926507,1.0,0.0043859649122807015,,,0.0,0.34423591424273353,0.24091267281571704,62,62,1013.8870967741935,986.0,0.9620618090355066,0.8870967741935484,9.043715594981886e-05,3.065693183644014e+24,4730222.391549022,16,2025-05-15 00:00:00+00:00,1,16.45486111111111
1747328400000,198,0.4928093756058046,68.85475979955574,548831.6476589884,0.48514621669176833,52,0.26262626262626265,0.563799081932693,75,0.3787878787878788,0.4181963160429821,65.0,0.3282828282828283,0.48016023570525973,6.0,0.030303030303030304,,,0.0,0.22249668450868929,0.26264953218307907,52,52,908.25,878.0,0.9183753872781089,0.8846153846153846,6.428087829018052e-05,3.0375650052411464e+24,3291872.5260232445,17,2025-05-15 00:00:00+00:00,1,16.49652777777778
1747332000000,236,0.5310813132900907,98.1278020971965,757854.2556100123,0.5387739805633875,80,0.3389830508474576,0.5561816753578644,91,0.3855932203389831,0.4897776870835522,63.0,0.2669491525423729,0.3823723737804716,2.0,0.00847457627118644,,,0.0,0.20226955938741714,0.33650442117597046,80,80,999.425,955.0,0.9542771553494049,0.9,0.00010445152072582134,3.0802304749500486e+24,4924688.69135797,18,2025-05-15 00:00:00+00:00,1,16.538194444444443
1747335600000,247,0.5497581085396434,100.62703347866628,758865.7673225625,0.4547726810078585,78,0.3157894736842105,0.7728574524809708,101,0.4089068825910931,0.3298902490818664,64.0,0.2591093117408907,0.2866012622153588,4.0,0.016194331983805668,,,0.0,0.19896912763989422,0.25580355336796434,78,78,1061.025641025641,980.5,0.9873459829661391,0.8974358974358975,8.529442450026144e-05,3.093899341975722e+24,3870697.1317247534,19,2025-05-15 00:00:00+00:00,1,16.57986111111111
1747339200000,194,0.5100839763649591,74.06454861079712,546857.075887159,0.5273215189714632,56,0.28865979381443296,0.6108385154300255,68,0.35051546391752575,0.40162568253072295,64.0,0.32989690721649484,0.36420393686535285,6.0,0.030927835051546393,,,0.0,0.217776264381112,0.30954525459035115,56,56,1280.142857142857,1269.0,1.0866166473321377,0.8214285714285714,7.899719349943665e-05,3.1573478018760627e+24,2855178.283673916,20,2025-05-15 00:00:00+00:00,1,16.62152777777778
1747342800000,198,0.6141055724942044,91.80585249614897,660236.1569456153,0.5841059385592717,54,0.2727272727272727,0.6061921508942055,84,0.42424242424242425,0.6710172494499868,57.0,0.2878787878787879,0.29435292596310103,3.0,0.015151515151515152,,,0.0,0.17467742771881764,0.40942851084045406,54,54,971.8333333333334,990.5,0.9515564990105969,0.9259259259259259,0.0001094991203511423,3.0891072921421314e+24,3290520.2363256733,21,2025-05-15 00:00:00+00:00,1,16.663194444444443
1747346400000,157,0.4748316112551659,58.21229902972208,448289.76365809166,0.4391482895290477,32,0.20382165605095542,0.49416721587885426,82,0.5222929936305732,0.486335571002497,39.0,0.2484076433121019,0.25175468274202334,4.0,0.025477707006369428,,,0.0,0.21909225352899436,0.22005603600005336,32,32,892.65625,995.5,0.9048853241934188,0.96875,5.680191888084263e-05,3.2410230380589e+24,2243234.3965572068,22,2025-05-15 00:00:00+00:00,1,16.70486111111111
1747350000000,255,0.6482358406201595,106.21170557030834,773084.3175937701,0.5868640000772231,103,0.403921568627451,0.8119287214905829,90,0.35294117647058826,0.5397965031962803,56.0,0.2196078431372549,0.2584930395070914,6.0,0.023529411764705882,,,0.0,0.23649336157276446,0.35037063850445865,103,103,1050.5436893203882,1017.0,0.9568077546990056,0.8252427184466019,9.15861007331433e-05,2.7066569856471763e+24,4110360.11613336,23,2025-05-15 00:00:00+00:00,1,16.74652777777778
1747353600000,309,0.4743994671296298,114.27618247631452,873749.459398235,0.414053817958104,90,0.2912621359223301,0.604005788659963,109,0.35275080906148865,0.4003680478174693,102.0,0.3300970873786408,0.33130248568855136,8.0,0.025889967637540454,,,0.0,0.23336206711621704,0.18069175084188693,90,90,962.8555555555556,983.5,0.9339948313774238,0.9222222222222223,8.119711119405149e-05,3.22277328278695e+24,4526177.9920779085,0,2025-05-16 00:00:00+00:00,1,16.788194444444443
1747357200000,279,0.5803381659467844,113.3636555167429,852925.8193165599,0.41392797711315543,76,0.2724014336917563,0.8604160312717865,105,0.3763440860215054,0.40653323657653906,94.0,0.33691756272401435,0.47450362920520384,4.0,0.014336917562724014,,,0.0,0.1851830355795675,0.22874494153358796,76,76,1011.1578947368421,929.0,0.950551195171621,0.8947368421052632,0.0001119548160913083,2.9375346485193937e+24,4963094.347341302,1,2025-05-16 00:00:00+00:00,1,16.82986111111111
1747360800000,198,0.5112757154295556,85.98995263436261,655233.6427091298,0.3047175621918871,40,0.20202020202020202,0.5886757499542713,75,0.3787878787878788,0.5541760843651586,77.0,0.3888888888888889,0.3702749041148247,6.0,0.030303030303030304,,,0.0,0.22453010361087128,0.08018745858101584,40,40,1159.875,1230.5,1.009640831698612,0.775,0.00010691434056033223,3.31253048743979e+24,4781541.931945465,2,2025-05-16 00:00:00+00:00,1,16.87152777777778
1747364400000,197,0.4513254206654465,73.9286718570336,570511.9345992423,0.5050968990173222,61,0.3096446700507614,0.47942887536196577,73,0.37055837563451777,0.35064746380039624,54.0,0.27411167512690354,0.46299178715460065,9.0,0.04568527918781726,,,0.0,0.2511451131959043,0.2539517858214179,61,61,1049.1147540983607,1068.0,0.9698206855377552,0.8852459016393442,7.266788787592488e-05,3.227372221793317e+24,3292066.5515511995,3,2025-05-16 00:00:00+00:00,1,16.913194444444443
1747368000000,158,0.43078445995728115,50.64625398037933,417741.13658997667,0.48505043771643364,49,0.310126582278481,0.49402245925144633,59,0.37341772151898733,0.31155544779223915,47.0,0.2974683544303797,0.16868069435819655,3.0,0.0189873417721519,,,0.0,0.28936949032736875,0.19568094738906483,49,49,1022.0408163265306,981.0,0.9795743907105803,0.8979591836734694,5.743528467940965e-05,3.2468837367082206e+24,2611069.513217301,4,2025-05-16 00:00:00+00:00,1,16.95486111111111
1747371600000,139,0.377030152663108,41.79293910185125,347089.739327479,0.28969802325748584,33,0.23741007194244604,0.47742519033258785,67,0.48201438848920863,0.28220332354809485,34.0,0.2446043165467626,0.2529511399512749,5.0,0.03597122302158273,,,0.0,0.1331477520789859,0.15655027117849993,33,33,965.5757575757576,1047.0,0.9311058720323242,0.8787878787878788,4.137589103791591e-05,3.317743764723916e+24,2421020.7199484846,5,2025-05-16 00:00:00+00:00,1,16.99652777777778
1747375200000,153,0.3670778971748374,48.83722542820041,428186.93933428964,0.23550218967189018,37,0.24183006535947713,0.5020409842076328,72,0.47058823529411764,0.2689000046607685,38.0,0.24836601307189543,0.18069770163857032,6.0,0.0392156862745098,,,0.0,0.1780188673262572,0.057483322345632984,37,37,766.1891891891892,791.0,0.8217708502424431,0.972972972972973,5.9102900718873765e-05,3.538030126376984e+24,3408943.99019711,6,2025-05-16 00:00:00+00:00,1,17.038194444444443
1747378800000,104,0.5048422576581617,50.04535746409684,412711.39288280206,0.6186016035996341,25,0.2403846153846154,0.5075325956621994,57,0.5480769230769231,0.3939408050841484,20.0,0.19230769230769232,0.11519032601481433,2.0,0.019230769230769232,,,0.0,0.35054257250830645,0.2680590310913278,25,25,915.56,921.0,0.9193768379379802,0.92,5.606455133157371e-05,3.7090723673474344e+24,3900436.9441442695,7,2025-05-16 00:00:00+00:00,1,17.07986111111111
1747382400000,201,0.49458380188680473,87.40625071623086,676098.9696526653,0.4288857783460668,69,0.34328358208955223,0.6107749447718486,83,0.4129353233830846,0.37187215404953416,43.0,0.21393034825870647,0.5222337388626217,6.0,0.029850746268656716,,,0.0,0.25862515295077876,0.17026062539528808,69,69,954.8260869565217,981.0,0.9246117433873468,0.927536231884058,8.644130085743435e-05,3.3734129787286615e+24,4362260.019102793,8,2025-05-16 00:00:00+00:00,1,17.12152777777778
1747386000000,262,0.5720418018698095,156.61956333487453,1036281.4433948081,0.3201362635189097,49,0.18702290076335878,0.7735930324380604,117,0.44656488549618323,0.445300926776009,87.0,0.3320610687022901,0.5485233058552971,9.0,0.03435114503816794,,,0.0,0.348202651918167,-0.02806638839925726,49,49,804.3877551020408,860.0,0.8452966215055918,0.9795918367346939,6.63861440570994e-05,3.590306755612417e+24,6692836.473098229,9,2025-05-16 00:00:00+00:00,1,17.163194444444443
1747389600000,172,0.4512094646565895,67.97290069491132,544897.702493824,0.29892142664554355,52,0.3023255813953488,0.6068742462047328,76,0.4418604651162791,0.37320998782103615,42.0,0.2441860465116279,0.13342576766095599,2.0,0.011627906976744186,,,0.0,0.24029715884317493,0.058624267802368596,52,52,992.5961538461538,952.5,0.9338094784514408,0.8461538461538461,5.398778475410535e-05,3.5763618493915607e+24,2827244.7565282723,10,2025-05-16 00:00:00+00:00,1,17.20486111111111
1747393200000,186,0.43174917297435533,69.55684463842782,562137.9448129663,0.39208369099997953,57,0.3064516129032258,0.5168030268943311,80,0.43010752688172044,0.34993813042535665,43.0,0.23118279569892472,0.2608323377324056,6.0,0.03225806451612903,,,0.0,0.24481131929066957,0.14727237170930996,57,57,931.3859649122807,935.0,0.9322419286200525,0.9473684210526315,6.0260235647045404e-05,3.587605567032746e+24,2955674.4617487118,11,2025-05-16 00:00:00+00:00,1,17.24652777777778
1747396800000,125,0.35410152140356566,37.9357795304585,334859.27035305963,0.35304403692251896,39,0.312,0.3989755750966078,59,0.472,0.2630399694731527,21.0,0.168,0.23842907430523244,6.0,0.048,,,0.0,0.1725068564349391,0.18053718048757986,39,39,932.5641025641025,861.0,0.9226013853249537,0.9230769230769231,5.8324676665796494e-05,3.535663304566811e+24,2486406.144981618,12,2025-05-16 00:00:00+00:00,1,17.288194444444443
1747400400000,152,0.48008987051964197,64.1729715192269,500467.0166598303,0.3902968438200974,37,0.24342105263157895,0.5654693704198236,70,0.4605263157894737,0.42449904697484536,37.0,0.24342105263157895,0.40541955377312955,8.0,0.05263157894736842,,,0.0,0.1506653485022117,0.23963149531788572,37,37,1028.5405405405406,1138.0,0.9786495265985243,0.918918918918919,6.253221278271575e-05,3.594461498701107e+24,3075144.9320170353,13,2025-05-16 00:00:00+00:00,1,17.32986111111111
1747404000000,188,0.4923054166039994,75.93511091900973,620672.4996017345,0.37519082649994395,36,0.19148936170212766,0.6345055973627294,81,0.4308510638297872,0.3964110793420041,66.0,0.35106382978723405,0.2976927889201128,5.0,0.026595744680851064,,,0.0,0.20065279298429506,0.1745380335156489,36,36,905.5277777777778,935.5,0.8950381400357261,0.9444444444444444,6.849878326214088e-05,3.4016482366226947e+24,4510221.237864525,14,2025-05-16 00:00:00+00:00,1,17.37152777777778
1747407600000,197,0.42055915810894895,69.90632187624392,532494.8600331347,0.3834473279679328,55,0.27918781725888325,0.4967935955047837,90,0.45685279187817257,0.3597022954615017,44.0,0.2233502538071066,0.15277831418625348,8.0,0.04060913705583756,,,0.0,0.21310649541835192,0.1703408325495809,55,55,916.5636363636364,970.0,0.9001862529602993,0.9636363636363636,6.210120056647774e-05,3.325089019895066e+24,2974769.1674041436,15,2025-05-16 00:00:00+00:00,1,17.413194444444443
1747411200000,175,0.44292867435209204,66.77009207171325,513134.7407709608,0.3064741997786189,58,0.3314285714285714,0.6429702075691374,62,0.35428571428571426,0.3657216090007984,53.0,0.3028571428571429,0.2448081390636911,2.0,0.011428571428571429,,,0.0,0.20079214359004627,0.10568205618857261,58,58,905.948275862069,836.0,0.8876933573618995,0.9482758620689655,6.582136708246282e-05,3.426648710257986e+24,3222948.284978162,16,2025-05-16 00:00:00+00:00,1,17.45486111111111
1747414800000,111,0.4346526985815662,36.50785891537669,301019.68675299385,0.3949542443722753,31,0.27927927927927926,0.5206337960028639,52,0.46846846846846846,0.35098774851999154,23.0,0.2072072072072072,0.1714384717809167,5.0,0.04504504504504504,,,0.0,0.2070026848185907,0.18795155955368456,31,31,960.7096774193549,1042.0,0.9290943282943094,0.8709677419354839,4.8871994425845414e-05,3.1524302319183787e+24,2190702.451387622,17,2025-05-16 00:00:00+00:00,1,17.49652777777778
1747418400000,193,0.43786873087091205,54.033014604250916,448492.39286891225,0.4165642262502122,71,0.36787564766839376,0.5035775416349807,92,0.47668393782383417,0.28790322721202743,26.0,0.13471502590673576,0.27949681409750265,4.0,0.02072538860103627,,,0.0,0.2190650640882515,0.19749916216196073,71,71,1091.5352112676057,1037.0,1.0050032750230025,0.8732394366197183,6.093744374290392e-05,2.689381155033669e+24,2244886.0877465447,18,2025-05-16 00:00:00+00:00,1,17.538194444444443
1747422000000,175,0.46968069156316566,54.55509625702869,457625.34327106015,0.42589691166484617,59,0.33714285714285713,0.5586727082348211,82,0.4685714285714286,0.33261238961842465,32.0,0.18285714285714286,0.30572234614156896,2.0,0.011428571428571429,,,0.0,0.2067311035390073,0.21916580812583883,59,59,1019.1186440677966,963.0,0.9560110975311306,0.847457627118644,6.110601038790272e-05,2.865121497204225e+24,2044115.208444499,19,2025-05-16 00:00:00+00:00,1,17.57986111111111
1747425600000,107,0.46373190421404764,34.7114039555757,276238.2855450634,0.46264684079465007,31,0.2897196261682243,0.500983492786292,59,0.5514018691588785,0.359832185485373,15.0,0.14018691588785046,0.16087641479856168,2.0,0.018691588785046728,,,0.0,0.79599324598391,-0.3333464051892599,31,31,1175.8387096774193,851.0,1.0065711688302945,0.8387096774193549,5.111418782440012e-05,2.662218543050535e+24,1596229.2139809735,20,2025-05-16 00:00:00+00:00,1,17.62152777777778
1747429200000,147,0.5450850757856828,54.82433293404655,393821.98813753395,0.5049454656304946,46,0.3129251700680272,0.6527009514861605,63,0.42857142857142855,0.43838025715888507,30.0,0.20408163265306123,0.3285558828872445,8.0,0.05442176870748299,,,0.0,0.24651067043800237,0.2584347951924922,46,46,1216.4565217391305,958.5,0.9966826364065634,0.782608695652174,6.0032931867462485e-05,2.6775002938409234e+24,1939608.8532708269,21,2025-05-16 00:00:00+00:00,1,17.663194444444443
1747432800000,170,0.4407147834061012,44.27547435460131,374448.5274973898,0.38073655659738687,59,0.34705882352941175,0.461238019128021,79,0.4647058823529412,0.5327914439530743,24.0,0.1411764705882353,0.40415727172549243,8.0,0.047058823529411764,,,0.0,0.21793967735790726,0.1627968792394796,59,59,1281.8474576271187,1163.0,1.0791664412173978,0.7966101694915254,5.278560103630124e-05,2.482918887761279e+24,2843836.1581656146,22,2025-05-16 00:00:00+00:00,1,17.70486111111111
1747436400000,156,0.47646485702690883,44.118959243088554,364397.02097332117,0.43783316480239337,47,0.30128205128205127,0.5696176272880176,69,0.4423076923076923,0.35943365534527205,33.0,0.21153846153846154,0.369347434459727,7.0,0.04487179487179487,,,0.0,0.20743637163905546,0.23039679316333794,47,47,1276.1063829787233,1152.0,1.0567805963280272,0.8085106382978723,5.8836292590836966e-05,2.593615246897567e+24,2344639.1034820885,23,2025-05-16 00:00:00+00:00,1,17.74652777777778
1747440000000,368,0.6025088537378643,135.29940507080215,1000579.9177964873,0.5294746197232149,108,0.29347826086956524,0.7481640892107129,146,0.3967391304347826,0.48558782095143804,92.0,0.25,0.483361940596839,22.0,0.059782608695652176,,,0.0,0.3826376672619034,0.14683695246131145,108,108,989.0092592592592,1030.5,0.9459857470139061,0.9259259259259259,8.942351587914116e-05,2.443462957132625e+24,5167822.177625779,0,2025-05-17 00:00:00+00:00,1,17.788194444444443
1747443600000,355,0.6907844035141242,122.5690682635292,853255.4734294468,0.6469270781774933,78,0.21971830985915494,0.9719307393261203,131,0.36901408450704226,0.4717543871903584,133.0,0.37464788732394366,0.36168390781770804,13.0,0.036619718309859155,,,0.0,0.1689636947090994,0.4779633834683939,78,78,959.2564102564103,948.0,0.9421117430941529,0.9487179487179487,0.0001160839966396816,1.8742228337438343e+24,5957655.087316242,1,2025-05-17 00:00:00+00:00,1,17.82986111111111
1747447200000,258,0.4883146936908408,68.4926151976974,570174.0472048343,0.443539947000097,80,0.31007751937984496,0.6267089067063858,89,0.3449612403100775,0.38770906836361896,76.0,0.29457364341085274,0.40453948613275326,13.0,0.050387596899224806,,,0.0,0.24971251150481072,0.19382743549528625,80,80,1083.9625,1074.0,0.9893562106775807,0.8375,7.263415511170943e-05,2.3937080342624685e+24,3910493.4411574667,2,2025-05-17 00:00:00+00:00,1,17.87152777777778
1747450800000,207,0.47394929885525633,64.29106517355201,510153.7241067723,0.3398971044979066,38,0.18357487922705315,0.591756837425325,75,0.36231884057971014,0.4585491171415466,85.0,0.4106280193236715,0.20366412535408443,9.0,0.043478260869565216,,,0.0,0.17970973401505,0.1601873704828566,38,38,1006.2631578947369,991.0,0.9422607315065722,0.868421052631579,5.218185963651494e-05,3.0449485658935543e+24,4474051.206117156,3,2025-05-17 00:00:00+00:00,1,17.913194444444443
1747454400000,162,0.36040279298141364,49.87456183720162,428599.32062324614,0.2593193451264361,40,0.24691358024691357,0.5012683723371736,62,0.38271604938271603,0.2985176007484217,53.0,0.3271604938271605,0.15891524762292056,7.0,0.043209876543209874,,,0.0,0.13891711918909228,0.12040222593734384,40,40,1048.825,1066.0,0.97500709383112,0.9,5.3520779169801016e-05,3.6461014987910015e+24,3597663.2466060766,4,2025-05-17 00:00:00+00:00,1,17.95486111111111
1747458000000,196,0.3786460703356288,62.35597920153523,516753.2440852389,0.34019303150151575,42,0.21428571428571427,0.4503944463970519,75,0.3826530612244898,0.3408247488226308,69.0,0.3520408163265306,0.2630031314179168,10.0,0.05102040816326531,,,0.0,0.1441645733544278,0.19602845814708794,42,42,998.547619047619,971.0,0.938385691491721,0.8809523809523809,5.1721210638284316e-05,3.614872287640607e+24,4081229.6120908232,5,2025-05-17 00:00:00+00:00,1,17.99652777777778
1747461600000,194,0.31712435267475303,54.5569903338272,452659.3762167102,0.206471487956947,29,0.14948453608247422,0.40515387816751625,83,0.42783505154639173,0.28811944251777494,66.0,0.3402061855670103,0.18067476087960194,16.0,0.08247422680412371,,,0.0,0.10468448129433522,0.10178700666261177,29,29,871.551724137931,908.0,0.9001187945162858,0.9655172413793104,4.439472581961543e-05,3.6535749876314687e+24,3863969.5007882216,6,2025-05-17 00:00:00+00:00,1,18.038194444444443
1747465200000,194,0.3138895545336966,54.8152208114198,468372.4461872679,0.1708073599778212,32,0.16494845360824742,0.4073480731623893,72,0.3711340206185567,0.2610960374604861,77.0,0.39690721649484534,0.46117553139210804,13.0,0.06701030927835051,,,0.0,0.13205118642441255,0.03875617355340866,32,32,1056.09375,1026.0,0.9514371644980895,0.84375,4.7102502553454876e-05,3.650704049659065e+24,4602455.035971044,7,2025-05-17 00:00:00+00:00,1,18.07986111111111
1747468800000,222,0.4752309606805867,95.37985398145481,692942.4287308514,0.39753318030972484,64,0.2882882882882883,0.7054419690713113,80,0.36036036036036034,0.2887097896731805,65.0,0.2927927927927928,0.37366583667740083,13.0,0.05855855855855856,,,0.0,0.19596334415899072,0.20156983615073412,64,64,1036.328125,998.0,0.9568979607375386,0.875,6.397385952318886e-05,3.448952657790501e+24,4800187.795197895,8,2025-05-17 00:00:00+00:00,1,18.12152777777778
1747472400000,220,0.4185139875324397,63.143909137761256,518573.189844063,0.3421972732180399,63,0.2863636363636364,0.4940881539104096,86,0.39090909090909093,0.37230726707119444,58.0,0.2636363636363636,0.49455740907505474,13.0,0.05909090909090909,,,0.0,0.15408705105932455,0.18811022215871528,63,63,1129.142857142857,1093.0,1.0138508006603457,0.8412698412698413,6.513610830494507e-05,2.775441477916195e+24,3507258.4704860337,9,2025-05-17 00:00:00+00:00,1,18.163194444444443
1747476000000,170,0.4256380733851055,50.851108395675745,408517.5968009647,0.45287793215491506,39,0.22941176470588234,0.5097283209045095,77,0.45294117647058824,0.30079189925624833,45.0,0.2647058823529412,0.21239077169420378,9.0,0.052941176470588235,,,0.0,0.24104345910580327,0.21183447304911177,39,39,999.3076923076923,1141.0,0.9599007545138073,0.9230769230769231,4.583168870980321e-05,2.945226044025723e+24,2529731.9429677897,10,2025-05-17 00:00:00+00:00,1,18.20486111111111
1747479600000,181,0.5016667730265356,68.42912258261018,479055.46363783896,0.4834268470722435,37,0.20441988950276244,0.68223675228858,81,0.44751381215469616,0.29725387083751137,52.0,0.287292817679558,0.1996831233822154,11.0,0.06077348066298342,,,0.0,0.5251422432180736,-0.04171539614583011,37,37,1117.8108108108108,1093.0,1.0189894334399985,0.8648648648648649,5.313179722527628e-05,2.8349636009210025e+24,2737457.179490809,11,2025-05-17 00:00:00+00:00,1,18.24652777777778
1747483200000,229,0.41687836503062103,67.7395392856232,591457.872643345,0.40769662941197427,85,0.37117903930131,0.4811471673569797,104,0.45414847161572053,0.2490271647916832,31.0,0.13537117903930132,0.33908717536959343,9.0,0.039301310043668124,,,0.0,0.1931237303763755,0.2145728990355987,85,85,962.0823529411765,911.0,0.9163556753282481,0.9058823529411765,6.053995168554941e-05,2.8447572756699313e+24,2749150.06083793,12,2025-05-17 00:00:00+00:00,1,18.288194444444443
1747486800000,195,0.4849995600114742,55.77497405176164,462161.0725967225,0.5046917166134162,49,0.2512820512820513,0.589194889001197,89,0.4564102564102564,0.28731648818317507,42.0,0.2153846153846154,0.3559588308920123,15.0,0.07692307692307693,,,0.0,0.31606560634768294,0.18862611026573317,49,49,919.1020408163265,888.0,0.925049023255795,0.9183673469387755,6.541466049096279e-05,2.372595177448934e+24,3594201.420118895,13,2025-05-17 00:00:00+00:00,1,18.32986111111111
1747490400000,179,0.5331348335118036,59.16360877280422,477486.8839587645,0.4537832231409949,38,0.2122905027932961,0.6763495961146112,81,0.45251396648044695,0.3778467570079406,51.0,0.2849162011173184,0.45920786961850624,9.0,0.05027932960893855,,,0.0,0.2241000702457652,0.22968315289522964,38,38,1195.7894736842106,1090.0,1.0183498570886578,0.7368421052631579,4.816750530059387e-05,2.758744039745211e+24,3228866.683627896,14,2025-05-17 00:00:00+00:00,1,18.37152777777778
1747494000000,177,0.428140628405735,56.3236700021944,430827.5570516709,0.3454955632287056,44,0.24858757062146894,0.569986511768867,78,0.4406779661016949,0.29554600524743135,45.0,0.2542372881355932,0.2820568291646017,10.0,0.05649717514124294,,,0.0,0.2038423813632999,0.14165318186540574,44,44,1058.7954545454545,976.5,0.9781329467617403,0.7954545454545454,3.905114746445175e-05,2.954476867165177e+24,2500881.7147792764,15,2025-05-17 00:00:00+00:00,1,18.413194444444443
1747497600000,300,0.5753024297274394,116.23617765918226,855245.2837880463,0.42050120678379177,97,0.3233333333333333,0.8194302123192284,120,0.4,0.3582015998747316,68.0,0.22666666666666666,0.6075185060276572,15.0,0.05,,,0.0,0.19949877872054608,0.22100242806324571,97,97,875.1340206185567,924.0,0.889045886180959,0.9587628865979382,6.981508960423611e-05,2.5351385405844245e+24,4660976.383086109,16,2025-05-17 00:00:00+00:00,1,18.45486111111111
1747501200000,211,0.4558490261882336,68.08229507154805,567982.7442489504,0.42676407676966877,51,0.24170616113744076,0.5553891410181635,87,0.41232227488151657,0.3078055981921666,62.0,0.2938388625592417,0.6378522049063294,11.0,0.052132701421800945,,,0.0,0.24316174106549568,0.1836023357041731,51,51,904.9411764705883,884.0,0.899906180964013,0.9019607843137255,5.088953979789697e-05,2.94214655665909e+24,3354901.440785111,17,2025-05-17 00:00:00+00:00,1,18.49652777777778
1747504800000,241,0.48179023302417173,90.5815632995208,694760.1334541087,0.4495620715986699,92,0.3817427385892116,0.5624678032517497,89,0.36929460580912865,0.3930851590314892,48.0,0.1991701244813278,0.485334454069213,12.0,0.04979253112033195,,,0.0,0.26141604715327227,0.18814602444539757,92,92,1018.1195652173913,970.0,0.9652894306994808,0.8913043478260869,6.716156854037e-05,3.0057041616256063e+24,3198883.7783520604,18,2025-05-17 00:00:00+00:00,1,18.538194444444443
1747508400000,180,0.542706199568638,71.43306365685208,532754.7519160927,0.5142233154980724,67,0.37222222222222223,0.6620575747346619,78,0.43333333333333335,0.3198641904472959,29.0,0.16111111111111112,0.38626690528479796,6.0,0.03333333333333333,,,0.0,0.15999688352121696,0.35422643197685544,67,67,1157.955223880597,1078.0,1.0180442542838517,0.8059701492537313,4.763714843673261e-05,2.9109993848902e+24,2166691.8205871247,19,2025-05-17 00:00:00+00:00,1,18.57986111111111
1747512000000,219,0.5419995644501828,84.27474609490308,620065.5762001234,0.5605440463034889,72,0.3287671232876712,0.5961063343504607,78,0.3561643835616438,0.4681994270920214,59.0,0.2694063926940639,0.4218673002973635,10.0,0.045662100456621,,,0.0,0.16788115379390064,0.3926628925095883,72,72,1130.263888888889,1056.5,1.024003305187141,0.8333333333333334,7.993948890840047e-05,2.728812046670473e+24,3241935.139546849,20,2025-05-17 00:00:00+00:00,1,18.62152777777778
1747515600000,166,0.4220973713317535,52.002576534286064,450928.64772568404,0.4582031016002206,51,0.3072289156626506,0.5013167375685674,72,0.43373493975903615,0.22943092255539344,34.0,0.20481927710843373,0.3115943319599557,9.0,0.05421686746987952,,,0.0,0.24126298941089747,0.21694011218932308,51,51,1030.1176470588234,946.0,0.9548443980014599,0.8431372549019608,5.244917725276414e-05,3.119525703514479e+24,1562022.7529975784,21,2025-05-17 00:00:00+00:00,1,18.663194444444443
1747519200000,174,0.6138130405187311,74.79384385723115,566560.2835425069,0.6113763802113185,80,0.45977011494252873,0.7352565346651251,66,0.3793103448275862,0.36285414351191303,17.0,0.09770114942528736,0.29071880961390495,11.0,0.06321839080459771,,,0.0,0.2284278954639432,0.3829484847473752,80,80,1158.45,1142.0,1.0424050122775126,0.7875,6.44150368358185e-05,2.522295590988793e+24,2190347.3168583713,22,2025-05-17 00:00:00+00:00,1,18.70486111111111
1747522800000,201,0.46259963003557647,55.98542853320139,479956.7946578104,0.507040170051256,73,0.36318407960199006,0.51276909247288,88,0.43781094527363185,0.27502468299332766,31.0,0.15422885572139303,0.2576831014447324,9.0,0.04477611940298507,,,0.0,0.2112731948614395,0.2957669751898165,73,73,1093.9041095890411,1041.0,0.989730388270478,0.8082191780821918,5.2188252192282596e-05,2.4456809507363943e+24,1645171.1942479163,23,2025-05-17 00:00:00+00:00,1,18.74652777777778
1747526400000,287,0.5558289518234697,105.20416255293628,863124.3159062183,0.49152871459235736,84,0.2926829268292683,0.6342888505413815,116,0.40418118466898956,0.5278333265425537,63.0,0.21951219512195122,0.47514545469152697,24.0,0.08362369337979095,,,0.0,0.2311838511982634,0.260344863394094,84,84,1116.5357142857142,1012.5,1.0133822090778473,0.8690476190476191,7.117439447044004e-05,2.7038128451297743e+24,4118173.588220977,0,2025-05-18 00:00:00+00:00,1,18.788194444444443
1747530000000,217,0.4743188613679166,79.04650788006239,612180.8911534295,0.3286159380878987,43,0.19815668202764977,0.6201920389082786,93,0.42857142857142855,0.3917065234988285,63.0,0.2903225806451613,0.3578520544534529,18.0,0.08294930875576037,,,0.0,0.15822429191867363,0.17039164616922509,43,43,1134.4186046511627,1165.0,1.0307331971287674,0.8372093023255814,5.588508074902533e-05,3.1012513617615403e+24,3448837.958189855,1,2025-05-18 00:00:00+00:00,1,18.82986111111111
1747533600000,150,0.326383090664196,39.12816542482067,329032.4826169632,0.3995174302814383,35,0.23333333333333334,0.3746686576517732,54,0.36,0.25089537887680236,47.0,0.31333333333333335,0.21072594424097088,14.0,0.09333333333333334,,,0.0,0.2394311130319936,0.16008631724944472,35,35,1146.0857142857142,992.0,1.0120096013813145,0.8285714285714286,3.832121747308112e-05,3.4306985957779015e+24,2507895.7714887727,2,2025-05-18 00:00:00+00:00,1,18.87152777777778
1747537200000,169,0.4674443850042049,69.57481309048089,508055.7288489289,0.3674469259722582,54,0.31952662721893493,0.5896890761185231,73,0.4319526627218935,0.29173940756687,34.0,0.20118343195266272,0.7736905811603643,8.0,0.047337278106508875,,,0.0,0.1915687983481703,0.17587812762408794,54,54,1019.2037037037037,933.5,0.957431224192023,0.8703703703703703,5.219020362356235e-05,3.3221239117094343e+24,3008811.912196045,3,2025-05-18 00:00:00+00:00,1,18.913194444444443
1747540800000,172,0.36558946079068244,58.02768519480324,490542.5592648742,0.31545171730844673,25,0.14534883720930233,0.510837252142446,76,0.4418604651162791,0.21527914829123324,47.0,0.27325581395348836,0.252222632948848,24.0,0.13953488372093023,,,0.0,0.2968532643997665,0.018598452908680237,25,25,874.64,1055.0,0.8842483339699692,0.96,2.8659213319187877e-05,3.869291343001242e+24,3241858.8565207566,4,2025-05-18 00:00:00+00:00,1,18.95486111111111
1747544400000,167,0.2711670059144012,41.495217149354566,383826.11900519783,0.16403613932942349,23,0.1377245508982036,0.40191789980537157,64,0.38323353293413176,0.1943123460890355,71.0,0.4251497005988024,0.22145962480699502,9.0,0.05389221556886228,,,0.0,0.11684154340818681,0.04719459592123667,23,23,1172.1739130434783,1129.0,1.0187654794864307,0.8260869565217391,3.6991880467648665e-05,3.665541398140872e+24,4234702.228811046,5,2025-05-18 00:00:00+00:00,1,18.99652777777778
1747548000000,212,0.38414356931353666,77.24372336206258,576977.8336743193,0.14988433294331663,39,0.18396226415094338,0.5646007304889502,81,0.38207547169811323,0.3099766143473199,78.0,0.36792452830188677,0.40586518721317966,14.0,0.0660377358490566,,,0.0,0.12207365936101425,0.027810673582302377,39,39,888.1025641025641,910.0,0.8813834690517246,0.8974358974358975,3.780303968723827e-05,3.699365603218617e+24,4337093.465218917,6,2025-05-18 00:00:00+00:00,1,19.038194444444443
1747551600000,176,0.41610553177490267,71.10523533524389,524758.4912927848,0.20901617101163084,26,0.14772727272727273,0.6012523692280949,79,0.44886363636363635,0.2610066113955357,60.0,0.3409090909090909,0.421892663029894,11.0,0.0625,,,0.0,0.23886422719475206,-0.029848056183121238,26,26,979.6923076923077,670.0,0.8948512986232028,0.7692307692307693,3.987179756519036e-05,3.693447606934793e+24,3818788.669397021,7,2025-05-18 00:00:00+00:00,1,19.07986111111111
1747555200000,219,0.41237702932912323,81.48513127046728,626640.9943475457,0.3072570560203385,54,0.2465753424657534,0.6248221201020224,78,0.3561643835616438,0.3090594333289813,73.0,0.3333333333333333,0.1729445997861663,14.0,0.0639269406392694,,,0.0,0.17563043017274466,0.13162662584759383,54,54,854.4814814814815,793.5,0.8654819766927988,0.9444444444444444,5.623534985270599e-05,3.863430879097938e+24,5106595.907783695,8,2025-05-18 00:00:00+00:00,1,19.12152777777778
1747558800000,147,0.4084203299066694,61.43440208520662,440753.4323825699,0.2092067685399227,36,0.24489795918367346,0.5531654732709376,70,0.47619047619047616,0.32120179667528764,36.0,0.24489795918367346,0.44429940391344047,5.0,0.034013605442176874,,,0.0,0.17487091508855496,0.034335853451367755,36,36,840.75,770.5,0.8513946864195999,0.9444444444444444,5.0459655939408766e-05,3.9473810566453463e+24,3406389.8908137227,9,2025-05-18 00:00:00+00:00,1,19.163194444444443
1747562400000,128,0.32718685521050933,38.79135608948668,350447.9413171836,0.281626224924226,50,0.390625,0.44705762503659213,51,0.3984375,0.1730887902416413,21.0,0.1640625,0.22730045813220404,6.0,0.046875,,,0.0,0.18560379495789012,0.09602242996633592,50,50,903.44,775.5,0.880133874689004,0.92,4.2211417363152915e-05,3.758787497766242e+24,1950036.4716018767,10,2025-05-18 00:00:00+00:00,1,19.20486111111111
1747566000000,112,0.29842129539913564,31.138310168544542,286058.6978478327,0.2447301147310061,33,0.29464285714285715,0.31377436386419516,50,0.44642857142857145,0.30842185256441196,22.0,0.19642857142857142,0.4104417641361674,7.0,0.0625,,,0.0,0.15557086191887093,0.08915925281213513,33,33,1061.939393939394,1077.0,0.9830288777312288,0.8787878787878788,3.902488488546528e-05,3.7887453290514127e+24,2427486.7891457207,11,2025-05-18 00:00:00+00:00,1,19.24652777777778
1747569600000,120,0.4222798419148789,38.57481559787669,314098.3225151655,0.29831703762046763,23,0.19166666666666668,0.5681675039675145,63,0.525,0.21201421485349023,26.0,0.21666666666666667,0.3131708535463193,8.0,0.06666666666666667,,,0.0,0.23093330018615535,0.06738373743431225,23,23,1037.0434782608695,1059.0,0.9581635948956965,0.8260869565217391,3.234321958857769e-05,3.2671561648842124e+24,2857849.209789739,12,2025-05-18 00:00:00+00:00,1,19.288194444444443
1747573200000,110,0.41909080983396413,43.35335574534518,352164.44221685815,0.27735583328341934,38,0.34545454545454546,0.6118080384398494,42,0.38181818181818183,0.38793707864075705,24.0,0.21818181818181817,0.09233998585237889,6.0,0.05454545454545454,,,0.0,0.35050133448789156,-0.07314550120447227,38,38,1073.1842105263158,1146.0,0.9756708637916416,0.9210526315789473,5.237298551512217e-05,3.6786053218293885e+24,2886947.767767133,13,2025-05-18 00:00:00+00:00,1,19.32986111111111
1747576800000,138,0.40207325629773627,49.922062166946716,422213.7862192679,0.25581735506170494,27,0.1956521739130435,0.5342435102964086,63,0.45652173913043476,0.27792537934010014,40.0,0.2898550724637681,0.4755855575179777,8.0,0.057971014492753624,,,0.0,0.21019065203926604,0.045626703022438875,27,27,928.8518518518518,957.0,0.9118070589069934,0.8888888888888888,5.535531861937397e-05,3.702927367104814e+24,5022159.3749732,14,2025-05-18 00:00:00+00:00,1,19.37152777777778
1747580400000,182,0.44755702929798075,81.3974649372127,626703.5664827179,0.544650784891102,45,0.24725274725274726,0.45389083944879044,81,0.44505494505494503,0.3978395694953425,49.0,0.2692307692307692,0.09811387307272891,7.0,0.038461538461538464,,,0.0,0.26833183263090155,0.2763189522602004,45,45,926.7555555555556,973.0,0.9314104025442166,0.9555555555555556,6.053846480216901e-05,3.999202075250839e+24,4101066.6093874876,15,2025-05-18 00:00:00+00:00,1,19.413194444444443
1747584000000,249,0.42086697989033806,101.251341958603,846633.4333484248,0.3396866409337442,86,0.3453815261044177,0.52287979361964,96,0.3855421686746988,0.3544882618174806,60.0,0.24096385542168675,0.5881529965511287,7.0,0.028112449799196786,,,0.0,0.20614076476078205,0.13354587617296212,86,86,841.2674418604652,832.0,0.859139876391682,0.9651162790697675,7.483951819014115e-05,4.037567753935788e+24,4755540.239205094,16,2025-05-18 00:00:00+00:00,1,19.45486111111111
1747587600000,223,0.4338069824050515,91.55774286964736,818362.2903935057,0.4503375114499865,67,0.3004484304932735,0.5018764546005132,89,0.3991031390134529,0.33052075855331653,61.0,0.273542600896861,0.28959551299656633,6.0,0.026905829596412557,,,0.0,0.36996598252404006,0.08037152892594648,67,67,966.2985074626865,1015.0,0.929218410951216,0.8955223880597015,9.583670013588715e-05,3.920852670854399e+24,5326988.863997297,17,2025-05-18 00:00:00+00:00,1,19.49652777777778
1747591200000,393,0.642253014858513,195.02093712182068,1419791.271438064,0.6049297684296427,117,0.29770992366412213,0.8604200912307728,138,0.3511450381679389,0.4531384895192063,130.0,0.33078880407124683,0.4978344632229912,8.0,0.020356234096692113,,,0.0,0.24536261758364622,0.35956715084599655,117,117,947.1452991452992,934.0,0.9288992814334084,0.9316239316239316,0.00010953494644741145,3.032359363841095e+24,7671325.642673688,18,2025-05-18 00:00:00+00:00,1,19.538194444444443
1747594800000,255,0.5465261766939319,82.61617732878138,655765.7109193711,0.5461298291728566,91,0.3568627450980392,0.619944995824636,98,0.3843137254901961,0.41892001525809874,57.0,0.2235294117647059,0.5592566824107479,9.0,0.03529411764705882,,,0.0,0.24631148841134973,0.2998183407615069,91,91,1026.978021978022,942.0,0.9549146957726075,0.8791208791208791,0.00010430257976887201,2.549949218811801e+24,3615431.813196807,19,2025-05-18 00:00:00+00:00,1,19.57986111111111
1747598400000,350,0.6563096456771088,128.178961585141,1009488.2938761624,0.5672740335514417,110,0.3142857142857143,0.8745865517738601,120,0.34285714285714286,0.5224390770111335,114.0,0.32571428571428573,0.46663188403284295,6.0,0.017142857142857144,,,0.0,0.26353289072298675,0.3037411428284549,110,110,1016.6272727272727,1072.5,0.9662486721432678,0.8818181818181818,0.0001254370863818573,2.1948242182887767e+24,5640958.388782528,20,2025-05-18 00:00:00+00:00,1,19.62152777777778
1747602000000,188,0.5415464854538142,67.29557008833201,517931.7264891352,0.5387526012796249,50,0.26595744680851063,0.7289245167209718,74,0.39361702127659576,0.3665371727212974,53.0,0.28191489361702127,0.13692952815956014,11.0,0.05851063829787234,,,0.0,0.3119110686476753,0.2268415326319495,50,50,1019.06,983.0,0.9680234068143997,0.9,7.561067862352294e-05,2.7754928475096656e+24,2901770.7123022364,21,2025-05-18 00:00:00+00:00,1,19.663194444444443
1747605600000,221,0.7189502864358256,116.1077754935191,823109.3411041067,0.6333714312376219,87,0.3936651583710407,0.94633041651416,89,0.40271493212669685,0.4179151929688549,44.0,0.19909502262443438,1.1730232242545,1.0,0.004524886877828055,,,0.0,0.25949045969841633,0.3738809715392055,87,87,989.3218390804598,993.0,0.9585808431202254,0.9195402298850575,9.287763430365409e-05,3.1079729252446805e+24,4193314.8588532484,22,2025-05-18 00:00:00+00:00,1,19.70486111111111
1747609200000,190,0.45353788356971036,72.09082446929821,621842.1668945514,0.42557747369611204,60,0.3157894736842105,0.5017940705034699,88,0.4631578947368421,0.4038259396254596,39.0,0.20526315789473684,0.24348653559332625,3.0,0.015789473684210527,,,0.0,0.25827590838339937,0.16730156531271265,60,60,996.2833333333333,993.0,0.9676484475153226,0.9166666666666666,7.59187613822422e-05,3.689591220431333e+24,3738880.6611222117,23,2025-05-18 00:00:00+00:00,1,19.74652777777778
1747612800000,372,0.5119500237175006,172.61691695177674,1356722.9267438864,0.4520273153562669,113,0.30376344086021506,0.7099122114435309,127,0.34139784946236557,0.36034704293884084,125.0,0.33602150537634407,0.594870138138368,7.0,0.01881720430107527,,,0.0,0.2530130692074347,0.19901424614883223,113,113,890.7522123893805,896.0,0.9035976665979029,0.9734513274336283,0.00011293882164744558,3.6914100566894107e+24,8257035.074709464,0,2025-05-19 00:00:00+00:00,1,19.788194444444443
1747616400000,339,0.6051432410857118,163.26720634820356,1257134.7454904823,0.5857701498904382,90,0.26548672566371684,0.7711099175682194,130,0.3834808259587021,0.4159541767149111,104.0,0.30678466076696165,0.5947147717131719,15.0,0.04424778761061947,,,0.0,0.30304342654702976,0.2827267233434085,90,90,990.4777777777778,993.0,0.9621082651120761,0.9333333333333333,9.791146048756322e-05,3.152034745457797e+24,7431541.480921853,1,2025-05-19 00:00:00+00:00,1,19.82986111111111
1747620000000,199,0.5082081140391488,68.46565925835385,549087.6092928039,0.4862453888486495,48,0.24120603015075376,0.6543897793949158,100,0.5025125628140703,0.26285277352483116,44.0,0.22110552763819097,0.1127337220673272,7.0,0.035175879396984924,,,0.0,0.39883157699811905,0.08741381185053039,48,48,944.5625,961.0,0.9199792788758293,0.875,7.821670610633667e-05,2.8676001324264097e+24,3739640.408220199,2,2025-05-19 00:00:00+00:00,1,19.87152777777778
1747623600000,239,0.5981321533120131,81.56508866183552,613503.0283261567,0.439551775980303,70,0.2928870292887029,0.7630751586382796,118,0.49372384937238495,0.38161693475993375,43.0,0.1799163179916318,0.7165704261194736,8.0,0.03347280334728033,,,0.0,0.2588017051438241,0.1807500708364789,70,70,1183.557142857143,1141.5,1.0470704344117354,0.8142857142857143,7.266794761674194e-05,2.3252258163367317e+24,3213590.2786975983,3,2025-05-19 00:00:00+00:00,1,19.913194444444443
1747627200000,344,0.649964542182663,119.97794460914716,913849.2665176964,0.456391547167636,85,0.24709302325581395,0.8606327988602464,137,0.39825581395348836,0.5716028402803831,109.0,0.3168604651162791,0.35254753593626853,13.0,0.0377906976744186,,,0.0,0.26842244157760886,0.18796910559002716,85,85,938.8,883.0,0.9217073141995037,0.9176470588235294,8.200156570423406e-05,2.1662612507007126e+24,6081313.383453667,4,2025-05-19 00:00:00+00:00,1,19.95486111111111
1747630800000,367,0.5559387310489481,110.78411456898043,851445.1011518613,0.42129544954038856,82,0.22343324250681199,0.7071622341408058,149,0.40599455040871935,0.4683234901380071,120.0,0.32697547683923706,0.4948309830694478,16.0,0.043596730245231606,,,0.0,0.24326164687668456,0.178033802663704,82,82,1002.780487804878,992.0,0.961639001980459,0.9146341463414634,8.016641837427144e-05,2.166500832203143e+24,4965176.827702909,5,2025-05-19 00:00:00+00:00,1,19.99652777777778
1747634400000,315,0.5631647635052753,97.81408909213006,766684.3427470976,0.45107067796521094,61,0.19365079365079366,0.6849359062848153,136,0.43174603174603177,0.48153463405228564,109.0,0.346031746031746,0.4714478646499835,9.0,0.02857142857142857,,,0.0,0.19914000676011717,0.2519306712050937,61,61,1021.7049180327868,988.0,0.9613876990635353,0.8852459016393442,7.703916867562629e-05,2.217308717998697e+24,5854802.903812436,6,2025-05-19 00:00:00+00:00,1,20.038194444444443
1747638000000,336,0.6031467473165681,114.22013871105483,922467.06517032,0.45173032984119293,41,0.12202380952380952,0.7673067292660586,118,0.35119047619047616,0.5510807595875018,166.0,0.49404761904761907,0.19225122090525135,11.0,0.03273809523809524,,,0.0,0.1760436629189398,0.27568666692225313,41,41,959.6829268292682,931.0,0.925073295902552,0.9024390243902439,7.2166535696904e-05,2.2913173984427225e+24,7230164.366743308,7,2025-05-19 00:00:00+00:00,1,20.07986111111111
1747641600000,263,0.564889854953495,85.33427385924921,631677.1533823439,0.4205221899676647,48,0.18250950570342206,0.6384104598426316,116,0.44106463878326996,0.5676784124066108,93.0,0.35361216730038025,0.2552101731268713,6.0,0.022813688212927757,,,0.0,0.18223171404488456,0.23829047592278016,48,48,1104.3125,1084.5,0.9801736698328464,0.875,7.251200347818104e-05,2.3310598587535515e+24,4789879.415175483,8,2025-05-19 00:00:00+00:00,1,20.12152777777778
1747645200000,199,0.5777402746974253,70.05804824689874,496154.6730397626,0.4283528703657612,39,0.19597989949748743,0.7735525208781854,85,0.4271356783919598,0.4444254450680926,64.0,0.32160804020100503,0.36994181468356885,11.0,0.05527638190954774,,,0.0,0.18367108041210864,0.2446817899536525,39,39,1016.4615384615385,974.0,0.9567852207716376,0.8717948717948718,5.757155197716859e-05,2.44878556696979e+24,3991052.368920442,9,2025-05-19 00:00:00+00:00,1,20.163194444444443
1747648800000,143,0.5159925910697241,41.10371615723943,331495.5368667591,0.39885725774011477,19,0.13286713286713286,0.619665386952396,77,0.5384615384615384,0.4060174032197725,45.0,0.3146853146853147,0.11181734284204742,2.0,0.013986013986013986,,,0.0,0.20963851421603055,0.1892187435240842,19,19,870.2631578947369,827.0,0.8823566231637437,0.8947368421052632,5.3275348839998114e-05,2.5628879991452435e+24,3561132.525735946,10,2025-05-19 00:00:00+00:00,1,20.20486111111111
1747652400000,176,0.3674537557226645,38.138809793095696,315069.9172126865,0.3061738257732121,21,0.11931818181818182,0.4377548045101254,85,0.48295454545454547,0.29040453048351716,56.0,0.3181818181818182,0.3407427553938485,14.0,0.07954545454545454,,,0.0,0.18711483959196967,0.11905898618124242,21,21,813.6666666666666,855.0,0.8297884264598545,0.9047619047619048,4.627464787582802e-05,2.549307259172515e+24,2407542.8701690044,11,2025-05-19 00:00:00+00:00,1,20.24652777777778
1747656000000,182,0.46196516104884855,46.606483339964235,377632.6331312999,0.4120463904770027,24,0.13186813186813187,0.6160424970009246,80,0.43956043956043955,0.2952599026154119,70.0,0.38461538461538464,0.5296191245361968,8.0,0.04395604395604396,,,0.0,0.1702993296483499,0.2417470608286528,24,24,900.8333333333334,781.5,0.9093742238759263,0.9583333333333334,4.9831937921713485e-05,2.3247933911424267e+24,4023850.6466038944,12,2025-05-19 00:00:00+00:00,1,20.288194444444443
1747659600000,302,0.644997503491247,118.69933429130856,833360.7219771439,0.4613544669481774,46,0.152317880794702,0.8344758321311503,136,0.4503311258278146,0.5059789579704896,112.0,0.3708609271523179,0.42607301402614123,8.0,0.026490066225165563,,,0.0,0.3254168696938768,0.1359375972543006,46,46,1031.1521739130435,1062.5,0.9853458937573372,0.9565217391304348,7.672809286064004e-05,2.4657404287736235e+24,5200977.340483819,13,2025-05-19 00:00:00+00:00,1,20.32986111111111
1747663200000,231,0.5078449512624111,108.63252522452497,805318.162222701,0.3536739032714974,47,0.20346320346320346,0.68526073835268,113,0.48917748917748916,0.3443041480264342,65.0,0.2813852813852814,0.14587953871425613,6.0,0.025974025974025976,,,0.0,0.18127813179823496,0.17239577147326246,47,47,975.9148936170212,1079.0,0.9360014228097162,0.8936170212765957,6.28973082389817e-05,3.957853013043281e+24,4996659.694557076,14,2025-05-19 00:00:00+00:00,1,20.37152777777778
1747666800000,192,0.4260024736207378,84.92642465082089,685546.8222680129,0.3331579206769021,46,0.23958333333333334,0.5596518248999366,87,0.453125,0.31718461199457926,49.0,0.2552083333333333,0.22354558300152844,10.0,0.052083333333333336,,,0.0,0.17831991018941426,0.15483801048748783,46,46,1039.0652173913043,1037.5,0.9795343061905272,0.9130434782608695,5.795782535527366e-05,4.1486233936280916e+24,5607016.441083673,15,2025-05-19 00:00:00+00:00,1,20.413194444444443
1747670400000,270,0.4425005690081295,122.18058516383459,971573.5815669138,0.3797984943403767,52,0.1925925925925926,0.6170234735997242,111,0.4111111111111111,0.2803795657812861,88.0,0.32592592592592595,0.34540129306172734,19.0,0.07037037037037037,,,0.0,0.1714254513350414,0.20837304300533535,52,52,813.7115384615385,764.0,0.8467324630084564,0.9230769230769231,5.341417464417821e-05,4.1416731372498436e+24,8721185.739350319,16,2025-05-19 00:00:00+00:00,1,20.45486111111111
1747674000000,237,0.5186057000793762,124.56426063565237,931207.6516057496,0.4422860086598387,54,0.22784810126582278,0.669808261657994,85,0.35864978902953587,0.43835021749690023,93.0,0.3924050632911392,0.26516679660793047,5.0,0.02109704641350211,,,0.0,0.21908610904986878,0.22319989960996992,54,54,841.2592592592592,900.0,0.8684281464882558,0.9629629629629629,8.774805481566626e-05,4.078513769515004e+24,8697777.706147743,17,2025-05-19 00:00:00+00:00,1,20.49652777777778
1747677600000,224,0.44037108611333353,99.43550964299922,731553.0215383713,0.29675190670949786,40,0.17857142857142858,0.6995413213161711,93,0.41517857142857145,0.24306363746682194,84.0,0.375,0.18547979876997592,7.0,0.03125,,,0.0,0.14981724742879704,0.14693465928070082,40,40,937.525,981.5,0.9362507013811306,0.975,6.923570849819881e-05,4.206102930743204e+24,6395657.981356126,18,2025-05-19 00:00:00+00:00,1,20.538194444444443
1747681200000,226,0.37453460174698505,105.21483624343071,659586.6114921708,0.5125023672924663,29,0.12831858407079647,0.46958598490766146,84,0.37168141592920356,0.251247583281279,96.0,0.4247787610619469,0.36572121271122066,17.0,0.0752212389380531,,,0.0,0.4433635515212005,0.06913881577126588,29,29,909.7586206896551,873.0,0.8812474858895619,0.896551724137931,4.489565574555753e-05,4.258304729445973e+24,6721414.577692226,19,2025-05-19 00:00:00+00:00,1,20.57986111111111
1747684800000,158,0.33707464440074086,51.54358693140154,427732.95646391495,0.34732096366774184,32,0.20253164556962025,0.43081470081217854,67,0.4240506329113924,0.2522605964934828,46.0,0.2911392405063291,0.12884235267947275,13.0,0.08227848101265822,,,0.0,0.18356943702182382,0.16375152664591802,32,32,973.96875,889.5,0.920235656361263,0.875,4.8404547688625666e-05,3.9670562292559384e+24,4031561.095717693,20,2025-05-19 00:00:00+00:00,1,20.62152777777778
1747688400000,143,0.38571948866133987,54.32235647215213,422433.2163298238,0.30560067973663835,22,0.15384615384615385,0.5330840997570523,73,0.5104895104895105,0.2203456316010528,35.0,0.24475524475524477,0.13903350277414575,13.0,0.09090909090909091,,,0.0,0.18661473097581013,0.11898594876082823,22,22,741.1818181818181,765.0,0.8104116504044026,1.0,3.824649292512809e-05,3.973446160801623e+24,3136892.901343733,21,2025-05-19 00:00:00+00:00,1,20.663194444444443
1747692000000,159,0.4102891793528305,71.09092460853803,491467.24113509274,0.4375271659861077,36,0.22641509433962265,0.49291699669502853,74,0.46540880503144655,0.3004441653044762,40.0,0.25157232704402516,0.11015301933211255,9.0,0.05660377358490566,,,0.0,0.21951613332002237,0.21801103266608532,36,36,816.1111111111111,882.0,0.8500382721914387,0.8888888888888888,4.748703355106942e-05,4.1974568388224835e+24,4311159.491601001,22,2025-05-19 00:00:00+00:00,1,20.70486111111111
1747695600000,180,0.4323077705996426,67.66259262240824,521242.341827634,0.4860763975150029,32,0.17777777777777778,0.578705185075104,83,0.46111111111111114,0.20578047923821807,56.0,0.3111111111111111,0.3005240876535268,9.0,0.05,,,0.0,0.33234719133339113,0.15372920618161173,32,32,1110.96875,1054.5,0.9990290909123203,0.8125,5.0897078047162955e-05,3.731334548415864e+24,4496434.776228134,23,2025-05-19 00:00:00+00:00,1,20.74652777777778
1747699200000,317,0.5678040777803678,162.11678228919897,1177638.6701827836,0.5230398009504881,38,0.11987381703470032,0.7340977402744316,119,0.3753943217665615,0.46237599634391957,146.0,0.4605678233438486,0.3752752615277451,14.0,0.04416403785488959,,,0.0,0.2601327191029337,0.2629070818475544,38,38,916.1578947368421,977.0,0.9131713248599371,0.9736842105263158,7.619626405153015e-05,3.313074112182399e+24,10434613.055302057,0,2025-05-20 00:00:00+00:00,1,20.788194444444443
1747702800000,375,0.5529023067635528,174.5791769753495,1368133.2985976273,0.34685458936581093,46,0.12266666666666666,0.842796763091383,153,0.408,0.364885609778197,159.0,0.424,0.25990218928176895,17.0,0.04533333333333334,,,0.0,0.17321032017189558,0.17364426919391532,46,46,922.0652173913044,992.5,0.9124029711809125,0.9782608695652174,7.364749365889513e-05,3.398375322302653e+24,11295395.221767452,1,2025-05-20 00:00:00+00:00,1,20.82986111111111
1747706400000,339,0.5645622648178464,175.23228969224166,1271022.541285499,0.3664709548745535,31,0.09144542772861357,0.8075059996611288,137,0.40412979351032446,0.41190496664939696,157.0,0.4631268436578171,0.3377576039006308,14.0,0.04129793510324484,,,0.0,0.3070679126465072,0.059403042228046314,31,31,1023.483870967742,1079.0,0.9501869114047768,0.9354838709677419,6.481799784486892e-05,3.451720119704318e+24,14138371.336645119,2,2025-05-20 00:00:00+00:00,1,20.87152777777778
1747710000000,308,0.5076893066666087,129.96100267847035,1025274.2304190102,0.3756519101666563,31,0.10064935064935066,0.6504238920433221,136,0.44155844155844154,0.4144378289298323,127.0,0.41233766233766234,0.25941740329776103,14.0,0.045454545454545456,,,0.0,0.18723482216771675,0.18841708799893955,31,31,1034.9354838709678,1113.0,1.0001551098031325,0.9354838709677419,5.1815723627698294e-05,3.3637966483245873e+24,9512768.863110408,3,2025-05-20 00:00:00+00:00,1,20.913194444444443
1747713600000,305,0.5573701461582244,132.1651839880668,991747.2808438847,0.3109796453555525,28,0.09180327868852459,0.761588249912023,129,0.42295081967213116,0.42366380542985727,129.0,0.42295081967213116,0.44173417732633924,19.0,0.06229508196721312,,,0.0,0.19016404040090631,0.1208156049546462,28,28,873.0357142857143,756.5,0.8925170991775967,0.8928571428571429,4.577549065455803e-05,3.1482564155628244e+24,10477510.828617144,4,2025-05-20 00:00:00+00:00,1,20.95486111111111
1747717200000,452,0.500019289859031,190.49226094741638,1519439.0780272775,0.17390954015717897,24,0.05309734513274336,0.7160654382376901,162,0.3584070796460177,0.409049201979608,243.0,0.5376106194690266,0.2797101294330069,23.0,0.05088495575221239,,,0.0,0.12911934151379192,0.044790198643387034,24,24,878.7916666666666,870.0,0.9098418627094226,1.0,5.2471602625618494e-05,3.400669461504945e+24,17500851.637654506,5,2025-05-20 00:00:00+00:00,1,20.99652777777778
1747720800000,372,0.5460205524132505,173.12731129227015,1379880.0481899884,0.15815271138535958,17,0.0456989247311828,0.7514454785215096,133,0.3575268817204301,0.47012027479519153,195.0,0.5241935483870968,0.32649433984277637,27.0,0.07258064516129033,,,0.0,0.15815230983976544,4.0154559415763473e-07,17,17,849.9411764705883,890.0,0.8712400049455562,0.9411764705882353,5.452862230483229e-05,3.35477036476837e+24,15858541.585256526,6,2025-05-20 00:00:00+00:00,1,21.038194444444443
1747724400000,397,0.5256751421550159,189.49606427821357,1408903.72700617,0.3175384125812888,27,0.06801007556675064,0.6749269830237207,139,0.3501259445843829,0.4640321992056067,212.0,0.5340050377833753,0.41735881178740647,19.0,0.04785894206549118,,,0.0,0.23190937940541462,0.08562903317587421,27,27,893.4814814814815,931.0,0.8949512685974725,0.9629629629629629,5.1979604615370334e-05,3.239826084369323e+24,18262655.537307024,7,2025-05-20 00:00:00+00:00,1,21.07986111111111
1747728000000,340,0.4858634302911318,139.2141349187459,1115192.1917554976,0.3061545299685014,35,0.10294117647058823,0.6787003253525907,117,0.34411764705882353,0.4301874920778316,162.0,0.4764705882352941,0.20691715258559334,26.0,0.07647058823529412,,,0.0,0.2664643151469867,0.039690214821514705,35,35,784.5428571428571,897.0,0.8243468188658637,0.9714285714285714,5.335168313569345e-05,3.5875239872451106e+24,14290750.531205427,8,2025-05-20 00:00:00+00:00,1,21.12152777777778
1747731600000,285,0.4698816800710739,119.51379837979275,918269.4000838957,0.2937597020704469,21,0.07368421052631578,0.7165875845230434,114,0.4,0.32282892061416113,128.0,0.44912280701754387,0.2151926637516862,22.0,0.07719298245614035,,,0.0,0.2790401807479442,0.014719521322502704,21,21,882.2857142857143,788.0,0.8912623443370163,0.9523809523809523,3.659234123457046e-05,3.5518601875478263e+24,9395935.27544622,9,2025-05-20 00:00:00+00:00,1,21.163194444444443
1747735200000,368,0.4484530626949107,155.31195763310302,1214840.1476739508,0.23398300562234672,43,0.11684782608695653,0.6413593454463236,132,0.358695652173913,0.3745679924849214,169.0,0.4592391304347826,0.2920013958791591,24.0,0.06521739130434782,,,0.0,0.16197137952272395,0.07201162609962278,43,43,812.1395348837209,893.0,0.8526509923335043,1.0,5.382315944052742e-05,3.6357024022170795e+24,11286443.387433423,10,2025-05-20 00:00:00+00:00,1,21.20486111111111
1747738800000,250,0.5713564206229157,105.74619418373474,820906.3032503424,0.3937928815221933,30,0.12,0.7636381600091733,100,0.4,0.4346065067258379,110.0,0.44,0.6854786969303648,10.0,0.04,,,0.0,0.23335548252552954,0.1604373989966638,30,30,835.0,667.5,0.8348068915305086,0.9,5.91672967086486e-05,3.07432212521324e+24,8201245.105054319,11,2025-05-20 00:00:00+00:00,1,21.24652777777778
1747742400000,311,0.5566244389060733,131.20271615226298,978314.0302312808,0.317368198589204,37,0.1189710610932476,0.8038690254170067,123,0.3954983922829582,0.4171230582939929,140.0,0.45016077170418006,0.37222353313976536,11.0,0.03536977491961415,,,0.0,0.2247479755037563,0.09262022308544773,37,37,796.3783783783783,785.0,0.8350581160505051,0.9459459459459459,5.636990028628355e-05,3.011343900760924e+24,9447517.542661723,12,2025-05-20 00:00:00+00:00,1,21.288194444444443
1747746000000,408,0.7169548043113363,220.38683109575732,1626886.1765892562,0.5926278251811453,29,0.07107843137254902,0.9831455512349332,166,0.4068627450980392,0.5174490742670421,196.0,0.4803921568627451,0.629951362790166,17.0,0.041666666666666664,,,0.0,0.36154747731722725,0.23108034786391812,29,29,944.0689655172414,975.0,0.9530662372426459,1.0,7.023994581952252e-05,2.973270967129916e+24,13784148.32696866,13,2025-05-20 00:00:00+00:00,1,21.32986111111111
1747749600000,362,0.5383042371601866,148.73537574816012,1172879.202679774,0.36660684564978585,58,0.16022099447513813,0.7492698729223033,125,0.3453038674033149,0.4420349303114687,165.0,0.4558011049723757,0.5006027991156958,14.0,0.03867403314917127,,,0.0,0.1785955524301425,0.18801129321964338,58,58,841.4827586206897,921.5,0.8762999777017926,0.9827586206896551,5.968878725720075e-05,3.1750317735254704e+24,10596412.910518466,14,2025-05-20 00:00:00+00:00,1,21.37152777777778
1747753200000,309,0.44114139406987324,118.02689951224882,971028.0487879275,0.32601870896910445,46,0.1488673139158576,0.5949387871061753,123,0.39805825242718446,0.3549206196420154,123.0,0.39805825242718446,0.2637131249990924,17.0,0.05501618122977346,,,0.0,0.2585151331691845,0.06750357579991999,46,46,887.5434782608696,822.0,0.8871544578749442,0.9130434782608695,5.250985255954629e-05,3.426310307771853e+24,8888675.583597677,15,2025-05-20 00:00:00+00:00,1,21.413194444444443
1747756800000,290,0.4236542729071071,104.68376154613475,854071.2028358817,0.22763770446411885,52,0.1793103448275862,0.6074993864069155,103,0.35517241379310344,0.3434842209560816,121.0,0.41724137931034483,0.4920393553806223,14.0,0.04827586206896552,,,0.0,0.15606320945173147,0.07157449501238738,52,52,708.6153846153846,610.5,0.7778320119401749,0.9230769230769231,6.504051092689407e-05,3.5460008189366214e+24,6943801.001189428,16,2025-05-20 00:00:00+00:00,1,21.45486111111111
1747760400000,194,0.4134836647992992,74.43956713222124,615258.7412697658,0.335439258112892,46,0.23711340206185566,0.5474783130125332,83,0.42783505154639173,0.3121892545844508,59.0,0.30412371134020616,0.1542931828913601,6.0,0.030927835051546393,,,0.0,0.23800517742421393,0.09743408068867807,46,46,919.0217391304348,966.5,0.9111946201062596,0.9130434782608695,4.6334129012732335e-05,3.979334913095028e+24,5031730.376780817,17,2025-05-20 00:00:00+00:00,1,21.49652777777778
1747764000000,257,0.4805665899120937,127.95510333665993,862988.1100006487,0.5297443864275059,42,0.16342412451361868,0.6134513833361577,107,0.4163424124513619,0.32766226228452006,99.0,0.3852140077821012,0.35316526603516485,9.0,0.03501945525291829,,,0.0,0.23874788192371163,0.2909965045037943,42,42,1050.4285714285713,990.5,0.9627411517702482,0.8333333333333334,6.300706217929871e-05,4.255190698574835e+24,5894948.632997325,18,2025-05-20 00:00:00+00:00,1,21.538194444444443
1747767600000,143,0.4425004261519226,53.93708918223908,475841.87799303525,0.4890979401836799,33,0.23076923076923078,0.542913080355157,51,0.35664335664335667,0.3109662850843386,54.0,0.3776223776223776,0.531316484199241,5.0,0.03496503496503497,,,0.0,0.3387870415028999,0.15031089868077993,33,33,1134.2727272727273,1054.0,1.0173628724894845,0.9090909090909091,5.318956257040731e-05,3.7450999158042737e+24,6197308.823238153,19,2025-05-20 00:00:00+00:00,1,21.57986111111111
1747771200000,320,0.4193675892116529,118.41924210060421,982495.4682244717,0.4349450822279119,52,0.1625,0.5521116552734657,126,0.39375,0.3030975659890342,122.0,0.38125,0.25182563283793286,20.0,0.0625,,,0.0,0.26586903559817887,0.16907604662973302,52,52,906.1153846153846,912.0,0.9133056042610008,0.9423076923076923,5.621054690130432e-05,3.799024057103212e+24,8180713.593157701,20,2025-05-20 00:00:00+00:00,1,21.62152777777778
1747774800000,269,0.4653387014274277,120.63884139508716,950649.8863586513,0.43526600559935685,51,0.1895910780669145,0.6129990989433322,110,0.40892193308550184,0.34030202618816635,94.0,0.34944237918215615,0.2542323609254779,14.0,0.05204460966542751,,,0.0,0.3204893782635695,0.11477662733578733,51,51,873.9215686274509,917.0,0.8910743676596521,0.9803921568627451,6.410000050790828e-05,4.120685876213626e+24,7812766.250113019,21,2025-05-20 00:00:00+00:00,1,21.663194444444443
1747778400000,246,0.3920769625770036,89.50837433608022,750790.6916673884,0.4139588772827889,37,0.15040650406504066,0.5106076235339212,113,0.45934959349593496,0.2616704641806674,82.0,0.3333333333333333,0.14134391516656256,14.0,0.056910569105691054,,,0.0,0.2892214449384459,0.1247374323443429,37,37,1092.7297297297298,1131.0,0.9609261497018059,0.8378378378378378,4.487265176891566e-05,4.214082965049791e+24,6246614.919771449,22,2025-05-20 00:00:00+00:00,1,21.70486111111111
1747782000000,199,0.3967369975698865,82.87174367506839,668930.3645618407,0.36497889864764915,35,0.17587939698492464,0.5178606632064751,67,0.33668341708542715,0.33609371860109183,80.0,0.4020100502512563,0.27013171416579623,17.0,0.08542713567839195,,,0.0,0.25968675238000544,0.10529214626764372,35,35,857.7142857142857,888.0,0.8791580673427976,0.9714285714285714,4.7010457718693363e-05,4.264763144170624e+24,6988609.922889121,23,2025-05-20 00:00:00+00:00,1,21.74652777777778
1747785600000,262,0.495117922422781,133.26190624035405,1072930.7284597952,0.4287591394116015,43,0.16412213740458015,0.6485820627006678,107,0.4083969465648855,0.3689370861301106,96.0,0.366412213740458,0.4042507314129815,16.0,0.061068702290076333,,,0.0,0.2785793960443297,0.15017974336727177,43,43,1013.5348837209302,818.0,0.9486294829085753,0.9069767441860465,6.209216065235157e-05,4.354469695275282e+24,8057604.453339876,0,2025-05-21 00:00:00+00:00,1,21.788194444444443
1747789200000,275,0.5215047632233207,149.54872826252762,1180809.3306809536,0.4255683823823457,41,0.14909090909090908,0.7487291787038541,110,0.4,0.3663417154293928,109.0,0.39636363636363636,0.24493663796728285,15.0,0.05454545454545454,,,0.0,0.36562561458344545,0.05994276779890016,41,41,904.6341463414634,858.0,0.9248740680056446,0.975609756097561,5.444697495080235e-05,4.144587285460257e+24,12656689.218609445,1,2025-05-21 00:00:00+00:00,1,21.82986111111111
1747792800000,288,0.5177730345797126,147.76323111780047,1175360.4600038424,0.24419944073617114,30,0.10416666666666667,0.6327635262537576,134,0.4652777777777778,0.4490603972418248,104.0,0.3611111111111111,0.5150028452859399,20.0,0.06944444444444445,,,0.0,0.24423809448629774,-3.865375012660673e-05,30,30,1061.0666666666666,1094.0,1.003502133320004,0.9,4.670374402932429e-05,4.059746060550233e+24,10110222.155783411,2,2025-05-21 00:00:00+00:00,1,21.87152777777778
1747796400000,357,0.6260884863133682,200.3144275731081,1608167.5345396,0.4540228818022714,26,0.07282913165266107,0.800662532734518,127,0.3557422969187675,0.5486063652178277,184.0,0.5154061624649859,0.4540640914824654,20.0,0.056022408963585436,,,0.0,0.21937751533625238,0.23464536646601905,26,26,749.9230769230769,868.0,0.7859611351270667,0.9615384615384616,6.209977062499268e-05,3.527304849695402e+24,18412745.538696073,3,2025-05-21 00:00:00+00:00,1,21.913194444444443
1747800000000,654,0.8596311567714812,530.9314895880428,3548089.818701952,0.6589018282865466,57,0.0871559633027523,1.3908902453073586,187,0.28593272171253825,0.657307044773028,384.0,0.5871559633027523,0.46688427888064243,26.0,0.039755351681957186,,,0.0,0.7739421218179486,-0.1150402935314019,57,57,722.0,643.0,0.7832641310389172,0.9824561403508771,0.0001523794168588187,3.136665370521813e+24,33144653.665110894,4,2025-05-21 00:00:00+00:00,1,21.95486111111111
1747803600000,432,0.6714100972455015,321.21852568724,2335766.720351605,0.27452927443231806,34,0.0787037037037037,0.9718752346703933,130,0.30092592592592593,0.6080072675818566,236.0,0.5462962962962963,0.34005221946526665,32.0,0.07407407407407407,,,0.0,0.203374366103914,0.07115490832840407,34,34,700.0,568.0,0.7751156849549908,0.9705882352941176,6.788939697960392e-05,4.0578975117647157e+24,23327275.938564833,5,2025-05-21 00:00:00+00:00,1,21.99652777777778
1747807200000,503,0.5751984939034361,307.70173665356174,2436985.6716704736,0.37656651201601515,34,0.06759443339960239,0.8543694389882687,152,0.30218687872763417,0.4572174960018453,292.0,0.5805168986083499,0.5259966986451268,25.0,0.04970178926441352,,,0.0,0.19416375153979412,0.18240276047622103,34,34,696.4705882352941,647.0,0.7659835034784659,1.0,6.114550688621963e-05,3.9836158074859695e+24,26992926.641213883,6,2025-05-21 00:00:00+00:00,1,22.038194444444443
1747810800000,541,0.6657174898465376,414.53764948823004,2877769.1024740725,0.5490493333394406,49,0.09057301293900184,1.1208544088945946,174,0.32162661737523107,0.42835369685078284,296.0,0.5471349353049908,0.5194719662660465,22.0,0.04066543438077634,,,0.0,0.24704856984073695,0.3020007634987037,49,49,757.4489795918367,734.0,0.814353830949211,0.9795918367346939,9.031751993323005e-05,3.9927599693261457e+24,29354774.661539294,7,2025-05-21 00:00:00+00:00,1,22.07986111111111
1747814400000,526,0.4328628869745585,256.5254412262542,2265290.436389745,0.34458016546615994,38,0.07224334600760456,0.5766472653104662,179,0.3403041825095057,0.36177776190079425,297.0,0.564638783269962,0.3269980404828629,12.0,0.022813688212927757,,,0.0,0.2800682585296126,0.06451190693654735,38,38,775.6842105263158,813.5,0.8429371465901985,1.0,5.7915513859796406e-05,4.5292151123697635e+24,24983421.76458741,8,2025-05-21 00:00:00+00:00,1,22.12152777777778
1747818000000,486,0.42775110327865834,260.8092437848047,2121706.8671982186,0.5705018326241936,30,0.06172839506172839,0.5850479362128914,149,0.3065843621399177,0.3502892789544394,280.0,0.5761316872427984,0.2044015041384542,27.0,0.05555555555555555,,,0.0,0.27367615505687604,0.2968256775673176,30,30,966.4666666666667,1090.0,0.9413256845088408,0.9666666666666667,5.1805168784904804e-05,4.923333694963549e+24,25816947.171743862,9,2025-05-21 00:00:00+00:00,1,22.163194444444443
1747821600000,428,0.4596669456330144,243.7881539039412,1970413.6927884717,0.3939532794684378,32,0.07476635514018691,0.6472460055418643,131,0.3060747663551402,0.37696828368205043,251.0,0.5864485981308412,0.3373344184115193,14.0,0.03271028037383177,,,0.0,0.15903278950679056,0.23492048996164722,32,32,795.8125,746.5,0.8454963621737869,1.0,7.722162664532199e-05,5.076653799290046e+24,23717107.93756877,10,2025-05-21 00:00:00+00:00,1,22.20486111111111
1747825200000,454,0.3973327658961556,201.11957270948082,1787191.2095462661,0.2367026151470836,21,0.046255506607929514,0.5544610635114843,128,0.28193832599118945,0.35329722095644545,287.0,0.6321585903083701,0.16950012526644764,18.0,0.039647577092511016,,,0.0,0.14941555177883176,0.08728706336825183,21,21,746.7142857142857,672.0,0.7832127288185442,1.0,3.973188805848922e-05,4.5318607168162785e+24,25889899.233975958,11,2025-05-21 00:00:00+00:00,1,22.24652777777778
1747828800000,523,0.47258205286961547,301.1389667938549,2637345.9315238255,0.20811072584203755,20,0.03824091778202677,0.6680699063625055,144,0.27533460803059273,0.4166079001254627,334.0,0.638623326959847,0.30596375903451184,25.0,0.04780114722753346,,,0.0,0.20810964364131962,1.082200717930637e-06,20,20,714.55,582.0,0.8102176786608404,1.0,4.533646643078028e-05,5.121731147689206e+24,32812175.200555816,12,2025-05-21 00:00:00+00:00,1,22.288194444444443
1747832400000,634,0.48929955796951463,414.0471646914625,3637986.765412343,0.26440182025783077,39,0.061514195583596214,0.6925292565748679,164,0.2586750788643533,0.4348633858410727,418.0,0.6593059936908517,0.350504261751548,13.0,0.02050473186119874,,,0.0,0.17443747108977795,0.08996434916805282,39,39,692.9487179487179,607.0,0.7913146119090777,1.0,6.601300800855639e-05,5.191971070293016e+24,47794766.407228835,13,2025-05-21 00:00:00+00:00,1,22.32986111111111
1747836000000,597,0.6621932792850821,481.0365763659654,3732702.4628331307,0.4724926739667971,49,0.08207705192629816,0.900278472181975,171,0.2864321608040201,0.5905523622136343,357.0,0.5979899497487438,0.37012173277178956,20.0,0.03350083752093802,,,0.0,0.29224044296380963,0.1802522310029875,49,49,652.3673469387755,593.0,0.7458652712527496,1.0,7.343475938116181e-05,4.5073988968335034e+24,43438201.147834,14,2025-05-21 00:00:00+00:00,1,22.37152777777778
1747839600000,502,0.8170669073669045,523.041458296327,3765881.439573852,0.5575276325983195,47,0.09362549800796813,1.1670815562716566,146,0.2908366533864542,0.6871599528720587,298.0,0.5936254980079682,0.7996559631390645,11.0,0.021912350597609563,,,0.0,0.4365727731673375,0.120954859430982,47,47,818.4042553191489,768.0,0.8468962627817187,0.9787234042553191,0.00011540492145528365,4.4313244413735643e+24,44402802.97467879,15,2025-05-21 00:00:00+00:00,1,22.413194444444443
1747843200000,353,0.6907636744671499,324.6280010140839,2303555.621653059,0.6151803997844809,58,0.1643059490084986,1.2009872335222083,104,0.29461756373937675,0.4338610185624964,180.0,0.509915014164306,0.4692234792586371,11.0,0.031161473087818695,,,0.0,0.45330856825297516,0.16187183153150575,58,58,697.2931034482758,708.0,0.7774996589006686,1.0,0.00013113944742380133,4.442200774546799e+24,22309931.062916473,16,2025-05-21 00:00:00+00:00,1,22.45486111111111
1747846800000,512,0.8230507068907807,511.52186108811895,3514554.9576375578,0.783626475291814,129,0.251953125,1.3301751164678495,161,0.314453125,0.4632113907774844,215.0,0.419921875,0.937929120993268,7.0,0.013671875,,,0.0,0.4301557095990037,0.35347076569281016,129,129,827.4883720930233,899.0,0.862770856767542,0.9844961240310077,0.00017081862424598627,4.21738428660413e+24,24162899.80367533,17,2025-05-21 00:00:00+00:00,1,22.49652777777778
1747850400000,406,0.5852987480746868,227.6241507565487,1790331.3934072366,0.5349376593291192,112,0.27586206896551724,0.8084908510547802,158,0.3891625615763547,0.351519701480964,121.0,0.29802955665024633,0.49618903517397445,15.0,0.03694581280788178,,,0.0,0.26489804122858046,0.2700396181005387,112,112,918.0982142857143,901.5,0.916224931483036,0.9732142857142857,0.00012100450555070493,3.7592270586830257e+24,11720050.59391151,18,2025-05-21 00:00:00+00:00,1,22.538194444444443
1747854000000,317,0.5567105280784088,164.0903647500614,1293105.493929133,0.5598065711394691,89,0.2807570977917981,0.6622034290331156,134,0.4227129337539432,0.3977063011916834,77.0,0.24290220820189273,0.4291651698379837,17.0,0.05362776025236593,,,0.0,0.30311372167995226,0.2566928494595168,89,89,990.7191011235955,993.0,0.955136277835817,0.9325842696629213,9.538984567168003e-05,3.8487128841544395e+24,8056591.029537513,19,2025-05-21 00:00:00+00:00,1,22.57986111111111
1747857600000,193,0.48493316842828277,88.81570035944978,691086.7414898342,0.557197918901004,46,0.23834196891191708,0.5664195126164596,83,0.43005181347150256,0.3458506677729696,53.0,0.27461139896373055,0.23800839073444227,11.0,0.05699481865284974,,,0.0,0.2622342168707192,0.2949637020302849,46,46,897.5434782608696,913.5,0.9065311617899816,0.9782608695652174,5.300329132729658e-05,3.9836473509972933e+24,5348071.38253477,20,2025-05-21 00:00:00+00:00,1,22.62152777777778
1747861200000,178,0.5087183975865336,84.24343581219601,672660.5128949732,0.5405452785159923,35,0.19662921348314608,0.546269927256193,77,0.43258426966292135,0.4855482786507312,54.0,0.30337078651685395,0.2791998813730757,12.0,0.06741573033707865,,,0.0,0.25964843560675904,0.2808968429092332,35,35,937.6285714285714,918.0,0.9125435021080658,0.8857142857142857,5.541299583009281e-05,3.686042852091409e+24,5754413.625861218,21,2025-05-21 00:00:00+00:00,1,22.663194444444443
1747864800000,346,0.5088692950844328,164.2936410093155,1305166.6654359363,0.34729795503502414,47,0.13583815028901733,0.613121314285106,130,0.37572254335260113,0.4820897416911727,148.0,0.4277456647398844,0.4138437897719191,21.0,0.06069364161849711,,,0.0,0.19881230304724629,0.1484856519877778,47,47,737.5744680851063,611.0,0.7823374117553549,0.9148936170212766,6.357787198516276e-05,3.5931633367749074e+24,11546878.02790901,22,2025-05-21 00:00:00+00:00,1,22.70486111111111
1747868400000,321,0.5631833725557398,175.10845351070571,1423481.0699222242,0.5493317286071934,70,0.21806853582554517,0.7228441335025705,132,0.411214953271028,0.3945808508926632,110.0,0.3426791277258567,0.3899247074840766,9.0,0.028037383177570093,,,0.0,0.31469695918275314,0.23463476942444028,70,70,933.2571428571429,962.0,0.9128397781054021,0.9428571428571428,0.00010525981608549888,3.763235457247626e+24,11009008.194843493,23,2025-05-21 00:00:00+00:00,1,22.74652777777778
1747872000000,424,0.5400103982974777,225.70156159400582,1738749.3982778373,0.42812176276287867,57,0.13443396226415094,0.8105780226628879,144,0.33962264150943394,0.398429837930647,208.0,0.49056603773584906,0.3309884565077349,15.0,0.03537735849056604,,,0.0,0.24855406569023797,0.1795676970726407,57,57,801.8070175438596,743.0,0.8440430284034718,0.9649122807017544,8.322153314621311e-05,3.6705807336923237e+24,17232026.467199605,0,2025-05-22 00:00:00+00:00,1,22.788194444444443
1747875600000,553,0.6706311873481136,881.0160770034663,2778165.061670243,0.44778025839113295,45,0.081374321880651,0.7836362971887028,225,0.40687160940325495,0.6549562742633124,259.0,0.46835443037974683,0.19821221142707432,24.0,0.0433996383363472,,,0.0,0.3457903460938583,0.10198991229727462,45,45,868.6888888888889,795.0,0.882551747402686,0.9777777777777777,7.76216156240826e-05,3.9606510206328456e+24,21010420.717813548,1,2025-05-22 00:00:00+00:00,1,22.82986111111111
1747879200000,510,0.7152301686619733,439.1308023155249,3014975.17400667,0.5619719501344109,50,0.09803921568627451,1.0984363615821626,181,0.35490196078431374,0.4999667993044183,253.0,0.49607843137254903,0.43693103232679104,26.0,0.050980392156862744,,,0.0,0.30667991893476104,0.2552920311996498,50,50,837.04,977.5,0.8593304975243573,0.98,0.00011871926208963866,3.9189190038094336e+24,29309776.938307,2,2025-05-22 00:00:00+00:00,1,22.87152777777778
1747882800000,442,0.693594262529132,342.833379467432,2570648.7836911315,0.6652394339328903,39,0.08823529411764706,0.9462385072417685,172,0.3891402714932127,0.5098072715453633,221.0,0.5,0.5203895857384131,10.0,0.02262443438914027,,,0.0,0.4436286900166594,0.2216107439162309,39,39,888.025641025641,813.0,0.8706331765696927,0.9487179487179487,9.415254914475026e-05,4.187929706882516e+24,25068909.09938591,3,2025-05-22 00:00:00+00:00,1,22.913194444444443
1747886400000,443,0.5667610402987769,302.89757851441027,2376916.231242067,0.47933000189744607,45,0.10158013544018059,0.7621585788175435,158,0.35665914221218964,0.45980903822724944,226.0,0.510158013544018,0.3690994767459211,14.0,0.03160270880361174,,,0.0,0.3305435650526763,0.14878643684476975,45,45,821.6666666666666,952.0,0.8373170703471301,0.9777777777777777,8.486289765979547e-05,4.6683155617904206e+24,24532667.407274794,4,2025-05-22 00:00:00+00:00,1,22.95486111111111
1747890000000,311,0.6316097734556888,252.78446047068084,1971951.0454506755,0.4346636022049681,26,0.08360128617363344,0.8105931494053253,154,0.49517684887459806,0.48310239419149315,121.0,0.3890675241157556,0.1842651181799279,10.0,0.03215434083601286,,,0.0,0.2713532193973599,0.1633103828076081,26,26,893.3846153846154,985.0,0.9181977766375143,0.9615384615384616,7.192700989407805e-05,5.081518865955386e+24,19741474.47945311,5,2025-05-22 00:00:00+00:00,1,22.99652777777778
1747893600000,315,0.6735395554790683,1105.1768602837465,2231627.9882126297,0.2067146093256184,36,0.11428571428571428,0.7032425834605464,134,0.4253968253968254,0.8014451009070551,136.0,0.43174603174603177,0.1657993481235035,9.0,0.02857142857142857,,,0.0,0.1373396623082232,0.06937494701739519,36,36,643.7777777777778,578.5,0.7273531376244602,1.0,4.889088646797474e-05,6.029636965684468e+24,19928810.21128664,6,2025-05-22 00:00:00+00:00,1,23.038194444444443
1747897200000,342,0.61111352765166,299.0653623461829,2155226.6425358774,0.5307549215647801,33,0.09649122807017543,0.8290167508867908,143,0.41812865497076024,0.43365266511168854,153.0,0.4473684210526316,0.5067431466408133,13.0,0.038011695906432746,,,0.0,0.31734274070605784,0.2134121808587223,33,33,908.1515151515151,1022.0,0.9253482722974613,1.0,6.885479372796996e-05,5.418996321782805e+24,22911513.343555726,7,2025-05-22 00:00:00+00:00,1,23.07986111111111
1747900800000,313,0.4623462760431761,213.57065727372793,1704940.478158202,0.336260144955248,40,0.12779552715654952,0.6173572004991834,135,0.43130990415335463,0.32333678269766475,127.0,0.4057507987220447,0.6233622848464564,11.0,0.03514376996805112,,,0.0,0.39110396883979076,-0.054843823884542786,40,40,802.4,829.0,0.8433801579983576,0.95,5.773453018582186e-05,5.807702939174619e+24,15221384.815290974,8,2025-05-22 00:00:00+00:00,1,23.12152777777778
1747904400000,326,0.5203114772350145,290.24618614108556,1676451.360011943,0.35841964538454624,53,0.16257668711656442,0.6734252852589399,127,0.3895705521472393,0.457325901520544,136.0,0.4171779141104294,0.29039665385544117,10.0,0.03067484662576687,,,0.0,0.1985267977662802,0.159892847618266,53,53,791.0377358490566,705.0,0.8404369526964801,0.9811320754716981,8.336609794638657e-05,5.515646043799874e+24,17118641.267903615,9,2025-05-22 00:00:00+00:00,1,23.163194444444443
1747908000000,295,0.555697856433984,296.88332840415603,2381360.355410485,0.5113195495259811,44,0.14915254237288136,0.7717272407311051,105,0.3559322033898305,0.41730221680258267,139.0,0.4711864406779661,0.34234843665101006,7.0,0.023728813559322035,,,0.0,0.398110301679891,0.11320924784609009,44,44,899.9090909090909,968.5,0.9179790741592272,1.0,8.182547043070096e-05,7.084908541253057e+24,26740718.947615124,10,2025-05-22 00:00:00+00:00,1,23.20486111111111
1747911600000,253,0.45519103483450807,194.91795188575915,1638702.0072221516,0.5085171907091839,38,0.15019762845849802,0.5712848160880036,81,0.3201581027667984,0.3742130040453218,129.0,0.5098814229249012,0.25842618824134606,5.0,0.019762845849802372,,,0.0,0.4665915589876393,0.041925631721544634,38,38,755.2894736842105,849.0,0.7964568068251949,1.0,8.5638205026822e-05,6.630394068232576e+24,21424087.66925317,11,2025-05-22 00:00:00+00:00,1,23.24652777777778
1747915200000,280,0.470287633218397,206.178075111723,1648191.436248434,0.48821058225649633,43,0.15357142857142858,0.6288332640576658,110,0.39285714285714285,0.324336198082987,125.0,0.44642857142857145,0.4868992287025984,2.0,0.007142857142857143,,,0.0,0.2951318206391016,0.19307876161739476,43,43,951.4651162790698,1049.0,0.9384538666379918,1.0,6.162624030339908e-05,6.639091736768736e+24,18925803.659792017,12,2025-05-22 00:00:00+00:00,1,23.288194444444443
1747918800000,322,0.5434240872072207,350.9570115296218,2666300.2946227337,0.554655557365278,38,0.11801242236024845,0.7801164323636273,126,0.391304347826087,0.3563642036440881,154.0,0.4782608695652174,0.18272176545947122,4.0,0.012422360248447204,,,0.0,0.4050020914087375,0.1496534659565405,38,38,774.3947368421053,792.0,0.8394800471764015,1.0,6.651289970275415e-05,7.535878192805626e+24,24993873.10239753,13,2025-05-22 00:00:00+00:00,1,23.32986111111111
1747922400000,324,0.42379281732348095,266.46703230976294,2170900.8298795694,0.33164638390628537,39,0.12037037037037036,0.5623233073011633,129,0.39814814814814814,0.3295693238407032,150.0,0.46296296296296297,0.39992643708453096,6.0,0.018518518518518517,,,0.0,0.2905185961832634,0.04112778772302191,39,39,905.3076923076923,888.0,0.9010576506344592,0.9743589743589743,7.007631794667674e-05,8.124971457813195e+24,22728153.08952729,14,2025-05-22 00:00:00+00:00,1,23.37152777777778
1747926000000,362,0.3196367785911673,243.62800884818944,2191596.078034133,0.29508903953888327,28,0.07734806629834254,0.4532786577994569,93,0.2569060773480663,0.2724014567395428,236.0,0.6519337016574586,0.20087235540644593,5.0,0.013812154696132596,,,0.0,0.2482182779032553,0.046870761635628026,28,28,896.8571428571429,1000.5,0.90733017430342,1.0,5.444103675880441e-05,8.218713722451255e+24,31864081.35860556,15,2025-05-22 00:00:00+00:00,1,23.413194444444443
1747929600000,527,0.39428382026055686,431.6289635338146,3520683.9272283893,0.3806231762353293,42,0.07969639468690702,0.6242470429429823,155,0.29411764705882354,0.2892595993896054,326.0,0.618595825426945,0.18611970456400367,4.0,0.007590132827324478,,,0.0,0.3071271033975635,0.07349607283776585,42,42,624.3571428571429,568.5,0.7354372647198197,1.0,9.163115269275948e-05,7.986513500987318e+24,38808762.35301931,16,2025-05-22 00:00:00+00:00,1,23.45486111111111
1747933200000,426,0.2918493683615505,207.17580136620458,1884846.9060845333,0.21250812859663024,27,0.06338028169014084,0.4334018515767348,136,0.3192488262910798,0.2328634777834697,253.0,0.5938967136150235,0.07329997562577435,10.0,0.023474178403755867,,,0.0,0.1743927139156667,0.03811541468096352,27,27,755.7407407407408,763.0,0.787830135501634,1.0,4.030081780873143e-05,7.140066496216756e+24,26472393.51964074,17,2025-05-22 00:00:00+00:00,1,23.49652777777778
1747936800000,359,0.2723847158313168,173.5017594695833,1540417.264104324,0.2243117796559142,38,0.10584958217270195,0.39255546484473164,135,0.37604456824512533,0.20019758697666573,174.0,0.48467966573816157,0.11940812237828106,12.0,0.033426183844011144,,,0.0,0.20886213669115894,0.01544964296475525,38,38,861.2631578947369,897.5,0.8882794965928845,1.0,4.2006504589231845e-05,7.443078578917919e+24,18049692.558840472,18,2025-05-22 00:00:00+00:00,1,23.538194444444443
1747940400000,296,0.32997767394879185,183.91622710531271,1517007.0098237821,0.3454407142932412,37,0.125,0.48126035786910354,114,0.38513513513513514,0.2085633064482978,139.0,0.46959459459459457,0.17301744443354392,6.0,0.02027027027027027,,,0.0,0.28189850512682074,0.06354220916642044,37,37,885.1351351351351,926.0,0.9042356150425367,1.0,4.737403500694379e-05,8.517828807506097e+24,17419451.762985293,19,2025-05-22 00:00:00+00:00,1,23.57986111111111
1747944000000,219,0.3330306440233292,162.49155375431732,1291219.741397158,0.5798945810630016,27,0.1232876712328767,0.45547130498075017,82,0.3744292237442922,0.18479818424938405,107.0,0.4885844748858447,0.05150154310081525,3.0,0.0136986301369863,,,0.0,0.29701767451648076,0.2828769065465208,27,27,804.1111111111111,723.0,0.8683490159470847,1.0,5.154891151375512e-05,1.150358317797732e+25,14087667.522114838,20,2025-05-22 00:00:00+00:00,1,23.62152777777778
1747947600000,182,0.28126831609378505,110.17843545277255,950889.3620276628,0.3278638359524665,28,0.15384615384615385,0.4391347246844545,67,0.36813186813186816,0.14266478360162305,79.0,0.4340659340659341,0.1647627080016431,8.0,0.04395604395604396,,,0.0,0.1967429079453346,0.1311209280071319,28,28,731.9642857142857,682.5,0.8100255093733939,1.0,6.013414632318164e-05,9.23264515479585e+24,12450444.32678889,21,2025-05-22 00:00:00+00:00,1,23.663194444444443
1747951200000,167,0.33650567133286235,120.15819022178866,939710.9932758692,0.4384135715401928,26,0.15568862275449102,0.46709067281028555,68,0.40718562874251496,0.18368414856804902,70.0,0.41916167664670656,0.059212700560048924,3.0,0.017964071856287425,,,0.0,0.303373181726737,0.1350403898134558,26,26,843.4230769230769,881.0,0.8821065193394177,1.0,5.078201673649535e-05,9.061547629041211e+24,12422592.483820478,22,2025-05-22 00:00:00+00:00,1,23.70486111111111
1747954800000,162,0.21967529603701,79.80356292833032,726380.0363292234,0.1835930153540773,18,0.1111111111111111,0.325961322450353,50,0.30864197530864196,0.16227402866290466,86.0,0.5308641975308642,0.25363638676184713,8.0,0.04938271604938271,,,0.0,0.07010496846742731,0.11348804688664998,18,18,901.9444444444445,993.5,0.9165778142023591,1.0,3.5438551539055856e-05,9.093062436163992e+24,16727848.082107792,23,2025-05-22 00:00:00+00:00,1,23.74652777777778
1747958400000,583,0.31772996783904967,408.88309622798,3603267.4646911067,0.3971968041981127,38,0.06518010291595197,0.4797589320746656,161,0.27615780445969124,0.24145312026434979,376.0,0.6449399656946827,0.2644414259026237,8.0,0.0137221269296741,,,0.0,0.2935773497637461,0.10361945443436657,38,38,858.1842105263158,918.0,0.8795696457441231,1.0,5.6415287413846576e-05,9.245886379455057e+24,43359837.30867332,0,2025-05-23 00:00:00+00:00,1,23.788194444444443
1747962000000,506,0.3048091071007258,354.2782885208764,3259394.5500225243,0.21936949756130278,31,0.06126482213438735,0.48531637564136026,124,0.2450592885375494,0.2501069383052506,347.0,0.6857707509881423,0.11665389927906306,4.0,0.007905138339920948,,,0.0,0.16770288558835336,0.05166661197294941,31,31,652.3548387096774,656.0,0.7637953443591672,1.0,4.805889877010075e-05,9.300398243033763e+24,50807136.248425305,1,2025-05-23 00:00:00+00:00,1,23.82986111111111
1747965600000,332,0.4091943573923692,239.50849658743394,2042050.4314313706,0.3456191351542507,41,0.12349397590361445,0.5529018491834576,122,0.3674698795180723,0.31567781473818424,165.0,0.49698795180722893,0.5353192701900165,4.0,0.012048192771084338,,,0.0,0.23950989506298076,0.10610924009126993,41,41,809.6341463414634,874.0,0.8613033402093859,1.0,7.061783566478843e-05,7.188554025803178e+24,22585633.202953517,2,2025-05-23 00:00:00+00:00,1,23.87152777777778
1747969200000,226,0.34820003091887214,139.5284291392396,1227454.0751354932,0.24375792520972325,36,0.1592920353982301,0.47508126968818076,90,0.39823008849557523,0.2819316376574842,92.0,0.40707964601769914,0.152862092961282,8.0,0.035398230088495575,,,0.0,0.223630948025689,0.020126977184034247,36,36,860.0555555555555,861.5,0.8959943501156654,1.0,5.5349237783315846e-05,7.673040197603338e+24,14167957.026490701,3,2025-05-23 00:00:00+00:00,1,23.913194444444443
1747972800000,260,0.39408451686306145,197.34656005446217,1722868.4335483836,0.3515027304888533,52,0.2,0.48148486105649646,102,0.3923076923076923,0.3219552151519862,97.0,0.3730769230769231,0.4269689668300333,9.0,0.03461538461538462,,,0.0,0.23667948669293074,0.11482324379592256,52,52,835.4423076923077,975.5,0.8594630577997319,0.9615384615384616,6.118113898686448e-05,7.898798284867281e+24,16001726.728854153,4,2025-05-23 00:00:00+00:00,1,23.95486111111111
1747976400000,183,0.420340240808688,190.36169074039475,1260850.5875799013,0.2732023102977422,24,0.13114754098360656,0.503401351204277,85,0.4644808743169399,0.37649294480526874,72.0,0.39344262295081966,0.234400871250596,2.0,0.01092896174863388,,,0.0,0.2549645677530085,0.018237742544733686,24,24,719.5416666666666,737.0,0.7995989866957292,1.0,5.2974628627308544e-05,8.03199350588008e+24,14036600.499641778,5,2025-05-23 00:00:00+00:00,1,23.99652777777778
1747980000000,200,0.3982183503652101,173.66965329781158,1464154.9692659348,0.4198356153804038,44,0.22,0.5722079397651596,65,0.325,0.2681493894056769,87.0,0.435,0.16209750831874897,4.0,0.02,,,0.0,0.2114134329458605,0.20842218243454325,44,44,914.5227272727273,1068.5,0.9192489549678681,1.0,7.237829982092357e-05,8.719700020700133e+24,17567225.90732261,6,2025-05-23 00:00:00+00:00,1,24.038194444444443
1747983600000,158,0.4353381392366072,149.04235305608677,1151494.4486942724,0.510436355665871,30,0.189873417721519,0.6131910091380804,62,0.3924050632911392,0.23538959651400687,61.0,0.3860759493670886,0.21874547509848158,5.0,0.03164556962025317,,,0.0,0.21389170604650298,0.296544649619368,30,30,860.5,879.0,0.8934578591898489,1.0,5.5803093310345535e-05,8.786416554247918e+24,13660777.27391643,7,2025-05-23 00:00:00+00:00,1,24.07986111111111
1747987200000,159,0.4038698393909445,127.11682494409987,991733.4551893594,0.5073446256792892,30,0.18867924528301888,0.5153700235044978,58,0.36477987421383645,0.29032487958515013,64.0,0.4025157232704403,0.07467314801014595,7.0,0.0440251572327044,,,0.0,0.33179936143771693,0.17554526424157224,30,30,902.0333333333333,914.0,0.9219647679148538,1.0,5.114271637176466e-05,8.530809510086955e+24,11007464.604967942,8,2025-05-23 00:00:00+00:00,1,24.12152777777778
1747990800000,111,0.44290771056609823,105.6321735647357,884110.614980455,0.34371754193197745,19,0.17117117117117117,0.5641521043599504,52,0.46846846846846846,0.3532661700457073,37.0,0.3333333333333333,0.07512161924024531,3.0,0.02702702702702703,,,0.0,0.2668898615909059,0.07682768034107157,19,19,847.7368421052631,718.0,0.8568562734352438,0.9473684210526315,4.274502876369604e-05,9.206856594589112e+24,9136580.327930303,9,2025-05-23 00:00:00+00:00,1,24.163194444444443
1747994400000,155,0.3979648492438479,134.2963135055471,1133702.5245194123,0.34865277800181393,26,0.16774193548387098,0.46333137660059287,67,0.432258064516129,0.3572475205485545,55.0,0.3548387096774194,0.27539479176271997,7.0,0.04516129032258064,,,0.0,0.22514328309461729,0.1235094949071967,26,26,936.6538461538462,1046.0,0.9213317690647649,1.0,5.0605385660944045e-05,9.056233673011583e+24,15423504.708908029,10,2025-05-23 00:00:00+00:00,1,24.20486111111111
1747998000000,374,0.6382945166051981,398.0925579315241,2869435.822033206,0.537442233229433,61,0.16310160427807488,0.8790510710528797,134,0.3582887700534759,0.493260997857353,174.0,0.46524064171123,0.4635831670166688,5.0,0.013368983957219251,,,0.0,0.2803137121971001,0.25712852103233286,61,61,780.5573770491803,892.0,0.8263996054521227,1.0,0.00012992825896433033,6.610180821784189e+24,26069595.523624394,11,2025-05-23 00:00:00+00:00,1,24.24652777777778
1748001600000,537,0.7726232772293733,618.8119655928759,4137349.607996603,0.6016013673277504,78,0.1452513966480447,1.3690432539150132,141,0.26256983240223464,0.547102955438362,310.0,0.5772811918063314,0.6670972790874816,8.0,0.0148975791433892,,,0.0,0.28015279879112603,0.3214485685366243,78,78,794.1282051282051,860.5,0.8148657712274439,0.9743589743589743,0.0002017160340078487,5.165144218874848e+24,37753059.24227452,12,2025-05-23 00:00:00+00:00,1,24.288194444444443
1748005200000,380,0.6042035079926479,400.5649957946592,2260732.899210994,0.47236183868498366,65,0.17105263157894737,0.9827114774147242,133,0.35,0.3825310457885476,173.0,0.45526315789473687,0.22392401167835546,9.0,0.02368421052631579,,,0.0,0.3523776047648948,0.11998423392008875,65,65,831.0769230769231,933.0,0.8649300312316477,0.9846153846153847,9.764749754542047e-05,5.280171161757849e+24,20501080.56966276,13,2025-05-23 00:00:00+00:00,1,24.32986111111111
1748008800000,447,0.4452575092470757,280.57933854171023,2216936.9703909825,0.3407076673514738,59,0.1319910514541387,0.6839358468469422,148,0.33109619686800895,0.3231139146908767,227.0,0.5078299776286354,0.33530694550226386,13.0,0.029082774049217,,,0.0,0.325679852800408,0.015027814551065806,59,59,790.7627118644068,723.0,0.8339432583375148,1.0,6.94121956499906e-05,5.773851708397582e+24,24393878.073542282,14,2025-05-23 00:00:00+00:00,1,24.37152777777778
1748012400000,734,0.4762739496732059,508.36721680139595,4308782.626448591,0.26942772661780967,39,0.05313351498637602,0.7460356007147555,209,0.2847411444141689,0.3787560039632335,475.0,0.6471389645776566,0.29516866273806447,11.0,0.014986376021798364,,,0.0,0.17407060785818965,0.09535711875961998,39,39,887.5128205128206,993.0,0.8992641203629059,1.0,7.417445652838566e-05,5.718969278174893e+24,56893580.43621072,15,2025-05-23 00:00:00+00:00,1,24.413194444444443
1748016000000,712,0.49581310158296427,427.3021168600901,3465727.970369692,0.4020587994857414,49,0.06882022471910113,0.773284544384616,209,0.29353932584269665,0.38160536644212806,447.0,0.6278089887640449,0.1605683680361776,7.0,0.009831460674157303,,,0.0,0.28001111562382947,0.12204768386191195,49,49,763.0408163265306,616.0,0.8101102653236728,1.0,8.553592450058641e-05,4.7792603241220157e+24,44049932.16533364,16,2025-05-23 00:00:00+00:00,1,24.45486111111111
1748019600000,531,0.41817142781476463,249.75436957056192,2057445.5429644934,0.347027941098485,37,0.0696798493408663,0.6006550126516675,184,0.3465160075329567,0.31996677686834574,300.0,0.5649717514124294,0.26984389605855336,10.0,0.018832391713747645,,,0.0,0.20173585481229256,0.14529208628619247,37,37,799.1351351351351,793.0,0.8645051563076914,1.0,5.1798951640053897e-05,4.8087258726580486e+24,24749367.444474287,17,2025-05-23 00:00:00+00:00,1,24.49652777777778
1748023200000,397,0.4161562725894537,198.75746146406473,1636432.026660755,0.33186454318257036,34,0.08564231738035265,0.5581826053850396,162,0.4080604534005038,0.3221383258171561,192.0,0.4836272040302267,0.18383390228170443,9.0,0.022670025188916875,,,0.0,0.16452275628548307,0.16734178689708729,34,34,928.3529411764706,952.0,0.9199004588727132,0.9705882352941176,6.779231765310531e-05,5.033167308675819e+24,18601212.34562948,18,2025-05-23 00:00:00+00:00,1,24.538194444444443
1748026800000,368,0.45190260127741255,196.70738166169298,1534027.3423963513,0.3005549918486839,35,0.09510869565217392,0.663327367573866,148,0.40217391304347827,0.31453368409790394,175.0,0.47554347826086957,0.2564887437318539,10.0,0.02717391304347826,,,0.0,0.21485511203576835,0.08569987981291557,35,35,1000.7714285714286,1125.0,0.9788001202900911,0.9714285714285714,4.504825962295546e-05,4.910500309393682e+24,18250432.994434405,19,2025-05-23 00:00:00+00:00,1,24.57986111111111
1748030400000,268,0.39895745985025566,144.16115858313233,1168402.5661215524,0.32519594982828515,45,0.16791044776119404,0.5211677557477302,116,0.43283582089552236,0.3074503662893663,91.0,0.33955223880597013,0.24083365615791635,16.0,0.05970149253731343,,,0.0,0.18799636162485944,0.13719958820342568,45,45,710.7333333333333,719.0,0.788921779656587,1.0,6.70979472590009e-05,5.4049923813404e+24,13335873.390881883,20,2025-05-23 00:00:00+00:00,1,24.62152777777778
1748034000000,241,0.41391829293676996,197.319096611226,1514891.9253150353,0.5118344449311322,44,0.1825726141078838,0.5439244498720074,96,0.3983402489626556,0.2552542573512845,95.0,0.3941908713692946,0.1279485641178347,6.0,0.024896265560165973,,,0.0,0.278657633857281,0.2331768110738511,44,44,882.5,815.5,0.902965986720795,0.9772727272727273,7.25098691444924e-05,7.841510295998309e+24,16281645.418358022,21,2025-05-23 00:00:00+00:00,1,24.663194444444443
1748037600000,264,0.3941818296723117,176.3368172005085,1403618.2430455205,0.3060042247378975,45,0.17045454545454544,0.5209401043173825,112,0.42424242424242425,0.3083176147683973,95.0,0.35984848484848486,0.22152898614502622,12.0,0.045454545454545456,,,0.0,0.19862267349704307,0.10738155124085441,45,45,770.5555555555555,819.0,0.846090676254189,1.0,6.614418307826692e-05,7.097978851103104e+24,15569623.035694258,22,2025-05-23 00:00:00+00:00,1,24.70486111111111
1748041200000,373,0.5269019639814351,345.7314559989175,2476124.4891683087,0.5060653871550521,74,0.19839142091152814,0.6441036046776016,140,0.3753351206434316,0.42922857753699517,153.0,0.4101876675603217,0.5398528162628248,6.0,0.0160857908847185,,,0.0,0.23641116680302213,0.26965422035203,74,74,788.3648648648649,758.0,0.8366515232336562,1.0,0.00011690289657019802,6.816259326978787e+24,24915219.948306188,23,2025-05-23 00:00:00+00:00,1,24.74652777777778
1748044800000,323,0.4485761468123947,251.1499098584557,1964507.5977161622,0.2824425604924258,69,0.21362229102167182,0.6640246325502134,124,0.38390092879256965,0.3293054826019427,120.0,0.3715170278637771,0.35458463979665206,10.0,0.030959752321981424,,,0.0,0.1656609426554616,0.11678161783696414,69,69,808.3768115942029,825.0,0.8420667460486506,0.9855072463768116,9.342306416783137e-05,7.099052302281623e+24,17636883.317398656,0,2025-05-24 00:00:00+00:00,1,24.788194444444443
1748048400000,253,0.3909551092586324,188.33270309722081,1406627.3545157847,0.27034243526809487,53,0.20948616600790515,0.6538718119462376,84,0.33201581027667987,0.23373025687138294,105.0,0.4150197628458498,0.46514403620416495,11.0,0.043478260869565216,,,0.0,0.2276664312803462,0.042676003987748685,53,53,764.6792452830189,783.0,0.8138805856498925,1.0,6.255967098322148e-05,7.474693789208622e+24,14617045.26343705,1,2025-05-24 00:00:00+00:00,1,24.82986111111111
1748052000000,191,0.38360241883745105,126.63239313100154,1031402.3736495749,0.3160835849355031,24,0.1256544502617801,0.5022557308363873,93,0.4869109947643979,0.26186778640363817,66.0,0.34554973821989526,0.21112488613461794,8.0,0.041884816753926704,,,0.0,0.20280065142452,0.11328293351098306,24,24,859.5416666666666,935.0,0.8897783761185337,0.9583333333333334,4.8249877436165146e-05,8.121022308763187e+24,11804318.65386662,2,2025-05-24 00:00:00+00:00,1,24.87152777777778
1748055600000,175,0.34566593487868774,167.74258927844576,945885.5273953215,0.2562172390147748,36,0.2057142857142857,0.3587634400681558,75,0.42857142857142855,0.40584739083639954,59.0,0.33714285714285713,0.0830927869558415,5.0,0.02857142857142857,,,0.0,0.151819057717027,0.10439818129774779,36,36,879.0,658.0,0.8967326902374876,0.9722222222222222,5.7836573336491584e-05,8.353827398636898e+24,11884025.631721305,3,2025-05-24 00:00:00+00:00,1,24.913194444444443
1748059200000,190,0.3914940840271321,130.68538810604196,1026961.4110343138,0.3608552207424816,29,0.15263157894736842,0.5037697499879608,97,0.5105263157894737,0.253716353544248,58.0,0.30526315789473685,0.05631005153742718,6.0,0.031578947368421054,,,0.0,0.29867191039291646,0.06218331034956515,29,29,909.2413793103449,914.0,0.9285943246198369,1.0,5.316465649713505e-05,7.822713396637432e+24,10760166.475999406,4,2025-05-24 00:00:00+00:00,1,24.95486111111111
1748062800000,351,0.3450246886879067,207.29081824406572,1685650.59041524,0.24418148953172628,37,0.10541310541310542,0.4896287569270722,138,0.39316239316239315,0.24604914277040846,167.0,0.4757834757834758,0.3788861464652462,9.0,0.02564102564102564,,,0.0,0.11871187821503715,0.12546961131668913,37,37,792.9459459459459,873.0,0.8504877910009591,1.0,5.673923667250164e-05,6.914964382899932e+24,23000886.860041466,5,2025-05-24 00:00:00+00:00,1,24.99652777777778
1748066400000,311,0.4184212939787425,219.09576337193207,1647153.909841721,0.4663274516831044,38,0.12218649517684887,0.5461537439872561,117,0.3762057877813505,0.3170747790356984,140.0,0.45016077170418006,0.25738263449526316,16.0,0.05144694533762058,,,0.0,0.32463926766360346,0.14168818401950087,38,38,926.1842105263158,1047.5,0.9214459996068666,1.0,6.253415776560948e-05,6.625887912068823e+24,21163359.409202386,6,2025-05-24 00:00:00+00:00,1,25.038194444444443
1748070000000,296,0.37741869870667016,156.19435667074046,1298134.5248707368,0.42915427615238266,28,0.0945945945945946,0.4871704909440049,121,0.40878378378378377,0.281294729105679,137.0,0.46283783783783783,0.2214607793205045,10.0,0.033783783783783786,,,0.0,0.22637472600277206,0.20277955014961055,28,28,938.8214285714286,884.0,0.9253741378903069,0.9642857142857143,5.3075969963629594e-05,6.127019058375691e+24,15174937.951916844,7,2025-05-24 00:00:00+00:00,1,25.07986111111111
1748073600000,222,0.4608303418164806,150.46714761898343,1179736.920067142,0.40679492264749617,33,0.14864864864864866,0.6222987748289922,104,0.46846846846846846,0.2712612210272701,83.0,0.3738738738738739,0.823174754206347,2.0,0.009009009009009009,,,0.0,0.3437247294279648,0.06307019321953138,33,33,938.9090909090909,991.0,0.9190995454124032,0.9696969696969697,6.225630751439434e-05,6.233149113478141e+24,14043421.886279644,8,2025-05-24 00:00:00+00:00,1,25.12152777777778
1748077200000,173,0.38392683552590917,123.55863155912134,970995.4682456983,0.36639285022917517,34,0.19653179190751446,0.5307529748387512,64,0.3699421965317919,0.2756406071329535,70.0,0.4046242774566474,0.13979054984070233,5.0,0.028901734104046242,,,0.0,0.20880859361904844,0.15758425661012676,34,34,879.7647058823529,947.0,0.911749597184436,1.0,5.3335158717066206e-05,8.321868099993235e+24,12703452.686358768,9,2025-05-24 00:00:00+00:00,1,25.163194444444443
1748080800000,209,0.5254970305696455,193.62703693499475,1387153.3412999709,0.6577412931918291,37,0.17703349282296652,0.6552123049953852,94,0.44976076555023925,0.30508598809717435,73.0,0.3492822966507177,0.3262435480596579,5.0,0.023923444976076555,,,0.0,0.6458626976149953,0.011878595576833776,37,37,817.081081081081,968.0,0.8547836830270868,1.0,6.463714018938356e-05,6.656998411561743e+24,12999059.541587682,10,2025-05-24 00:00:00+00:00,1,25.20486111111111
1748084400000,251,0.4472083534056201,166.97332898415982,1185763.6371566395,0.5330479862109281,32,0.12749003984063745,0.6106471828706683,116,0.46215139442231074,0.24193446074451533,97.0,0.38645418326693226,0.14817420680757282,6.0,0.02390438247011952,,,0.0,0.37081576112228065,0.16223222508864737,32,32,934.0,1080.5,0.9155755760337011,0.96875,4.206407292989821e-05,5.666974071209943e+24,11487315.445998693,11,2025-05-24 00:00:00+00:00,1,25.24652777777778
1748088000000,167,0.4470527755773109,98.02328344242062,804114.8296168488,0.6346868010299768,14,0.08383233532934131,0.5871033750943603,79,0.47305389221556887,0.25926819315824395,68.0,0.40718562874251496,0.29346575662936386,6.0,0.03592814371257485,,,0.0,0.3171701292244034,0.3175166718055733,14,14,1007.8571428571429,1056.0,0.987387562888545,1.0,4.079051126267485e-05,5.836206797414198e+24,10142305.992795188,12,2025-05-24 00:00:00+00:00,1,25.288194444444443
1748091600000,258,0.3488776476937572,124.3721172065008,1046482.9700852559,0.356711149244974,32,0.12403100775193798,0.46844038987196895,124,0.4806201550387597,0.20406425486834606,92.0,0.35658914728682173,0.1735156537138191,10.0,0.03875968992248062,,,0.0,0.2267710512010518,0.1299400980439222,32,32,900.6875,865.0,0.9132992734883727,1.0,4.384507231193418e-05,6.05284068186043e+24,10428720.920594351,13,2025-05-24 00:00:00+00:00,1,25.32986111111111
1748095200000,209,0.33651296654806956,104.13663274187736,851278.4675527383,0.18065002470182706,26,0.12440191387559808,0.46078654697271987,103,0.49282296650717705,0.2333381995589334,73.0,0.3492822966507177,0.16280092290096546,7.0,0.03349282296650718,,,0.0,0.19779966948904903,-0.01714964478722197,26,26,808.2307692307693,983.5,0.8554367429526193,1.0,4.331814040820795e-05,6.535051615976609e+24,10957730.896774098,14,2025-05-24 00:00:00+00:00,1,25.37152777777778
1748098800000,222,0.3722967950381004,117.05707278420316,900853.1869826554,0.34582789262184893,38,0.17117117117117117,0.4918984794483376,105,0.47297297297297297,0.22280012227690582,77.0,0.34684684684684686,0.3517394107154246,2.0,0.009009009009009009,,,0.0,0.1582114950277114,0.18761639759413754,38,38,833.6842105263158,889.5,0.8821296488567297,1.0,4.476888983609297e-05,6.127047527820268e+24,9485271.268287512,15,2025-05-24 00:00:00+00:00,1,25.413194444444443
1748102400000,138,0.3852745292695058,85.47565411327959,668224.9030021693,0.3538974299627566,35,0.2536231884057971,0.5051273249943242,61,0.4420289855072464,0.23752957807476965,36.0,0.2608695652173913,0.23627389252497125,6.0,0.043478260869565216,,,0.0,0.2774903832506139,0.07640704671214264,35,35,837.1142857142858,896.0,0.8790736695130227,1.0,4.7255591929197865e-05,7.017760312234762e+24,8827685.319653602,16,2025-05-24 00:00:00+00:00,1,25.45486111111111
1748106000000,117,0.3666369531951309,62.32249362426457,503393.69323174964,0.4898125986067224,19,0.1623931623931624,0.41224923488969323,53,0.452991452991453,0.2698247946949927,43.0,0.36752136752136755,0.06920426463208425,2.0,0.017094017094017096,,,0.0,0.2716466766692299,0.21816592193749243,19,19,794.0,817.0,0.8310860827355764,0.9473684210526315,3.144536402684341e-05,6.344079469450809e+24,7376354.838927507,17,2025-05-24 00:00:00+00:00,1,25.49652777777778
1748109600000,115,0.35301134123716227,61.477879539790194,499626.6168359775,0.32877308285732415,21,0.1826086956521739,0.35822870223989983,59,0.5130434782608696,0.36661815260181596,34.0,0.2956521739130435,0.09155888165402,1.0,0.008695652173913044,,,0.0,0.15966587117364398,0.1691072116836802,21,21,1004.6190476190476,1082.0,0.967836135730518,0.9523809523809523,3.4387887717130796e-05,6.088497982948249e+24,6227878.822299113,18,2025-05-24 00:00:00+00:00,1,25.538194444444443
1748113200000,119,0.24264892273123712,44.63624973582077,393772.43323613616,0.2512907699096351,23,0.19327731092436976,0.31657420177602175,50,0.42016806722689076,0.16136046518908118,43.0,0.36134453781512604,0.10944133505467644,3.0,0.025210084033613446,,,0.0,0.14188192025577168,0.10940884965386342,23,23,753.0434782608696,577.0,0.8226112872532034,0.9565217391304348,3.3057312311777194e-05,6.416442002910536e+24,4665494.496026349,19,2025-05-24 00:00:00+00:00,1,25.57986111111111
1748116800000,158,0.36604715748747274,91.26106968671714,682706.6729685045,0.4014922654103631,39,0.2468354430379747,0.3958538249379754,69,0.43670886075949367,0.28899835773133015,42.0,0.26582278481012656,0.340675948322545,8.0,0.05063291139240506,,,0.0,0.31411939412266005,0.08737287128770305,39,39,963.7948717948718,957.0,0.9549328993382631,0.9743589743589743,5.194413297375353e-05,6.332638387739423e+24,4492356.738698297,20,2025-05-24 00:00:00+00:00,1,25.62152777777778
1748120400000,163,0.39853186241738053,86.17373716859599,707197.4380973657,0.5489284360787033,44,0.26993865030674846,0.4285952476402397,71,0.43558282208588955,0.21037588625393672,41.0,0.25153374233128833,0.2503097811002371,7.0,0.04294478527607362,,,0.0,0.3357926597262002,0.21313577635250314,44,44,885.7272727272727,778.5,0.9045281220951735,0.9090909090909091,6.842260351725488e-05,5.910227342653287e+24,4374643.449076161,21,2025-05-24 00:00:00+00:00,1,25.663194444444443
1748124000000,127,0.42705966409377466,68.0041318126581,533687.8039494337,0.5413491050835226,25,0.1968503937007874,0.3800156867123843,75,0.5905511811023622,0.45191382257009244,27.0,0.2125984251968504,,,0.0,,,0.0,0.21313503680449128,0.3282140682790313,25,25,959.04,914.0,0.9051680773534606,0.96,5.4016800916131856e-05,5.665211026380067e+24,4204570.172593408,22,2025-05-24 00:00:00+00:00,1,25.70486111111111
1748127600000,259,0.3772468778483782,135.1315395863986,1101085.3397919736,0.3619914054260045,43,0.16602316602316602,0.5007972449109129,110,0.4247104247104247,0.2703606211105989,97.0,0.3745173745173745,0.09207041572035986,9.0,0.03474903474903475,,,0.0,0.2192523359636265,0.14273906946237797,43,43,975.5581395348837,1118.0,0.9496797540627122,0.9767441860465116,6.482433355124771e-05,5.665207595950129e+24,9848358.402067905,23,2025-05-24 00:00:00+00:00,1,25.74652777777778
1748131200000,558,0.4771852562493245,357.818028828048,2957667.5920886435,0.41001219613026013,53,0.09498207885304659,0.657361351672473,219,0.3924731182795699,0.35608791005418594,279.0,0.5,0.1754376672614062,7.0,0.012544802867383513,,,0.0,0.37029297804548567,0.039719218084774466,53,53,916.7169811320755,993.0,0.9231253062353868,0.9811320754716981,9.798882747192807e-05,5.560339047897523e+24,33597634.06157803,0,2025-05-25 00:00:00+00:00,1,25.788194444444443
1748134800000,543,0.48817590207264255,411.89906036935037,3144558.054424316,0.38837518837183294,41,0.07550644567219153,0.7885555957818,194,0.3572744014732965,0.3163660056501511,297.0,0.5469613259668509,0.20142207658506397,11.0,0.020257826887661142,,,0.0,0.24147513500127166,0.1469000533705613,41,41,849.9756097560976,948.0,0.8829483071951214,1.0,0.00010377753425081634,6.131658315038795e+24,38364308.9459288,1,2025-05-25 00:00:00+00:00,1,25.82986111111111
1748138400000,530,0.42774214739105343,373.33465315081827,3080684.9974126555,0.33357696060335906,30,0.05660377358490566,0.5908243946542941,195,0.36792452830188677,0.33462489876237467,300.0,0.5660377358490566,0.2195605425715516,5.0,0.009433962264150943,,,0.0,0.19791317797220592,0.13566378263115317,30,30,816.2333333333333,766.5,0.864344327777414,1.0,5.4798400691387865e-05,6.988282795604603e+24,46313324.13670776,2,2025-05-25 00:00:00+00:00,1,25.87152777777778
1748142000000,547,0.3619931715351689,347.7044840423723,3073571.0245434972,0.2626663997494791,26,0.04753199268738574,0.5008276454950227,184,0.33638025594149906,0.2982763101850872,327.0,0.5978062157221207,0.14922982346432606,10.0,0.018281535648994516,,,0.0,0.1991809245570212,0.06348547519245791,26,26,835.1923076923077,791.5,0.8726680119422631,1.0,3.888861869138027e-05,7.401727785864362e+24,47407049.433695816,3,2025-05-25 00:00:00+00:00,1,25.913194444444443
1748145600000,492,0.3850615984841326,338.2236948936033,2820033.516374453,0.19487227277028013,28,0.056910569105691054,0.5522259599457593,186,0.3780487804878049,0.29460915771413304,272.0,0.5528455284552846,0.19102722807832662,6.0,0.012195121951219513,,,0.0,0.1572457257716384,0.03762654699864175,28,28,695.8928571428571,743.0,0.7906318032350125,1.0,3.7673636406151034e-05,7.843645099365932e+24,44670326.00248713,4,2025-05-25 00:00:00+00:00,1,25.95486111111111
1748149200000,435,0.39661570811776375,315.2974854903768,2611779.2409597253,0.3055573144901048,13,0.029885057471264367,0.5052300593146725,168,0.38620689655172413,0.33693336430264637,244.0,0.5609195402298851,0.14651970881451953,10.0,0.022988505747126436,,,0.0,0.25922484945473195,0.04633246503537281,13,13,828.0,786.0,0.8975505142548291,1.0,3.1002609781282894e-05,8.100459922953555e+24,39661418.063483484,5,2025-05-25 00:00:00+00:00,1,25.99652777777778
1748152800000,143,0.2752295576469539,71.70077965489892,618313.6384700374,0.3138418657238082,10,0.06993006993006994,0.3304864483583284,80,0.5594405594405595,0.18434021852020785,50.0,0.34965034965034963,0.1878270971998894,3.0,0.02097902097902098,,,0.0,0.22359224123036453,0.09024962449344365,10,10,975.5,1009.0,0.957700878616682,1.0,2.8491864175088147e-05,8.991826538559499e+24,12065404.979118422,6,2025-05-25 00:00:00+00:00,1,26.038194444444443
1748156400000,177,0.735858356002023,2048.308130643622,1803140.6846222044,0.4068671248088899,17,0.096045197740113,0.4708220469454034,89,0.5028248587570622,1.2508597537144777,65.0,0.3672316384180791,0.02019028683749305,6.0,0.03389830508474576,,,0.0,0.3000886624661537,0.10677846234273618,17,17,940.6470588235294,1081.0,0.9409903070029588,1.0,4.902314191921474e-05,9.643446473388045e+24,20222113.500871234,7,2025-05-25 00:00:00+00:00,1,26.07986111111111
1748160000000,215,0.4937874315814098,244.656067586737,1817425.8049820648,0.538240268348827,29,0.13488372093023257,0.6532583853082121,99,0.4604651162790698,0.30121587089469853,83.0,0.386046511627907,0.22045814452853557,4.0,0.018604651162790697,,,0.0,0.5754260918782754,-0.037185823529448554,29,29,908.7241379310345,1077.0,0.9237898929366606,1.0,6.866455304971889e-05,9.496818493427511e+24,20710060.203758594,8,2025-05-25 00:00:00+00:00,1,26.12152777777778
1748163600000,222,0.4346910595420554,276.8534007321744,2111084.87049394,0.2867639091367917,31,0.13963963963963963,0.569282336150446,104,0.46846846846846846,0.33015147139152173,86.0,0.38738738738738737,0.013344535778504203,1.0,0.0045045045045045045,,,0.0,0.31120139184510487,-0.0244374827083132,31,31,711.8709677419355,586.0,0.7891207459084304,1.0,6.707274662626633e-05,1.2318421241583592e+25,20139511.529638175,9,2025-05-25 00:00:00+00:00,1,26.163194444444443
1748167200000,120,0.27451506142305565,93.02100694086688,785311.8038939432,0.5001370203021983,15,0.125,0.32244712962168776,53,0.44166666666666665,0.16362008679162535,51.0,0.425,0.005429769911358969,1.0,0.008333333333333333,,,0.0,0.3689551513909048,0.1311818689112935,15,15,818.9333333333333,780.0,0.8632411934869043,1.0,3.9480646667424065e-05,1.2906948830600481e+25,12885068.774186961,10,2025-05-25 00:00:00+00:00,1,26.20486111111111
1748170800000,138,0.3543432623084698,128.21061657272213,1072860.9632400395,0.2996079563976904,27,0.1956521739130435,0.4896178568835072,57,0.41304347826086957,0.25150256628972495,48.0,0.34782608695652173,0.13826905859408056,6.0,0.043478260869565216,,,0.0,0.21005403060390776,0.08955392579378262,27,27,782.3333333333334,819.0,0.8318940163514539,1.0,3.8927286578808605e-05,1.2389853819971972e+25,12911847.271290975,11,2025-05-25 00:00:00+00:00,1,26.24652777777778
1748174400000,63,0.27779195770109816,64.5623530021967,597352.7688630937,0.42562073797554884,12,0.19047619047619047,0.29741183103999125,27,0.42857142857142855,0.18645039202336375,22.0,0.3492063492063492,0.1307082084344166,2.0,0.031746031746031744,,,0.0,0.45051184390176946,-0.024891105926220614,12,12,844.6666666666666,1013.5,0.869734799815724,1.0,4.395824766563065e-05,1.60199347559174e+25,14104100.793359043,12,2025-05-25 00:00:00+00:00,1,26.288194444444443
1748178000000,85,0.24765954730621892,64.03157640854883,642428.3133776148,0.23114516318784903,14,0.16470588235294117,0.2982740203697387,41,0.4823529411764706,0.18216707769328302,29.0,0.3411764705882353,0.30294914813422474,1.0,0.011764705882352941,,,0.0,0.306296842363354,-0.07515167917550501,14,14,1145.642857142857,1160.5,1.057538704755309,0.9285714285714286,4.603175616716446e-05,1.362056776759077e+25,11641297.385122903,13,2025-05-25 00:00:00+00:00,1,26.32986111111111
1748181600000,182,0.33300898103947546,182.81731712044694,1513009.3764193854,0.38401027819698624,43,0.23626373626373626,0.45628144537037696,72,0.3956043956043956,0.1714218973678439,65.0,0.35714285714285715,0.050252595568568155,2.0,0.01098901098901099,,,0.0,0.21293184168365661,0.17107843651332957,43,43,894.6279069767442,938.0,0.914870035362195,0.9767441860465116,6.353610541470365e-05,1.3407404107451289e+25,15459390.900389558,14,2025-05-25 00:00:00+00:00,1,26.37152777777778
1748185200000,232,0.35081190837062165,261.2135076091987,2197965.1390549187,0.39429761736849006,43,0.1853448275862069,0.5382873073207596,82,0.35344827586206895,0.1895054290211975,106.0,0.45689655172413796,0.20643051858992928,1.0,0.004310344827586207,,,0.0,0.2259425642791291,0.16835505308936094,43,43,928.5581395348837,993.0,0.9245206286720067,1.0,6.687887855785948e-05,1.451693284906376e+25,20574479.33750623,15,2025-05-25 00:00:00+00:00,1,26.413194444444443
1748188800000,141,0.33891293051685994,150.94227492997317,1233820.6688392048,0.28414135954768577,35,0.24822695035460993,0.4218125957094752,54,0.3829787234042553,0.30164857944798606,49.0,0.3475177304964539,0.09437168581509124,3.0,0.02127659574468085,,,0.0,0.23245957946926937,0.051681780078416395,35,35,904.8857142857142,893.0,0.9188320604087025,0.9428571428571428,6.45102264918012e-05,1.3870250482930683e+25,11494601.660749916,16,2025-05-25 00:00:00+00:00,1,26.45486111111111
1748192400000,45,0.2987021855840454,39.83839646618346,341399.2452431221,0.3795750542758972,16,0.35555555555555557,0.28150428050886517,19,0.4222222222222222,0.2502945862837011,8.0,0.17777777777777778,0.008729731464819097,2.0,0.044444444444444446,,,0.0,0.2480699401511141,0.13150511412478305,16,16,803.3125,752.5,0.8784453535749058,0.9375,4.0630994830100394e-05,1.3534381114937714e+25,9627638.665282194,17,2025-05-25 00:00:00+00:00,1,26.49652777777778
1748196000000,65,0.28103797039194395,57.27420219464433,477782.7281265148,0.3428017670224403,17,0.26153846153846155,0.30045698911810975,34,0.5230769230769231,0.15841750515661202,9.0,0.13846153846153847,0.15970857193392612,5.0,0.07692307692307693,,,0.0,0.2720748037809524,0.07072696324148792,17,17,908.5294117647059,1052.0,0.9143357243655564,1.0,3.1542448767951596e-05,1.3169265131164904e+25,5377646.89497082,18,2025-05-25 00:00:00+00:00,1,26.538194444444443
1748199600000,77,0.21817820823824025,46.80842193391768,432417.98472030525,0.25775110230015824,17,0.22077922077922077,0.21263737161171567,33,0.42857142857142855,0.21147554080494235,23.0,0.2987012987012987,0.13424564838537906,4.0,0.05194805194805195,,,0.0,0.2223600172834401,0.03539108501671815,17,17,671.7058823529412,789.0,0.7762792045160478,1.0,3.799881337928679e-05,1.2279208673266714e+25,5193177.749748553,19,2025-05-25 00:00:00+00:00,1,26.57986111111111
1748203200000,83,0.19537713609141197,47.19027893724172,406417.9158421902,0.14142512488545922,21,0.25301204819277107,0.2628412939795219,40,0.4819277108433735,0.12756054445479437,21.0,0.25301204819277107,0.053951480260995006,1.0,0.012048192771084338,,,0.0,0.2557444064468607,-0.11431928156140148,21,21,775.952380952381,655.0,0.8310282230542341,0.9523809523809523,2.7506014982891024e-05,1.2905774759907268e+25,4894263.394154213,20,2025-05-25 00:00:00+00:00,1,26.62152777777778
1748206800000,143,0.22265770978008892,84.20088348429437,744427.7567742881,0.24316217976545074,36,0.2517482517482518,0.2658389808374173,68,0.4755244755244755,0.12606498596228413,34.0,0.23776223776223776,0.14459076146689037,5.0,0.03496503496503497,,,0.0,0.15986020391531072,0.08330197585014004,36,36,739.9166666666666,723.0,0.8186351859171687,0.9722222222222222,5.685214400207077e-05,1.2349625848804413e+25,5726935.570243032,21,2025-05-25 00:00:00+00:00,1,26.663194444444443
1748210400000,186,0.3090928067163273,149.5737684257272,1301680.5123880713,0.3142823669095952,45,0.24193548387096775,0.4654399640732727,58,0.3118279569892473,0.2062713570124763,77.0,0.41397849462365593,0.07835718868243276,6.0,0.03225806451612903,,,0.0,0.2545382194197873,0.059744147489807865,45,45,935.8666666666667,835.0,0.9206472282056015,0.9111111111111111,7.012139372320003e-05,1.199196008385441e+25,10091576.039412586,22,2025-05-25 00:00:00+00:00,1,26.70486111111111
1748214000000,126,0.26025065543863607,106.43317166819153,919901.7852116608,0.2717407084619623,38,0.30158730158730157,0.2635216263995465,41,0.3253968253968254,0.20732049996018312,43.0,0.3412698412698413,0.6865668707610748,4.0,0.031746031746031744,,,0.0,0.19314971218639615,0.07859099627556616,38,38,730.421052631579,745.0,0.8134399020909574,1.0,4.720254029030803e-05,1.6822365458483507e+25,7445350.954587284,23,2025-05-25 00:00:00+00:00,1,26.74652777777778
1748217600000,145,0.2800345135763508,137.36934267600512,1173098.2145298528,0.295088191380302,31,0.21379310344827587,0.36394032578907537,55,0.3793103448275862,0.19849633389104954,55.0,0.3793103448275862,0.13081356334365773,4.0,0.027586206896551724,,,0.0,0.18422610490790278,0.11086208647239923,31,31,840.2903225806451,953.0,0.8681408322328797,1.0,5.776320984003257e-05,1.4719591410282689e+25,13144154.491842173,0,2025-05-26 00:00:00+00:00,1,26.788194444444443
1748221200000,287,0.2802949120960404,282.30979100403556,2407355.670264786,0.5255583125777028,21,0.07317073170731707,0.36750538795903354,118,0.41114982578397213,0.18032491117434832,143.0,0.49825783972125437,0.051163426066814524,5.0,0.017421602787456445,,,0.0,0.6462985004431614,-0.12074018786545873,21,21,870.0,904.0,0.9109404959689555,1.0,4.7085713181819726e-05,1.47396804990596e+25,29661638.478719193,1,2025-05-26 00:00:00+00:00,1,26.82986111111111
1748224800000,366,0.2438128263876339,325.6243711025413,2959962.216940934,0.2981629391762111,29,0.07923497267759563,0.31865115504356956,123,0.3360655737704918,0.1974702176773243,207.0,0.5655737704918032,0.07404887031410057,7.0,0.01912568306010929,,,0.0,0.4371335002052913,-0.13897056102908023,29,29,927.0,801.0,0.9039494938568159,0.9655172413793104,3.77337389717015e-05,1.7178962510299575e+25,47315877.35667659,2,2025-05-26 00:00:00+00:00,1,26.87152777777778
1748228400000,176,0.3505383242634679,211.81852235437546,1753567.693247033,0.5106254724683,13,0.07386363636363637,0.3792137387608588,58,0.32954545454545453,0.31694959581156557,104.0,0.5909090909090909,0.09945911574982343,1.0,0.005681818181818182,,,0.0,0.739804470112836,-0.22917899764453611,13,13,944.0769230769231,993.0,0.941845206975975,1.0,5.818629417943932e-05,1.7035793438015524e+25,34186141.40118201,3,2025-05-26 00:00:00+00:00,1,26.913194444444443
1748232000000,166,0.23767548621260393,197.2849186262475,1819204.4588112766,0.1705123522761281,15,0.09036144578313253,0.3124970517437895,78,0.46987951807228917,0.1734401478448144,72.0,0.43373493975903615,0.03398474630811416,1.0,0.006024096385542169,,,0.0,0.08149104428142032,0.08902130799470775,15,15,646.8,574.0,0.7238529857636041,0.9333333333333333,3.122184705436159e-05,2.28774443061888e+25,34990199.9576877,4,2025-05-26 00:00:00+00:00,1,26.95486111111111
1748235600000,270,0.22542908475512888,212.82871241695557,1976964.2036114228,0.1275412871789569,15,0.05555555555555555,0.30594543301754357,96,0.35555555555555557,0.18796295623407586,156.0,0.5777777777777777,0.08658361133347663,3.0,0.011111111111111112,,,0.0,0.12752901686130608,1.2270317650834677e-05,15,15,637.4666666666667,521.0,0.7371856707591449,1.0,3.0268241498421777e-05,1.8544151747554423e+25,38539592.836969115,5,2025-05-26 00:00:00+00:00,1,26.99652777777778
1748239200000,229,0.23048059799859075,192.97839446575955,1748371.6687293442,0.16128595815768146,21,0.09170305676855896,0.3175693569005229,96,0.4192139737991266,0.1683346782641311,111.0,0.4847161572052402,0.22124427059722146,1.0,0.004366812227074236,,,0.0,0.14715288502915358,0.014133073128527875,21,21,735.4761904761905,764.0,0.8184827436674044,1.0,4.581482385819166e-05,1.9706440661747865e+25,34486305.96603379,6,2025-05-26 00:00:00+00:00,1,27.038194444444443
1748242800000,204,0.2618018401002206,233.01707737396688,2072868.6842407328,0.363299506205463,23,0.11274509803921569,0.2828696217954595,76,0.37254901960784315,0.2312722932848352,100.0,0.49019607843137253,0.08527323055618291,5.0,0.024509803921568627,,,0.0,0.2987928396469416,0.06450666655852134,23,23,785.1304347826087,938.0,0.8433277204167645,1.0,4.0823095904686386e-05,2.0550803646603934e+25,35794125.53827731,7,2025-05-26 00:00:00+00:00,1,27.07986111111111
1748246400000,188,0.22272973202299579,195.07541154264584,1771199.5343630242,0.17809775088437454,18,0.09574468085106383,0.27577051271676073,68,0.3617021276595745,0.19748962107359966,100.0,0.5319148936170213,0.08303656615238436,2.0,0.010638297872340425,,,0.0,0.12858248235956107,0.04951526852481347,18,18,827.3333333333334,726.0,0.8756761600882789,1.0,4.086026290797149e-05,2.13727432812924e+25,30955090.30544129,8,2025-05-26 00:00:00+00:00,1,27.12152777777778
1748250000000,228,0.23597585171407084,228.9216561490275,2030993.5477713062,0.2620817007730211,14,0.06140350877192982,0.32013738932815744,87,0.3815789473684211,0.17586930174379484,125.0,0.5482456140350878,0.14886739523090137,2.0,0.008771929824561403,,,0.0,0.20911672505441545,0.0529649757186057,14,14,873.7142857142857,1028.5,0.9044163038372302,1.0,3.8527216736034134e-05,2.091788780390155e+25,33547234.24349321,9,2025-05-26 00:00:00+00:00,1,27.163194444444443
1748253600000,125,0.25098037454403505,164.3429315808818,1544216.012802539,0.08165014026847152,12,0.096,0.3796658491756671,48,0.384,0.1948332517991075,62.0,0.496,0.029707587602013374,3.0,0.024,,,0.0,0.056937422022433994,0.02471271824603753,12,12,867.5,914.5,0.8984007828948241,1.0,3.5651412858307594e-05,2.320657625543456e+25,34134448.64929042,10,2025-05-26 00:00:00+00:00,1,27.20486111111111
1748257200000,178,0.2438444034319559,207.71770041425563,1808098.097284294,0.21656041035135468,17,0.09550561797752809,0.3244437434660707,53,0.29775280898876405,0.21295188515449906,105.0,0.5898876404494382,0.055770163330323606,3.0,0.016853932584269662,,,0.0,0.14675880432385846,0.06980160602749622,17,17,743.0,670.0,0.810931693298086,1.0,3.8700086277109716e-05,2.2782850937806836e+25,40383106.0018709,11,2025-05-26 00:00:00+00:00,1,27.24652777777778
1748260800000,233,0.22338725018490968,267.1198271114767,2394857.437692951,0.21072331664111477,23,0.09871244635193133,0.31848007970269443,86,0.36909871244635195,0.16437561375331883,119.0,0.5107296137339056,0.05052162385232957,5.0,0.02145922746781116,,,0.0,0.13330583782788666,0.07741747881322811,23,23,766.1304347826087,860.0,0.8263987175568065,1.0,4.975887457353933e-05,2.4809514690686027e+25,49402839.18844986,12,2025-05-26 00:00:00+00:00,1,27.288194444444443
1748264400000,195,0.5455804263515731,752.7887779360924,2985565.4298657747,0.41438261437981155,22,0.11282051282051282,0.43484465272507394,73,0.37435897435897436,0.6602907440167357,99.0,0.5076923076923077,0.15932231561366444,1.0,0.005128205128205128,,,0.0,0.4820323821900843,-0.06764976781027282,22,22,782.2727272727273,838.5,0.8406011088552229,1.0,5.779631287402067e-05,2.1272613311219483e+25,64964813.960176975,13,2025-05-26 00:00:00+00:00,1,27.32986111111111
1748268000000,298,0.38703629658905075,456.8143811971167,3452771.278134848,0.3341756223823053,20,0.06711409395973154,0.5657798164167931,92,0.3087248322147651,0.3055965154107941,185.0,0.6208053691275168,0.06620547454916444,1.0,0.003355704697986577,,,0.0,0.1780188220634757,0.1561568003188296,20,20,822.45,770.5,0.8551127298675917,1.0,8.82825930573927e-05,1.7541723391383263e+25,66429760.48151454,14,2025-05-26 00:00:00+00:00,1,27.37152777777778
1748271600000,231,0.23794740866180872,287.2850737332923,2632799.3037826694,0.3030525008044852,22,0.09523809523809523,0.3397121408164276,86,0.3722943722943723,0.15716108612271915,120.0,0.5194805194805194,0.07470731274668842,3.0,0.012987012987012988,,,0.0,0.31654626274609177,-0.013493761941606553,22,22,867.1818181818181,935.0,0.8985045650997437,1.0,4.115865731215544e-05,2.2639267539553213e+25,45044101.49937875,15,2025-05-26 00:00:00+00:00,1,27.413194444444443
1748275200000,261,0.31096759277396574,361.0362867490322,2968805.760403936,0.27916018421518796,46,0.17624521072796934,0.46278021924845464,88,0.3371647509578544,0.22054902857103167,124.0,0.47509578544061304,0.08281146781149153,3.0,0.011494252873563218,,,0.0,0.24054761240569622,0.03861257180949173,46,46,792.5217391304348,770.5,0.8547747165604859,1.0,8.718567249213426e-05,1.943461900328979e+25,40676516.25498698,16,2025-05-26 00:00:00+00:00,1,27.45486111111111
1748278800000,179,0.22912820014193888,183.11366227726285,1544468.1562289055,0.22758408482164139,23,0.12849162011173185,0.2880954373633046,67,0.3743016759776536,0.18650887603701838,88.0,0.49162011173184356,0.06433847991027615,1.0,0.00558659217877095,,,0.0,0.13720889661912497,0.0903751882025164,23,23,785.1739130434783,790.0,0.8455221191503288,1.0,5.7545011683198515e-05,2.029647317548901e+25,24471010.346516233,17,2025-05-26 00:00:00+00:00,1,27.49652777777778
1748282400000,129,0.24644000296000282,134.4670451679366,1139019.1452482038,0.3055282263714773,20,0.15503875968992248,0.27669883109253585,52,0.40310077519379844,0.2117410685605772,52.0,0.40310077519379844,0.05626421448978819,5.0,0.03875968992248062,,,0.0,0.18666849158016724,0.11885973479131007,20,20,851.85,945.5,0.8700400522666589,1.0,4.1250437482377005e-05,2.061228910447424e+25,15644862.86156487,18,2025-05-26 00:00:00+00:00,1,27.538194444444443
1748286000000,111,0.18108144713276045,85.60142885388262,769317.7551510436,0.16264394938053117,18,0.16216216216216217,0.19995861220352618,55,0.4954954954954955,0.16391590939454231,34.0,0.3063063063063063,0.1503962380696175,4.0,0.036036036036036036,,,0.0,0.11306636495179918,0.04957758442873198,18,18,802.0,781.0,0.8692996585154122,1.0,3.927681555571032e-05,2.2192899332869536e+25,12171330.941316945,19,2025-05-26 00:00:00+00:00,1,27.57986111111111
1748289600000,139,0.19549793433117535,133.6524312092075,1147191.6019085501,0.13603451137566272,24,0.17266187050359713,0.2538852643493195,62,0.4460431654676259,0.17211347860401024,46.0,0.33093525179856115,0.035896884796454746,7.0,0.050359712230215826,,,0.0,0.10508757730743788,0.030946934068224834,24,24,809.0416666666666,573.5,0.8263743368707474,0.875,4.1844459312967774e-05,2.2154495994341737e+25,10655458.87438321,20,2025-05-26 00:00:00+00:00,1,27.62152777777778
1748293200000,77,0.17896843368558696,65.86171357451963,587290.3396569062,0.11442908189743173,17,0.22077922077922077,0.23817396850584627,36,0.4675324675324675,0.13587550563847464,24.0,0.3116883116883117,,,0.0,,,0.0,0.11442908189743173,0.0,17,17,933.4117647058823,977.0,0.9425222033612762,0.9411764705882353,4.062493572767873e-05,2.0496145117963902e+25,6876495.958657622,21,2025-05-26 00:00:00+00:00,1,27.663194444444443
1748296800000,97,0.21383660822464437,106.21068158132846,900018.3486306751,0.3169280826243858,27,0.27835051546391754,0.22340418238723864,43,0.44329896907216493,0.10220626102282578,23.0,0.23711340206185566,0.056992230188957785,4.0,0.041237113402061855,,,0.0,0.2564723116622641,0.060455770962121715,27,27,993.5185185185185,1029.0,0.9641313582857017,0.9259259259259259,4.8482399049302236e-05,2.135815235558932e+25,7088344.654771376,22,2025-05-26 00:00:00+00:00,1,27.70486111111111
1748300400000,56,0.2603197387980086,77.37647844936075,628346.9115108252,0.31731606600009316,16,0.2857142857142857,0.22894703602893782,25,0.44642857142857145,0.25181149439756995,15.0,0.26785714285714285,,,0.0,,,0.0,0.25232100529615303,0.06499506070394012,16,16,964.5,1012.5,0.9370488874611649,0.9375,3.323905263112705e-05,2.341267250678631e+25,6329229.076961194,23,2025-05-26 00:00:00+00:00,1,27.74652777777778
1748304000000,98,0.21957631747695172,120.61824893943422,1047114.0142893108,0.3193931312472672,13,0.1326530612244898,0.20602166286826973,49,0.5,0.17111403651835458,31.0,0.3163265306122449,0.393354358782517,5.0,0.05102040816326531,,,0.0,0.17088591924479749,0.14850721200246972,13,13,873.1538461538462,1027.0,0.8809763782654516,1.0,4.633651895712089e-05,2.4807704653873414e+25,12331489.049523046,0,2025-05-27 00:00:00+00:00,1,27.788194444444443
1748307600000,158,0.4008044189623994,202.33665786616402,1624101.9452560316,0.22098544377402524,20,0.12658227848101267,0.5670939782392642,69,0.43670886075949367,0.29802201355188823,66.0,0.4177215189873418,0.03615064254825024,3.0,0.0189873417721519,,,0.0,0.2134911460915942,0.007494297682431042,20,20,992.7,1067.5,0.9351157376303447,0.95,8.001667194975479e-05,1.4540652087812233e+25,21380964.250266593,1,2025-05-27 00:00:00+00:00,1,27.82986111111111
1748311200000,88,0.31166972790618996,127.1733668530968,1050571.382848919,0.4534933778312638,11,0.125,0.45492572309988133,32,0.36363636363636365,0.17513079467565812,45.0,0.5113636363636364,,,0.0,,,0.0,0.4263890571230109,0.027104320708252902,11,11,784.9090909090909,898.0,0.8253896765016141,1.0,5.489327445786113e-05,1.8194584717815138e+25,17724742.98561398,2,2025-05-27 00:00:00+00:00,1,27.87152777777778
1748314800000,112,0.2870559534009645,142.52162614443859,1149173.544892053,0.38297892312208875,18,0.16071428571428573,0.33782615714650205,47,0.41964285714285715,0.21260676785660104,43.0,0.38392857142857145,0.05918144024774725,4.0,0.03571428571428571,,,0.0,0.32526445316052643,0.05771446996156233,18,18,1079.8333333333333,1193.5,1.0102533697222142,0.9444444444444444,4.5663709022663795e-05,2.0093765907423684e+25,12802743.06451686,3,2025-05-27 00:00:00+00:00,1,27.913194444444443
1748318400000,92,0.2538001236835856,106.71340932912638,902080.5030286998,0.35815907478071984,13,0.14130434782608695,0.372277503511419,34,0.3695652173913043,0.1367722033589753,42.0,0.45652173913043476,0.09722524875843769,3.0,0.03260869565217391,,,0.0,0.3467438875244178,0.011415187256302008,13,13,1244.0,1316.0,1.1099434456788795,0.9230769230769231,4.2533013501980696e-05,1.9614480838013108e+25,13712435.425492324,4,2025-05-27 00:00:00+00:00,1,27.95486111111111
1748322000000,136,0.20204963366001735,132.52178685805063,1151536.4882002445,0.21877646881486956,33,0.2426470588235294,0.24856430332963436,45,0.33088235294117646,0.16163052998196767,54.0,0.39705882352941174,0.08642110950296628,4.0,0.029411764705882353,,,0.0,0.18732199100503935,0.031454477809830204,33,33,946.2727272727273,886.0,0.9008448761555119,0.9090909090909091,4.840878455041425e-05,2.0690625198479848e+25,14881456.156683272,5,2025-05-27 00:00:00+00:00,1,27.99652777777778
1748325600000,217,0.5379057297568894,382.3024295040862,2497958.494032894,0.5138852443467127,42,0.1935483870967742,0.6401108767942537,79,0.3640552995391705,0.464779712054461,93.0,0.42857142857142855,0.44969686895738786,3.0,0.013824884792626729,,,0.0,0.3172952381571144,0.19659000618959824,42,42,958.9047619047619,977.5,0.92807095890813,0.9761904761904762,8.39330157915273e-05,1.1911393980029088e+25,26940228.724603202,6,2025-05-27 00:00:00+00:00,1,28.038194444444443
1748329200000,150,0.3589015394017097,210.63087893499082,1640963.0877826004,0.28028577155985385,34,0.22666666666666666,0.5550403560723778,59,0.3933333333333333,0.19670816855314702,55.0,0.36666666666666664,0.36959219926402476,2.0,0.013333333333333334,,,0.0,0.25874761572539995,0.02153815583445387,34,34,847.2647058823529,902.5,0.8862760138403171,1.0,5.943241380474022e-05,1.5620125507393002e+25,16475647.860942855,7,2025-05-27 00:00:00+00:00,1,28.07986111111111
1748332800000,139,0.39097621033497704,156.44713597690938,1246549.11124195,0.3321886906353181,27,0.19424460431654678,0.5129483366906259,42,0.302158273381295,0.34495196532198097,69.0,0.49640287769784175,0.031082841185249017,1.0,0.007194244604316547,,,0.0,0.2725770132739735,0.05961167736134453,27,27,817.925925925926,842.0,0.884559912091386,1.0,7.209675654019359e-05,1.3195182663263084e+25,16913296.28350631,8,2025-05-27 00:00:00+00:00,1,28.12152777777778
1748336400000,91,0.3925572550606905,150.46692676682156,1073229.4060118275,0.5102398676410357,17,0.18681318681318682,0.5456826878254251,36,0.3956043956043956,0.1986294115726467,36.0,0.3956043956043956,0.12669844114732237,2.0,0.02197802197802198,,,0.0,0.5186729550355134,-0.008433087394477774,17,17,825.5294117647059,994.0,0.8614267193258565,1.0,5.391597663322216e-05,1.5598838355213514e+25,14826118.799801996,9,2025-05-27 00:00:00+00:00,1,28.163194444444443
1748340000000,145,0.3697588627002643,176.02589137283184,1422084.4100649517,0.3304519118522468,21,0.14482758620689656,0.5273880767546383,58,0.4,0.24655637171073175,65.0,0.4482758620689655,0.060872329674555865,1.0,0.006896551724137931,,,0.0,0.3864208998464506,-0.0559689879942038,21,21,843.3333333333334,898.0,0.871835569048918,1.0,5.6147052885472175e-05,1.3987019501448883e+25,17135920.98548538,10,2025-05-27 00:00:00+00:00,1,28.20486111111111
1748343600000,103,0.2615677776786007,109.30807875126168,934839.4580729909,0.26973283679259424,19,0.18446601941747573,0.2965669833011833,41,0.39805825242718446,0.2245886252671642,43.0,0.4174757281553398,,,0.0,,,0.0,0.3469890541512333,-0.07725621735863909,19,19,894.9473684210526,993.0,0.8903682132523695,1.0,4.162257993181977e-05,1.636019378771984e+25,10008792.868028348,11,2025-05-27 00:00:00+00:00,1,28.24652777777778
1748347200000,79,0.33520020497010045,103.46436608705409,787093.594934322,0.3807315880110793,27,0.34177215189873417,0.26353574679485264,25,0.31645569620253167,0.21208048861767279,25.0,0.31645569620253167,2.1553287155128285,2.0,0.02531645569620253,,,0.0,0.22892378993943183,0.15180779807164754,27,27,845.3703703703703,833.0,0.8689573688641876,1.0,4.8428295741528825e-05,1.5048679941210177e+25,9278296.71025596,12,2025-05-27 00:00:00+00:00,1,28.288194444444443
1748350800000,202,0.46278258092243624,271.16704848005276,1890241.7062931347,0.35271189630496647,38,0.18811881188118812,0.6737657147488826,88,0.43564356435643564,0.2887006940480508,71.0,0.35148514851485146,0.05797942228602611,5.0,0.024752475247524754,,,0.0,0.21869542600788452,0.13401647029708194,38,38,847.3947368421053,895.5,0.8839011195185024,1.0,7.769450204438388e-05,1.0837359822395105e+25,18523850.53297564,13,2025-05-27 00:00:00+00:00,1,28.32986111111111
1748354400000,330,0.7298300629793081,672.2691842473508,3852826.732112807,0.6849192589044049,68,0.20606060606060606,1.0274121499223976,109,0.3303030303030303,0.5527492947710302,147.0,0.44545454545454544,0.17122341746489497,6.0,0.01818181818181818,,,0.0,0.4611927196913849,0.22372653921301988,68,68,898.5,960.5,0.9107329196334857,1.0,0.00014338935532829622,8.900019797930918e+24,33116124.68865557,14,2025-05-27 00:00:00+00:00,1,28.37152777777778
1748358000000,202,0.5294869413109072,260.9121325910459,1823245.4656687852,0.4604706724739773,38,0.18811881188118812,0.8092076622249393,84,0.4158415841584158,0.24902044336911322,74.0,0.36633663366336633,0.509586692430472,6.0,0.0297029702970297,,,0.0,0.29632195287873,0.16414871959524735,38,38,913.1315789473684,906.0,0.9187064846114746,0.9473684210526315,0.00011924528671820849,9.294761995220665e+24,21257944.67016344,15,2025-05-27 00:00:00+00:00,1,28.413194444444443
1748361600000,228,0.43496561233071,202.33807134019705,1457244.3149425113,0.45038083000542395,42,0.18421052631578946,0.5747156977160363,85,0.37280701754385964,0.31708556427723394,96.0,0.42105263157894735,0.1930232549393071,5.0,0.021929824561403508,,,0.0,0.21971799412048276,0.2306628358849411,42,42,828.3809523809524,910.0,0.870648013770545,1.0,0.000125577597098648,7.996887948048004e+24,15340082.859793317,16,2025-05-27 00:00:00+00:00,1,28.45486111111111
1748365200000,180,0.8185379119661226,3085.206259340802,2041592.5611912808,0.30244105474818805,41,0.22777777777777777,0.3422543603325114,64,0.35555555555555557,1.5824747279937417,71.0,0.39444444444444443,0.16918904009749575,4.0,0.022222222222222223,,,0.0,0.2144674117180616,0.08797364303012643,41,41,730.8536585365854,737.0,0.8055054382687981,1.0,6.996810415930246e-05,1.1281731645602494e+25,21996797.28544899,17,2025-05-27 00:00:00+00:00,1,28.49652777777778
1748368800000,194,0.30758628979696506,119.61777227708777,1048262.6309713458,0.37529396726154257,39,0.20103092783505155,0.3599724713897176,74,0.38144329896907214,0.23434831370991177,78.0,0.4020618556701031,0.03938138173294739,3.0,0.015463917525773196,,,0.0,0.41640854275479267,-0.04111457549325011,39,39,860.0,959.0,0.8866226954748763,1.0,5.744760821230321e-05,9.418803603102023e+24,8158610.800061268,18,2025-05-27 00:00:00+00:00,1,28.538194444444443
1748372400000,157,0.30815345926949483,86.2542763601576,743002.9531092183,0.3256693614493997,34,0.21656050955414013,0.3057446624628961,69,0.4394904458598726,0.3034987968682752,48.0,0.3057324840764331,0.27383514273567605,6.0,0.03821656050955414,,,0.0,0.18500250445884756,0.14066685699055212,34,34,925.2352941176471,1010.5,0.9305613073450384,0.9705882352941176,5.647474435633607e-05,7.437701873220197e+24,6303393.2443722645,19,2025-05-27 00:00:00+00:00,1,28.57986111111111
1748376000000,125,0.35325633453463817,104.35318531014767,787251.6533753369,0.34957209284115187,31,0.248,0.4247204428850046,57,0.456,0.2522022807292046,32.0,0.256,0.20815374219485067,5.0,0.04,,,0.0,0.30740611174340676,0.04216598109774508,31,31,825.9677419354839,896.0,0.8359534340726857,0.9354838709677419,4.1912880941795383e-05,8.818080041792857e+24,5328647.462621366,20,2025-05-27 00:00:00+00:00,1,28.62152777777778
1748379600000,135,0.2598317005072687,71.97546647807985,618491.1846829882,0.17414199067387434,23,0.17037037037037037,0.36731202180514466,53,0.3925925925925926,0.20792558755172377,52.0,0.3851851851851852,0.1131922963742673,7.0,0.05185185185185185,,,0.0,0.14887074181299495,0.02527124886087938,23,23,844.5652173913044,923.0,0.8719762368839438,1.0,7.677638373802792e-05,9.119542399951075e+24,6593380.181212807,21,2025-05-27 00:00:00+00:00,1,28.663194444444443
1748383200000,195,0.3353730452185797,141.84616756929114,1178579.4020559532,0.4805237587399014,43,0.2205128205128205,0.3335921751670463,79,0.40512820512820513,0.2583055604346236,69.0,0.35384615384615387,0.1395891709053973,4.0,0.020512820512820513,,,0.0,0.2100936757457293,0.27043008299417204,43,43,941.4651162790698,841.0,0.9232311791437373,0.9534883720930233,5.921688945858385e-05,8.778931986911726e+24,8069674.866693295,22,2025-05-27 00:00:00+00:00,1,28.70486111111111
1748386800000,117,0.21023003160395273,65.75451496646583,608211.961299518,0.2838691698033406,29,0.24786324786324787,0.18130625006033416,44,0.37606837606837606,0.2017508314250953,37.0,0.3162393162393162,0.1317788582831944,7.0,0.05982905982905983,,,0.0,0.16846851129881082,0.11540065850452982,29,29,904.6896551724138,872.0,0.9095170372667793,0.9310344827586207,7.181249351269208e-05,1.1378155213194295e+25,7285554.129988778,23,2025-05-27 00:00:00+00:00,1,28.74652777777778
1748390400000,182,0.332198327956652,156.27898568551092,1271760.0850276458,0.34567561060821245,38,0.2087912087912088,0.3901417773955031,64,0.3516483516483517,0.29503856323056155,69.0,0.3791208791208791,0.1816079880706946,11.0,0.06043956043956044,,,0.0,0.23430292895652569,0.11137268165168679,38,38,927.0526315789474,946.0,0.935433719586762,1.0,5.826971763196871e-05,1.0791024395074957e+25,14062271.476991544,0,2025-05-28 00:00:00+00:00,1,28.788194444444443
1748394000000,188,0.2786343063038588,131.5308362105697,1127104.042873037,0.35525926784739537,17,0.09042553191489362,0.31082503429226144,97,0.5159574468085106,0.21349288307553413,69.0,0.3670212765957447,0.2925609546317051,5.0,0.026595744680851064,,,0.0,0.1920326307448939,0.16322663710250146,17,17,1028.8823529411766,1113.0,0.9874176380003047,1.0,4.9370020101484106e-05,1.1760521103909482e+25,13091297.692089472,1,2025-05-28 00:00:00+00:00,1,28.82986111111111
1748397600000,150,0.36795341003396553,185.00310721389286,1539415.7135844992,0.3889407100292319,36,0.24,0.5003939399875896,51,0.34,0.2554641764367286,59.0,0.3933333333333333,0.14966714872710704,4.0,0.02666666666666667,,,0.0,0.20609779182474627,0.18284291820448562,36,36,900.8333333333334,989.0,0.9065379999405307,1.0,8.862829009814419e-05,1.4946641417739516e+25,19756703.922827583,2,2025-05-28 00:00:00+00:00,1,28.87152777777778
1748401200000,93,0.6383348821924253,540.0327619819695,1380280.3517026196,0.4489854949151225,18,0.1935483870967742,0.41338320560555436,37,0.3978494623655914,0.9475470444328866,37.0,0.3978494623655914,0.9289858840010332,1.0,0.010752688172043012,,,0.0,0.24577611068389502,0.20320938423122759,18,18,934.1111111111111,969.5,0.9120085104505485,1.0,6.167431769495688e-05,1.5241948404690769e+25,16701204.963096555,3,2025-05-28 00:00:00+00:00,1,28.913194444444443
1748404800000,145,0.24075254478866065,122.99619141783893,1017977.4417298614,0.365320960074951,31,0.21379310344827587,0.28594913660129423,54,0.3724137931034483,0.13547217317531804,57.0,0.3931034482758621,0.1403339948564313,3.0,0.020689655172413793,,,0.0,0.1669460797342033,0.1983748803407477,31,31,914.3870967741935,993.0,0.9268129676785797,0.967741935483871,5.640529271017286e-05,1.4545464607613526e+25,15406284.480700858,4,2025-05-28 00:00:00+00:00,1,28.95486111111111
1748408400000,134,0.22898115339746677,106.43711658175546,897916.6135001538,0.3127729148081357,15,0.11194029850746269,0.3344724209723805,60,0.44776119402985076,0.0989444856362508,57.0,0.4253731343283582,0.1418499467646947,2.0,0.014925373134328358,,,0.0,0.30309429991407966,0.009678614894056045,15,15,935.7333333333333,1092.0,0.9276871116238466,1.0,4.502223381090341e-05,1.6165442742060165e+25,15046233.839554101,5,2025-05-28 00:00:00+00:00,1,28.99652777777778
1748412000000,195,0.3140143530919432,164.13108750262063,1286214.1489977671,0.42238816155226816,15,0.07692307692307693,0.46519367248260457,75,0.38461538461538464,0.19280833262005162,103.0,0.5282051282051282,0.074096366792121,2.0,0.010256410256410256,,,0.0,0.39302215472240454,0.029366006829863647,15,15,1018.4666666666667,1006.0,1.0003479432435218,1.0,5.767166300070585e-05,1.146743328873909e+25,19431195.60167431,6,2025-05-28 00:00:00+00:00,1,29.038194444444443
1748415600000,110,0.396111550847744,142.1578730762696,1004651.9122683193,0.3872654965926182,13,0.11818181818181818,0.5737581893268743,45,0.4090909090909091,0.23500353007596297,48.0,0.43636363636363634,0.3596327935480601,4.0,0.03636363636363636,,,0.0,0.34212018183908444,0.045145314753533776,13,13,839.9230769230769,857.0,0.8719477744565818,1.0,4.264763563864811e-05,1.796003153589389e+25,18341411.116257083,7,2025-05-28 00:00:00+00:00,1,29.07986111111111
1748419200000,103,0.31862171707110615,117.8593949819317,954933.6148052018,0.38670019057207655,26,0.2524271844660194,0.49176774191850375,30,0.2912621359223301,0.17984063821551846,44.0,0.42718446601941745,0.03260385480400762,3.0,0.02912621359223301,,,0.0,0.45407302295427104,-0.06737283238219449,26,26,824.0769230769231,814.5,0.8474240363381931,0.9615384615384616,4.6048100252026404e-05,2.139805630249928e+25,13776398.116805522,8,2025-05-28 00:00:00+00:00,1,29.12152777777778
1748422800000,107,0.2882182010393921,123.04672530297981,931205.4721694791,0.2925710023874567,17,0.1588785046728972,0.4452557563586999,38,0.35514018691588783,0.17863643617388544,50.0,0.4672897196261682,0.0070499601516624336,2.0,0.018691588785046728,,,0.0,0.4304827184263846,-0.13791171603892785,17,17,930.8823529411765,1069.0,0.9280941238910024,1.0,5.059294310131211e-05,2.2143060677505195e+25,14870122.741631547,9,2025-05-28 00:00:00+00:00,1,29.163194444444443
1748426400000,113,0.406971852707681,156.83140344768583,1264684.9969343827,0.42933751317556157,23,0.20353982300884957,0.5582584280493528,33,0.2920353982300885,0.3202906509281817,55.0,0.48672566371681414,0.03727131312569827,2.0,0.017699115044247787,,,0.0,0.2894592165487186,0.13987829662684295,23,23,818.2173913043479,872.0,0.8651486205228022,1.0,6.003713275713047e-05,2.1917468003280235e+25,24382632.647810683,10,2025-05-28 00:00:00+00:00,1,29.20486111111111
1748430000000,108,0.2467813278230416,103.25891929738219,879673.1714013707,0.23037147162605293,21,0.19444444444444445,0.3310928872074631,41,0.37962962962962965,0.1874426847435265,43.0,0.39814814814814814,0.059912893754584993,3.0,0.027777777777777776,,,0.0,0.181744699385801,0.04862677224025193,21,21,872.9047619047619,887.0,0.9172381422650039,1.0,3.725626224157633e-05,2.430229139634275e+25,15955190.72718197,11,2025-05-28 00:00:00+00:00,1,29.24652777777778
1748433600000,123,0.3664187799174357,131.11694649295046,914982.930219919,0.20065598694439146,12,0.0975609756097561,0.5513590679817155,51,0.4146341463414634,0.24391842430081187,58.0,0.4715447154471545,0.1975285049986572,2.0,0.016260162601626018,,,0.0,0.10379896419108646,0.09685702275330499,12,12,906.75,898.5,0.9233967471385084,1.0,4.9163446999351274e-05,2.0189729661852083e+25,14042467.475012474,12,2025-05-28 00:00:00+00:00,1,29.288194444444443
1748437200000,205,0.38535971389730506,239.47405301889216,1868972.593512852,0.37849532695688554,28,0.13658536585365855,0.5792060942937738,64,0.3121951219512195,0.27167813498908977,111.0,0.5414634146341464,0.5877045877821239,2.0,0.00975609756097561,,,0.0,0.31091256250536503,0.0675827644515205,28,28,874.4285714285714,981.5,0.9036143192072466,1.0,7.729002226623208e-05,1.6203432466987834e+25,22787449.238478534,13,2025-05-28 00:00:00+00:00,1,29.32986111111111
1748440800000,280,0.5153645422366516,364.8658751030382,2837402.666692319,0.5029064433969008,37,0.13214285714285715,0.8882448879879106,97,0.3464285714285714,0.2793353505065052,140.0,0.5,0.07130503580650972,6.0,0.02142857142857143,,,0.0,0.34877058913060827,0.15413585426629253,37,37,874.027027027027,863.0,0.8866820617519067,1.0,9.86150189409005e-05,1.0097176804421273e+25,29968908.429176386,14,2025-05-28 00:00:00+00:00,1,29.37152777777778
1748444400000,253,0.3937822633963374,257.0916210052105,1963523.5339722664,0.2781018436213853,27,0.1067193675889328,0.6926299688617281,91,0.35968379446640314,0.2168230961231582,131.0,0.5177865612648221,0.17125252573624378,4.0,0.015810276679841896,,,0.0,0.1694728985622026,0.10862894505918268,27,27,781.8148148148148,1051.0,0.8087605108145873,1.0,6.39755274764775e-05,1.036382739414561e+25,24822010.25704233,15,2025-05-28 00:00:00+00:00,1,29.413194444444443
1748448000000,120,0.36919009464245284,100.92574400464815,817928.8817529215,0.32948039530715134,15,0.125,0.5368607107463352,49,0.4083333333333333,0.22091139446726893,54.0,0.45,0.5626076498420627,2.0,0.016666666666666666,,,0.0,0.2905252303242094,0.0389551649829419,15,15,1043.4666666666667,1125.0,1.0117078558993324,1.0,5.384831031290892e-05,1.0373632747157345e+25,11551907.90728428,16,2025-05-28 00:00:00+00:00,1,29.45486111111111
1748451600000,114,0.3723565446863978,103.93721365877649,714652.3308989027,0.27572546855074215,23,0.20175438596491227,0.5684628723039903,48,0.42105263157894735,0.2117382469701586,39.0,0.34210526315789475,0.1407377037886412,4.0,0.03508771929824561,,,0.0,0.23767306969246385,0.038052398858278304,23,23,930.1739130434783,951.0,0.9437292127037559,1.0,6.0171774161552196e-05,8.774736981128383e+24,8496749.529738333,17,2025-05-28 00:00:00+00:00,1,29.49652777777778
1748455200000,71,0.27549919029259456,44.00250437143332,390737.4213953109,0.2359850101395508,18,0.2535211267605634,0.2954189485311906,24,0.3380281690140845,0.2922779002066159,28.0,0.39436619718309857,0.03887635772847981,1.0,0.014084507042253521,,,0.0,0.20358309942102265,0.03240191071852818,18,18,749.3333333333334,793.0,0.831953325963902,1.0,3.006543006908826e-05,9.105095134373354e+24,6335793.210054662,18,2025-05-28 00:00:00+00:00,1,29.538194444444443
1748458800000,163,0.33228440738748727,127.40818293297399,973481.6726150984,0.35772004737498364,21,0.12883435582822086,0.4041933395226981,63,0.38650306748466257,0.2805721408868591,72.0,0.44171779141104295,0.1406946965002757,7.0,0.04294478527607362,,,0.0,0.21203443051257997,0.14568561686240364,21,21,878.8095238095239,923.0,0.8922637415905983,1.0,6.934833854975839e-05,1.0159020096708721e+25,8955628.110200716,19,2025-05-28 00:00:00+00:00,1,29.57986111111111
1748462400000,136,0.34751517354318645,137.91007705291963,1031639.7924638182,0.3271762311770312,35,0.25735294117647056,0.4839220951782185,51,0.375,0.2254347370591906,49.0,0.3602941176470588,0.08456654068778131,1.0,0.007352941176470588,,,0.0,0.23965315287114355,0.08752307830588764,35,35,851.2,816.0,0.8983781677316776,1.0,6.243069122498384e-05,1.2436365672355437e+25,8914338.822574636,20,2025-05-28 00:00:00+00:00,1,29.62152777777778
1748466000000,117,0.26067957612305104,97.35388658318644,735649.8543753481,0.26479417282102496,28,0.23931623931623933,0.3550075117089465,52,0.4444444444444444,0.10331252280421499,34.0,0.2905982905982906,0.37075239439991375,3.0,0.02564102564102564,,,0.0,0.3012253194217123,-0.03643114660068741,28,28,754.7142857142857,693.0,0.8396777908056537,1.0,4.611182771782569e-05,1.2340653087026177e+25,5834994.714512306,21,2025-05-28 00:00:00+00:00,1,29.663194444444443
1748469600000,123,0.2339465054491538,79.78645469711653,653444.6179225834,0.38281780881652067,19,0.15447154471544716,0.23844134190315877,53,0.43089430894308944,0.15512037710536256,45.0,0.36585365853658536,0.31401228535388265,6.0,0.04878048780487805,,,0.0,0.4059924691752592,-0.023174660358738525,19,19,732.6315789473684,655.0,0.8067458851306416,0.9473684210526315,3.7467837466466474e-05,1.1897063520876829e+25,6106314.76494839,22,2025-05-28 00:00:00+00:00,1,29.70486111111111
1748473200000,118,0.2649201911872796,110.6256515600219,891977.1213342136,0.3214342744213744,27,0.2288135593220339,0.3298441384915264,47,0.3983050847457627,0.17221214318008465,41.0,0.3474576271186441,0.006161590412224479,3.0,0.025423728813559324,,,0.0,0.2621998930480623,0.059234381373312134,27,27,873.2962962962963,771.0,0.8935374139503028,0.9629629629629629,4.6674397277836476e-05,1.6859028568024995e+25,9689115.001998393,23,2025-05-28 00:00:00+00:00,1,29.74652777777778
1748476800000,199,0.3738083733210807,243.54678334541495,1981113.0249368777,0.22379429475026988,22,0.11055276381909548,0.5748482297005416,81,0.40703517587939697,0.23999493554607618,90.0,0.45226130653266333,0.21702350024973274,6.0,0.03015075376884422,,,0.0,0.17754401127878602,0.04625028347148386,22,22,830.8636363636364,888.0,0.887941381923635,1.0,5.086896905903837e-05,1.400934673575534e+25,18588256.49145182,0,2025-05-29 00:00:00+00:00,1,29.788194444444443
1748480400000,172,0.22870890250311177,120.69904474592614,1018251.6017963734,0.1847715759468376,12,0.06976744186046512,0.3400948607279904,72,0.4186046511627907,0.15001532774376855,82.0,0.47674418604651164,0.0554309119614746,6.0,0.03488372093023256,,,0.0,0.1847715759468376,0.0,12,12,694.0,664.0,0.7814710239286736,1.0,4.369196192197518e-05,1.3881217756467626e+25,20214072.79570008,1,2025-05-29 00:00:00+00:00,1,29.82986111111111
1748484000000,134,0.28401921907258865,133.5252641727175,1117457.2907912526,0.45359971019357687,26,0.19402985074626866,0.3109813475233928,44,0.3283582089552239,0.19958131243045754,62.0,0.4626865671641791,0.10388111448811438,2.0,0.014925373134328358,,,0.0,0.2248828050420285,0.22871690515154833,26,26,945.5769230769231,976.0,0.9373039436314415,1.0,5.795908711016054e-05,1.4082711730024667e+25,21393901.260008715,2,2025-05-29 00:00:00+00:00,1,29.87152777777778
1748487600000,125,0.2752194414737427,111.20064917961702,892575.5475335623,0.33652734354749997,15,0.12,0.3935969556099568,44,0.352,0.19175806431928438,62.0,0.496,0.036813499092903386,4.0,0.032,,,0.0,0.1814039974492226,0.1551233460982774,15,15,1100.2666666666667,1075.0,1.0292886640807943,1.0,5.2201977031751657e-05,1.4016409290301132e+25,17659708.402642302,3,2025-05-29 00:00:00+00:00,1,29.913194444444443
1748491200000,113,0.4246436051617882,126.27649325898385,971121.7132630195,0.2719474862452459,14,0.12389380530973451,0.6611881310381419,45,0.39823008849557523,0.2671110496135599,54.0,0.4778761061946903,,,0.0,,,0.0,0.1566894232715809,0.115258062973665,14,14,697.2857142857143,654.0,0.7589572158213252,1.0,6.434181020933056e-05,1.1681289742378785e+25,19077114.905532733,4,2025-05-29 00:00:00+00:00,1,29.95486111111111
1748494800000,18,0.47283004199823725,19.236623382835827,155450.88736749446,0.6839383231853633,2,0.1111111111111111,0.7678518446888614,5,0.2777777777777778,0.3003458987412034,11.0,0.6111111111111112,,,0.0,,,0.0,0.7572440666496769,-0.07330574346431362,2,2,1224.0,1224.0,1.1039094272299876,1.0,2.1081920504350556e-05,1.026603557089913e+25,2060934.3583386987,5,2025-05-29 00:00:00+00:00,1,29.99652777777778
