hour_ms,n,overshoot_all,arb_loss_sum,arb_volume,cex,cex_n,share_cex,continuation,continuation_n,share_continuation,same_block,same_block_n,share_same_block,onchain,onchain_n,share_onchain,long,long_n,share_long,cex_jump,cex_move,cex_jump_n,cex_move_n,cex_tau_mean_ms,cex_tau_median_ms,cex_sqrt_tau_mean,cex_p_k1,sigma_ps,liq_mean,volume,hod,day,post,t_days
1748656800000,26,1.0673592333502309,95.29321743697434,164658.02729872297,0.9291418081733018,9.0,0.34615384615384615,1.3042294923923223,13.0,0.5,0.8035104638716936,3.0,0.11538461538461539,0.02354900083101786,1.0,0.038461538461538464,,,0.0,0.23059610412570888,0.6985457040475929,9.0,9.0,4583.111111111111,3159.0,1.9216618410106103,0.2222222222222222,5.6936660072846647e-05,3.1394013903732024e+23,567904.8743509873,2,2025-05-31 00:00:00+00:00,0,-30.020844907407408
1748660400000,46,0.6085229421860173,116.89145563839335,221278.26877073478,0.8002192900504949,21.0,0.45652173913043476,0.4893330991352757,19.0,0.41304347826086957,0.31502022765436183,6.0,0.13043478260869565,,,0.0,,,0.0,0.1039901435244251,0.6962291465260696,21.0,21.0,1797.3333333333333,1215.0,1.2178319000980502,0.7142857142857143,8.352172952396294e-05,3.456466424474267e+23,873058.8910619508,3,2025-05-31 00:00:00+00:00,0,-29.97917824074074
1748664000000,28,0.3388476558837081,46.970629997886775,89258.66976786041,0.3005655000885139,13.0,0.4642857142857143,0.43050904101096477,11.0,0.39285714285714285,0.21119585311813338,4.0,0.14285714285714285,,,0.0,,,0.0,0.17020032613139188,0.13036517395712202,13.0,13.0,1669.8461538461538,1100.0,1.1385814745710292,0.6923076923076923,4.69993429396989e-05,3.587324689154101e+23,274360.24587001663,4,2025-05-31 00:00:00+00:00,0,-29.937511574074072
1748667600000,24,0.7352202870731652,86.4566813779603,160483.46177321373,0.8676271654097197,14.0,0.5833333333333334,0.6504004730596745,8.0,0.3333333333333333,0.14765139477124645,2.0,0.08333333333333333,,,0.0,,,0.0,0.31407849226966134,0.5535486731400585,14.0,14.0,1537.642857142857,1420.0,1.2184661777279204,0.5,4.9112732414783214e-05,3.58694610994265e+23,300181.9451272118,5,2025-05-31 00:00:00+00:00,0,-29.895844907407408
1748671200000,12,0.48326486864684576,24.981213322915142,47404.253192062235,0.527462190220896,6.0,0.5,0.43906754707279555,6.0,0.5,,,0.0,,,0.0,,,0.0,0.16257742935695882,0.3648847608639372,6.0,6.0,2515.5,1334.0,1.3540913715083205,0.6666666666666666,3.6873031083793726e-05,3.5869209837500705e+23,159992.63539501256,6,2025-05-31 00:00:00+00:00,0,-29.85417824074074
1748674800000,14,0.3648644239316446,22.645921747249353,42512.84469302327,0.7193558508570329,5.0,0.35714285714285715,0.21467026190856675,7.0,0.5,0.004315423698946115,2.0,0.14285714285714285,,,0.0,,,0.0,0.3302470199905193,0.3891088308665136,5.0,5.0,1912.2,1639.0,1.3338902115467626,0.4,3.3268975531433256e-05,3.5868759172326405e+23,160485.4640490154,7,2025-05-31 00:00:00+00:00,0,-29.812511574074072
1748678400000,27,0.6005736496737383,80.35681613628604,146854.31764853158,0.8517215294250459,11.0,0.4074074074074074,0.45628355763609163,15.0,0.5555555555555556,0.0022983529740549027,1.0,0.037037037037037035,,,0.0,,,0.0,0.22890584533364222,0.6228156840914035,11.0,11.0,1804.090909090909,844.0,1.1547105439448586,0.8181818181818182,4.709088733713015e-05,3.590180354265179e+23,345302.64517029066,8,2025-05-31 00:00:00+00:00,0,-29.770844907407408
1748682000000,6,1.1098861124035213,25.36288058189349,45315.261081541415,0.9362130501261489,4.0,0.6666666666666666,1.4572322369582658,2.0,0.3333333333333333,,,0.0,,,0.0,,,0.0,0.33520064645909275,0.6010124036670561,4.0,4.0,3197.75,2068.5,1.5834815862437284,0.5,3.269547826859271e-05,3.59364718508111e+23,112602.80295512249,9,2025-05-31 00:00:00+00:00,0,-29.72917824074074
1748685600000,18,0.8136217744221408,69.21608912574027,130976.15155880954,0.7599819586273692,6.0,0.3333333333333333,0.7325220728971454,11.0,0.6111111111111112,2.0275573859657214,1.0,0.05555555555555555,,,0.0,,,0.0,0.1324063932665456,0.6275755653608236,6.0,6.0,4999.333333333333,1568.5,1.8504018973900838,0.3333333333333333,5.0407346733627914e-05,3.598939396236483e+23,359311.6014827482,10,2025-05-31 00:00:00+00:00,0,-29.687511574074072
1748689200000,10,0.4081029811172686,18.817520805750195,35572.43957419545,0.570145443513826,3.0,0.3,0.3945208433301786,6.0,0.6,0.0034684206501366457,1.0,0.1,,,0.0,,,0.0,0.1680098082466466,0.4021356352671794,3.0,3.0,1439.3333333333333,1543.0,1.1962869903919682,0.3333333333333333,3.2250910357025126e-05,3.6001580870260816e+23,120767.6290695818,11,2025-05-31 00:00:00+00:00,0,-29.645844907407408
1748692800000,23,0.8829805993223709,82.736614999847,150354.5372995955,0.9599484408809568,13.0,0.5652173913043478,0.782922405296209,10.0,0.43478260869565216,,,0.0,,,0.0,,,0.0,0.24315638932173808,0.7167920515592188,13.0,13.0,2599.5384615384614,1471.0,1.3574077145398151,0.5384615384615384,4.239681127398034e-05,3.5971519677539e+23,393843.94382714364,12,2025-05-31 00:00:00+00:00,0,-29.60417824074074
1748696400000,23,0.45075976656722816,59.34502788650089,118106.66665840201,0.41445783698174093,13.0,0.5652173913043478,0.5531666275353428,9.0,0.391304347826087,0.0010231024655292867,1.0,0.043478260869565216,,,0.0,,,0.0,0.1191283288464484,0.2953295081352926,13.0,13.0,2864.076923076923,1349.0,1.4246152375605554,0.5384615384615384,4.0082062680062116e-05,3.634800884640182e+23,335801.08087316033,13,2025-05-31 00:00:00+00:00,0,-29.562511574074072
1748700000000,26,0.8635703246404316,107.99325078678613,172745.30893422026,1.2076054798765323,11.0,0.4230769230769231,0.4849292795589032,10.0,0.38461538461538464,0.8639750732840668,5.0,0.19230769230769232,,,0.0,,,0.0,0.44574125363481903,0.7618642262417132,11.0,11.0,3831.0,1384.0,1.6343316784018198,0.6363636363636364,5.814643457478506e-05,3.7197606855892805e+23,547772.0283863066,14,2025-05-31 00:00:00+00:00,0,-29.520844907407408
1748703600000,36,0.5527937153788798,107.28804057191215,204012.23527978262,0.873345478186076,15.0,0.4166666666666667,0.3993140124789645,16.0,0.4444444444444444,0.0822734762370202,5.0,0.1388888888888889,,,0.0,,,0.0,0.3351752526581789,0.5381702255278972,15.0,15.0,1129.2,1013.0,1.029696163841413,0.7333333333333333,5.524933308577232e-05,3.6846101071693304e+23,550876.1734316124,15,2025-05-31 00:00:00+00:00,0,-29.47917824074074
1748707200000,26,0.49453089954184015,71.68243948881124,139451.14434756784,0.8519027699810432,8.0,0.3076923076923077,0.3846090831597927,13.0,0.5,0.20853262943243847,5.0,0.19230769230769232,,,0.0,,,0.0,0.4387358519317196,0.4131669180493236,8.0,8.0,1471.75,1681.0,1.1848316465382842,0.5,5.6077920118611354e-05,3.68500568349751e+23,392487.65588962287,16,2025-05-31 00:00:00+00:00,0,-29.437511574074072
1748710800000,17,0.6164003556893065,45.62289299945659,85036.87701953397,0.7424892319482,5.0,0.29411764705882354,0.547243571326299,10.0,0.5882352941176471,0.6469620868571101,2.0,0.11764705882352941,,,0.0,,,0.0,0.20892523798499588,0.5335639939632042,5.0,5.0,1197.4,1185.0,1.0851132870744067,0.8,4.183299285478383e-05,3.691499216305487e+23,252842.16679540562,17,2025-05-31 00:00:00+00:00,0,-29.395844907407408
1748714400000,25,0.534540963114276,67.00300059073184,130602.6712643853,0.5741736903337779,16.0,0.64,0.4664712240050834,6.0,0.24,0.45930589616198486,3.0,0.12,,,0.0,,,0.0,0.17847279368849323,0.3957008966452846,16.0,16.0,1355.6875,1033.5,1.0815590081861997,0.75,2.6715188190827987e-05,3.7011375730567166e+23,239716.04075989494,18,2025-05-31 00:00:00+00:00,0,-29.35417824074074
1748718000000,17,0.5799547033836042,44.65999914428223,84704.3093052012,0.7311511435245961,11.0,0.6470588235294118,0.3455106893431913,5.0,0.29411764705882354,0.08901393203475816,1.0,0.058823529411764705,,,0.0,,,0.0,0.2633054573054065,0.4678456862191896,11.0,11.0,1180.909090909091,885.0,1.037991123608033,0.7272727272727273,3.0301932881760454e-05,3.690077918655605e+23,174010.8681190244,19,2025-05-31 00:00:00+00:00,0,-29.312511574074072
1748721600000,12,0.7737956964363605,46.75320309618202,84049.69731936384,1.1850917298527097,5.0,0.4166666666666667,0.48001281542468244,7.0,0.5833333333333334,,,0.0,,,0.0,,,0.0,0.020775402313271026,1.1643163275394386,5.0,5.0,1288.2,1446.0,1.093444611562445,0.6,2.7155922076471004e-05,3.692573114710446e+23,162217.9146861511,20,2025-05-31 00:00:00+00:00,0,-29.270844907407408
1748725200000,26,1.0083402742311387,130.1562400717265,202787.62114522868,0.7852595309507788,13.0,0.5,1.5420956858295052,9.0,0.34615384615384615,0.5324030137959833,4.0,0.15384615384615385,,,0.0,,,0.0,0.3108440008191421,0.47441553013163673,13.0,13.0,1997.6153846153845,1401.0,1.3347206310339752,0.6153846153846154,5.28499499498695e-05,3.6834618732783324e+23,602302.0413380646,21,2025-05-31 00:00:00+00:00,0,-29.22917824074074
1748728800000,13,0.85708919737851,46.77095063558967,79965.90365462842,0.5957709567219792,4.0,0.3076923076923077,1.0831672682341853,8.0,0.6153846153846154,0.09373759315923091,1.0,0.07692307692307693,,,0.0,,,0.0,0.1609988407466666,0.4347721159753126,4.0,4.0,7870.75,1497.5,2.0188580525642243,0.5,3.368832292895802e-05,3.678611782102233e+23,158834.0074879829,22,2025-05-31 00:00:00+00:00,0,-29.187511574074072
1748732400000,22,0.7451020063778194,73.21240907392718,132428.5799321309,0.6214583476899004,12.0,0.5454545454545454,0.973672236467584,9.0,0.4090909090909091,0.17169383982496444,1.0,0.045454545454545456,,,0.0,,,0.0,0.4300705674726704,0.19138778021723,12.0,12.0,4716.416666666667,1064.0,1.7332947272441228,0.5833333333333334,5.4138316029194576e-05,3.687980779446225e+23,322903.7378826222,23,2025-05-31 00:00:00+00:00,0,-29.145844907407408
1748736000000,14,1.2328633215509774,71.66993880873343,118029.08677282232,1.6265815310753398,9.0,0.6428571428571429,0.5241705444071253,5.0,0.35714285714285715,,,0.0,,,0.0,,,0.0,0.18116152205366148,1.4454200090216782,9.0,9.0,4530.888888888889,1219.0,1.6825002250246455,0.5555555555555556,3.0082014910921172e-05,3.716105069714654e+23,190772.7333031495,0,2025-06-01 00:00:00+00:00,0,-29.10417824074074
1748739600000,23,0.5185563401853779,67.79672251677657,135099.89781039857,0.6348465610218667,10.0,0.43478260869565216,0.4176507907837728,11.0,0.4782608695652174,0.492085757711762,2.0,0.08695652173913043,,,0.0,,,0.0,0.21026598486273854,0.42458057615912814,10.0,10.0,2979.4,1116.5,1.373417529757457,0.8,5.884459124005125e-05,3.714575281051957e+23,388362.75990465906,1,2025-06-01 00:00:00+00:00,0,-29.062511574074072
1748743200000,26,0.616146353739082,78.6951282326384,147902.94636160808,0.7724502948318532,18.0,0.6923076923076923,0.1915311880596741,7.0,0.2692307692307692,0.7749815738250553,1.0,0.038461538461538464,,,0.0,,,0.0,0.22376839246620042,0.5486819023656528,18.0,18.0,5129.111111111111,1658.0,1.9232730737824824,0.3888888888888889,4.146693285871216e-05,3.655129550924148e+23,275319.0151958059,2,2025-06-01 00:00:00+00:00,0,-29.020844907407408
1748746800000,30,0.5746870657195079,87.98371016542517,169623.0888094286,0.3110627889876043,17.0,0.5666666666666667,0.9501106220691269,12.0,0.4,0.5512170939664428,1.0,0.03333333333333333,,,0.0,,,0.0,0.10749644433232142,0.20356634465528287,17.0,17.0,1867.2941176470588,1582.0,1.3056621077026576,0.35294117647058826,3.6328637458065935e-05,3.684377140630761e+23,345039.71902522165,3,2025-06-01 00:00:00+00:00,0,-28.97917824074074
1748750400000,15,0.6088044456908588,47.10061564000735,91762.43593462853,0.7785037757245623,7.0,0.4666666666666667,0.5218739288836233,7.0,0.4666666666666667,0.029422753105583406,1.0,0.06666666666666667,,,0.0,,,0.0,0.25917307285065194,0.5193307028739103,7.0,7.0,6042.428571428572,1385.0,1.9600408564126692,0.5714285714285714,3.5501971993842284e-05,3.7028599121513005e+23,175743.5337108267,4,2025-06-01 00:00:00+00:00,0,-28.937511574074072
1748754000000,7,0.7631202205086851,22.978683803495898,41714.19836563661,1.0719278407728172,2.0,0.2857142857142857,0.6395971724030325,5.0,0.7142857142857143,,,0.0,,,0.0,,,0.0,0.34017021093402533,0.7317576298387918,2.0,2.0,1081.5,1081.5,1.0360497286209824,1.0,2.9847921111413818e-05,3.692326520663542e+23,134863.1791542963,5,2025-06-01 00:00:00+00:00,0,-28.895844907407408
1748757600000,15,0.7455586769459276,48.21856168155868,86182.79380173405,1.2171953669278486,6.0,0.4,0.43837326009999333,5.0,0.3333333333333333,0.422085413030464,4.0,0.26666666666666666,,,0.0,,,0.0,0.22203649603610495,0.9951588708917436,6.0,6.0,1481.8333333333333,1509.0,1.2133511153245975,0.3333333333333333,2.9543636084016847e-05,3.723172028021199e+23,323653.3283503938,6,2025-06-01 00:00:00+00:00,0,-28.85417824074074
1748761200000,12,0.49039777837295734,31.02675977560234,59507.42129580816,0.8752566101213932,4.0,0.3333333333333333,0.05262869294605573,6.0,0.5,1.0339873711567904,2.0,0.16666666666666666,,,0.0,,,0.0,0.04967182781423929,0.8255847823071538,4.0,4.0,1950.75,1753.0,1.3715680427491188,0.5,3.049162205467065e-05,3.719368165842543e+23,408465.6540291485,7,2025-06-01 00:00:00+00:00,0,-28.812511574074072
1748764800000,8,0.3253985296121408,20.650504769225314,41881.32094327098,0.3459555605910313,5.0,0.625,0.29113681131398994,3.0,0.375,,,0.0,,,0.0,,,0.0,0.29881185656533293,0.04714370402569834,5.0,5.0,1582.2,1520.0,1.2273179293193741,0.4,1.4898575012305295e-05,3.7403632799033333e+23,89844.4711968826,8,2025-06-01 00:00:00+00:00,0,-28.770844907407408
1748768400000,27,0.9171496803420872,114.25016175983608,205800.11947058968,0.7410228261566459,12.0,0.4444444444444444,1.1756462903289193,13.0,0.48148148148148145,0.2936828405403257,2.0,0.07407407407407407,,,0.0,,,0.0,0.19400690326382575,0.5470159228928203,12.0,12.0,4551.333333333333,2978.0,1.9009565326054843,0.4166666666666667,6.050703774965699e-05,3.6538510008772066e+23,641235.6303551338,9,2025-06-01 00:00:00+00:00,0,-28.72917824074074
1748772000000,26,0.5893512180678232,68.8920849591159,128044.01261254432,0.20819842103624842,11.0,0.4230769230769231,0.988279877017777,10.0,0.38461538461538464,0.6300300536373803,5.0,0.19230769230769232,,,0.0,,,0.0,0.17539062026682964,0.032807800769418805,11.0,11.0,5410.636363636364,2229.0,1.9134298393320819,0.45454545454545453,4.383206719575831e-05,3.616378637959689e+23,247587.4368280903,10,2025-06-01 00:00:00+00:00,0,-28.687511574074072
1748775600000,15,0.8200529614828391,53.7362877804201,97158.49291571982,1.0606823011480349,8.0,0.5333333333333333,0.4714311359915778,5.0,0.3333333333333333,0.7290901665502102,2.0,0.13333333333333333,,,0.0,,,0.0,0.2878967490344041,0.7727855521136306,8.0,8.0,1691.0,1117.0,1.172101098153509,0.875,3.5753745663460036e-05,3.6348004832462414e+23,151233.87681171388,11,2025-06-01 00:00:00+00:00,0,-28.645844907407408
1748779200000,17,0.7041431487226498,49.13057132494439,84628.94025874525,1.0231306681837182,5.0,0.29411764705882354,0.6229536750273079,11.0,0.6470588235294118,0.0022897620660699072,1.0,0.058823529411764705,,,0.0,,,0.0,0.3466168365403631,0.676513831643355,5.0,5.0,2518.6,1505.0,1.4235051420500493,0.4,4.509758817660261e-05,3.6502715649888524e+23,275822.2986733943,12,2025-06-01 00:00:00+00:00,0,-28.60417824074074
1748782800000,28,0.4487855017181546,67.31669597531965,132713.11463095184,0.5514915927902992,12.0,0.42857142857142855,0.359530696035072,14.0,0.5,0.45733259506686597,2.0,0.07142857142857142,,,0.0,,,0.0,0.13486683926432178,0.41662475352597744,12.0,12.0,2215.0833333333335,1620.0,1.295243690626121,0.5,4.122195488852533e-05,3.706849301825058e+23,416951.68118137115,13,2025-06-01 00:00:00+00:00,0,-28.562511574074072
1748786400000,25,0.8305534707700167,83.64471841085704,153582.05768171992,0.7572253330618882,10.0,0.4,0.8787335826696436,14.0,0.56,0.8893132812565251,1.0,0.04,,,0.0,,,0.0,0.29055266454714335,0.46667266851474487,10.0,10.0,2742.7,1450.5,1.4287217720785408,0.6,6.12834185375038e-05,3.70411682854596e+23,519300.09668997244,14,2025-06-01 00:00:00+00:00,0,-28.520844907407408
1748790000000,13,0.6868453610196928,42.58944165029821,82258.88120104511,0.4538191114278377,2.0,0.15384615384615385,0.9283610464046695,6.0,0.46153846153846156,0.4902370383944631,5.0,0.38461538461538464,,,0.0,,,0.0,0.5236016234178064,-0.06978251198996865,2.0,2.0,918.0,918.0,0.9437568344410421,1.0,4.34032484461484e-05,3.698887769383326e+23,251951.57496806144,15,2025-06-01 00:00:00+00:00,0,-28.47917824074074
1748793600000,33,1.086786432848569,171.79852326058378,299093.7005260564,1.1356896262442546,14.0,0.42424242424242425,1.0661496363299243,17.0,0.5151515151515151,0.23970283277552784,1.0,0.030303030303030304,1.6000508661989699,1.0,0.030303030303030304,,,0.0,0.31187811774643953,0.8238115084978149,14.0,14.0,1081.5,1150.0,0.9966351184629316,0.7142857142857143,7.450618780701872e-05,3.732013187541282e+23,993037.0236445674,16,2025-06-01 00:00:00+00:00,0,-28.437511574074072
1748797200000,13,0.693091266407371,44.42843889547681,80693.78322975263,0.8927175958628507,8.0,0.6153846153846154,0.35908509694908247,3.0,0.23076923076923078,0.39559520277288474,2.0,0.15384615384615385,,,0.0,,,0.0,0.2089435794487603,0.6837740164140904,8.0,8.0,2105.0,1227.0,1.3118310109800464,0.625,4.334077010209265e-05,3.822320242074786e+23,462795.3978688786,17,2025-06-01 00:00:00+00:00,0,-28.395844907407408
1748800800000,37,1.2016505698661197,238.7009524446056,360819.750120452,0.7935134500880133,15.0,0.40540540540540543,1.7445931344235683,17.0,0.4594594594594595,0.5800572097051137,5.0,0.13513513513513514,,,0.0,,,0.0,0.1314407549722939,0.6620726951157193,15.0,15.0,4544.066666666667,1564.0,1.7529441432530375,0.4666666666666667,7.937591178261212e-05,3.705518123212021e+23,907987.3387124384,18,2025-06-01 00:00:00+00:00,0,-28.35417824074074
1748804400000,25,0.6637385886252555,88.64522229060807,164687.85558775734,0.7583101845135968,12.0,0.48,0.5421883782094924,11.0,0.44,0.7648351705819056,2.0,0.08,,,0.0,,,0.0,0.1959052874575583,0.5624048970560384,12.0,12.0,1171.9166666666667,1012.0,1.0370756430732864,0.6666666666666666,5.3554305978699743e-05,3.7980684862455527e+23,629225.3455571246,19,2025-06-01 00:00:00+00:00,0,-28.312511574074072
1748808000000,39,1.2586878923628266,316.72994792411527,378344.3086218975,0.8509569358825341,25.0,0.6410256410256411,0.7524646119683726,11.0,0.28205128205128205,0.2006151145678191,2.0,0.05128205128205128,19.136563444299153,1.0,0.02564102564102564,,,0.0,0.19359427250667405,0.65736266337586,25.0,25.0,3619.92,1225.0,1.4132068548773433,0.56,4.3611139655118205e-05,3.8067363826681165e+23,1372750.483157744,20,2025-06-01 00:00:00+00:00,0,-28.270844907407408
1748811600000,23,1.5166218458076826,234.7042631522538,267409.1137723359,1.1080568944377616,13.0,0.5652173913043478,2.7363015664384207,7.0,0.30434782608695654,0.4411506202722835,3.0,0.13043478260869565,,,0.0,,,0.0,0.2094998672456661,0.8985570271920954,13.0,13.0,9729.23076923077,969.0,2.198766016716109,0.6153846153846154,5.530617511605624e-05,3.852650936485638e+23,1065667.5454696487,21,2025-06-01 00:00:00+00:00,0,-28.22917824074074
1748815200000,31,0.676866165800854,105.25231338334603,191718.28812778648,0.8790212029138366,15.0,0.4838709677419355,0.49305870988707007,12.0,0.3870967741935484,0.47020714436852173,4.0,0.12903225806451613,,,0.0,,,0.0,0.09726712354178572,0.7817540793720509,15.0,15.0,1026.1333333333334,1097.0,0.9413819852794032,0.8666666666666667,6.412186493146566e-05,3.950386296873419e+23,527639.352873624,22,2025-06-01 00:00:00+00:00,0,-28.187511574074072
1748818800000,41,0.5711004921279395,120.19517078721177,227806.0852457284,0.6012838810433062,20.0,0.4878048780487805,0.5811278931242232,15.0,0.36585365853658536,0.44542069325267447,6.0,0.14634146341463414,,,0.0,,,0.0,0.19230942884485447,0.40897445219845174,20.0,20.0,4952.05,1487.5,1.7108289837758146,0.5,4.899629017877394e-05,3.959922936360424e+23,447095.3107263994,23,2025-06-01 00:00:00+00:00,0,-28.145844907407408
1748822400000,30,0.702233735894846,103.8955526926026,189273.77018818073,0.5624843869032241,16.0,0.5333333333333333,0.9158161758647448,11.0,0.36666666666666664,0.664427983960533,3.0,0.1,,,0.0,,,0.0,0.06949437826004201,0.4929900086431821,16.0,16.0,1314.8125,958.0,1.0630792331405907,0.75,5.2197666501980995e-05,3.9396949448982236e+23,506223.74388536974,0,2025-06-02 00:00:00+00:00,0,-28.10417824074074
1748826000000,19,0.5407723638070817,47.51479786661267,82250.82770181,0.6215506684373916,10.0,0.5263157894736842,0.48129596985168016,7.0,0.3684210526315789,0.3450482194994374,2.0,0.10526315789473684,,,0.0,,,0.0,0.15537372420771234,0.46617694422967926,10.0,10.0,3393.0,1752.0,1.628073275180236,0.4,3.052207832547403e-05,3.913842494489866e+23,258349.55084619822,1,2025-06-02 00:00:00+00:00,0,-28.062511574074072
1748829600000,23,0.45466710590665294,70.70925959379406,145350.15933808876,0.628284618328526,9.0,0.391304347826087,0.36928420572453535,13.0,0.5652173913043478,0.0020871964773227017,1.0,0.043478260869565216,,,0.0,,,0.0,0.08515723230937598,0.54312738601915,9.0,9.0,2867.4444444444443,1591.0,1.5134202654503648,0.4444444444444444,4.1996951686804465e-05,3.858761937601726e+23,370196.9332571915,2,2025-06-02 00:00:00+00:00,0,-28.020844907407408
1748833200000,31,1.4585963894114502,379.1672211354058,352432.96503340313,0.5460505376433432,10.0,0.3225806451612903,0.7429581238050481,9.0,0.2903225806451613,0.6599996186464233,11.0,0.3548387096774194,25.809363775965437,1.0,0.03225806451612903,,,0.0,0.1161786848177292,0.429871852825614,10.0,10.0,3486.4,2219.0,1.7025757950665432,0.4,4.9700570382587524e-05,3.689614692458256e+23,832483.9695426489,3,2025-06-02 00:00:00+00:00,0,-27.97917824074074
1748836800000,15,0.6998824332866367,45.79150609711108,83602.62844835389,0.5489318489718719,5.0,0.3333333333333333,0.7557504976740108,9.0,0.6,0.9518227753740937,1.0,0.06666666666666667,,,0.0,,,0.0,0.12315591929879399,0.42577592967307787,5.0,5.0,973.8,1285.0,0.9486359014140842,1.0,3.4836569684538566e-05,3.6839544448059715e+23,257703.90067351193,4,2025-06-02 00:00:00+00:00,0,-27.937511574074072
1748840400000,26,0.5824469356919186,87.28483293785747,164855.45648710645,0.48735203318559606,13.0,0.5,0.7110752490530102,11.0,0.4230769230769231,0.4931080784970109,2.0,0.07692307692307693,,,0.0,,,0.0,0.07845193818241719,0.4089000950031789,13.0,13.0,1203.2307692307693,985.0,1.0006416791677555,0.6923076923076923,5.22618567300689e-05,3.6864616020207076e+23,353301.4053593505,5,2025-06-02 00:00:00+00:00,0,-27.895844907407408
1748844000000,27,0.6433363819019944,90.76482604360335,171694.24685909628,0.5128382137773859,9.0,0.3333333333333333,0.7502669583856458,17.0,0.6296296296296297,9.48013932980385e-08,1.0,0.037037037037037035,,,0.0,,,0.0,0.1039869146799846,0.40885129909740137,9.0,9.0,3320.3333333333335,1227.0,1.3099473763403637,0.6666666666666666,4.717217317600777e-05,3.758400348069671e+23,449274.145461761,6,2025-06-02 00:00:00+00:00,0,-27.85417824074074
1748847600000,19,0.5839489257556907,49.212268844724704,93195.31629564633,0.561644015250928,7.0,0.3684210526315789,0.5969601235501357,12.0,0.631578947368421,,,0.0,,,0.0,,,0.0,0.07587285089467714,0.48577116435625073,7.0,7.0,4666.428571428572,1144.0,1.603311475188048,0.7142857142857143,4.909762511288978e-05,3.865053399070364e+23,306586.0242420647,7,2025-06-02 00:00:00+00:00,0,-27.812511574074072
1748851200000,38,0.9895304206333966,199.4498012066087,295989.9146257873,0.7306945960010726,11.0,0.2894736842105263,1.4137315004219597,20.0,0.5263157894736842,0.1842693456597262,7.0,0.18421052631578946,,,0.0,,,0.0,0.19703692399498982,0.5336576720060826,11.0,11.0,1696.6363636363637,1300.0,1.2364129686726684,0.6363636363636364,6.965870087645757e-05,3.8573562290988055e+23,1323596.0802683192,8,2025-06-02 00:00:00+00:00,0,-27.770844907407408
1748854800000,42,0.7810853493773476,170.85145196197843,305171.92552661,0.5596330703734274,22.0,0.5238095238095238,1.2082111395647464,13.0,0.30952380952380953,0.42478460215397207,6.0,0.14285714285714285,2.2382046983676673,1.0,0.023809523809523808,,,0.0,0.22321175085100278,0.33642131952242454,22.0,22.0,1863.8636363636363,1431.0,1.2726203748847782,0.5909090909090909,8.297295282082486e-05,3.720928101566268e+23,1470751.2257202442,9,2025-06-02 00:00:00+00:00,0,-27.72917824074074
1748858400000,26,0.7413757509537751,97.45171387007635,179739.4942036366,0.7583078245894886,12.0,0.46153846153846156,0.8188608933259803,11.0,0.4230769230769231,0.3895352677128341,3.0,0.11538461538461539,,,0.0,,,0.0,0.359794608633117,0.3985132159563716,12.0,12.0,2116.9166666666665,1239.0,1.3160437638466045,0.6666666666666666,7.439031913312608e-05,3.7221982286001525e+23,483635.48785000446,10,2025-06-02 00:00:00+00:00,0,-27.687511574074072
1748862000000,28,1.059396412046685,147.7619191779788,262590.971215282,1.7371443679764553,9.0,0.32142857142857145,0.6688481904148597,11.0,0.39285714285714285,0.8339337663694534,8.0,0.2857142857142857,,,0.0,,,0.0,0.20834355873492041,1.5288008092415348,9.0,9.0,3845.3333333333335,1852.0,1.7838608041701285,0.2222222222222222,6.823887076600415e-05,3.707915899318401e+23,1029999.961499398,11,2025-06-02 00:00:00+00:00,0,-27.645844907407408
1748865600000,20,0.6571273833673218,61.89860847804156,115958.20805259119,0.9511738923547775,5.0,0.25,0.5444133892411751,11.0,0.55,0.5451256507913862,3.0,0.15,0.7627539715454644,1.0,0.05,,,0.0,0.22167887445279524,0.7294950179019821,5.0,5.0,775.2,849.0,0.8443104307089524,1.0,5.37261340889905e-05,3.677135528899484e+23,461735.19854929665,12,2025-06-02 00:00:00+00:00,0,-27.60417824074074
1748869200000,66,0.8104386850716511,243.9037976776976,439296.2156674493,0.933154810928282,26.0,0.3939393939393939,0.8321043532056914,30.0,0.45454545454545453,0.4263797534422896,10.0,0.15151515151515152,,,0.0,,,0.0,0.26825467400468744,0.6649001369235946,26.0,26.0,1117.3461538461538,952.5,1.0006528529895908,0.7692307692307693,9.113726663964644e-05,3.668911258327554e+23,1318926.334752443,13,2025-06-02 00:00:00+00:00,0,-27.562511574074072
1748872800000,61,0.9686645301811035,264.55467799328164,478741.81358617597,0.7911726543560905,27.0,0.4426229508196721,1.2228207071506165,26.0,0.4262295081967213,0.741692035939605,8.0,0.13114754098360656,,,0.0,,,0.0,0.22055566760429393,0.5706169867517966,27.0,27.0,1909.0740740740741,1186.0,1.2800117996020035,0.6296296296296297,0.00010648966618358188,3.670916746058808e+23,1838996.4722700894,14,2025-06-02 00:00:00+00:00,0,-27.520844907407408
1748876400000,52,0.7938968862057147,193.83561189755707,361785.8220886546,0.859443617423123,24.0,0.46153846153846156,0.7807100743261133,23.0,0.4423076923076923,0.5399319110083222,5.0,0.09615384615384616,,,0.0,,,0.0,0.39148706659812543,0.4679565508249976,24.0,24.0,1419.4583333333333,1140.5,1.0839451139911656,0.7916666666666666,8.692093873741334e-05,3.6948098511758124e+23,857822.3081480266,15,2025-06-02 00:00:00+00:00,0,-27.47917824074074
1748880000000,28,0.7083297730264484,93.77100846398814,174847.79605249368,0.6575150375639335,11.0,0.39285714285714285,0.7495711707357596,14.0,0.5,0.7021906137455501,3.0,0.10714285714285714,,,0.0,,,0.0,0.14696881748413002,0.5105462200798034,11.0,11.0,1503.5454545454545,966.0,1.168208195064141,0.6363636363636364,6.369146715114151e-05,3.6933554259430696e+23,527851.1993276939,16,2025-06-02 00:00:00+00:00,0,-27.437511574074072
1748883600000,39,0.9341580668978361,162.92755090652489,288982.6769613676,0.9463642241595892,24.0,0.6153846153846154,1.0257576764143594,13.0,0.3333333333333333,0.1922867178993969,2.0,0.05128205128205128,,,0.0,,,0.0,0.27387973222381834,0.6724844919357708,24.0,24.0,1444.6666666666667,1392.0,1.16408150441508,0.625,6.0375237538712255e-05,3.710867111567348e+23,537701.0562082684,17,2025-06-02 00:00:00+00:00,0,-27.395844907407408
1748887200000,31,0.7272596318301515,98.86072379101043,178797.36615984133,0.7445234859307228,15.0,0.4838709677419355,0.758154873005757,15.0,0.4838709677419355,0.004873202687498586,1.0,0.03225806451612903,,,0.0,,,0.0,0.16788703828326595,0.5766364476474569,15.0,15.0,1403.6666666666667,1158.0,1.1185790127319997,0.6666666666666666,5.938748506569929e-05,3.7033461732283715e+23,496210.2647368021,18,2025-06-02 00:00:00+00:00,0,-27.35417824074074
1748890800000,52,0.6841992364259993,157.27738883349897,290165.92024800315,0.784287963418981,19.0,0.36538461538461536,0.5765144237649443,20.0,0.38461538461538464,0.5591075013866619,12.0,0.23076923076923078,2.4373104972524917,1.0,0.019230769230769232,,,0.0,0.19249656172314708,0.5917914016958339,19.0,19.0,1534.421052631579,1305.0,1.1565320628633071,0.6842105263157895,5.927018615171718e-05,3.712731974737745e+23,641534.2870263534,19,2025-06-02 00:00:00+00:00,0,-27.312511574074072
1748894400000,38,0.7330165573172012,128.87952970473947,221762.72536845805,0.5434934936045106,23.0,0.6052631578947368,1.070802901553342,14.0,0.3684210526315789,0.3630382034031142,1.0,0.02631578947368421,,,0.0,,,0.0,0.1855146237578735,0.35797886984663707,23.0,23.0,1264.5217391304348,877.0,1.055339822165901,0.782608695652174,6.28727068104639e-05,3.6771594290417024e+23,551764.8783612072,20,2025-06-02 00:00:00+00:00,0,-27.270844907407408
1748898000000,44,0.5172673119945185,122.30294114862954,233407.21745867835,0.4198045753052846,19.0,0.4318181818181818,0.6331185460875168,21.0,0.4772727272727273,0.37199633228013773,4.0,0.09090909090909091,,,0.0,,,0.0,0.11829659478900034,0.30150798051628425,19.0,19.0,1743.3157894736842,1085.0,1.2139707730714009,0.631578947368421,5.547850567832992e-05,3.693808323345504e+23,519210.1456022801,21,2025-06-02 00:00:00+00:00,0,-27.22917824074074
1748901600000,46,0.9261865228503402,205.69974183249735,370385.97944007255,1.201075197916443,24.0,0.5217391304347826,0.609037313054621,13.0,0.2826086956521739,0.6512544701567722,9.0,0.1956521739130435,,,0.0,,,0.0,0.33345862935958676,0.8676165685568561,24.0,24.0,1635.391304347826,1181.0,1.1491707828998696,0.782608695652174,8.344019531349132e-05,3.849218433298457e+23,1071830.625962473,22,2025-06-02 00:00:00+00:00,0,-27.187511574074072
1748905200000,37,0.5845989403072995,99.71716614993164,187124.33334630594,0.7094206237329193,18.0,0.4864864864864865,0.34547341636433415,13.0,0.35135135135135137,0.7282391919068661,6.0,0.16216216216216217,,,0.0,,,0.0,0.125240721244564,0.5841799024883552,18.0,18.0,1091.0,901.0,0.998499281700414,0.7777777777777778,6.16449039703502e-05,3.8614955353819035e+23,707764.377852102,23,2025-06-02 00:00:00+00:00,0,-27.145844907407408
1748908800000,55,0.7102220423458058,175.445972113754,327003.89750458865,0.8526262828439977,20.0,0.36363636363636365,0.7083229583064605,26.0,0.4727272727272727,0.39925441735237627,9.0,0.16363636363636364,,,0.0,,,0.0,0.292714732404613,0.5599115504393848,20.0,20.0,1879.65,1151.5,1.2881518929594127,0.6,7.915295488182155e-05,3.473833896197523e+23,901497.2557368159,0,2025-06-03 00:00:00+00:00,0,-27.10417824074074
1748912400000,22,0.5159004298361745,45.23520810628296,83897.29999433292,0.6035864288802583,10.0,0.45454545454545453,0.4457306699817742,11.0,0.5,0.4109077977937402,1.0,0.045454545454545456,,,0.0,,,0.0,0.31004880515240074,0.2935376237278575,10.0,10.0,3120.6,983.0,1.4201064001253387,0.7,5.509079528505226e-05,3.7046267690997966e+23,360412.4507569342,1,2025-06-03 00:00:00+00:00,0,-27.062511574074072
1748916000000,26,1.1570868247494095,138.37943844474202,246957.9916062159,0.7670417537204219,13.0,0.5,1.5471318957783968,13.0,0.5,,,0.0,,,0.0,,,0.0,0.19705421650217517,0.5699875372182468,13.0,13.0,2465.230769230769,1653.0,1.4569309002766127,0.46153846153846156,5.224929003774378e-05,3.7331066191654376e+23,530450.042613407,2,2025-06-03 00:00:00+00:00,0,-27.020844907407408
1748919600000,32,0.517094949975057,77.241780008267,142430.82311697322,0.7856936149749143,17.0,0.53125,0.36245550519929903,7.0,0.21875,0.08163230102914854,8.0,0.25,,,0.0,,,0.0,0.26352127283312504,0.5221723421417892,17.0,17.0,1291.764705882353,1385.0,1.0967417729530713,0.7647058823529411,6.034218793578986e-05,3.748377150240257e+23,710343.0619361367,3,2025-06-03 00:00:00+00:00,0,-26.97917824074074
1748923200000,6,0.905631087276634,26.353347837097157,46044.31870075055,1.0005924163560505,3.0,0.5,0.8106697581972178,3.0,0.5,,,0.0,,,0.0,,,0.0,0.011230319694378125,0.9893620966616723,3.0,3.0,19603.0,7323.0,3.93328102230886,0.0,3.190205394326312e-05,3.7484437871504004e+23,223056.61497708195,4,2025-06-03 00:00:00+00:00,0,-26.937511574074072
1748926800000,16,0.6279002578896175,50.60270859686824,96496.45065731317,0.6015585364435626,4.0,0.25,0.5930271111395392,9.0,0.5625,0.3413966032284098,2.0,0.125,1.6201327737469562,1.0,0.0625,,,0.0,0.363587009145354,0.2379715272982086,4.0,4.0,1455.0,1055.0,1.164864158354503,0.75,4.3997430806231074e-05,3.7558169499776405e+23,308117.79205024365,5,2025-06-03 00:00:00+00:00,0,-26.895844907407408
1748930400000,14,0.3612405207026369,40.381551345518155,83654.2862515658,0.26778773499647623,5.0,0.35714285714285715,0.5021116376937786,7.0,0.5,0.10182357549904253,2.0,0.14285714285714285,,,0.0,,,0.0,0.19892340042038537,0.06886433457609087,5.0,5.0,10972.6,4672.0,2.807312196004153,0.2,2.9199670950687973e-05,3.7560013963167e+23,232052.4742242893,6,2025-06-03 00:00:00+00:00,0,-26.85417824074074
1748934000000,8,1.050450308916211,33.780044451313984,60632.533035274486,0.818030862341783,4.0,0.5,1.4874137128434484,2.0,0.25,1.0783257981378291,2.0,0.25,,,0.0,,,0.0,0.08400943323550336,0.7340214291062797,4.0,4.0,2434.5,2402.0,1.5252332014532972,0.25,3.507678945998309e-05,3.7560238980340626e+23,112794.58181301094,7,2025-06-03 00:00:00+00:00,0,-26.812511574074072
1748937600000,18,0.8412531990638856,64.681069897868,117112.5647429291,1.1504050283978096,5.0,0.2777777777777778,0.768152236669367,11.0,0.6111111111111112,0.47042891889892846,2.0,0.1111111111111111,,,0.0,,,0.0,0.1403216482537316,1.0100833801440778,5.0,5.0,4856.6,2440.0,1.9191052342621553,0.2,2.6333080442633715e-05,3.6394935022547206e+23,457983.61299863434,8,2025-06-03 00:00:00+00:00,0,-26.770844907407408
1748941200000,7,0.7318254569072025,23.883590710345146,44453.48595964952,0.0009035673270750902,1.0,0.14285714285714285,0.8536457718372237,6.0,0.8571428571428571,,,0.0,,,0.0,,,0.0,0.0009035673270750902,0.0,1.0,1.0,298.0,298.0,0.5458937625582472,1.0,2.2536417037156272e-05,3.7081718961016245e+23,263851.4884408198,9,2025-06-03 00:00:00+00:00,0,-26.72917824074074
1748944800000,10,0.4293879490914242,23.914836138421666,44875.346769097414,0.29631962266519085,7.0,0.7,0.7398807107526354,3.0,0.3,,,0.0,,,0.0,,,0.0,0.1917979584061222,0.10452166425906868,7.0,7.0,2999.285714285714,1549.0,1.6070061052765339,0.2857142857142857,2.5334640211278775e-05,3.756308286297729e+23,148749.85431633925,10,2025-06-03 00:00:00+00:00,0,-26.687511574074072
1748948400000,7,0.3171915469544091,16.284918567548704,38486.682367548536,0.26319192477475706,2.0,0.2857142857142857,0.361078962111132,2.0,0.2857142857142857,0.32393301830302856,3.0,0.42857142857142855,,,0.0,,,0.0,0.2622422184167571,0.0009497063579999576,2.0,2.0,3935.0,3935.0,1.8498519444733657,0.5,2.3621267529831902e-05,3.756466061210065e+23,96499.82437746256,11,2025-06-03 00:00:00+00:00,0,-26.645844907407408
1748952000000,12,0.8483202729472011,53.974064851492386,95682.50062506154,0.979937399563928,9.0,0.75,0.6793496763213325,2.0,0.16666666666666666,0.0017073266483967967,1.0,0.08333333333333333,,,0.0,,,0.0,0.22659865678059482,0.7533387427833333,9.0,9.0,1916.2222222222222,1682.0,1.3206715291664466,0.4444444444444444,3.886738375509168e-05,3.7567668697088634e+23,161171.5465624814,12,2025-06-03 00:00:00+00:00,0,-26.60417824074074
1748955600000,46,0.7602505919484883,165.69420371759006,307161.5593004443,0.8199164230936166,19.0,0.41304347826086957,0.7204768258555053,17.0,0.3695652173913043,0.7145009151308157,10.0,0.21739130434782608,,,0.0,,,0.0,0.22092455230505645,0.5989918707885602,19.0,19.0,1312.1052631578948,1063.0,1.05065247163893,0.5789473684210527,9.462257019288567e-05,3.7582359595416007e+23,1429727.6062960483,13,2025-06-03 00:00:00+00:00,0,-26.562511574074072
1748959200000,81,1.212101048370433,515.8505066839438,800577.5794351064,0.9527480581259736,38.0,0.4691358024691358,1.7385895850220756,32.0,0.3950617283950617,0.5764447262283335,11.0,0.13580246913580246,,,0.0,,,0.0,0.24909193115935818,0.7036561269666154,38.0,38.0,1380.0263157894738,1338.5,1.1073860023928528,0.7105263157894737,0.00010649045375813067,3.7492101026182154e+23,3617086.550022207,14,2025-06-03 00:00:00+00:00,0,-26.520844907407408
1748962800000,68,0.5779921509595836,193.0532152579012,368072.1715612606,0.6175290574248185,26.0,0.38235294117647056,0.5263241992811526,26.0,0.38235294117647056,0.5977050994310272,16.0,0.23529411764705882,,,0.0,,,0.0,0.34190691935430506,0.2756221380705133,26.0,26.0,1431.1538461538462,1242.0,1.1487853565583896,0.6153846153846154,8.56126128029192e-05,3.734727307348419e+23,1060283.08744151,15,2025-06-03 00:00:00+00:00,0,-26.47917824074074
1748966400000,43,0.7297164909860009,154.9018370215438,292535.5319538816,1.0082496505013958,15.0,0.3488372093023256,0.5117071818396497,18.0,0.4186046511627907,0.7043335081763401,10.0,0.23255813953488372,,,0.0,,,0.0,0.4387681176302955,0.5694815328711004,15.0,15.0,1645.3333333333333,1394.0,1.2468909798102343,0.6666666666666666,7.07542154043172e-05,3.73397518519815e+23,814743.5401292624,16,2025-06-03 00:00:00+00:00,0,-26.437511574074072
1748970000000,14,0.7376824500649751,47.088386860852765,90699.51788676505,0.819412944749469,4.0,0.2857142857142857,0.6398385939582241,8.0,0.5714285714285714,0.9655968851229924,2.0,0.14285714285714285,,,0.0,,,0.0,0.5814045321173066,0.23800841263216244,4.0,4.0,804.75,679.5,0.8740990713445658,1.0,5.3482611773300354e-05,3.723208366570918e+23,433790.55884214106,17,2025-06-03 00:00:00+00:00,0,-26.395844907407408
1748973600000,26,1.0272438464749227,124.04645035404216,222406.82325927477,1.0580770325974198,14.0,0.5384615384615384,1.043439049053245,6.0,0.23076923076923078,0.9391045429441068,6.0,0.23076923076923078,,,0.0,,,0.0,0.18405327402858343,0.8740237585688363,14.0,14.0,2912.6428571428573,1248.5,1.472515518521974,0.5,5.912823580005166e-05,3.73965160575601e+23,438396.5992329512,18,2025-06-03 00:00:00+00:00,0,-26.35417824074074
1748977200000,30,0.8863230678042332,114.21995660548842,200316.7827855216,1.227077913870324,16.0,0.5333333333333333,0.3209163225181876,8.0,0.26666666666666666,0.7315191386760517,6.0,0.2,,,0.0,,,0.0,0.2024674166670919,1.0246104972032322,16.0,16.0,1483.1875,1337.5,1.1591005192721084,0.6875,6.071269137368591e-05,3.7302123418179335e+23,432867.96265134134,19,2025-06-03 00:00:00+00:00,0,-26.312511574074072
1748980800000,45,0.7695148360210613,161.66902660711344,288642.8207294037,0.8201644072959274,27.0,0.6,0.7226239766043628,16.0,0.35555555555555557,0.4608724991439538,2.0,0.044444444444444446,,,0.0,,,0.0,0.1862842205140245,0.6338801867819029,27.0,27.0,1467.9259259259259,1059.0,1.0820424799723551,0.8148148148148148,6.762381221476669e-05,3.740906264216373e+23,796910.6972211016,20,2025-06-03 00:00:00+00:00,0,-26.270844907407408
1748984400000,39,0.8007792309381726,145.43476956184136,263606.6614358654,0.5287279032233209,17.0,0.4358974358974359,1.1118409519098635,15.0,0.38461538461538464,0.79491448187776,7.0,0.1794871794871795,,,0.0,,,0.0,0.14121864361851427,0.38750925960480653,17.0,17.0,1059.1176470588234,958.0,0.9977427734355226,0.8235294117647058,7.196763885854942e-05,3.756837753698171e+23,674271.5212546275,21,2025-06-03 00:00:00+00:00,0,-26.22917824074074
1748988000000,37,0.4024236409956739,89.22421132203617,176300.9249271879,0.45582143412463777,19.0,0.5135135135135135,0.3614389481208834,16.0,0.43243243243243246,0.223022149268841,2.0,0.05405405405405406,,,0.0,,,0.0,0.18573947276904812,0.27008196135558965,19.0,19.0,1095.6842105263158,902.0,0.9987592215013376,0.7894736842105263,5.027810277098339e-05,3.754578789842945e+23,376143.524034936,22,2025-06-03 00:00:00+00:00,0,-26.187511574074072
1748991600000,27,0.5276781957960509,72.201719998559,141798.7642745523,0.5821517250873955,12.0,0.4444444444444444,0.4559651278313081,12.0,0.4444444444444444,0.49386431501264194,2.0,0.07407407407407407,0.8021804214436478,1.0,0.037037037037037035,,,0.0,0.20280345144924483,0.37934827363815077,12.0,12.0,8005.333333333333,4772.0,2.4093160280544526,0.3333333333333333,3.42650179071839e-05,3.760254735537569e+23,435986.82211959834,23,2025-06-03 00:00:00+00:00,0,-26.145844907407408
1748995200000,34,0.7231516065858418,117.86828920954841,219374.1409678708,0.7582673026335982,13.0,0.38235294117647056,0.7740224310671994,16.0,0.47058823529411764,0.46906415852133054,5.0,0.14705882352941177,,,0.0,,,0.0,0.1907401226877971,0.5675271799458012,13.0,13.0,4605.076923076923,1662.0,1.7876197422720816,0.46153846153846156,5.5531770424105236e-05,3.758779120530566e+23,428954.91882595717,0,2025-06-04 00:00:00+00:00,0,-26.10417824074074
1748998800000,23,0.4979817251499734,53.975926190733794,101049.3317102995,0.9081545486078246,4.0,0.17391304347826086,0.4289831686088147,17.0,0.7391304347826086,0.2641238088341201,2.0,0.08695652173913043,,,0.0,,,0.0,0.25693400777793574,0.6512205408298888,4.0,4.0,1396.0,1290.5,1.1772710751637536,0.75,5.502594451178212e-05,3.7609545762395816e+23,409420.09241644904,1,2025-06-04 00:00:00+00:00,0,-26.062511574074072
1749002400000,13,0.870155850992239,47.82348424437773,85708.85897168414,2.164137197157583,1.0,0.07692307692307693,0.8313631937611067,11.0,0.8461538461538461,0.00289373436935126,1.0,0.07692307692307693,,,0.0,,,0.0,0.3515839913287343,1.8125532058288485,1.0,1.0,1733.0,1733.0,1.3164345787011218,0.0,3.6175881513945584e-05,3.76127949977551e+23,323528.19450239686,2,2025-06-04 00:00:00+00:00,0,-26.020844907407408
1749006000000,17,0.3891413763674984,35.98805079516198,70808.22322145374,0.43103313847992364,9.0,0.5294117647058824,0.3893729840998842,7.0,0.4117647058823529,0.01049426322897052,1.0,0.058823529411764705,,,0.0,,,0.0,0.22057992972298665,0.210453208756937,9.0,9.0,6075.222222222223,895.0,1.9306136980540538,0.5555555555555556,3.8443563722502154e-05,3.8296156136566405e+23,332022.5298037534,3,2025-06-04 00:00:00+00:00,0,-25.97917824074074
1749009600000,5,1.2252441624903732,27.41797981613374,49291.02990564702,1.78542667699511,2.0,0.4,0.8984344346246775,2.0,0.4,0.7584985892122907,1.0,0.2,,,0.0,,,0.0,0.38575770312577073,1.399668973869339,2.0,2.0,5251.5,5251.5,2.2749680207546503,0.0,2.985254982936784e-05,3.8138012454360387e+23,87173.07451869684,4,2025-06-04 00:00:00+00:00,0,-25.937511574074072
1749013200000,10,0.6602292634992944,26.301720827965003,48288.858289615695,0.47291451202192014,4.0,0.4,0.7336224852155836,5.0,0.5,1.042522160827346,1.0,0.1,,,0.0,,,0.0,0.04811904931762301,0.42479546270429713,4.0,4.0,1908.25,1576.0,1.3579789994286764,0.5,3.190031517412806e-05,3.759859401960524e+23,139955.78138997158,5,2025-06-04 00:00:00+00:00,0,-25.895844907407408
1749016800000,10,0.277343600592621,14.088710932012367,28234.565019700436,0.28487065395211164,1.0,0.1,0.34150066342164986,7.0,0.7,0.09146590296438706,1.0,0.1,,,0.0,0.006594805058162019,1.0,0.1,0.17762533534749092,0.10724531860462072,1.0,1.0,4322.0,4322.0,2.0789420386340742,0.0,2.364235166056411e-05,3.757112593532431e+23,224742.8501697867,6,2025-06-04 00:00:00+00:00,0,-25.85417824074074
1749020400000,8,0.4965366478812449,27.052884757981058,53332.57934458842,0.2571806468678279,3.0,0.375,0.7993714061332913,4.0,0.5,0.003265617913310488,1.0,0.125,,,0.0,,,0.0,0.2568646045421847,0.00031604232564319545,3.0,3.0,1718.3333333333333,1982.0,1.2648834092703778,0.3333333333333333,2.9610385459770747e-05,3.7851843875130124e+23,108175.12362502472,7,2025-06-04 00:00:00+00:00,0,-25.812511574074072
1749024000000,5,0.6839819184599792,15.228917966639099,29052.05931315964,0.3560421204568164,1.0,0.2,0.76596686796077,4.0,0.8,,,0.0,,,0.0,,,0.0,0.3560421204568164,0.0,1.0,1.0,1602.0,1602.0,1.2657013865837392,0.0,3.16504024710825e-05,3.820885087958017e+23,131499.42104102726,8,2025-06-04 00:00:00+00:00,0,-25.770844907407408
1749027600000,22,0.7440234583322479,65.92787323721481,118482.38017273614,0.7734921842501895,8.0,0.36363636363636365,0.9142921126356107,10.0,0.45454545454545453,0.340615243364007,3.0,0.13636363636363635,0.015811752859811075,1.0,0.045454545454545456,,,0.0,0.8053779831102047,-0.03188579886001518,8.0,8.0,1372.25,1350.5,1.159491515636631,0.625,3.7603032824384045e-05,3.825223975349746e+23,371084.4730414635,9,2025-06-04 00:00:00+00:00,0,-25.72917824074074
1749031200000,20,0.6523268583492657,63.73964008145361,119231.90941234074,0.6534782341611542,13.0,0.65,0.4364192732170301,5.0,0.25,1.1846118784025794,2.0,0.1,,,0.0,,,0.0,0.20867293347386615,0.44480530068728813,13.0,13.0,1468.2307692307693,1327.0,1.1730299441568506,0.7692307692307693,4.126167142669453e-05,3.846956930641019e+23,258706.0183526941,10,2025-06-04 00:00:00+00:00,0,-25.687511574074072
1749034800000,17,0.8455827671618563,66.9728966784821,117135.05308610725,0.930577526359615,5.0,0.29411764705882354,0.948315567350787,8.0,0.47058823529411764,0.5338737177867968,4.0,0.23529411764705882,,,0.0,,,0.0,0.07343627777512285,0.857141248584492,5.0,5.0,3452.6,3267.0,1.7469572258409691,0.4,5.614749282562437e-05,3.830244020734261e+23,574264.7175877835,11,2025-06-04 00:00:00+00:00,0,-25.645844907407408
1749038400000,18,0.7659653739827115,58.096288655588125,105834.79986763939,1.24958277176485,8.0,0.4444444444444444,0.3017909160668618,8.0,0.4444444444444444,0.6881936145175559,2.0,0.1111111111111111,,,0.0,,,0.0,0.4415562209315925,0.8080265508332574,8.0,8.0,3121.375,1533.0,1.6139073846179106,0.375,5.664228376169418e-05,3.6475601903876e+23,411869.10521014757,12,2025-06-04 00:00:00+00:00,0,-25.60417824074074
1749042000000,47,0.9379295140936342,201.1558397979165,361750.5239997697,0.847625540181404,30.0,0.6382978723404256,1.2268840168202713,14.0,0.2978723404255319,0.49251490715829666,3.0,0.06382978723404255,,,0.0,,,0.0,0.30573851720124895,0.541887022980155,30.0,30.0,3079.9666666666667,1977.5,1.6024593790794686,0.3333333333333333,7.367649736242646e-05,3.6894551339320614e+23,732493.2352208648,13,2025-06-04 00:00:00+00:00,0,-25.562511574074072
1749045600000,56,0.9831482427468083,236.44468375944246,427801.35279359686,0.9502329540293737,15.0,0.26785714285714285,1.1055782814816577,32.0,0.5714285714285714,0.6027002528852904,9.0,0.16071428571428573,,,0.0,,,0.0,0.28631323348956633,0.6639197205398073,15.0,15.0,1701.8,1563.0,1.2336198274629786,0.4666666666666667,8.139064570580009e-05,3.515171832152393e+23,1372764.861992176,14,2025-06-04 00:00:00+00:00,0,-25.520844907407408
1749049200000,49,0.8455739303735803,180.57985726406523,319355.20279788726,1.0512544908963108,15.0,0.30612244897959184,0.7819122192115379,19.0,0.3877551020408163,0.7205315373227704,15.0,0.30612244897959184,,,0.0,,,0.0,0.11792350570202288,0.933330985194288,15.0,15.0,964.0666666666667,740.0,0.9021613077160489,0.9333333333333333,6.996440963937297e-05,3.7747754616852106e+23,1148510.1818604127,15,2025-06-04 00:00:00+00:00,0,-25.47917824074074
1749052800000,37,0.5494868584304556,86.40629003870316,163748.79040933296,0.6215441110736154,17.0,0.4594594594594595,0.5352095369772971,14.0,0.3783783783783784,0.3786383926655392,6.0,0.16216216216216217,,,0.0,,,0.0,0.2578477485642384,0.36369636250937704,17.0,17.0,2407.6470588235293,1244.0,1.3223525770407933,0.8235294117647058,5.448910744881257e-05,3.7612253214343316e+23,417560.1543634808,16,2025-06-04 00:00:00+00:00,0,-25.437511574074072
1749056400000,23,0.7939804663939433,83.6798460557818,153314.1588585622,0.8554501542897238,14.0,0.6086956521739131,0.8266588333364769,6.0,0.2608695652173913,0.44176518899523254,3.0,0.13043478260869565,,,0.0,,,0.0,0.1131576014046275,0.7422925528850964,14.0,14.0,3203.0714285714284,789.5,1.2911546196343415,0.7142857142857143,4.42640457661665e-05,3.755535374104688e+23,319398.69626187213,17,2025-06-04 00:00:00+00:00,0,-25.395844907407408
1749060000000,32,0.4083411135750352,61.90932012062216,120267.05345360027,0.375477674337221,17.0,0.53125,0.45375474671794247,10.0,0.3125,0.4292495406977891,5.0,0.15625,,,0.0,,,0.0,0.10865383251904927,0.2668238418181717,17.0,17.0,3995.8823529411766,1102.0,1.4597226746772074,0.7647058823529411,4.16084396826754e-05,3.788619266543531e+23,421851.3563235123,18,2025-06-04 00:00:00+00:00,0,-25.35417824074074
1749063600000,21,0.4252176610487745,47.280517770994805,90486.49060897644,0.6838346207379843,9.0,0.42857142857142855,0.23646649658010543,8.0,0.38095238095238093,0.22083183068539058,4.0,0.19047619047619047,,,0.0,,,0.0,0.14867884078321986,0.5351557799547645,9.0,9.0,2347.777777777778,1171.0,1.2913910698957975,0.5555555555555556,5.651429750372344e-05,3.706295944261032e+23,261556.65591936576,19,2025-06-04 00:00:00+00:00,0,-25.312511574074072
1749067200000,35,0.8214636244800261,121.44826419416746,215706.37674683068,1.144257561494028,21.0,0.6,0.3368714547853535,9.0,0.2571428571428571,0.3379949944716286,5.0,0.14285714285714285,,,0.0,,,0.0,0.24242698887178435,0.9018305726222435,21.0,21.0,3370.5714285714284,1585.0,1.5766552870208594,0.42857142857142855,5.824007881621163e-05,3.582708937585972e+23,519948.25515446404,20,2025-06-04 00:00:00+00:00,0,-25.270844907407408
1749070800000,51,0.7249956345926154,180.32880945495407,324298.1486036396,0.8501313864953376,26.0,0.5098039215686274,0.46344282699930117,16.0,0.3137254901960784,0.46635720094904015,8.0,0.1568627450980392,3.725418475763469,1.0,0.0196078431372549,,,0.0,0.2218707566545981,0.6282606298407395,26.0,26.0,1754.1923076923076,1233.0,1.2201369855945539,0.7692307692307693,5.201079148932951e-05,3.628311025967117e+23,691736.1630193387,21,2025-06-04 00:00:00+00:00,0,-25.22917824074074
1749074400000,22,0.7815577958411382,75.3266919930331,137815.63297445723,0.8143392628836769,7.0,0.3181818181818182,0.7971547989044135,11.0,0.5,0.6812984700926883,4.0,0.18181818181818182,,,0.0,,,0.0,0.07750247076134607,0.7368367921223307,7.0,7.0,1333.4285714285713,1382.0,1.1384055791392547,0.5714285714285714,4.9223806720535107e-05,3.6626959661867335e+23,332164.65542062453,22,2025-06-04 00:00:00+00:00,0,-25.187511574074072
1749078000000,10,0.7012665166991104,36.287632591769125,68545.53333444346,0.8556188996726024,6.0,0.6,0.46973794223887244,4.0,0.4,,,0.0,,,0.0,,,0.0,0.033599758500484245,0.8220191411721182,6.0,6.0,1352.5,1298.0,1.1321074566123592,0.5,4.072882812882632e-05,3.5887435187132184e+23,208104.39666501456,23,2025-06-04 00:00:00+00:00,0,-25.145844907407408
1749081600000,22,0.5288336049281133,65.01272023254658,125416.3840720996,0.47566345750660755,10.0,0.45454545454545453,0.5560079212380041,9.0,0.4090909090909091,0.6245444807367927,3.0,0.13636363636363635,,,0.0,,,0.0,0.0854262325970011,0.39023722490960644,10.0,10.0,6602.6,1135.0,1.9112987858059767,0.6,4.5670885443904214e-05,3.6418815166704375e+23,268096.62656544184,0,2025-06-05 00:00:00+00:00,0,-25.10417824074074
1749085200000,23,0.7488118908608304,77.86888694182133,140475.2095517852,0.695720030336332,8.0,0.34782608695652173,0.8391353069561138,13.0,0.5652173913043478,0.3740771283394827,2.0,0.08695652173913043,,,0.0,,,0.0,0.34068897522846353,0.35503105510786837,8.0,8.0,2887.375,946.0,1.345649501212967,0.625,3.316447452404926e-05,3.7568574508727896e+23,480142.83694224356,1,2025-06-05 00:00:00+00:00,0,-25.062511574074072
1749088800000,16,0.6962963069640686,48.127738909305045,88888.58433497408,0.4355142123818644,5.0,0.3125,0.8808174587875183,8.0,0.5,0.6388767264052101,3.0,0.1875,,,0.0,,,0.0,0.10623947877353312,0.32927473360833126,5.0,5.0,1308.6,1220.0,1.11738575163075,0.8,6.0946987243706756e-05,3.760096723642838e+23,402213.81649771536,2,2025-06-05 00:00:00+00:00,0,-25.020844907407408
1749092400000,19,0.5965340152099394,63.87225345247116,122109.25327721007,0.4229443885927591,11.0,0.5789473684210527,0.4689453266507647,5.0,0.2631578947368421,0.6693018958009488,1.0,0.05263157894736842,1.8338647427068633,2.0,0.10526315789473684,,,0.0,0.15542227310236426,0.26752211549039484,11.0,11.0,5462.272727272727,2484.0,2.0558935277438564,0.18181818181818182,3.150403786504081e-05,3.7796158898015254e+23,311381.38361280836,3,2025-06-05 00:00:00+00:00,0,-24.97917824074074
1749096000000,9,0.5066479086797304,24.94444975934912,49452.53634493992,0.3554113066920741,6.0,0.6666666666666666,0.8091211126550429,3.0,0.3333333333333333,,,0.0,,,0.0,,,0.0,0.18923650542605722,0.1661748012660169,6.0,6.0,1939.3333333333333,1254.5,1.3272516264304965,0.5,2.2481964782906374e-05,3.9026352849551123e+23,85509.85174570681,4,2025-06-05 00:00:00+00:00,0,-24.937511574074072
1749099600000,23,0.719493087290487,83.64771031511094,181757.70288468254,0.9404144488733879,8.0,0.34782608695652173,0.6351489109000947,13.0,0.5652173913043478,0.38404478749643356,2.0,0.08695652173913043,,,0.0,,,0.0,0.2583862134525371,0.6820282354208507,8.0,8.0,3944.375,1986.0,1.8559888970258709,0.0,4.8162536032930774e-05,3.7501615524766985e+23,430215.8374841744,5,2025-06-05 00:00:00+00:00,0,-24.895844907407408
1749103200000,17,0.8879334182396703,61.29619340301562,107928.19050675389,0.889136452632837,8.0,0.47058823529411764,1.277669200264846,5.0,0.29411764705882354,0.460010828490051,3.0,0.17647058823529413,0.21339800221731753,1.0,0.058823529411764705,,,0.0,0.23336599563370408,0.655770456999133,8.0,8.0,6313.5,3160.0,2.257896833544256,0.125,4.5086948536332184e-05,3.599682254023587e+23,477217.21337907034,6,2025-06-05 00:00:00+00:00,0,-24.85417824074074
1749106800000,6,1.1453437132114042,32.163795546285876,54006.2914535192,1.576680916032529,4.0,0.6666666666666666,0.23312370368511626,1.0,0.16666666666666666,0.3322149114531924,1.0,0.16666666666666666,,,0.0,,,0.0,0.5501620696049581,1.026518846427571,4.0,4.0,4979.0,3153.0,2.0566051060183463,0.0,3.140224565222775e-05,3.721339099958179e+23,114786.84521240975,7,2025-06-05 00:00:00+00:00,0,-24.812511574074072
1749110400000,17,0.5178628866657612,38.45894395782304,74466.63622728255,0.5411588839425638,9.0,0.5294117647058824,0.5217550740277453,6.0,0.35294117647058826,0.4013543368341964,2.0,0.11764705882352941,,,0.0,,,0.0,0.260025619779032,0.28113326416353185,9.0,9.0,1185.111111111111,1204.0,1.0196732746701438,0.7777777777777778,4.0687384373557524e-05,3.725279651788491e+23,222981.89633253755,8,2025-06-05 00:00:00+00:00,0,-24.770844907407408
1749114000000,21,0.3420320621325575,34.81469597559964,63568.04689940531,0.6477586312117126,7.0,0.3333333333333333,0.13346471213538258,10.0,0.47619047619047616,0.2842481553483366,3.0,0.14285714285714285,0.46097129890288346,1.0,0.047619047619047616,,,0.0,0.17697696532061677,0.4707816658910957,7.0,7.0,1012.5714285714286,1061.0,0.9620960143482696,0.7142857142857143,2.852681950341545e-05,3.7403360501104795e+23,236646.23680840203,9,2025-06-05 00:00:00+00:00,0,-24.72917824074074
1749117600000,24,0.5912197682988125,67.30187454790934,121661.55608412069,1.0379056978220425,11.0,0.4583333333333333,0.07311239623192678,8.0,0.3333333333333333,0.43748251865472365,5.0,0.20833333333333334,,,0.0,,,0.0,0.16884372531147618,0.8690619725105663,11.0,11.0,1295.8181818181818,1385.0,1.1314178263833305,0.7272727272727273,3.5358790251950184e-05,3.725600531651527e+23,918862.9426839711,10,2025-06-05 00:00:00+00:00,0,-24.687511574074072
1749121200000,13,0.5492950072309434,29.174258860347713,55556.64509302231,0.6044190984191887,8.0,0.6153846153846154,0.5004598534061365,4.0,0.3076923076923077,0.3036428930242073,1.0,0.07692307692307693,,,0.0,,,0.0,0.3899249545272253,0.21449414389196342,8.0,8.0,925.75,957.5,0.9487769854973211,1.0,2.7730756910439992e-05,3.7316830821060044e+23,144946.1403151801,11,2025-06-05 00:00:00+00:00,0,-24.645844907407408
1749124800000,50,1.077772911291257,263.66698384591353,442164.38574939535,1.208844610986071,22.0,0.44,1.3409543414906875,19.0,0.38,0.19941022029665734,8.0,0.16,0.2206498721729665,1.0,0.02,,,0.0,0.3648870851233628,0.8439575258627081,22.0,22.0,1321.3636363636363,999.5,1.0937840588534735,0.6363636363636364,7.64274609380122e-05,3.876509432803294e+23,1683752.170481149,12,2025-06-05 00:00:00+00:00,0,-24.60417824074074
1749128400000,67,0.7901460003748859,247.36596079074297,434834.1943546314,0.6713600548521924,28.0,0.417910447761194,0.9423569643501483,25.0,0.373134328358209,0.6079938715472352,13.0,0.19402985074626866,2.6788560503882053,1.0,0.014925373134328358,,,0.0,0.28200771022208865,0.38935234463010376,28.0,28.0,2038.7142857142858,1110.0,1.2741127407837174,0.6428571428571429,0.00010006938622825673,3.759762215306328e+23,1936460.7124035645,13,2025-06-05 00:00:00+00:00,0,-24.562511574074072
1749132000000,93,0.8459581956651399,377.80469005785,688566.184197431,0.6028899232299814,31.0,0.3333333333333333,1.0995764825514154,43.0,0.46236559139784944,0.6685650435272487,19.0,0.20430107526881722,,,0.0,,,0.0,0.16872240122992924,0.43416752200005215,31.0,31.0,1466.2903225806451,1425.0,1.1617446057205953,0.5806451612903226,0.00011365045392801793,3.474240558231971e+23,1817755.7745189322,14,2025-06-05 00:00:00+00:00,0,-24.520844907407408
1749135600000,49,0.6445741928260983,152.7477799470335,272451.3253481464,0.3578157355298194,16.0,0.32653061224489793,0.8361995476968345,28.0,0.5714285714285714,0.48909926889806765,5.0,0.10204081632653061,,,0.0,,,0.0,0.16614917162344633,0.19166656390637304,16.0,16.0,2147.125,1313.0,1.285426085850366,0.625,7.393183873181864e-05,3.6694015411763917e+23,871257.3437458224,15,2025-06-05 00:00:00+00:00,0,-24.47917824074074
1749139200000,74,1.0239025721963217,345.646032440895,602611.3112731655,1.1727562455808054,34.0,0.4594594594594595,0.969457169052522,27.0,0.36486486486486486,0.802835852404912,12.0,0.16216216216216217,0.08570419950338237,1.0,0.013513513513513514,,,0.0,0.1762079239414017,0.9965483216394037,34.0,34.0,1488.9705882352941,1243.0,1.1654551189498057,0.6764705882352942,9.604916326634339e-05,3.270759485089763e+23,1510949.9921106743,16,2025-06-05 00:00:00+00:00,0,-24.437511574074072
1749142800000,74,0.6597960590727954,192.2666585113276,360341.8471489799,0.7830276866893334,32.0,0.43243243243243246,0.4894459211051881,27.0,0.36486486486486486,0.7035321684992071,15.0,0.20270270270270271,,,0.0,,,0.0,0.19844441127043078,0.5845832754189026,32.0,32.0,1362.5,1315.0,1.130580497559442,0.65625,8.655575412810102e-05,3.2042631579828986e+23,1214198.9906718552,17,2025-06-05 00:00:00+00:00,0,-24.395844907407408
1749146400000,90,0.7634168507398763,284.67091312921315,528569.4381511511,0.818296189843496,29.0,0.32222222222222224,0.7640945932185951,45.0,0.5,0.662041897893169,16.0,0.17777777777777778,,,0.0,,,0.0,0.28851329948716525,0.5297828903563305,29.0,29.0,1034.9655172413793,940.0,0.9683779187394341,0.7931034482758621,0.00011372654227531504,3.314684234156004e+23,2656337.1516487007,18,2025-06-05 00:00:00+00:00,0,-24.35417824074074
1749150000000,100,1.063495734665525,426.3264441608545,818699.1694013079,0.9959869451948911,57.0,0.57,1.207733342046075,28.0,0.28,1.0507856008769065,15.0,0.15,,,0.0,,,0.0,0.2696664185720681,0.726320526622823,57.0,57.0,1651.9122807017543,1355.0,1.2057823484396524,0.6491228070175439,0.00012752884385007387,3.179415055631701e+23,2904367.180376782,19,2025-06-05 00:00:00+00:00,0,-24.312511574074072
1749153600000,171,2.3393353287600305,1687.1955691971748,2318318.3615199574,1.0660279065770466,60.0,0.3508771929824561,3.413117045741811,80.0,0.4678362573099415,1.1882716280413863,25.0,0.14619883040935672,5.551418743827146,6.0,0.03508771929824561,,,0.0,0.27660970867410695,0.7894181979029395,60.0,60.0,1287.4833333333333,1122.5,1.0896424160474807,0.7333333333333333,0.00020288857120552483,3.00743101964163e+23,12609077.032436656,20,2025-06-05 00:00:00+00:00,0,-24.270844907407408
1749157200000,130,1.0300797991127761,538.7172155934059,975067.7764458284,1.0400518586129277,49.0,0.3769230769230769,1.0042852119752543,46.0,0.35384615384615387,1.0586414236028538,34.0,0.26153846153846155,0.7569046592687022,1.0,0.007692307692307693,,,0.0,0.29438905675714677,0.7456628018557808,49.0,49.0,1115.938775510204,1008.0,1.020201672344934,0.7959183673469388,0.00017430635090059753,3.2490598759921296e+23,4054074.3948114887,21,2025-06-05 00:00:00+00:00,0,-24.22917824074074
1749160800000,74,0.8475974672282998,268.78314425768633,478943.0258996735,0.9603728225934128,27.0,0.36486486486486486,0.8351926792802692,33.0,0.44594594594594594,0.6593419963302248,14.0,0.1891891891891892,,,0.0,,,0.0,0.2667497274459127,0.6936230951475002,27.0,27.0,1104.8148148148148,1064.0,1.0052498567694117,0.8148148148148148,8.439009042517685e-05,3.487788036746545e+23,1404366.7542238424,22,2025-06-05 00:00:00+00:00,0,-24.187511574074072
1749164400000,44,0.8144885841364528,144.8311726763581,260489.85784665827,1.0616949823573478,19.0,0.4318181818181818,0.710265283828199,14.0,0.3181818181818182,0.5201435512381385,11.0,0.25,,,0.0,,,0.0,0.20908081087459585,0.8526141714827521,19.0,19.0,2022.4736842105262,1182.0,1.221441784841994,0.8421052631578947,6.537692969392608e-05,3.650079155912302e+23,712488.4683525097,23,2025-06-05 00:00:00+00:00,0,-24.145844907407408
1749168000000,55,0.7755407259761208,199.03662540912273,370426.11271237023,0.9512118504220658,23.0,0.41818181818181815,0.6660699579958378,23.0,0.41818181818181815,0.60636203723054,9.0,0.16363636363636364,,,0.0,,,0.0,0.19927055457790263,0.7519412958441631,23.0,23.0,2363.8260869565215,1506.0,1.3893933415542647,0.4782608695652174,7.451094203295516e-05,3.780569286896952e+23,1111156.0005405983,0,2025-06-06 00:00:00+00:00,0,-24.10417824074074
1749171600000,31,0.5889859335491658,93.13798724313673,175508.7044911754,0.6132502513897167,14.0,0.45161290322580644,0.5081975552977631,12.0,0.3870967741935484,0.7149379513989905,5.0,0.16129032258064516,,,0.0,,,0.0,0.21753953938909798,0.3957107120006187,14.0,14.0,3467.5,1839.5,1.5174963037280347,0.42857142857142855,5.230364983431227e-05,3.9133791104908873e+23,528422.628698098,1,2025-06-06 00:00:00+00:00,0,-24.062511574074072
1749175200000,25,1.1223074231211425,116.9727758846055,205250.12006982128,1.015110919606665,9.0,0.36,1.208383409201696,14.0,0.56,1.0021597863724185,2.0,0.08,,,0.0,,,0.0,0.12246974509553442,0.8926411745111305,9.0,9.0,8248.0,2378.0,2.442431143287975,0.1111111111111111,5.53515270906043e-05,3.936142505772586e+23,490746.9529543252,2,2025-06-06 00:00:00+00:00,0,-24.020844907407408
1749178800000,27,0.5919683017217017,74.56452153256943,184533.9438420224,0.5939464462668125,11.0,0.4074074074074074,0.614885596722305,13.0,0.48148148148148145,0.4854068267203477,3.0,0.1111111111111111,,,0.0,,,0.0,0.2820375536508846,0.31190889261592775,11.0,11.0,4686.0,1591.0,1.7754287793912127,0.45454545454545453,4.072718716937371e-05,3.9218997443714444e+23,560862.5332745408,3,2025-06-06 00:00:00+00:00,0,-23.97917824074074
1749182400000,39,0.4778329338280918,80.34134363695331,153138.44087035322,0.5650746387176929,15.0,0.38461538461538464,0.417883889170083,15.0,0.38461538461538464,0.43234516677543794,9.0,0.23076923076923078,,,0.0,,,0.0,0.23600209125674165,0.32907254746095127,15.0,15.0,4608.571428571428,1006.0,1.5574737772085512,0.8571428571428571,5.375366984853921e-05,3.595880045931399e+23,442599.4171879737,4,2025-06-06 00:00:00+00:00,0,-23.937511574074072
1749186000000,49,1.7076585478775819,330.8216506541719,520547.89551196335,0.6250004677424469,8.0,0.16326530612244897,2.0662559701649523,26.0,0.5306122448979592,0.13811264703104922,3.0,0.061224489795918366,2.0448559948900016,12.0,0.24489795918367346,,,0.0,0.1548817864439932,0.4701186812984537,8.0,8.0,3372.75,1766.5,1.5920933244695992,0.5,4.021827813049585e-05,3.378349943963864e+23,2119393.8882102193,5,2025-06-06 00:00:00+00:00,0,-23.895844907407408
1749189600000,49,2.7108400013961065,771.6698089529158,821464.5166924656,0.4385436717318136,23.0,0.46938775510204084,5.201685857151058,22.0,0.4489795918367347,0.5463400293942476,1.0,0.02040816326530612,2.5870755772866616,3.0,0.061224489795918366,,,0.0,0.14838483816079528,0.2901588335710183,23.0,23.0,3044.2608695652175,1640.0,1.5577902626443287,0.4782608695652174,4.841120325736823e-05,3.3787750232600534e+23,7010234.293038643,6,2025-06-06 00:00:00+00:00,0,-23.85417824074074
1749193200000,28,0.4089635159397321,66.05172797987018,130896.10900277637,0.35373462685335855,13.0,0.4642857142857143,0.4552223293133361,12.0,0.42857142857142855,0.46325344848626776,3.0,0.10714285714285714,,,0.0,,,0.0,0.22940005169366579,0.12433457515969283,13.0,13.0,1474.076923076923,1193.0,1.076617212627864,0.5384615384615384,4.063880207128545e-05,3.469949322839457e+23,398669.1863432266,7,2025-06-06 00:00:00+00:00,0,-23.812511574074072
1749196800000,34,0.6796480747631707,110.36287741075516,208250.47639027008,0.646102361210037,25.0,0.7352941176470589,0.8669826543973624,8.0,0.23529411764705882,0.01961427651798065,1.0,0.029411764705882353,,,0.0,,,0.0,0.10734243660575504,0.5387599246042818,25.0,25.0,1329.72,1063.0,1.1054687679825044,0.56,3.826402412166637e-05,3.465620138666416e+23,388707.97948480654,8,2025-06-06 00:00:00+00:00,0,-23.770844907407408
1749200400000,18,0.7709217082298048,69.58107613544279,124440.11199750044,0.7049063668306803,9.0,0.5,0.8558599845660864,8.0,0.4444444444444444,,,0.0,0.6855535701316738,1.0,0.05555555555555555,,,0.0,0.06719843970573583,0.6377079271249444,9.0,9.0,2149.0,920.0,1.2960170999903595,0.5555555555555556,3.723949037763444e-05,3.4619562960042654e+23,351504.67317596526,9,2025-06-06 00:00:00+00:00,0,-23.72917824074074
1749204000000,11,0.6713619903301572,36.208519569416055,67879.42074242559,0.9112691475641613,6.0,0.5454545454545454,0.3834734016493523,5.0,0.45454545454545453,,,0.0,,,0.0,,,0.0,0.12816583431071235,0.783103313253449,6.0,6.0,1694.1666666666667,1424.0,1.251892831325047,0.5,3.344427432362087e-05,3.462069598266713e+23,170555.8405747848,10,2025-06-06 00:00:00+00:00,0,-23.687511574074072
1749207600000,28,0.5768982046132596,80.27041173883264,155125.55475924816,0.5159926205364805,20.0,0.7142857142857143,0.729162164805207,8.0,0.2857142857142857,,,0.0,,,0.0,,,0.0,0.18247340977800997,0.3335192107584706,20.0,20.0,5551.85,2380.5,2.007247842585201,0.4,4.522027263802691e-05,3.4723348551867674e+23,322236.95112820924,11,2025-06-06 00:00:00+00:00,0,-23.645844907407408
1749211200000,51,0.9460695257485203,228.17215772996812,421817.3790935365,0.8320820406393679,21.0,0.4117647058823529,1.091637660596737,22.0,0.43137254901960786,0.8449743033274492,8.0,0.1568627450980392,,,0.0,,,0.0,0.5803854477436726,0.2516965928956952,21.0,21.0,1569.1904761904761,1180.0,1.1491335575975785,0.7142857142857143,9.362087581458091e-05,3.490889056390661e+23,1369150.8187631406,12,2025-06-06 00:00:00+00:00,0,-23.60417824074074
1749214800000,56,0.7793755163801759,205.72031679615918,349884.10270726046,0.9238856679165782,21.0,0.375,0.7194314125941225,27.0,0.48214285714285715,0.6023477188750502,8.0,0.14285714285714285,,,0.0,,,0.0,0.22027600497518404,0.7036096629413942,21.0,21.0,1225.3809523809523,1249.0,1.0930586585242055,0.8095238095238095,8.375714521252215e-05,3.5190472252027405e+23,1093652.6569627274,13,2025-06-06 00:00:00+00:00,0,-23.562511574074072
1749218400000,47,0.708325999982625,162.70217094969007,309782.60861634574,0.611384295908486,18.0,0.3829787234042553,0.9119789704438762,20.0,0.425531914893617,0.4496472515503441,9.0,0.19148936170212766,,,0.0,,,0.0,0.20037884878168613,0.41100544712679987,18.0,18.0,1748.1666666666667,1527.5,1.2544120638808982,0.5,9.229701360453692e-05,3.447435717285025e+23,1415049.1524743228,14,2025-06-06 00:00:00+00:00,0,-23.520844907407408
1749222000000,91,1.0157686417106426,407.42716154439864,728145.7350301034,0.9509566898834266,51.0,0.5604395604395604,1.26159235487065,32.0,0.3516483516483517,0.4456499819691139,8.0,0.08791208791208792,,,0.0,,,0.0,0.21933822298892935,0.7316184668944973,51.0,51.0,1986.3529411764705,1293.0,1.2485202630128982,0.6274509803921569,0.00010539638247219402,3.410175772362027e+23,1587145.9949363996,15,2025-06-06 00:00:00+00:00,0,-23.47917824074074
1749225600000,52,0.6415044006903721,188.9344940455345,401093.8973741418,0.5992016657049197,32.0,0.6153846153846154,0.7239206685966852,16.0,0.3076923076923077,0.6502612089487368,4.0,0.07692307692307693,,,0.0,,,0.0,0.7554089194472579,-0.15620725374233813,32.0,32.0,2060.8125,1245.5,1.2723454775828458,0.71875,6.240553579405802e-05,3.7228134341865544e+23,783612.015901985,16,2025-06-06 00:00:00+00:00,0,-23.437511574074072
1749229200000,62,0.6178613174990807,184.27174872169266,350395.21702758106,0.67936541394231,34.0,0.5483870967741935,0.6140840807643064,17.0,0.27419354838709675,0.43359529435556826,11.0,0.1774193548387097,,,0.0,,,0.0,0.30566274912455826,0.3737026648177518,34.0,34.0,1692.235294117647,1165.5,1.1918641685755447,0.7058823529411765,6.942864217405054e-05,3.7021602920640234e+23,964035.8075576545,17,2025-06-06 00:00:00+00:00,0,-23.395844907407408
1749232800000,40,0.5421163426097318,107.49882135687847,199639.77506280606,0.6741298211638723,23.0,0.575,0.3345198002570832,15.0,0.375,0.5809354068819815,2.0,0.05,,,0.0,,,0.0,0.20786347518451337,0.4662663459793589,23.0,23.0,1670.0434782608695,1216.0,1.1948289893116002,0.6521739130434783,4.600873077082979e-05,3.710635912473255e+23,660887.8388010284,18,2025-06-06 00:00:00+00:00,0,-23.35417824074074
1749236400000,39,0.6293505470763103,132.35232236361233,276837.9025934422,0.6923047963220821,24.0,0.6153846153846154,0.5732490903225396,11.0,0.28205128205128205,0.4059040576745486,4.0,0.10256410256410256,,,0.0,,,0.0,0.2108564517025038,0.4814483446195783,24.0,24.0,2693.7083333333335,1200.0,1.3067325796659057,0.7083333333333334,6.302494709581608e-05,3.811539290920749e+23,572556.2091778545,19,2025-06-06 00:00:00+00:00,0,-23.312511574074072
1749240000000,28,0.7145019106444712,89.27480161228675,163351.82134972932,0.8843167831422614,18.0,0.6428571428571429,0.5170309838470376,7.0,0.25,0.15637817151840896,3.0,0.10714285714285714,,,0.0,,,0.0,0.19693291020621256,0.6873838729360489,18.0,18.0,1869.0555555555557,1236.5,1.2512079273740848,0.6666666666666666,5.327008172533923e-05,3.8003906210462396e+23,346696.6837113549,20,2025-06-06 00:00:00+00:00,0,-23.270844907407408
1749243600000,17,0.5776272873168695,39.96724358809849,74663.15299086735,0.7530867459108791,8.0,0.47058823529411764,0.21677334791181826,5.0,0.29411764705882354,0.6777757943851648,4.0,0.23529411764705882,,,0.0,,,0.0,0.16224286322128345,0.5908438826895956,8.0,8.0,2075.25,1326.5,1.3270620268691573,0.75,4.070800280897567e-05,3.757233852400612e+23,575024.4175935308,21,2025-06-06 00:00:00+00:00,0,-23.22917824074074
1749247200000,17,0.44952767811066857,48.49739816339069,95167.87717546207,0.18003869632244196,6.0,0.35294117647058826,0.5598513550397005,7.0,0.4117647058823529,0.6606947161672027,4.0,0.23529411764705882,,,0.0,,,0.0,0.15003255537826987,0.03000614094417209,6.0,6.0,3369.5,1172.0,1.415805970341536,0.6666666666666666,2.7951014437674662e-05,3.948559485561669e+23,229662.7674353494,22,2025-06-06 00:00:00+00:00,0,-23.187511574074072
1749250800000,9,0.5364877066622753,27.739947968768774,53182.36301782815,0.07834274607765745,1.0,0.1111111111111111,0.6886910618153541,6.0,0.6666666666666666,0.3089501214953482,2.0,0.2222222222222222,,,0.0,,,0.0,0.07738467790508341,0.0009580681725740448,1.0,1.0,2985.0,2985.0,1.7277152543170995,0.0,2.8579908663508618e-05,3.998226362835884e+23,170879.68323264093,23,2025-06-06 00:00:00+00:00,0,-23.145844907407408
1749254400000,36,0.7430858096758136,128.0579655898173,231717.99825779977,0.7236472226736556,20.0,0.5555555555555556,0.827621840927512,13.0,0.3611111111111111,0.506353587599507,3.0,0.08333333333333333,,,0.0,,,0.0,0.20294260339848594,0.5207046192751696,20.0,20.0,2048.0,1279.0,1.2120764093880603,0.8421052631578947,4.985435398094185e-05,3.8591844449728025e+23,543784.9133588985,0,2025-06-07 00:00:00+00:00,0,-23.10417824074074
1749258000000,26,0.487139047186545,64.2979619585655,124840.08269321127,0.3978961835162338,9.0,0.34615384615384615,0.5908092448562577,12.0,0.46153846153846156,0.3989677273857949,5.0,0.19230769230769232,,,0.0,,,0.0,0.23281100590251066,0.1650851776137231,9.0,9.0,4278.333333333333,985.0,1.50050045739134,0.6666666666666666,4.499395497094056e-05,3.7177410200443386e+23,297209.76776637696,1,2025-06-07 00:00:00+00:00,0,-23.062511574074072
1749261600000,13,0.6596381523542884,42.87621102650671,77146.1077767252,1.0063993120679227,6.0,0.46153846153846156,0.31032706623450285,6.0,0.46153846153846156,0.6749377107911946,1.0,0.07692307692307693,,,0.0,,,0.0,0.21874691803684645,0.7876523940310761,6.0,6.0,3153.6666666666665,1809.5,1.6689537972683655,0.3333333333333333,2.796417873089545e-05,3.7355288860901705e+23,148416.9582144178,2,2025-06-07 00:00:00+00:00,0,-23.020844907407408
1749265200000,22,1.1068524998307938,120.41508756701035,201136.6646291992,0.8818079223270476,13.0,0.5909090909090909,1.4238767323301915,8.0,0.36363636363636365,1.4962381473843145,1.0,0.045454545454545456,,,0.0,,,0.0,0.30434035531136283,0.5774675670156847,13.0,13.0,1175.6153846153845,986.0,1.0342465736609177,0.8461538461538461,5.0843942415151276e-05,3.786359715099615e+23,314838.69355119,3,2025-06-07 00:00:00+00:00,0,-22.97917824074074
1749268800000,15,0.4473704165071504,34.68807760153333,67293.20995597457,0.30692124931471837,6.0,0.4,0.5410031946354384,9.0,0.6,,,0.0,,,0.0,,,0.0,0.2685390459805691,0.03838220333414929,6.0,6.0,8039.0,1768.5,2.158047503810432,0.5,2.14387840127069e-05,3.79723430981529e+23,148646.59695113808,4,2025-06-07 00:00:00+00:00,0,-22.937511574074072
1749272400000,8,0.7438890354474802,45.6212715338961,79756.72320915623,0.14061819525716637,6.0,0.75,2.5537015560184217,2.0,0.25,,,0.0,,,0.0,,,0.0,0.034187805259363865,0.10643038999780252,6.0,6.0,585.3333333333334,644.0,0.7021204149969343,1.0,2.59362161231801e-05,3.806754605294793e+23,104847.28195410177,5,2025-06-07 00:00:00+00:00,0,-22.895844907407408
1749276000000,23,0.7399341655294883,84.11346693855702,154041.44109996926,0.8344615738296448,9.0,0.391304347826087,0.7598238532962188,11.0,0.4782608695652174,0.38342308548434006,3.0,0.13043478260869565,,,0.0,,,0.0,0.0931432977759556,0.7413182760536893,9.0,9.0,3409.777777777778,2627.0,1.70761987495235,0.3333333333333333,4.353855706971133e-05,3.781675994259578e+23,550055.986389173,6,2025-06-07 00:00:00+00:00,0,-22.85417824074074
1749279600000,31,0.6471975031851188,94.58653454855202,175518.57949597656,0.6238427072220385,11.0,0.3548387096774194,0.6701631737642032,16.0,0.5161290322580645,0.7861296642243892,3.0,0.0967741935483871,0.11985304639583905,1.0,0.03225806451612903,,,0.0,0.3985794655370627,0.22526324168497586,11.0,11.0,2024.3636363636363,1174.0,1.2495404907537688,0.6363636363636364,4.597662777070321e-05,3.8325310230214004e+23,554983.9603325946,7,2025-06-07 00:00:00+00:00,0,-22.812511574074072
1749283200000,10,0.8641365062284123,45.06499262846628,86178.67373350446,0.700762889862728,3.0,0.3,0.934153770385134,7.0,0.7,,,0.0,,,0.0,,,0.0,0.5839419979149726,0.11682089194775536,3.0,3.0,1608.0,2081.0,1.2223573789017677,0.3333333333333333,2.992697646018265e-05,3.8154424540279246e+23,369496.0630679594,8,2025-06-07 00:00:00+00:00,0,-22.770844907407408
1749286800000,14,0.34389779680352206,23.880215349657668,45972.057596236635,0.27222629244272756,5.0,0.35714285714285715,0.5246478113839536,5.0,0.35714285714285715,0.20754965902897593,4.0,0.2857142857142857,,,0.0,,,0.0,0.22439043921329996,0.04783585322942763,5.0,5.0,950.8,879.0,0.9465136021152029,0.8,2.0650243553573685e-05,3.809494398418996e+23,133616.37705198766,9,2025-06-07 00:00:00+00:00,0,-22.72917824074074
1749290400000,35,0.49090189006123136,97.08953412363799,187366.6244379366,0.5314749534762303,23.0,0.6571428571428571,0.3929396871628861,9.0,0.2571428571428571,0.4737283459079428,3.0,0.08571428571428572,,,0.0,,,0.0,0.30242909241688787,0.22904586105934238,23.0,23.0,1770.5652173913043,1115.0,1.1204507862434177,0.7391304347826086,4.901212435010616e-05,3.8213727538643524e+23,378065.8070961796,10,2025-06-07 00:00:00+00:00,0,-22.687511574074072
1749294000000,12,0.8317921653091204,52.12051904372157,97252.1910777499,0.8516817073970906,7.0,0.5833333333333334,0.7352001573601762,4.0,0.3333333333333333,1.0789334024891062,1.0,0.08333333333333333,,,0.0,,,0.0,0.13742162220268525,0.7142600851944054,7.0,7.0,1028.857142857143,809.0,0.9930437708239876,0.8571428571428571,3.4033026182715024e-05,3.788353776237344e+23,238426.56191353966,11,2025-06-07 00:00:00+00:00,0,-22.645844907407408
1749297600000,16,1.0499407992802012,82.77601170753452,135410.4330486352,0.4409232005014906,1.0,0.0625,1.5253935144943265,10.0,0.625,0.22083888860769277,5.0,0.3125,,,0.0,,,0.0,0.22666848968400533,0.21425471081748526,1.0,1.0,502.0,502.0,0.708519583356734,1.0,4.938288203641257e-05,3.734706127082724e+23,458566.7678831684,12,2025-06-07 00:00:00+00:00,0,-22.60417824074074
1749301200000,34,0.4825999939077466,79.06619035882366,151574.12087350152,0.6852811174815749,13.0,0.38235294117647056,0.2934773116554994,17.0,0.5,0.6276577418648553,4.0,0.11764705882352941,,,0.0,,,0.0,0.17160891556648425,0.5136722019150907,13.0,13.0,1284.7692307692307,797.0,1.0509995869534974,0.6923076923076923,4.842141023444248e-05,3.71794153980657e+23,1141154.4473076507,13,2025-06-07 00:00:00+00:00,0,-22.562511574074072
1749304800000,23,0.4550730550724332,42.91751949937866,80233.50476135907,0.3127821531337992,5.0,0.21739130434782608,0.39291171172633965,11.0,0.4782608695652174,0.6543915245724614,7.0,0.30434782608695654,,,0.0,,,0.0,0.12908920539589797,0.18369294773790124,5.0,5.0,1281.8,1367.0,1.1066655145090878,0.6,5.289936293808622e-05,3.722982110062808e+23,315833.3053531345,14,2025-06-07 00:00:00+00:00,0,-22.520844907407408
1749308400000,12,0.7459386422170633,41.113159639122934,74252.27164600036,0.8180321595913131,2.0,0.16666666666666666,0.7032723276770336,8.0,0.6666666666666666,0.8445103830029321,2.0,0.16666666666666666,,,0.0,,,0.0,0.023737690894036663,0.7942944686972764,2.0,2.0,1562.0,1562.0,1.2484687005543957,0.5,4.46845018069074e-05,3.711237267013645e+23,300984.7708073675,15,2025-06-07 00:00:00+00:00,0,-22.47917824074074
1749312000000,15,0.5852095994414577,50.84270270083942,97115.6232825026,0.43477592639206103,7.0,0.4666666666666667,0.7168390633596798,8.0,0.5333333333333333,,,0.0,,,0.0,,,0.0,0.10788153358302352,0.3268943928090375,7.0,7.0,4282.142857142857,1760.0,1.624884943244226,0.42857142857142855,3.0327024577601974e-05,3.738405927228853e+23,216222.3600584252,16,2025-06-07 00:00:00+00:00,0,-22.437511574074072
1749315600000,15,0.4437047507332654,33.99851204809513,66370.52390804284,0.4793574454589654,4.0,0.26666666666666666,0.3916050601283188,9.0,0.6,0.606847969004125,2.0,0.13333333333333333,,,0.0,,,0.0,0.18816143857403478,0.29119600688493064,4.0,4.0,953.75,806.5,0.92810982845905,0.75,2.6773018735831272e-05,3.7276341593574584e+23,146424.8686115998,17,2025-06-07 00:00:00+00:00,0,-22.395844907407408
1749319200000,22,0.5579213920038293,65.99689870942917,127293.83244260136,0.5956492290185621,10.0,0.45454545454545453,0.517151675448599,11.0,0.5,0.6291099039640357,1.0,0.045454545454545456,,,0.0,,,0.0,0.2705837889770456,0.3250654400415165,10.0,10.0,1157.5,1309.5,1.0418085901020655,0.7,5.9056096737802405e-05,3.7525968996072424e+23,457158.47396930604,18,2025-06-07 00:00:00+00:00,0,-22.35417824074074
1749322800000,20,0.5424731996117637,50.096372978473255,95023.41885922408,0.6200968601300365,11.0,0.55,0.5975101410656498,6.0,0.3,0.14777922813699115,3.0,0.15,,,0.0,,,0.0,0.16724107308579914,0.45285578704423735,11.0,11.0,1516.090909090909,1094.0,1.1499039731290066,0.8181818181818182,3.517086306919114e-05,3.811685322266368e+23,219555.3449941111,19,2025-06-07 00:00:00+00:00,0,-22.312511574074072
1749326400000,12,0.4249804931646994,25.871333686101643,50323.99461152927,0.4214696583698706,8.0,0.6666666666666666,0.43200216275435677,4.0,0.3333333333333333,,,0.0,,,0.0,,,0.0,0.27992143823277627,0.14154822013709434,8.0,8.0,514.75,436.5,0.6779639235181131,1.0,2.2907255527186673e-05,3.85636457756306e+23,1000712.9124915715,20,2025-06-07 00:00:00+00:00,0,-22.270844907407408
1749333600000,7,0.47409943836650387,16.841512342061087,32443.43315261163,0.4344112592508152,3.0,0.42857142857142855,0.28255891430943564,3.0,0.42857142857142855,1.1677855478847743,1.0,0.14285714285714285,,,0.0,,,0.0,0.05112524707122338,0.38328601217959185,3.0,3.0,783.3333333333334,808.0,0.7995980061539805,1.0,2.88930858977826e-05,3.8761511441809444e+23,132773.15323517236,22,2025-06-07 00:00:00+00:00,0,-22.187511574074072
1749337200000,10,0.7279426767395946,32.278536302506936,59447.145134681676,1.0243984809020084,6.0,0.6,0.12333672960145008,3.0,0.3,0.7630256931795464,1.0,0.1,,,0.0,,,0.0,0.2771002067808491,0.747298274121159,6.0,6.0,2776.0,876.0,1.376453005111476,0.6666666666666666,2.9856032091046068e-05,3.894793000460857e+23,286224.0667609128,23,2025-06-07 00:00:00+00:00,0,-22.145844907407408
1749340800000,12,0.6738480968855178,46.16594108629925,89523.58903424657,0.7356958278179104,8.0,0.6666666666666666,0.6441624989030564,3.0,0.25,0.26812304337376236,1.0,0.08333333333333333,,,0.0,,,0.0,0.12231841710952807,0.6133774107083823,8.0,8.0,5102.571428571428,1180.0,1.6558432693693546,0.5714285714285714,2.943477804150875e-05,3.899494205058786e+23,146252.51942779095,0,2025-06-08 00:00:00+00:00,0,-22.10417824074074
1749344400000,13,0.8980695891389741,54.96677097019629,101354.91003190757,0.9072119169240662,9.0,0.6923076923076923,0.9061976697586762,3.0,0.23076923076923078,0.7914043972140393,1.0,0.07692307692307693,,,0.0,,,0.0,0.3185312380367289,0.5886806788873371,9.0,9.0,6430.333333333333,1470.0,1.9080432381993009,0.5555555555555556,3.442445070148331e-05,3.8904521493430686e+23,193674.6143795562,1,2025-06-08 00:00:00+00:00,0,-22.062511574074072
1749348000000,9,0.48004037560599766,25.282265176321427,50154.80369925131,0.4471529423127939,1.0,0.1111111111111111,0.29468002653021846,4.0,0.4444444444444444,0.6736225830050779,4.0,0.4444444444444444,,,0.0,,,0.0,0.17697887737256213,0.2701740649402318,1.0,1.0,5785.0,5785.0,2.405202694161139,0.0,2.2643615180481954e-05,3.895895276975528e+23,172964.57358992763,2,2025-06-08 00:00:00+00:00,0,-22.020844907407408
1749351600000,2,0.13821728980845538,1.522928360683109,3019.1841919794033,0.2734067958937202,1.0,0.5,0.003027783723190576,1.0,0.5,,,0.0,,,0.0,,,0.0,0.03426533751127881,0.23914145838244139,1.0,1.0,1132.0,1132.0,1.0639548862616308,1.0,1.0510714189318175e-05,3.830700398595736e+23,24838.05303817568,3,2025-06-08 00:00:00+00:00,0,-21.97917824074074
1749355200000,7,0.5738235204123258,19.153542527522028,37357.5714050741,0.5261022700725525,2.0,0.2857142857142857,0.6458080955393285,4.0,0.5714285714285714,0.38132772058386155,1.0,0.14285714285714285,,,0.0,,,0.0,0.3508689715647816,0.17523329850777092,2.0,2.0,1048.5,1048.5,1.0012478818725843,1.0,2.057027825792985e-05,3.86702194445745e+23,84231.6459033333,4,2025-06-08 00:00:00+00:00,0,-21.937511574074072
1749358800000,4,0.17641532790658043,3.3978515374553204,6654.685062802052,0.22533023578075617,2.0,0.5,0.1275004200324047,2.0,0.5,,,0.0,,,0.0,,,0.0,0.012907379980391272,0.2124228558003649,2.0,2.0,7917.5,7917.5,2.5075154740970085,0.0,2.3059932666795226e-05,3.892930607880674e+23,101129.39977167979,5,2025-06-08 00:00:00+00:00,0,-21.895844907407408
1749362400000,12,0.4073882095133825,32.72903420287163,64745.00464301311,0.44151587490693245,10.0,0.8333333333333334,0.23674988254563256,2.0,0.16666666666666666,,,0.0,,,0.0,,,0.0,0.06756042812717122,0.3739554467797612,10.0,10.0,2374.4,1225.5,1.341042201279572,0.7,1.8541629531766025e-05,3.889761063505329e+23,89251.5912753871,6,2025-06-08 00:00:00+00:00,0,-21.85417824074074
1749366000000,8,0.29402215074400984,14.144938553649434,27294.429376685348,0.5847186223237365,4.0,0.5,0.0033256791642831754,4.0,0.5,,,0.0,,,0.0,,,0.0,0.10556806238099392,0.4791505599427426,4.0,4.0,7092.25,7233.5,2.312269113664042,0.25,2.0375519692236226e-05,3.872844922444804e+23,74175.70978440926,7,2025-06-08 00:00:00+00:00,0,-21.812511574074072
1749369600000,2,0.4326851672770181,5.367969770412519,10641.27076428236,0.1248327619979327,1.0,0.5,,,0.0,0.7405375725561035,1.0,0.5,,,0.0,,,0.0,0.000476688716837155,0.12435607328109555,1.0,1.0,1693.0,1693.0,1.3011533345459327,0.0,1.7070153583190833e-05,3.8307004349242894e+23,43524.21356975424,8,2025-06-08 00:00:00+00:00,0,-21.770844907407408
1749373200000,9,0.4720487993728836,30.503369386443005,67609.62063271437,0.07049189960584445,1.0,0.1111111111111111,0.7011259168660011,3.0,0.3333333333333333,0.4149139088304209,5.0,0.5555555555555556,,,0.0,,,0.0,0.07049189960584445,0.0,1.0,1.0,1085.0,1085.0,1.041633332799983,1.0,3.542679282564573e-05,3.830891895619449e+23,266904.56952180946,9,2025-06-08 00:00:00+00:00,0,-21.72917824074074
1749376800000,23,0.7124549169095407,81.74067449236448,144745.8132221699,0.21937924900924452,6.0,0.2608695652173913,1.307823036820065,8.0,0.34782608695652173,0.5119559222559387,9.0,0.391304347826087,,,0.0,,,0.0,0.0907079265166687,0.12867132249257582,6.0,6.0,1124.5,1122.0,0.9656384192103875,0.8333333333333334,3.365624036395826e-05,3.832018180194009e+23,330954.2528306289,10,2025-06-08 00:00:00+00:00,0,-21.687511574074072
1749380400000,14,0.3337297891109524,31.31912168835199,63966.52126628037,0.3847073116184787,6.0,0.42857142857142855,0.29549664723030766,8.0,0.5714285714285714,,,0.0,,,0.0,,,0.0,0.16652979109336966,0.21817752052510908,6.0,6.0,12038.2,1985.0,2.8457346735852775,0.0,5.110015823399036e-05,3.875891987964602e+23,274936.7784132376,11,2025-06-08 00:00:00+00:00,0,-21.645844907407408
1749384000000,22,0.6537592156154856,74.73752669559876,131598.44045047052,0.7119354471904217,9.0,0.4090909090909091,0.771710329558847,9.0,0.4090909090909091,0.257472688199316,4.0,0.18181818181818182,,,0.0,,,0.0,0.07657501027263741,0.6353604369177843,9.0,9.0,2673.0,1621.0,1.5001551655809717,0.4444444444444444,4.3280700597542293e-05,3.885069087661501e+23,555760.0372579861,12,2025-06-08 00:00:00+00:00,0,-21.60417824074074
1749387600000,32,1.198460390213767,221.12662097489994,287973.6336516189,1.7126382312145323,14.0,0.4375,0.8176138363737943,13.0,0.40625,0.748963475395552,5.0,0.15625,,,0.0,,,0.0,0.24307179699423628,1.469566434220296,14.0,14.0,3925.214285714286,1216.5,1.5848846081336192,0.6428571428571429,5.040045578412301e-05,3.8420245814100774e+23,852212.1534348892,13,2025-06-08 00:00:00+00:00,0,-21.562511574074072
1749391200000,16,0.6882658839150362,58.729724044574105,105093.46660960856,0.6160296939871123,5.0,0.3125,0.7478171053945702,8.0,0.5,0.649856276516152,3.0,0.1875,,,0.0,,,0.0,0.08545482904110269,0.5305748649460096,5.0,5.0,1323.0,1354.0,1.1229936167572556,0.6,3.9803249781306104e-05,3.9025263306463287e+23,341686.16704167385,14,2025-06-08 00:00:00+00:00,0,-21.520844907407408
1749394800000,11,0.9821251207268424,45.42904498025091,79721.07803189765,0.9943281910646018,5.0,0.45454545454545453,1.3507604055235145,4.0,0.36363636363636365,0.21434687528909968,2.0,0.18181818181818182,,,0.0,,,0.0,0.43160247341156743,0.5627257176530343,5.0,5.0,7807.8,1678.0,2.1009139161053545,0.4,3.938833643554859e-05,3.7491898583742034e+23,376516.4277701185,15,2025-06-08 00:00:00+00:00,0,-21.47917824074074
1749398400000,30,0.49105726378236914,70.44586422304468,133943.862124754,0.4271181637915494,11.0,0.36666666666666664,0.5699359006350737,15.0,0.5,0.3710949005594809,4.0,0.13333333333333333,,,0.0,,,0.0,0.22764496060358244,0.19947320318796696,11.0,11.0,1226.1818181818182,1310.0,1.0611154524380746,0.6363636363636364,4.580149555432558e-05,3.7098386686143576e+23,528180.0779494338,16,2025-06-08 00:00:00+00:00,0,-21.437511574074072
1749402000000,14,0.4059271013659084,35.55417243811671,71362.55870927867,0.32707611182245,7.0,0.5,0.0021353280445730294,3.0,0.21428571428571427,0.8467601630579623,4.0,0.2857142857142857,,,0.0,,,0.0,0.16094902548098425,0.16612708634146575,7.0,7.0,1329.2857142857142,505.0,0.9996470672207788,0.7142857142857143,4.159748099152856e-05,3.7614186376395076e+23,267533.8421168696,17,2025-06-08 00:00:00+00:00,0,-21.395844907407408
1749405600000,11,0.49479184697680567,32.30497558974853,61557.19354732257,0.2731794272204978,5.0,0.45454545454545453,0.6794688634403956,6.0,0.5454545454545454,,,0.0,,,0.0,,,0.0,0.045815319579371905,0.2273641076411259,5.0,5.0,879.6,645.0,0.9020899648573151,0.8,2.6184546769048113e-05,3.87378979084366e+23,159372.98207804316,18,2025-06-08 00:00:00+00:00,0,-21.35417824074074
1749409200000,4,0.4646619537482287,7.667526208442551,14340.7217546657,0.11876893470375449,2.0,0.5,0.810554972792703,2.0,0.5,,,0.0,,,0.0,,,0.0,0.1192388965354273,-0.0004699618316728049,2.0,2.0,550.0,550.0,0.6851340882924144,1.0,2.338632972276791e-05,3.88233987176015e+23,49658.400534862885,19,2025-06-08 00:00:00+00:00,0,-21.312511574074072
1749412800000,7,0.5909985718078608,17.556187171603444,32161.386107200917,1.2318909624566505,3.0,0.42857142857142855,0.06297821094792144,2.0,0.2857142857142857,0.15768034669461517,2.0,0.2857142857142857,,,0.0,,,0.0,0.12985115442917314,1.1020398080274774,3.0,3.0,1314.3333333333333,1485.0,1.1411417259009708,1.0,1.6405100858105253e-05,3.8824754230345004e+23,101912.47165119824,20,2025-06-08 00:00:00+00:00,0,-21.270844907407408
1749416400000,13,1.1177332803127231,87.0747675138956,117492.98751077615,2.3061210766724636,6.0,0.46153846153846156,0.02038317798066577,6.0,0.46153846153846156,0.5715071161466233,1.0,0.07692307692307693,,,0.0,,,0.0,0.09304987924730213,2.2130711974251613,6.0,6.0,963.1666666666666,1059.0,0.9604571725603422,1.0,2.9078946606491697e-05,3.839463002928908e+23,392793.7757212165,21,2025-06-08 00:00:00+00:00,0,-21.22917824074074
1749420000000,43,0.733867657147384,158.24526848581144,285801.07625068026,1.0176755149437222,19.0,0.4418604651162791,0.5872488402041545,15.0,0.3488372093023256,0.42636397313861474,8.0,0.18604651162790697,0.0008300852355523983,1.0,0.023255813953488372,,,0.0,0.19826757420758692,0.8194079407361352,19.0,19.0,2510.9473684210525,1394.0,1.3780312579449674,0.5263157894736842,6.365286685788011e-05,3.917906832749771e+23,1012424.5092820007,22,2025-06-08 00:00:00+00:00,0,-21.187511574074072
1749423600000,20,1.4317516115993123,163.30410022995227,222748.2181680068,0.815330622709336,12.0,0.6,3.0340927238979156,6.0,0.3,0.3232542080433597,2.0,0.1,,,0.0,,,0.0,0.21538769222349788,0.599942930485838,12.0,12.0,2815.25,1535.5,1.4218798209676786,0.5,5.0236171718864515e-05,3.92710665393483e+23,713189.6752050732,23,2025-06-08 00:00:00+00:00,0,-21.145844907407408
1749427200000,37,0.775528697517863,142.5001755084643,267222.7574651711,0.6810273404954226,14.0,0.3783783783783784,0.8470725515614842,18.0,0.4864864864864865,0.7825746226236595,5.0,0.13513513513513514,,,0.0,,,0.0,0.25812990329412216,0.4228974372013004,14.0,14.0,1449.642857142857,774.5,1.0836169842901078,0.7142857142857143,7.823518081658357e-05,3.920470434794708e+23,802079.8223289419,0,2025-06-09 00:00:00+00:00,0,-21.10417824074074
1749430800000,20,0.5005237501737912,58.10844398044528,103468.67271370605,0.6940310108532138,12.0,0.6,0.1438189785799614,5.0,0.25,0.3210026601124837,3.0,0.15,,,0.0,,,0.0,0.15804739408755772,0.5359836167656562,12.0,12.0,3564.9166666666665,1905.5,1.6659048690594613,0.4166666666666667,4.9360054181335215e-05,3.9047934234766665e+23,398579.14073155425,1,2025-06-09 00:00:00+00:00,0,-21.062511574074072
1749434400000,11,0.3572240016760721,23.058742943830403,45530.9102470916,0.23813092466407493,4.0,0.36363636363636365,0.6910252816644302,3.0,0.2727272727272727,0.22596611869680083,4.0,0.36363636363636365,,,0.0,,,0.0,0.19029267840476194,0.04783824625931299,4.0,4.0,1058.5,1099.5,1.0216185240964442,1.0,3.1880256917485556e-05,3.931047243598997e+23,220423.83352638365,2,2025-06-09 00:00:00+00:00,0,-21.020844907407408
1749438000000,14,0.6408950494359263,39.034478975870385,71384.60224984882,0.511311338931013,6.0,0.42857142857142855,0.7655136183516474,5.0,0.35714285714285715,0.6923648555862183,3.0,0.21428571428571427,,,0.0,,,0.0,0.1179063228754909,0.3934050160555221,6.0,6.0,2399.1666666666665,1471.5,1.3716095076175179,0.5,4.0673142048229246e-05,3.901595724059498e+23,292056.8685998167,3,2025-06-09 00:00:00+00:00,0,-20.97917824074074
1749441600000,9,0.6369185220988487,30.51866429422936,56819.80653586846,0.5876187862543186,3.0,0.3333333333333333,0.7087683990015846,5.0,0.5555555555555556,0.4255683451187585,1.0,0.1111111111111111,,,0.0,,,0.0,0.09228380180637419,0.4953349844479445,3.0,3.0,9177.333333333334,1603.0,2.4709453731656192,0.3333333333333333,2.602885944190662e-05,3.95931562530907e+23,135851.5233557019,4,2025-06-09 00:00:00+00:00,0,-20.937511574074072
1749445200000,12,0.4729723799853968,32.36405799428672,62931.119779237306,0.5989510411746933,3.0,0.25,0.5344245472672375,7.0,0.5833333333333334,0.06892180271500947,2.0,0.16666666666666666,,,0.0,,,0.0,0.2516318422335394,0.34731919894115393,3.0,3.0,2733.6666666666665,2118.0,1.5491854189525778,0.3333333333333333,2.542347743653659e-05,3.904075185505132e+23,111557.66888811262,5,2025-06-09 00:00:00+00:00,0,-20.895844907407408
1749448800000,21,0.7422365549733434,78.4023978680344,148182.91105102884,0.760880303099211,11.0,0.5238095238095238,0.7116017369879873,9.0,0.42857142857142855,0.8128686874570067,1.0,0.047619047619047616,,,0.0,,,0.0,0.3212866925332991,0.43959361056591173,11.0,11.0,2122.2727272727275,1470.0,1.3630590316851658,0.5454545454545454,3.5262938852207697e-05,3.931173004276233e+23,222686.59962726964,6,2025-06-09 00:00:00+00:00,0,-20.85417824074074
1749452400000,3,0.7155771510290313,9.07053482357222,15616.723344634303,1.9872785905089607,1.0,0.3333333333333333,0.006891872716412346,1.0,0.3333333333333333,0.15256098986172073,1.0,0.3333333333333333,,,0.0,,,0.0,0.13561448763688577,1.8516641028720748,1.0,1.0,3895.0,3895.0,1.9735754355990551,0.0,2.3917536750530224e-05,3.965551467351565e+23,57557.27911880527,7,2025-06-09 00:00:00+00:00,0,-20.812511574074072
1749456000000,18,0.6633798071629529,58.45015984578126,111903.28258556413,0.5258541764299783,8.0,0.4444444444444444,0.7946195302489248,7.0,0.3888888888888889,0.7238888019169506,3.0,0.16666666666666666,,,0.0,,,0.0,0.18442922232742454,0.3414249541025538,8.0,8.0,1220.75,1253.5,1.0150672870306439,0.75,3.874994278692821e-05,3.9647197504892135e+23,278187.91386896593,8,2025-06-09 00:00:00+00:00,0,-20.770844907407408
1749459600000,48,0.8218854273871244,194.6572285763879,346699.77160210797,0.43939295471584916,21.0,0.4375,1.1668522101610002,25.0,0.5208333333333334,0.52597160576207,2.0,0.041666666666666664,,,0.0,,,0.0,0.1900871784163867,0.24930577629946246,21.0,21.0,1514.952380952381,1219.0,1.136987624067577,0.7142857142857143,6.554718034614088e-05,3.8454863113988186e+23,1308898.4358817518,9,2025-06-09 00:00:00+00:00,0,-20.72917824074074
1749463200000,58,0.6762919815231883,215.94937344327124,386520.7714823834,0.6020683717158287,29.0,0.5,0.9972944706890786,17.0,0.29310344827586204,0.4163217976553979,11.0,0.1896551724137931,0.2314063726621728,1.0,0.017241379310344827,,,0.0,0.20356891976909547,0.39849945194673336,29.0,29.0,1218.9655172413793,1215.0,1.0468683374808772,0.7241379310344828,8.024565498348259e-05,3.596377743799948e+23,1260344.4206559411,10,2025-06-09 00:00:00+00:00,0,-20.687511574074072
1749466800000,49,0.8072662335024182,182.87192849254237,351346.19734220696,0.8923765603024418,18.0,0.3673469387755102,0.8348713822547783,23.0,0.46938775510204084,0.5364031955393299,8.0,0.16326530612244897,,,0.0,,,0.0,0.3288483455721235,0.5635282147303182,18.0,18.0,2276.777777777778,1370.5,1.343970416699126,0.6666666666666666,6.459002928887622e-05,3.4831691420539866e+23,1044365.3152100907,11,2025-06-09 00:00:00+00:00,0,-20.645844907407408
1749470400000,24,0.7966136727993315,93.39260014840971,165047.97469464573,0.7322704145773562,10.0,0.4166666666666667,0.8425731429578852,14.0,0.5833333333333334,,,0.0,,,0.0,,,0.0,0.1531360683284565,0.5791343462488996,10.0,10.0,1471.0,1456.5,1.1849233715462828,0.6,5.217603971545223e-05,3.459018581841114e+23,406348.71639300394,12,2025-06-09 00:00:00+00:00,0,-20.60417824074074
1749474000000,38,0.5680951452999776,106.65196643826424,198016.38195948745,0.7848747094141845,11.0,0.2894736842105263,0.42633221776752955,22.0,0.5789473684210527,0.7149369853914943,5.0,0.13157894736842105,,,0.0,,,0.0,0.4308849353217941,0.3539897740923902,11.0,11.0,1928.1818181818182,1483.0,1.3077097829344637,0.6363636363636364,8.335381332523365e-05,3.543345390885109e+23,1674855.0524031725,13,2025-06-09 00:00:00+00:00,0,-20.562511574074072
1749477600000,51,1.0750306555898794,257.63611441898297,456519.50804634223,0.762710943318372,26.0,0.5098039215686274,1.5249881612185565,19.0,0.37254901960784315,0.6855194759841686,5.0,0.09803921568627451,2.5937064657327635,1.0,0.0196078431372549,,,0.0,0.16456198795414487,0.5981489553642271,26.0,26.0,3215.6153846153848,2475.5,1.6682843070032645,0.15384615384615385,8.283594480380998e-05,3.5450990798895034e+23,1283518.6349241151,14,2025-06-09 00:00:00+00:00,0,-20.520844907407408
1749481200000,42,1.0182083812499427,173.3178522746692,311530.9767954521,1.0908267491587933,24.0,0.5714285714285714,0.9893621895204529,16.0,0.38095238095238093,0.3775575001796526,2.0,0.047619047619047616,,,0.0,,,0.0,0.29483404319820244,0.7959927059605909,24.0,24.0,3177.6666666666665,1438.5,1.4537498962655981,0.625,6.180563079506535e-05,3.628385356637221e+23,785952.8028990717,15,2025-06-09 00:00:00+00:00,0,-20.47917824074074
1749484800000,47,0.5297875487810394,134.12578748171578,263589.73137126333,0.5497530701928207,26.0,0.5531914893617021,0.5157627036534805,19.0,0.40425531914893614,0.4034717991396918,2.0,0.0425531914893617,,,0.0,,,0.0,0.1286861856187658,0.4210668845740549,26.0,26.0,2671.576923076923,1107.5,1.301948991313727,0.7307692307692307,6.876016128353859e-05,3.499505087193381e+23,731710.7853110898,16,2025-06-09 00:00:00+00:00,0,-20.437511574074072
1749488400000,48,0.787565967745207,153.27072087061185,277199.75632435485,0.7525130037036939,27.0,0.5625,0.8487363366145408,19.0,0.3958333333333333,0.679662478046965,2.0,0.041666666666666664,,,0.0,,,0.0,0.3213781254020426,0.43113487830165126,27.0,27.0,2499.296296296296,1378.0,1.3490166021179766,0.6296296296296297,7.021302126630472e-05,3.0376686451763197e+23,635380.2501883225,17,2025-06-09 00:00:00+00:00,0,-20.395844907407408
1749492000000,25,0.5990433276457806,53.83447455678091,101754.76111815212,0.8291627729811779,12.0,0.48,0.4264114182651923,8.0,0.32,0.32296771384976874,5.0,0.2,,,0.0,,,0.0,0.27882487399350386,0.5503378989876739,12.0,12.0,1254.5,1218.5,1.086450521268562,0.75,5.6091659617174936e-05,2.847596993802124e+23,336660.3283857476,18,2025-06-09 00:00:00+00:00,0,-20.35417824074074
1749495600000,58,0.6824244584564817,170.00367417483648,273635.6906410488,0.8595802790849436,37.0,0.6379310344827587,0.4240001741439058,15.0,0.25862068965517243,0.23602427536240522,6.0,0.10344827586206896,,,0.0,,,0.0,0.12839416162058928,0.7311861174643542,37.0,37.0,1137.972972972973,952.0,1.0077533991552574,0.8378378378378378,5.586522545081755e-05,2.8037171977495134e+23,632153.2140814157,19,2025-06-09 00:00:00+00:00,0,-20.312511574074072
1749499200000,23,0.7528077833201163,66.95394114183226,124914.84249636819,0.6409902519171291,12.0,0.5217391304347826,0.8679632797575819,9.0,0.391304347826087,0.905513237769444,2.0,0.08695652173913043,,,0.0,,,0.0,0.09068574705830619,0.5503045048588229,12.0,12.0,4459.916666666667,846.5,1.4324038546299256,0.75,3.690361435200851e-05,2.7672403714776567e+23,398693.9002611583,20,2025-06-09 00:00:00+00:00,0,-20.270844907407408
1749502800000,118,1.1629121124057726,580.5024626568511,904480.4494999095,0.9642872853818356,45.0,0.3813559322033898,1.6074303250647126,44.0,0.3728813559322034,0.7966816247879731,29.0,0.2457627118644068,,,0.0,,,0.0,0.32161478338882205,0.6426725019930135,45.0,45.0,1194.6444444444444,1030.0,1.048726171521603,0.8,0.00015713033144836068,2.750555116517857e+23,2621375.5219127247,21,2025-06-09 00:00:00+00:00,0,-20.22917824074074
1749506400000,77,1.3191177246711638,351.87169416347274,531211.2933388433,0.9394819982484156,30.0,0.38961038961038963,1.5578049770852649,24.0,0.3116883116883117,0.8314371613211793,19.0,0.24675324675324675,5.050744834269598,4.0,0.05194805194805195,,,0.0,0.36715538784345475,0.5723266104049607,30.0,30.0,1812.0333333333333,1352.0,1.2679116443894318,0.6333333333333333,9.784999266809396e-05,2.671876880993004e+23,2890894.74501013,22,2025-06-09 00:00:00+00:00,0,-20.187511574074072
1749510000000,40,1.8850691187972988,274.2814919326117,411884.1896203251,1.0106001317528077,12.0,0.3,1.7328340213979043,18.0,0.45,0.45138388179128286,4.0,0.1,5.046502543088476,6.0,0.15,,,0.0,0.2574138498953648,0.7531862818574431,12.0,12.0,2092.1666666666665,1685.0,1.3492101719300942,0.3333333333333333,6.674682483597399e-05,2.6742059881546432e+23,1648917.7322606822,23,2025-06-09 00:00:00+00:00,0,-20.145844907407408
1749513600000,44,0.7104715266894694,106.21879330403429,194682.49044021376,0.659571364101145,17.0,0.38636363636363635,0.7108699623495517,25.0,0.5681818181818182,0.06265322428811604,1.0,0.022727272727272728,2.213631701590284,1.0,0.022727272727272728,,,0.0,0.15737542233094787,0.5021959417701972,17.0,17.0,4018.3529411764707,1205.0,1.6192768785626501,0.5294117647058824,5.314583595412976e-05,2.6920680561602275e+23,706822.8139261343,0,2025-06-10 00:00:00+00:00,0,-20.10417824074074
1749517200000,23,0.4461425195976346,43.654984827743974,86792.77775991315,0.46230069507223437,12.0,0.5217391304347826,0.4083024607299979,9.0,0.391304347826087,0.5194737316544006,2.0,0.08695652173913043,,,0.0,,,0.0,0.24058794527539515,0.22171274979683928,12.0,12.0,1882.25,1046.0,1.2094780936793204,0.8333333333333334,5.81543656126776e-05,2.8190992456665607e+23,375528.82148990344,1,2025-06-10 00:00:00+00:00,0,-20.062511574074072
1749520800000,36,0.44574742008240165,73.74446415701351,166374.82507585632,0.7335681022050955,13.0,0.3611111111111111,0.2664983371591283,16.0,0.4444444444444444,0.32093548567916624,7.0,0.19444444444444445,,,0.0,,,0.0,0.26181095454376796,0.4717571476613276,13.0,13.0,3049.846153846154,1317.0,1.438146121599794,0.6923076923076923,5.5585829928816565e-05,2.811567343488845e+23,364393.9680418238,2,2025-06-10 00:00:00+00:00,0,-20.020844907407408
1749524400000,23,0.822796584088801,73.77007062675047,133228.31905486446,0.6589154496882176,10.0,0.43478260869565216,0.5357686762974588,8.0,0.34782608695652173,1.6098035053561155,5.0,0.21739130434782608,,,0.0,,,0.0,0.15528764781647542,0.5036278018717422,10.0,10.0,3927.9,3213.0,1.7121835647292123,0.3,4.2857261831021416e-05,2.879635706638642e+23,635955.2131340327,3,2025-06-10 00:00:00+00:00,0,-19.97917824074074
1749528000000,7,0.4300926848368671,14.062083201113047,28086.039445726285,0.3063873494538226,4.0,0.5714285714285714,0.5950331320142598,3.0,0.42857142857142855,,,0.0,,,0.0,,,0.0,0.06031936582274067,0.24606798363108195,4.0,4.0,4392.5,2720.5,1.871933011687721,0.5,2.8248563823936878e-05,2.9229330459525794e+23,237836.0404372123,4,2025-06-10 00:00:00+00:00,0,-19.937511574074072
1749531600000,21,1.5703810081232805,123.507418367325,207635.63603960292,2.2696415936559755,9.0,0.42857142857142855,1.0459355689737593,12.0,0.5714285714285714,,,0.0,,,0.0,,,0.0,0.15160833984556404,2.1180332538104114,9.0,9.0,3313.6666666666665,1774.0,1.6397021049793994,0.2222222222222222,5.5366867233816055e-05,2.956247186759993e+23,444953.4815262197,5,2025-06-10 00:00:00+00:00,0,-19.895844907407408
1749535200000,33,0.6645485089661652,87.15687518103968,162541.58939055272,0.7720266525235714,11.0,0.3333333333333333,0.6207828725537052,18.0,0.5454545454545454,0.5659289780393694,4.0,0.12121212121212122,,,0.0,,,0.0,0.22093820550593357,0.5510884470176376,11.0,11.0,2514.7272727272725,1564.0,1.4270778695451296,0.45454545454545453,5.4330883988440116e-05,2.9667632161267386e+23,349714.0978283516,6,2025-06-10 00:00:00+00:00,0,-19.85417824074074
1749538800000,29,0.5120160410791236,56.28956744379307,104008.95168851642,0.2903228117195943,9.0,0.3103448275862069,0.6610625688508868,12.0,0.41379310344827586,0.5378511324509494,8.0,0.27586206896551724,,,0.0,,,0.0,0.12743424761239208,0.16288856410720223,9.0,9.0,3434.5555555555557,1485.0,1.5377322868593215,0.5555555555555556,5.495958870771371e-05,2.9668502570995814e+23,361851.11812695593,7,2025-06-10 00:00:00+00:00,0,-19.812511574074072
1749542400000,27,0.38925332768944876,42.86090840601886,82774.79426897987,0.6556780365971512,7.0,0.25925925925925924,0.3688531089143148,16.0,0.5925925925925926,0.004610962201505482,4.0,0.14814814814814814,,,0.0,,,0.0,0.24933549622003898,0.4063425403771121,7.0,7.0,1454.142857142857,904.0,1.1073639711031462,0.8571428571428571,5.5590597210428694e-05,2.966575190463702e+23,317925.5960569631,8,2025-06-10 00:00:00+00:00,0,-19.770844907407408
1749546000000,19,0.36111315754425455,22.77753189436251,44255.95284293475,0.5251389905267937,6.0,0.3157894736842105,0.2629046470378495,9.0,0.47368421052631576,0.3360435567098573,4.0,0.21052631578947367,,,0.0,,,0.0,0.2612045328923976,0.26393445763439605,6.0,6.0,3531.5,1046.0,1.5195495546120636,0.6666666666666666,4.38641013113265e-05,2.9677131529423003e+23,227774.98590912082,9,2025-06-10 00:00:00+00:00,0,-19.72917824074074
1749549600000,11,0.512017096955005,22.31992479704926,42813.65684212717,0.8182379820614915,2.0,0.18181818181818182,0.46449615367951474,7.0,0.6363636363636364,0.3721195133127341,2.0,0.18181818181818182,,,0.0,,,0.0,0.09899359358745297,0.7192443884740385,2.0,2.0,1287.5,1287.5,1.08982678705001,0.5,3.116958563536069e-05,2.968524770327451e+23,176774.47586569606,10,2025-06-10 00:00:00+00:00,0,-19.687511574074072
1749553200000,28,0.7330190937969681,78.58171356426381,135708.84880916256,1.4279952844231094,9.0,0.32142857142857145,0.3272496378050713,17.0,0.6071428571428571,1.054666611910453,2.0,0.07142857142857142,,,0.0,,,0.0,0.5401348067575362,0.8878604776655733,9.0,9.0,1803.2222222222222,1612.0,1.2886527038858782,0.3333333333333333,6.420492830905614e-05,2.951802382588302e+23,525394.5922383583,11,2025-06-10 00:00:00+00:00,0,-19.645844907407408
1749556800000,14,0.8542709621503144,41.616366336773446,76335.61503848361,0.9114162462124498,7.0,0.5,0.547469103603042,5.0,0.35714285714285715,1.4212671143010214,2.0,0.14285714285714285,,,0.0,,,0.0,0.22052272140543258,0.6908935248070173,7.0,7.0,3378.1428571428573,1392.0,1.46804488241348,0.7142857142857143,4.694802599829102e-05,2.972734111332922e+23,208667.00405413852,12,2025-06-10 00:00:00+00:00,0,-19.60417824074074
1749560400000,53,0.8784012631662578,181.6021444422712,338693.5723806459,0.7427375373053163,23.0,0.4339622641509434,1.1079181417203596,23.0,0.4339622641509434,0.5700266186030157,7.0,0.1320754716981132,,,0.0,,,0.0,0.2211384176633092,0.521599119642007,23.0,23.0,1628.7391304347825,972.0,1.1994652000031074,0.6521739130434783,8.662934623395928e-05,2.9702412460544978e+23,838895.1219781813,13,2025-06-10 00:00:00+00:00,0,-19.562511574074072
1749564000000,57,0.942508302471779,189.78937523407694,339353.86346147285,0.9015533812662132,23.0,0.40350877192982454,1.1979172956802915,23.0,0.40350877192982454,0.4941043337383446,11.0,0.19298245614035087,,,0.0,,,0.0,0.26191791614988047,0.6396354651163326,23.0,23.0,2535.8260869565215,1484.0,1.421064500307786,0.5652173913043478,9.764505523546207e-05,2.952597484529711e+23,1948401.0852460205,14,2025-06-10 00:00:00+00:00,0,-19.520844907407408
1749567600000,67,1.1318084577386642,291.22573791617805,521920.17028807645,1.171904604620312,28.0,0.417910447761194,1.248545749448238,31.0,0.4626865671641791,0.5391149382782999,8.0,0.11940298507462686,,,0.0,,,0.0,0.36727688637213446,0.8046277182481775,28.0,28.0,2006.5714285714287,1533.5,1.3405070985546357,0.4642857142857143,0.00010755233217898084,2.958202417823541e+23,1250621.0791778814,15,2025-06-10 00:00:00+00:00,0,-19.47917824074074
1749571200000,46,0.5466132345208855,104.05855539507876,199778.5147822661,0.4600245600822105,20.0,0.43478260869565216,0.5796375238205871,18.0,0.391304347826087,0.6887802696932442,8.0,0.17391304347826086,,,0.0,,,0.0,0.11615059653913729,0.3438739635430732,20.0,20.0,1178.3,1065.0,1.0462969634680261,0.85,7.523921686237154e-05,2.9652333865849344e+23,613903.275827678,16,2025-06-10 00:00:00+00:00,0,-19.437511574074072
1749574800000,44,0.6248040428625754,110.31276715972177,210235.7595672521,0.6781209777803098,20.0,0.45454545454545453,0.5915386026194551,18.0,0.4090909090909091,0.5468772471994886,6.0,0.13636363636363635,,,0.0,,,0.0,0.14265011355918833,0.5354708642211214,20.0,20.0,1736.6,1072.5,1.2081420758180599,0.75,6.43217886845295e-05,2.952435605913281e+23,521673.92400639056,17,2025-06-10 00:00:00+00:00,0,-19.395844907407408
1749578400000,47,0.8487659239552992,149.70536269041696,255132.21393868924,0.6405201993309227,18.0,0.3829787234042553,0.9552401805378254,23.0,0.48936170212765956,1.0653517809287443,6.0,0.1276595744680851,,,0.0,,,0.0,0.24297990284620458,0.39754029648471817,18.0,18.0,2216.9444444444443,1283.0,1.3741191605569654,0.6111111111111112,5.871446052672639e-05,2.9577441524923855e+23,982556.5064997461,18,2025-06-10 00:00:00+00:00,0,-19.35417824074074
1749582000000,77,0.757468108036504,229.23608048161122,392831.7001863997,0.5665480678668624,32.0,0.4155844155844156,0.925926938322783,37.0,0.4805194805194805,0.7420261786410297,8.0,0.1038961038961039,,,0.0,,,0.0,0.20922183599965133,0.357326231867211,32.0,32.0,1272.71875,1251.5,1.0842207666753012,0.71875,0.00010921260514755641,2.8806472607893388e+23,2721585.7144575734,19,2025-06-10 00:00:00+00:00,0,-19.312511574074072
1749585600000,40,0.6965159872011395,109.65428614993452,206432.8508838042,0.7552267406213442,22.0,0.55,0.5122807396360248,11.0,0.275,0.801509008339962,7.0,0.175,,,0.0,,,0.0,0.08902344209012762,0.6662032985312165,22.0,22.0,1896.7272727272727,1399.0,1.270098835591915,0.5454545454545454,7.367877258012418e-05,2.9191938615545062e+23,1468458.364508146,20,2025-06-10 00:00:00+00:00,0,-19.270844907407408
1749589200000,56,0.7690893327888967,156.11116097126316,267817.7626113026,0.6215632786565476,24.0,0.42857142857142855,0.5711737167647878,25.0,0.44642857142857145,1.4944954051586734,5.0,0.08928571428571429,3.199832001754004,2.0,0.03571428571428571,,,0.0,0.3331409741834885,0.288422304473059,24.0,24.0,1151.4583333333333,886.0,1.0150316714562218,0.7916666666666666,9.443428309408372e-05,2.933600903822797e+23,1194233.1827433668,21,2025-06-10 00:00:00+00:00,0,-19.22917824074074
1749592800000,41,0.7927939594475287,173.52627626527817,249389.4234435384,0.4951426715336148,20.0,0.4878048780487805,0.3511288913239695,16.0,0.3902439024390244,0.5906325440990833,4.0,0.0975609756097561,14.621106469096539,1.0,0.024390243902439025,,,0.0,0.23540249073223266,0.25974018080138217,20.0,20.0,1663.65,1041.0,1.1540848548043852,0.8,5.3294820299511526e-05,2.850583128098023e+23,1248140.9272884356,22,2025-06-10 00:00:00+00:00,0,-19.187511574074072
1749596400000,58,0.5127384196957606,137.4800126551832,315828.2313309679,0.5331479990370357,40.0,0.6896551724137931,0.4930816264861514,16.0,0.27586206896551724,0.29299874247879376,1.0,0.017241379310344827,0.23060361461546985,1.0,0.017241379310344827,,,0.0,0.18523366606535296,0.3479143329716827,40.0,40.0,1920.475,1198.5,1.1925967930876444,0.675,5.228537017967098e-05,2.88214697743976e+23,853287.652302255,23,2025-06-10 00:00:00+00:00,0,-19.145844907407408
1749600000000,41,0.6493141330386154,109.95466693893923,192958.41950079496,0.4475845877689974,14.0,0.34146341463414637,0.8246128765219348,19.0,0.4634146341463415,0.5860063214875632,8.0,0.1951219512195122,,,0.0,,,0.0,0.13236380826231897,0.31522077950667843,14.0,14.0,975.9285714285714,962.0,0.9568582483100638,0.8571428571428571,6.366460120110274e-05,2.9800338931764397e+23,612407.0056610234,0,2025-06-11 00:00:00+00:00,0,-19.10417824074074
1749603600000,23,0.5105173156210363,57.20151486297721,113139.45537927772,0.6112633282246924,11.0,0.4782608695652174,0.44128013785793996,10.0,0.43478260869565216,0.3026001351164086,2.0,0.08695652173913043,,,0.0,,,0.0,0.25662084802011337,0.3546424802045791,11.0,11.0,2813.7272727272725,1485.0,1.4841787093240242,0.5454545454545454,4.466483573455353e-05,3.057082192710166e+23,305497.25309199764,1,2025-06-11 00:00:00+00:00,0,-19.062511574074072
1749607200000,25,0.6603199042863482,66.82559850045912,126453.84773224324,0.7680228089725862,13.0,0.52,0.5436417575429238,12.0,0.48,,,0.0,,,0.0,,,0.0,0.10675309924725794,0.6612697097253283,13.0,13.0,2662.153846153846,1376.0,1.5461585603998853,0.5384615384615384,3.727263996455943e-05,3.0536747788221945e+23,240436.97577025267,2,2025-06-11 00:00:00+00:00,0,-19.020844907407408
1749610800000,18,0.34548923978244644,36.042360541214215,73369.34873402245,0.673836259011226,6.0,0.3333333333333333,0.1813157301680567,12.0,0.6666666666666666,,,0.0,,,0.0,,,0.0,0.07750388615835202,0.5963323728528739,6.0,6.0,2046.8333333333333,1250.5,1.3303549356885647,0.6666666666666666,2.940210255305536e-05,3.062614473836643e+23,163861.00631690028,3,2025-06-11 00:00:00+00:00,0,-18.97917824074074
1749614400000,12,0.7489120471701515,33.31762733623098,62779.58838288754,0.43078590633701735,3.0,0.25,1.0005588924916253,4.0,0.3333333333333333,0.738470255412853,5.0,0.4166666666666667,,,0.0,,,0.0,0.26217398240769174,0.16861192392932564,3.0,3.0,4650.666666666667,1782.0,1.9319427773352686,0.3333333333333333,2.601052981645767e-05,3.0457354882314904e+23,111372.2750999338,4,2025-06-11 00:00:00+00:00,0,-18.937511574074072
1749618000000,14,0.3917621466584693,20.723567742789793,39335.531896132146,0.3483139272546077,7.0,0.5,0.4962787169241892,6.0,0.42857142857142855,0.06880026089118185,1.0,0.07142857142857142,,,0.0,,,0.0,0.14474455349165982,0.20356937376294784,7.0,7.0,4000.8333333333335,3035.0,1.7622332971436208,0.5,2.7304109355933405e-05,3.044167771239357e+23,153044.56284592176,5,2025-06-11 00:00:00+00:00,0,-18.895844907407408
1749621600000,13,0.6190162968986574,32.498373410438184,61834.56223627452,0.5248016549358513,5.0,0.38461538461538464,0.6779004481254113,8.0,0.6153846153846154,,,0.0,,,0.0,,,0.0,0.23239000578668004,0.2924116491491713,5.0,5.0,1452.2,1442.0,1.1992026852149067,0.6,3.968682381724845e-05,3.04306916950748e+23,186030.95225472428,6,2025-06-11 00:00:00+00:00,0,-18.85417824074074
1749625200000,14,0.2820317451479636,18.8383045714708,36710.81255893491,0.27405017352581634,6.0,0.42857142857142855,0.2936227832584796,7.0,0.5,0.24878390810723505,1.0,0.07142857142857142,,,0.0,,,0.0,0.19547028775602093,0.0785798857697954,6.0,6.0,10629.333333333334,1676.5,2.2290616318736034,0.5,3.072287514314287e-05,3.04879819193424e+23,187018.2373511888,7,2025-06-11 00:00:00+00:00,0,-18.812511574074072
1749628800000,13,0.49632155824093693,24.72716984627239,46290.11392542466,0.6725745861307962,8.0,0.6153846153846154,0.18300755323691786,4.0,0.3076923076923077,0.3395533551381379,1.0,0.07692307692307693,,,0.0,,,0.0,0.31622417740448816,0.3563504087263081,8.0,8.0,1022.25,1115.5,0.9830431054798547,0.75,3.174537478706823e-05,3.0441639003220905e+23,157700.34169608483,8,2025-06-11 00:00:00+00:00,0,-18.770844907407408
1749632400000,11,0.5987441904607622,29.978942037169997,58191.57118016939,0.44933213252329895,5.0,0.45454545454545453,0.6118191400451599,5.0,0.45454545454545453,1.2804297322260894,1.0,0.09090909090909091,,,0.0,,,0.0,0.16665323833609402,0.28267889418720493,5.0,5.0,10003.8,2705.0,2.404275451398717,0.4,3.784598349980498e-05,3.0427576687003393e+23,191575.2847515681,9,2025-06-11 00:00:00+00:00,0,-18.72917824074074
1749636000000,6,1.2466952452266966,31.15383348186371,52861.744391944594,0.5213682511379146,1.0,0.16666666666666666,1.391760644044453,5.0,0.8333333333333334,,,0.0,,,0.0,,,0.0,0.0452018606317316,0.47616639050618303,1.0,1.0,421.0,421.0,0.6488451279003333,1.0,3.6085037249142326e-05,3.1060617200136114e+23,145551.0230312219,10,2025-06-11 00:00:00+00:00,0,-18.687511574074072
1749639600000,5,0.1813551347712482,8.537224239329008,17995.395806984765,0.34379144983776466,2.0,0.4,0.1072962924592068,2.0,0.4,0.004600189262298111,1.0,0.2,,,0.0,,,0.0,0.34379144983776466,0.0,2.0,2.0,8239.0,8239.0,2.8078831334612264,0.0,2.255689222573824e-05,3.127553645146288e+23,78273.37526258807,11,2025-06-11 00:00:00+00:00,0,-18.645844907407408
1749643200000,62,0.8650461320974306,214.58942457504756,396681.70536132285,0.9876401682776182,23.0,0.3709677419354839,0.8570155461892999,30.0,0.4838709677419355,0.5785188815529431,9.0,0.14516129032258066,,,0.0,,,0.0,0.2264366879596684,0.7612034803179498,23.0,23.0,1572.8695652173913,1425.0,1.1854623349445828,0.6521739130434783,0.00011825068344856486,3.110772552432343e+23,1627498.6637772925,12,2025-06-11 00:00:00+00:00,0,-18.60417824074074
1749646800000,72,0.5554327343383823,161.0061595505821,302326.0946142199,0.6341093271612325,27.0,0.375,0.5739746301056445,29.0,0.4027777777777778,0.38905879787165965,16.0,0.2222222222222222,,,0.0,,,0.0,0.2353339357470152,0.39877539141421725,27.0,27.0,1409.7407407407406,1218.0,1.1210087758499703,0.6666666666666666,0.00010195067103668233,3.064623313958593e+23,1153733.3159111273,13,2025-06-11 00:00:00+00:00,0,-18.562511574074072
1749650400000,83,1.2630591597627978,397.96377579868255,637534.419893148,0.8947469868970447,26.0,0.3132530120481928,1.5912856961169994,44.0,0.5301204819277109,0.7396172082189166,10.0,0.12048192771084337,1.3859152965506372,3.0,0.03614457831325301,,,0.0,0.2907993804550518,0.6039476064419927,26.0,26.0,1872.1538461538462,1354.0,1.2291700143276596,0.6153846153846154,9.329973174328782e-05,2.9594866041768657e+23,2880346.445685302,14,2025-06-11 00:00:00+00:00,0,-18.520844907407408
1749654000000,43,0.7550817087418149,138.89288045799086,333829.4378187632,0.5118947565583533,22.0,0.5116279069767442,1.14339078090817,16.0,0.37209302325581395,0.5825152674167099,5.0,0.11627906976744186,,,0.0,,,0.0,0.2321034855759814,0.27979127098237183,22.0,22.0,1616.4545454545455,1076.5,1.1345510362754079,0.6818181818181818,6.802969797973043e-05,3.1103037194098764e+23,1190923.8307178316,15,2025-06-11 00:00:00+00:00,0,-18.47917824074074
1749657600000,37,0.6094208516236935,106.07579784883097,202163.26173313742,0.7420460415833952,19.0,0.5135135135135135,0.5328706687404352,14.0,0.3783783783783784,0.26960371734312233,3.0,0.08108108108108109,0.18069620559669086,1.0,0.02702702702702703,,,0.0,0.23098112546635363,0.5110649161170415,19.0,19.0,2192.3684210526317,1326.0,1.3373719664377226,0.5263157894736842,5.885894548966468e-05,3.125689327289696e+23,520368.70699904294,16,2025-06-11 00:00:00+00:00,0,-18.437511574074072
1749661200000,44,0.910567901412291,164.39664554675352,300505.525238254,1.1340037231072395,22.0,0.5,0.6272415804294502,12.0,0.2727272727272727,0.8349986405355677,9.0,0.20454545454545456,0.07501902380802494,1.0,0.022727272727272728,,,0.0,0.37274058157773243,0.7612631415295072,22.0,22.0,1965.090909090909,1309.0,1.248898551879367,0.5909090909090909,5.430338969759578e-05,3.14575463475209e+23,749535.70158989,17,2025-06-11 00:00:00+00:00,0,-18.395844907407408
1749664800000,64,0.9545040532026603,239.05864234733545,425249.651406226,1.0036549050994277,30.0,0.46875,1.050134172986965,25.0,0.390625,0.5557777208145586,8.0,0.125,0.2790361607968349,1.0,0.015625,,,0.0,0.2796129581208494,0.7240419469785783,30.0,30.0,1826.8,1225.5,1.2447414961034193,0.6333333333333333,9.458490359882483e-05,3.174788379458041e+23,1037751.9765864023,18,2025-06-11 00:00:00+00:00,0,-18.35417824074074
1749668400000,41,0.6611081914129044,112.8726268078835,213695.110315548,0.4053774226735394,18.0,0.43902439024390244,0.9555112179403092,14.0,0.34146341463414637,0.7146094654045606,9.0,0.21951219512195122,,,0.0,,,0.0,0.18146313468433492,0.22391428798920446,18.0,18.0,2199.6666666666665,1093.0,1.2396955773111664,0.7222222222222222,5.88237099088092e-05,3.1845020906382914e+23,512890.5781478674,19,2025-06-11 00:00:00+00:00,0,-18.312511574074072
1749672000000,32,0.9692187656655917,121.96589616588732,214305.77550583368,1.0224197207173202,16.0,0.5,0.9673173155569017,14.0,0.4375,0.556921276012594,2.0,0.0625,,,0.0,,,0.0,0.3659418854565265,0.6564778352607936,16.0,16.0,4497.625,1330.5,1.5571280765501063,0.625,5.556109921305365e-05,3.174670437549428e+23,376655.55779596674,20,2025-06-11 00:00:00+00:00,0,-18.270844907407408
1749675600000,67,0.786051357994122,219.41573052726014,392676.0706785416,0.7846905930515649,39.0,0.582089552238806,0.8099454798688498,20.0,0.29850746268656714,0.732949782402269,8.0,0.11940298507462686,,,0.0,,,0.0,0.1482077827568166,0.6364828102947482,39.0,39.0,1183.7692307692307,858.0,0.9986344576073575,0.7948717948717948,7.815063069349282e-05,3.1816010366979517e+23,850968.6519038066,21,2025-06-11 00:00:00+00:00,0,-18.22917824074074
1749679200000,61,0.659637319366997,164.12282555583369,310919.8673025183,0.6170940470297105,28.0,0.45901639344262296,0.6657698546984891,19.0,0.3114754098360656,0.736401137520259,14.0,0.22950819672131148,,,0.0,,,0.0,0.22706470590443353,0.39002934112527693,28.0,28.0,1609.5,829.5,1.1399720326935836,0.75,7.801691931437517e-05,3.098605888894386e+23,705308.0417469376,22,2025-06-11 00:00:00+00:00,0,-18.187511574074072
1749682800000,17,0.6869017487260572,52.15217433951279,101277.54422430247,0.5704631177871943,10.0,0.5882352941176471,0.9393871101733516,6.0,0.35294117647058826,0.336375889430922,1.0,0.058823529411764705,,,0.0,,,0.0,0.11131459458324933,0.45914852320394495,10.0,10.0,3028.9,1471.0,1.5524725363760314,0.5,4.0648947955627164e-05,3.113171314769665e+23,428374.36185386655,23,2025-06-11 00:00:00+00:00,0,-18.145844907407408
1749686400000,42,0.5383453846217604,98.15752359873491,181352.70712458855,0.8403631427391319,12.0,0.2857142857142857,0.29767738788244236,17.0,0.40476190476190477,0.5742794497879102,13.0,0.30952380952380953,,,0.0,,,0.0,0.31797208934712634,0.5223910533920054,12.0,12.0,1073.0,1215.5,0.9734153130829132,0.75,4.9870309054841955e-05,3.1394228507103164e+23,948789.7161752497,0,2025-06-12 00:00:00+00:00,0,-18.10417824074074
1749690000000,51,0.8832390456403757,163.12124087869418,297468.8030314924,0.7472480774170441,25.0,0.49019607843137253,1.0544016566555836,25.0,0.49019607843137253,0.003947975843470071,1.0,0.0196078431372549,,,0.0,,,0.0,0.13243745305467225,0.6148106243623719,25.0,25.0,2216.64,1382.0,1.2968903051406249,0.68,6.436912042914647e-05,3.1294980604440993e+23,660961.8053454714,1,2025-06-12 00:00:00+00:00,0,-18.062511574074072
1749693600000,28,0.6249859198991597,74.67745892734622,140764.18827985495,0.5673507148373823,6.0,0.21428571428571427,0.7942192959500474,14.0,0.5,0.20045071437277445,7.0,0.25,1.5732763242420944,1.0,0.03571428571428571,,,0.0,0.19895488319247837,0.3683958316449039,6.0,6.0,1416.3333333333333,1334.0,1.1309843556479966,0.8333333333333334,5.2131222304359274e-05,3.14303785087548e+23,389840.8476022943,2,2025-06-12 00:00:00+00:00,0,-18.020844907407408
1749697200000,42,0.7025081823461463,125.83780818959497,230973.34453073956,0.6726163784225716,15.0,0.35714285714285715,0.9172038487429468,20.0,0.47619047619047616,0.15314585819151955,7.0,0.16666666666666666,,,0.0,,,0.0,0.2682878976844833,0.4043284807380883,15.0,15.0,1427.6,1218.0,1.1335736606052937,0.6666666666666666,8.208601639332505e-05,3.316603600250059e+23,733019.2051083877,3,2025-06-12 00:00:00+00:00,0,-17.97917824074074
1749700800000,29,0.7619379109591552,104.37579094902807,196850.2664749878,0.8104482971010896,12.0,0.41379310344827586,0.6810575908055233,12.0,0.41379310344827586,0.8396257525872297,5.0,0.1724137931034483,,,0.0,,,0.0,0.24145928173800704,0.5689890153630824,12.0,12.0,2741.9166666666665,1738.5,1.517773472949371,0.5,4.950298104459675e-05,3.476874792823988e+23,418941.2215414276,4,2025-06-12 00:00:00+00:00,0,-17.937511574074072
1749704400000,32,0.5729886425158123,89.88312168150422,175829.79036008552,0.5205350631084357,11.0,0.34375,0.6193936143829409,19.0,0.59375,0.4206360965186605,2.0,0.0625,,,0.0,,,0.0,0.21548673407953592,0.3050483290288998,11.0,11.0,3163.6363636363635,1070.0,1.3781672856081704,0.8181818181818182,4.0118439426316194e-05,3.481639191261835e+23,682434.9916830454,5,2025-06-12 00:00:00+00:00,0,-17.895844907407408
1749708000000,16,0.7870239025257368,48.118952363212344,89029.60693807137,0.9349312060905101,8.0,0.5,0.7303107222839155,7.0,0.4375,0.0007577357003006949,1.0,0.0625,,,0.0,,,0.0,0.5231360896998426,0.41179511639066746,8.0,8.0,1254.125,1126.0,1.1128304354821092,0.75,4.222099560198351e-05,3.4876487068646773e+23,215295.85199684667,6,2025-06-12 00:00:00+00:00,0,-17.85417824074074
1749711600000,26,0.9132830275394791,103.74165292977297,178235.86343765914,1.0337171278842527,10.0,0.38461538461538464,0.5125369670471398,12.0,0.46153846153846156,0.9043705872071269,3.0,0.11538461538461539,4.544632070996872,1.0,0.038461538461538464,,,0.0,0.2413314847468139,0.7923856431374388,10.0,10.0,2424.6,1580.5,1.4650317469088452,0.5,4.931689662197979e-05,3.4794703379916525e+23,482689.1770481181,7,2025-06-12 00:00:00+00:00,0,-17.812511574074072
1749715200000,26,0.5599603327368599,63.6975101552499,121350.03217358563,0.8455868723936154,12.0,0.46153846153846156,0.2689520629222348,12.0,0.46153846153846156,0.592250713684077,2.0,0.07692307692307693,,,0.0,,,0.0,0.25801792546964897,0.5875689469239664,12.0,12.0,1515.8333333333333,1569.0,1.215893377032759,0.5,4.975847297565957e-05,3.481349483899134e+23,345855.9975940186,8,2025-06-12 00:00:00+00:00,0,-17.770844907407408
1749718800000,19,0.5114347775383896,53.17706408772651,105083.2461391812,0.5497377189432756,13.0,0.6842105263157895,0.4753796384610086,5.0,0.2631578947368421,0.1937722346617753,1.0,0.05263157894736842,,,0.0,,,0.0,0.16368356217685637,0.3860541567664193,13.0,13.0,15440.307692307691,12485.0,3.3597610495130246,0.3076923076923077,3.36761057146791e-05,3.517406587033906e+23,194959.35680913329,9,2025-06-12 00:00:00+00:00,0,-17.72917824074074
1749722400000,26,0.9019493373877547,101.58065487632713,185486.76860549836,1.023068847949564,14.0,0.5384615384615384,0.897322729036647,10.0,0.38461538461538464,0.0772458052106283,2.0,0.07692307692307693,,,0.0,,,0.0,0.2612339049472124,0.7618349430023518,14.0,14.0,3091.785714285714,1405.5,1.5287295401082883,0.6428571428571429,5.237078853081001e-05,3.411311497296193e+23,404004.5873630709,10,2025-06-12 00:00:00+00:00,0,-17.687511574074072
1749726000000,23,0.8559637404704435,80.3952180257107,146416.60475896735,1.101727400451562,11.0,0.4782608695652174,0.6763271197056431,8.0,0.34782608695652173,0.5393869170519693,4.0,0.17391304347826086,,,0.0,,,0.0,0.4257239655495427,0.6760034349020192,11.0,11.0,1785.4545454545455,1746.0,1.2635541316632037,0.45454545454545453,4.6167870669367455e-05,3.288532026802128e+23,468903.64892018284,11,2025-06-12 00:00:00+00:00,0,-17.645844907407408
1749729600000,27,0.7508983736090882,82.5918394086733,145941.97577574512,0.585875787211906,12.0,0.4444444444444444,1.0680444868971284,12.0,0.4444444444444444,0.14240426604565617,3.0,0.1111111111111111,,,0.0,,,0.0,0.23342189815987704,0.352453889052029,12.0,12.0,1429.4166666666667,1161.5,1.1471515381957347,0.6666666666666666,5.7179942428263795e-05,3.304136222059891e+23,589983.5204127779,12,2025-06-12 00:00:00+00:00,0,-17.60417824074074
1749733200000,52,0.7884859619816708,177.990445875163,327241.08820685046,0.7258009052662241,26.0,0.5,0.8572955841295595,19.0,0.36538461538461536,0.834547198237632,7.0,0.1346153846153846,,,0.0,,,0.0,0.36618352830390355,0.35961737696232043,26.0,26.0,1365.423076923077,1156.5,1.0837447444031563,0.6923076923076923,8.900907071318706e-05,3.284852065351278e+23,897546.1064024447,13,2025-06-12 00:00:00+00:00,0,-17.562511574074072
1749736800000,50,0.7730956569080449,171.7994716653269,306472.10220433044,1.2004161286285338,23.0,0.46,0.39149462362871595,22.0,0.44,0.4864660334228431,5.0,0.1,,,0.0,,,0.0,0.5046539505947303,0.6957621780338034,23.0,23.0,1336.2608695652175,1167.0,1.0724006382334819,0.7391304347826086,6.46811492712096e-05,3.502047582951165e+23,1230311.0503895115,14,2025-06-12 00:00:00+00:00,0,-17.520844907407408
1749740400000,60,1.0460690728193118,270.568582312529,470762.6907121692,1.308124670174282,34.0,0.5666666666666667,0.7994243103428845,18.0,0.3,0.48728349963265016,8.0,0.13333333333333333,,,0.0,,,0.0,0.24525503042327912,1.0628696397510027,34.0,34.0,2881.0,1418.0,1.497484772767972,0.5588235294117647,9.123495723168342e-05,3.430749426981892e+23,1520784.5098209328,15,2025-06-12 00:00:00+00:00,0,-17.47917824074074
1749744000000,61,0.8103615961198316,221.44499444108143,399846.47708009416,0.8927440729226865,29.0,0.47540983606557374,0.7956993640448928,25.0,0.4098360655737705,0.521427878204215,7.0,0.11475409836065574,,,0.0,,,0.0,0.17135138751121676,0.7213926854114697,29.0,29.0,1725.1724137931035,1284.0,1.1831798967105376,0.6896551724137931,8.44328910619644e-05,3.525523841700556e+23,933370.188434505,16,2025-06-12 00:00:00+00:00,0,-17.437511574074072
1749747600000,42,0.8098088328006098,145.22334214602023,250892.80224890236,0.7021523383002036,25.0,0.5952380952380952,0.3729578226783258,10.0,0.23809523809523808,0.8504366202241087,5.0,0.11904761904761904,4.238200596108359,2.0,0.047619047619047616,,,0.0,0.43095202575685215,0.27120031254335153,25.0,25.0,1043.56,985.0,0.9730245862123839,0.8,5.7473369928320354e-05,3.186162576358374e+23,862139.1529159837,17,2025-06-12 00:00:00+00:00,0,-17.395844907407408
1749751200000,61,1.418567706572701,607.8165602768877,591945.1131817476,1.004915642910535,27.0,0.4426229508196721,2.015925351399137,27.0,0.4426229508196721,0.7099890363676575,7.0,0.11475409836065574,,,0.0,,,0.0,0.18361792816325032,0.8212977147472847,27.0,27.0,1545.148148148148,1158.0,1.1352314083039312,0.6296296296296297,8.209728106548778e-05,3.38284405711765e+23,1342693.1170361778,18,2025-06-12 00:00:00+00:00,0,-17.35417824074074
1749754800000,64,0.7860186432394031,222.8308083982987,415345.15550135495,0.7903476912591979,28.0,0.4375,0.9899045431847145,23.0,0.359375,0.41597333221660154,13.0,0.203125,,,0.0,,,0.0,0.2454931852205906,0.5448545060386072,28.0,28.0,2528.1071428571427,1174.0,1.2985509880592487,0.75,9.425763218956907e-05,3.5026619579555035e+23,1208623.8522474894,19,2025-06-12 00:00:00+00:00,0,-17.312511574074072
1749758400000,125,1.54783433283602,867.4645032870948,1369773.0127951514,0.9147532800410344,45.0,0.36,2.2527604168244326,60.0,0.48,0.7336504271558266,18.0,0.144,1.9720306521925401,2.0,0.016,,,0.0,0.2295791520618657,0.6851741279791688,45.0,45.0,1171.2666666666667,1122.0,1.0379062769528429,0.7333333333333333,0.00013885590232197686,3.24894116844838e+23,6304922.370607277,20,2025-06-12 00:00:00+00:00,0,-17.270844907407408
1749762000000,58,0.8111759177213584,201.9948165903572,385299.1951727006,0.8298061197769763,29.0,0.5,0.8867378664591573,20.0,0.3448275862068966,0.5832298250137036,9.0,0.15517241379310345,,,0.0,,,0.0,0.2643237973494659,0.5654823224275102,29.0,29.0,1336.1379310344828,985.0,1.0880904578521817,0.7586206896551724,9.103139384598999e-05,3.286012998556715e+23,981591.3765918402,21,2025-06-12 00:00:00+00:00,0,-17.22917824074074
1749765600000,72,0.7915275756336795,216.43793102905752,387516.8180907335,0.8145536005405778,31.0,0.4305555555555556,0.9783468361473967,26.0,0.3611111111111111,0.4201204059356466,15.0,0.20833333333333334,,,0.0,,,0.0,0.1878252898119475,0.6267283107286303,31.0,31.0,1939.2903225806451,1275.0,1.2465826393122938,0.6774193548387096,8.987380414584782e-05,3.244267585883138e+23,882521.2343209474,22,2025-06-12 00:00:00+00:00,0,-17.187511574074072
1749769200000,51,0.8956276194019711,196.81009669505508,354877.6997113422,1.009478289989989,23.0,0.45098039215686275,0.9258314494880442,18.0,0.35294117647058826,0.4563572273753912,8.0,0.1568627450980392,1.0715920049714267,2.0,0.0392156862745098,,,0.0,0.15681463671815626,0.8526636532718327,23.0,23.0,1538.608695652174,1107.0,1.1455597998753573,0.7391304347826086,8.180387098395129e-05,3.259711012925861e+23,620078.3346337955,23,2025-06-12 00:00:00+00:00,0,-17.145844907407408
1749772800000,190,1.2153248484886814,969.559706642951,1656552.4025403403,1.2292370140927034,75.0,0.39473684210526316,1.4927388943655757,71.0,0.3736842105263158,0.7439655376350196,44.0,0.23157894736842105,,,0.0,,,0.0,0.3577476686657465,0.8714893454269568,75.0,75.0,1111.6533333333334,980.0,0.9972855149370613,0.7866666666666666,0.00019673990325316378,2.99851299633261e+23,7312167.751864725,0,2025-06-13 00:00:00+00:00,0,-17.10417824074074
1749776400000,147,1.1384990194341718,657.850596844115,1181571.1594682012,1.0637266560993397,66.0,0.4489795918367347,1.3585368336907897,53.0,0.36054421768707484,0.8982480131662486,28.0,0.19047619047619047,,,0.0,,,0.0,0.5470952060736364,0.5166314500257033,66.0,66.0,1208.3030303030303,1138.5,1.0541549932723435,0.7424242424242424,0.00016526485571100917,2.943402773704492e+23,4198966.790446077,1,2025-06-13 00:00:00+00:00,0,-17.062511574074072
1749780000000,88,0.8201587137038632,271.62895140815385,496871.38585560827,0.6684464054259212,31.0,0.3522727272727273,1.0597838135779738,38.0,0.4318181818181818,0.5645960852908811,18.0,0.20454545454545456,1.0176137865375345,1.0,0.011363636363636364,,,0.0,0.2472355217892557,0.4212108836366654,31.0,31.0,1906.741935483871,1439.0,1.2808244182268125,0.6129032258064516,0.00011500340415051581,2.9882804282935308e+23,2821216.323991905,2,2025-06-13 00:00:00+00:00,0,-17.020844907407408
1749783600000,67,1.0891347630021186,289.4780071082457,501152.1887566298,0.7618343719916437,24.0,0.3582089552238806,1.346010543566057,33.0,0.4925373134328358,1.020471649982194,9.0,0.13432835820895522,1.0854114058228603,1.0,0.014925373134328358,,,0.0,0.18718340505976602,0.5746509669318778,24.0,24.0,1739.4166666666667,1466.0,1.2535512507901714,0.5,0.00010829219204239137,3.107517208023986e+23,1754697.3158525403,3,2025-06-13 00:00:00+00:00,0,-16.97917824074074
1749787200000,62,0.9127263459195715,233.57162028643097,400753.86747666507,0.8465520811500914,20.0,0.3225806451612903,0.7811722129999773,33.0,0.532258064516129,0.5338444753709469,8.0,0.12903225806451613,9.608552992044777,1.0,0.016129032258064516,,,0.0,0.2538596518471036,0.5926924293029878,20.0,20.0,2002.9,1434.0,1.2928759448364695,0.6,7.493436536429847e-05,3.1579725439732665e+23,1346591.2465910749,4,2025-06-13 00:00:00+00:00,0,-16.937511574074072
1749790800000,44,0.9075846388899723,142.4569220232073,244878.33072035128,0.7967876866489421,18.0,0.4090909090909091,0.9935609833060288,16.0,0.36363636363636365,0.46120722083314675,9.0,0.20454545454545456,5.543705031083039,1.0,0.022727272727272728,,,0.0,0.26334149725119854,0.5334461893977436,18.0,18.0,1354.1666666666667,1187.5,1.0497262633908078,0.7222222222222222,7.961031768669976e-05,3.229215283592228e+23,678502.1505849406,5,2025-06-13 00:00:00+00:00,0,-16.895844907407408
1749794400000,49,0.8726534661416602,184.13112055467641,347233.4746599819,1.07919651979782,23.0,0.46938775510204084,0.7923679679462383,21.0,0.42857142857142855,0.2597545117440968,5.0,0.10204081632653061,,,0.0,,,0.0,0.18713825107824197,0.8920582687195779,23.0,23.0,4364.652173913043,1502.0,1.6733361526171977,0.4782608695652174,9.7641925819926e-05,3.157795303928576e+23,810752.4231015794,6,2025-06-13 00:00:00+00:00,0,-16.85417824074074
1749798000000,43,0.9936440008157527,174.25375183011028,319126.1146627456,0.8386789443274494,16.0,0.37209302325581395,1.2014377225496824,23.0,0.5348837209302325,0.4186903267988694,4.0,0.09302325581395349,,,0.0,,,0.0,0.3711767565835232,0.46750218774392616,16.0,16.0,1815.75,1422.0,1.2629961031121437,0.6875,7.757613719840535e-05,3.397404373188009e+23,829905.2028498256,7,2025-06-13 00:00:00+00:00,0,-16.812511574074072
1749801600000,49,0.9884659736619601,224.7526387619811,407837.0999800871,0.8428587298622239,26.0,0.5306122448979592,1.171448138905522,20.0,0.40816326530612246,0.8012791351913506,2.0,0.04081632653061224,1.4889846845250787,1.0,0.02040816326530612,,,0.0,0.24186369373821254,0.6009950361240114,26.0,26.0,1601.576923076923,1160.5,1.1961516248282527,0.6153846153846154,7.877855587744763e-05,3.5329238790619205e+23,1203516.158108473,8,2025-06-13 00:00:00+00:00,0,-16.770844907407408
1749805200000,45,0.8337349638072971,176.84901741949244,328987.2945355552,0.8595872883326905,21.0,0.4666666666666667,0.8866392824131258,18.0,0.4,0.5845388721509347,6.0,0.13333333333333333,,,0.0,,,0.0,0.4024276696966003,0.45715961863609006,21.0,21.0,1868.1904761904761,1308.0,1.2526025111441914,0.6666666666666666,7.679413267537038e-05,3.520044841880841e+23,662713.5341325037,9,2025-06-13 00:00:00+00:00,0,-16.72917824074074
1749808800000,61,0.9009532744161748,211.0657066852314,378825.4071569101,0.873302176758291,27.0,0.4426229508196721,1.040597943426836,24.0,0.39344262295081966,0.6404640324668741,10.0,0.16393442622950818,,,0.0,,,0.0,0.3764357985603067,0.49686637819798435,27.0,27.0,2647.296296296296,1487.0,1.3518329865403358,0.5185185185185185,7.771279163055842e-05,3.517497606596068e+23,952370.9544534251,10,2025-06-13 00:00:00+00:00,0,-16.687511574074072
1749812400000,40,0.6550660096353343,115.82161892389816,216938.15750830568,0.7379648591355386,16.0,0.4,0.647259451015893,16.0,0.4,0.5048814278738089,8.0,0.2,,,0.0,,,0.0,0.19725170227060262,0.5407131568649359,16.0,16.0,1409.125,1213.5,1.161791433107004,0.75,7.633628269190116e-05,3.517614860250213e+23,615769.5395765897,11,2025-06-13 00:00:00+00:00,0,-16.645844907407408
1749816000000,35,0.6625274629546711,119.15179567536758,225389.67236185662,0.7157297932092231,16.0,0.45714285714285713,0.7417218255742133,14.0,0.4,0.27053579080538614,5.0,0.14285714285714285,,,0.0,,,0.0,0.2831244910186286,0.43260530219059457,16.0,16.0,1655.1875,1015.5,1.1748464530847513,0.6875,6.550727431034215e-05,3.5489747225271345e+23,530820.9512432294,12,2025-06-13 00:00:00+00:00,0,-16.60417824074074
1749819600000,63,0.839887398903342,236.78714780487996,437344.7927495448,0.7546744626319386,24.0,0.38095238095238093,0.8507225657932902,27.0,0.42857142857142855,0.9859341459437645,12.0,0.19047619047619047,,,0.0,,,0.0,0.11080100323899045,0.6438734593929482,24.0,24.0,1592.375,1383.5,1.1819117596387798,0.6666666666666666,9.782128119500966e-05,3.531337729898782e+23,1260875.7559853976,13,2025-06-13 00:00:00+00:00,0,-16.562511574074072
1749823200000,110,0.8119465372484903,386.78691924995894,710794.6454463964,0.686639162992914,42.0,0.38181818181818183,0.9637822594588414,44.0,0.4,0.7528689514767714,24.0,0.21818181818181817,,,0.0,,,0.0,0.1861847173294085,0.5004544456635054,42.0,42.0,1326.095238095238,1210.5,1.0832768481518373,0.7857142857142857,0.00011571548078951614,3.4991599552625587e+23,2388333.8573623244,14,2025-06-13 00:00:00+00:00,0,-16.520844907407408
1749826800000,95,0.887908598888138,380.82435160713675,679995.6686890117,0.7415300691570715,35.0,0.3684210526315789,1.0950046516595646,44.0,0.4631578947368421,0.6245942974258206,14.0,0.14736842105263157,0.736619818446642,2.0,0.021052631578947368,,,0.0,0.20927883068776423,0.5322512384693073,35.0,35.0,1211.3714285714286,1135.0,1.0277724703188547,0.8857142857142857,0.00010357924742296296,3.600791214277238e+23,2260289.5644445936,15,2025-06-13 00:00:00+00:00,0,-16.47917824074074
1749830400000,92,1.4297237523738715,649.7047036337678,1030731.429704958,0.685746834181397,41.0,0.44565217391304346,2.5465889409828235,31.0,0.33695652173913043,1.3643751472659547,15.0,0.16304347826086957,0.8018161275004143,5.0,0.05434782608695652,,,0.0,0.16555731778236754,0.5201895163990293,41.0,41.0,1491.0731707317073,1120.0,1.10589550010129,0.6829268292682927,7.763114078028113e-05,3.6183409296970344e+23,5039349.462594635,16,2025-06-13 00:00:00+00:00,0,-16.437511574074072
1749834000000,72,0.8786637226537299,320.00285640117903,568097.2689615426,0.7409769696592134,30.0,0.4166666666666667,0.9002117314163699,29.0,0.4027777777777778,1.1279039261223172,12.0,0.16666666666666666,1.3934916167496247,1.0,0.013888888888888888,,,0.0,0.36583769712373193,0.37513927253548146,30.0,30.0,2263.9333333333334,1200.5,1.3298695348461593,0.6,8.479668069328946e-05,3.544236022822396e+23,1442363.540686371,17,2025-06-13 00:00:00+00:00,0,-16.395844907407408
1749837600000,88,0.7775904198833419,311.86256729469494,597393.2185909502,0.6821957242829327,38.0,0.4318181818181818,1.0097597577577118,30.0,0.3409090909090909,0.6105863347125638,20.0,0.22727272727272727,,,0.0,,,0.0,0.2140387302345392,0.4681569940483936,38.0,38.0,1987.0526315789473,1161.5,1.2366405248970223,0.7105263157894737,9.88773676891754e-05,3.528841112099105e+23,1607191.9791279186,18,2025-06-13 00:00:00+00:00,0,-16.35417824074074
1749841200000,95,0.6643317381424965,276.8110017904897,514398.51498638367,0.7068663428271624,41.0,0.43157894736842106,0.7045893808228985,36.0,0.37894736842105264,0.4869320754443975,18.0,0.18947368421052632,,,0.0,,,0.0,0.11926293656332249,0.5876034062638399,41.0,41.0,1486.9268292682927,1182.0,1.1505942940342535,0.7073170731707317,0.00010554484347717148,3.5492810151321124e+23,1199626.4534483575,19,2025-06-13 00:00:00+00:00,0,-16.312511574074072
1749844800000,68,0.5833812458426583,201.48899285617287,385005.9213600651,0.5676860258515519,31.0,0.45588235294117646,0.5522759949472773,24.0,0.35294117647058826,0.5752923900408524,11.0,0.16176470588235295,1.2444088733593084,2.0,0.029411764705882353,,,0.0,0.15270994704647958,0.41497607880507237,31.0,31.0,1357.5483870967741,1085.0,1.0150866683016704,0.7419354838709677,8.479057804243363e-05,3.555112333769054e+23,776735.7545715516,20,2025-06-13 00:00:00+00:00,0,-16.270844907407408
1749848400000,48,0.5876024384956627,139.37284434687862,244967.37605572384,0.5476740405166958,29.0,0.6041666666666666,0.7177286522470948,16.0,0.3333333333333333,0.27957047895137116,3.0,0.0625,,,0.0,,,0.0,0.15951575695528722,0.3881582835614086,29.0,29.0,1461.655172413793,823.0,1.0233865974243683,0.8620689655172413,6.653595509801581e-05,3.6178790559800746e+23,460840.5931441985,21,2025-06-13 00:00:00+00:00,0,-16.22917824074074
1749852000000,27,0.6713372469375923,86.51693772115328,162551.4437838558,0.6336760384110796,13.0,0.48148148148148145,0.806314277796154,12.0,0.4444444444444444,0.10627291720855403,2.0,0.07407407407407407,,,0.0,,,0.0,0.14836907305061553,0.4853069653604641,13.0,13.0,1560.076923076923,885.0,1.1462361766380806,0.6923076923076923,4.390855756562486e-05,3.609626306726284e+23,409457.2374187657,22,2025-06-13 00:00:00+00:00,0,-16.187511574074072
1749855600000,17,0.8204910252879868,65.88057458734302,114482.55648488035,1.1163279839467528,9.0,0.5294117647058824,0.47928203817216175,7.0,0.4117647058823529,0.5464213071698686,1.0,0.058823529411764705,,,0.0,,,0.0,0.5034765949809235,0.6128513889658294,9.0,9.0,1052.3333333333333,792.0,0.9785646435809845,0.8888888888888888,4.472404098419389e-05,3.6082176505311254e+23,304544.67728232214,23,2025-06-13 00:00:00+00:00,0,-16.145844907407408
1749859200000,50,0.5017434588613189,129.2463861455575,245557.36402208437,0.5252114657477552,23.0,0.46,0.3425822308657935,19.0,0.38,0.3600404571253954,7.0,0.14,3.9779636445397326,1.0,0.02,,,0.0,0.23021271661425552,0.2949987491334996,23.0,23.0,2703.0,903.0,1.2753812140854053,0.7391304347826086,8.381634158153577e-05,3.607580256615439e+23,816311.9881069161,0,2025-06-14 00:00:00+00:00,0,-16.10417824074074
1749862800000,12,1.5117918456305175,113.1383564873951,147550.09593062152,3.43267402613046,5.0,0.4166666666666667,0.030683488845832836,2.0,0.16666666666666666,0.2264778247074205,4.0,0.3333333333333333,0.010853740392562268,1.0,0.08333333333333333,,,0.0,0.18793049456434108,3.244743531566119,5.0,5.0,1191.8,1435.0,1.0540306901060041,0.8,5.1464578044145495e-05,3.595266135387643e+23,254012.71470383817,1,2025-06-14 00:00:00+00:00,0,-16.062511574074072
1749866400000,21,0.5953199525164236,58.50356011642053,109209.06258344266,0.4092618853532336,8.0,0.38095238095238093,1.0370109302259374,7.0,0.3333333333333333,0.3280912347395773,6.0,0.2857142857142857,,,0.0,,,0.0,0.24469423973161752,0.16456764562161608,8.0,8.0,3453.375,1150.5,1.3805002070878607,0.625,3.883142066451325e-05,3.563260934708176e+23,375254.0575345655,2,2025-06-14 00:00:00+00:00,0,-16.020844907407408
1749870000000,12,0.8216444210780018,44.39669399519796,80555.24286660159,1.0484171243787206,6.0,0.5,0.5948717177772832,6.0,0.5,,,0.0,,,0.0,,,0.0,0.12210243307646222,0.9263146913022583,6.0,6.0,1287.0,1130.0,1.1150949351614574,0.8,3.84137281749191e-05,3.569253935435844e+23,160958.4306556869,3,2025-06-14 00:00:00+00:00,0,-15.97917824074074
1749873600000,10,0.15057778837257885,11.56267415549121,23852.538083183623,0.10844010589414632,8.0,0.8,0.31912851828630895,2.0,0.2,,,0.0,,,0.0,,,0.0,0.06385757874885922,0.0445825271452871,8.0,8.0,2000.5,1287.0,1.297486993979608,0.625,3.0094481075043724e-05,3.5796395869796364e+23,97941.28051375605,4,2025-06-14 00:00:00+00:00,0,-15.937511574074074
1749877200000,4,0.1525636292423792,9.257060199704286,19722.025248460857,0.1525636292423792,4.0,1.0,,,0.0,,,0.0,,,0.0,,,0.0,0.11698129228715926,0.03558233695521995,4.0,4.0,2067.0,1621.0,1.4105123026556512,0.3333333333333333,1.6433278480203537e-05,3.579647604695121e+23,146619.23186483828,5,2025-06-14 00:00:00+00:00,0,-15.895844907407408
1749880800000,5,0.974209465549496,20.0234032415265,35930.554342706106,0.8460854742636847,3.0,0.6,1.1663954524782127,2.0,0.4,,,0.0,,,0.0,,,0.0,0.03159365404718755,0.8144918202164971,3.0,3.0,804.3333333333334,479.0,0.7307057481435123,0.6666666666666666,4.1473007886032336e-05,3.5779440908620425e+23,103320.80648472802,6,2025-06-14 00:00:00+00:00,0,-15.85417824074074
1749884400000,18,0.9386743534861002,71.0036381384242,131618.24045216758,0.8346420949745909,9.0,0.5,1.1203109087078211,8.0,0.4444444444444444,0.4218722383159167,1.0,0.05555555555555555,,,0.0,,,0.0,0.5915313656942601,0.24311072928033065,9.0,9.0,1675.5555555555557,1412.0,1.2356556914167076,0.5555555555555556,3.566085762768671e-05,3.569083135834175e+23,324067.12580252154,7,2025-06-14 00:00:00+00:00,0,-15.812511574074074
1749888000000,22,0.6253207038504065,63.75904413265023,121640.07180531918,0.639653437445972,12.0,0.5454545454545454,0.5991179989277482,9.0,0.4090909090909091,0.6891522450075448,1.0,0.045454545454545456,,,0.0,,,0.0,0.1475963882412674,0.49205704920470456,12.0,12.0,8982.25,1164.5,2.1806532540775043,0.5833333333333334,3.351244486598663e-05,3.55735973591832e+23,260456.07037564612,8,2025-06-14 00:00:00+00:00,0,-15.770844907407408
1749891600000,7,0.830408819333626,24.546764206162933,44447.460193340616,0.5949410412670096,3.0,0.42857142857142855,1.2486694236452145,3.0,0.42857142857142855,0.2820303405987089,1.0,0.14285714285714285,,,0.0,,,0.0,0.05483539162687723,0.5401056496401324,3.0,3.0,2236.3333333333335,1835.0,1.481308777235255,0.0,2.2925088116410705e-05,3.601291892802864e+23,114914.86330293876,9,2025-06-14 00:00:00+00:00,0,-15.72917824074074
1749895200000,19,0.4029697917824584,42.38417434545466,84067.51458356724,0.3810843111751642,13.0,0.6842105263157895,0.5239658768477805,5.0,0.2631578947368421,0.08250061435067113,1.0,0.05263157894736842,,,0.0,,,0.0,0.1364150912271464,0.24466921994801785,13.0,13.0,3139.5384615384614,1394.0,1.5100725654605764,0.5384615384615384,3.4405472729366354e-05,3.761237413565653e+23,145030.93777975588,10,2025-06-14 00:00:00+00:00,0,-15.687511574074074
1749898800000,8,0.4787592470592616,23.513336290615747,46315.8532858359,0.7347292338430499,4.0,0.5,0.2227892602754732,4.0,0.5,,,0.0,,,0.0,,,0.0,0.2455320210192945,0.4891972128237554,4.0,4.0,2074.75,1197.0,1.25720246473392,0.5,2.964033256106531e-05,3.7901469678326376e+23,108403.22693798412,11,2025-06-14 00:00:00+00:00,0,-15.645844907407408
1749902400000,16,0.9654303356862503,73.37482500641161,129689.25045091605,1.1073325349761398,8.0,0.5,0.8235281363963608,8.0,0.5,,,0.0,,,0.0,,,0.0,0.4468143026181747,0.660518232357965,8.0,8.0,1884.25,1143.0,1.1630912556917155,0.625,4.436078724300686e-05,3.75417320117156e+23,364290.3215311448,12,2025-06-14 00:00:00+00:00,0,-15.60417824074074
1749906000000,17,0.5842289962895588,49.74624014319455,94845.13337410681,0.6622169013099964,8.0,0.47058823529411764,0.5802578762333329,7.0,0.4117647058823529,0.28617629640459874,2.0,0.11764705882352941,,,0.0,,,0.0,0.1636906008729887,0.49852630043700774,8.0,8.0,1636.625,1640.5,1.2248529475695369,0.5,3.514283876965685e-05,3.7834179977757544e+23,234146.4584205177,13,2025-06-14 00:00:00+00:00,0,-15.562511574074074
1749909600000,2,1.0684080258854856,8.86253637220438,15010.760842421303,,,0.0,1.0684080258854856,2.0,1.0,,,0.0,,,0.0,,,0.0,,,,,,,,,1.778617494029866e-05,3.77776411199371e+23,72175.26204711534,14,2025-06-14 00:00:00+00:00,0,-15.520844907407408
1749913200000,16,1.4636536196865935,123.78239787989587,171632.3713774742,0.8859620481616082,6.0,0.375,1.8102685626015844,10.0,0.625,,,0.0,,,0.0,,,0.0,0.7384353842641437,0.14752666389746447,6.0,6.0,1275.1666666666667,987.5,1.093921797260118,0.8333333333333334,3.4977427737128785e-05,3.768047971219681e+23,471379.8346047069,15,2025-06-14 00:00:00+00:00,0,-15.47917824074074
1749916800000,26,0.9253642494286543,114.58813662347781,197511.58501329584,0.8867910011661805,15.0,0.5769230769230769,1.0003349543468198,10.0,0.38461538461538464,0.7542559241841039,1.0,0.038461538461538464,,,0.0,,,0.0,0.2492725491730673,0.6375184519931132,15.0,15.0,1106.6,977.0,1.0145920168417761,0.8666666666666667,6.111226927197586e-05,3.7543124774075446e+23,457457.1790386903,16,2025-06-14 00:00:00+00:00,0,-15.437511574074074
1749920400000,27,0.41448038623265,54.49460374968463,106825.51982927255,0.42904853931003284,10.0,0.37037037037037035,0.4105902576891022,13.0,0.48148148148148145,0.39070292130572326,4.0,0.14814814814814814,,,0.0,,,0.0,0.28989885276620597,0.13914968654382687,10.0,10.0,1270.6,1205.5,1.057430755567189,0.7,5.1003768669557604e-05,3.741016023959496e+23,384794.94765275466,17,2025-06-14 00:00:00+00:00,0,-15.395844907407408
1749924000000,52,0.5441578676312727,156.1286964284174,300042.92152468086,0.5858582800656865,31.0,0.5961538461538461,0.38594757150234743,11.0,0.21153846153846154,0.5889179148264079,10.0,0.19230769230769232,,,0.0,,,0.0,0.10894332537993634,0.4769149546857501,31.0,31.0,2135.3870967741937,1007.0,1.1653828304657738,0.7419354838709677,5.3154868438055836e-05,3.735958454360453e+23,746639.5196650351,18,2025-06-14 00:00:00+00:00,0,-15.35417824074074
1749927600000,36,0.6729008788934511,120.55138340633404,225748.81139705473,0.8683239194848169,21.0,0.5833333333333334,0.2860371457129152,7.0,0.19444444444444445,0.5087512822127315,7.0,0.19444444444444445,0.42611033550355326,1.0,0.027777777777777776,,,0.0,0.22728077392926793,0.641043145555549,21.0,21.0,1064.904761904762,1113.0,1.0158147423801491,0.9523809523809523,6.290727190989876e-05,3.740491646032697e+23,513982.266976813,19,2025-06-14 00:00:00+00:00,0,-15.312511574074074
1749931200000,63,0.7925454135655828,224.53172690328293,403366.38072782865,0.8586226333264538,43.0,0.6825396825396826,0.8553400559222192,13.0,0.20634920634920634,0.2700238706579074,7.0,0.1111111111111111,,,0.0,,,0.0,0.20356091973800253,0.6550617135884513,43.0,43.0,1460.6046511627908,1028.0,1.1100519474293513,0.7441860465116279,6.893953647901301e-05,3.753069011451776e+23,775132.3594474561,20,2025-06-14 00:00:00+00:00,0,-15.270844907407408
1749934800000,56,0.37624945307497387,117.67655276491172,229526.92583615662,0.4729876024024776,35.0,0.625,0.12253773599452555,16.0,0.2857142857142857,0.4466463304100875,4.0,0.07142857142857142,0.7682141905590621,1.0,0.017857142857142856,,,0.0,0.12951696397477355,0.34347063842770403,35.0,35.0,1442.8285714285714,1071.0,1.0669159634575667,0.7428571428571429,7.560063840190391e-05,3.7875371807141614e+23,718543.9297040853,21,2025-06-14 00:00:00+00:00,0,-15.22917824074074
1749938400000,15,0.5722403772083446,45.65537522846447,85273.32431489715,0.6713938555217969,7.0,0.4666666666666667,0.48548108368407383,8.0,0.5333333333333333,,,0.0,,,0.0,,,0.0,0.1400411733938864,0.5313526821279105,7.0,7.0,1326.5714285714287,1158.0,1.1443310108302163,0.8571428571428571,3.642589424228468e-05,3.788273735855745e+23,133111.5387474271,22,2025-06-14 00:00:00+00:00,0,-15.187511574074074
1749942000000,5,0.7823818383961888,14.620712799290981,27202.38937126455,0.5860477337543734,3.0,0.6,1.2836000263477576,1.0,0.2,0.8701659643700664,1.0,0.2,,,0.0,,,0.0,0.3373968078329613,0.24865092592141202,3.0,3.0,986.3333333333334,885.0,0.9905102028159479,1.0,3.2427381423646295e-05,3.7879341254653773e+23,59434.25107451976,23,2025-06-14 00:00:00+00:00,0,-15.145844907407408
1749945600000,19,0.7201721351321656,73.9853128215479,137454.228479102,0.8183892617870897,12.0,0.631578947368421,0.6181260616685231,6.0,0.3157894736842105,0.15384305605492965,1.0,0.05263157894736842,,,0.0,,,0.0,0.1457888961399059,0.6726003656471838,12.0,12.0,1077.0833333333333,1002.5,1.0193390406222311,0.75,4.631215743579977e-05,3.804211450890732e+23,279599.0814119907,0,2025-06-15 00:00:00+00:00,0,-15.10417824074074
1749949200000,12,0.2757947831241768,20.514474679332224,41502.546513374655,0.3525491858887885,5.0,0.4166666666666667,0.07171561562369522,5.0,0.4166666666666667,0.5941066949638517,2.0,0.16666666666666666,,,0.0,,,0.0,0.1704215613428416,0.1821276245459469,5.0,5.0,1549.0,1459.0,1.2252555690311853,0.6,2.801880734582512e-05,3.798639497555591e+23,122782.6883865543,1,2025-06-15 00:00:00+00:00,0,-15.062511574074074
1749952800000,9,0.4962240716703734,27.492457072758462,54611.7640994111,0.42576029480573696,4.0,0.4444444444444444,0.5494424397576716,3.0,0.3333333333333333,0.557324073268699,2.0,0.2222222222222222,,,0.0,,,0.0,0.11174686325943639,0.31401343154630057,4.0,4.0,827.25,724.0,0.8989454712161543,1.0,2.643217686508406e-05,3.8185288886858524e+23,105316.69416261307,2,2025-06-15 00:00:00+00:00,0,-15.020844907407408
1749963600000,21,1.3270526385460013,160.903305258066,239497.3908726516,1.072004271162612,16.0,0.7619047619047619,3.477592241652824,3.0,0.14285714285714285,0.14163017295288227,2.0,0.09523809523809523,,,0.0,,,0.0,0.1773647542643907,0.8946395168982213,16.0,16.0,1407.4375,1425.5,1.1106318859072979,0.625,3.8297854098414575e-05,3.827189913559454e+23,310324.4685634479,5,2025-06-15 00:00:00+00:00,0,-14.895844907407408
1749967200000,26,0.520686265321249,69.29280691669624,132090.21019397664,0.5089061593653375,17.0,0.6538461538461539,0.5920004218004693,8.0,0.3076923076923077,0.1504348147379807,1.0,0.038461538461538464,,,0.0,,,0.0,0.2194579106043688,0.2894482487609687,17.0,17.0,2144.5882352941176,1135.0,1.2078984967565154,0.7647058823529411,4.972765745046601e-05,3.791606155121021e+23,436875.3719958599,6,2025-06-15 00:00:00+00:00,0,-14.85417824074074
1749970800000,25,0.5676425095559255,67.80809290196667,127299.44027155645,0.5581406585776431,13.0,0.52,0.4816008577404095,10.0,0.4,1.0596127999923421,2.0,0.08,,,0.0,,,0.0,0.2779770352976514,0.28016362327999167,13.0,13.0,3605.923076923077,1271.0,1.4170253706991929,0.6923076923076923,3.8047093541583384e-05,3.779257306959751e+23,360128.1156939329,7,2025-06-15 00:00:00+00:00,0,-14.812511574074074
1749974400000,10,0.944671909276722,42.664858339924045,71051.12896965299,3.153822201417693,2.0,0.2,0.23935953337717467,6.0,0.6,0.8514587448343924,2.0,0.2,,,0.0,,,0.0,0.2740980321652752,2.879724169252418,2.0,2.0,3235.0,3235.0,1.7786744501654879,0.0,2.933524540898228e-05,3.780488544049248e+23,237820.79365879713,8,2025-06-15 00:00:00+00:00,0,-14.770844907407408
1749978000000,21,0.6760405769761321,64.29841829683794,118359.9659701693,0.5043097231467395,11.0,0.5238095238095238,0.9595564042595287,9.0,0.42857142857142855,0.013437523548880288,1.0,0.047619047619047616,,,0.0,,,0.0,0.2322936092765523,0.2720161138701872,11.0,11.0,3970.3636363636365,1231.0,1.5189109835376664,0.6363636363636364,3.7211937935725635e-05,3.769577170677414e+23,234928.85553203267,9,2025-06-15 00:00:00+00:00,0,-14.72917824074074
1749981600000,19,0.638209908260279,67.85566406204215,130098.56003306575,0.7311001079480838,15.0,0.7894736842105263,0.28987165943101123,4.0,0.21052631578947367,,,0.0,,,0.0,,,0.0,0.18774138672717366,0.5433587212209101,15.0,15.0,1755.4,1250.0,1.2311342570670072,0.7333333333333333,3.302094036336463e-05,3.7968383691212605e+23,214768.0572024272,10,2025-06-15 00:00:00+00:00,0,-14.687511574074074
1749985200000,6,0.5474309947597018,17.14154413405641,32211.49742087279,0.8197751649802232,4.0,0.6666666666666666,0.0027426543186591726,2.0,0.3333333333333333,,,0.0,,,0.0,,,0.0,0.32058807268420686,0.49918709229601627,4.0,4.0,1311.3333333333333,1832.0,1.0513584203962907,0.3333333333333333,3.43417365500466e-05,3.7945564697463816e+23,156060.7646617262,11,2025-06-15 00:00:00+00:00,0,-14.645844907407408
1749988800000,16,0.6485580833615794,54.990967290850044,104898.94724009387,0.4534958855662855,7.0,0.4375,1.0964948903087974,6.0,0.375,0.20782959765616235,3.0,0.1875,,,0.0,,,0.0,0.22184750383046303,0.2316483817358225,7.0,7.0,1345.2857142857142,997.0,1.104361650806854,0.5714285714285714,4.800821431169308e-05,3.793836694406651e+23,250140.6770991155,12,2025-06-15 00:00:00+00:00,0,-14.60417824074074
1749992400000,48,0.6210848108185819,147.00919666747453,280264.6669661473,0.7774523681886624,20.0,0.4166666666666667,0.4652756590983415,15.0,0.3125,0.5602991283879661,13.0,0.2708333333333333,,,0.0,,,0.0,0.4891236269157261,0.2883287412729363,20.0,20.0,1305.9,1330.5,1.1157992142127546,0.6,6.457066132293963e-05,3.7936465403904266e+23,734826.5246952086,13,2025-06-15 00:00:00+00:00,0,-14.562511574074074
1749996000000,38,0.7180213622810618,140.9324872098231,257359.6228192863,0.8554348153178725,25.0,0.6578947368421053,0.3603630351011232,10.0,0.2631578947368421,0.7651036775741016,3.0,0.07894736842105263,,,0.0,,,0.0,0.17545822704943415,0.6799765882684383,25.0,25.0,1541.8,1207.0,1.1592914804446406,0.76,5.4139338328066705e-05,3.675033794087019e+23,488797.3805282592,14,2025-06-15 00:00:00+00:00,0,-14.520844907407408
1749999600000,22,0.7410338442675056,78.69896401933728,147658.39973793007,0.7442303120327126,12.0,0.5454545454545454,0.8180817517795702,9.0,0.4090909090909091,0.009245063476441724,1.0,0.045454545454545456,,,0.0,,,0.0,0.16744695372809784,0.5767833583046148,12.0,12.0,4259.0,1468.0,1.7797325145549048,0.5833333333333334,3.463608240595899e-05,3.7755565469911044e+23,280143.9985227671,15,2025-06-15 00:00:00+00:00,0,-14.47917824074074
1750003200000,24,0.5044141267367174,58.59112236959917,114278.20700706729,0.5016056339677955,14.0,0.5833333333333334,0.46823182393518786,8.0,0.3333333333333333,0.6688027873252889,2.0,0.08333333333333333,,,0.0,,,0.0,0.30460390377518454,0.19700173019261097,14.0,14.0,1004.7857142857143,912.0,0.9706061574314003,0.9285714285714286,4.726693469551074e-05,3.707230230755542e+23,283218.1951012188,16,2025-06-15 00:00:00+00:00,0,-14.437511574074074
1750006800000,14,0.4713776575048595,40.265638704422216,78571.4922872713,0.6312648683885955,9.0,0.6428571428571429,0.18358067791413457,5.0,0.35714285714285715,,,0.0,,,0.0,,,0.0,0.12546132440511779,0.5058035439834777,9.0,9.0,1126.0,800.0,0.96586546628661,0.7777777777777778,4.0409195919460294e-05,3.783042547391961e+23,151577.06700022196,17,2025-06-15 00:00:00+00:00,0,-14.395844907407408
1750010400000,16,0.2466618202028774,39.199471637851886,81418.59616361793,0.32997550249736374,10.0,0.625,0.10780568304540021,6.0,0.375,,,0.0,,,0.0,,,0.0,0.17129913115299533,0.1586763713443684,10.0,10.0,1362.0,989.0,1.0637643255833424,0.6,3.1880330807172304e-05,3.7819999703088236e+23,134390.1815681664,18,2025-06-15 00:00:00+00:00,0,-14.35417824074074
1750014000000,20,0.7068064445843224,69.9892229695087,133618.3961313798,0.8961141638481651,10.0,0.5,0.41586806151889927,7.0,0.35,0.7546369408575012,3.0,0.15,,,0.0,,,0.0,0.3024050095721308,0.5937091542760342,10.0,10.0,4188.4,1304.0,1.589046994186357,0.6,4.845946771155231e-05,3.652613814427225e+23,343269.0423562228,19,2025-06-15 00:00:00+00:00,0,-14.312511574074074
1750017600000,41,0.5468320020486512,103.81278431430475,199891.5479090662,0.6075172476651193,23.0,0.5609756097560976,0.5083820921728032,16.0,0.3902439024390244,0.15655095646605488,2.0,0.04878048780487805,,,0.0,,,0.0,0.18811012249535372,0.4194071251697655,23.0,23.0,4403.086956521739,1409.0,1.681963149787785,0.5652173913043478,6.386948860354436e-05,3.585395070578931e+23,847062.1560036282,20,2025-06-15 00:00:00+00:00,0,-14.270844907407408
1750021200000,44,0.5742572768195789,145.56766232084763,283201.3816009738,0.5558713877789356,26.0,0.5909090909090909,0.5348283672586317,16.0,0.36363636363636365,1.1287051108355195,2.0,0.045454545454545456,,,0.0,,,0.0,0.09581317531110772,0.4600582124678279,26.0,26.0,1616.076923076923,1095.5,1.1328146413399744,0.8461538461538461,7.327058929416004e-05,3.568328469471514e+23,622654.4685603552,21,2025-06-15 00:00:00+00:00,0,-14.22917824074074
1750024800000,53,0.5704279125200965,147.5655383942514,279578.48918858677,0.5324248027110415,19.0,0.3584905660377358,0.6393986368392574,27.0,0.5094339622641509,0.4075492739136254,7.0,0.1320754716981132,,,0.0,,,0.0,0.1944540393291192,0.3379707633819223,19.0,19.0,1224.0526315789473,1033.0,1.0234616140424646,0.7368421052631579,9.002993928257872e-05,3.601921225205435e+23,849267.0335116315,22,2025-06-15 00:00:00+00:00,0,-14.187511574074074
1750028400000,22,0.6112818941181616,60.50514517970152,111193.91717671773,0.899290353782132,7.0,0.3181818181818182,0.48157930143758987,13.0,0.5909090909090909,0.4463191377179808,2.0,0.09090909090909091,,,0.0,,,0.0,0.16666063433352757,0.7326297194486043,7.0,7.0,4253.571428571428,1516.0,1.6179479073627794,0.42857142857142855,5.146644750913536e-05,3.634059966575991e+23,423176.5285479147,23,2025-06-15 00:00:00+00:00,0,-14.145844907407408
1750032000000,53,0.6450460642236017,174.30697276470082,320579.66140337155,0.534076196847537,20.0,0.37735849056603776,0.6417983956590089,24.0,0.4528301886792453,0.4056317338060932,8.0,0.1509433962264151,4.857702100635191,1.0,0.018867924528301886,,,0.0,0.16414249008861892,0.3699337067589181,20.0,20.0,1284.05,1108.0,1.055187654734871,0.6,8.274856209921362e-05,3.6641984304446695e+23,924192.5765701415,0,2025-06-16 00:00:00+00:00,0,-14.10417824074074
1750035600000,70,0.8136431914390979,273.54632927442145,494955.84350703115,0.7754182625645055,34.0,0.4857142857142857,0.9835600811736221,26.0,0.37142857142857144,0.501824036302949,10.0,0.14285714285714285,,,0.0,,,0.0,0.15904173220802106,0.6163765303564844,34.0,34.0,1503.5882352941176,1275.5,1.144126976883487,0.6470588235294118,8.68737247208648e-05,3.64055379083052e+23,1263358.300865986,1,2025-06-16 00:00:00+00:00,0,-14.062511574074074
1750039200000,18,0.7207024863726985,57.21938174972434,106364.4012825239,1.1174032077471185,4.0,0.2222222222222222,0.7584780811976709,10.0,0.5555555555555556,0.22956277793584767,4.0,0.2222222222222222,,,0.0,,,0.0,0.15426189463374917,0.9631413131133693,4.0,4.0,1703.25,1475.0,1.2744400069439492,0.5,5.2540967903527294e-05,3.714072441117875e+23,310019.0940691685,2,2025-06-16 00:00:00+00:00,0,-14.020844907407408
1750042800000,14,0.550048656046691,44.89404250962514,85497.59568561353,0.7161936822401416,7.0,0.5,0.38535736236707874,6.0,0.42857142857142855,0.3751812347702098,1.0,0.07142857142857142,,,0.0,,,0.0,0.2543225133754628,0.46187116886467877,7.0,7.0,1316.2857142857142,1135.0,1.1285997537444958,0.7142857142857143,3.264823055319341e-05,3.7529728252975345e+23,167314.277691605,3,2025-06-16 00:00:00+00:00,0,-13.97917824074074
1750046400000,30,0.850928621569366,131.89327042235743,239001.70816729512,0.6463075466966494,20.0,0.6666666666666666,1.327487721310282,8.0,0.26666666666666666,0.9909029713328676,2.0,0.06666666666666667,,,0.0,,,0.0,0.18646862435090383,0.4598389223457455,20.0,20.0,1185.35,965.0,1.010799901846855,0.85,7.749102177860807e-05,3.682740202632874e+23,778438.5133047444,4,2025-06-16 00:00:00+00:00,0,-13.937511574074074
1750050000000,23,0.9010865230082669,94.76698910770872,170361.95733801968,1.0246592688233402,10.0,0.43478260869565216,0.8632018603972782,11.0,0.4782608695652174,0.49158843829333765,2.0,0.08695652173913043,,,0.0,,,0.0,0.4511988536611876,0.5734604151621525,10.0,10.0,1199.6,1155.0,1.0906795950422925,0.8,4.97989019923096e-05,3.6374255589065725e+23,405245.98534214124,5,2025-06-16 00:00:00+00:00,0,-13.895844907407408
1750053600000,26,0.5380445725185564,62.156885077584576,119046.94292084906,0.40315432411943747,12.0,0.46153846153846156,0.6347885588123061,11.0,0.4230769230769231,0.32992945502352977,2.0,0.07692307692307693,1.508773939066792,1.0,0.038461538461538464,,,0.0,0.201691716808047,0.20146260731139046,12.0,12.0,3619.5833333333335,810.0,1.5001652373512633,0.6666666666666666,4.110940706866501e-05,3.6189876434580914e+23,234923.84965762822,6,2025-06-16 00:00:00+00:00,0,-13.85417824074074
1750057200000,36,1.3120996114203,253.4567106715513,403053.1461781775,1.601177152703636,22.0,0.6111111111111112,0.7883491354834281,10.0,0.2777777777777778,1.031549324204133,4.0,0.1111111111111111,,,0.0,,,0.0,0.3120107033074761,1.2891664493961599,22.0,22.0,1499.409090909091,1214.0,1.16688076582615,0.7272727272727273,7.075444420036165e-05,3.718577040830453e+23,880991.9649157441,7,2025-06-16 00:00:00+00:00,0,-13.812511574074074
1750060800000,18,0.5411973176617957,51.28831556129296,103521.25912901307,0.5844915538992104,6.0,0.3333333333333333,0.39018290670807093,7.0,0.3888888888888889,0.7006644095121127,5.0,0.2777777777777778,,,0.0,,,0.0,0.39254871858426305,0.19194283531494735,6.0,6.0,2167.8333333333335,1480.5,1.3872246437715956,0.5,3.7040246219042894e-05,3.740047396053043e+23,232700.30495848108,8,2025-06-16 00:00:00+00:00,0,-13.770844907407408
1750064400000,15,0.4624652980067207,43.35269965389706,85166.05359263142,1.2820477699321309,4.0,0.26666666666666666,0.15056260513652153,8.0,0.5333333333333333,0.20142918309337185,3.0,0.2,,,0.0,,,0.0,2.508784087092435,-1.226736317160304,4.0,4.0,1120.0,1151.5,1.0474402056407008,1.0,3.562326230201129e-05,3.77620083008972e+23,297401.0074076945,9,2025-06-16 00:00:00+00:00,0,-13.72917824074074
1750068000000,28,0.5724790684125961,75.27725333910794,138148.747082297,1.0114937159352344,5.0,0.17857142857142858,0.4241826689882027,22.0,0.7857142857142857,1.6399266181360606,1.0,0.03571428571428571,,,0.0,,,0.0,0.088915424687812,0.9225782912474223,5.0,5.0,14188.0,5809.0,3.133723226494321,0.2,3.897883911492895e-05,3.763540144346839e+23,328876.73931623,10,2025-06-16 00:00:00+00:00,0,-13.687511574074074
1750071600000,31,0.5041977646444203,88.81254585774393,189791.79483280345,0.4687903195084578,15.0,0.4838709677419355,0.4429379050405235,12.0,0.3870967741935484,0.8207552627159709,4.0,0.12903225806451613,,,0.0,,,0.0,0.12811026180341273,0.34068005770504506,15.0,15.0,2107.0,1785.0,1.340672259924908,0.4,3.9907837851435776e-05,3.693563921270738e+23,430639.60811617406,11,2025-06-16 00:00:00+00:00,0,-13.645844907407408
1750075200000,19,0.5219113226338165,43.88561494837677,84584.86538282954,0.5574838294220051,6.0,0.3157894736842105,0.5378184868076773,12.0,0.631578947368421,0.117590311818354,1.0,0.05263157894736842,,,0.0,,,0.0,0.310615752807853,0.24686807661415214,6.0,6.0,2109.8333333333335,1455.0,1.3156213545580957,0.6666666666666666,4.856482771130749e-05,3.6562131529181035e+23,318704.7846717525,12,2025-06-16 00:00:00+00:00,0,-13.60417824074074
1750078800000,60,0.7776551928664932,214.02429123773663,391649.7864811006,0.7554196534649603,24.0,0.4,0.7275984580546955,22.0,0.36666666666666664,0.8944338436876598,14.0,0.23333333333333334,,,0.0,,,0.0,0.2336884979958345,0.5217311554691259,24.0,24.0,1438.2916666666667,1387.0,1.0990098872312126,0.7083333333333334,8.97970476066177e-05,3.6875270437937994e+23,987348.0956675244,13,2025-06-16 00:00:00+00:00,0,-13.562511574074074
1750082400000,94,0.8268735981741716,383.4242827250674,687952.5354518864,0.9164476716958013,32.0,0.3404255319148936,0.9539705019623649,38.0,0.40425531914893614,0.506204735814026,24.0,0.2553191489361702,,,0.0,,,0.0,0.20951519084478915,0.7069324808510122,32.0,32.0,1359.46875,1149.0,1.1035190829805595,0.8125,0.00011621849172253498,3.845336756907868e+23,1773780.8936270692,14,2025-06-16 00:00:00+00:00,0,-13.520844907407408
1750086000000,40,0.6894079390277795,137.0381368700451,259986.53263864788,0.5107561101945071,15.0,0.375,0.8186097428205966,17.0,0.425,0.7498262850304293,8.0,0.2,,,0.0,,,0.0,0.15310031795982806,0.357655792234679,15.0,15.0,1645.6,1282.0,1.180685614076096,0.6,8.625153600979492e-05,3.673917757066918e+23,732323.2757722086,15,2025-06-16 00:00:00+00:00,0,-13.47917824074074
1750089600000,46,0.7111058772048124,156.60923173316135,291864.5008012409,0.6181943876004107,27.0,0.5869565217391305,0.8620174939190139,10.0,0.21739130434782608,0.6491450470458336,8.0,0.17391304347826086,2.206286570653475,1.0,0.021739130434782608,,,0.0,0.1907643777351599,0.4274300098652508,27.0,27.0,1410.2222222222222,1082.0,1.0583607013105316,0.8518518518518519,6.531534209765484e-05,3.678814595051253e+23,840072.2661015311,16,2025-06-16 00:00:00+00:00,0,-13.437511574074074
1750093200000,43,1.0426727952413064,203.69795854726635,362309.05268988264,1.0001090034754363,30.0,0.6976744186046512,1.140896930085622,13.0,0.3023255813953488,,,0.0,,,0.0,,,0.0,0.1600099374588351,0.8400990660166011,30.0,30.0,1844.1666666666667,1289.5,1.207377100983536,0.6666666666666666,7.180370740582961e-05,3.6586317290601225e+23,733558.0273959682,17,2025-06-16 00:00:00+00:00,0,-13.395844907407408
1750096800000,36,0.8733138280232337,144.85820044482122,256547.73475241993,0.83569001190971,27.0,0.75,1.0916457537134314,8.0,0.2222222222222222,0.14250145756678367,1.0,0.027777777777777776,,,0.0,,,0.0,0.23455066517129075,0.6011393467384194,27.0,27.0,2083.259259259259,1105.0,1.1444543606406616,0.7777777777777778,5.8145447959360435e-05,3.348738049861208e+23,417387.90090689465,18,2025-06-16 00:00:00+00:00,0,-13.35417824074074
1750100400000,59,0.9857889076995711,247.0971658853009,444261.3139452491,0.9288251683385859,38.0,0.6440677966101694,1.2146326541664039,18.0,0.3050847457627119,0.33426712747105575,3.0,0.05084745762711865,,,0.0,,,0.0,0.2045990326881881,0.7242261356503977,38.0,38.0,1283.578947368421,797.0,1.028810815416317,0.7368421052631579,9.389124116985084e-05,3.1599215194371405e+23,1045979.6381530381,19,2025-06-16 00:00:00+00:00,0,-13.312511574074074
1750104000000,30,0.5049129221003134,86.48901109250173,168660.78888901407,0.635469499476581,19.0,0.6333333333333333,0.3593495921481584,6.0,0.2,0.1792608733636224,4.0,0.13333333333333333,0.2003261266109212,1.0,0.03333333333333333,,,0.0,0.31569959308048934,0.31976990639609165,19.0,19.0,2866.0526315789475,1185.0,1.3197843780735254,0.6842105263157895,6.446205850279893e-05,3.298282771536711e+23,441366.8046561227,20,2025-06-16 00:00:00+00:00,0,-13.270844907407408
1750107600000,27,0.7511805630452274,83.80484280530068,155438.92263419583,0.7790012579965465,16.0,0.5925925925925926,0.7883284262308067,9.0,0.3333333333333333,0.6096592167098612,1.0,0.037037037037037035,0.11324002148927359,1.0,0.037037037037037035,,,0.0,0.19236406232748127,0.5866371956690652,16.0,16.0,1251.0,908.0,1.0240195112109929,0.9375,5.586377820620444e-05,3.5306444539302365e+23,397597.8140186507,21,2025-06-16 00:00:00+00:00,0,-13.22917824074074
1750111200000,65,1.1793127234139877,385.01115260197844,640345.3662979283,1.1364559512421923,25.0,0.38461538461538464,1.2184279277620562,29.0,0.4461538461538462,0.4335186824626679,10.0,0.15384615384615385,8.57433151112808,1.0,0.015384615384615385,,,0.0,0.3536860272297648,0.7827699240124275,25.0,25.0,2013.84,1257.0,1.23752700232992,0.72,0.00012150424659295966,3.726934539573383e+23,1939047.3155832994,22,2025-06-16 00:00:00+00:00,0,-13.187511574074074
1750114800000,90,0.7660679224426573,358.8490407676054,660521.9551064724,0.8421207489944332,44.0,0.4888888888888889,0.6454878407141695,37.0,0.4111111111111111,0.8560041231289771,8.0,0.08888888888888889,1.1617169726280174,1.0,0.011111111111111112,,,0.0,0.19271797933563087,0.6494027696588023,44.0,44.0,2410.75,1165.0,1.292867760318373,0.7272727272727273,0.00010956358641037116,3.7984351458119015e+23,1883252.3700285866,23,2025-06-16 00:00:00+00:00,0,-13.145844907407408
1750118400000,116,0.8155167625900194,475.76212718237593,856524.0121745093,0.6768012534857573,56.0,0.4827586206896552,1.0248552717214017,52.0,0.4482758620689655,0.4258250169658683,8.0,0.06896551724137931,,,0.0,,,0.0,0.23676539839465485,0.4400358550911024,56.0,56.0,1626.8392857142858,1175.0,1.1577215951741964,0.6607142857142857,0.00013225547323253572,3.7864993920871385e+23,2521222.354044201,0,2025-06-17 00:00:00+00:00,0,-13.10417824074074
1750122000000,62,1.0206134834915022,296.5070125237735,510964.58834879735,0.7236512663001776,27.0,0.43548387096774194,1.5287232254826577,25.0,0.4032258064516129,0.5521371149301889,10.0,0.16129032258064516,,,0.0,,,0.0,0.28369834028592816,0.43995292601424946,27.0,27.0,1154.7407407407406,1130.0,1.0366760554182604,0.7777777777777778,8.82491918930538e-05,3.809402632325789e+23,1088394.5331679338,1,2025-06-17 00:00:00+00:00,0,-13.062511574074074
1750125600000,50,0.9073931302870308,218.5281460061785,402270.2207543819,0.8967456110375027,19.0,0.38,0.9926471978715793,24.0,0.48,0.6439938793887264,7.0,0.14,,,0.0,,,0.0,0.13395977474193504,0.7627858362955676,19.0,19.0,2179.4736842105262,1333.0,1.3402867443915234,0.631578947368421,7.947877090277245e-05,3.7970228387046024e+23,1149795.6444081282,2,2025-06-17 00:00:00+00:00,0,-13.020844907407408
1750129200000,39,0.8961536887265523,181.51282711070291,294315.59096903674,1.3885011127192939,18.0,0.46153846153846156,0.5102162113280366,16.0,0.41025641025641024,0.3587028900279331,5.0,0.1282051282051282,,,0.0,,,0.0,0.2848129582068315,1.1036881545124624,18.0,18.0,1699.5555555555557,1067.0,1.1294183204573593,0.7222222222222222,6.625267910510901e-05,3.813729205631246e+23,678300.0325703693,3,2025-06-17 00:00:00+00:00,0,-12.97917824074074
1750132800000,27,0.6140413445484839,93.28510564273478,180488.40093897333,0.6226860828545443,19.0,0.7037037037037037,0.5008017367874639,7.0,0.25925925925925924,1.2424685710604777,1.0,0.037037037037037035,,,0.0,,,0.0,0.2554087617891282,0.3672773210654161,19.0,19.0,5481.578947368421,1706.0,1.867087763405532,0.42105263157894735,4.4258526340975885e-05,3.813572168362883e+23,323028.89183847635,4,2025-06-17 00:00:00+00:00,0,-12.937511574074074
1750136400000,19,1.2444734286029735,108.38573032132528,186016.5433479868,1.1199937360168943,11.0,0.5789473684210527,1.9459522226886783,5.0,0.2631578947368421,0.5317676446090904,3.0,0.15789473684210525,,,0.0,,,0.0,0.1369535072079671,0.983040228808927,11.0,11.0,2492.2727272727275,2047.0,1.430620053344595,0.45454545454545453,6.165741367816629e-05,3.811891551577211e+23,552676.8760124481,5,2025-06-17 00:00:00+00:00,0,-12.895844907407408
1750140000000,16,0.8613511282973317,66.4771415718832,124801.93495988149,1.1320319485394912,7.0,0.4375,0.8796281524166788,6.0,0.375,0.19320849949359922,3.0,0.1875,,,0.0,,,0.0,0.3908526583834603,0.7411792901560307,7.0,7.0,3127.1428571428573,1529.0,1.5436785853529285,0.42857142857142855,5.236649650262754e-05,3.7970442465622224e+23,459483.7308795491,6,2025-06-17 00:00:00+00:00,0,-12.85417824074074
1750143600000,25,0.9657681316106713,110.9013221307451,189785.8507898442,1.0233735313981938,14.0,0.56,0.9956116759934335,9.0,0.36,0.42823438337558517,2.0,0.08,,,0.0,,,0.0,0.284461954798306,0.7389115765998877,14.0,14.0,1876.5,1065.5,1.2100100396869087,0.7142857142857143,4.37203107342875e-05,3.7844968136596566e+23,376747.04283901374,7,2025-06-17 00:00:00+00:00,0,-12.812511574074074
1750147200000,19,0.9916815777463334,88.70088680532041,156426.9837860346,1.3875311106087462,4.0,0.21052631578947367,0.896660926175387,11.0,0.5789473684210527,0.8571388367040234,4.0,0.21052631578947367,,,0.0,,,0.0,0.391797736173931,0.9957333744348151,4.0,4.0,2066.5,1930.5,1.3855365660665617,0.5,5.5690665977348664e-05,3.7844743975835895e+23,416119.99050541926,8,2025-06-17 00:00:00+00:00,0,-12.770844907407408
1750150800000,28,0.9200520084765855,128.65441836811956,239378.3863233819,0.8817366404470154,21.0,0.75,0.4659828229008943,4.0,0.14285714285714285,1.793685165451165,3.0,0.10714285714285714,,,0.0,,,0.0,0.23679705760097616,0.6449395828460391,21.0,21.0,3986.285714285714,1258.0,1.6860538285335924,0.5238095238095238,4.308064674581693e-05,3.787505653515598e+23,460759.0988033366,9,2025-06-17 00:00:00+00:00,0,-12.72917824074074
1750154400000,30,0.9321207048095291,140.02921059317762,248487.67988263542,0.9623203918042026,12.0,0.4,1.0926220354887546,14.0,0.4666666666666667,0.27976698644821985,4.0,0.13333333333333333,,,0.0,,,0.0,0.4319976648896835,0.5303227269145191,12.0,12.0,1504.25,932.0,1.0701069932605283,0.9166666666666666,4.818412196859865e-05,3.789756203003029e+23,815631.5894592266,10,2025-06-17 00:00:00+00:00,0,-12.687511574074074
1750158000000,27,1.0777358205042096,156.63707347316736,293145.99270946253,0.9911872476324513,8.0,0.2962962962962963,0.6380201605834959,17.0,0.6296296296296297,0.12462903184074381,1.0,0.037037037037037035,10.198397410793874,1.0,0.037037037037037035,,,0.0,0.21511433538748836,0.7760729122449628,8.0,8.0,3099.125,2060.5,1.6503966219501873,0.375,4.15758698260272e-05,3.7670727190992106e+23,1122548.3462177685,11,2025-06-17 00:00:00+00:00,0,-12.645844907407408
1750161600000,39,0.5519872802952304,116.43801726212733,228841.41443729264,0.6525612163603548,17.0,0.4358974358974359,0.4732721081310117,13.0,0.3333333333333333,0.4757139830760889,9.0,0.23076923076923078,,,0.0,,,0.0,0.3110766056096991,0.34148461075065567,17.0,17.0,2787.8823529411766,1300.0,1.3916858797885627,0.5294117647058824,5.178507036147059e-05,3.770758919545351e+23,723219.2736683799,12,2025-06-17 00:00:00+00:00,0,-12.60417824074074
1750165200000,62,0.9208477676030291,264.1749865422346,471764.5683414315,0.9253018354287518,28.0,0.45161290322580644,0.9560492182488657,27.0,0.43548387096774194,0.531930648166224,6.0,0.0967741935483871,2.179197417666039,1.0,0.016129032258064516,,,0.0,0.3153582970753644,0.6099435383533873,28.0,28.0,1328.5714285714287,1233.5,1.0918890257416318,0.6785714285714286,8.82095599888679e-05,3.704911845289969e+23,1095439.1784984753,13,2025-06-17 00:00:00+00:00,0,-12.562511574074074
1750168800000,81,0.7534229847941191,303.9916611431936,568099.3798481927,0.7273982329253403,45.0,0.5555555555555556,0.8341760032360177,21.0,0.25925925925925924,0.7038646879509213,14.0,0.1728395061728395,0.9225395874140662,1.0,0.012345679012345678,,,0.0,0.20696688171740074,0.5204313512079395,45.0,45.0,1668.4,1345.0,1.208298165479241,0.6,0.00010057160550206889,3.671336943325299e+23,1459308.5520301654,14,2025-06-17 00:00:00+00:00,0,-12.520844907407408
1750172400000,76,0.8255127939681548,302.96854814282926,541871.6802970774,0.8454539389020442,31.0,0.40789473684210525,0.8898819372041811,29.0,0.3815789473684211,0.6337036267623355,15.0,0.19736842105263158,1.217769655260108,1.0,0.013157894736842105,,,0.0,0.518393170759732,0.3270607681423123,31.0,31.0,1152.6451612903227,1077.0,1.0192061595027666,0.7419354838709677,0.0001147761020986795,3.565508603266612e+23,1472557.5276165958,15,2025-06-17 00:00:00+00:00,0,-12.47917824074074
1750176000000,75,0.8662643404578495,304.30805485400356,535148.5887538685,1.042978023818623,34.0,0.4533333333333333,0.727587144601577,34.0,0.4533333333333333,0.6815156868645592,7.0,0.09333333333333334,,,0.0,,,0.0,0.22842442816924127,0.8145535956493817,34.0,34.0,1238.0294117647059,1232.0,1.074479121290642,0.7352941176470589,0.00010164911865459425,3.4609806636284e+23,1334084.6670428722,16,2025-06-17 00:00:00+00:00,0,-12.437511574074074
1750179600000,121,0.6102796267537511,332.57877811302876,635158.683446154,0.517358586732292,69.0,0.5702479338842975,0.7978946284276133,34.0,0.2809917355371901,0.612093054785383,18.0,0.1487603305785124,,,0.0,,,0.0,0.1951745642260334,0.32218402250625844,69.0,69.0,1097.8260869565217,934.0,0.9873712745423124,0.7971014492753623,0.00010092310670359225,3.338963958767673e+23,1788950.3154036256,17,2025-06-17 00:00:00+00:00,0,-12.395844907407408
1750183200000,62,0.9943768320748356,250.60967013653084,449096.41768715676,1.0048463601260162,33.0,0.532258064516129,0.9458331710244837,25.0,0.4032258064516129,1.2114011072172959,4.0,0.06451612903225806,,,0.0,,,0.0,0.26111795185549536,0.7437284082705209,33.0,33.0,1287.3636363636363,1163.0,1.098022477853003,0.7575757575757576,8.017055331700377e-05,3.425835230818779e+23,1048374.9854973534,18,2025-06-17 00:00:00+00:00,0,-12.35417824074074
1750186800000,98,0.8900956339008942,428.38412154035046,782835.6726826498,0.7261131479470376,52.0,0.5306122448979592,1.12239035967313,40.0,0.40816326530612246,0.7626456736860806,6.0,0.061224489795918366,,,0.0,,,0.0,0.2975379630235984,0.42857518492343927,52.0,52.0,1702.9038461538462,1080.0,1.179148060588224,0.7115384615384616,9.670748634251419e-05,3.7131049969092495e+23,1665292.799684239,19,2025-06-17 00:00:00+00:00,0,-12.312511574074074
1750190400000,57,0.7613797240621495,226.3445105283246,403862.4497593119,0.8981593892702595,30.0,0.5263157894736842,0.6527032729548568,21.0,0.3684210526315789,0.4578489768971245,6.0,0.10526315789473684,,,0.0,,,0.0,0.27595605863810185,0.6222033306321576,30.0,30.0,1326.0666666666666,1037.5,1.0937598362105845,0.7666666666666667,9.414717980452308e-05,3.67708846707331e+23,966483.9469543786,20,2025-06-17 00:00:00+00:00,0,-12.270844907407408
1750194000000,64,0.7439649399867314,241.91836151804185,437499.8557038048,0.8329345865065079,32.0,0.5,0.6046965136862691,25.0,0.390625,0.5547531674127181,5.0,0.078125,1.5343353558611206,2.0,0.03125,,,0.0,0.2249330235299567,0.6080015629765512,32.0,32.0,1731.84375,1165.0,1.1691765471910864,0.8125,9.088392727793e-05,3.663980372207759e+23,882429.3204402559,21,2025-06-17 00:00:00+00:00,0,-12.22917824074074
1750197600000,46,0.6411916118152042,140.1690848018275,261594.45096861923,0.6004431538333084,21.0,0.45652173913043476,0.6201715402351811,21.0,0.45652173913043476,1.2460877878223187,3.0,0.06521739130434782,0.12364220459415864,1.0,0.021739130434782608,,,0.0,0.1786218007411819,0.4218213530921264,21.0,21.0,2582.095238095238,1335.0,1.3959446019072634,0.5714285714285714,6.0915108819676586e-05,3.7690902911525217e+23,587462.5867972537,22,2025-06-17 00:00:00+00:00,0,-12.187511574074074
1750201200000,28,0.5586347518904852,89.43923573092088,176067.95747624268,0.5256598190254392,22.0,0.7857142857142857,0.8083275553730829,5.0,0.17857142857142858,0.03561925750850559,1.0,0.03571428571428571,,,0.0,,,0.0,0.11943218009937927,0.40622763892605995,22.0,22.0,1960.590909090909,1201.0,1.1856662376180522,0.6818181818181818,3.1202563949402555e-05,3.8204588779765906e+23,306633.39380735165,23,2025-06-17 00:00:00+00:00,0,-12.145844907407408
1750204800000,48,0.5796743016529639,140.6992197392233,264603.69886657083,0.646365654832302,31.0,0.6458333333333334,0.5215076538243725,14.0,0.2916666666666667,0.16197467533322876,3.0,0.0625,,,0.0,,,0.0,0.1582743383012331,0.4880913165310689,31.0,31.0,1821.7096774193549,1132.0,1.1790321241103157,0.7096774193548387,6.15105827789412e-05,3.8649701918585926e+23,599352.1255833254,0,2025-06-18 00:00:00+00:00,0,-12.10417824074074
1750208400000,32,0.4805523311186182,74.15646256713194,140517.13282062495,0.37264247515634163,10.0,0.3125,0.5033683288387718,17.0,0.53125,0.618797650794649,5.0,0.15625,,,0.0,,,0.0,0.12284689616981914,0.2497955789865225,10.0,10.0,1670.0,1281.0,1.1589888562433268,0.7,5.207960320720068e-05,3.8789936488245864e+23,525699.6619533314,1,2025-06-18 00:00:00+00:00,0,-12.062511574074074
1750212000000,22,0.43873767070187936,56.376038866648024,112419.71965652257,0.4942863091229037,11.0,0.5,0.3374898672927291,9.0,0.4090909090909091,0.5888352747274217,2.0,0.09090909090909091,,,0.0,,,0.0,0.1133957163640441,0.38089059275885956,11.0,11.0,1089.4545454545455,1085.0,0.9949510408886897,0.8181818181818182,6.623998219571221e-05,3.884987782920682e+23,474447.4413087204,2,2025-06-18 00:00:00+00:00,0,-12.020844907407408
1750215600000,27,0.5816838907250963,87.08228543201075,161662.54372796338,0.6997375917955949,20.0,0.7407407407407407,0.24438760195224304,7.0,0.25925925925925924,,,0.0,,,0.0,,,0.0,0.19482960956973983,0.5049079822258551,20.0,20.0,2893.0,1229.0,1.4183845230274534,0.7,3.590280453541304e-05,3.8840866254242345e+23,252697.37116077778,3,2025-06-18 00:00:00+00:00,0,-11.97917824074074
1750219200000,32,0.45562802674093283,67.99408789057992,127982.65630736091,0.41284026656152484,10.0,0.3125,0.43233119636145334,16.0,0.5,0.5890658413852248,6.0,0.1875,,,0.0,,,0.0,0.3024139389781232,0.11042632758340165,10.0,10.0,3079.5,1037.0,1.4306568116722773,0.7,3.7445478510806606e-05,3.87899063826857e+23,375778.4265332702,4,2025-06-18 00:00:00+00:00,0,-11.937511574074074
1750222800000,8,0.6850175232374399,32.99444613907083,64814.432323259694,0.9355763551324768,4.0,0.5,0.5722424354498478,2.0,0.25,0.29667494723495824,2.0,0.25,,,0.0,,,0.0,0.3575606085223825,0.5780157466100944,4.0,4.0,1348.25,1473.0,1.1311144019043489,0.75,3.1809897159791146e-05,3.883245443796098e+23,149371.3573258764,5,2025-06-18 00:00:00+00:00,0,-11.895844907407408
1750226400000,35,0.5634927577528716,100.67969960639148,186646.25047093537,0.6704508086924398,17.0,0.4857142857142857,0.3843049510296503,12.0,0.34285714285714286,0.6188205602038706,6.0,0.17142857142857143,,,0.0,,,0.0,0.16853291824701772,0.501917890445422,17.0,17.0,3767.5882352941176,2567.0,1.6651163264590532,0.35294117647058826,5.21224509995951e-05,3.8685319514481843e+23,468996.40281860984,6,2025-06-18 00:00:00+00:00,0,-11.85417824074074
1750230000000,18,0.9108954481777256,74.66536437041985,136070.70623001698,0.810872972618286,10.0,0.5555555555555556,1.3257970598145086,5.0,0.2777777777777778,0.5528010139812196,3.0,0.16666666666666666,,,0.0,,,0.0,0.5831515555113674,0.22772141710691862,10.0,10.0,1190.9,1308.5,1.071136657820481,0.8,5.5853610781803717e-05,3.87590782836248e+23,269134.18822730595,7,2025-06-18 00:00:00+00:00,0,-11.812511574074074
1750233600000,34,0.6807670826640536,116.90077148118482,217608.39479330461,0.6183043770092623,17.0,0.5,0.7719899822226342,11.0,0.3235294117647059,0.6905027661618979,6.0,0.17647058823529413,,,0.0,,,0.0,0.3750240971743333,0.24328027983492906,17.0,17.0,1411.4705882352941,1033.0,1.057116017834312,0.8823529411764706,5.5890186907086246e-05,3.870359350139574e+23,554553.5671789168,8,2025-06-18 00:00:00+00:00,0,-11.770844907407408
1750237200000,29,0.5966531146372873,78.93567721267907,147681.95062072686,0.581880130203498,16.0,0.5517241379310345,0.593196945303247,10.0,0.3448275862068966,0.0010991378662826914,2.0,0.06896551724137931,2.0586905124603305,1.0,0.034482758620689655,,,0.0,0.16290786794749978,0.41897226225599826,16.0,16.0,3517.6875,902.0,1.3918608393300993,0.75,4.314904476536149e-05,3.879234827813773e+23,456798.74652107805,9,2025-06-18 00:00:00+00:00,0,-11.72917824074074
1750240800000,31,0.8261313266994018,126.84066249099581,221266.60336651688,0.7860444196035562,14.0,0.45161290322580644,0.4425070504577713,12.0,0.3870967741935484,0.8312662740442333,4.0,0.12903225806451613,5.97029955156148,1.0,0.03225806451612903,,,0.0,0.18876038189944705,0.5972840377041092,14.0,14.0,1953.2142857142858,1194.0,1.2846760727793842,0.6428571428571429,5.850145909513226e-05,3.837815621936664e+23,689652.4510179934,10,2025-06-18 00:00:00+00:00,0,-11.687511574074074
1750244400000,34,0.6891492608280074,109.80888549928491,203847.6507488344,0.34435676990541164,10.0,0.29411764705882354,0.9372296289133805,19.0,0.5588235294117647,0.4360288439487813,5.0,0.14705882352941177,,,0.0,,,0.0,0.14239867667032324,0.2019580932350884,10.0,10.0,1011.1,980.0,0.965458592840702,0.7,6.142210976680752e-05,3.789081518903251e+23,599202.6672372802,11,2025-06-18 00:00:00+00:00,0,-11.645844907407408
1750248000000,17,0.7444900839491849,59.14403619480839,107021.79366846406,1.2277154821891816,3.0,0.17647058823529413,0.6622602336700577,8.0,0.47058823529411764,0.6125171852013562,6.0,0.35294117647058826,,,0.0,,,0.0,0.021035391269782756,1.2066800909193987,3.0,3.0,1220.3333333333333,1212.0,1.0933255678160647,0.6666666666666666,5.134700093917656e-05,3.879762081298244e+23,440519.73407540517,12,2025-06-18 00:00:00+00:00,0,-11.60417824074074
1750251600000,77,0.840556204154423,286.5355599203498,521948.4460345727,0.6376514544059438,32.0,0.4155844155844156,1.1254463684782268,30.0,0.38961038961038963,0.49456822220628627,14.0,0.18181818181818182,3.6306350136655663,1.0,0.012987012987012988,,,0.0,0.15930454758770074,0.47834690681824305,32.0,32.0,2297.09375,1382.5,1.3615456878496663,0.625,0.0001047056369541096,3.517925548043795e+23,1750824.6765784777,13,2025-06-18 00:00:00+00:00,0,-11.562511574074074
1750255200000,111,0.9423712917577214,515.9349415337446,896954.1215352162,0.9287632775849336,49.0,0.44144144144144143,0.9666003984605379,47.0,0.42342342342342343,0.8786542112611625,13.0,0.11711711711711711,1.1205446547024644,2.0,0.018018018018018018,,,0.0,0.261421169687163,0.6673421078977706,49.0,49.0,1327.6530612244899,1162.0,1.0767412318603573,0.7551020408163265,0.00013110219782957663,3.864888723528426e+23,2864806.660041245,14,2025-06-18 00:00:00+00:00,0,-11.520844907407408
1750258800000,74,0.6479499697997364,255.02370720847867,487539.9864077663,0.5351578004308886,45.0,0.6081081081081081,0.8379285260799713,23.0,0.3108108108108108,0.7656401076585279,6.0,0.08108108108108109,,,0.0,,,0.0,0.15587984721897905,0.37927795321190955,45.0,45.0,1373.4444444444443,1064.0,1.076115042543097,0.7555555555555555,0.00010734864244041734,3.9210932080591735e+23,1452997.6666034344,15,2025-06-18 00:00:00+00:00,0,-11.47917824074074
1750262400000,62,0.6322525738347705,191.70473010726894,354854.15721444297,0.507788260162428,29.0,0.46774193548387094,0.8557379395949201,24.0,0.3870967741935484,0.43734327586303173,9.0,0.14516129032258066,,,0.0,,,0.0,0.12844904312573896,0.379339217036689,29.0,29.0,1993.7586206896551,1234.0,1.2664834784207817,0.6206896551724138,8.368084430765858e-05,3.91882767705945e+23,885471.8324454975,16,2025-06-18 00:00:00+00:00,0,-11.437511574074074
1750266000000,85,0.8967560786131091,346.23653548053244,619496.8546913044,0.8789537224900877,40.0,0.47058823529411764,0.9505327254804035,39.0,0.4588235294117647,0.6658902481291721,6.0,0.07058823529411765,,,0.0,,,0.0,0.2065778121955785,0.6723759102945093,40.0,40.0,1888.625,1113.5,1.1943608083625727,0.75,0.00011098437553836936,3.5839694856302637e+23,1601578.3898747272,17,2025-06-18 00:00:00+00:00,0,-11.395844907407408
1750269600000,132,0.7532475528087987,488.55028087379105,946476.1452081422,0.8012316904106235,61.0,0.4621212121212121,0.6361123859573992,51.0,0.38636363636363635,0.9055906085943022,20.0,0.15151515151515152,,,0.0,,,0.0,0.17091046849411895,0.6303212219165044,61.0,61.0,1099.72131147541,1008.0,1.011833921219781,0.819672131147541,0.000167845945145154,3.7239991885774246e+23,3331371.8894407013,18,2025-06-18 00:00:00+00:00,0,-11.35417824074074
1750273200000,95,0.9670984115002442,410.68003644925307,718302.3488959537,1.0404210202704207,45.0,0.47368421052631576,0.9534279847997781,33.0,0.3473684210526316,0.6766037967463655,16.0,0.16842105263157894,2.7666189340197533,1.0,0.010526315789473684,,,0.0,0.16236269481606935,0.8780583254543513,45.0,45.0,1439.2444444444445,1095.0,1.1289131607609877,0.7555555555555555,0.00011834973273824434,3.486205945225366e+23,2189413.672455534,19,2025-06-18 00:00:00+00:00,0,-11.312511574074074
1750276800000,72,0.7053308750960873,219.49822241118648,409462.2095301814,0.6916176424609554,36.0,0.5,0.7990219258601181,28.0,0.3888888888888889,0.4391217442800731,8.0,0.1111111111111111,,,0.0,,,0.0,0.18975904860746728,0.5018585938534881,36.0,36.0,1282.6666666666667,988.5,1.1045826065572066,0.75,7.791716262541413e-05,3.671659719008001e+23,1149477.2988656962,20,2025-06-18 00:00:00+00:00,0,-11.270844907407408
1750280400000,82,0.6219226549577912,241.85845887210684,447502.4276813706,0.5504553936761852,43.0,0.524390243902439,0.5255341723233155,31.0,0.3780487804878049,1.008067093424459,6.0,0.07317073170731707,2.4940569379466915,2.0,0.024390243902439025,,,0.0,0.19075444682385842,0.3597009468523268,43.0,43.0,1563.1627906976744,1256.0,1.1378050347800088,0.6744186046511628,8.156520221865161e-05,3.9036776441704595e+23,1228476.451566013,21,2025-06-18 00:00:00+00:00,0,-11.22917824074074
1750284000000,14,0.4655123036494762,31.460784526962005,60317.26410512859,0.6351797921603274,5.0,0.35714285714285715,0.3944009167431841,6.0,0.42857142857142855,0.32495592994397515,3.0,0.21428571428571427,,,0.0,,,0.0,0.1926108619133603,0.4425689302469671,5.0,5.0,1613.8,1174.0,1.1994830440883841,0.8,4.538384484331191e-05,3.9030777127702374e+23,277006.2029182018,22,2025-06-18 00:00:00+00:00,0,-11.187511574074074
1750287600000,34,0.47521513712551405,91.63959397193688,179402.3414225698,0.48483502988127564,23.0,0.6764705882352942,0.6482803149809911,6.0,0.17647058823529413,0.22328541702243845,5.0,0.14705882352941177,,,0.0,,,0.0,0.09980034626375885,0.38503468361751675,23.0,23.0,3496.782608695652,1235.0,1.4390687387799381,0.6086956521739131,4.862467974502802e-05,3.9078560726240116e+23,391569.20568367,23,2025-06-18 00:00:00+00:00,0,-11.145844907407408
1750291200000,52,0.610059560414886,164.82577770092558,314522.38336423936,0.6441386353453078,31.0,0.5961538461538461,0.586594098524336,17.0,0.3269230769230769,0.4456749427389538,4.0,0.07692307692307693,,,0.0,,,0.0,0.21659680845090454,0.42754182689440323,31.0,31.0,3855.548387096774,1387.0,1.5702054820914506,0.5161290322580645,5.8076842888355505e-05,3.899130131073844e+23,842571.7074874913,0,2025-06-19 00:00:00+00:00,0,-11.10417824074074
1750294800000,25,0.7495450081050946,86.60695977980976,158999.00937289075,0.7032238927604005,12.0,0.48,0.7923029607309662,13.0,0.52,,,0.0,,,0.0,,,0.0,0.24221334732196295,0.4610105454384376,12.0,12.0,2968.25,1521.0,1.4617553992997248,0.5,6.91622282657707e-05,3.915494120831607e+23,577407.0301736513,1,2025-06-19 00:00:00+00:00,0,-11.062511574074074
1750298400000,50,0.6529645956033824,168.72987516146446,318343.21511318145,0.6584221551202383,28.0,0.56,0.6096297428855079,16.0,0.32,0.7430555917723872,6.0,0.12,,,0.0,,,0.0,0.26389692170107054,0.3945252334191677,28.0,28.0,1388.0357142857142,1176.5,1.1389467932933504,0.6785714285714286,5.434193843247654e-05,3.9193039630133345e+23,615597.9785056625,2,2025-06-19 00:00:00+00:00,0,-11.020844907407408
1750302000000,19,0.9973747996525836,85.94076425112134,153455.3551606439,1.3373974013477181,9.0,0.47368421052631576,0.6869285370722246,9.0,0.47368421052631576,0.7311877476196037,1.0,0.05263157894736842,,,0.0,,,0.0,0.22408234220869983,1.1133150591390182,9.0,9.0,3520.777777777778,1212.0,1.6379281830420622,0.5555555555555556,4.2041158295528947e-05,3.916351705709875e+23,249387.01369725226,3,2025-06-19 00:00:00+00:00,0,-10.97917824074074
1750305600000,25,0.5090015269432245,65.1298029729581,175514.61848661987,0.44733951790574905,11.0,0.44,0.5685233654363212,12.0,0.48,0.49101154569076033,2.0,0.08,,,0.0,,,0.0,0.15849728962559537,0.28884222828015366,11.0,11.0,2455.818181818182,1504.0,1.3609872564656322,0.45454545454545453,4.5294235993451496e-05,3.916440981538804e+23,369165.85736728215,4,2025-06-19 00:00:00+00:00,0,-10.937511574074074
1750309200000,20,0.959828249190835,100.04268057241751,159159.93098418746,1.4370710773461457,10.0,0.5,0.5324223974368486,9.0,0.45,0.034052633423602326,1.0,0.05,,,0.0,,,0.0,0.38422927676507335,1.0528418005810725,10.0,10.0,1214.4,1009.5,1.0748671333274518,0.7,4.537790069228098e-05,3.909089443602724e+23,354014.2640784335,5,2025-06-19 00:00:00+00:00,0,-10.895844907407408
1750312800000,18,0.5786424795597107,55.042539990535076,106530.83884611087,0.7310347525214391,12.0,0.6666666666666666,0.2738579336362537,6.0,0.3333333333333333,,,0.0,,,0.0,,,0.0,0.20438316653113822,0.5266515859903009,12.0,12.0,2451.3333333333335,1694.0,1.436570567004325,0.4166666666666667,3.204964180684435e-05,3.921313333029763e+23,201522.08822720248,6,2025-06-19 00:00:00+00:00,0,-10.85417824074074
1750316400000,16,0.49604714983178966,37.41802898991053,70771.02476897683,0.49391236471263855,5.0,0.3125,0.6171868372159991,7.0,0.4375,0.2867211783083622,4.0,0.25,,,0.0,,,0.0,0.24011127288614978,0.2538010918264888,5.0,5.0,1144.2,1222.0,0.9457651745994111,0.8,3.167230526359468e-05,3.922240362309513e+23,199572.6350654471,7,2025-06-19 00:00:00+00:00,0,-10.812511574074074
1750320000000,27,0.44231066104884886,59.345557636176295,114690.08092589176,0.5958453634203325,11.0,0.4074074074074074,0.3585937126046645,12.0,0.4444444444444444,0.2712410748598225,4.0,0.14814814814814814,,,0.0,,,0.0,0.1563420382052324,0.4395033252151,11.0,11.0,6989.454545454545,1285.0,1.9817893067043384,0.5454545454545454,3.870943575814794e-05,3.918373925654852e+23,351499.6730315412,8,2025-06-19 00:00:00+00:00,0,-10.770844907407408
1750323600000,14,0.3888471114140904,31.81580773196447,64183.34029321431,0.18559391658346402,4.0,0.2857142857142857,0.2626635562220373,7.0,0.5,0.9542796666363825,3.0,0.21428571428571427,,,0.0,,,0.0,0.09414019971038401,0.09145371687308002,4.0,4.0,812.25,722.5,0.8757148761438215,1.0,3.428163859033788e-05,3.925744687925961e+23,292551.72236615984,9,2025-06-19 00:00:00+00:00,0,-10.72917824074074
1750327200000,3,0.2675371530090201,3.7092437308160076,7157.756537866146,0.11737606627926656,1.0,0.3333333333333333,0.6817806637765588,1.0,0.3333333333333333,0.0034547289712348953,1.0,0.3333333333333333,,,0.0,,,0.0,0.10405395748536594,0.013322108793900611,1.0,1.0,3275.0,3275.0,1.8096961070853856,0.0,3.054050674667773e-05,3.936563179959897e+23,123085.2742063239,10,2025-06-19 00:00:00+00:00,0,-10.687511574074074
1750330800000,7,0.5091604603959723,19.558684452814013,37033.42654669164,0.9220361564967424,3.0,0.42857142857142855,0.20414459197593426,3.0,0.42857142857142855,0.18558097735377632,1.0,0.14285714285714285,,,0.0,,,0.0,0.21302318394682243,0.7090129725499198,3.0,3.0,1583.5,1583.5,1.215285845804151,0.5,2.3787779444738405e-05,3.9513425119800266e+23,164863.14868482578,11,2025-06-19 00:00:00+00:00,0,-10.645844907407408
1750334400000,8,0.5023848589030865,14.750779034389579,27552.767115052913,0.8056752486440598,2.0,0.25,0.5009494867136465,4.0,0.5,0.20196521354099317,2.0,0.25,,,0.0,,,0.0,0.39779995778533184,0.407875290858728,2.0,2.0,919.0,919.0,0.9584807875303007,1.0,3.1086514997624475e-05,3.954580936456793e+23,215023.691253647,12,2025-06-19 00:00:00+00:00,0,-10.60417824074074
1750338000000,22,0.5410452049557058,70.71756059242747,147760.09830663571,0.6373361069589344,8.0,0.36363636363636365,0.5895585090436072,8.0,0.36363636363636365,0.34797293016753267,6.0,0.2727272727272727,,,0.0,,,0.0,0.15308740077061167,0.4842487061883227,8.0,8.0,1093.0,1030.0,1.0050299869970338,0.625,4.3956287793836184e-05,3.887990031070228e+23,631654.1979921574,13,2025-06-19 00:00:00+00:00,0,-10.562511574074074
1750341600000,35,0.5471582000475385,112.17188490875783,237086.2034118003,0.5952005724488076,22.0,0.6285714285714286,0.502648078602053,11.0,0.3142857142857143,0.2634977715837471,2.0,0.05714285714285714,,,0.0,,,0.0,0.16170232020617495,0.43349825224263266,22.0,22.0,1985.909090909091,1140.5,1.2805044259144325,0.6363636363636364,6.0496657402231195e-05,3.9700967673511625e+23,634095.2012518645,14,2025-06-19 00:00:00+00:00,0,-10.520844907407408
1750345200000,35,0.6071348451911845,106.00396227270231,196869.00456262237,0.6231699374060928,18.0,0.5142857142857142,0.5772774615650246,9.0,0.2571428571428571,0.5111776100900757,7.0,0.2,1.2589202836660363,1.0,0.02857142857142857,,,0.0,0.27646977591864375,0.34670016148744914,18.0,18.0,1291.0,1079.5,1.0543657955905519,0.8333333333333334,4.830822941620111e-05,3.8600567990905666e+23,482011.24162564386,15,2025-06-19 00:00:00+00:00,0,-10.47917824074074
1750348800000,43,0.6245142256192083,130.29407172976937,240091.57998142292,0.6977802338180716,22.0,0.5116279069767442,0.5909129452196964,13.0,0.3023255813953488,0.4620631674654843,6.0,0.13953488372093023,0.5243496324897111,2.0,0.046511627906976744,,,0.0,0.14622388990819277,0.5515563439098788,22.0,22.0,2842.5,1271.0,1.4445618308081587,0.5454545454545454,4.979489611176902e-05,3.802940986289359e+23,695948.0624130752,16,2025-06-19 00:00:00+00:00,0,-10.437511574074074
1750352400000,47,0.7527366608761086,169.17662308639805,311519.64928130794,0.814986891516462,21.0,0.44680851063829785,0.7640310883079933,18.0,0.3829787234042553,0.5366493278750728,7.0,0.14893617021276595,0.7547934546620104,1.0,0.02127659574468085,,,0.0,0.34166125932743,0.4733256321890319,21.0,21.0,1199.7142857142858,1180.0,1.0594294335880345,0.8571428571428571,7.840980683822458e-05,3.820604168584719e+23,833250.5442901796,17,2025-06-19 00:00:00+00:00,0,-10.395844907407408
1750356000000,19,0.4311142011928401,55.49516266169437,110420.14843441788,0.5499265176400802,8.0,0.42105263157894735,0.3745332430875171,7.0,0.3684210526315789,0.2925062449826753,4.0,0.21052631578947367,,,0.0,,,0.0,0.18336660814758254,0.3665599094924976,8.0,8.0,732.5,703.5,0.8441699477105729,1.0,4.079860146509193e-05,3.982747527095345e+23,312682.15598289017,18,2025-06-19 00:00:00+00:00,0,-10.35417824074074
1750359600000,31,0.6069804671176094,96.65427207979518,186547.6674071311,0.6229655260851463,19.0,0.6129032258064516,0.5530274731248792,9.0,0.2903225806451613,0.6676007423014004,3.0,0.0967741935483871,,,0.0,,,0.0,0.15884413961191415,0.46412138647323214,19.0,19.0,1587.2631578947369,918.0,1.1153444186571382,0.7894736842105263,4.609086892129779e-05,3.8337998142542444e+23,439413.0999423287,19,2025-06-19 00:00:00+00:00,0,-10.312511574074074
1750363200000,32,0.6021565805284417,101.79270507462581,193158.24489492227,0.46231643821266327,21.0,0.65625,0.8691241249494733,11.0,0.34375,,,0.0,,,0.0,,,0.0,0.15605185111004224,0.306264587102621,21.0,21.0,1246.7142857142858,1170.0,1.0499231584881434,0.6666666666666666,4.3736537770704266e-05,3.8738725113457276e+23,348248.5182750912,20,2025-06-19 00:00:00+00:00,0,-10.270844907407408
1750366800000,27,0.3733973608928298,71.66745735163552,144608.99571950827,0.361713152546299,19.0,0.7037037037037037,0.4011473557158406,8.0,0.2962962962962963,,,0.0,,,0.0,,,0.0,0.16460174959513987,0.1971114029511591,19.0,19.0,5208.368421052632,1410.0,1.7842332348678898,0.5263157894736842,4.972627053078156e-05,3.915146374141568e+23,261978.50039663527,21,2025-06-19 00:00:00+00:00,0,-10.22917824074074
1750370400000,35,0.7555722282561624,140.46480207745995,261846.77614289042,0.7551236753136922,22.0,0.6285714285714286,0.7922978163251557,11.0,0.3142857142857143,0.5585155762438719,2.0,0.05714285714285714,,,0.0,,,0.0,0.26149930063607935,0.4936243746776128,22.0,22.0,1919.2272727272727,1272.5,1.233031655912864,0.7727272727272727,5.30920850405703e-05,4.00588607064114e+23,500194.2675132453,22,2025-06-19 00:00:00+00:00,0,-10.187511574074074
1750374000000,29,0.5299412821399128,85.08611296926267,163855.70394444527,0.4986368174307168,15.0,0.5172413793103449,0.5795973656561334,11.0,0.3793103448275862,0.5043912994597505,3.0,0.10344827586206896,,,0.0,,,0.0,0.31963978962735057,0.17899702780336627,15.0,15.0,3575.733333333333,985.0,1.3762562414555153,0.8,4.7392738492144176e-05,4.017861612344927e+23,404032.7339318333,23,2025-06-19 00:00:00+00:00,0,-10.145844907407408
1750377600000,31,0.6044394815349844,109.56467833454799,211693.16409081593,0.46860183092277646,21.0,0.6774193548387096,0.9195762935045545,9.0,0.2903225806451613,0.6207988366652194,1.0,0.03225806451612903,,,0.0,,,0.0,0.24429995086648854,0.22430188005628793,21.0,21.0,3298.095238095238,901.0,1.4068312511415535,0.7619047619047619,4.003462669236363e-05,4.0272314755631475e+23,338678.9946897964,0,2025-06-20 00:00:00+00:00,0,-10.10417824074074
1750381200000,33,0.6351981081280463,103.99872304324184,195121.98292754343,0.8122332329215073,14.0,0.42424242424242425,0.4573056159336422,15.0,0.45454545454545453,0.6826720170799483,4.0,0.12121212121212122,,,0.0,,,0.0,0.09425038946012929,0.7179828434613781,14.0,14.0,3546.8571428571427,2777.5,1.723449324411535,0.21428571428571427,3.554921018517309e-05,4.0163580878173116e+23,371180.2264936484,1,2025-06-20 00:00:00+00:00,0,-10.062511574074074
1750384800000,9,0.9172618896010911,39.4932180452695,69443.81900140095,0.7957426009402901,7.0,0.7777777777777778,1.3425793999138946,2.0,0.2222222222222222,,,0.0,,,0.0,,,0.0,0.255945065639914,0.539797535300376,7.0,7.0,5244.857142857143,1383.0,1.691621574086664,0.5714285714285714,2.839995516174407e-05,4.028485016610686e+23,156036.2402829005,2,2025-06-20 00:00:00+00:00,0,-10.020844907407408
1750388400000,9,0.8298110175699265,35.61873597651735,65992.80138148635,0.8875130085145333,5.0,0.5555555555555556,0.7576835288891681,4.0,0.4444444444444444,,,0.0,,,0.0,,,0.0,0.1622409766642895,0.7252720318502437,5.0,5.0,1091.6,1009.0,1.0100655154487241,0.8,3.639529657978785e-05,4.030788843089998e+23,82220.52956399723,3,2025-06-20 00:00:00+00:00,0,-9.97917824074074
1750392000000,11,0.9341906607758186,51.05160788682739,94311.674474295,0.4096217916999033,2.0,0.18181818181818182,0.8387336098356509,7.0,0.6363636363636364,1.7928592081423211,2.0,0.18181818181818182,,,0.0,,,0.0,0.10201430226286934,0.307607489437034,2.0,2.0,27213.5,27213.5,4.456233081014888,0.0,2.9391172971598623e-05,3.989801944228859e+23,219134.28369520552,4,2025-06-20 00:00:00+00:00,0,-9.937511574074074
1750395600000,14,0.4420476608341942,32.6683409629433,63636.11266416099,0.35021398729784703,5.0,0.35714285714285715,0.5292582142499324,8.0,0.5714285714285714,0.20353160119002556,1.0,0.07142857142857142,,,0.0,,,0.0,0.16556484407248984,0.1846491432253572,5.0,5.0,2830.0,1959.0,1.4876274051408434,0.4,2.5607852244275626e-05,3.953138001338793e+23,152205.67022027797,5,2025-06-20 00:00:00+00:00,0,-9.895844907407408
1750399200000,17,0.73394192051138,58.478006890364675,103929.47320931582,0.49144964258002005,9.0,0.5294117647058824,1.0374369985674978,7.0,0.4117647058823529,0.7919068755007962,1.0,0.058823529411764705,,,0.0,,,0.0,0.127840425725141,0.363609216854879,9.0,9.0,3124.777777777778,1346.0,1.5047431078705789,0.5555555555555556,3.053271605880119e-05,4.027000765163276e+23,191794.2900515751,6,2025-06-20 00:00:00+00:00,0,-9.85417824074074
1750402800000,43,1.0338616124923006,251.06636062082342,370445.58810419706,0.5955871286702699,14.0,0.32558139534883723,1.478454926844264,21.0,0.4883720930232558,0.3098433993200735,7.0,0.16279069767441862,2.9013722768150885,1.0,0.023255813953488372,,,0.0,0.28864859431036166,0.30693853435990814,14.0,14.0,1748.5714285714287,1412.0,1.1715980300947,0.7142857142857143,6.211174284652578e-05,4.102896909625213e+23,1671191.8615772002,7,2025-06-20 00:00:00+00:00,0,-9.812511574074074
1750406400000,50,0.8003550541812164,187.93536778853823,343513.5720107649,0.6834157525826059,19.0,0.38,1.0448787965938249,21.0,0.42,0.509039868152099,10.0,0.2,,,0.0,,,0.0,0.17606411350136092,0.507351639081245,19.0,19.0,3351.5789473684213,1485.0,1.5709926293129568,0.5263157894736842,8.983433914805745e-05,3.7455606888768136e+23,1326571.1403345612,8,2025-06-20 00:00:00+00:00,0,-9.770844907407408
1750410000000,23,0.7915417388660037,90.84258576963414,177123.5339959939,0.8155494988973645,13.0,0.5652173913043478,0.8982777231220139,8.0,0.34782608695652173,0.20854736163811605,2.0,0.08695652173913043,,,0.0,,,0.0,0.20847550660550832,0.6070739922918562,13.0,13.0,3714.3076923076924,1685.0,1.7377842861752175,0.46153846153846156,5.013517756961965e-05,3.890288507373891e+23,459097.9917452979,9,2025-06-20 00:00:00+00:00,0,-9.72917824074074
1750413600000,33,0.5266806789505516,97.23253188099369,190063.85206079847,0.654786303668159,17.0,0.5151515151515151,0.3779195182161838,13.0,0.3939393939393939,0.4453805020663695,3.0,0.09090909090909091,,,0.0,,,0.0,0.17198186195862397,0.482804441709535,17.0,17.0,1320.7058823529412,1320.0,1.1078155429236827,0.5882352941176471,5.0813146553584274e-05,3.746257643965234e+23,353856.71270670043,10,2025-06-20 00:00:00+00:00,0,-9.687511574074074
1750417200000,23,0.29702439377979895,49.59087108227366,100289.8579492905,0.33957424936345604,14.0,0.6086956521739131,0.13855491897766126,8.0,0.34782608695652173,0.9690822140257004,1.0,0.043478260869565216,,,0.0,,,0.0,0.16878840283008226,0.17078584653337384,14.0,14.0,1452.9285714285713,1017.5,1.1416366013362822,0.7142857142857143,4.505403242859316e-05,3.8718688983830145e+23,267736.9984189139,11,2025-06-20 00:00:00+00:00,0,-9.645844907407408
1750420800000,20,0.24780975546035303,42.216205993852775,86513.00208724414,0.33951358211861354,11.0,0.55,0.10886536826367817,6.0,0.3,0.18945116544008053,3.0,0.15,,,0.0,,,0.0,0.04324796119382967,0.2962656209247839,11.0,11.0,2255.7272727272725,1422.0,1.282317662524546,0.6363636363636364,3.2442226552519195e-05,3.762188039124001e+23,186019.2339837243,12,2025-06-20 00:00:00+00:00,0,-9.60417824074074
1750424400000,46,0.8216715967079891,191.67847640741547,339074.2270786595,0.9731162731323135,15.0,0.32608695652173914,0.8547624139143363,23.0,0.5,0.4425767289441317,8.0,0.17391304347826086,,,0.0,,,0.0,0.1889564553795341,0.7841598177527794,15.0,15.0,2593.6666666666665,1614.0,1.4070160424266251,0.4,8.408243752624933e-05,3.948918629267908e+23,1156018.5933044546,13,2025-06-20 00:00:00+00:00,0,-9.562511574074074
1750428000000,89,1.0357054944241313,491.1767844530936,840263.5704591732,0.8407682638736187,37.0,0.4157303370786517,1.1123293519749475,42.0,0.47191011235955055,1.4351530457475992,10.0,0.11235955056179775,,,0.0,,,0.0,0.23226095015478718,0.6085073137188316,37.0,37.0,1678.4324324324325,1040.0,1.142996626225503,0.7027027027027027,0.00012865212729408823,3.888962688161907e+23,2570413.2202308127,14,2025-06-20 00:00:00+00:00,0,-9.520844907407408
1750431600000,73,0.9421787257158386,321.1750713248796,585809.8539312565,0.8180148856235556,41.0,0.5616438356164384,1.1223652709710816,28.0,0.3835616438356164,0.9535522698750398,4.0,0.0547945205479452,,,0.0,,,0.0,0.3033102242541153,0.5147046613694403,41.0,41.0,1575.0487804878048,1200.0,1.165908810118876,0.7560975609756098,0.00010559634593782154,3.7345994786292145e+23,1408249.847330489,15,2025-06-20 00:00:00+00:00,0,-9.47917824074074
1750435200000,66,0.9969029260160072,274.60496186163243,485565.01804118603,0.947677752332919,34.0,0.5151515151515151,1.0178169741058993,23.0,0.3484848484848485,1.1294176814779493,9.0,0.13636363636363635,,,0.0,,,0.0,0.2353768584461514,0.7123008938867675,34.0,34.0,2955.470588235294,1465.0,1.4592794790987285,0.5294117647058824,9.548511361222336e-05,3.5122560014294836e+23,1158282.607940504,16,2025-06-20 00:00:00+00:00,0,-9.437511574074074
1750438800000,105,1.0669663707783936,492.6072333006238,891610.4096571166,0.8266761932688202,40.0,0.38095238095238093,1.5393091046664016,41.0,0.3904761904761905,0.6605311629023362,24.0,0.22857142857142856,,,0.0,,,0.0,0.36214184235167524,0.4645343509171451,40.0,40.0,1338.1,909.0,1.038194086380472,0.825,0.00014147604515896167,3.321981327469547e+23,2758194.5183203532,17,2025-06-20 00:00:00+00:00,0,-9.395844907407408
1750442400000,77,0.6864368023376468,240.47892363869676,486873.08278985927,0.7874066885071683,50.0,0.6493506493506493,0.4020583430799653,18.0,0.23376623376623376,0.6942499088001123,9.0,0.11688311688311688,,,0.0,,,0.0,0.3176836013734795,0.4697230871336888,50.0,50.0,1659.86,1245.0,1.190215702454359,0.68,7.472580438059703e-05,3.3500758247369915e+23,1346978.502320358,18,2025-06-20 00:00:00+00:00,0,-9.35417824074074
1750446000000,45,0.5770010824490364,119.68274422813114,230262.60979698828,0.5186716734271308,26.0,0.5777777777777777,0.5102050048453735,15.0,0.3333333333333333,1.033415617543077,3.0,0.06666666666666667,1.7262632757913998,1.0,0.022222222222222223,,,0.0,0.14699290016172264,0.3716787732654082,26.0,26.0,1458.1923076923076,873.5,1.0618034345630956,0.7307692307692307,7.153713533108357e-05,3.3560554190091915e+23,572175.949477903,19,2025-06-20 00:00:00+00:00,0,-9.312511574074074
1750449600000,31,0.604484010680982,81.84744207731318,156382.8854188441,0.4660682003299891,14.0,0.45161290322580644,0.7475334674503276,12.0,0.3870967741935484,0.6487295834173333,5.0,0.16129032258064516,,,0.0,,,0.0,0.28597488565176094,0.18009331467822814,14.0,14.0,4091.4285714285716,1108.0,1.5038355354041126,0.6428571428571429,7.074072796837393e-05,3.376368155462697e+23,647041.4381916682,20,2025-06-20 00:00:00+00:00,0,-9.270844907407408
1750453200000,28,0.6524706857474792,81.04459648449354,152117.18862191387,0.4420067656058001,10.0,0.35714285714285715,1.0044971488487138,11.0,0.39285714285714285,0.39994898679079544,7.0,0.25,,,0.0,,,0.0,0.3486444885280092,0.09336227707779088,10.0,10.0,1801.8,836.0,1.1017715582143062,0.7,5.3358878628578964e-05,3.3664652691702887e+23,367974.141960748,21,2025-06-20 00:00:00+00:00,0,-9.22917824074074
1750456800000,40,0.6998752498088056,122.8156816866238,231871.56549213626,0.7996155015287334,23.0,0.575,0.6216245695435626,14.0,0.35,0.3003698278604922,3.0,0.075,,,0.0,,,0.0,0.2517264778874421,0.5478890236412913,23.0,23.0,1380.5652173913043,1058.0,1.0621984656942005,0.7391304347826086,7.381477395215617e-05,3.354434963808012e+23,618033.2846738317,22,2025-06-20 00:00:00+00:00,0,-9.187511574074074
1750460400000,23,0.8200265167785352,64.29613065237237,115743.79726661062,0.7821727733794762,11.0,0.4782608695652174,1.2117778807921353,8.0,0.34782608695652173,0.14062158309874773,4.0,0.17391304347826086,,,0.0,,,0.0,0.19781038934100345,0.5843623840384726,11.0,11.0,2988.818181818182,1582.0,1.5581169486245818,0.36363636363636365,4.8794556443991525e-05,3.3519646170091025e+23,265600.6712120513,23,2025-06-20 00:00:00+00:00,0,-9.145844907407408
1750464000000,18,0.56044071134687,40.243489600084104,76742.88065690416,0.8203267124702839,7.0,0.3888888888888889,0.26142490025490356,6.0,0.3333333333333333,0.6583485590902537,4.0,0.2222222222222222,0.14370217906123794,1.0,0.05555555555555555,,,0.0,0.24973512619787885,0.5705915862724049,7.0,7.0,1645.857142857143,1274.0,1.2271593439467827,0.8571428571428571,3.891922915143889e-05,3.474225917810224e+23,142970.01582580866,0,2025-06-21 00:00:00+00:00,0,-9.10417824074074
1750467600000,18,0.43151015461324543,29.982911254458028,56740.78915701809,0.6222825370385745,7.0,0.3888888888888889,0.34060315268580765,10.0,0.5555555555555556,0.005173496910319993,1.0,0.05555555555555555,,,0.0,,,0.0,0.30117422368018115,0.3211083133583933,7.0,7.0,3988.0,1085.0,1.5467314792816187,0.7142857142857143,3.397248610745586e-05,3.563848504845404e+23,216271.2990343463,1,2025-06-21 00:00:00+00:00,0,-9.062511574074074
1750471200000,7,0.15494563611028145,5.308007296453982,10494.76086952746,0.130002745204661,3.0,0.42857142857142855,0.0031913547876615336,2.0,0.2857142857142857,0.3441142537913321,2.0,0.2857142857142857,,,0.0,,,0.0,0.12968028125948539,0.000322463945175618,3.0,3.0,2556.3333333333335,1885.0,1.4205898773601213,0.3333333333333333,2.4238253793616e-05,3.5751498490610826e+23,62478.87725992318,2,2025-06-21 00:00:00+00:00,0,-9.020844907407408
1750474800000,21,0.5010918480566515,41.3728099454775,77647.97479836087,0.5606035125821406,7.0,0.3333333333333333,0.3769547062680888,10.0,0.47619047619047616,0.511778545499816,3.0,0.14285714285714285,1.2938215219343618,1.0,0.047619047619047616,,,0.0,0.10441988428264196,0.4561836282994986,7.0,7.0,1394.7142857142858,1284.0,1.1022047660689298,0.5714285714285714,2.17207224555029e-05,3.5805062375877193e+23,283029.2748262187,3,2025-06-21 00:00:00+00:00,0,-8.97917824074074
1750478400000,4,0.6367228344911257,11.41094111577262,21058.21763602442,,,0.0,0.6367228344911257,4.0,1.0,,,0.0,,,0.0,,,0.0,,,,,,,,,2.679719531052249e-05,3.5869726810913306e+23,97838.35250409222,4,2025-06-21 00:00:00+00:00,0,-8.937511574074074
1750482000000,4,0.2783766260880437,5.192689481717438,10119.971606150018,0.4877381709961258,1.0,0.25,0.0038348553077537442,2.0,0.5,0.6180986227405415,1.0,0.25,,,0.0,,,0.0,0.4877381709961258,0.0,1.0,1.0,185.0,185.0,0.4301162633521313,1.0,2.102994029806921e-05,3.598280431253566e+23,49991.17181027717,5,2025-06-21 00:00:00+00:00,0,-8.895844907407408
1750485600000,17,0.49006827232631,40.03751053165035,78420.41168152509,0.5725675068551971,9.0,0.5294117647058824,0.06231637580530532,3.0,0.17647058823529413,0.5716962753615816,4.0,0.23529411764705882,0.7043188389882536,1.0,0.058823529411764705,,,0.0,0.20797570090220704,0.36459180595299007,9.0,9.0,2240.4444444444443,1074.0,1.3140506631639144,0.5555555555555556,3.368157465782537e-05,3.607062237581808e+23,187436.92260672268,6,2025-06-21 00:00:00+00:00,0,-8.85417824074074
1750489200000,7,0.68465453033129,24.73537041116385,47688.62875454956,1.8802339540630086,1.0,0.14285714285714285,0.4853912930426702,6.0,0.8571428571428571,,,0.0,,,0.0,,,0.0,1.8502325413644094,0.03000141269859924,1.0,1.0,965.0,965.0,0.982344135219425,1.0,2.2338777523961792e-05,3.6263748796140575e+23,141814.08337757725,7,2025-06-21 00:00:00+00:00,0,-8.812511574074074
1750492800000,18,0.6648007624631056,46.260317684838,81587.83104930463,0.5366374772974901,6.0,0.3333333333333333,0.7122733313445679,11.0,0.6111111111111112,0.9115822157607133,1.0,0.05555555555555555,,,0.0,,,0.0,0.30813073070642466,0.22850674659106543,6.0,6.0,10528.5,1271.5,2.1181305605388023,0.8333333333333334,2.118445244014171e-05,3.6307821926492044e+23,250286.07404791206,8,2025-06-21 00:00:00+00:00,0,-8.770844907407408
1750496400000,14,0.4470865657163524,28.85135728285791,56832.50630931535,0.5598904486644506,5.0,0.35714285714285715,0.4013863140019157,8.0,0.5714285714285714,0.24866916469135514,1.0,0.07142857142857142,,,0.0,,,0.0,0.2890414712705168,0.27084897739393377,5.0,5.0,974.8,925.0,0.9768412872622646,1.0,3.4616451142850794e-05,3.6764816676854304e+23,397400.7479466927,9,2025-06-21 00:00:00+00:00,0,-8.72917824074074
1750500000000,13,0.3585846578743442,29.518610131878255,58537.289459118554,0.36577642497856877,8.0,0.6153846153846154,0.43360694355093926,4.0,0.3076923076923077,0.0009613783341676577,1.0,0.07692307692307693,,,0.0,,,0.0,0.2428194269638072,0.12295699801476156,8.0,8.0,1212.25,1074.0,1.0569214250111254,0.75,3.318242113397273e-05,3.671992367287029e+23,154109.00991575216,10,2025-06-21 00:00:00+00:00,0,-8.687511574074074
1750503600000,8,0.26454613311869146,11.518338308017768,22589.981059147267,0.7495502986204537,1.0,0.125,0.13784017357710165,5.0,0.625,0.33880894922178484,2.0,0.25,,,0.0,,,0.0,0.0009494519387408598,0.7486008466817129,1.0,1.0,911.0,911.0,0.9544631999192007,1.0,2.320787244042962e-05,3.680680023269944e+23,95811.34489550826,11,2025-06-21 00:00:00+00:00,0,-8.645844907407408
1750507200000,6,0.44621838447834067,11.71266455291027,21055.89657414936,0.1626410075011896,4.0,0.6666666666666666,0.0020080661927756108,1.0,0.16666666666666666,,,0.0,2.02473821067251,1.0,0.16666666666666666,,,0.0,0.09941238475086756,0.06322862275032204,4.0,4.0,912.5,929.0,0.9402119885271483,1.0,2.3508104417799564e-05,3.6814939445178303e+23,81310.89458954475,12,2025-06-21 00:00:00+00:00,0,-8.60417824074074
1750510800000,7,0.5801985270598209,17.617986639794964,33636.462946159605,0.515572191053808,3.0,0.42857142857142855,0.9420984312735792,2.0,0.2857142857142857,0.3152381268550818,2.0,0.2857142857142857,,,0.0,,,0.0,0.02929828554118005,0.4862739055126279,3.0,3.0,888.6666666666666,791.0,0.843085516363708,0.6666666666666666,3.299184279939271e-05,3.6842895336489666e+23,192477.771855953,13,2025-06-21 00:00:00+00:00,0,-8.562511574074074
1750514400000,21,1.1003513255353776,99.20391762125465,170802.61677889852,1.6490616937242564,7.0,0.3333333333333333,1.1945018912785976,8.0,0.38095238095238093,0.33465514165739235,6.0,0.2857142857142857,,,0.0,,,0.0,0.41560281601889076,1.2334588777053654,7.0,7.0,1262.7142857142858,1199.0,1.0911588482039678,0.8571428571428571,6.189677946027739e-05,3.683745790150448e+23,555293.8238724846,14,2025-06-21 00:00:00+00:00,0,-8.520844907407408
1750518000000,31,0.7465243607266171,108.5643445086652,203884.2066696361,0.8588743081314962,19.0,0.6129032258064516,0.6376048978610259,10.0,0.3225806451612903,0.22379717470822225,2.0,0.06451612903225806,,,0.0,,,0.0,0.27272861129383846,0.5861456968376576,19.0,19.0,1570.7894736842106,1345.0,1.168822899521294,0.7368421052631579,5.048425020642215e-05,3.679984222668494e+23,407557.7038639351,15,2025-06-21 00:00:00+00:00,0,-8.47917824074074
1750521600000,9,0.31579642861595353,21.381639933905355,43878.51191395948,0.7288672638922121,1.0,0.1111111111111111,0.23906175107086136,4.0,0.4444444444444444,0.28926339734198103,4.0,0.4444444444444444,,,0.0,,,0.0,0.07931464322597381,0.6495526206662383,1.0,1.0,1813.0,1813.0,1.346476884316994,0.0,3.4393749116469215e-05,3.679653599382772e+23,149550.0664199876,16,2025-06-21 00:00:00+00:00,0,-8.437511574074074
1750525200000,13,0.932512527667432,52.0979106276981,97009.77116317456,0.6899076703877313,7.0,0.5384615384615384,1.3198911382411627,4.0,0.3076923076923077,1.0068723069989227,2.0,0.15384615384615385,,,0.0,,,0.0,0.2112198699323057,0.47868780045542564,7.0,7.0,9061.42857142857,5382.0,2.6295050676725777,0.2857142857142857,3.762554953358677e-05,3.6738244527013103e+23,239838.28022334614,17,2025-06-21 00:00:00+00:00,0,-8.395844907407408
1750528800000,31,0.6434807670519184,96.7983843584385,187138.81705360877,0.7368295788085854,13.0,0.41935483870967744,0.4682950856822408,11.0,0.3548387096774194,0.8524590473875889,6.0,0.1935483870967742,0.1031190272676773,1.0,0.03225806451612903,,,0.0,0.2875575232391724,0.44927205556941285,13.0,13.0,2581.6923076923076,1710.0,1.5135093077683512,0.46153846153846156,5.892260250068545e-05,3.595394907419316e+23,549238.0810104618,18,2025-06-21 00:00:00+00:00,0,-8.35417824074074
1750532400000,50,0.8623267003803602,183.94290492306595,329963.2155757007,0.9347495370162059,22.0,0.44,0.8903311514676835,19.0,0.38,0.7044400776552762,8.0,0.16,3.270553328594411e-05,1.0,0.02,,,0.0,0.16765025807724473,0.7670992789389612,22.0,22.0,2568.3636363636365,1623.0,1.4002644548522787,0.45454545454545453,7.040994187341335e-05,3.308194112154627e+23,799685.3906370463,19,2025-06-21 00:00:00+00:00,0,-8.312511574074074
1750536000000,39,0.5648534855748174,101.6736747411766,190744.05476007887,0.5171833283548961,17.0,0.4358974358974359,0.3879302376757346,15.0,0.38461538461538464,0.5048725616800113,6.0,0.15384615384615385,4.388980420168558,1.0,0.02564102564102564,,,0.0,0.24513404732108257,0.27204928103381354,17.0,17.0,1097.5294117647059,1352.0,0.9753567377301033,0.7058823529411765,8.10822983321443e-05,3.348335773089933e+23,839623.850266283,20,2025-06-21 00:00:00+00:00,0,-8.270844907407408
1750539600000,138,0.9465346181253642,576.9745254462962,1022335.4903543551,0.769358048441533,46.0,0.3333333333333333,1.0652929938164197,61.0,0.4420289855072464,0.978753318824063,30.0,0.21739130434782608,0.8858348854662345,1.0,0.007246376811594203,,,0.0,0.28456330180613126,0.48479474663540184,46.0,46.0,1392.7608695652175,1223.5,1.0948380423527342,0.7391304347826086,0.00020476807594804319,3.2747003015468675e+23,4442760.2214564895,21,2025-06-21 00:00:00+00:00,0,-8.22917824074074
1750543200000,51,0.7809042951539661,165.07774787598538,304423.1438335663,0.735767952373405,28.0,0.5490196078431373,0.9439128433075012,19.0,0.37254901960784315,0.32256809088860183,4.0,0.0784313725490196,,,0.0,,,0.0,0.1919686585300391,0.5437992938433659,28.0,28.0,1270.0714285714287,1074.5,1.0522554323358295,0.6071428571428571,8.769632299041001e-05,3.2502903733578866e+23,837428.4562364524,22,2025-06-21 00:00:00+00:00,0,-8.187511574074074
1750546800000,88,1.0444165753418342,416.16017843633443,726631.8056210964,0.6139366587734306,39.0,0.4431818181818182,1.4645923866160784,38.0,0.4318181818181818,1.1191471133187851,11.0,0.125,,,0.0,,,0.0,0.1866577046939987,0.42727895407943184,39.0,39.0,1319.4615384615386,1177.0,1.0812747202356874,0.7948717948717948,0.00015901635277656702,3.261214445190671e+23,2286380.8146634437,23,2025-06-21 00:00:00+00:00,0,-8.145844907407408
1750550400000,145,1.0923686733312368,732.1106405615266,1271276.5957570658,1.0924885309178602,79.0,0.5448275862068965,1.2395010338128294,46.0,0.31724137931034485,0.7534908067564116,20.0,0.13793103448275862,,,0.0,,,0.0,0.20298432599386593,0.8895042049239942,79.0,79.0,1173.6582278481012,1170.0,1.0316522261988315,0.759493670886076,0.00016914655569720994,3.4238073516127636e+23,2853508.8410902694,0,2025-06-22 00:00:00+00:00,0,-8.10417824074074
1750554000000,65,0.7465964065503287,220.3977350849267,410416.05214456364,0.8863695063354065,32.0,0.49230769230769234,0.5675202443473125,20.0,0.3076923076923077,0.678041333545547,13.0,0.2,,,0.0,,,0.0,0.2745392185661251,0.6118302877692814,32.0,32.0,1931.0625,1088.0,1.256744739426888,0.625,0.00010344609180104298,3.4154696538371233e+23,1015352.901940936,1,2025-06-22 00:00:00+00:00,0,-8.062511574074074
1750557600000,126,0.9846393543058012,567.7128249568069,958138.2178267756,0.833838165524118,56.0,0.4444444444444444,1.2164044443648578,46.0,0.36507936507936506,0.9208180653904844,23.0,0.18253968253968253,0.2362014284157431,1.0,0.007936507936507936,,,0.0,0.24790080405264955,0.5859373614714685,56.0,56.0,1379.982142857143,1135.0,1.115548526236189,0.75,0.00017272193167610774,3.3833471112250436e+23,2725203.8585160444,2,2025-06-22 00:00:00+00:00,0,-8.020844907407408
1750561200000,48,0.6834817026477773,134.60588316949332,254175.5308885797,0.6619211394984055,26.0,0.5416666666666666,0.6980284729683341,12.0,0.25,0.7220830424514756,10.0,0.20833333333333334,,,0.0,,,0.0,0.21710881095790352,0.44481232854050207,26.0,26.0,1582.7692307692307,1409.5,1.1998205668207509,0.6538461538461539,6.774807436674828e-05,3.398630041883279e+23,717319.1016117114,3,2025-06-22 00:00:00+00:00,0,-7.97917824074074
1750564800000,51,0.7164049268827105,157.71989512622667,300185.6890024305,0.6249829497644949,22.0,0.43137254901960786,0.8058108826280246,21.0,0.4117647058823529,0.7331247301263543,8.0,0.1568627450980392,,,0.0,,,0.0,0.11339748660380698,0.5115854631606879,22.0,22.0,931.9090909090909,846.0,0.9418400515888208,0.9545454545454546,7.924603486905837e-05,3.42808922258236e+23,744554.6611369974,4,2025-06-22 00:00:00+00:00,0,-7.937511574074074
1750568400000,25,0.9542743886455085,104.57855744074129,186468.31708636886,0.876997487326627,13.0,0.52,1.111814866138987,10.0,0.4,0.6688718597508458,2.0,0.08,,,0.0,,,0.0,0.23477288004255875,0.6422246072840682,13.0,13.0,1215.6153846153845,1235.0,1.06452687302142,0.6153846153846154,6.176114990469111e-05,3.4933090301963486e+23,415270.9655390397,5,2025-06-22 00:00:00+00:00,0,-7.895844907407407
1750572000000,11,1.0306861900089552,48.778811820202314,84088.4778639144,1.004038845891957,5.0,0.45454545454545453,1.052892310106454,6.0,0.5454545454545454,,,0.0,,,0.0,,,0.0,0.23293772557686934,0.7711011203150875,5.0,5.0,4795.0,1412.0,1.8328412113300128,0.6,4.364961222228398e-05,3.4939603246292473e+23,259955.8294177537,6,2025-06-22 00:00:00+00:00,0,-7.85417824074074
1750575600000,30,0.6479455315227762,82.90036962167598,156494.79174340892,0.6306645668817235,14.0,0.4666666666666667,0.6100418091519221,10.0,0.3333333333333333,0.4089445699065929,5.0,0.16666666666666666,2.4639210682869717,1.0,0.03333333333333333,,,0.0,0.3294603941517985,0.30120417272992495,14.0,14.0,4371.928571428572,2921.5,1.80975852052172,0.2857142857142857,5.010772387661238e-05,3.445354525243736e+23,410891.77234703815,7,2025-06-22 00:00:00+00:00,0,-7.812511574074074
1750579200000,39,0.48277000322899966,88.75513958204733,172611.44105643628,0.5764236724111885,24.0,0.6153846153846154,0.4417556183693583,11.0,0.28205128205128205,0.03363754649988049,4.0,0.10256410256410256,,,0.0,,,0.0,0.2565198527453522,0.3199038196658362,24.0,24.0,1283.625,1068.0,1.0444003215240358,0.75,5.5962367895716384e-05,3.4642821580629303e+23,503539.21649657213,8,2025-06-22 00:00:00+00:00,0,-7.770844907407407
1750582800000,34,0.9479363552855004,141.76150948408156,248433.76123973678,1.0802771122917132,19.0,0.5588235294117647,0.802117955650853,13.0,0.38235294117647056,0.6385187613516851,2.0,0.058823529411764705,,,0.0,,,0.0,0.5489937506929776,0.5312833615987357,19.0,19.0,1235.2631578947369,1435.0,1.0795174534236767,0.5263157894736842,6.875056025331006e-05,3.577401521095548e+23,707104.991528708,9,2025-06-22 00:00:00+00:00,0,-7.72917824074074
1750586400000,27,0.6315577071752719,67.19522007477046,125649.13594522016,0.7832646352233363,14.0,0.5185185185185185,0.3937269226597694,8.0,0.2962962962962963,0.5873075638654955,5.0,0.18518518518518517,,,0.0,,,0.0,0.22813951497439305,0.5551251202489433,14.0,14.0,2593.0,1778.5,1.421583850752509,0.42857142857142855,5.673141930461536e-05,3.6166627734680873e+23,324658.8082027982,10,2025-06-22 00:00:00+00:00,0,-7.687511574074074
1750590000000,14,0.963805650308629,48.503387699962666,83969.09053876139,0.8404665100719733,3.0,0.21428571428571427,1.2949274392672117,8.0,0.5714285714285714,0.2041533533223974,3.0,0.21428571428571427,,,0.0,,,0.0,0.16955588343378133,0.6709106266381918,3.0,3.0,1460.6666666666667,1379.0,1.1589107332986675,0.6666666666666666,4.497589283423956e-05,3.508283152237056e+23,247863.31312453205,11,2025-06-22 00:00:00+00:00,0,-7.645844907407407
1750593600000,31,0.865647611650172,141.76881785100787,216614.53871028326,0.4102995446223152,17.0,0.5483870967741935,0.8334929307711656,9.0,0.2903225806451613,0.45796896254530084,4.0,0.12903225806451613,10.526671475454279,1.0,0.03225806451612903,,,0.0,0.11374276749756168,0.29655677712475353,17.0,17.0,2281.705882352941,1747.0,1.3704759562308275,0.4117647058823529,4.062688417644007e-05,3.494806032745317e+23,515706.16295481106,12,2025-06-22 00:00:00+00:00,0,-7.60417824074074
1750597200000,131,1.1962333121508804,670.3647521136133,1183171.546841025,1.0701722678943844,53.0,0.40458015267175573,1.5240274403920337,55.0,0.4198473282442748,0.705161736541675,22.0,0.16793893129770993,0.6523662678842345,1.0,0.007633587786259542,,,0.0,0.29841107676161976,0.7717611911327645,53.0,53.0,1288.1132075471698,1251.0,1.0933893563281176,0.7358490566037735,0.00015341979123112632,3.170957976903578e+23,5423559.57826858,13,2025-06-22 00:00:00+00:00,0,-7.562511574074074
1750600800000,189,1.5599043468309806,1006.9532190443676,1766548.7573988116,1.4252149332940656,80.0,0.42328042328042326,1.904900598882471,85.0,0.4497354497354497,0.6102339178497707,22.0,0.1164021164021164,2.731514894912528,2.0,0.010582010582010581,,,0.0,0.44355066971527457,0.9816642635787909,80.0,80.0,1212.575,1133.0,1.0306701592146883,0.7125,0.00017361126403938584,2.579595043139004e+23,5876369.019814176,14,2025-06-22 00:00:00+00:00,0,-7.520844907407407
1750604400000,88,1.417401442499357,359.31998184161426,585646.7374654176,1.293634584137108,37.0,0.42045454545454547,1.4138833941674558,41.0,0.4659090909090909,0.7124313284414213,6.0,0.06818181818181818,3.6557600488390563,4.0,0.045454545454545456,,,0.0,0.34919232287815166,0.9444422612589563,37.0,37.0,1446.3243243243244,1235.0,1.117912835449222,0.7297297297297297,0.00010498883984327598,2.3010663972771623e+23,2439405.0666187396,15,2025-06-22 00:00:00+00:00,0,-7.47917824074074
1750608000000,106,1.2345763158799177,416.46276478452694,722157.4149780142,0.7096699028928827,39.0,0.36792452830188677,1.7578815157310252,48.0,0.4528301886792453,0.5714132761836336,17.0,0.16037735849056603,4.547812410118928,2.0,0.018867924528301886,,,0.0,0.271130511043024,0.43853939184985874,39.0,39.0,1128.8461538461538,984.0,1.001739347091205,0.7435897435897436,0.00012159065010530369,2.3044120668487567e+23,3988002.8393439827,16,2025-06-22 00:00:00+00:00,0,-7.437511574074074
1750611600000,78,0.9506792256955817,273.40250665057397,490969.6533093547,0.8806357186068607,39.0,0.5,1.1673273506838653,29.0,0.3717948717948718,0.3026499439259546,9.0,0.11538461538461539,3.231843913422132,1.0,0.01282051282051282,,,0.0,0.1871064045976698,0.6935293140091908,39.0,39.0,1331.6153846153845,1167.0,1.0962130423614995,0.7435897435897436,0.00011146144156077261,2.7544540702219327e+23,2179785.2655949253,17,2025-06-22 00:00:00+00:00,0,-7.395844907407407
1750615200000,55,0.8435385185377244,141.9878483732583,259561.15995676696,0.9480623801676928,32.0,0.5818181818181818,0.7193506918810458,15.0,0.2727272727272727,0.6582952469991232,8.0,0.14545454545454545,,,0.0,,,0.0,0.2466373069802798,0.701425073187413,32.0,32.0,1733.71875,1172.5,1.1699969583425416,0.71875,8.04804397738268e-05,2.6606217678622854e+23,681014.3001321055,18,2025-06-22 00:00:00+00:00,0,-7.35417824074074
1750618800000,78,1.0361789481528954,244.7876936416008,435263.7944637334,1.0348901390858265,42.0,0.5384615384615384,1.2134408271701562,21.0,0.2692307692307692,0.7916209829165232,15.0,0.19230769230769232,,,0.0,,,0.0,0.2519017890475685,0.782988350038258,42.0,42.0,2013.857142857143,1303.5,1.253193131936065,0.6666666666666666,0.00010180512266733407,2.3326750201820227e+23,1025269.6050973213,19,2025-06-22 00:00:00+00:00,0,-7.312511574074074
1750622400000,140,1.0214292569726007,421.7822008482283,764134.1543818524,0.9224090774929301,66.0,0.4714285714285714,1.4155003264198085,44.0,0.3142857142857143,0.6531034283385001,28.0,0.2,0.7760932528405639,2.0,0.014285714285714285,,,0.0,0.25861329844832776,0.6637957790446023,66.0,66.0,1561.4242424242425,1223.0,1.1660549169308427,0.7121212121212122,0.00014815945521207748,2.3047098925254693e+23,2380417.51984455,20,2025-06-22 00:00:00+00:00,0,-7.270844907407407
1750626000000,103,0.8203118271040355,278.6692533477823,520568.04948294203,1.0017545366825977,58.0,0.5631067961165048,0.5288504967191968,37.0,0.3592233009708738,0.3779014936563192,6.0,0.05825242718446602,2.2777388617883965,2.0,0.019417475728155338,,,0.0,0.2991472572355701,0.7026072794470275,58.0,58.0,1275.8620689655172,1129.5,1.0789923557306607,0.7931034482758621,9.2283504541546e-05,2.4534893899430506e+23,1056301.313552724,21,2025-06-22 00:00:00+00:00,0,-7.22917824074074
1750629600000,151,1.0690155942337518,636.2570858212897,1147941.7625587706,0.9618728624185446,86.0,0.5695364238410596,1.3131249687401538,49.0,0.32450331125827814,0.8973228183146348,16.0,0.10596026490066225,,,0.0,,,0.0,0.22514504491993154,0.736727817498613,86.0,86.0,1161.3720930232557,1140.0,1.0194069356110456,0.8372093023255814,0.00015806282770759443,3.068427282769811e+23,2697933.3970069475,22,2025-06-22 00:00:00+00:00,0,-7.187511574074074
1750633200000,71,0.7118321673056086,208.51823029291307,391695.62335673894,0.6116812654350584,31.0,0.43661971830985913,1.0243976473584964,24.0,0.3380281690140845,0.43702631960046856,16.0,0.22535211267605634,,,0.0,,,0.0,0.1767358419672131,0.4349454234678452,31.0,31.0,1744.5806451612902,1115.0,1.1902340801343507,0.7096774193548387,9.504827717903994e-05,3.199019074272384e+23,1134397.391970868,23,2025-06-22 00:00:00+00:00,0,-7.145844907407407
1750636800000,89,0.8384613408819956,313.8454937958816,556129.5398884155,0.9355780776118185,42.0,0.47191011235955055,0.8193082477667779,33.0,0.3707865168539326,0.5922577073212543,14.0,0.15730337078651685,,,0.0,,,0.0,0.22302484836069053,0.712553229251128,42.0,42.0,1529.8809523809523,1084.0,1.130273632611146,0.7380952380952381,0.00010405622722678133,3.261325284035171e+23,1362657.4404345946,0,2025-06-23 00:00:00+00:00,0,-7.10417824074074
1750640400000,55,0.6642728342542117,152.8522531334764,288489.00278374675,0.5367304467631683,33.0,0.6,0.905860901323664,17.0,0.3090909090909091,0.6846531636589591,5.0,0.09090909090909091,,,0.0,,,0.0,0.19260838124251312,0.34412206552065516,33.0,33.0,2464.212121212121,1385.0,1.3497874150322875,0.5454545454545454,5.8920540282562306e-05,3.170425025876572e+23,549498.9585154516,1,2025-06-23 00:00:00+00:00,0,-7.062511574074074
1750644000000,59,0.6046311059844163,166.46024945136972,314834.66436128475,0.5827289588622059,26.0,0.4406779661016949,0.7517705228971926,25.0,0.423728813559322,0.21600240627917422,8.0,0.13559322033898305,,,0.0,,,0.0,0.18219370073223443,0.40053525812997137,26.0,26.0,1411.076923076923,981.5,1.1011606641284861,0.7692307692307693,7.988651202748276e-05,3.486959309672617e+23,665353.0621705553,2,2025-06-23 00:00:00+00:00,0,-7.020844907407407
1750647600000,31,0.6573387227720044,89.83316876139949,167722.93038347395,0.7165584875638422,12.0,0.3870967741935484,0.6861504358944603,16.0,0.5161290322580645,0.2667971936182222,3.0,0.0967741935483871,,,0.0,,,0.0,0.26263979416879957,0.4539186933950427,12.0,12.0,4093.9166666666665,1667.0,1.5409744715276865,0.4166666666666667,6.617067797309733e-05,3.4850617808468355e+23,620647.0850447691,3,2025-06-23 00:00:00+00:00,0,-6.97917824074074
1750651200000,16,1.1184341014979686,72.65199305789687,126563.86454409375,1.0603915022430788,8.0,0.5,1.1764767007528587,8.0,0.5,,,0.0,,,0.0,,,0.0,0.11513998581569751,0.9452515164273811,8.0,8.0,2124.25,1037.5,1.2358432216057538,0.875,3.920150848281295e-05,3.521963871692259e+23,231702.51767320253,4,2025-06-23 00:00:00+00:00,0,-6.937511574074074
1750654800000,29,0.7144152425200591,101.60232899296314,194632.04561079523,0.859076067293213,19.0,0.6551724137931034,0.1034407136565928,4.0,0.13793103448275862,0.7373293986362482,5.0,0.1724137931034483,0.29518690670305314,1.0,0.034482758620689655,,,0.0,0.10580080735859751,0.7532752599346154,19.0,19.0,1602.578947368421,1143.0,1.1594271952919082,0.8421052631578947,5.554951271882296e-05,3.5179202693486844e+23,708707.0427171056,5,2025-06-23 00:00:00+00:00,0,-6.895844907407407
1750658400000,49,0.722701012584036,163.11366307456615,294101.08508873096,0.6257084600181324,24.0,0.4897959183673469,0.8438588649715117,17.0,0.3469387755102041,0.75621823395836,8.0,0.16326530612244897,,,0.0,,,0.0,0.2470427155490439,0.37866574446908846,24.0,24.0,1575.0833333333333,1367.0,1.1960241213832878,0.625,5.7931790639328636e-05,3.5285254152025656e+23,807994.0282071882,6,2025-06-23 00:00:00+00:00,0,-6.85417824074074
1750662000000,25,0.5742349989952532,71.29821199519965,135031.44469311505,0.7071613471831079,7.0,0.28,0.30932898195203024,13.0,0.52,1.0768937558446368,5.0,0.2,,,0.0,,,0.0,0.16135373620559984,0.545807610977508,7.0,7.0,1686.857142857143,1661.0,1.2476853141262672,0.42857142857142855,5.531310205848088e-05,3.572105875038905e+23,615615.0814641039,7,2025-06-23 00:00:00+00:00,0,-6.812511574074074
1750665600000,30,0.5856173830326482,92.01975873715843,172485.85488351545,0.9309311683722518,15.0,0.5,0.20707045568974392,8.0,0.26666666666666666,0.2782843314111029,7.0,0.23333333333333334,,,0.0,,,0.0,0.28823539331701997,0.6426957750552317,15.0,15.0,3030.9333333333334,1335.0,1.4158810001516697,0.6,5.1249325969714644e-05,3.551857879905672e+23,601819.0661055179,8,2025-06-23 00:00:00+00:00,0,-6.770844907407407
1750669200000,26,0.7633096950836771,84.02117744855387,157620.9568335316,0.5801480865526176,9.0,0.34615384615384615,0.934729980166293,14.0,0.5384615384615384,0.5128331902913144,3.0,0.11538461538461539,,,0.0,,,0.0,0.3172384849442532,0.2629096016083644,9.0,9.0,4542.333333333333,2103.0,1.8323909256698947,0.2222222222222222,4.9846855285686956e-05,3.5525270376563155e+23,478995.4605592345,9,2025-06-23 00:00:00+00:00,0,-6.72917824074074
1750672800000,25,0.9592704891919368,106.2425596572646,195063.05218262065,1.0773713841170776,14.0,0.56,0.8658818304573312,10.0,0.4,0.2397445475860226,1.0,0.04,,,0.0,,,0.0,0.31303519254646045,0.7643361915706169,14.0,14.0,1747.3076923076924,1423.0,1.2486933115363703,0.6923076923076923,5.1255964800961274e-05,3.5851588592400805e+23,448037.2762795976,10,2025-06-23 00:00:00+00:00,0,-6.687511574074074
1750676400000,25,0.9445605828299274,103.14351908075405,198766.95773551692,0.8541239693747175,12.0,0.48,1.022489787987614,11.0,0.44,1.0868221594834182,1.0,0.04,1.030317110904404,1.0,0.04,,,0.0,0.37682064370835017,0.47730332566636724,12.0,12.0,3714.5833333333335,1006.5,1.4554772106954441,0.75,5.722153138308831e-05,3.6375775974882875e+23,432741.504811879,11,2025-06-23 00:00:00+00:00,0,-6.645844907407407
1750680000000,25,0.6077206336318407,72.87645515830471,136067.70911830364,0.5113128447724746,11.0,0.44,0.6959181942711767,12.0,0.48,0.6087781085223387,2.0,0.08,,,0.0,,,0.0,0.18922526882459312,0.3220875759478815,11.0,11.0,1676.8181818181818,985.0,1.2293760850380986,0.6363636363636364,4.7960423008552904e-05,3.621561772592446e+23,416778.054707088,12,2025-06-23 00:00:00+00:00,0,-6.60417824074074
1750683600000,88,0.8625847826335932,392.77670727610644,759052.2371234887,0.6966553483845332,33.0,0.375,1.0270211447582989,33.0,0.375,0.66154659533934,21.0,0.23863636363636365,5.133658095916598,1.0,0.011363636363636364,,,0.0,0.31803595674947793,0.37861939163505526,33.0,33.0,1246.1515151515152,1196.0,1.0808460341740493,0.696969696969697,0.00012969020933157872,3.6358464434374844e+23,2871025.350225541,13,2025-06-23 00:00:00+00:00,0,-6.562511574074074
1750687200000,112,0.8139107889873927,428.0761356070384,797302.9451135328,0.788330892810488,45.0,0.4017857142857143,1.043585389652897,41.0,0.36607142857142855,0.496004508244125,26.0,0.23214285714285715,,,0.0,,,0.0,0.21253593269350218,0.5757949601169857,45.0,45.0,1304.2666666666667,1199.0,1.106633604913385,0.7111111111111111,0.00014778149737567416,3.656944107014429e+23,2854117.9451065436,14,2025-06-23 00:00:00+00:00,0,-6.520844907407407
1750690800000,72,0.6348733980197037,245.1938486482669,495779.815977753,0.652643899071913,40.0,0.5555555555555556,0.6822984318256704,23.0,0.3194444444444444,0.43469608472796956,9.0,0.125,,,0.0,,,0.0,0.20530308885930318,0.4473408102126097,40.0,40.0,1080.45,1249.0,0.9809009023863784,0.825,9.935106224140168e-05,3.6342107584182616e+23,1317489.4899035932,15,2025-06-23 00:00:00+00:00,0,-6.47917824074074
1750694400000,133,1.373346319922224,758.4926214012849,1353214.5897617566,1.1631561215568744,56.0,0.42105263157894735,1.650764790185679,52.0,0.39097744360902253,1.0366990899797583,23.0,0.17293233082706766,3.917234791640527,2.0,0.015037593984962405,,,0.0,0.4578270677013508,0.7053290538555237,56.0,56.0,1560.017857142857,1134.5,1.1671900589397535,0.7321428571428571,0.00016189401867342884,3.237774010554841e+23,3809961.883610873,16,2025-06-23 00:00:00+00:00,0,-6.437511574074074
1750698000000,150,1.042861965228356,746.4259221603976,1284129.8250552071,0.8460377285081817,68.0,0.4533333333333333,1.2376526229023315,54.0,0.36,0.8098173710542548,26.0,0.17333333333333334,5.505117980780243,2.0,0.013333333333333334,,,0.0,0.23038108087269696,0.6156566476354849,68.0,68.0,990.5294117647059,973.5,0.9532719588645807,0.9117647058823529,0.000165899867539172,3.594066708831529e+23,4200145.265849168,17,2025-06-23 00:00:00+00:00,0,-6.395844907407407
1750701600000,120,0.9201563207892381,504.0973950425196,907039.2962998969,0.949158382666745,64.0,0.5333333333333333,0.8759882343403865,37.0,0.30833333333333335,0.9084767017601371,19.0,0.15833333333333333,,,0.0,,,0.0,0.40978099651034927,0.5393773861563956,64.0,64.0,1302.109375,1224.5,1.0943614474109484,0.796875,0.00012261741905337162,3.478839843460066e+23,2227253.5866216444,18,2025-06-23 00:00:00+00:00,0,-6.35417824074074
1750705200000,94,0.6522976551833117,291.4688440055471,547976.9886204855,0.6568308053583217,47.0,0.5,0.6965216242873539,30.0,0.3191489361702128,0.49200016002122915,16.0,0.1702127659574468,1.6772804464299007,1.0,0.010638297872340425,,,0.0,0.19131986896542116,0.46551093639290053,47.0,47.0,1339.8297872340424,1012.0,1.069055470648233,0.8085106382978723,9.355901881875625e-05,3.47513085324185e+23,1399463.1863448434,19,2025-06-23 00:00:00+00:00,0,-6.312511574074074
1750708800000,72,0.7524465581393038,246.2447166149286,477874.5873681091,0.782354857304042,39.0,0.5416666666666666,0.7404430944929529,25.0,0.3472222222222222,0.6441544236060514,8.0,0.1111111111111111,,,0.0,,,0.0,0.2959344544912259,0.4864204028128161,39.0,39.0,1120.8974358974358,1098.0,1.0358818625014647,0.8205128205128205,9.364469687351812e-05,3.3706978207372686e+23,1381533.9334981574,20,2025-06-23 00:00:00+00:00,0,-6.270844907407407
1750712400000,52,1.0745562738586794,257.75111767970424,446354.7003298992,0.8757436428832395,27.0,0.5192307692307693,1.339610065290309,22.0,0.4230769230769231,0.5689882097986754,2.0,0.038461538461538464,1.622450026819715,1.0,0.019230769230769232,,,0.0,0.3562700054177591,0.5194736374654804,27.0,27.0,1956.3703703703704,1300.0,1.258920433283997,0.5555555555555556,8.434022506388014e-05,3.306847015036125e+23,1171904.9411374861,21,2025-06-23 00:00:00+00:00,0,-6.22917824074074
1750716000000,172,1.2031825937337568,911.3355565178704,1567101.059258414,0.9329338291018638,84.0,0.4883720930232558,1.6351142846151427,63.0,0.36627906976744184,1.0227505818758242,25.0,0.14534883720930233,,,0.0,,,0.0,0.2834314009667886,0.6495024281350752,84.0,84.0,1099.5833333333333,1031.5,0.9989587299898999,0.75,0.00018219094933836802,3.3650637547598807e+23,5259852.378772768,22,2025-06-23 00:00:00+00:00,0,-6.187511574074074
1750719600000,68,0.8790572909402176,252.3339410810656,458415.80394999817,0.9318031246035857,34.0,0.5,0.8722571234516008,27.0,0.39705882352941174,0.6490924591742366,7.0,0.10294117647058823,,,0.0,,,0.0,0.21626912011894622,0.7155340044846394,34.0,34.0,1378.1176470588234,1185.5,1.1334841400174465,0.7352941176470589,0.00011229140235322913,3.360583133368512e+23,1207930.1278010053,23,2025-06-23 00:00:00+00:00,0,-6.145844907407407
1750723200000,54,0.6796454967810448,163.7909622072905,299705.81990483863,0.7797206330363416,28.0,0.5185185185185185,0.6526688818072902,18.0,0.3333333333333333,0.390079903578454,8.0,0.14814814814814814,,,0.0,,,0.0,0.19481248431922057,0.5849081487171209,28.0,28.0,1959.607142857143,1179.5,1.271097348474875,0.6428571428571429,7.733178717894983e-05,3.3676069838153114e+23,765380.0695193334,0,2025-06-24 00:00:00+00:00,0,-6.10417824074074
1750726800000,47,0.5678175190068737,131.38993617126326,253497.77937111206,0.6752149104670301,25.0,0.5319148936170213,0.3901454101637675,15.0,0.3191489361702128,0.5649813541701143,7.0,0.14893617021276595,,,0.0,,,0.0,0.1682304428750213,0.5069844675920088,25.0,25.0,1346.84,1159.0,1.090485691182203,0.56,6.536805362851733e-05,3.4102170724477055e+23,536779.7851107235,1,2025-06-24 00:00:00+00:00,0,-6.062511574074074
1750730400000,51,0.7730087545650965,188.00381266353978,357148.64106356556,0.6459478217853649,30.0,0.5882352941176471,1.0154069840977362,18.0,0.35294117647058826,0.5892287051665749,3.0,0.058823529411764705,,,0.0,,,0.0,0.34172565697451257,0.3042221648108523,30.0,30.0,2671.8,1386.0,1.4447842810239893,0.5333333333333333,6.906725287261419e-05,3.521914442434834e+23,793211.9998394398,2,2025-06-24 00:00:00+00:00,0,-6.020844907407407
1750734000000,37,0.4785499070800438,91.99080985334945,181856.2811601662,0.49084221341512846,16.0,0.43243243243243246,0.3942083779315797,17.0,0.4594594594594595,0.7878321806206778,4.0,0.10810810810810811,,,0.0,,,0.0,0.16124710498951078,0.3295951084256177,16.0,16.0,1843.1875,1300.0,1.2702138837323365,0.625,5.842577238583273e-05,3.539935327793513e+23,440935.3729598598,3,2025-06-24 00:00:00+00:00,0,-5.97917824074074
1750737600000,28,0.69399496313092,83.78431781881444,154853.25309837284,0.7918576527343408,15.0,0.5357142857142857,0.5692618518735081,12.0,0.42857142857142855,0.7228519541685506,1.0,0.03571428571428571,,,0.0,,,0.0,0.12337622250084526,0.6684814302334955,15.0,15.0,8851.333333333334,1564.0,2.3791317123898477,0.4,4.762381446001606e-05,3.612055197097064e+23,295027.42272757716,4,2025-06-24 00:00:00+00:00,0,-5.937511574074074
1750741200000,49,0.8147268371273506,186.39708988224555,350673.6851059144,0.7793916378951767,33.0,0.673469387755102,0.936713724854714,15.0,0.30612244897959184,0.15098509587863507,1.0,0.02040816326530612,,,0.0,,,0.0,0.24949187413273585,0.5298997637624409,33.0,33.0,1981.7272727272727,929.0,1.156550912227754,0.7575757575757576,6.55895059935915e-05,3.4720491045558214e+23,612174.6282230159,5,2025-06-24 00:00:00+00:00,0,-5.895844907407407
1750744800000,41,0.6230340633059901,128.92534995900684,241813.83359319088,0.7782134195657474,20.0,0.4878048780487805,0.48893880274229723,15.0,0.36585365853658536,0.4410076938493644,6.0,0.14634146341463414,,,0.0,,,0.0,0.20808823055446393,0.5701251890112835,20.0,20.0,1245.6,865.0,1.0521817276215346,0.7,6.591456788501074e-05,3.5170657674400145e+23,801356.9809580978,6,2025-06-24 00:00:00+00:00,0,-5.85417824074074
1750748400000,47,0.8642590884624919,197.07574789663784,365579.97814444173,0.8957448344124207,23.0,0.48936170212765956,0.8924007410455225,20.0,0.425531914893617,0.5425077863352489,4.0,0.0851063829787234,,,0.0,,,0.0,0.1312068090064962,0.7645380254059243,23.0,23.0,1367.9565217391305,1215.0,1.1103247587532028,0.782608695652174,9.221446856928714e-05,3.763520216999003e+23,1300697.204969285,7,2025-06-24 00:00:00+00:00,0,-5.812511574074074
1750752000000,62,0.6558367780147297,244.60823307271556,460494.7849965207,0.5743475254044587,30.0,0.4838709677419355,0.7691009658974445,20.0,0.3225806451612903,0.6707862630692162,12.0,0.1935483870967742,,,0.0,,,0.0,0.24602493361681066,0.32832259178764794,30.0,30.0,1364.3666666666666,1287.0,1.1403321320788107,0.6666666666666666,0.00010291108919923855,4.187853756560364e+23,1390314.5568828215,8,2025-06-24 00:00:00+00:00,0,-5.770844907407407
1750755600000,49,0.484146765197817,129.4590563619438,250217.77414500943,0.4699862348848866,22.0,0.4489795918367347,0.6134541234843711,17.0,0.3469387755102041,0.2954774227991218,10.0,0.20408163265306123,,,0.0,,,0.0,0.18603010795724212,0.2839561269276445,22.0,22.0,1529.7272727272727,1331.5,1.1445083137086638,0.6818181818181818,6.323210796018557e-05,3.8325039310351304e+23,784473.8882028303,9,2025-06-24 00:00:00+00:00,0,-5.72917824074074
1750759200000,45,0.6993831765871237,160.42637136195628,301016.9108010889,0.5897952037603311,29.0,0.6444444444444445,0.8501546717970587,12.0,0.26666666666666666,0.44009670090458036,3.0,0.06666666666666667,2.846035873092516,1.0,0.022222222222222223,,,0.0,0.15511016121270121,0.43468504254762996,29.0,29.0,1316.448275862069,1217.0,1.105910954759604,0.7931034482758621,5.809590770400397e-05,3.735457768837898e+23,547649.0390963642,10,2025-06-24 00:00:00+00:00,0,-5.687511574074074
1750762800000,47,0.47953824065760614,125.11669302240944,240891.50382293796,0.44963212448692497,25.0,0.5319148936170213,0.5331295514950505,19.0,0.40425531914893614,0.38934424010946883,3.0,0.06382978723404255,,,0.0,,,0.0,0.15838201421159315,0.29125011027533176,25.0,25.0,1059.48,1023.0,0.9960250203157538,0.8,6.534838455504781e-05,3.82064302170238e+23,901903.4952317504,11,2025-06-24 00:00:00+00:00,0,-5.645844907407407
1750766400000,40,0.7094338410314249,151.3903280702442,318192.81806775177,0.7057493586179046,24.0,0.6,0.8096493196378396,13.0,0.325,0.30464262637845657,3.0,0.075,,,0.0,,,0.0,0.15196582600084077,0.5537835326170637,24.0,24.0,1737.6666666666667,1097.0,1.2244313682583752,0.625,6.479719131975143e-05,3.9678915301909835e+23,521071.51889688976,12,2025-06-24 00:00:00+00:00,0,-5.60417824074074
1750770000000,88,0.7340740791209477,332.29388141787234,606327.4074793704,0.9253203697757869,46.0,0.5227272727272727,0.5635445608286586,31.0,0.3522727272727273,0.45273490370368197,10.0,0.11363636363636363,0.03655153023196956,1.0,0.011363636363636364,,,0.0,0.17571610739431726,0.7496042623814695,46.0,46.0,1395.7391304347825,1198.5,1.1196707566529853,0.717391304347826,9.400363944901596e-05,4.073635216115823e+23,1651713.8660708908,13,2025-06-24 00:00:00+00:00,0,-5.562511574074074
1750773600000,78,0.7399183699347045,309.60223659247316,573969.8927625811,0.7852498691299767,39.0,0.5,0.7433397538693371,29.0,0.3717948717948718,0.5532035096627074,10.0,0.1282051282051282,,,0.0,,,0.0,0.21429593077785483,0.5709539383521219,39.0,39.0,1443.2307692307693,1238.0,1.1291844448771207,0.717948717948718,9.767207431763346e-05,3.763892270281486e+23,1523258.475807288,14,2025-06-24 00:00:00+00:00,0,-5.520844907407407
1750777200000,50,0.5947759095390736,148.9859620635216,285035.83572595456,0.49410896843464597,29.0,0.58,0.8140256853482508,16.0,0.32,0.47704488535538647,5.0,0.1,,,0.0,,,0.0,0.1541985031555714,0.33991046527907465,29.0,29.0,1609.7241379310344,1062.0,1.1094965098231764,0.6551724137931034,7.197619893973085e-05,3.6630080200088805e+23,750103.9397355637,15,2025-06-24 00:00:00+00:00,0,-5.47917824074074
1750780800000,60,0.6268465414044398,200.92877559101674,392560.407921641,0.6878794296062585,36.0,0.6,0.5218360324504888,19.0,0.31666666666666665,0.5864496803763596,5.0,0.08333333333333333,,,0.0,,,0.0,0.1737267445095546,0.5141526850967039,36.0,36.0,1825.2777777777778,1173.0,1.2076202032474246,0.6944444444444444,8.813601524207401e-05,3.659766475389103e+23,1001879.6284679272,16,2025-06-24 00:00:00+00:00,0,-5.437511574074074
1750784400000,71,0.7157051983591308,238.23493207597778,445247.7891113234,0.8136734228110153,45.0,0.6338028169014085,0.6347141449010484,16.0,0.22535211267605634,0.40443387385858276,10.0,0.14084507042253522,,,0.0,,,0.0,0.18883211563656319,0.624841307174452,45.0,45.0,1378.5333333333333,1180.0,1.087188806631103,0.7555555555555555,7.117936541477819e-05,3.5433333489342793e+23,1472099.6842460928,17,2025-06-24 00:00:00+00:00,0,-5.395844907407407
1750788000000,44,0.5219742627321795,115.36802840433384,221125.6533125366,0.6494218953405196,21.0,0.4772727272727273,0.40560903295934736,23.0,0.5227272727272727,,,0.0,,,0.0,,,0.0,0.18002695488993317,0.46939494045058644,21.0,21.0,3150.3333333333335,1175.0,1.3839201316253802,0.7142857142857143,6.431796489604806e-05,3.5491675442200906e+23,596675.4404465345,18,2025-06-24 00:00:00+00:00,0,-5.35417824074074
1750791600000,67,0.62865517371239,216.1519006992063,423863.1753582707,0.607129306700644,48.0,0.7164179104477612,0.7969812453606551,15.0,0.22388059701492538,0.2557428091723478,4.0,0.05970149253731343,,,0.0,,,0.0,0.1214766173835375,0.4856526893171065,48.0,48.0,1324.6041666666667,819.0,1.046577650537661,0.75,6.258780100694018e-05,3.6343079476423315e+23,794764.5221523783,19,2025-06-24 00:00:00+00:00,0,-5.312511574074074
1750795200000,44,0.7045187042587743,159.6631470583331,308595.33572091855,0.6742425453265101,35.0,0.7954545454545454,0.838098992646118,8.0,0.18181818181818182,0.6955419597892741,1.0,0.022727272727272728,,,0.0,,,0.0,0.15593838833213894,0.5183041569943712,35.0,35.0,1117.8857142857144,1097.0,1.0067770442570545,0.7428571428571429,6.178916098864571e-05,3.580578289891235e+23,652394.7383576665,20,2025-06-24 00:00:00+00:00,0,-5.270844907407407
1750798800000,46,0.5537335285433904,128.6796902292857,245580.82286327373,0.6397465670648769,29.0,0.6304347826086957,0.4247871403098427,15.0,0.32608695652173914,0.27364238173344535,2.0,0.043478260869565216,,,0.0,,,0.0,0.1616593729163839,0.4780871941484929,29.0,29.0,3088.8275862068967,1075.0,1.3036415712988334,0.6551724137931034,5.0447376936085534e-05,3.5375328773487215e+23,494438.2305613386,21,2025-06-24 00:00:00+00:00,0,-5.22917824074074
1750802400000,37,0.558057268121608,105.00732310845625,200933.86386453765,0.6025432756863395,26.0,0.7027027027027027,0.4454355598901881,10.0,0.2702702702702703,0.5276381537527896,1.0,0.02702702702702703,,,0.0,,,0.0,0.12533535498127513,0.47720792070506435,26.0,26.0,1268.1923076923076,1153.0,1.045560096445187,0.7692307692307693,5.174342581420461e-05,3.537301374876266e+23,370056.9357934618,22,2025-06-24 00:00:00+00:00,0,-5.187511574074074
1750806000000,22,0.6345549097290433,63.82297744588589,121912.53854159286,0.715941870124419,8.0,0.36363636363636365,0.6632762565549387,10.0,0.45454545454545453,0.43873435241352476,3.0,0.13636363636363635,0.28370743025363676,1.0,0.045454545454545456,,,0.0,0.3157502084943963,0.40019166163002273,8.0,8.0,2845.75,1265.0,1.4290978433671588,0.625,3.935422217170406e-05,3.538368222486319e+23,247490.00002793228,23,2025-06-24 00:00:00+00:00,0,-5.145844907407407
1750809600000,57,0.8937593518808211,229.568073066045,389295.91862286895,0.6542406523068223,26.0,0.45614035087719296,1.2736112392097512,23.0,0.40350877192982454,0.5801209494256431,8.0,0.14035087719298245,,,0.0,,,0.0,0.11906576247500568,0.5351748898318166,26.0,26.0,2452.5384615384614,1335.5,1.367060909796264,0.5384615384615384,9.056746300354462e-05,3.548745366605969e+23,1460754.620554248,0,2025-06-25 00:00:00+00:00,0,-5.10417824074074
1750813200000,66,0.5720866133866659,194.86466917796517,372921.4935115013,0.4762282161054572,36.0,0.5454545454545454,0.7839539577767726,19.0,0.2878787878787879,0.5644648051739186,10.0,0.15151515151515152,0.07372745422562932,1.0,0.015151515151515152,,,0.0,0.21320655273475403,0.26302166337070315,36.0,36.0,1275.5,1131.0,1.046443060939529,0.6944444444444444,8.623353365927931e-05,3.539739747247777e+23,1082245.9462733842,1,2025-06-25 00:00:00+00:00,0,-5.062511574074074
1750816800000,32,0.8303605386933812,130.90116309311648,239901.887995289,0.7734566721316938,20.0,0.625,1.2387721018110354,8.0,0.25,0.2980567452665105,4.0,0.125,,,0.0,,,0.0,0.1498238316846633,0.6236328404470304,20.0,20.0,1970.1,1243.0,1.2624176728589127,0.7,6.83728759688978e-05,3.554160872892048e+23,748169.0473834745,2,2025-06-25 00:00:00+00:00,0,-5.020844907407407
1750820400000,37,0.44709618597535633,93.86739972160267,217281.02215482917,0.40755733839656305,17.0,0.4594594594594595,0.41428194735029406,17.0,0.4594594594594595,0.8570970077972037,3.0,0.08108108108108109,,,0.0,,,0.0,0.2022382469912537,0.20531909140530935,17.0,17.0,2036.5294117647059,1359.0,1.2906970097116228,0.5882352941176471,4.473545183348377e-05,3.719012197133981e+23,623689.6823455846,3,2025-06-25 00:00:00+00:00,0,-4.97917824074074
1750824000000,21,0.6428337606504557,71.0234282382294,137340.33855778837,0.5920928708658537,15.0,0.7142857142857143,0.9194816815790752,5.0,0.23809523809523808,0.020707502776389115,1.0,0.047619047619047616,,,0.0,,,0.0,0.18742388004852123,0.4046689908173325,15.0,15.0,3197.866666666667,1399.0,1.4680618372465413,0.6,3.791682122174583e-05,3.739920300106743e+23,367226.5515654947,4,2025-06-25 00:00:00+00:00,0,-4.937511574074074
1750827600000,23,0.6524343769921532,77.89918118549988,132479.12541495278,0.898451283990923,11.0,0.4782608695652174,0.43217430929605,11.0,0.4782608695652174,0.3691091446628202,1.0,0.043478260869565216,,,0.0,,,0.0,0.13908648079572108,0.759364803195202,11.0,11.0,4306.545454545455,1722.0,1.7650663650804388,0.36363636363636365,3.546155986526124e-05,3.751995599947594e+23,380667.9195450921,5,2025-06-25 00:00:00+00:00,0,-4.895844907407407
1750831200000,14,0.49488544400408435,36.590739029209615,71513.21393044636,0.3158326319258097,5.0,0.35714285714285715,0.6463184435093239,8.0,0.5714285714285714,0.17868550835354202,1.0,0.07142857142857142,,,0.0,,,0.0,0.2310301430431582,0.08480248888265152,5.0,5.0,2725.4,1671.0,1.3993343183045692,0.4,3.685116185825449e-05,3.734360384684497e+23,222475.25082434315,6,2025-06-25 00:00:00+00:00,0,-4.85417824074074
1750834800000,21,0.5766968675481576,64.27720444509178,122914.02326435562,0.7512964306357962,11.0,0.5238095238095238,0.3468852377178132,8.0,0.38095238095238093,0.18824265975714727,1.0,0.047619047619047616,0.8830489200178969,1.0,0.047619047619047616,,,0.0,0.1058277551618846,0.6454686754739117,11.0,11.0,1571.4545454545455,1147.0,1.1014151458962291,0.8181818181818182,3.8598690357719706e-05,3.71204377883285e+23,254175.41193188404,7,2025-06-25 00:00:00+00:00,0,-4.812511574074074
1750838400000,22,0.4467782405254183,51.52936323361616,101240.78896340751,0.5499457601740044,9.0,0.4090909090909091,0.426566281407425,9.0,0.4090909090909091,0.20380602428575448,3.0,0.13636363636363635,0.4290948444690733,1.0,0.045454545454545456,,,0.0,0.1439740357440822,0.40597172442992224,9.0,9.0,1681.3333333333333,1205.0,1.2270216529505762,0.6666666666666666,3.699634265445744e-05,3.712660521384824e+23,345767.1134268169,8,2025-06-25 00:00:00+00:00,0,-4.770844907407407
1750842000000,31,0.8526788628492221,141.44618739709935,236553.26355027745,0.7323199938583542,14.0,0.45161290322580644,1.2707096502487292,12.0,0.3870967741935484,0.186254026708914,4.0,0.12903225806451613,0.1870329244885215,1.0,0.03225806451612903,,,0.0,0.22050288737062118,0.511817106487733,14.0,14.0,1042.4285714285713,879.0,0.9350570460078245,0.9285714285714286,6.41869728493819e-05,3.606621188234936e+23,644162.3362107049,9,2025-06-25 00:00:00+00:00,0,-4.72917824074074
1750845600000,51,0.6168376651105089,147.40334953682284,268537.1084124436,0.7861761868170025,22.0,0.43137254901960786,0.5676786531175247,20.0,0.39215686274509803,0.31214130536793316,9.0,0.17647058823529413,,,0.0,,,0.0,0.5002937058737125,0.28588248094329016,22.0,22.0,1105.5454545454545,1134.0,0.9867727736881794,0.8181818181818182,6.214177889175649e-05,3.574021203157159e+23,724433.0513778301,10,2025-06-25 00:00:00+00:00,0,-4.687511574074074
1750849200000,30,0.513221363923478,55.92025276921508,101462.06123452213,0.7597554351339341,8.0,0.26666666666666666,0.46346240108539094,17.0,0.5666666666666667,0.28794732363624387,5.0,0.16666666666666666,,,0.0,,,0.0,0.34302894308030785,0.4167264920536262,8.0,8.0,10356.75,1602.5,2.4387169653504692,0.375,4.053855591970939e-05,3.351035596722644e+23,973907.3448467079,11,2025-06-25 00:00:00+00:00,0,-4.645844907407407
1750852800000,23,0.5450395376013937,54.36660459319626,104482.65536357234,0.41905498760739424,9.0,0.391304347826087,0.683097920814728,12.0,0.5217391304347826,0.28361971329438507,2.0,0.08695652173913043,,,0.0,,,0.0,0.324571366282196,0.09448362132519822,9.0,9.0,955.0,798.0,0.9541540249830296,0.8888888888888888,4.627009624850009e-05,3.349250907155634e+23,359953.3772243263,12,2025-06-25 00:00:00+00:00,0,-4.60417824074074
1750856400000,71,0.7794870258802636,235.53279519343732,442692.73242808616,0.7419427934681369,31.0,0.43661971830985913,0.761860272948116,32.0,0.4507042253521127,0.5944404653017278,7.0,0.09859154929577464,3.8027402485346684,1.0,0.014084507042253521,,,0.0,0.2979671727837462,0.44397562068439067,31.0,31.0,1691.5483870967741,1015.0,1.1186107383196977,0.7096774193548387,0.00010283049601758034,3.337117360799679e+23,1393337.5669672135,13,2025-06-25 00:00:00+00:00,0,-4.562511574074074
1750860000000,55,0.9365939423105478,209.1751175483591,379082.1640734727,1.0007222883798592,22.0,0.4,0.9337312202465514,21.0,0.38181818181818183,0.8240350714621377,12.0,0.21818181818181817,,,0.0,,,0.0,0.38600593545505857,0.6147163529248005,22.0,22.0,1799.3636363636363,1669.0,1.2944338135961888,0.4090909090909091,9.214014389332291e-05,3.3648536983769336e+23,1331748.35531716,14,2025-06-25 00:00:00+00:00,0,-4.520844907407407
1750863600000,55,0.9442571507928309,220.86381795946846,429685.2308712537,0.7257636184175452,25.0,0.45454545454545453,1.2787020605477433,22.0,0.4,0.7073259376395901,8.0,0.14545454545454545,,,0.0,,,0.0,0.28285990854735477,0.44290370987019045,25.0,25.0,1151.52,1338.0,1.0375737793285125,0.8,8.285586365914513e-05,3.383939251404646e+23,1143882.308532572,15,2025-06-25 00:00:00+00:00,0,-4.47917824074074
1750867200000,50,0.6064347948297398,150.8227758643605,286880.2030826879,0.5522785967738658,27.0,0.54,0.49859213025697324,17.0,0.34,1.1556919023706784,6.0,0.12,,,0.0,,,0.0,0.16031717335702275,0.3919614234168431,27.0,27.0,1072.5925925925926,878.0,1.006302396784235,0.8518518518518519,7.189409210395551e-05,3.472595293873254e+23,691675.273866928,16,2025-06-25 00:00:00+00:00,0,-4.437511574074074
1750870800000,56,0.7128417979287233,192.49433193625484,362308.5580216926,0.6772667348557273,36.0,0.6428571428571429,0.7303121703711212,16.0,0.2857142857142857,1.1828659395616696,3.0,0.05357142857142857,0.30394568457936966,1.0,0.017857142857142856,,,0.0,0.1746108115462306,0.5026559233094967,36.0,36.0,1662.138888888889,1310.5,1.186303966581339,0.6666666666666666,6.564648704266156e-05,3.5473224485534206e+23,711969.8798906556,17,2025-06-25 00:00:00+00:00,0,-4.395844907407407
1750874400000,43,0.7206227331773646,148.01756170414697,279711.4444458282,0.6305341437706129,32.0,0.7441860465116279,0.9924657158665073,8.0,0.18604651162790697,1.0365930496319997,2.0,0.046511627906976744,0.796773099771002,1.0,0.023255813953488372,,,0.0,0.1592364041846624,0.4712977395859505,32.0,32.0,1878.375,991.5,1.1804448172783775,0.59375,6.415859012328398e-05,3.451505535337017e+23,551193.5663483503,18,2025-06-25 00:00:00+00:00,0,-4.35417824074074
1750878000000,51,0.6487984494047776,175.5709251971878,330762.3275407592,0.5815592355042594,36.0,0.7058823529411765,0.9135373163909005,12.0,0.23529411764705882,0.39671354826650357,3.0,0.058823529411764705,,,0.0,,,0.0,0.3906268398319479,0.1909323956723114,36.0,36.0,1897.25,882.5,1.1573670712063722,0.7777777777777778,6.186758582546933e-05,3.413642691968887e+23,600192.8482295815,19,2025-06-25 00:00:00+00:00,0,-4.312511574074074
1750881600000,30,0.7362105147303517,99.96680363183523,188055.02845360097,0.5183671006215672,19.0,0.6333333333333333,1.1895432984254706,10.0,0.3333333333333333,0.3419075458460695,1.0,0.03333333333333333,,,0.0,,,0.0,0.2030056575759851,0.31536144304558206,19.0,19.0,2632.7368421052633,1271.0,1.3688269633810122,0.6842105263157895,5.982484331860421e-05,3.415930104672617e+23,343401.3279042801,20,2025-06-25 00:00:00+00:00,0,-4.270844907407407
1750885200000,37,1.1263314111533769,165.2887399070497,294504.775053867,1.3065055257793823,24.0,0.6486486486486487,0.9305583913772386,10.0,0.2702702702702703,0.33751522673246237,3.0,0.08108108108108109,,,0.0,,,0.0,0.20566546250984333,1.1008400632695388,24.0,24.0,3036.1304347826085,1273.0,1.4544354590534052,0.6086956521739131,6.81591381873695e-05,3.407464774394161e+23,460796.49590165704,21,2025-06-25 00:00:00+00:00,0,-4.22917824074074
1750888800000,10,0.8143031953163948,36.51619583247156,67990.09519547233,0.9492505039453192,8.0,0.8,0.27451396080069734,2.0,0.2,,,0.0,,,0.0,,,0.0,0.17765633801528502,0.771594165930034,8.0,8.0,3951.5,1459.0,1.5934310307454762,0.5,5.076441347831629e-05,3.4773526488271443e+23,193410.0989431556,22,2025-06-25 00:00:00+00:00,0,-4.187511574074074
1750892400000,25,0.7273502141042875,83.27932631176643,151935.11449071177,0.8592394343275528,12.0,0.48,0.6056063185135809,13.0,0.52,,,0.0,,,0.0,,,0.0,0.1527997566304846,0.7064396776970683,12.0,12.0,1136.8333333333333,907.0,0.9799284461465884,0.8333333333333334,4.0940681393675354e-05,3.6152357675899415e+23,325514.2612697913,23,2025-06-25 00:00:00+00:00,0,-4.145844907407407
1750896000000,33,0.6631201639569603,105.19388943248144,204925.41782419264,0.7379767834241624,13.0,0.3939393939393939,0.5447743107352747,17.0,0.5151515151515151,1.0093679811886365,3.0,0.09090909090909091,,,0.0,,,0.0,0.1939413894630525,0.5440353939611099,13.0,13.0,1888.7692307692307,1749.0,1.2785865228109405,0.38461538461538464,5.543616831291938e-05,3.531831318968703e+23,384579.113612166,0,2025-06-26 00:00:00+00:00,0,-4.10417824074074
1750899600000,65,0.6503201483798589,188.1446444645477,348536.0631950502,0.5752728032022746,32.0,0.49230769230769234,0.8081701103029902,25.0,0.38461538461538464,0.45722839808041027,8.0,0.12307692307692308,,,0.0,,,0.0,0.17196278358292283,0.40331001961935176,32.0,32.0,3087.375,1390.5,1.3901314300943362,0.625,8.847531663034965e-05,3.487232595179422e+23,931526.8740722573,1,2025-06-26 00:00:00+00:00,0,-4.062511574074074
1750903200000,44,1.0165083008462128,220.7112456143913,353003.2069668519,0.9050473641881858,23.0,0.5227272727272727,0.6539893016606709,13.0,0.29545454545454547,1.9260518674145455,8.0,0.18181818181818182,,,0.0,,,0.0,0.15815056978170142,0.7468967944064843,23.0,23.0,974.695652173913,684.0,0.9097698726495131,0.8695652173913043,7.21708482202874e-05,3.399644581303776e+23,1437500.6003877334,2,2025-06-26 00:00:00+00:00,0,-4.020844907407407
1750906800000,37,0.6741460338942132,106.55653730722486,199137.4509620664,0.6797574348510514,18.0,0.4864864864864865,0.6692512058680032,16.0,0.43243243243243246,0.6665833776263033,3.0,0.08108108108108109,,,0.0,,,0.0,0.11130069242656424,0.5684567424244872,18.0,18.0,2392.9444444444443,1355.5,1.3617013239870608,0.6111111111111112,6.999894822142681e-05,3.407117927861746e+23,568240.6072433561,3,2025-06-26 00:00:00+00:00,0,-3.979178240740741
1750910400000,34,0.5530208935152878,96.24631872813434,184157.9678707603,0.544219554147026,17.0,0.5,0.49489099009275206,14.0,0.4117647058823529,0.8741680325739379,3.0,0.08823529411764706,,,0.0,,,0.0,0.12331870794508243,0.4209008462019437,17.0,17.0,3125.764705882353,1165.0,1.4470042816907727,0.7058823529411765,4.805088762360329e-05,3.559625082328127e+23,390192.3257078883,4,2025-06-26 00:00:00+00:00,0,-3.9375115740740743
1750914000000,16,0.7430978764687334,48.900813555344655,87795.07690545858,0.6900625966493922,8.0,0.5,0.7961331562880747,8.0,0.5,,,0.0,,,0.0,,,0.0,0.09933200662365793,0.5907305900257342,8.0,8.0,11247.75,1562.0,2.556835574029534,0.5,3.698852615104315e-05,3.602834369552522e+23,173574.42471434467,5,2025-06-26 00:00:00+00:00,0,-3.8958449074074073
1750917600000,15,0.3805552885048956,31.379163603646848,61985.06892686971,0.3861678574890719,11.0,0.7333333333333333,0.365120723798411,4.0,0.26666666666666666,,,0.0,,,0.0,,,0.0,0.19768516841807973,0.1884826890709921,11.0,11.0,1768.090909090909,1412.0,1.2238930156451366,0.6363636363636364,2.875134870963233e-05,3.6117398102880496e+23,98853.32546597261,6,2025-06-26 00:00:00+00:00,0,-3.854178240740741
1750921200000,23,0.5010496847265042,56.3084951084639,107229.20283035394,0.7243372176390467,11.0,0.4782608695652174,0.28596660556581505,11.0,0.4782608695652174,0.41080069345611914,1.0,0.043478260869565216,,,0.0,,,0.0,0.39378630260797537,0.33055091503107126,11.0,11.0,1603.4545454545455,1125.0,1.1786956080255,0.6363636363636364,4.917689641682748e-05,3.556157045256736e+23,357128.34026053164,7,2025-06-26 00:00:00+00:00,0,-3.8125115740740743
1750924800000,34,0.4444426079081064,84.12598157896221,166014.30336940626,0.47755262817891064,17.0,0.5,0.3335131744620848,13.0,0.38235294117647056,0.6642456804567587,4.0,0.11764705882352941,,,0.0,,,0.0,0.11859640475646493,0.3589562234224457,17.0,17.0,4446.235294117647,1630.0,1.5645122676796173,0.47058823529411764,6.924412876568854e-05,3.5696696267060385e+23,589285.6421186875,8,2025-06-26 00:00:00+00:00,0,-3.7708449074074073
1750928400000,20,1.156918319474347,119.43807485021547,175771.98757588354,1.437002721555055,14.0,0.7,0.4420051874526364,5.0,0.25,0.8103023504529893,1.0,0.05,,,0.0,,,0.0,0.23129396677876207,1.2057087547762928,14.0,14.0,1562.142857142857,1014.0,1.1552373812257675,0.6428571428571429,6.032622127290431e-05,3.571556888683079e+23,481268.0366682543,9,2025-06-26 00:00:00+00:00,0,-3.729178240740741
1750932000000,19,0.31294079192653296,35.660505083112284,71354.6519223368,0.4384147599986467,9.0,0.47368421052631576,0.21410264981522753,8.0,0.42105263157894735,0.14366050404724262,2.0,0.10526315789473684,,,0.0,,,0.0,0.20049933243800952,0.23791542756063716,9.0,9.0,2176.4444444444443,1582.0,1.4175851191244506,0.4444444444444444,4.595648575580042e-05,3.579623501121327e+23,198638.22897024432,10,2025-06-26 00:00:00+00:00,0,-3.6875115740740743
1750935600000,17,0.5626110661011196,45.397902062379885,84034.37175997268,0.8067746277891407,8.0,0.47058823529411764,0.3826705260316686,8.0,0.47058823529411764,0.04882689315255807,1.0,0.058823529411764705,,,0.0,,,0.0,0.09284379747967908,0.7139308303094616,8.0,8.0,5278.0,1725.5,1.9437483388702632,0.25,2.625558191072278e-05,3.706519840472263e+23,244985.88998706077,11,2025-06-26 00:00:00+00:00,0,-3.6458449074074073
1750939200000,37,0.5995009406243326,109.38181098788293,206123.56319735484,0.6513686356000624,20.0,0.5405405405405406,0.5543592865622131,16.0,0.43243243243243246,0.2844135061036467,1.0,0.02702702702702703,,,0.0,,,0.0,0.18675201441465272,0.4646166211854097,20.0,20.0,1825.65,1566.0,1.2715218386853218,0.35,4.099368623590118e-05,3.7438234358632674e+23,379352.8610548462,12,2025-06-26 00:00:00+00:00,0,-3.604178240740741
1750942800000,53,0.8193015433432403,210.75039234514875,379818.88672185235,0.8124605534180607,28.0,0.5283018867924528,0.8263693750584967,19.0,0.3584905660377358,0.8288446958957666,6.0,0.11320754716981132,,,0.0,,,0.0,0.23181915884784218,0.5806413945702185,28.0,28.0,1654.6785714285713,1211.5,1.1928277129144844,0.6071428571428571,7.499014855755722e-05,3.772615850718186e+23,965168.3929914794,13,2025-06-26 00:00:00+00:00,0,-3.5625115740740743
1750946400000,80,0.5888798656993226,250.0921321651638,467605.53020121495,0.5780186190842708,36.0,0.45,0.6371358093130995,31.0,0.3875,0.5038852984773827,13.0,0.1625,,,0.0,,,0.0,0.23241693375737896,0.34560168532689184,36.0,36.0,1454.8055555555557,1132.0,1.12776184054905,0.7222222222222222,8.088101044352528e-05,3.7086681504932684e+23,1191455.2279557039,14,2025-06-26 00:00:00+00:00,0,-3.5208449074074073
1750950000000,61,0.8295387264241267,231.42216832686458,422598.14494479715,0.6716787283004703,30.0,0.4918032786885246,0.9960439101154338,25.0,0.4098360655737705,0.9919933841858786,5.0,0.08196721311475409,0.5904357890423916,1.0,0.01639344262295082,,,0.0,0.15174377700341085,0.5199349512970594,30.0,30.0,1448.6666666666667,1585.5,1.1646577622299312,0.43333333333333335,8.182379089312641e-05,3.7099964747572004e+23,986860.9784145468,15,2025-06-26 00:00:00+00:00,0,-3.479178240740741
1750953600000,59,0.5144613716853234,177.6558901679973,350372.0351280117,0.5024096368330653,41.0,0.6949152542372882,0.457391829319702,15.0,0.2542372881355932,0.5636437499428925,2.0,0.03389830508474576,1.7662608795970858,1.0,0.01694915254237288,,,0.0,0.10029505710933742,0.4021145797237278,41.0,41.0,1683.8292682926829,1272.0,1.1882049445412532,0.6585365853658537,6.971939630915426e-05,3.737452433896948e+23,654621.3102577556,16,2025-06-26 00:00:00+00:00,0,-3.4375115740740743
1750957200000,29,0.48933909717782426,81.69104609878016,158694.75310604417,0.4530476228931145,17.0,0.5862068965517241,0.3654858660950259,9.0,0.3103448275862069,1.0665504780395747,3.0,0.10344827586206896,,,0.0,,,0.0,0.08548781735569247,0.36755980553742207,17.0,17.0,1272.235294117647,1151.0,1.0716732818176926,0.6470588235294118,6.225315299920101e-05,3.8339971897356616e+23,361649.520229079,17,2025-06-26 00:00:00+00:00,0,-3.3958449074074073
1750960800000,49,0.563534357915891,145.31164710866457,280999.42900368973,0.6097797864836431,29.0,0.5918367346938775,0.45385049870761296,15.0,0.30612244897959184,0.6243624498477639,5.0,0.10204081632653061,,,0.0,,,0.0,0.18836401620954407,0.421415770274099,29.0,29.0,1525.3103448275863,1082.0,1.0925777260661804,0.7586206896551724,5.986908477784777e-05,3.7013880605312116e+23,661947.3738005002,18,2025-06-26 00:00:00+00:00,0,-3.354178240740741
1750964400000,31,0.6626190051409141,101.6009670301705,190015.17594036882,0.6969527278925648,21.0,0.6774193548387096,0.4663254858206,6.0,0.1935483870967742,0.7768072396752189,4.0,0.12903225806451613,,,0.0,,,0.0,0.1776042936506404,0.5193484342419243,21.0,21.0,2574.0,1136.0,1.2349678826175225,0.6666666666666666,5.502133804542645e-05,3.562071458022116e+23,336613.98492231825,19,2025-06-26 00:00:00+00:00,0,-3.3125115740740743
1750968000000,26,0.6043903031834417,83.98958797276882,160531.41806821345,0.4377992163471865,17.0,0.6538461538461539,1.031368666003908,7.0,0.2692307692307692,0.3288050378608175,1.0,0.038461538461538464,0.7231755049791387,1.0,0.038461538461538464,,,0.0,0.13446835146738437,0.3033308648798021,17.0,17.0,1462.7058823529412,1435.0,1.156124912078304,0.5882352941176471,6.276481726519657e-05,3.6108292043886347e+23,489862.1486860584,20,2025-06-26 00:00:00+00:00,0,-3.2708449074074073
1750971600000,58,0.6066887257665823,172.71166591092066,331090.02935530985,0.6068914204658129,36.0,0.6206896551724138,0.527170417685722,17.0,0.29310344827586204,0.8755915714070461,5.0,0.08620689655172414,,,0.0,,,0.0,0.22485011846491373,0.38204130200089925,36.0,36.0,1984.388888888889,1468.0,1.265598590556567,0.5277777777777778,9.140259306137664e-05,3.7533795733331904e+23,1169923.6487245138,21,2025-06-26 00:00:00+00:00,0,-3.229178240740741
1750975200000,38,0.7715848168287062,150.96535199617057,270031.69090806256,0.7081453149003368,25.0,0.6578947368421053,0.6654988688557838,8.0,0.21052631578947367,1.2585198432272282,5.0,0.13157894736842105,,,0.0,,,0.0,0.1303161274558472,0.5778291874444896,25.0,25.0,1119.12,945.0,0.9860871320920468,0.72,4.893735789590982e-05,3.8644073420362644e+23,646008.936219258,22,2025-06-26 00:00:00+00:00,0,-3.1875115740740743
1750978800000,17,0.6509463100023699,60.02205101152455,110257.3518842823,0.8560655827861741,10.0,0.5882352941176471,0.35791877745407846,7.0,0.4117647058823529,,,0.0,,,0.0,,,0.0,0.10695875822320111,0.7491068245629728,10.0,10.0,2393.8,1737.0,1.409372110007294,0.2,3.775093970532083e-05,3.7371130700941014e+23,220605.08971170415,23,2025-06-26 00:00:00+00:00,0,-3.1458449074074073
1750982400000,34,0.45905873914006634,91.73999641812118,179200.40074146495,0.6161621047225995,15.0,0.4411764705882353,0.3061291630038253,16.0,0.47058823529411764,0.48916631728735266,3.0,0.08823529411764706,,,0.0,,,0.0,0.0674186322026137,0.5487434725199858,15.0,15.0,1738.6,1168.0,1.223696741183551,0.5333333333333333,4.1138678055704965e-05,3.844608055169653e+23,400652.67178404256,0,2025-06-27 00:00:00+00:00,0,-3.104178240740741
1750986000000,46,0.790959363965067,174.73241124278283,319071.7631969859,0.7048449653843268,23.0,0.5,0.9828517374871382,20.0,0.43478260869565216,0.17188726293693601,3.0,0.06521739130434782,,,0.0,,,0.0,0.27190075915670925,0.4329442062276174,23.0,23.0,2121.695652173913,1441.0,1.361295617912846,0.5652173913043478,6.760193099286308e-05,3.782045565249414e+23,705862.9886233445,1,2025-06-27 00:00:00+00:00,0,-3.0625115740740743
1750989600000,11,0.49798776990250243,32.3649348310692,62988.4112918645,0.42120408350824473,7.0,0.6363636363636364,0.6323592210924532,4.0,0.36363636363636365,,,0.0,,,0.0,,,0.0,0.2172934005223491,0.20391068298589562,7.0,7.0,1324.4285714285713,1455.0,1.115778559093855,0.5714285714285714,2.204118412543908e-05,4.102096164718529e+23,109403.20321569228,2,2025-06-27 00:00:00+00:00,0,-3.0208449074074073
1750993200000,19,0.4703705716767285,51.02707221708322,99307.45033045956,0.519043170081339,8.0,0.42105263157894735,0.47812607695863363,10.0,0.5263157894736842,0.0034347316207926706,1.0,0.05263157894736842,,,0.0,,,0.0,0.18947032903629968,0.32957284104503937,8.0,8.0,1422.125,1199.0,1.1434692770897246,0.875,2.8324721396708448e-05,3.9090523451260425e+23,228482.61739838534,3,2025-06-27 00:00:00+00:00,0,-2.979178240740741
1750996800000,9,0.33985175260906797,21.875177380293145,45159.713905715034,0.20500784764421623,5.0,0.5555555555555556,0.5084066338151326,4.0,0.4444444444444444,,,0.0,,,0.0,,,0.0,0.12763336099064648,0.07737448665356972,5.0,5.0,2527.6,1417.0,1.3129211869991217,0.6,2.5033238698415945e-05,3.664494086403363e+23,123349.3145551418,4,2025-06-27 00:00:00+00:00,0,-2.9375115740740743
1751000400000,12,0.3292480456158345,26.141685283909684,51789.1162646655,0.3385793076803355,5.0,0.4166666666666667,0.07711515281927805,5.0,0.4166666666666667,0.936252122445973,2.0,0.16666666666666666,,,0.0,,,0.0,0.08445936864876369,0.2541199390315718,5.0,5.0,3412.0,1549.0,1.612889739973843,0.4,2.6187425340200976e-05,3.717173803359821e+23,168926.74830341333,5,2025-06-27 00:00:00+00:00,0,-2.8958449074074073
1751004000000,14,0.5509453532355731,43.87279614736322,87943.53845865649,0.6352267831205615,6.0,0.42857142857142855,0.6200233303779767,4.0,0.2857142857142857,0.3554452312656874,4.0,0.2857142857142857,,,0.0,,,0.0,0.22934528088214712,0.40588150223841435,6.0,6.0,2280.6666666666665,1297.5,1.3585949410998246,0.6666666666666666,3.409252822883707e-05,3.944067265877652e+23,218292.3012435757,6,2025-06-27 00:00:00+00:00,0,-2.854178240740741
1751007600000,47,0.5980346841266972,129.98662040922326,246602.09898370295,0.6775633572522678,23.0,0.48936170212765956,0.65796616351834,14.0,0.2978723404255319,0.33121466478958517,10.0,0.2127659574468085,,,0.0,,,0.0,0.23754413741890443,0.4400192198333633,23.0,23.0,3822.6521739130435,1313.0,1.4477292644159596,0.6521739130434783,4.6362438809752235e-05,3.725246171305098e+23,717233.1757261851,7,2025-06-27 00:00:00+00:00,0,-2.8125115740740743
1751011200000,26,0.9169598430171171,109.0757096479044,201504.33590071538,0.8936311015390235,16.0,0.6153846153846154,0.9615554156813546,9.0,0.34615384615384615,0.8888595526884745,1.0,0.038461538461538464,,,0.0,,,0.0,0.16472505932841208,0.7289060422106114,16.0,16.0,2651.8125,1426.5,1.3911459776404183,0.5625,5.480670488434455e-05,3.7496969149103947e+23,497051.779375413,8,2025-06-27 00:00:00+00:00,0,-2.7708449074074073
1751014800000,26,0.5378673007914726,71.5905465402544,140428.64319032896,0.6290438747799894,15.0,0.5769230769230769,0.37147175776764285,10.0,0.38461538461538464,0.8341741212020181,1.0,0.038461538461538464,,,0.0,,,0.0,0.2585676333719947,0.3704762414079947,15.0,15.0,1186.7333333333333,788.0,1.0135332058890347,0.7333333333333333,4.506488031668628e-05,3.7727075589003986e+23,479050.8787528623,9,2025-06-27 00:00:00+00:00,0,-2.729178240740741
1751018400000,11,0.19293372562986982,20.1658849568578,42994.86691158542,0.13495465694383893,3.0,0.2727272727272727,0.2783243571600616,6.0,0.5454545454545454,0.02373043406834075,2.0,0.18181818181818182,,,0.0,,,0.0,0.13339832486877265,0.0015563320750662986,3.0,3.0,1217.0,635.0,1.0283352397013354,0.6666666666666666,4.283337837386407e-05,3.847948492825494e+23,181482.8031825236,10,2025-06-27 00:00:00+00:00,0,-2.6875115740740743
1751022000000,23,0.41666737583905605,48.42166814527907,93472.38865898961,0.5088404736186086,11.0,0.4782608695652174,0.3547457457285436,11.0,0.4782608695652174,0.08390123147961492,1.0,0.043478260869565216,,,0.0,,,0.0,0.16213527037365974,0.34670520324494886,11.0,11.0,1172.3636363636363,1072.0,1.059337929859334,0.8181818181818182,2.9684410154441005e-05,3.779184403404466e+23,305784.2260277316,11,2025-06-27 00:00:00+00:00,0,-2.6458449074074073
1751025600000,39,0.7303743026454894,139.22537418632572,260896.24465943425,0.9233017930147382,18.0,0.46153846153846156,0.6577142562500504,17.0,0.4358974358974359,0.17100579316448472,4.0,0.10256410256410256,,,0.0,,,0.0,0.1826434210714175,0.7406583719433208,18.0,18.0,2975.277777777778,1507.5,1.5814642184752261,0.5,7.265112333214249e-05,3.792215617420771e+23,598424.1799371592,12,2025-06-27 00:00:00+00:00,0,-2.604178240740741
1751029200000,70,0.4857889200927077,177.4661862681179,351603.78663588094,0.6199631610259553,27.0,0.38571428571428573,0.42876629668124583,30.0,0.42857142857142855,0.3475366829883186,12.0,0.17142857142857143,0.23278996249154627,1.0,0.014285714285714285,,,0.0,0.22155552434350798,0.39840763668244733,27.0,27.0,1256.8148148148148,1135.0,1.0682320141304182,0.8518518518518519,7.421963755807884e-05,3.7518306849040404e+23,848896.8376678766,13,2025-06-27 00:00:00+00:00,0,-2.5625115740740743
1751032800000,82,0.8103955361611634,317.670042858413,591200.2989252814,0.7773561478949522,37.0,0.45121951219512196,0.9666886310396198,31.0,0.3780487804878049,0.5516363522052834,14.0,0.17073170731707318,,,0.0,,,0.0,0.17846259999258332,0.5988935479023689,37.0,37.0,1378.027027027027,1110.0,1.1042714745939333,0.7567567567567568,8.827760381548264e-05,3.760211670264426e+23,1490241.1543021093,14,2025-06-27 00:00:00+00:00,0,-2.5208449074074073
1751036400000,60,0.6464585292897994,224.67244670216544,423362.0750082472,0.6527683177285223,37.0,0.6166666666666667,0.6075733780515171,19.0,0.31666666666666665,0.7727974546134541,4.0,0.06666666666666667,,,0.0,,,0.0,0.2058833776321129,0.4468849400964094,37.0,37.0,1359.4324324324325,1035.0,1.0271519230544333,0.8108108108108109,7.462074786927535e-05,3.849030333469891e+23,818817.2642080166,15,2025-06-27 00:00:00+00:00,0,-2.479178240740741
1751040000000,49,0.5247547381363583,143.62081979848764,276720.171589161,0.4097352407658385,28.0,0.5714285714285714,0.693350673568773,18.0,0.3673469387755102,0.5866944343333871,3.0,0.061224489795918366,,,0.0,,,0.0,0.10036356567683524,0.3093716750890033,28.0,28.0,1072.9285714285713,956.5,0.9709507703072635,0.8571428571428571,6.894194149679729e-05,3.872073993151761e+23,639810.1671457627,16,2025-06-27 00:00:00+00:00,0,-2.4375115740740743
1751043600000,57,0.8050829993440386,217.251920060854,404714.2884332896,0.822827234197303,32.0,0.5614035087719298,0.8642675959409821,22.0,0.38596491228070173,0.18179078586496653,3.0,0.05263157894736842,,,0.0,,,0.0,0.15554969140383917,0.6672775427934639,32.0,32.0,2315.5,1402.5,1.3166809126931145,0.59375,7.737201240605938e-05,3.836868299077843e+23,1062929.1255276734,17,2025-06-27 00:00:00+00:00,0,-2.3958449074074073
1751047200000,61,0.6365323088176545,196.45867338087663,372661.75163275044,0.6419825344984564,42.0,0.6885245901639344,0.4900482956756916,14.0,0.22950819672131148,0.5486209209915093,4.0,0.06557377049180328,2.810044565516039,1.0,0.01639344262295082,,,0.0,0.15850224214443534,0.48348029235402107,42.0,42.0,1759.047619047619,1117.5,1.1134087426666088,0.8095238095238095,7.768139867059475e-05,3.7545368574391666e+23,780673.8867744385,18,2025-06-27 00:00:00+00:00,0,-2.354178240740741
1751050800000,39,0.9545155368712646,175.83366098091636,317443.02102282963,0.8971371940397717,24.0,0.6153846153846154,1.1427376525481956,13.0,0.3333333333333333,0.4196118989491281,2.0,0.05128205128205128,,,0.0,,,0.0,0.13601218169868837,0.7611250123410832,24.0,24.0,1446.75,1258.0,1.1427649466224872,0.7916666666666666,5.714320170204949e-05,3.74370216788714e+23,444470.8996807236,19,2025-06-27 00:00:00+00:00,0,-2.3125115740740743
1751054400000,15,0.6199677370318833,50.999015212749526,98861.44657044037,0.5204009240092388,12.0,0.8,1.250114390589645,2.0,0.13333333333333333,,,0.0,0.5544761861880952,1.0,0.06666666666666667,,,0.0,0.10256124452869893,0.41783967948053985,12.0,12.0,2800.1666666666665,1328.0,1.5001680577718195,0.5833333333333334,4.154775942161568e-05,3.7944653920729765e+23,245245.1439122402,20,2025-06-27 00:00:00+00:00,0,-2.2708449074074073
1751058000000,29,0.644469161179842,104.23720996809182,195901.526207888,0.7561534577205935,21.0,0.7241379310344828,0.4012490709381172,7.0,0.2413793103448276,0.0016395655161359837,1.0,0.034482758620689655,,,0.0,,,0.0,0.2108234140472005,0.5453300436733929,21.0,21.0,1164.1904761904761,1169.0,1.0405219088851714,0.7142857142857143,4.2509865330732195e-05,4.1045620580016386e+23,317727.3644371136,21,2025-06-27 00:00:00+00:00,0,-2.229178240740741
1751061600000,5,0.2527708224729962,8.557526572891458,17107.868987501566,0.913322485781025,1.0,0.2,0.04862077585784449,3.0,0.6,,,0.0,0.20466929901042252,1.0,0.2,,,0.0,0.21734518195926522,0.6959773038217598,1.0,1.0,1262.0,1262.0,1.1233877335986895,1.0,1.7588295577605196e-05,3.9988050216538106e+23,95468.63225549978,22,2025-06-27 00:00:00+00:00,0,-2.1875115740740743
1751065200000,3,1.0766384134025575,20.781527070889872,41856.733316328486,0.9092910656133312,1.0,0.3333333333333333,,,0.0,1.1603120872971706,2.0,0.6666666666666666,,,0.0,,,0.0,0.8316607104447192,0.07763035516861194,1.0,1.0,1484.0,1484.0,1.2181953866272848,1.0,2.3871665301332423e-05,3.911720894886134e+23,103991.71682822754,23,2025-06-27 00:00:00+00:00,0,-2.1458449074074073
1751068800000,18,0.8331868753434359,66.02841904934,120810.87872723342,0.9126803314727786,12.0,0.6666666666666666,0.40443147488273146,4.0,0.2222222222222222,0.47638334056577125,1.0,0.05555555555555555,1.9510905384118082,1.0,0.05555555555555555,,,0.0,0.13662699711194445,0.7760533343608341,12.0,12.0,2642.75,1628.0,1.5274721373256328,0.25,3.5623120135188345e-05,3.829866958928927e+23,269512.32739934354,0,2025-06-28 00:00:00+00:00,0,-2.104178240740741
1751072400000,19,0.6385745644367619,56.265746194402524,106897.74512263671,0.6529539919451062,13.0,0.6842105263157895,0.6074191381686825,6.0,0.3157894736842105,,,0.0,,,0.0,,,0.0,0.30139183312153894,0.35156215882356723,13.0,13.0,3277.6923076923076,1128.0,1.447530114315936,0.5384615384615384,3.0276964308930205e-05,3.74051308245195e+23,267380.65429065056,1,2025-06-28 00:00:00+00:00,0,-2.0625115740740743
1751076000000,6,0.20227783612214878,10.175832375534386,20888.536902382446,0.16313537592627536,3.0,0.5,0.0018221347913892696,1.0,0.16666666666666666,0.36121937708133867,2.0,0.3333333333333333,,,0.0,,,0.0,0.14230693638391864,0.02082843954235673,3.0,3.0,2176.3333333333335,1195.0,1.2469051973407073,0.6666666666666666,2.1998991666488287e-05,3.9999961019139294e+23,115315.85520498562,2,2025-06-28 00:00:00+00:00,0,-2.0208449074074073
1751079600000,10,0.4600511881899293,29.589014256506584,58998.924441425654,0.5314568897622817,8.0,0.8,0.1744283819005198,2.0,0.2,,,0.0,,,0.0,,,0.0,0.19615470354839448,0.3353021862138872,8.0,8.0,1802.875,985.5,1.219597302087343,0.75,1.5168151012461014e-05,4.096648877568192e+23,126999.76964388287,3,2025-06-28 00:00:00+00:00,0,-1.9791782407407408
1751083200000,3,0.7298101183541247,9.413994796059324,17269.945185998404,1.1467880525456486,1.0,0.3333333333333333,0.5213211512583626,2.0,0.6666666666666666,,,0.0,,,0.0,,,0.0,0.18668165297997408,0.9601063995656746,1.0,1.0,781.0,781.0,0.8837420438114281,1.0,1.5636906572348588e-05,4.112543423887703e+23,38243.15129461624,4,2025-06-28 00:00:00+00:00,0,-1.937511574074074
1751086800000,3,0.5628983940229452,11.077179039329858,21361.755586214276,1.410799537801548,1.0,0.3333333333333333,0.13894782213364365,2.0,0.6666666666666666,,,0.0,,,0.0,,,0.0,0.1786415489096792,1.2321579888918688,1.0,1.0,1514.0,1514.0,1.230447073221762,0.0,2.387071663892657e-05,4.111796576771768e+23,110048.4966818961,5,2025-06-28 00:00:00+00:00,0,-1.8958449074074073
1751090400000,9,0.6131268469415838,28.332037441892552,53362.58087550751,0.6472255317576343,6.0,0.6666666666666666,0.5449294773094828,3.0,0.3333333333333333,,,0.0,,,0.0,,,0.0,0.030191186764879908,0.6170343449927543,6.0,6.0,5480.5,5591.5,2.114541732994447,0.3333333333333333,1.1398309079967183e-05,3.77120875188213e+23,79369.48329321489,6,2025-06-28 00:00:00+00:00,0,-1.8541782407407408
1751094000000,3,0.3487692118225904,8.206016941713248,16711.8634550144,0.3487692118225904,3.0,1.0,,,0.0,,,0.0,,,0.0,,,0.0,0.08067733771951531,0.26809187410307506,3.0,3.0,980.0,1235.0,0.9427632706852869,1.0,9.298752191331143e-06,3.651935859087356e+23,41380.43901421553,7,2025-06-28 00:00:00+00:00,0,-1.812511574074074
1751097600000,6,0.07337054256077695,7.553458357691098,15837.679154224259,0.10844125804349447,4.0,0.6666666666666666,0.0032291115953419006,2.0,0.3333333333333333,,,0.0,,,0.0,,,0.0,0.06516979595417183,0.04327146208932264,4.0,4.0,4142.5,4227.5,1.9114687790378868,0.25,2.261458029388692e-05,3.649868296398742e+23,47773.769577835876,8,2025-06-28 00:00:00+00:00,0,-1.7708449074074073
1751101200000,2,0.39677683239370143,5.118949791806749,10419.944580928232,0.1412614128509836,1.0,0.5,,,0.0,0.6522922519364193,1.0,0.5,,,0.0,,,0.0,0.006033612098281689,0.1352278007527019,1.0,1.0,2171.0,2171.0,1.4734313692873515,0.0,1.4091102525289293e-05,3.6637910601582716e+23,29944.881413114144,9,2025-06-28 00:00:00+00:00,0,-1.7291782407407408
1751104800000,1,0.5870801895741006,2.932413568886241,5740.015634785851,0.5870801895741006,1.0,1.0,,,0.0,,,0.0,,,0.0,,,0.0,0.5870801895741006,0.0,1.0,1.0,508.0,508.0,0.7127411872482184,1.0,1.8492072192299266e-05,3.735682364277779e+23,51458.288590951175,10,2025-06-28 00:00:00+00:00,0,-1.687511574074074
1751108400000,4,0.47516523288410484,8.864163340966984,17049.90372554258,0.7075327500538675,2.0,0.5,0.24279771571434228,2.0,0.5,,,0.0,,,0.0,,,0.0,0.0563830662520014,0.651149683801866,2.0,2.0,1079.0,1079.0,1.0203701583807492,1.0,9.730600004564662e-06,4.062755165907248e+23,74215.81955342286,11,2025-06-28 00:00:00+00:00,0,-1.6458449074074073
1751115600000,10,0.40935946262566236,28.132264933298384,55691.09208722755,0.3954596930649855,4.0,0.4,0.38467513921814234,5.0,0.5,0.5883801579059699,1.0,0.1,,,0.0,,,0.0,0.12880660075654127,0.26665309230844425,4.0,4.0,2683.0,2252.5,1.5739785404430244,0.25,1.641190780778833e-05,3.9638699922260636e+23,124585.74985919132,13,2025-06-28 00:00:00+00:00,0,-1.562511574074074
1751119200000,3,0.592256753178167,10.624361872940417,20894.026149924666,0.592256753178167,3.0,1.0,,,0.0,,,0.0,,,0.0,,,0.0,0.3215866387967824,0.2706701143813846,3.0,3.0,1305.0,1229.0,1.1276335589331499,0.6666666666666666,1.2104966577454384e-05,4.1158850706161215e+23,61916.212657724696,14,2025-06-28 00:00:00+00:00,0,-1.5208449074074073
1751122800000,7,0.8449804766881807,32.695534520605,63079.08957131768,0.7211617675592685,4.0,0.5714285714285714,1.0100720888600634,3.0,0.42857142857142855,,,0.0,,,0.0,,,0.0,0.08899570029863735,0.6321660672606311,4.0,4.0,1191.5,1161.5,1.0835961590073777,0.75,3.5996230340505464e-05,3.898887946647979e+23,186896.14512902417,15,2025-06-28 00:00:00+00:00,0,-1.4791782407407408
1751126400000,30,0.42990404261204734,69.59521722435167,135025.18388587708,0.3995639116597278,14.0,0.4666666666666667,0.38774580246204055,12.0,0.4,0.662569221395186,4.0,0.13333333333333333,,,0.0,,,0.0,0.11410699509987463,0.2854569165598532,14.0,14.0,1605.0,1313.0,1.188151180711235,0.7857142857142857,3.7211902640385396e-05,3.67187003526542e+23,287767.5377179614,16,2025-06-28 00:00:00+00:00,0,-1.437511574074074
1751130000000,9,0.6923146383736077,34.02007240344942,65427.7552412751,0.6949038653297812,7.0,0.7777777777777778,0.7177191129775816,1.0,0.1111111111111111,0.6487855750764203,1.0,0.1111111111111111,,,0.0,,,0.0,0.1870630100033945,0.5078408553263866,7.0,7.0,4696.571428571428,1288.0,1.5515562497075004,0.8571428571428571,2.3337319627217926e-05,3.739358597932119e+23,122376.02063774671,17,2025-06-28 00:00:00+00:00,0,-1.3958449074074073
1751133600000,10,0.5272720445677103,30.10712359700297,59630.66911984416,0.5237479650854792,6.0,0.6,0.5325581637910569,4.0,0.4,,,0.0,,,0.0,,,0.0,0.0828602462340184,0.4408877188514608,6.0,6.0,5147.5,1512.5,1.7142144079344348,0.5,1.8723653181667913e-05,3.772138377987614e+23,234033.85857760816,18,2025-06-28 00:00:00+00:00,0,-1.3541782407407408
1751137200000,4,0.7139266275257893,15.008415848658709,28051.24474650957,0.15571015941684851,1.0,0.25,1.2610720684463939,2.0,0.5,0.17785221379352112,1.0,0.25,,,0.0,,,0.0,0.13612484922765222,0.019585310189196292,1.0,1.0,5217.0,5217.0,2.284075305238424,0.0,9.735662625060476e-06,3.855488105762241e+23,76249.9277716886,19,2025-06-28 00:00:00+00:00,0,-1.312511574074074
1751144400000,4,0.5100084463083342,15.624597816762456,31387.63745457404,0.2861055599133047,3.0,0.75,,,0.0,,,0.0,1.1817171054934228,1.0,0.25,,,0.0,0.06507932739948714,0.22102623251381756,3.0,3.0,574.0,727.0,0.6167132723515628,0.6666666666666666,1.3013929284755033e-05,4.197329789300436e+23,98000.66235318613,21,2025-06-28 00:00:00+00:00,0,-1.2291782407407408
1751148000000,1,0.34485948447294124,3.3755020640093214,7090.553683581923,,,0.0,0.34485948447294124,1.0,1.0,,,0.0,,,0.0,,,0.0,,,,,,,,,1.537461331456161e-05,3.7261847711188065e+23,21173.839848625248,22,2025-06-28 00:00:00+00:00,0,-1.187511574074074
1751155200000,8,0.919225048981458,35.79530560082061,62792.74115004481,1.0370750834558087,7.0,0.875,0.09427480766100327,1.0,0.125,,,0.0,,,0.0,,,0.0,0.16357288018021157,0.8735022032755969,7.0,7.0,6557.285714285715,1591.0,2.1077118799910606,0.42857142857142855,2.6514402971218013e-05,3.9411575864557734e+23,116216.34462472262,0,2025-06-29 00:00:00+00:00,0,-1.1041782407407408
1751158800000,4,0.5619619240576678,13.103363753794621,25807.569070869722,0.6583422951635615,3.0,0.75,0.27282081073998643,1.0,0.25,,,0.0,,,0.0,,,0.0,0.194103729787199,0.46423856537636254,3.0,3.0,2356.0,1036.0,1.2933359543998961,0.6666666666666666,1.4591809760466381e-05,3.9957490065334225e+23,55003.85369526722,1,2025-06-29 00:00:00+00:00,0,-1.062511574074074
1751162400000,6,1.0169053842532942,24.977572855009733,45316.80374994427,0.9017548476536508,3.0,0.5,1.203793162151694,2.0,0.3333333333333333,0.9885814382554247,1.0,0.16666666666666666,,,0.0,,,0.0,0.22852336420058042,0.6732314834530703,3.0,3.0,1188.6666666666667,1162.0,1.088230727289984,1.0,2.8157392010177627e-05,4.1708903293779394e+23,136652.5825637616,2,2025-06-29 00:00:00+00:00,0,-1.0208449074074073
1751166000000,6,0.4994168744149085,14.579845996125158,28004.389737205373,0.5764769969551818,4.0,0.6666666666666666,0.6820376323973852,1.0,0.16666666666666666,,,0.0,,,0.0,0.008555626271338108,1.0,0.16666666666666666,0.18055389038762903,0.3959231065675528,4.0,4.0,8816.0,7798.0,2.6904189090824038,0.25,1.0364670447381258e-05,4.195083953307193e+23,35730.31188307575,3,2025-06-29 00:00:00+00:00,0,-0.9791782407407408
1751173200000,2,0.16796150928700004,3.519437099043558,7182.249334943891,0.2917293055820823,1.0,0.5,0.04419371299191777,1.0,0.5,,,0.0,,,0.0,,,0.0,0.2926607788594814,-0.0009314732773990642,1.0,1.0,1235.0,1235.0,1.1113055385446435,1.0,1.0622656750813835e-05,4.195083953307193e+23,40835.631271674094,5,2025-06-29 00:00:00+00:00,0,-0.8958449074074074
1751176800000,1,2.082232333688321,9.696842323990289,16477.716998287677,,,0.0,2.082232333688321,1.0,1.0,,,0.0,,,0.0,,,0.0,,,,,,,,,8.00431012859984e-06,4.147055235467243e+23,43753.380219843915,6,2025-06-29 00:00:00+00:00,0,-0.8541782407407408
1751180400000,5,0.15506439561774765,4.954020469441175,9970.91077116991,0.267199442205439,2.0,0.4,0.05122713444494654,1.0,0.2,0.09484797961645686,2.0,0.4,,,0.0,,,0.0,0.13407860698200647,0.13312083522343254,2.0,2.0,432.5,432.5,0.6484020125593026,1.0,9.292093592756204e-06,4.0959410352167996e+23,157200.16678400617,7,2025-06-29 00:00:00+00:00,0,-0.812511574074074
1751184000000,15,1.2073008220956034,82.6433101370628,145875.69395723057,0.7616541450389303,6.0,0.4,1.5043986068000523,9.0,0.6,,,0.0,,,0.0,,,0.0,0.254664302259034,0.5069898427798961,6.0,6.0,1521.5,1495.5,1.205421940381883,0.5,3.522303514816135e-05,3.959996466633952e+23,222280.9200611485,8,2025-06-29 00:00:00+00:00,0,-0.7708449074074074
1751187600000,19,0.6387278026558932,63.20444951968546,117222.58663525578,0.36018005584140383,9.0,0.47368421052631576,0.8894207747889336,10.0,0.5263157894736842,,,0.0,,,0.0,,,0.0,0.09954095585259568,0.26063909998880813,9.0,9.0,1356.0,1226.0,1.1337079784486686,0.6666666666666666,3.7409337085757264e-05,3.956593418877243e+23,279956.20988866634,9,2025-06-29 00:00:00+00:00,0,-0.7291782407407408
1751191200000,44,0.7952234510442381,135.33962243890218,249981.46967101586,0.8294417997809767,25.0,0.5681818181818182,0.8939887855827053,13.0,0.29545454545454547,0.31843235914686285,5.0,0.11363636363636363,1.0397708431125796,1.0,0.022727272727272728,,,0.0,0.32908187896681257,0.500359920814164,25.0,25.0,1307.92,1381.0,1.0979853658673135,0.6,5.911709087977629e-05,3.4505189407995364e+23,593511.5857106058,10,2025-06-29 00:00:00+00:00,0,-0.687511574074074
1751194800000,13,0.982060274996208,64.35081899517519,118667.54237271799,0.7158753280655322,7.0,0.5384615384615384,1.292609379748663,6.0,0.46153846153846156,,,0.0,,,0.0,,,0.0,0.26067809600294634,0.45519723206258583,7.0,7.0,8145.857142857143,1206.0,2.0793541544544882,0.5714285714285714,3.288067531661236e-05,3.222125519103032e+23,268879.02789798204,11,2025-06-29 00:00:00+00:00,0,-0.6458449074074074
1751198400000,18,0.4718936817788054,41.75236760328065,82435.72290808795,0.603327964288741,11.0,0.6111111111111112,0.3090911173799455,6.0,0.3333333333333333,0.002931960562673093,1.0,0.05555555555555555,,,0.0,,,0.0,0.31440426820164247,0.2889236960870986,11.0,11.0,2145.2727272727275,1474.0,1.353501329563612,0.5454545454545454,3.87176000343548e-05,3.239397724793189e+23,283673.6324903067,12,2025-06-29 00:00:00+00:00,0,-0.6041782407407408
1751202000000,16,0.3719517057561338,37.52699853112579,79022.83563107677,0.3644342719843467,9.0,0.5625,0.2916543152929188,6.0,0.375,,,0.0,0.9213929524815078,1.0,0.0625,,,0.0,0.08515378908219112,0.27928048290215557,9.0,9.0,2684.222222222222,1002.0,1.3603326370077973,0.6666666666666666,3.3803364935374056e-05,3.3105220080674e+23,215255.16087847756,13,2025-06-29 00:00:00+00:00,0,-0.562511574074074
1751205600000,28,0.532086397585908,72.3536814721993,136112.4337052114,0.673760299898947,17.0,0.6071428571428571,0.26769970427776174,8.0,0.2857142857142857,0.434298799967078,3.0,0.10714285714285714,,,0.0,,,0.0,0.2394379694916082,0.4343223304073388,17.0,17.0,2090.9411764705883,1191.0,1.2487972117858892,0.7058823529411765,4.5040649475879594e-05,3.480151721789901e+23,334553.2257963551,14,2025-06-29 00:00:00+00:00,0,-0.5208449074074074
1751209200000,23,0.4710756330084394,60.34338043335398,118329.9346926974,0.49411726380255583,10.0,0.43478260869565216,0.41026436697906227,9.0,0.391304347826087,0.5502969045892468,4.0,0.17391304347826086,,,0.0,,,0.0,0.27077675850839966,0.22334050529415617,10.0,10.0,1811.7,1535.5,1.2701071182987502,0.6,4.3509165663103915e-05,3.833017208176025e+23,305164.02722557564,15,2025-06-29 00:00:00+00:00,0,-0.4791782407407407
1751212800000,34,0.7907055882751546,145.59218103195036,248781.50054515223,0.5682662602328892,22.0,0.6470588235294118,1.5514326494219164,9.0,0.2647058823529412,0.13974614381148173,3.0,0.08823529411764706,,,0.0,,,0.0,0.185124019559294,0.38314224067359515,22.0,22.0,2195.0454545454545,1207.5,1.2741010557247983,0.5454545454545454,4.88221975114358e-05,3.858811507729247e+23,420372.1492909042,16,2025-06-29 00:00:00+00:00,0,-0.4375115740740741
1751216400000,17,0.4890451557240214,44.95294471282992,86322.75220027537,0.6461563371786164,11.0,0.6470588235294118,0.16746470053242024,5.0,0.29411764705882354,0.36872443568148217,1.0,0.058823529411764705,,,0.0,,,0.0,0.1639100539235815,0.4822462832550349,11.0,11.0,3176.090909090909,1584.0,1.5593384931877985,0.36363636363636365,2.576568370823274e-05,3.8557931441194016e+23,216167.28281010632,17,2025-06-29 00:00:00+00:00,0,-0.3958449074074074
1751220000000,8,0.7558697537017645,29.70335569973254,56378.60019396876,0.7018727765262289,6.0,0.75,0.917860685228371,2.0,0.25,,,0.0,,,0.0,,,0.0,0.13003601996908631,0.5718367565571425,6.0,6.0,1073.5,1081.5,1.0249610069975494,0.8333333333333334,2.2036264395224387e-05,3.814263516663496e+23,103031.46098050966,18,2025-06-29 00:00:00+00:00,0,-0.3541782407407407
1751223600000,14,0.4914731928265172,41.780469440544636,81992.9478145885,0.7284318906972561,7.0,0.5,0.25451449495577844,7.0,0.5,,,0.0,,,0.0,,,0.0,0.36907854373991344,0.35935334695734256,7.0,7.0,986.4285714285714,973.0,0.9385900159492898,0.7142857142857143,2.5965878906694182e-05,3.8229043594349816e+23,187828.91585313436,19,2025-06-29 00:00:00+00:00,0,-0.3125115740740741
1751227200000,4,0.3129790604600212,8.115743023530246,16616.680593019202,0.3923517452103552,1.0,0.25,0.34022818278190303,2.0,0.5,,,0.0,0.1791081310659236,1.0,0.25,,,0.0,0.05872484848124405,0.33362689672911117,1.0,1.0,3538.0,3538.0,1.8809572031282369,0.0,1.595611973402016e-05,3.8790477733608804e+23,38947.41167066198,20,2025-06-29 00:00:00+00:00,0,-0.2708449074074074
1751230800000,32,0.5905220863088078,97.36092987626147,183278.343059962,0.6239988162988375,18.0,0.5625,0.5859111512937795,11.0,0.34375,0.4065684680904001,3.0,0.09375,,,0.0,,,0.0,0.17393180912108067,0.45006700717775683,18.0,18.0,3507.6111111111113,1267.5,1.4706081977916519,0.6111111111111112,3.987335128913719e-05,3.887214471575874e+23,374315.346331172,21,2025-06-29 00:00:00+00:00,0,-0.22917824074074075
1751234400000,51,0.7265775818303742,169.09330652700265,320150.00445954874,0.825108046130789,30.0,0.5882352941176471,0.6404891622992938,19.0,0.37254901960784315,0.0664606028694158,2.0,0.0392156862745098,,,0.0,,,0.0,0.1699647264987768,0.6551433196320122,30.0,30.0,2212.3,1498.0,1.3883626166870866,0.5,7.393466408914717e-05,3.607841246763441e+23,757994.6387343403,22,2025-06-29 00:00:00+00:00,0,-0.18751157407407407
1751238000000,46,0.66279618892235,141.64254548534956,263718.21656150057,0.6164960001962524,29.0,0.6304347826086957,0.6803127644097143,13.0,0.2826086956521739,0.899191524446253,3.0,0.06521739130434782,1.0686001740717366,1.0,0.021739130434782608,,,0.0,0.16818748794079716,0.44830851225545526,29.0,29.0,1257.9655172413793,1094.0,1.0741333355226619,0.6896551724137931,5.472741481342961e-05,3.297222694943055e+23,532326.7443781103,23,2025-06-29 00:00:00+00:00,0,-0.1458449074074074
1751241600000,30,0.7021032572488102,89.06970148774623,167710.98171915323,0.7685712470388996,11.0,0.36666666666666664,0.595974753168198,10.0,0.3333333333333333,0.7387851631504925,9.0,0.3,,,0.0,,,0.0,0.5357373530728892,0.23283389396601029,11.0,11.0,996.6363636363636,902.0,0.9648191676480837,0.8181818181818182,6.115970659827065e-05,3.298036532578654e+23,558836.3743797735,0,2025-06-30 00:00:00+00:00,0,-0.10417824074074074
1751245200000,25,0.7711047737469822,90.91821969279633,172422.29414012437,0.6672448606514674,13.0,0.52,0.840073362718042,9.0,0.36,1.0142586302477004,3.0,0.12,,,0.0,,,0.0,0.2670517536388917,0.4001931070125757,13.0,13.0,2876.846153846154,1234.0,1.4429743335200638,0.5384615384615384,4.6389141960858446e-05,3.491987997774553e+23,463738.58323091327,1,2025-06-30 00:00:00+00:00,0,-0.06251157407407408
1751248800000,15,0.4340725564340589,38.535086993096954,77359.02791529505,0.3984667890739757,9.0,0.6,0.5118100606499353,4.0,0.26666666666666666,0.8151934558248185,1.0,0.06666666666666667,0.062453546420542135,1.0,0.06666666666666667,,,0.0,0.12976821849302972,0.268698570580946,9.0,9.0,5574.777777777777,2497.0,1.9818325953543392,0.3333333333333333,2.83805432644346e-05,3.534136954726195e+23,228335.36260766166,2,2025-06-30 00:00:00+00:00,0,-0.020844907407407406
1751252400000,2,0.23201539793793902,3.95423354284313,8275.16423573599,,,0.0,0.23201539793793902,2.0,1.0,,,0.0,,,0.0,,,0.0,,,,,,,,,2.9255105641106743e-05,3.626621725930996e+23,81024.8142657872,3,2025-06-30 00:00:00+00:00,1,0.02082175925925926
1751256000000,7,0.12811490157741687,7.8656855666128465,16044.738045304583,0.17716208578156134,4.0,0.5714285714285714,0.0627186559718909,3.0,0.42857142857142855,,,0.0,,,0.0,,,0.0,0.10657730631858253,0.07058477946297881,4.0,4.0,8848.0,9447.0,2.769971273755552,0.0,2.3786358215929564e-05,3.608877761142264e+23,84477.5177118268,4,2025-06-30 00:00:00+00:00,1,0.062488425925925926
1751259600000,7,0.5361648706948278,15.877497952490055,30130.129843210187,0.7534408694381867,2.0,0.2857142857142857,0.4492544711974843,5.0,0.7142857142857143,,,0.0,,,0.0,,,0.0,0.07902282023686691,0.6744180492013196,2.0,2.0,12384.5,12384.5,2.86558015610456,0.5,2.715733819564247e-05,3.5101895520422135e+23,120996.26949803332,5,2025-06-30 00:00:00+00:00,1,0.10415509259259259
1751263200000,18,1.099007675909133,85.21376451129376,154246.03475443885,1.143320282215006,9.0,0.5,1.0546950696032602,9.0,0.5,,,0.0,,,0.0,,,0.0,0.4328056699794025,0.7105146122356033,9.0,9.0,1302.0,1044.0,1.11105160725847,0.0,4.690671678121435e-05,3.733251466915986e+23,494922.37792112853,6,2025-06-30 00:00:00+00:00,1,0.14582175925925925
1751266800000,35,0.3637732858049196,64.80486333342515,120984.01533209115,0.46410970122146444,8.0,0.22857142857142856,0.5445698205736081,16.0,0.45714285714285713,0.022229261243034783,9.0,0.2571428571428571,0.053003456517712766,2.0,0.05714285714285714,,,0.0,0.3681781478862044,0.09593155333526004,8.0,8.0,1399.25,846.5,1.1118488217046756,0.125,3.465861787813984e-05,3.839451805224866e+23,505791.3514028381,7,2025-06-30 00:00:00+00:00,1,0.18748842592592593
1751270400000,17,0.550319177703074,54.329170624978865,106218.73395302519,0.6828208114441517,11.0,0.6470588235294118,0.3073995158444316,6.0,0.35294117647058826,,,0.0,,,0.0,,,0.0,0.15996358944120256,0.5228572220029492,11.0,11.0,1203.2727272727273,870.0,1.0364459392720167,0.2727272727272727,3.894748221508173e-05,3.847512697325015e+23,259115.28355226983,8,2025-06-30 00:00:00+00:00,1,0.2291550925925926
1751274000000,12,0.5021539593294587,29.26398646492618,55447.15625244209,0.3325373069919023,5.0,0.4166666666666667,0.7237657094398134,6.0,0.5,0.020566720355112873,1.0,0.08333333333333333,,,0.0,,,0.0,0.08845717640493678,0.24408013058696554,5.0,5.0,960.2,911.0,0.9399136413804019,0.4,3.598462624694167e-05,3.844652249141072e+23,174692.83189165048,9,2025-06-30 00:00:00+00:00,1,0.2708217592592593
1751277600000,8,0.5110495916632639,24.729970284895618,49731.95371490085,0.8043203186958214,4.0,0.5,0.2177788646307065,4.0,0.5,,,0.0,,,0.0,,,0.0,0.368038999519209,0.4362813191766124,4.0,4.0,1762.0,826.0,1.2020329736129987,0.5,2.714014111335328e-05,3.9220666292336944e+23,138224.61885762232,10,2025-06-30 00:00:00+00:00,1,0.3124884259259259
1751281200000,33,0.4758974054298703,88.49240527864043,171489.79705685956,0.42129045334145165,19.0,0.5757575757575758,0.45763947223198975,10.0,0.30303030303030304,0.7809252608445604,4.0,0.12121212121212122,,,0.0,,,0.0,0.2784376445225155,0.14285280881893614,19.0,19.0,2627.5789473684213,944.0,1.3311780612272115,0.3684210526315789,3.848808583764744e-05,3.831791473161632e+23,353236.06253770035,11,2025-06-30 00:00:00+00:00,1,0.3541550925925926
1751284800000,15,0.5935262018064571,45.59513038015911,83755.9863025225,1.0775257497079165,6.0,0.4,0.27085983653881773,9.0,0.6,,,0.0,,,0.0,,,0.0,0.28255390187952006,0.7949718478283962,6.0,6.0,766.1666666666666,579.0,0.842812381656935,0.6666666666666666,3.4184456524757305e-05,3.8389218330443635e+23,145870.74351120173,12,2025-06-30 00:00:00+00:00,1,0.3958217592592593
1751288400000,37,0.636387258029462,127.24924816806151,243958.32889630992,0.7305853195690111,18.0,0.4864864864864865,0.48905031001384314,16.0,0.43243243243243246,0.8569959448754685,3.0,0.08108108108108109,,,0.0,,,0.0,0.34358605017789157,0.3869992693911195,18.0,18.0,875.5,737.0,0.9189666632653992,0.5555555555555556,6.564542854101813e-05,3.838803534404506e+23,491993.7141585309,13,2025-06-30 00:00:00+00:00,1,0.4374884259259259
1751292000000,83,0.6334004056789093,274.9233043111423,527539.3676254381,0.7177622826013077,49.0,0.5903614457831325,0.49218833526543543,25.0,0.30120481927710846,0.5728443303125286,7.0,0.08433734939759036,0.5436315650309042,2.0,0.024096385542168676,,,0.0,0.29359319109479415,0.42416909150651355,49.0,49.0,1444.6122448979593,935.0,1.0886272720537369,0.3673469387755102,9.022120121985843e-05,3.771054165765712e+23,1263481.699328614,14,2025-06-30 00:00:00+00:00,1,0.4791550925925926
1751295600000,65,0.6629880475081055,209.598306939329,401270.6393778463,0.6396353009745757,37.0,0.5692307692307692,0.6822243849623716,24.0,0.36923076923076925,0.7635829282176587,4.0,0.06153846153846154,,,0.0,,,0.0,0.15662980146164734,0.4830054995129283,37.0,37.0,1412.5405405405406,933.0,1.0571873994697936,0.3783783783783784,8.55170028071196e-05,3.687526961781097e+23,1107724.584329169,15,2025-06-30 00:00:00+00:00,1,0.5208217592592592
1751299200000,56,0.6470759050437317,182.86210021721317,349072.85236698744,0.5984259057692553,28.0,0.5,0.7124779980301369,22.0,0.39285714285714285,0.6465250015251821,5.0,0.08928571428571429,0.5731843566209082,1.0,0.017857142857142856,,,0.0,0.28530010346048684,0.31312580230876846,28.0,28.0,2460.962962962963,740.0,1.1758924649567981,0.5555555555555556,6.386824145902814e-05,3.951711860206423e+23,843527.9876890884,16,2025-06-30 00:00:00+00:00,1,0.562488425925926
1751302800000,28,0.6201343251168925,96.90950081046557,188433.20362977026,0.5002929323573941,15.0,0.5357142857142857,0.8241158905151247,10.0,0.35714285714285715,0.5394027375869439,3.0,0.10714285714285714,,,0.0,,,0.0,0.16300386701029612,0.33728906534709796,15.0,15.0,790.4666666666667,735.0,0.8566598726771935,0.5333333333333333,5.530554382944116e-05,3.8990243531849866e+23,423073.133067627,17,2025-06-30 00:00:00+00:00,1,0.6041550925925926
1751306400000,32,0.4669299942109241,83.74199263337309,163007.2544942636,0.4404042393147259,15.0,0.46875,0.5238673021162127,14.0,0.4375,0.3338513318005689,3.0,0.09375,,,0.0,,,0.0,0.1582033739235495,0.28220086539117634,15.0,15.0,2837.266666666667,843.0,1.2878209952225699,0.4,4.6788654017245864e-05,3.8911028111609404e+23,425694.2863512077,18,2025-06-30 00:00:00+00:00,1,0.6458217592592592
1751310000000,34,0.4502215267459476,90.16330034359534,177416.77393460707,0.46675684334930856,18.0,0.5294117647058824,0.48642301368691565,13.0,0.38235294117647056,0.1941365170482533,3.0,0.08823529411764706,,,0.0,,,0.0,0.12427068550369559,0.342486157845613,18.0,18.0,717.8333333333334,704.0,0.8313504299842966,0.6111111111111112,4.950160155408508e-05,3.938932385736708e+23,505941.1375279875,19,2025-06-30 00:00:00+00:00,1,0.687488425925926
1751313600000,20,0.3845308406065272,59.883293377206165,120151.92230132828,0.518470080051833,12.0,0.6,0.1836219814385686,8.0,0.4,,,0.0,,,0.0,,,0.0,0.1684596707799826,0.35001040927185034,12.0,12.0,655.0833333333334,715.5,0.7947984823556561,0.5,3.53344108486587e-05,3.8952480168316456e+23,262814.20963164076,20,2025-06-30 00:00:00+00:00,1,0.7291550925925926
1751317200000,34,0.8359589316655263,137.86175940677808,219220.89562148324,0.6964820984670458,18.0,0.5294117647058824,1.1009136140910414,14.0,0.4117647058823529,0.23656765347324515,2.0,0.058823529411764705,,,0.0,,,0.0,0.22227565728499638,0.4742064411820494,18.0,18.0,1358.9444444444443,623.5,0.9916281862221241,0.6666666666666666,5.190834821632616e-05,3.768712814006765e+23,579690.2093751876,21,2025-06-30 00:00:00+00:00,1,0.7708217592592592
1751320800000,22,0.561881564937653,70.2679325131777,136772.61917853117,0.8126200863685881,12.0,0.5454545454545454,0.260995339220531,10.0,0.45454545454545453,,,0.0,,,0.0,,,0.0,0.23494691263134038,0.5776731737372476,12.0,12.0,3119.6666666666665,712.5,1.2085542977018955,0.5833333333333334,3.992999643939001e-05,3.65877689246497e+23,281929.8655574615,22,2025-06-30 00:00:00+00:00,1,0.812488425925926
1751324400000,10,0.4396846121848029,26.586399097367366,53162.20876779975,0.37306265097209346,8.0,0.8,0.7061724570356408,2.0,0.2,,,0.0,,,0.0,,,0.0,0.11362887853264436,0.2594337724394491,8.0,8.0,2373.0,910.5,1.334628772824722,0.25,3.0312350006687482e-05,3.6383482617037154e+23,108057.01075190178,23,2025-06-30 00:00:00+00:00,1,0.8541550925925926
1751328000000,53,0.5522131372430426,151.5048298840362,285601.5721012667,0.5419197499214947,33.0,0.6226415094339622,0.577820300490116,16.0,0.3018867924528302,0.5347049296575189,4.0,0.07547169811320754,,,0.0,,,0.0,0.22717899876366157,0.3147407511578331,33.0,33.0,1198.121212121212,879.0,1.02705042619792,0.30303030303030304,4.824927003392383e-05,3.7582652419825074e+23,499179.7157313717,0,2025-07-01 00:00:00+00:00,1,0.8958217592592592
1751331600000,27,0.5190803670416658,81.75422625504875,157892.60642587993,0.514698173685814,16.0,0.5925925925925926,0.538091768305886,10.0,0.37037037037037035,0.3990814480930903,1.0,0.037037037037037035,,,0.0,,,0.0,0.20867355652335207,0.306024617162462,16.0,16.0,751.75,659.0,0.8157802493010438,0.6875,5.123424579842139e-05,3.9434387682785655e+23,395038.96829886385,1,2025-07-01 00:00:00+00:00,1,0.937488425925926
1751335200000,21,0.4054724614884173,48.70159089624541,95782.76788591471,0.3824092950393132,11.0,0.5238095238095238,0.4368084523206652,9.0,0.42857142857142855,0.37714337493833117,1.0,0.047619047619047616,,,0.0,,,0.0,0.11105533307172738,0.2713539619675858,11.0,11.0,1204.1818181818182,884.0,0.9733002522004482,0.36363636363636365,3.3711206135086224e-05,3.730918292426018e+23,201785.45003527668,2,2025-07-01 00:00:00+00:00,1,0.9791550925925926
1751338800000,10,1.4871725432039673,62.65589012409639,97762.94503974188,1.7384270079917652,3.0,0.3,0.4439864517774605,3.0,0.3,0.5603803205461765,1.0,0.1,2.5880349107286063,3.0,0.3,,,0.0,0.03934786123760848,1.6990791467541566,3.0,3.0,1014.3333333333334,990.0,1.0050246476781184,0.0,2.8564099493029835e-05,3.6438129304585195e+23,220933.87996766486,3,2025-07-01 00:00:00+00:00,1,1.0208217592592592
1751342400000,11,0.2444993442113396,14.513750109557002,28681.326361335818,0.36475769458033536,4.0,0.36363636363636365,0.17578028685762767,7.0,0.6363636363636364,,,0.0,,,0.0,,,0.0,0.11977974498145627,0.24497794959887909,4.0,4.0,19523.0,22459.0,3.9674141042724527,0.25,2.78895240718305e-05,3.591469167037322e+23,168590.81498493173,4,2025-07-01 00:00:00+00:00,1,1.062488425925926
1751346000000,14,0.4807049742145689,35.10383263047851,125245.3706743928,0.40723181454895635,7.0,0.5,0.6171871576438103,6.0,0.42857142857142855,0.17612399129840905,1.0,0.07142857142857142,,,0.0,,,0.0,0.1783868280819155,0.22884498646704085,7.0,7.0,11498.857142857143,728.0,2.4018358140044915,0.5714285714285714,3.833989350252262e-05,3.503060127893311e+23,206786.39077185007,5,2025-07-01 00:00:00+00:00,1,1.1041550925925927
1751349600000,13,0.8778903696896302,49.31931103478745,82680.2781413869,0.44172529756845036,8.0,0.6153846153846154,0.32648931316603835,2.0,0.15384615384615385,2.8371364607465743,1.0,0.07692307692307693,2.1943286691694697,2.0,0.15384615384615385,,,0.0,0.03773369007587391,0.40399160749257645,8.0,8.0,1810.0,672.0,1.1042378914992486,0.625,2.6447603963166015e-05,3.5026930848529846e+23,222004.53558971183,6,2025-07-01 00:00:00+00:00,1,1.1458217592592592
1751353200000,43,0.46681096479613465,100.72642754131577,192914.8968773141,0.5637411765103043,13.0,0.3023255813953488,0.4314357946691482,24.0,0.5581395348837209,0.3982961865900458,6.0,0.13953488372093023,,,0.0,,,0.0,0.0921349796838855,0.4716061968264189,13.0,13.0,5624.307692307692,739.0,1.625749755437298,0.5384615384615384,4.782046244734772e-05,3.513593707264565e+23,556234.1551421453,7,2025-07-01 00:00:00+00:00,1,1.187488425925926
1751356800000,16,0.45244173202744087,37.70055701908989,73703.7180131249,0.3980928743584399,5.0,0.3125,0.47673581477359217,10.0,0.625,0.4812451929109328,1.0,0.0625,,,0.0,,,0.0,0.21946257566385788,0.17863029869458202,5.0,5.0,813.2,835.0,0.816222712449188,0.4,3.3721590593276776e-05,3.515344024894464e+23,230521.73762469116,8,2025-07-01 00:00:00+00:00,1,1.2291550925925927
1751360400000,18,0.47126748230356924,48.68667243086755,131596.04607151554,0.643055581093681,10.0,0.5555555555555556,0.24245883027944307,6.0,0.3333333333333333,0.2987529444253888,2.0,0.1111111111111111,,,0.0,,,0.0,0.30600911804024455,0.33704646305343644,10.0,10.0,2742.3,855.5,1.2995571298125448,0.4,3.4529529703772525e-05,3.501407879236418e+23,281288.20500782144,9,2025-07-01 00:00:00+00:00,1,1.2708217592592592
1751364000000,21,0.6352419751546472,71.06868388425801,136580.0386275987,0.5500943344885281,11.0,0.5238095238095238,0.7616108265012843,9.0,0.42857142857142855,0.4345463603622245,1.0,0.047619047619047616,,,0.0,,,0.0,0.32448457638435735,0.2256097581041707,11.0,11.0,2370.090909090909,631.0,1.1513522646970538,0.6363636363636364,3.833146160496228e-05,3.505758490747021e+23,266229.14840999094,10,2025-07-01 00:00:00+00:00,1,1.312488425925926
1751367600000,29,0.49121243419678196,81.06636703269527,160228.84273003208,0.47567776753447394,12.0,0.41379310344827586,0.5021780812525288,17.0,0.5862068965517241,,,0.0,,,0.0,,,0.0,0.23752455194509403,0.23815321558937988,12.0,12.0,4337.833333333333,885.0,1.6048889533048796,0.3333333333333333,2.9636644282193543e-05,3.5211554585136935e+23,438658.8589255933,11,2025-07-01 00:00:00+00:00,1,1.3541550925925927
1751371200000,17,0.5079147243703864,36.82538494626646,69896.27419634863,0.5677295130592988,7.0,0.4117647058823529,0.4894347188740033,8.0,0.47058823529411764,0.3724829859447264,2.0,0.11764705882352941,,,0.0,,,0.0,0.141457973340773,0.4262715397185257,7.0,7.0,922.2857142857143,745.0,0.8793626378004813,0.5714285714285714,3.705421425552513e-05,3.541025188911207e+23,261854.360184143,12,2025-07-01 00:00:00+00:00,1,1.3958217592592592
1751374800000,66,0.7378749152496956,228.98202621644387,469764.19156584865,0.6967196232429045,32.0,0.48484848484848486,0.8985413709299646,28.0,0.42424242424242425,0.2075930127779926,6.0,0.09090909090909091,,,0.0,,,0.0,0.2831082640280093,0.41361135921489517,32.0,32.0,977.09375,719.0,0.9215285452358221,0.5,7.796064918578527e-05,3.62412183751984e+23,1077420.3903933093,13,2025-07-01 00:00:00+00:00,1,1.437488425925926
1751378400000,101,0.8961270337339261,397.95548200318376,724579.3737342003,0.8928666151505759,47.0,0.46534653465346537,1.0494077973016,44.0,0.43564356435643564,0.23701564137790668,10.0,0.09900990099009901,,,0.0,,,0.0,0.2648869930744517,0.6279796220761242,47.0,47.0,1490.7659574468084,725.0,1.0586242015320482,0.5106382978723404,0.00010968967854423949,3.5726935664446734e+23,1855645.1766224983,14,2025-07-01 00:00:00+00:00,1,1.4791550925925927
1751382000000,77,0.6504711013132719,228.07776493208243,441696.3494390629,0.6199594802138393,30.0,0.38961038961038963,0.6957893292348621,37.0,0.4805194805194805,0.5743285213016857,10.0,0.12987012987012986,,,0.0,,,0.0,0.22408512668152497,0.3958743535323143,30.0,30.0,886.1666666666666,723.5,0.8978108802444124,0.5333333333333333,8.81704814117839e-05,3.325415730976101e+23,1030017.4337869566,15,2025-07-01 00:00:00+00:00,1,1.5208217592592592
1751385600000,57,0.5877306367272569,162.46051850790462,355916.82561867865,0.5895768882238497,30.0,0.5263157894736842,0.5852853676376162,23.0,0.40350877192982454,0.18178303358429726,3.0,0.05263157894736842,1.8064270903200885,1.0,0.017543859649122806,,,0.0,0.21679315664006854,0.3727837315837812,30.0,30.0,2111.633333333333,647.5,1.069530267779983,0.6,6.549424332508441e-05,3.3822502445730106e+23,907608.1785969004,16,2025-07-01 00:00:00+00:00,1,1.562488425925926
1751389200000,36,0.40107703778843384,86.05063946990016,174048.55009403266,0.4935064695950957,17.0,0.4722222222222222,0.3969386353144457,14.0,0.3888888888888889,0.09840449657295014,5.0,0.1388888888888889,,,0.0,,,0.0,0.2017185834643378,0.2917878861307579,17.0,17.0,5765.235294117647,861.0,1.6308153314601748,0.35294117647058826,5.652855977649867e-05,3.41931953476636e+23,416602.4628644385,17,2025-07-01 00:00:00+00:00,1,1.6041550925925927
1751392800000,28,0.5507947921286976,84.70755562442237,167435.35475635817,0.5174258936453642,17.0,0.6071428571428571,0.6023649079665767,11.0,0.39285714285714285,,,0.0,,,0.0,,,0.0,0.16464038912367573,0.3527855045216884,17.0,17.0,1445.0,856.0,1.0322853240067478,0.35294117647058826,4.8717713847082324e-05,3.34914105650343e+23,301808.3671536942,18,2025-07-01 00:00:00+00:00,1,1.6458217592592592
1751396400000,58,0.6923747400857588,178.14120521050924,335822.2535668946,0.6787711278011749,37.0,0.6379310344827587,0.711940667225164,19.0,0.3275862068965517,0.7581652595262156,2.0,0.034482758620689655,,,0.0,,,0.0,0.18213584902512397,0.4966352787760508,37.0,37.0,742.6216216216217,672.0,0.8319182592819052,0.6486486486486487,6.246690572722452e-05,3.279308438633992e+23,714258.6075022349,19,2025-07-01 00:00:00+00:00,1,1.687488425925926
1751400000000,36,0.43990703237086204,69.43166803681629,164334.9652906512,0.5684801141513139,16.0,0.4444444444444444,0.3210667082576739,16.0,0.4444444444444444,0.400976001701807,4.0,0.1111111111111111,,,0.0,,,0.0,0.3561328848311661,0.21234722932014782,16.0,16.0,2864.875,735.0,1.2636155645297407,0.625,5.745235318211807e-05,3.254180425526631e+23,518221.5050865716,20,2025-07-01 00:00:00+00:00,1,1.7291550925925927
1751403600000,36,0.4230421278854257,82.65665986545973,177431.7312363656,0.521473816641642,20.0,0.5555555555555556,0.30000251694015534,16.0,0.4444444444444444,,,0.0,,,0.0,,,0.0,0.20704197930083038,0.3144318373408117,20.0,20.0,2833.8,756.5,1.23499378464115,0.5,3.9597433142586347e-05,3.318934668789129e+23,387734.3062559083,21,2025-07-01 00:00:00+00:00,1,1.7708217592592592
1751407200000,26,0.4583820632417503,56.07271814901527,108319.90638970867,0.5278308131571455,12.0,0.46153846153846156,0.40553762595925735,13.0,0.5,0.31197474892941546,1.0,0.038461538461538464,,,0.0,,,0.0,0.12713022865235446,0.400700584504791,12.0,12.0,841.3333333333334,696.5,0.8798570663289009,0.5833333333333334,4.7409991093804525e-05,3.320767504283871e+23,296832.76672467537,22,2025-07-01 00:00:00+00:00,1,1.812488425925926
1751410800000,25,0.6040827191901065,72.09586128628936,138353.48857438288,0.6692776226101304,16.0,0.64,0.4881806686656196,9.0,0.36,,,0.0,,,0.0,,,0.0,0.28102089006651776,0.3882567325436126,16.0,16.0,783.6875,699.0,0.8495657049916538,0.625,3.238865586903167e-05,3.2725399931429163e+23,238780.66460147972,23,2025-07-01 00:00:00+00:00,1,1.8541550925925927
1751414400000,23,0.7144852776516828,72.91948355884546,139121.14441516576,0.7998096572817577,14.0,0.6086956521739131,0.5817584648937885,9.0,0.391304347826087,,,0.0,,,0.0,,,0.0,0.21163417098362863,0.5881754862981291,14.0,14.0,2505.5714285714284,1257.0,1.3929809500269177,0.14285714285714285,4.585440000247675e-05,3.380169919492122e+23,256505.31062886713,0,2025-07-02 00:00:00+00:00,1,1.8958217592592592
1751418000000,28,0.8092513055654375,95.2541701608874,178953.4311122552,0.7570254358731975,15.0,0.5357142857142857,0.9562131721876713,11.0,0.39285714285714285,0.3926550618349499,2.0,0.07142857142857142,,,0.0,,,0.0,0.24767162712872853,0.509353808744469,15.0,15.0,1927.6,720.0,1.1100572420777794,0.6,7.344998740029844e-05,3.401051777449275e+23,513154.9750439516,1,2025-07-02 00:00:00+00:00,1,1.937488425925926
1751421600000,33,0.6543767277232801,90.73613952577567,170639.48883026995,0.6687978917892135,18.0,0.5454545454545454,0.6587129076961334,13.0,0.3939393939393939,0.49640108130633454,2.0,0.06060606060606061,,,0.0,,,0.0,0.17258056441883943,0.49621732737037405,18.0,18.0,5702.944444444444,1606.0,1.8762887291525137,0.2777777777777778,4.086240066716413e-05,3.529476580324374e+23,310390.337985006,2,2025-07-02 00:00:00+00:00,1,1.9791550925925927
1751425200000,14,0.6515019676690273,39.579938402543426,76071.0724891085,0.7817820379291174,3.0,0.21428571428571427,0.608101355996838,9.0,0.6428571428571429,0.6513846148037449,2.0,0.14285714285714285,,,0.0,,,0.0,0.5387822367610381,0.24299980116807932,3.0,3.0,696.0,645.0,0.8247313167658721,0.6666666666666666,3.601009473212194e-05,3.4058788840795184e+23,199602.19254866996,3,2025-07-02 00:00:00+00:00,1,2.020821759259259
1751428800000,14,0.5749565033688266,41.579978450925815,80990.27675818151,0.5181990094554932,7.0,0.5,0.3390597167937147,5.0,0.35714285714285715,,,0.0,1.180729549385422,1.0,0.07142857142857142,1.5459698476211248,1.0,0.07142857142857142,0.4848260309992013,0.033372978456291946,7.0,7.0,1516.142857142857,937.0,1.1270770350786161,0.14285714285714285,3.074247162273808e-05,3.4965730046536346e+23,146552.2425197629,4,2025-07-02 00:00:00+00:00,1,2.0624884259259257
1751432400000,15,0.6456477542718244,54.70878777906891,109267.07519373379,0.5026784203732192,6.0,0.4,0.8477341787545521,7.0,0.4666666666666667,0.36725327027809385,2.0,0.13333333333333333,,,0.0,,,0.0,0.05900787014808736,0.44367055022513185,6.0,6.0,5024.0,1305.5,1.672008830524497,0.3333333333333333,3.900470867622361e-05,3.597605797277805e+23,305543.6137031987,5,2025-07-02 00:00:00+00:00,1,2.1041550925925927
1751436000000,27,0.5769417964771597,76.51386067607648,147505.00342180938,0.5742890396675621,11.0,0.4074074074074074,0.6094749273478,13.0,0.48148148148148145,0.4183349919623146,2.0,0.07407407407407407,0.5004050290941019,1.0,0.037037037037037035,,,0.0,0.2533075462782548,0.32098149338930715,11.0,11.0,1746.8181818181818,656.0,1.0881812253005267,0.7272727272727273,3.982834876435257e-05,3.701757044380881e+23,324545.19015056733,6,2025-07-02 00:00:00+00:00,1,2.145821759259259
1751439600000,21,0.4870375772872591,58.65510058113408,126052.37088567899,0.63271806491567,11.0,0.5238095238095238,0.3178176363515017,8.0,0.38095238095238093,0.3626746590740292,2.0,0.09523809523809523,,,0.0,,,0.0,0.09777559792595243,0.5349424669897175,11.0,11.0,4779.090909090909,931.0,1.5771845366817316,0.36363636363636365,2.9440050414635092e-05,3.7289339581480874e+23,238486.1920383467,7,2025-07-02 00:00:00+00:00,1,2.1874884259259257
1751443200000,62,0.7201098146303005,235.6356623771193,450155.8097513251,0.8109142535037579,35.0,0.5645161290322581,0.6253557460233654,26.0,0.41935483870967744,,,0.0,0.005560237839601252,1.0,0.016129032258064516,,,0.0,0.3980342026506937,0.41288005085306423,35.0,35.0,1608.3428571428572,802.0,1.0786361528039696,0.42857142857142855,6.053233228339306e-05,3.94792482959949e+23,865602.3255842638,8,2025-07-02 00:00:00+00:00,1,2.2291550925925927
1751446800000,21,0.45628007345678673,61.19975709934205,119531.0260371414,0.6114423308851644,11.0,0.5238095238095238,0.19445100303296733,7.0,0.3333333333333333,0.49828629387498014,3.0,0.14285714285714285,,,0.0,,,0.0,0.21699592332593784,0.3944464075592266,11.0,11.0,1046.909090909091,613.0,0.967136418551091,0.6363636363636364,3.776253798983259e-05,3.864021364546117e+23,251619.43134800374,9,2025-07-02 00:00:00+00:00,1,2.270821759259259
1751450400000,14,0.6931042409493917,49.05356985636433,93821.0976994362,0.7815969571856877,7.0,0.5,0.475764119348414,4.0,0.2857142857142857,0.6965146197618387,1.0,0.07142857142857142,0.8163547879180876,2.0,0.14285714285714285,,,0.0,0.3284641131636143,0.4531328440220734,7.0,7.0,2955.0,614.0,1.2369647479952754,0.7142857142857143,2.133852973407764e-05,3.8636354201430834e+23,336110.5939680159,10,2025-07-02 00:00:00+00:00,1,2.3124884259259257
1751454000000,14,0.844075234197134,59.73600328276708,112178.88355357666,1.0036997441354727,7.0,0.5,0.5879925825880193,6.0,0.42857142857142855,1.2631995742834512,1.0,0.07142857142857142,,,0.0,,,0.0,0.675662040906764,0.3280377032287087,7.0,7.0,714.0,807.0,0.8390274552003639,0.2857142857142857,3.516537075528368e-05,3.910310077567741e+23,272229.64016418793,11,2025-07-02 00:00:00+00:00,1,2.3541550925925927
1751457600000,23,0.5207987384901971,68.83675229306287,126898.04434626941,0.34887511245821223,8.0,0.34782608695652173,0.3533002080656406,11.0,0.4782608695652174,1.698148614534179,3.0,0.13043478260869565,0.2066219532842516,1.0,0.043478260869565216,,,0.0,0.12019758799331359,0.22867752446489864,8.0,8.0,1291.375,1091.0,1.0655585104175254,0.25,4.880536500673705e-05,3.8144218300412483e+23,584631.3145904974,12,2025-07-02 00:00:00+00:00,1,2.395821759259259
1751461200000,67,0.6201870001907167,225.93470369851903,438875.01105082856,0.5971268134690291,32.0,0.47761194029850745,0.6185660136661222,32.0,0.47761194029850745,0.8834528481510606,3.0,0.04477611940298507,,,0.0,,,0.0,0.19213038445331249,0.40499642901571653,32.0,32.0,1392.8125,773.5,1.0398130587997263,0.4375,7.227667364710493e-05,3.889508405353401e+23,1191858.5244953737,13,2025-07-02 00:00:00+00:00,1,2.4374884259259257
1751464800000,72,0.5752808057883531,215.43749461589044,403493.210569824,0.6007187289149606,40.0,0.5555555555555556,0.4765949293391156,19.0,0.2638888888888889,0.6412434771322917,13.0,0.18055555555555555,,,0.0,,,0.0,0.1943626890880722,0.40635603982688834,40.0,40.0,776.9,670.0,0.8273390133160754,0.65,8.168307077495943e-05,3.721683495675305e+23,995127.4530625615,14,2025-07-02 00:00:00+00:00,1,2.4791550925925927
1751468400000,63,0.5290428698627117,154.24057116387618,295271.81761927175,0.7167435525680779,32.0,0.5079365079365079,0.3579342853298239,25.0,0.3968253968253968,0.2409249976544576,6.0,0.09523809523809523,,,0.0,,,0.0,0.2977681239987222,0.4189754285693556,32.0,32.0,774.15625,693.0,0.8401104631273217,0.625,6.045945361505235e-05,3.299685945487249e+23,864492.7712850798,15,2025-07-02 00:00:00+00:00,1,2.520821759259259
1751472000000,113,0.7727795041051914,356.04685378148343,661000.7810299923,0.6675346316460876,57.0,0.504424778761062,0.8218798487644086,42.0,0.37168141592920356,0.6575332632098755,11.0,0.09734513274336283,2.5075968055486144,3.0,0.02654867256637168,,,0.0,0.26665083804931056,0.40088379359677706,57.0,57.0,1017.8070175438596,726.0,0.9151811711259404,0.5789473684210527,0.00010809023785671316,3.0423056412379574e+23,1961998.7976067713,16,2025-07-02 00:00:00+00:00,1,2.5624884259259257
1751475600000,85,0.8061959639669528,301.31881073939854,544133.6291395557,0.6242521972583559,47.0,0.5529411764705883,0.983295608483548,31.0,0.36470588235294116,0.2731026357013543,5.0,0.058823529411764705,3.669563312275752,2.0,0.023529411764705882,,,0.0,0.2865618072150245,0.3376903900433314,47.0,47.0,770.6595744680851,665.0,0.8203932608421874,0.6595744680851063,9.497212394840467e-05,3.1481210938508244e+23,1307611.0497775706,17,2025-07-02 00:00:00+00:00,1,2.6041550925925927
1751479200000,42,0.5608773500471192,112.68449464581863,217631.4503386542,0.4576383859740728,20.0,0.47619047619047616,0.6032306022757438,16.0,0.38095238095238093,0.673467139703514,4.0,0.09523809523809523,1.0292613936357986,2.0,0.047619047619047616,,,0.0,0.1298817592171363,0.3277566267569365,20.0,20.0,1446.25,703.0,1.0257989433091197,0.6,4.594167492404609e-05,3.2045624245107764e+23,554555.8881542494,18,2025-07-02 00:00:00+00:00,1,2.645821759259259
1751482800000,71,0.659925477229596,192.7437072896666,353388.1107570063,0.5580381886642313,32.0,0.4507042253521127,0.611862578508815,26.0,0.36619718309859156,0.3653904079840687,7.0,0.09859154929577464,1.755221158154708,6.0,0.08450704225352113,,,0.0,0.13090654998958606,0.42713163867464515,32.0,32.0,3532.03125,1060.5,1.4463411667286814,0.375,4.747045473576956e-05,3.187664940790258e+23,1004005.8177788703,19,2025-07-02 00:00:00+00:00,1,2.6874884259259257
1751486400000,41,0.29415287324403305,59.44602576089442,118278.60260404357,0.39503363419913107,10.0,0.24390243902439024,0.18570475265707675,28.0,0.6829268292682927,0.9700661288719648,3.0,0.07317073170731707,,,0.0,,,0.0,0.20724445629361368,0.1877891779055174,10.0,10.0,796.8,611.0,0.8568083982781305,0.8,5.7405248202033826e-05,3.195262663990184e+23,760474.3290891167,20,2025-07-02 00:00:00+00:00,1,2.7291550925925927
1751490000000,31,0.5536655942308112,69.04965299072852,131491.25071811827,0.9838932201081472,9.0,0.2903225806451613,0.36826807661176714,19.0,0.6129032258064516,0.5736547791379597,2.0,0.06451612903225806,0.1641914262823273,1.0,0.03225806451612903,,,0.0,0.4558062230955803,0.5280869970125668,9.0,9.0,2192.777777777778,708.0,1.1646886420138016,0.6666666666666666,3.531738291182796e-05,3.2089449623609724e+23,542825.8370990319,21,2025-07-02 00:00:00+00:00,1,2.770821759259259
1751493600000,27,0.551570502971014,73.35502351600742,134932.29832576588,0.5135190650859588,8.0,0.2962962962962963,0.5645696705097779,17.0,0.6296296296296297,0.5932833304317419,2.0,0.07407407407407407,,,0.0,,,0.0,0.12734016180932384,0.38617890327663495,8.0,8.0,479.0,457.5,0.684131796413866,1.0,4.1723212627409745e-05,3.227646226137659e+23,301323.9064439975,22,2025-07-02 00:00:00+00:00,1,2.8124884259259257
1751497200000,22,0.8458381009031516,90.82321385011058,165504.7944211457,0.9320811957418552,11.0,0.5,0.22593666385484648,10.0,0.45454545454545453,6.096178428160464,1.0,0.045454545454545456,,,0.0,,,0.0,0.33786041773110953,0.5942207780107456,11.0,11.0,2209.090909090909,1487.0,1.3745303372551891,0.18181818181818182,3.1836456919957326e-05,3.2941269080655024e+23,387114.4724983964,23,2025-07-02 00:00:00+00:00,1,2.8541550925925927
1751500800000,32,0.5381867570255746,76.90566860086633,148001.9449587152,0.755550291077401,15.0,0.46875,0.37024904692673377,15.0,0.46875,0.1674930773781823,2.0,0.0625,,,0.0,,,0.0,0.2810751439208065,0.47447514715659445,15.0,15.0,4130.2,1084.0,1.4339299769048297,0.4,5.838199648793125e-05,3.286220537361807e+23,396253.94034435146,0,2025-07-03 00:00:00+00:00,1,2.895821759259259
1751504400000,22,0.3232246263562598,36.291661513929775,71615.86873622065,0.27450713816518524,12.0,0.5454545454545454,0.4239543931163443,9.0,0.4090909090909091,,,0.0,0.0012665838083946238,1.0,0.045454545454545456,,,0.0,0.16242395534401607,0.11208318282116918,12.0,12.0,766.3333333333334,637.0,0.8161612562574386,0.6666666666666666,2.531436348080295e-05,3.2604658711946816e+23,166621.08501427423,1,2025-07-03 00:00:00+00:00,1,2.9374884259259257
1751508000000,29,0.7980316626213757,99.21879810579217,187139.7808934787,0.813966990766417,15.0,0.5172413793103449,0.7484095606252782,11.0,0.3793103448275862,0.9003027292151936,3.0,0.10344827586206896,,,0.0,,,0.0,0.388242513212793,0.42572447755362397,15.0,15.0,1447.2666666666667,977.0,1.0925191616618442,0.2,4.1151820419480886e-05,3.380077632696099e+23,335235.46833535196,2,2025-07-03 00:00:00+00:00,1,2.9791550925925927
1751511600000,15,0.5349431440782451,42.5043242616499,81899.58708501283,0.4921799955588557,9.0,0.6,0.16582224373646193,4.0,0.26666666666666666,0.39740617517714394,1.0,0.06666666666666667,2.5338320510209833,1.0,0.06666666666666667,,,0.0,0.27924326648054876,0.21293672907830696,9.0,9.0,1270.4444444444443,665.0,0.950071710729817,0.5555555555555556,3.4048590953568364e-05,3.434582770147768e+23,173236.58605706508,3,2025-07-03 00:00:00+00:00,1,3.020821759259259
1751515200000,30,0.7128776629860044,92.30609988294576,175423.71246124274,0.7004238895750982,21.0,0.7,0.7419364676114525,9.0,0.3,,,0.0,,,0.0,,,0.0,0.251098887864807,0.44932500171029105,21.0,21.0,1472.5714285714287,1083.0,1.1280567141434228,0.3333333333333333,3.516397263878676e-05,3.3312890863315273e+23,263774.07966415485,4,2025-07-03 00:00:00+00:00,1,3.0624884259259257
1751518800000,19,0.6542752542394842,65.55683395022356,126123.68029179606,0.8081082503387559,8.0,0.42105263157894735,0.4745275278729928,6.0,0.3157894736842105,0.5234595513353745,4.0,0.21052631578947367,1.0253604552606976,1.0,0.05263157894736842,,,0.0,0.18124018344140447,0.6268680668973514,8.0,8.0,3097.875,1201.0,1.4715302652015332,0.25,4.92234331194194e-05,3.2660045172872784e+23,401032.71600598475,5,2025-07-03 00:00:00+00:00,1,3.1041550925925927
1751522400000,17,0.48563444738786915,48.097614029816555,96241.0746452781,0.5803291369059691,9.0,0.5294117647058824,0.40892299596788334,6.0,0.35294117647058826,0.5778689983421169,1.0,0.058823529411764705,,,0.0,0.0014163992906367565,1.0,0.058823529411764705,0.19173604813337608,0.388593088772593,9.0,9.0,4095.5555555555557,2985.0,1.7564542014889077,0.2222222222222222,4.107849524262547e-05,3.252082972734182e+23,182468.06223563084,6,2025-07-03 00:00:00+00:00,1,3.145821759259259
1751526000000,25,0.5951119292724892,64.1037154692793,121018.1459455813,0.721360233640893,18.0,0.72,0.18209119673577548,6.0,0.24,0.8007668458615046,1.0,0.04,,,0.0,,,0.0,0.18478298214368,0.536577251497213,18.0,18.0,2809.5,698.0,1.352372553226272,0.5555555555555556,3.4722898911848e-05,3.2612810525287514e+23,249304.71952286357,7,2025-07-03 00:00:00+00:00,1,3.1874884259259257
1751529600000,14,0.5205833242786907,34.871068413543895,68319.23515697515,0.535763203185243,11.0,0.7857142857142857,0.6915006203922536,2.0,0.14285714285714285,,,0.0,0.011770064079490335,1.0,0.07142857142857142,,,0.0,0.12321997546441828,0.4125432277208246,11.0,11.0,1295.7272727272727,935.0,1.0697199838708185,0.36363636363636365,4.069367297505605e-05,3.249353346563693e+23,181022.76840693213,8,2025-07-03 00:00:00+00:00,1,3.2291550925925927
1751533200000,49,0.824803109160364,180.38477278409462,341244.2125165781,0.9831926062732413,26.0,0.5306122448979592,0.6440655104379324,17.0,0.3469387755102041,0.6505384847181186,6.0,0.12244897959183673,,,0.0,,,0.0,0.21268955764388509,0.7705030486293563,26.0,26.0,1565.7692307692307,944.0,1.0733443126443434,0.38461538461538464,6.988691608157082e-05,3.078356150778274e+23,860491.221093163,9,2025-07-03 00:00:00+00:00,1,3.270821759259259
1751536800000,43,0.5838010131334058,101.50484240716294,192486.26571915843,0.6440456979176544,20.0,0.46511627906976744,0.5038890617952,17.0,0.3953488372093023,0.6071543885161111,5.0,0.11627906976744186,0.6206436132844039,1.0,0.023255813953488372,,,0.0,0.26159107028556494,0.3824546276320895,20.0,20.0,2428.0,879.0,1.1884707917561412,0.3,6.480457861697298e-05,3.15017662907612e+23,420940.3008381972,10,2025-07-03 00:00:00+00:00,1,3.3124884259259257
1751540400000,22,0.30388066143103937,55.024974815718245,108019.52020089986,0.29991395351064865,8.0,0.36363636363636365,0.30908055472277685,9.0,0.4090909090909091,0.3008675861785369,5.0,0.22727272727272727,,,0.0,,,0.0,0.2142486814846233,0.08566527202602536,8.0,8.0,4603.125,535.0,1.3138173988169355,0.625,3.1866143683778975e-05,5.351523436003428e+23,450570.15417032834,11,2025-07-03 00:00:00+00:00,1,3.3541550925925927
1751544000000,97,0.8642170457916438,488.77666760577745,866831.9341919662,0.740460273358422,40.0,0.41237113402061853,1.0208387606412528,42.0,0.4329896907216495,0.5333958707072065,12.0,0.12371134020618557,1.6448880373444947,3.0,0.030927835051546393,,,0.0,0.3672129523947286,0.3732473209636933,40.0,40.0,1886.45,693.0,1.0831457206449124,0.6,9.456686581321399e-05,4.4348969548897646e+23,2192527.183585989,12,2025-07-03 00:00:00+00:00,1,3.395821759259259
1751547600000,142,0.7118911619376364,466.77778682432677,882846.4647760867,0.6782855975292437,68.0,0.4788732394366197,0.7580790964938299,55.0,0.3873239436619718,0.4723964806753755,17.0,0.11971830985915492,2.620016942256891,2.0,0.014084507042253521,,,0.0,0.29545440640327053,0.382831191125973,68.0,68.0,1129.5735294117646,678.0,0.8990469793569597,0.5882352941176471,0.00011361812791226339,3.592128675950264e+23,2440098.080889736,13,2025-07-03 00:00:00+00:00,1,3.4374884259259257
1751551200000,110,0.7817920818423235,408.8568981606418,760143.7238708547,0.7566713403289002,57.0,0.5181818181818182,0.772788941808355,43.0,0.39090909090909093,0.9636938106149007,10.0,0.09090909090909091,,,0.0,,,0.0,0.2015636745027067,0.5551076658261934,57.0,57.0,1123.7543859649122,885.0,0.9634803230093352,0.42105263157894735,0.00010325913942958682,3.672940647562726e+23,1716514.2569725493,14,2025-07-03 00:00:00+00:00,1,3.4791550925925927
1751554800000,68,0.7057199132923122,275.3075353721409,526912.6372373152,0.7441869419329958,44.0,0.6470588235294118,0.5995201941451191,19.0,0.27941176470588236,0.49706309535741283,4.0,0.058823529411764705,1.8655925886385027,1.0,0.014705882352941176,,,0.0,0.16990305338151218,0.5742838885514836,44.0,44.0,923.1818181818181,792.5,0.9021511073510216,0.4318181818181818,8.423567301632339e-05,4.154608977267635e+23,1352010.7349837348,15,2025-07-03 00:00:00+00:00,1,3.520821759259259
1751558400000,110,0.5984432227181857,359.6472208050864,684074.2197508741,0.5697495437822071,65.0,0.5909090909090909,0.6867677760679012,36.0,0.32727272727272727,0.5068170304156672,8.0,0.07272727272727272,0.01685797138717849,1.0,0.00909090909090909,,,0.0,0.2578908472147471,0.31185869656746007,65.0,65.0,1052.9384615384615,684.0,0.9038074678160616,0.5384615384615384,8.292037328022293e-05,4.020269607912461e+23,1207669.5124492126,16,2025-07-03 00:00:00+00:00,1,3.5624884259259257
1751562000000,21,0.6133794497602637,73.1823486531626,140472.27399863885,0.8656245348319803,11.0,0.5238095238095238,0.31192432160487715,9.0,0.42857142857142855,0.5517796673698604,1.0,0.047619047619047616,,,0.0,,,0.0,0.4285252770653274,0.43709925776665287,11.0,11.0,714.5454545454545,650.0,0.8180175819087266,0.7272727272727273,4.6996080924618517e-05,4.164846173507072e+23,350309.83347091015,17,2025-07-03 00:00:00+00:00,1,3.6041550925925927
1751565600000,42,0.4773938622658457,119.52644375860278,230075.52085383594,0.6210353470306783,20.0,0.47619047619047616,0.3785082776647285,19.0,0.4523809523809524,0.14605933297403625,3.0,0.07142857142857142,,,0.0,,,0.0,0.2076491426295556,0.4133862044011227,20.0,20.0,1421.4,806.0,1.087234535734998,0.45,6.157982070601235e-05,4.152939601859997e+23,507643.02781577583,18,2025-07-03 00:00:00+00:00,1,3.645821759259259
1751569200000,34,0.5804408298542835,115.47434639156799,224399.0751960959,0.7448195326626781,13.0,0.38235294117647056,0.437077891176506,16.0,0.47058823529411764,0.6118176063213453,5.0,0.14705882352941177,,,0.0,,,0.0,0.35533445621764265,0.38948507644503544,13.0,13.0,3222.0,854.0,1.4808051038975414,0.38461538461538464,5.624794606906412e-05,4.053621758517785e+23,461781.8896167518,19,2025-07-03 00:00:00+00:00,1,3.6874884259259257
1751572800000,13,0.5126313447455384,35.201892823681575,67158.50987386952,0.43056377878081686,5.0,0.38461538461538464,0.6143643098581298,7.0,0.5384615384615384,0.21083841878100518,1.0,0.07692307692307693,,,0.0,,,0.0,0.26433882130916675,0.16622495747165011,5.0,5.0,742.0,485.0,0.784910200142534,0.8,3.0638080657589684e-05,4.097189635650473e+23,140624.72835222262,20,2025-07-03 00:00:00+00:00,1,3.7291550925925927
1751576400000,27,0.5326595393402468,81.83307830145549,158272.83655982898,0.5830605760923387,11.0,0.4074074074074074,0.5404624939315543,14.0,0.5185185185185185,0.200833155064588,2.0,0.07407407407407407,,,0.0,,,0.0,0.2826788083755586,0.3003817677167801,11.0,11.0,1386.1818181818182,726.0,1.0590906893729872,0.5454545454545454,5.439836643418998e-05,4.0971249778016515e+23,423193.5082091211,21,2025-07-03 00:00:00+00:00,1,3.770821759259259
1751580000000,13,0.47329255302354284,40.378953880005625,79072.05182788394,0.6284734917097116,7.0,0.5384615384615384,0.33580336445060854,5.0,0.38461538461538464,0.07447192508503331,1.0,0.07692307692307693,,,0.0,,,0.0,0.16206879858744588,0.46640469312226557,7.0,7.0,892.2857142857143,904.0,0.8839913486038757,0.2857142857142857,2.9862313669299058e-05,4.096308063808901e+23,139236.60746124538,22,2025-07-03 00:00:00+00:00,1,3.8124884259259257
1751583600000,16,0.41825475181570415,45.971511022821,90964.58047939767,0.46473914856120885,9.0,0.5625,0.3584890988571981,7.0,0.4375,,,0.0,,,0.0,,,0.0,0.5972665240556896,-0.13252737549448076,9.0,9.0,3522.5555555555557,686.0,1.4521919763729525,0.5555555555555556,3.024734388813416e-05,4.0990297665659244e+23,156136.22689031562,23,2025-07-03 00:00:00+00:00,1,3.8541550925925927
1751587200000,32,0.31862913527237485,80.85177753276787,163036.69317513026,0.3561315504010997,20.0,0.625,0.2786976419548769,10.0,0.3125,0.14326245057261644,2.0,0.0625,,,0.0,,,0.0,0.17794067430954452,0.17819087609155515,20.0,20.0,2060.3,883.5,1.220936417186846,0.25,3.8854769085354996e-05,4.163308539931698e+23,390383.40622433554,0,2025-07-04 00:00:00+00:00,1,3.895821759259259
1751590800000,23,0.6370839773283068,84.99015338564483,162439.1229150485,0.6432249587449559,15.0,0.6521739130434783,0.5155259268216802,7.0,0.30434782608695654,1.395875609624957,1.0,0.043478260869565216,,,0.0,,,0.0,0.20071689660143524,0.4425080621435207,15.0,15.0,4404.933333333333,1631.0,1.7167069752883182,0.3333333333333333,3.021566067572332e-05,4.178097043224889e+23,311347.763510715,1,2025-07-04 00:00:00+00:00,1,3.9374884259259257
1751594400000,25,0.7836813091166839,99.98956501261617,180775.81450935127,0.6748792495545096,16.0,0.64,0.9771071927827712,9.0,0.36,,,0.0,,,0.0,,,0.0,0.2267699224503582,0.4481093271041514,16.0,16.0,4452.625,1206.0,1.7022915710179345,0.3125,4.789709898983389e-05,4.168137095522522e+23,378710.9296808052,2,2025-07-04 00:00:00+00:00,1,3.9791550925925927
1751598000000,15,0.25401165860217556,28.15947732473079,56781.63180471868,0.34179896547959376,10.0,0.6666666666666666,0.07843704484733915,5.0,0.3333333333333333,,,0.0,,,0.0,,,0.0,0.25650532085308864,0.08529364462650513,10.0,10.0,5097.0,1156.5,1.6070782779309383,0.3,3.468582418560079e-05,4.1609258479097855e+23,141038.67448472843,3,2025-07-04 00:00:00+00:00,1,4.02082175925926
1751601600000,7,1.2345598555421258,40.092869520411085,72151.1408787655,0.7772823397372886,3.0,0.42857142857142855,1.5775179923957539,4.0,0.5714285714285714,,,0.0,,,0.0,,,0.0,0.25824505259731,0.5190372871399784,3.0,3.0,7118.0,972.0,2.118880863465653,0.0,2.5281049680257955e-05,3.6632852551723795e+23,313955.4820297482,4,2025-07-04 00:00:00+00:00,1,4.062488425925926
1751605200000,32,0.5042762861156473,104.93958930629404,201586.22367602994,0.49094922913126604,17.0,0.53125,0.4419385080660089,13.0,0.40625,1.0227518278055392,2.0,0.0625,,,0.0,,,0.0,0.173939285848593,0.317009943282673,17.0,17.0,2969.0588235294117,796.0,1.1853783046789512,0.47058823529411764,4.480202519591227e-05,4.291110048894272e+23,445491.80310416815,5,2025-07-04 00:00:00+00:00,1,4.104155092592593
1751608800000,11,0.3967659468348835,23.968906922733076,46676.91246829132,0.3169298851349355,8.0,0.7272727272727273,0.6096621113680781,3.0,0.2727272727272727,,,0.0,,,0.0,,,0.0,0.12501304261905866,0.19191684251587682,8.0,8.0,1021.0,733.0,0.9203564952803325,0.625,2.5212711763905005e-05,3.807192641108142e+23,200949.8466089012,6,2025-07-04 00:00:00+00:00,1,4.14582175925926
1751612400000,25,0.7584075583446469,90.87821360308037,166279.7583386118,0.6625097535601863,11.0,0.44,0.8740466899827208,13.0,0.52,0.30997469967875435,1.0,0.04,,,0.0,,,0.0,0.0988147670668917,0.5636949864932945,11.0,11.0,1622.5454545454545,1144.0,1.1608042526362072,0.2727272727272727,4.028710170271057e-05,3.727891620410463e+23,422943.2081008208,7,2025-07-04 00:00:00+00:00,1,4.187488425925926
1751616000000,37,0.4699913113538029,92.92665867356519,179266.39323210466,0.4267506541831781,23.0,0.6216216216216216,0.4655184151876998,11.0,0.2972972972972973,1.1038844671457149,2.0,0.05405405405405406,0.24594197252148386,1.0,0.02702702702702703,,,0.0,0.17751598893160767,0.24923466525157037,23.0,23.0,2263.478260869565,686.0,1.191111593986215,0.5652173913043478,3.75169606876661e-05,3.9355973433843195e+23,368380.0696270909,8,2025-07-04 00:00:00+00:00,1,4.229155092592593
1751619600000,26,0.31344373787468754,52.48797319990358,102582.48482774345,0.3592851061409365,14.0,0.5384615384615384,0.21640636081367925,7.0,0.2692307692307692,0.32094023461460164,5.0,0.19230769230769232,,,0.0,,,0.0,0.15667081856748957,0.20261428757344696,14.0,14.0,1191.9285714285713,821.5,0.9750246258052566,0.35714285714285715,3.6164682186722166e-05,4.303462499807999e+23,390525.52686589985,9,2025-07-04 00:00:00+00:00,1,4.27082175925926
1751623200000,17,0.33043941134971616,42.340870371524986,83040.64444881091,0.16164548543585056,8.0,0.47058823529411764,0.4804784566064856,9.0,0.5294117647058824,,,0.0,,,0.0,,,0.0,0.12404587283341029,0.03759961260244027,8.0,8.0,910.0,571.5,0.8567008144661225,0.75,3.451100481787392e-05,4.332052277640617e+23,232976.19308624562,10,2025-07-04 00:00:00+00:00,1,4.312488425925926
1751626800000,29,0.23675170034525986,56.77510064788098,114233.41734159767,0.23477633329171388,11.0,0.3793103448275862,0.23795886910020464,18.0,0.6206896551724138,,,0.0,,,0.0,,,0.0,0.13762077319598623,0.09715556009572766,11.0,11.0,936.7272727272727,733.0,0.9016249092601517,0.6363636363636364,2.7680521737926814e-05,4.344595068535763e+23,314328.4182453273,11,2025-07-04 00:00:00+00:00,1,4.354155092592593
1751630400000,19,0.4994818963394782,56.44499476222616,109825.64748000655,0.6482437341175602,12.0,0.631578947368421,0.24446160300562333,7.0,0.3684210526315789,,,0.0,,,0.0,,,0.0,0.08868415516737031,0.5595595789501898,12.0,12.0,3008.9166666666665,952.5,1.4099988280921074,0.16666666666666666,2.8241287109281722e-05,4.2734106189857225e+23,217538.72207623,12,2025-07-04 00:00:00+00:00,1,4.39582175925926
1751634000000,50,0.8091359790078956,188.98921374725575,355522.465433445,0.8702491645160506,31.0,0.62,0.7549170499279929,17.0,0.34,0.322742500810662,2.0,0.04,,,0.0,,,0.0,0.2710306868230007,0.5992184776930499,31.0,31.0,3771.5806451612902,1284.0,1.5287164519581684,0.25806451612903225,7.596965640610043e-05,3.582881602136018e+23,837703.4158069689,13,2025-07-04 00:00:00+00:00,1,4.437488425925926
1751637600000,91,0.7659509656644741,361.97063141271343,716564.4316235097,0.8526195911502309,45.0,0.4945054945054945,0.7247047099889814,34.0,0.37362637362637363,0.37342017143105355,10.0,0.10989010989010989,1.4797472098854225,2.0,0.02197802197802198,,,0.0,0.2824573818813903,0.5701622092688405,45.0,45.0,1073.8,787.0,0.9555416987825336,0.4444444444444444,9.283565028391714e-05,3.915778133101594e+23,1593086.1149965064,14,2025-07-04 00:00:00+00:00,1,4.479155092592593
1751641200000,61,0.5931305156312925,179.03382353917917,350620.82997942367,0.7397063427284917,37.0,0.6065573770491803,0.36922955751961684,20.0,0.32786885245901637,0.4594227409395419,3.0,0.04918032786885246,0.048967399343684444,1.0,0.01639344262295082,,,0.0,0.19898247102259684,0.5407238717058949,37.0,37.0,2951.5135135135133,837.0,1.4043940485809143,0.40540540540540543,6.950834043500893e-05,3.753209835101198e+23,605755.1894035247,15,2025-07-04 00:00:00+00:00,1,4.52082175925926
1751644800000,73,0.6431681280517857,221.3952837007693,417898.7183348662,0.6900530104621514,35.0,0.4794520547945205,0.5672000737081373,29.0,0.3972602739726027,0.5412445943157916,8.0,0.1095890410958904,2.0206590895427468,1.0,0.0136986301369863,,,0.0,0.3173771276935661,0.3726758827685853,35.0,35.0,849.6,713.0,0.8043030790412857,0.5142857142857142,8.761089951041754e-05,3.6262883951604344e+23,1167669.296417417,16,2025-07-04 00:00:00+00:00,1,4.562488425925926
1751648400000,29,0.6211461311997677,96.3236733764651,184540.91654735865,0.6261479370609428,19.0,0.6551724137931034,0.6116427000635348,10.0,0.3448275862068966,,,0.0,,,0.0,,,0.0,0.3921949784762583,0.23395295858468457,19.0,19.0,3529.2631578947367,814.0,1.2427162000891379,0.42105263157894735,5.603830227574249e-05,3.902048249621573e+23,397719.3396725747,17,2025-07-04 00:00:00+00:00,1,4.604155092592593
1751652000000,30,0.5821945091370321,88.93079225618668,170209.0875319368,0.5850654722316003,17.0,0.5666666666666667,0.5864077657421517,10.0,0.3333333333333333,0.5518815295840794,3.0,0.1,,,0.0,,,0.0,0.20856505852938872,0.3765004137022116,17.0,17.0,3003.0,883.0,1.4107043884939294,0.35294117647058826,3.4652412327410265e-05,3.807678197001772e+23,334181.4891921511,18,2025-07-04 00:00:00+00:00,1,4.64582175925926
1751655600000,32,0.8302102147581024,134.98886308556916,255422.13354154138,0.9641863803795335,22.0,0.6875,0.5354626503909542,10.0,0.3125,,,0.0,,,0.0,,,0.0,0.255438619710269,0.7087477606692644,22.0,22.0,1599.8636363636363,782.0,1.1175030994236115,0.4090909090909091,4.6998230881839654e-05,3.627040224286418e+23,418437.459349082,19,2025-07-04 00:00:00+00:00,1,4.687488425925926
1751659200000,19,0.36104687621055814,44.70104983315046,89171.96096338084,0.38499458638486134,11.0,0.5789473684210527,0.4368655756933022,6.0,0.3157894736842105,0.0018783718036584698,2.0,0.10526315789473684,,,0.0,,,0.0,0.23070617511939776,0.1542884112654635,11.0,11.0,2475.6363636363635,665.0,1.064694912305983,0.7272727272727273,2.5710587336851483e-05,3.630044886854641e+23,176128.14727696212,20,2025-07-04 00:00:00+00:00,1,4.729155092592593
1751662800000,5,0.7322963189605501,18.96999585886711,35624.60356968123,0.9366279168896844,3.0,0.6,0.4257989220668489,2.0,0.4,,,0.0,,,0.0,,,0.0,0.4163683633778879,0.5202595535117963,3.0,3.0,421.6666666666667,455.0,0.5799454630430899,0.6666666666666666,2.41902931006902e-05,3.842424381431908e+23,104382.93686308287,21,2025-07-04 00:00:00+00:00,1,4.77082175925926
1751666400000,31,0.5899121553720966,112.49571039838142,243061.69521376287,0.679347075702723,14.0,0.45161290322580644,0.5956074030455437,10.0,0.3225806451612903,0.31337950919844954,6.0,0.1935483870967742,0.9400666710507365,1.0,0.03225806451612903,,,0.0,0.30540670105780354,0.3739403746449194,14.0,14.0,642.2142857142857,639.5,0.7887581088696454,0.7142857142857143,3.274652301734017e-05,4.4409434138404295e+23,644113.1515639976,22,2025-07-04 00:00:00+00:00,1,4.812488425925926
1751670000000,14,0.54311735331936,43.8498584649092,82838.13201811294,0.4170980293725504,6.0,0.42857142857142855,0.6044352547942229,6.0,0.42857142857142855,0.7372216207351999,2.0,0.14285714285714285,,,0.0,,,0.0,0.10755093349413147,0.30954709587841894,6.0,6.0,646.6666666666666,625.5,0.7968466841462257,0.6666666666666666,2.9411334916524334e-05,4.446141852135336e+23,156182.22386364423,23,2025-07-04 00:00:00+00:00,1,4.854155092592593
1751673600000,11,0.23407767151580608,32.00639862996957,66746.70338972441,0.2574465704903205,10.0,0.9090909090909091,0.00038868177066209847,1.0,0.09090909090909091,,,0.0,,,0.0,,,0.0,0.11775086303678506,0.13969570745353543,10.0,10.0,743.7,440.5,0.7653180614517627,0.6,2.459977034744396e-05,4.468135950629472e+23,140087.7083537481,0,2025-07-05 00:00:00+00:00,1,4.89582175925926
1751677200000,11,0.5337283485404595,38.43988425221987,74094.6893030717,0.717287527597037,5.0,0.45454545454545453,0.38076236599331154,6.0,0.5454545454545454,,,0.0,,,0.0,,,0.0,0.34962319971965516,0.36766432787738174,5.0,5.0,893.0,781.0,0.9314105415567013,0.4,2.719715309987376e-05,4.4707198484240836e+23,162801.10079102658,1,2025-07-05 00:00:00+00:00,1,4.937488425925926
1751680800000,26,0.4775796007552676,93.0931939722566,178105.5050052237,0.6231012459176224,17.0,0.6538461538461539,0.2148545610984443,7.0,0.2692307692307692,0.16018325567413327,2.0,0.07692307692307693,,,0.0,,,0.0,0.26814728946778377,0.3549539564498386,17.0,17.0,3321.1176470588234,685.0,1.166399605585572,0.5294117647058824,2.9445192032618597e-05,4.831776113618758e+23,362054.7974136039,2,2025-07-05 00:00:00+00:00,1,4.979155092592593
1751684400000,18,0.3834626842078378,45.819301793198406,89787.40475505941,0.4582888963572439,10.0,0.5555555555555556,0.2899299190210802,8.0,0.4444444444444444,,,0.0,,,0.0,,,0.0,0.2606576319905728,0.1976312643666711,10.0,10.0,5672.4,670.5,1.414557798448938,0.6,2.2428544861048562e-05,4.813376190806879e+23,379235.2017578719,3,2025-07-05 00:00:00+00:00,1,5.02082175925926
1751688000000,21,0.5576753476689016,52.20696872896618,98679.85908455541,0.8195627611355715,8.0,0.38095238095238093,0.4228665795040079,12.0,0.5714285714285714,,,0.0,,,0.0,0.08028125791426521,1.0,0.047619047619047616,0.13651260857006509,0.6830501525655064,8.0,8.0,695.7142857142857,723.0,0.7821825778594921,0.5714285714285714,3.9999562642805164e-05,3.502569066684277e+23,278113.86270271934,4,2025-07-05 00:00:00+00:00,1,5.062488425925926
1751691600000,11,0.4934419146644077,30.41863954952352,58796.002522280425,0.8768737234523213,3.0,0.2727272727272727,0.2984080449647308,7.0,0.6363636363636364,0.7083835761984058,1.0,0.09090909090909091,,,0.0,,,0.0,0.41113444683512695,0.4657392766171942,3.0,3.0,971.6666666666666,985.0,0.9851419393303535,0.0,2.0947113160657353e-05,3.541382374465098e+23,130698.92896112558,5,2025-07-05 00:00:00+00:00,1,5.104155092592593
1751695200000,6,0.4904852184682143,20.79020359769117,42403.350614980576,0.5691203531078591,5.0,0.8333333333333334,0.09730954526999003,1.0,0.16666666666666666,,,0.0,,,0.0,,,0.0,0.1545413949520834,0.4145789581557757,5.0,5.0,672.8,637.0,0.8165634783354582,0.8,2.1226760930429933e-05,3.527767295908888e+23,106898.22846921472,6,2025-07-05 00:00:00+00:00,1,5.14582175925926
1751698800000,12,0.5908669663444025,32.52131433360026,62235.93953111191,0.7700815116072204,6.0,0.5,0.332223153085902,5.0,0.4166666666666667,0.8087987610599966,1.0,0.08333333333333333,,,0.0,,,0.0,0.37333362086796673,0.3967478907392537,6.0,6.0,8286.833333333334,1173.5,1.964253688799739,0.16666666666666666,1.906294950014238e-05,3.6125498340309645e+23,125067.97447193283,7,2025-07-05 00:00:00+00:00,1,5.187488425925926
1751702400000,10,0.33833538525074747,24.940678161311645,50505.15073420793,0.4539055593259634,7.0,0.7,0.06867164574191036,3.0,0.3,,,0.0,,,0.0,,,0.0,0.23705601824734185,0.2168495410786215,7.0,7.0,2564.5714285714284,1344.0,1.448262114896248,0.2857142857142857,1.5667603259890576e-05,3.662319348859216e+23,73853.24920345828,8,2025-07-05 00:00:00+00:00,1,5.229155092592593
1751706000000,13,0.5941020528785032,35.36538561094959,67178.79924884412,0.4818514700410374,9.0,0.6923076923076923,0.846665864262801,4.0,0.3076923076923077,,,0.0,,,0.0,,,0.0,0.16172017898540592,0.3201312910556315,9.0,9.0,5722.333333333333,1665.0,1.848631971953606,0.2222222222222222,2.8039597057043942e-05,3.6178676297539534e+23,116792.49655396791,9,2025-07-05 00:00:00+00:00,1,5.27082175925926
1751709600000,3,0.27578612041075984,6.072148644991215,12185.008666992188,0.07117006056656539,1.0,0.3333333333333333,0.3780941503328571,2.0,0.6666666666666666,,,0.0,,,0.0,,,0.0,0.07117006056656539,0.0,1.0,1.0,681.0,681.0,0.8252272414311104,1.0,2.144695589262068e-05,3.630186276450515e+23,62484.62662334388,10,2025-07-05 00:00:00+00:00,1,5.312488425925926
1751713200000,3,0.3570502980571087,4.7338464948695265,9052.394109956285,0.47790336266673605,2.0,0.6666666666666666,0.11534416883785414,1.0,0.3333333333333333,,,0.0,,,0.0,,,0.0,0.4783651473055971,-0.00046178463886104026,2.0,2.0,560.0,560.0,0.745132935339557,1.0,1.2667904031535522e-05,3.6309509468857164e+23,36773.40760806175,11,2025-07-05 00:00:00+00:00,1,5.354155092592593
1751716800000,17,0.29056092020500657,33.911783128866915,67912.30967455117,0.42310149122968144,8.0,0.47058823529411764,0.1358852718408342,8.0,0.47058823529411764,0.46764153892098637,1.0,0.058823529411764705,,,0.0,,,0.0,0.19763314470386695,0.2254683465258145,8.0,8.0,7923.75,953.0,1.9954111043968399,0.375,2.1258541600011298e-05,3.65979802640883e+23,128167.85699028107,12,2025-07-05 00:00:00+00:00,1,5.39582175925926
1751720400000,8,0.27988617078700695,19.82199789275793,40956.02527443037,0.3410255348478318,5.0,0.625,0.17798723068563216,3.0,0.375,,,0.0,,,0.0,,,0.0,0.09104723347575383,0.249978301372078,5.0,5.0,6012.8,820.0,1.7484257137124917,0.4,2.2399949554873435e-05,3.6200407049008184e+23,100823.01531902507,13,2025-07-05 00:00:00+00:00,1,5.437488425925926
1751724000000,3,0.36983549927853376,6.0741136134856815,12129.077978198444,0.6196693786425554,1.0,0.3333333333333333,0.24491855959652298,2.0,0.6666666666666666,,,0.0,,,0.0,,,0.0,0.0036022521771083074,0.6160671264654471,1.0,1.0,480.0,480.0,0.6928203230275509,1.0,1.5079120042171679e-05,3.620260565571623e+23,42548.699067577625,14,2025-07-05 00:00:00+00:00,1,5.479155092592593
1751727600000,5,0.27689075584403244,7.854377867667799,15070.205735200414,0.4304986249542608,3.0,0.6,0.046478952178690025,2.0,0.4,,,0.0,,,0.0,,,0.0,0.041634594050344385,0.38886403090391636,3.0,3.0,8828.0,8828.0,2.5400213494366883,0.0,7.409337168400697e-06,3.6292690371642755e+23,34364.56729556988,15,2025-07-05 00:00:00+00:00,1,5.52082175925926
1751731200000,23,0.49217342878532716,60.54758563579813,116945.5979888251,0.4583989483865853,15.0,0.6521739130434783,0.555500579532968,8.0,0.34782608695652173,,,0.0,,,0.0,,,0.0,0.28622950700848476,0.17216944137810053,15.0,15.0,3908.3333333333335,944.0,1.4409291381818494,0.4,2.0346899874124917e-05,3.745141795916972e+23,471881.88271692215,16,2025-07-05 00:00:00+00:00,1,5.562488425925926
1751734800000,12,0.3636238431147471,30.727278820129932,62097.327224349225,0.38767889635741565,7.0,0.5833333333333334,0.23666828327024036,4.0,0.3333333333333333,0.7030607097940943,1.0,0.08333333333333333,,,0.0,,,0.0,0.20105185198658848,0.18662704437082717,7.0,7.0,6004.857142857143,919.0,1.9862908603808205,0.42857142857142855,2.1146189807201474e-05,3.70949569973255e+23,121024.38662238917,17,2025-07-05 00:00:00+00:00,1,5.604155092592593
1751738400000,1,0.00397113600170574,0.383688366246374,776.8156396005264,,,0.0,0.00397113600170574,1.0,1.0,,,0.0,,,0.0,,,0.0,,,,,,,,,1.3913235688012178e-05,3.798215705131279e+23,24529.701127296983,18,2025-07-05 00:00:00+00:00,1,5.64582175925926
1751742000000,6,0.3967181620515983,18.35848324781148,37214.926032899944,0.3881455617750261,5.0,0.8333333333333334,,,0.0,0.4395811634344592,1.0,0.16666666666666666,,,0.0,,,0.0,0.07482262029990128,0.31332294147512485,5.0,5.0,3463.6,775.0,1.4798593488783682,0.2,1.9647036687954402e-05,3.7341766965101403e+23,83587.27775352343,19,2025-07-05 00:00:00+00:00,1,5.687488425925926
1751745600000,3,0.5208200526768446,7.68743082772438,15234.204382426717,0.48025929404338796,2.0,0.6666666666666666,0.6019415699437579,1.0,0.3333333333333333,,,0.0,,,0.0,,,0.0,0.16011949423522676,0.3201397998081612,2.0,2.0,781.0,781.0,0.883740413847572,0.0,2.317908830382212e-05,3.686158523946106e+23,61174.67766296887,20,2025-07-05 00:00:00+00:00,1,5.729155092592593
1751749200000,2,0.15681421661640094,5.305431559190764,11307.352793437529,0.31332908830117734,1.0,0.5,0.0002993449316245414,1.0,0.5,,,0.0,,,0.0,,,0.0,0.08318903687965384,0.2301400514215235,1.0,1.0,645.0,645.0,0.8031189202104505,1.0,2.5622392040782392e-05,3.606115305120592e+23,54228.46464678186,21,2025-07-05 00:00:00+00:00,1,5.77082175925926
1751752800000,1,0.7275935816403222,2.6526876086190976,4998.782423805112,0.7275935816403222,1.0,1.0,,,0.0,,,0.0,,,0.0,,,0.0,0.0762327704090281,0.6513608112312941,1.0,1.0,294.0,294.0,0.5422176684690383,1.0,1.578209733535635e-05,3.5951134627106426e+23,60583.81717737872,22,2025-07-05 00:00:00+00:00,1,5.812488425925926
1751760000000,5,0.4241228147666741,14.387843552274203,29270.141593012224,0.4241228147666741,5.0,1.0,,,0.0,,,0.0,,,0.0,,,0.0,0.23920540654132508,0.18491740822534908,5.0,5.0,11713.8,599.0,1.98216299995605,0.8,1.5114004555843353e-05,3.5817113998720865e+23,49814.700942337775,0,2025-07-06 00:00:00+00:00,1,5.89582175925926
1751763600000,6,0.16541801160841352,8.54889040577367,17526.637189979072,0.439468092873767,1.0,0.16666666666666666,0.11060799535534283,5.0,0.8333333333333334,,,0.0,,,0.0,,,0.0,0.053504974386058175,0.3859631184877088,1.0,1.0,42449.0,42449.0,6.515289709598492,0.0,1.0704062129259175e-05,3.585496189223497e+23,66017.61522161291,1,2025-07-06 00:00:00+00:00,1,5.937488425925926
1751767200000,14,0.6006835635987897,43.23498291713035,81948.50434021448,0.6204154074311419,7.0,0.5,0.2489337763635586,3.0,0.21428571428571427,0.5260602837658989,2.0,0.14285714285714285,2.1038964857939035,1.0,0.07142857142857142,0.16384365594868544,1.0,0.07142857142857142,0.24206252822932497,0.378352879201817,7.0,7.0,2080.3333333333335,879.5,1.1579365827445944,0.16666666666666666,1.850207030397453e-05,3.728916929181364e+23,203293.9960685726,2,2025-07-06 00:00:00+00:00,1,5.979155092592593
1751770800000,1,0.15160200572406513,2.8775802742810312,6171.5259513,0.15160200572406513,1.0,1.0,,,0.0,,,0.0,,,0.0,,,0.0,0.1525281856812376,-0.0009261799571724794,1.0,1.0,30272.0,30272.0,5.501999636495808,0.0,1.3969906709706373e-05,3.85971793160408e+23,22310.72464848291,3,2025-07-06 00:00:00+00:00,1,6.02082175925926
1751774400000,2,1.624591137632807,13.65244959509453,23670.275069395175,1.308340772454013,1.0,0.5,1.940841502811601,1.0,0.5,,,0.0,,,0.0,,,0.0,0.08602595619800357,1.2223148162560094,1.0,1.0,5468.0,5468.0,2.3383755044902435,0.0,1.2695124069041022e-05,3.946176814222179e+23,40566.91765016089,4,2025-07-06 00:00:00+00:00,1,6.062488425925926
1751781600000,12,0.5099946825373779,35.69764127416597,69905.10669721414,0.5577666884472815,6.0,0.5,0.5350015252433326,5.0,0.4166666666666667,0.09832843354818255,1.0,0.08333333333333333,,,0.0,,,0.0,0.178289907111592,0.3794767813356896,6.0,6.0,2195.0,1040.0,1.2679597329538095,0.16666666666666666,2.165620401074923e-05,3.925638350080757e+23,212962.91436102588,6,2025-07-06 00:00:00+00:00,1,6.14582175925926
1751785200000,6,0.09561286446099278,13.894061984239677,37251.56444999324,0.002324705165594916,1.0,0.16666666666666666,0.035571654517697136,3.0,0.5,0.2323187590236352,2.0,0.3333333333333333,,,0.0,,,0.0,0.002324705165594916,0.0,1.0,1.0,1114.0,1114.0,1.055461984156701,0.0,1.653343040828972e-05,3.924117334892378e+23,122286.86699211775,7,2025-07-06 00:00:00+00:00,1,6.187488425925926
1751788800000,1,0.0018600947343560062,0.1257498256651288,252.34381266612033,,,0.0,0.0018600947343560062,1.0,1.0,,,0.0,,,0.0,,,0.0,,,,,,,,,8.400626154512977e-06,4.125831525290229e+23,103894.38495608432,8,2025-07-06 00:00:00+00:00,1,6.229155092592593
1751792400000,4,1.1644524614917762,31.52776496398586,57810.22318499206,1.1644524614917762,4.0,1.0,,,0.0,,,0.0,,,0.0,,,0.0,0.0937961650093787,1.0706562964823974,4.0,4.0,762.25,725.0,0.8704691684934145,0.75,2.919207415907459e-05,4.108964863268234e+23,112482.36406762105,9,2025-07-06 00:00:00+00:00,1,6.27082175925926
1751796000000,15,0.2263985729688784,31.600458767247883,64717.11607955492,0.19870360603036363,10.0,0.6666666666666666,0.39543451235598615,3.0,0.2,0.11131949858079071,2.0,0.13333333333333333,,,0.0,,,0.0,0.16076917237573418,0.03793443365462945,10.0,10.0,763.0,656.0,0.8449400533378583,0.6,3.2530871903053685e-05,4.0719249238837294e+23,176961.82415470135,10,2025-07-06 00:00:00+00:00,1,6.312488425925926
1751799600000,2,0.33066142388793895,5.242352042350696,10649.075101060775,,,0.0,0.051061500342956985,1.0,0.5,0.6102613474329209,1.0,0.5,,,0.0,,,0.0,,,,,,,,,1.1855750376681282e-05,4.166676061018972e+23,44650.920474385865,11,2025-07-06 00:00:00+00:00,1,6.354155092592593
1751803200000,3,0.5475282904582367,7.1130711831045215,13635.905478131119,0.5687172198909395,2.0,0.6666666666666666,0.5051504315928311,1.0,0.3333333333333333,,,0.0,,,0.0,,,0.0,0.0260710784949535,0.542646141395986,2.0,2.0,928.0,928.0,0.9615655429847271,0.0,1.1234623225550319e-05,4.068630114140711e+23,111622.1572081866,12,2025-07-06 00:00:00+00:00,1,6.39582175925926
1751806800000,60,0.7808812208812731,226.9701457507907,401224.6951143698,0.9112870757384693,25.0,0.4166666666666667,0.7299282905168973,32.0,0.5333333333333333,0.23766368762464582,3.0,0.05,,,0.0,,,0.0,0.39176624967092616,0.5195208260675432,25.0,25.0,1414.08,781.0,1.0627626346378352,0.48,7.210835372022807e-05,3.8686693501139035e+23,904588.5431162788,13,2025-07-06 00:00:00+00:00,1,6.437488425925926
1751810400000,60,0.5403505227509252,172.32038332058443,326430.1187062704,0.49327921787853435,35.0,0.5833333333333334,0.5972641692381141,21.0,0.35,0.6534277963266043,4.0,0.06666666666666667,,,0.0,,,0.0,0.29153914433387396,0.2017400735446603,35.0,35.0,920.5142857142857,634.0,0.8608831566890175,0.6285714285714286,6.582775954511074e-05,3.922338282739498e+23,686354.8137373028,14,2025-07-06 00:00:00+00:00,1,6.479155092592593
1751814000000,25,0.6199979709137259,89.08037173293127,167086.06753545874,0.731437834468019,15.0,0.6,0.5520221328997365,7.0,0.28,0.22140894184156903,3.0,0.12,,,0.0,,,0.0,0.6576328435607632,0.07380499090725579,15.0,15.0,2708.733333333333,782.0,1.2465004689081771,0.4666666666666667,4.406038195440216e-05,3.983291841859727e+23,328830.2520093337,15,2025-07-06 00:00:00+00:00,1,6.52082175925926
1751817600000,17,0.33854222321667876,34.43347181543224,67838.48757666927,0.4212948368370649,8.0,0.47058823529411764,0.2649843444430021,9.0,0.5294117647058824,,,0.0,,,0.0,,,0.0,0.28983864337126397,0.13145619346580095,8.0,8.0,705.0,627.5,0.8272831257778895,0.75,3.6616731208809596e-05,4.040839640079307e+23,206818.51553961617,16,2025-07-06 00:00:00+00:00,1,6.562488425925926
1751821200000,3,0.5689783983673782,8.200456904002095,15656.070742827578,0.829279299747192,1.0,0.3333333333333333,0.016212688331300636,1.0,0.3333333333333333,0.8614432070236421,1.0,0.3333333333333333,,,0.0,,,0.0,0.1098762746359937,0.7194030251111982,1.0,1.0,983.0,983.0,0.991463564635635,0.0,2.5952613813781214e-05,3.983358411676229e+23,120005.25759825551,17,2025-07-06 00:00:00+00:00,1,6.604155092592593
1751824800000,33,0.7259116233202264,141.48269396770772,268528.1224274801,0.8117397919879021,20.0,0.6060606060606061,0.5938682869084176,13.0,0.3939393939393939,,,0.0,,,0.0,,,0.0,0.2634562612325907,0.5482835307553113,20.0,20.0,1425.1,833.5,1.1086494467061336,0.45,5.244939679328045e-05,4.1148776213112735e+23,503700.9307629664,18,2025-07-06 00:00:00+00:00,1,6.64582175925926
1751828400000,30,0.5909784866154942,107.40009253431772,204554.74990712755,0.588638037834139,22.0,0.7333333333333333,0.25892433448503294,7.0,0.23333333333333334,,,0.0,2.9668474247185372,1.0,0.03333333333333333,,,0.0,0.10674015426603269,0.48189788356810637,22.0,22.0,2099.6363636363635,728.5,1.1134097391937028,0.5454545454545454,3.405921079300922e-05,4.117370433424438e+23,369043.59544985014,19,2025-07-06 00:00:00+00:00,1,6.687488425925926
1751832000000,17,0.3726747192475557,46.91037474996341,93099.44284840763,0.5083296733698434,11.0,0.6470588235294118,0.11449519050910506,4.0,0.23529411764705882,0.142931529051875,2.0,0.11764705882352941,,,0.0,,,0.0,0.21684847979592634,0.291481193573917,11.0,11.0,1893.3636363636363,602.0,1.0593087946774644,0.6363636363636364,3.3686813549300276e-05,4.215320942632904e+23,299005.9944209982,20,2025-07-06 00:00:00+00:00,1,6.729155092592593
1751835600000,79,0.46739428920336673,218.73273505820273,431703.88352523604,0.4540723977283218,46.0,0.5822784810126582,0.5152268938347125,20.0,0.25316455696202533,0.4409446672976091,13.0,0.16455696202531644,,,0.0,,,0.0,0.25126360915299,0.20280878857533183,46.0,46.0,1003.195652173913,567.5,0.8843130754663836,0.6086956521739131,0.00010629121892933098,3.7640183266297954e+23,1505413.193188132,21,2025-07-06 00:00:00+00:00,1,6.77082175925926
1751839200000,48,0.620838262876381,164.65524423250943,315498.56643687515,0.6508841659556833,27.0,0.5625,0.6745719367063961,15.0,0.3125,0.35129751444448254,6.0,0.125,,,0.0,,,0.0,0.17878211859269225,0.47210204736299105,27.0,27.0,1542.5925925925926,743.0,1.0765496039458753,0.5185185185185185,6.673740236621527e-05,3.752009944855563e+23,694630.0599032532,22,2025-07-06 00:00:00+00:00,1,6.812488425925926
1751842800000,31,0.6140371858425993,98.98699420934199,186740.39851279318,0.6445187867206758,15.0,0.4838709677419355,0.5078194242087485,10.0,0.3225806451612903,0.3683463870477509,5.0,0.16129032258064516,2.4474447829842028,1.0,0.03225806451612903,,,0.0,0.3390588023175903,0.30545998440308547,15.0,15.0,695.2,669.0,0.8049927865462824,0.5333333333333333,5.8411928476225734e-05,3.808006400600319e+23,586445.169054397,23,2025-07-06 00:00:00+00:00,1,6.854155092592593
1751846400000,27,0.45379215278180207,75.48883050510533,151591.43352796638,0.4622463841973629,12.0,0.4444444444444444,0.5104906489669955,11.0,0.4074074074074074,0.2725085940258375,4.0,0.14814814814814814,,,0.0,,,0.0,0.2467997742293899,0.21544660996797305,12.0,12.0,1571.5,865.0,1.0759471255903532,0.3333333333333333,4.745906753348536e-05,3.809873672550169e+23,344575.6962136652,0,2025-07-07 00:00:00+00:00,1,6.89582175925926
1751850000000,25,0.604019005088645,92.60121867361843,175932.49642131323,0.5434774723295893,18.0,0.72,0.7383421410918863,6.0,0.24,0.8878277787322019,1.0,0.04,,,0.0,,,0.0,0.11922962003043105,0.42424785229915823,18.0,18.0,2811.3333333333335,465.5,1.0408601614892081,0.7222222222222222,5.271338328296938e-05,3.928385146347018e+23,378358.86185648164,1,2025-07-07 00:00:00+00:00,1,6.937488425925926
1751853600000,30,0.5784861198220347,87.61239533631377,165856.3101255374,0.6502717855469452,16.0,0.5333333333333333,0.49644535899356557,14.0,0.4666666666666667,,,0.0,,,0.0,,,0.0,0.32386936423268053,0.32640242131426467,16.0,16.0,2353.5625,738.0,1.1661524006224886,0.5625,4.547646802799462e-05,3.780963993127362e+23,353229.39772778103,2,2025-07-07 00:00:00+00:00,1,6.979155092592593
1751857200000,20,0.5035382832354095,57.96656409819037,114449.28824788418,0.5000754466049004,9.0,0.45,0.5514757565909844,10.0,0.5,0.05532907935424259,1.0,0.05,,,0.0,,,0.0,0.21228973308751609,0.28778571351738436,9.0,9.0,880.6666666666666,670.0,0.881979595909826,0.7777777777777778,4.1591438330718865e-05,3.6900844174391804e+23,285556.5960558875,3,2025-07-07 00:00:00+00:00,1,7.02082175925926
1751860800000,13,0.8825166584892844,49.15393840456122,89854.86636448956,1.25110676121865,4.0,0.3076923076923077,0.7697504257656073,8.0,0.6153846153846154,0.31028610936123957,1.0,0.07692307692307693,,,0.0,,,0.0,0.08926621466176943,1.1618405465568804,4.0,4.0,739.25,870.5,0.840477056359186,0.25,2.1529659611921022e-05,3.7344718496495363e+23,158451.83828101557,4,2025-07-07 00:00:00+00:00,1,7.062488425925926
1751864400000,9,0.5081313765390246,25.711849006581758,50271.7958378015,0.5779369671435929,5.0,0.5555555555555556,0.4208743882833143,4.0,0.4444444444444444,,,0.0,,,0.0,,,0.0,0.17691320982160963,0.40102375732198325,5.0,5.0,1600.6,834.0,1.1368221449379878,0.4,3.373595034396862e-05,3.730456052703589e+23,98161.19119022426,5,2025-07-07 00:00:00+00:00,1,7.104155092592593
1751868000000,19,0.7254285604630153,73.17786578034409,140713.08477638246,0.6862118455771944,13.0,0.6842105263157895,0.6587620387213987,5.0,0.2631578947368421,1.5685784626867694,1.0,0.05263157894736842,,,0.0,,,0.0,0.2974309619539057,0.3887808836232888,13.0,13.0,3049.0,920.0,1.4269073948822413,0.3076923076923077,2.9493943537639947e-05,3.731266677244552e+23,235626.86524695577,6,2025-07-07 00:00:00+00:00,1,7.14582175925926
1751871600000,12,0.38308538039572454,36.13155881414662,73620.75297097933,0.4270266113882747,10.0,0.8333333333333334,0.16337922543297345,2.0,0.16666666666666666,,,0.0,,,0.0,,,0.0,0.12486775738352207,0.3021588540047526,10.0,10.0,708.0,674.5,0.8334253499378066,0.7,2.6921299659066077e-05,3.799533266376337e+23,260602.59786372422,7,2025-07-07 00:00:00+00:00,1,7.187488425925926
1751875200000,15,0.22096229050691035,27.779601393875314,56582.63612215484,0.16907002401750176,9.0,0.6,0.326859864247894,3.0,0.2,0.2707415162341526,3.0,0.2,,,0.0,,,0.0,0.06281308526380759,0.10625693875369417,9.0,9.0,919.5555555555555,932.0,0.9293111087790398,0.3333333333333333,3.399197265701792e-05,3.776958298778094e+23,177778.1102829053,8,2025-07-07 00:00:00+00:00,1,7.229155092592593
1751878800000,17,0.5612108893984333,54.94563879085481,106568.03567467321,0.5350820347098582,9.0,0.5294117647058824,0.5906058509230805,8.0,0.47058823529411764,,,0.0,,,0.0,,,0.0,0.3069117454758914,0.2281702892339668,9.0,9.0,7929.777777777777,953.0,2.0354552486675503,0.3333333333333333,2.8479097925162306e-05,3.7881642626399095e+23,189941.52770795094,9,2025-07-07 00:00:00+00:00,1,7.27082175925926
1751882400000,11,0.7899430351731668,40.10506584369853,75663.6401440892,0.8925187879999008,6.0,0.5454545454545454,0.6668521317810859,5.0,0.45454545454545453,,,0.0,,,0.0,,,0.0,0.22394053512250275,0.6685782528773979,6.0,6.0,5714.333333333333,3495.0,2.045240261388549,0.16666666666666666,3.4472328049848474e-05,3.858005470243741e+23,181411.2218173648,10,2025-07-07 00:00:00+00:00,1,7.312488425925926
1751886000000,19,0.519892651338781,62.273311054858866,121175.73816356806,0.5153897257741763,14.0,0.7368421052631579,0.5325008429196743,5.0,0.2631578947368421,,,0.0,,,0.0,,,0.0,0.1771065088262219,0.3382832169479544,14.0,14.0,895.5714285714286,811.0,0.9053274371532372,0.42857142857142855,3.623368417703659e-05,3.934848292311161e+23,191992.7928919203,11,2025-07-07 00:00:00+00:00,1,7.354155092592593
1751889600000,24,0.6803761088428105,92.32370945411826,182941.88274894538,0.6694046048398152,18.0,0.75,0.6707178904678023,5.0,0.20833333333333334,,,0.0,0.9261542727717663,1.0,0.041666666666666664,,,0.0,0.214420512557173,0.45498409228264225,18.0,18.0,6004.333333333333,1628.5,1.8847850699821427,0.2222222222222222,2.814694250764002e-05,3.892879966999142e+23,336585.9800871113,12,2025-07-07 00:00:00+00:00,1,7.39582175925926
1751893200000,92,0.5051814901766036,257.61673304740106,496547.85640664445,0.5775373748875663,41.0,0.44565217391304346,0.48733132487161235,41.0,0.44565217391304346,0.3078792604927599,9.0,0.09782608695652174,0.04616706168636842,1.0,0.010869565217391304,,,0.0,0.2324266322306553,0.345110742656911,41.0,41.0,2107.731707317073,713.0,1.0852662183866408,0.5365853658536586,7.31979640824479e-05,3.8935050458072154e+23,1106940.3141202987,13,2025-07-07 00:00:00+00:00,1,7.437488425925926
1751896800000,104,0.5039638423143299,311.19410631676664,606884.5356669653,0.5786261241465758,60.0,0.5769230769230769,0.3967801230876761,38.0,0.36538461538461536,0.43617124576067906,6.0,0.057692307692307696,,,0.0,,,0.0,0.17598587181376327,0.4026402523328125,60.0,60.0,812.9333333333333,667.0,0.8551972345369966,0.5666666666666667,8.475804104017075e-05,3.8881781960909375e+23,1298319.3775759835,14,2025-07-07 00:00:00+00:00,1,7.479155092592593
1751900400000,60,0.4386730578596479,171.60664467845362,342322.4296889399,0.4434940992992404,47.0,0.7833333333333333,0.421476650036098,12.0,0.2,0.41844100408139784,1.0,0.016666666666666666,,,0.0,,,0.0,0.2255106252604928,0.21798347403874757,47.0,47.0,1057.063829787234,674.0,0.9152488879506845,0.574468085106383,5.893144571839051e-05,3.912584627420338e+23,607590.1778111556,15,2025-07-07 00:00:00+00:00,1,7.52082175925926
1751904000000,122,0.5376424944635732,367.49367611504886,708329.7026776144,0.5054929510104291,65.0,0.5327868852459017,0.5851728416331105,42.0,0.3442622950819672,0.5438722106858258,15.0,0.12295081967213115,,,0.0,,,0.0,0.2522818973946581,0.253211053615771,65.0,65.0,729.5846153846154,656.0,0.8040227976270085,0.6,0.00010013530775655826,3.9140392997743106e+23,1303473.0107133912,16,2025-07-07 00:00:00+00:00,1,7.562488425925926
1751907600000,37,0.619759441750428,135.617315692278,258735.79436575752,0.511547529252861,27.0,0.7297297297297297,1.0020964570002555,8.0,0.21621621621621623,0.5512721994682711,2.0,0.05405405405405406,,,0.0,,,0.0,0.15809736926693316,0.3534501599859278,27.0,27.0,2092.259259259259,650.0,0.9749418140923933,0.6296296296296297,6.790156063601792e-05,3.898086044388814e+23,690203.4864412821,17,2025-07-07 00:00:00+00:00,1,7.604155092592593
1751911200000,56,0.5253698505909015,186.16635976323846,362556.2977849769,0.5967845116952898,31.0,0.5535714285714286,0.43885738039804434,21.0,0.375,0.41909288695241453,1.0,0.017857142857142856,0.42843129840838334,3.0,0.05357142857142857,,,0.0,0.14171608423231682,0.45506842746297294,31.0,31.0,1264.6451612903227,767.0,0.9839671245367267,0.45161290322580644,5.112680970370675e-05,3.864570946734682e+23,843400.6447122899,18,2025-07-07 00:00:00+00:00,1,7.64582175925926
1751914800000,29,0.5458138056274641,104.1031372306642,189091.0329781803,0.4431483587255327,11.0,0.3793103448275862,0.6643800260978661,13.0,0.4482758620689655,0.4634056155886678,5.0,0.1724137931034483,,,0.0,,,0.0,0.20417331757157384,0.23897504115395887,11.0,11.0,1405.6363636363637,569.0,1.0008426794721228,0.6363636363636364,4.375628198926811e-05,3.931711341913756e+23,458749.4889785783,19,2025-07-07 00:00:00+00:00,1,7.687488425925926
1751918400000,29,0.43896836290061747,89.81312774214044,178981.98497282426,0.4216617315049527,12.0,0.41379310344827586,0.5152435232742284,14.0,0.4827586206896552,0.15224414007309217,3.0,0.10344827586206896,,,0.0,,,0.0,0.1940451211987536,0.22761661030619904,12.0,12.0,792.0,684.0,0.8440425570910479,0.5,4.826305698676798e-05,3.8916061344814274e+23,398156.5087679077,20,2025-07-07 00:00:00+00:00,1,7.729155092592593
1751922000000,23,0.75427411341635,89.51573437010168,167067.01376991492,0.7993878090698002,16.0,0.6956521739130435,0.651157094779892,7.0,0.30434782608695654,,,0.0,,,0.0,,,0.0,0.3950732356036062,0.40431457346619404,16.0,16.0,1006.125,838.5,0.9660272418660458,0.4375,4.203765426550026e-05,3.8911410548914844e+23,267576.2824034635,21,2025-07-07 00:00:00+00:00,1,7.77082175925926
1751925600000,13,0.35189237402273066,34.82792559475677,70294.49639867662,0.4177897390654538,8.0,0.6153846153846154,0.29598189919378004,4.0,0.3076923076923077,0.04835535299674721,1.0,0.07692307692307693,,,0.0,,,0.0,0.14662509689553505,0.27116464216991876,8.0,8.0,620.625,604.0,0.7724733240009625,0.75,3.695529384804431e-05,3.912652701913402e+23,164476.96633005491,22,2025-07-07 00:00:00+00:00,1,7.812488425925926
1751929200000,14,0.264129663615621,39.729479879216136,87917.1972121931,0.1813770260957589,11.0,0.7857142857142857,0.5675560011884486,3.0,0.21428571428571427,,,0.0,,,0.0,,,0.0,0.10167873831189979,0.07969828778385914,11.0,11.0,1351.2727272727273,512.0,0.9878472755676193,0.5454545454545454,2.6585160103074767e-05,3.921776158486009e+23,134613.43310382724,23,2025-07-07 00:00:00+00:00,1,7.854155092592593
1751932800000,30,0.6480876485174302,96.57691263387709,182681.020862366,0.5723099410966841,16.0,0.5333333333333333,0.9073167812579668,7.0,0.23333333333333334,0.5620647041671704,7.0,0.23333333333333334,,,0.0,,,0.0,0.33671520264962496,0.23559473844705914,16.0,16.0,1262.0,623.5,0.9184224090687183,0.625,5.901466835255431e-05,3.886314234734399e+23,480662.7431239959,0,2025-07-08 00:00:00+00:00,1,7.89582175925926
1751936400000,32,0.5254119526274014,99.14577623902535,191165.35161033078,0.5297732361353732,23.0,0.71875,0.40976746036000056,6.0,0.1875,0.723264430267753,3.0,0.09375,,,0.0,,,0.0,0.181562219920277,0.34821101621509615,23.0,23.0,3671.086956521739,886.0,1.4356312991019429,0.43478260869565216,4.2988803547403776e-05,3.886357956874546e+23,365115.5209198667,1,2025-07-08 00:00:00+00:00,1,7.937488425925926
1751940000000,65,0.4757200636546329,184.9758791028944,357444.05598119687,0.48961390410923944,34.0,0.5230769230769231,0.5259197364039095,24.0,0.36923076923076925,0.23612253202045316,7.0,0.1076923076923077,,,0.0,,,0.0,0.5016678726368133,-0.012053968527573936,34.0,34.0,719.0588235294117,614.5,0.8206385409006836,0.6764705882352942,7.618940698611978e-05,3.843385264542655e+23,1011667.9863038801,2,2025-07-08 00:00:00+00:00,1,7.979155092592593
1751943600000,14,0.4260834689504441,40.53529067644311,81936.24648953647,0.4700712159188035,10.0,0.7142857142857143,0.1827560578428706,3.0,0.21428571428571427,0.7161882325895695,1.0,0.07142857142857142,,,0.0,,,0.0,0.20560815895620968,0.26446305696259387,10.0,10.0,2906.0,905.0,1.444666143866558,0.4,3.0055922692315662e-05,3.85387262967214e+23,185174.80129510228,3,2025-07-08 00:00:00+00:00,1,8.02082175925926
1751947200000,13,0.2584502766295226,34.81030718957795,72325.66211571645,0.2700603288155511,8.0,0.6153846153846154,0.239874193131877,5.0,0.38461538461538464,,,0.0,,,0.0,,,0.0,0.15390152288769376,0.11615880592785732,8.0,8.0,3899.25,888.5,1.3241730509208531,0.375,1.941788016854319e-05,3.856868259510016e+23,198007.96610826798,4,2025-07-08 00:00:00+00:00,1,8.062488425925926
1751950800000,7,0.5394999569661049,20.72456165283688,40713.58151682534,0.5648112150301631,5.0,0.7142857142857143,0.476221811805959,2.0,0.2857142857142857,,,0.0,,,0.0,,,0.0,0.6347685857034423,-0.06995737067327923,5.0,5.0,997.0,884.0,0.9574028960100179,0.4,2.179177850321151e-05,3.9047740092343556e+23,127464.7043047412,5,2025-07-08 00:00:00+00:00,1,8.104155092592592
1751954400000,19,0.5104132206719227,50.12081308430743,96244.73851167738,0.3532350718038018,11.0,0.5789473684210527,0.7132731175722563,7.0,0.3684210526315789,0.8193535799189177,1.0,0.05263157894736842,,,0.0,,,0.0,0.2428828958537489,0.11035217595005294,11.0,11.0,1371.2727272727273,727.0,0.997376112828194,0.5454545454545454,3.7108364970197765e-05,3.9198866865482094e+23,162754.26232250806,6,2025-07-08 00:00:00+00:00,1,8.14582175925926
1751958000000,13,0.5535586558709015,35.302125628289915,67470.29310871066,0.53637389829466,7.0,0.5384615384615384,0.5946617346893656,5.0,0.38461538461538464,0.4683365648122705,1.0,0.07692307692307693,,,0.0,,,0.0,0.2818462159350978,0.25452768235956214,7.0,7.0,3352.4285714285716,935.0,1.450364175811232,0.2857142857142857,2.1070186212459755e-05,3.9143394163432144e+23,121018.6635493061,7,2025-07-08 00:00:00+00:00,1,8.187488425925926
1751961600000,9,0.13694009897277157,18.669513004287932,39788.61491365208,0.14796846490620877,3.0,0.3333333333333333,0.15694405800393152,5.0,0.5555555555555556,,,0.0,0.0038352060166601046,1.0,0.1111111111111111,,,0.0,0.3824600900975737,-0.234491625191365,3.0,3.0,489.0,386.0,0.6718537057952317,0.6666666666666666,1.818287250026121e-05,3.919683986133459e+23,106714.03076500441,8,2025-07-08 00:00:00+00:00,1,8.229155092592592
1751965200000,15,0.2415563285989433,27.300044965549592,55326.06760840409,0.3243626711801321,9.0,0.6,0.1293898110801871,4.0,0.26666666666666666,0.1709453164261453,1.0,0.06666666666666667,0.015576327616066872,1.0,0.06666666666666667,,,0.0,0.23819055553912755,0.08617211564100459,9.0,9.0,847.5555555555555,635.0,0.8315236530547093,0.5555555555555556,2.2056549080397185e-05,3.9225724241165436e+23,127108.94006499407,9,2025-07-08 00:00:00+00:00,1,8.27082175925926
1751968800000,26,0.44247313815193745,72.03973229784737,142220.5192527848,0.5252360869411415,14.0,0.5384615384615384,0.26888167020683235,11.0,0.4230769230769231,1.1932980024992368,1.0,0.038461538461538464,,,0.0,,,0.0,0.29127537786682506,0.23396070907431646,14.0,14.0,1450.142857142857,824.5,1.0749143511066381,0.42857142857142855,3.750325568015721e-05,3.8746346755863566e+23,512283.6002319372,10,2025-07-08 00:00:00+00:00,1,8.312488425925926
1751972400000,13,0.33023799305087914,26.3390204914307,50187.220414294665,0.7212250371398986,5.0,0.38461538461538464,0.08587109049524189,8.0,0.6153846153846154,,,0.0,,,0.0,,,0.0,0.18275290911596176,0.5384721280239368,5.0,5.0,9665.2,668.0,2.3989874943068514,0.6,3.138846119488795e-05,3.778347272644346e+23,182284.77745801586,11,2025-07-08 00:00:00+00:00,1,8.354155092592592
1751976000000,15,0.33789455380458583,38.08411681070481,77047.46375067635,0.42463524075403075,7.0,0.4666666666666667,0.2291668498793963,6.0,0.4,,,0.0,0.36048526125709734,2.0,0.13333333333333333,,,0.0,0.3050440179612324,0.11959122279279834,7.0,7.0,1154.0,323.0,0.8775528410454674,0.7142857142857143,2.8997904579149565e-05,3.8916440739519865e+23,227361.28141356222,12,2025-07-08 00:00:00+00:00,1,8.39582175925926
1751979600000,55,0.5306982723625925,159.4109045959736,308983.9980803267,0.5476758287055449,25.0,0.45454545454545453,0.5452466692969927,19.0,0.34545454545454546,0.4669838677873732,11.0,0.2,,,0.0,,,0.0,0.24866620078578971,0.29900962791975516,25.0,25.0,727.24,705.0,0.8176589642682156,0.56,6.067012398698124e-05,3.7843691197857573e+23,778010.7987979503,13,2025-07-08 00:00:00+00:00,1,8.437488425925926
1751983200000,83,0.6759384700184626,317.18824103940466,608007.3697122567,0.5856171198353307,44.0,0.5301204819277109,0.8361744240956097,29.0,0.3493975903614458,0.6338232992349091,9.0,0.10843373493975904,0.3822717468909874,1.0,0.012048192771084338,,,0.0,0.24657227691039338,0.33904484292493736,44.0,44.0,859.1818181818181,675.5,0.8448178471363703,0.5909090909090909,8.535277876838969e-05,4.066194611878721e+23,1246102.6334766287,14,2025-07-08 00:00:00+00:00,1,8.479155092592592
1751986800000,29,0.396384224735555,76.1079150210453,151075.07811493587,0.4764241072432125,21.0,0.7241379310344828,0.1797968938027682,6.0,0.20689655172413793,0.2057274512035122,2.0,0.06896551724137931,,,0.0,,,0.0,0.16220135824699136,0.3142227489962211,21.0,21.0,1247.095238095238,935.0,1.0305241090977606,0.38095238095238093,4.230503426570544e-05,3.952018258646852e+23,343337.3140131956,15,2025-07-08 00:00:00+00:00,1,8.52082175925926
1751990400000,51,0.5495402548321214,162.9052423135804,316527.20171084936,0.6047729125682787,32.0,0.6274509803921569,0.44033315835216263,13.0,0.2549019607843137,0.4915814559458597,6.0,0.11764705882352941,,,0.0,,,0.0,0.19770250088483893,0.40707041168343977,32.0,32.0,646.875,676.0,0.7714193422206264,0.65625,6.204537884894426e-05,3.981526177587082e+23,643783.3648007764,16,2025-07-08 00:00:00+00:00,1,8.562488425925926
1751994000000,73,0.5125298622965176,212.77449387942394,413201.8894698325,0.528018808199784,39.0,0.5342465753424658,0.46581536659832506,27.0,0.3698630136986301,0.20364497022551822,5.0,0.0684931506849315,1.6133533392859212,2.0,0.0273972602739726,,,0.0,0.18827080303007304,0.33974800516971093,39.0,39.0,985.7179487179487,633.0,0.8451404775177505,0.6666666666666666,6.764509593656007e-05,3.912006456146866e+23,1021463.4686411676,17,2025-07-08 00:00:00+00:00,1,8.604155092592592
1751997600000,22,0.346882830725859,50.85253996504879,102600.78287835793,0.41403261539642927,14.0,0.6363636363636364,0.14696703639183617,6.0,0.2727272727272727,0.47658172103393504,2.0,0.09090909090909091,,,0.0,,,0.0,0.1607648554242395,0.2532677599721898,14.0,14.0,2264.0,955.5,1.2402597231165715,0.42857142857142855,3.503002607730044e-05,3.7658943184015965e+23,279571.1921399049,18,2025-07-08 00:00:00+00:00,1,8.64582175925926
1752001200000,19,0.5976968730795851,57.471176140228266,110422.55619543011,0.6577769659729714,8.0,0.42105263157894735,0.5286375589491675,10.0,0.5263157894736842,0.80764927123667,1.0,0.05263157894736842,,,0.0,,,0.0,0.1424188928995972,0.5153580730733742,8.0,8.0,2184.75,905.0,1.2526526793700938,0.375,3.073592764334713e-05,3.78999958734011e+23,211706.82154583608,19,2025-07-08 00:00:00+00:00,1,8.687488425925926
1752004800000,20,0.5962015312718826,67.14204994713913,130254.66055743743,0.6433544517668738,13.0,0.65,0.5407879025637373,5.0,0.25,0.38062466388655725,1.0,0.05,0.47585857576304835,1.0,0.05,,,0.0,0.20435361356716622,0.4390008381997076,13.0,13.0,1719.4615384615386,891.0,1.1815214687451319,0.3076923076923077,3.113161372731959e-05,3.8966922470689935e+23,260404.60668587,20,2025-07-08 00:00:00+00:00,1,8.729155092592592
1752008400000,23,0.4243832631044017,65.99681371828173,131247.35508367972,0.42863448790537045,12.0,0.5217391304347826,0.46084859565519753,9.0,0.391304347826087,0.23478191782000823,2.0,0.08695652173913043,,,0.0,,,0.0,0.26449162628765205,0.16414286161771838,12.0,12.0,3802.5833333333335,758.5,1.3448222853370757,0.4166666666666667,4.328024867739001e-05,4.0181696617318616e+23,308352.6822927459,21,2025-07-08 00:00:00+00:00,1,8.77082175925926
1752012000000,3,0.19319845384336165,6.972940875083033,14724.937413337739,0.28696006921069983,2.0,0.6666666666666666,0.005675223108685297,1.0,0.3333333333333333,,,0.0,,,0.0,,,0.0,0.2869591872378717,8.819728281039829e-07,2.0,2.0,1440.5,1440.5,1.0759261697153852,0.5,2.242895351448696e-05,3.919962168946441e+23,52962.83711213258,22,2025-07-08 00:00:00+00:00,1,8.812488425925926
1752015600000,14,0.385505364696254,30.787481726687815,59676.42373717604,0.40897302643714156,8.0,0.5714285714285714,0.1996866988995859,4.0,0.2857142857142857,0.6632720493260402,2.0,0.14285714285714285,,,0.0,,,0.0,0.3021276073508815,0.10684541908626001,8.0,8.0,2354.0,1156.0,1.307356134736354,0.375,1.8385379025589337e-05,3.888926337025772e+23,86717.30440871882,23,2025-07-08 00:00:00+00:00,1,8.854155092592592
1752019200000,10,0.4269147316846621,26.973775147845792,52738.06887834165,0.5155140291024417,6.0,0.6,0.4813239202378127,2.0,0.2,0.10670765087817269,2.0,0.2,,,0.0,,,0.0,0.13272174028707903,0.3827922888153627,6.0,6.0,1179.6666666666667,869.0,1.0441597586929119,0.16666666666666666,1.9934306957290338e-05,3.89198330030461e+23,98742.53579748135,0,2025-07-09 00:00:00+00:00,1,8.89582175925926
1752022800000,26,0.4622256128952132,70.31596016913258,135766.762628588,0.6485269165427687,13.0,0.5,0.2759243092476575,13.0,0.5,,,0.0,,,0.0,,,0.0,0.24107133102093592,0.40745558552183286,13.0,13.0,2260.923076923077,854.0,1.2090637356604683,0.38461538461538464,2.9454359988584467e-05,3.804036909590275e+23,272501.2310654929,1,2025-07-09 00:00:00+00:00,1,8.937488425925926
1752026400000,5,0.9459563753030409,21.79207396990413,40602.99189324048,1.0388412264006375,4.0,0.8,,,0.0,0.5744169709126544,1.0,0.2,,,0.0,,,0.0,0.6717266152916944,0.36711461110894295,4.0,4.0,605.0,570.5,0.7739879322576082,0.75,2.5762911760651745e-05,3.990210165255248e+23,115073.11319587787,2,2025-07-09 00:00:00+00:00,1,8.979155092592592
1752030000000,10,0.3018756563032453,25.468045591590375,51732.97329810414,0.23811008119527213,6.0,0.6,0.39752401896520506,4.0,0.4,,,0.0,,,0.0,,,0.0,0.08851551274558378,0.14959456844968835,6.0,6.0,4547.0,869.0,1.5431368221107906,0.5,2.1728691669679843e-05,4.016068017039952e+23,161194.93889376606,3,2025-07-09 00:00:00+00:00,1,9.02082175925926
1752033600000,10,0.28573043807789567,25.90976969548567,53616.51551804558,0.2751265933039168,7.0,0.7,0.4639665837313832,2.0,0.2,0.003485060188772489,1.0,0.1,,,0.0,,,0.0,0.1808756362124531,0.09425095709146371,7.0,7.0,3965.0,935.0,1.5922777449183223,0.2857142857142857,3.301936613173396e-05,3.933779471366597e+23,116182.57324209457,4,2025-07-09 00:00:00+00:00,1,9.062488425925926
1752037200000,11,0.7194351002438031,40.556186110377624,75602.40948198443,0.5533645474487024,4.0,0.36363636363636365,0.8143325589838606,7.0,0.6363636363636364,,,0.0,,,0.0,,,0.0,0.3539565834850865,0.19940796396361593,4.0,4.0,407.25,459.0,0.6269172565008875,1.0,5.260239945528028e-05,4.0283722199995065e+23,383813.36635086755,5,2025-07-09 00:00:00+00:00,1,9.104155092592592
1752040800000,7,0.22975978982891693,11.465923590965167,23489.80404681216,0.5821338773842654,2.0,0.2857142857142857,0.08881015480677756,5.0,0.7142857142857143,,,0.0,,,0.0,,,0.0,0.49169918908409815,0.09043468830016721,2.0,2.0,509.5,509.5,0.6954719350024986,1.0,3.099589447563184e-05,3.9293860259504154e+23,86272.5230656536,6,2025-07-09 00:00:00+00:00,1,9.14582175925926
1752044400000,4,1.422031642475401,28.547427013901252,46848.254043854235,0.15746561349006416,1.0,0.25,,,0.0,0.9339716569889456,2.0,0.5,3.6627176424336483,1.0,0.25,,,0.0,0.12162943157812289,0.03583618191194127,1.0,1.0,562.0,562.0,0.7496665925596525,1.0,1.787548458453416e-05,3.9659997223383144e+23,339660.5061501997,7,2025-07-09 00:00:00+00:00,1,9.187488425925926
1752048000000,6,0.11344162736959695,12.732799190309434,27011.57456444218,0.14041352855080594,3.0,0.5,0.08646972618838795,3.0,0.5,,,0.0,,,0.0,,,0.0,0.10697811418251794,0.03343541436828801,3.0,3.0,4181.333333333333,325.0,1.4478159790478096,0.6666666666666666,2.912900119620844e-05,3.930199234798935e+23,88217.07325405724,8,2025-07-09 00:00:00+00:00,1,9.229155092592592
1752051600000,14,0.49482634146114524,42.94448168595686,83798.41181333094,0.521006014962045,9.0,0.6428571428571429,0.3620986427807548,4.0,0.2857142857142857,0.7901200746746094,1.0,0.07142857142857142,,,0.0,,,0.0,0.29464560246606364,0.22636041249598135,9.0,9.0,3009.0,840.0,1.2680012451858407,0.3333333333333333,1.7046593668527165e-05,4.157661108476368e+23,150954.25508016217,9,2025-07-09 00:00:00+00:00,1,9.27082175925926
1752055200000,4,0.1457981294938947,7.889837561797888,16538.776782889952,0.16899421400762715,2.0,0.5,0.12260204498016225,2.0,0.5,,,0.0,,,0.0,,,0.0,0.01607608797083316,0.152918126036794,2.0,2.0,381.0,381.0,0.5177369947456559,1.0,2.0510700116637684e-05,3.915660686387744e+23,102657.24019320843,10,2025-07-09 00:00:00+00:00,1,9.312488425925926
1752058800000,22,0.38135473594941227,51.81841040849366,102734.67609255007,0.47743158197747737,13.0,0.5909090909090909,0.25804702447632544,8.0,0.36363636363636365,0.11881742936925999,1.0,0.045454545454545456,,,0.0,,,0.0,0.19998570167088894,0.2774458803065884,13.0,13.0,4284.538461538462,986.0,1.4752420080983137,0.23076923076923078,2.857677066019839e-05,3.777929268996945e+23,209527.49593816642,11,2025-07-09 00:00:00+00:00,1,9.354155092592592
1752062400000,25,0.5432245696713344,77.72664338089403,153389.5400801521,0.5112615247004947,12.0,0.48,0.483289229267269,11.0,0.44,1.0646472117187322,2.0,0.08,,,0.0,,,0.0,0.1379073565991731,0.37335416810132155,12.0,12.0,2173.5,984.0,1.1591751730384228,0.4166666666666667,4.164431064663574e-05,3.760854070506373e+23,1483106.1605141317,12,2025-07-09 00:00:00+00:00,1,9.39582175925926
1752066000000,46,0.7039484564616483,174.42670587134245,332118.8855840099,0.5811722231182401,23.0,0.5,0.7766028490297973,17.0,0.3695652173913043,0.816966097975218,5.0,0.10869565217391304,1.7275889421336554,1.0,0.021739130434782608,,,0.0,0.1987760382403616,0.3823961848778785,23.0,23.0,1169.2608695652175,870.0,1.0020909231748676,0.34782608695652173,6.249597023562703e-05,3.633721940268157e+23,904479.2947613044,13,2025-07-09 00:00:00+00:00,1,9.437488425925926
1752069600000,62,0.6377271765800472,215.65781987394877,411354.6792163547,0.7564378782407979,36.0,0.5806451612903226,0.5227971699787584,18.0,0.2903225806451613,0.36212153395956836,8.0,0.12903225806451613,,,0.0,,,0.0,0.3344610433087333,0.42197683493206467,36.0,36.0,993.2777777777778,687.0,0.8932200685229318,0.5555555555555556,8.415566909616291e-05,3.9552622212356815e+23,1275428.3165631383,14,2025-07-09 00:00:00+00:00,1,9.479155092592592
1752073200000,56,0.5451702546452969,160.46019912859236,312013.5753286043,0.5780726939367942,35.0,0.625,0.511507994630287,17.0,0.30357142857142855,0.400338515908487,4.0,0.07142857142857142,,,0.0,,,0.0,0.24521583422909987,0.33285685970769435,35.0,35.0,3171.5142857142855,838.0,1.3021292017055355,0.42857142857142855,5.501158579233896e-05,3.840826665420102e+23,578257.9205061547,15,2025-07-09 00:00:00+00:00,1,9.52082175925926
1752076800000,37,0.5765027442546845,109.35001891657775,211552.62330455033,0.5687732157387256,29.0,0.7837837837837838,0.5970208905861287,7.0,0.1891891891891892,,,0.0,0.657032046897381,1.0,0.02702702702702703,,,0.0,0.14559182325082862,0.42318139248789705,29.0,29.0,5426.068965517241,924.0,1.6580103895830642,0.3448275862068966,4.1368682671155e-05,3.840483679742667e+23,347986.62845005724,16,2025-07-09 00:00:00+00:00,1,9.562488425925926
1752080400000,30,0.3059653067712985,77.82839665482503,159131.69470279737,0.34915141078197204,19.0,0.6333333333333333,0.16216374865641192,10.0,0.3333333333333333,0.9234449117173681,1.0,0.03333333333333333,,,0.0,,,0.0,0.17549404831682974,0.17365736246514227,19.0,19.0,1850.5263157894738,707.0,1.0702178726449254,0.5263157894736842,4.934846416157444e-05,3.871045114824627e+23,488877.7067527411,17,2025-07-09 00:00:00+00:00,1,9.604155092592592
1752084000000,37,0.38589894575360456,85.62810992136168,169249.9078149447,0.39955846830677333,22.0,0.5945945945945946,0.36800527605424826,13.0,0.35135135135135137,0.35195305071456395,2.0,0.05405405405405406,,,0.0,,,0.0,0.12931554754418456,0.2702429207625887,22.0,22.0,697.6363636363636,611.0,0.7972290228060632,0.6363636363636364,4.624264813498025e-05,3.80514056213428e+23,432332.65120816976,18,2025-07-09 00:00:00+00:00,1,9.64582175925926
1752087600000,105,0.9328544908358408,479.7889026817116,903608.5537922166,0.9351040265995757,49.0,0.4666666666666667,0.8839938599540869,41.0,0.3904761904761905,0.8391289960935122,11.0,0.10476190476190476,1.6638642548094706,4.0,0.0380952380952381,,,0.0,0.34584297354316973,0.5892610530564059,49.0,49.0,658.8979591836735,543.0,0.766812979735136,0.673469387755102,0.00013847966718176882,3.089696186046652e+23,2559107.0406384766,19,2025-07-09 00:00:00+00:00,1,9.687488425925926
1752091200000,104,0.7579624981028912,384.7976499575475,697383.1511609744,0.7244108602748867,50.0,0.4807692307692308,0.919033175419713,34.0,0.3269230769230769,0.5675833444064114,19.0,0.18269230769230768,0.5763452809642898,1.0,0.009615384615384616,,,0.0,0.2985373929773204,0.4258734672975662,50.0,50.0,587.64,557.5,0.7242338075713195,0.74,9.614669925750705e-05,3.337940339286994e+23,2419672.695760555,20,2025-07-09 00:00:00+00:00,1,9.729155092592592
1752094800000,71,0.6606019240015417,233.51792031817587,432385.054421246,0.8677626951493451,34.0,0.4788732394366197,0.46213491173657817,26.0,0.36619718309859156,0.46079566632736335,9.0,0.1267605633802817,0.6180681334672133,2.0,0.028169014084507043,,,0.0,0.24673645801162547,0.6210262371377195,34.0,34.0,1852.735294117647,711.0,1.0962087759896184,0.5588235294117647,6.94999906658055e-05,3.4676188760087666e+23,1109879.1027582902,21,2025-07-09 00:00:00+00:00,1,9.77082175925926
1752098400000,53,0.783095668496669,207.5323975993411,382254.1735816629,0.5687364790876769,24.0,0.4528301886792453,0.6995557616285845,14.0,0.2641509433962264,1.2995126694612797,13.0,0.24528301886792453,0.5834747832111953,2.0,0.03773584905660377,,,0.0,0.37001384538595317,0.19872263370172374,24.0,24.0,946.5833333333334,556.5,0.8620517009915626,0.75,5.5547499931573666e-05,3.5575698539527894e+23,2232111.969403616,22,2025-07-09 00:00:00+00:00,1,9.812488425925926
1752102000000,17,0.5561456139178764,45.55791919820318,87802.2261524438,0.715572815952906,9.0,0.5294117647058824,0.36615761501102456,7.0,0.4117647058823529,0.4512167879505745,1.0,0.058823529411764705,,,0.0,,,0.0,0.3683637380049405,0.3472090779479655,9.0,9.0,967.0,484.0,0.8704549125595423,0.6666666666666666,3.996495359450283e-05,3.5432697454938715e+23,252036.34452543422,23,2025-07-09 00:00:00+00:00,1,9.854155092592592
1752105600000,16,0.5367879230502208,42.0054062061147,79141.08328050292,0.20563219123387755,4.0,0.25,0.7057259523817339,11.0,0.6875,0.0030925276689507467,1.0,0.0625,,,0.0,,,0.0,0.08180770639049528,0.12382448484338227,4.0,4.0,2003.0,972.0,1.226929923707034,0.5,2.9351353651830525e-05,3.5874749286670745e+23,271581.6001256402,0,2025-07-10 00:00:00+00:00,1,9.89582175925926
1752109200000,62,0.9732045475854777,304.154164240037,524591.0650592976,0.3764016885536767,18.0,0.2903225806451613,0.8403281882753374,28.0,0.45161290322580644,1.2277651555892044,10.0,0.16129032258064516,2.959435121455323,6.0,0.0967741935483871,,,0.0,0.1586922432838515,0.21770944526982522,18.0,18.0,929.9444444444445,570.0,0.8099683656408014,0.7222222222222222,3.3281064998120156e-05,3.628459810741642e+23,3369182.381665275,1,2025-07-10 00:00:00+00:00,1,9.937488425925926
1752112800000,54,1.0245668177134737,281.50830461823864,484437.4175650176,0.5097254523993486,18.0,0.3333333333333333,1.0045581290989538,32.0,0.5925925925925926,0.35127607476981726,1.0,0.018518518518518517,4.551471269134322,3.0,0.05555555555555555,,,0.0,0.1886537750259506,0.32107167737339803,18.0,18.0,2044.2222222222222,1101.5,1.2722518302313155,0.16666666666666666,4.3870513798325546e-05,3.620029417948983e+23,2629792.2267246735,2,2025-07-10 00:00:00+00:00,1,9.979155092592592
1752116400000,8,0.5943370494937471,21.38864500763652,39426.12387863746,1.5666040103340428,2.0,0.25,0.2778572107019527,5.0,0.625,0.23220232177212796,1.0,0.125,,,0.0,,,0.0,0.04831852195963816,1.5182854883744046,2.0,2.0,1539.0,1539.0,1.20583065739629,0.0,1.9867420064240666e-05,3.638067658652828e+23,163981.15291866093,3,2025-07-10 00:00:00+00:00,1,10.02082175925926
1752120000000,6,0.10235557102204722,5.3149410120750105,11021.51460981078,0.12380077270391243,2.0,0.3333333333333333,0.0916329701811146,4.0,0.6666666666666666,,,0.0,,,0.0,,,0.0,0.06430585872297268,0.059494913980939756,2.0,2.0,3661.5,3661.5,1.9134753731205052,0.0,2.3677648233807717e-05,3.691928005539567e+23,193114.0195583912,4,2025-07-10 00:00:00+00:00,1,10.062488425925926
1752123600000,11,0.6000211469355651,45.712177996565195,104489.37214930201,0.5205876471721148,10.0,0.9090909090909091,1.394356144570068,1.0,0.09090909090909091,,,0.0,,,0.0,,,0.0,0.7211540361298273,-0.2005663889577125,10.0,10.0,796.1,759.5,0.8365268948952638,0.5,2.2019111073960902e-05,3.7486816200523975e+23,178059.09528780644,5,2025-07-10 00:00:00+00:00,1,10.104155092592592
1752127200000,12,0.2929932447692839,27.099989925660033,55523.85096004339,0.3206158974866073,9.0,0.75,0.21012528661731375,3.0,0.25,,,0.0,,,0.0,,,0.0,0.10710260027814723,0.21351329720846005,9.0,9.0,682.7777777777778,723.0,0.7521118124452738,0.5555555555555556,2.691569424923672e-05,3.640219832565875e+23,143584.29633705522,6,2025-07-10 00:00:00+00:00,1,10.14582175925926
1752130800000,14,0.12362021397189897,16.806495069529326,34454.2405478358,0.14731947075408577,7.0,0.5,0.0686725712711932,6.0,0.42857142857142855,0.2874112727008259,1.0,0.07142857142857142,,,0.0,,,0.0,0.09131463956527916,0.05600483118880665,7.0,7.0,5878.571428571428,5172.0,2.1287032850704892,0.14285714285714285,4.090369638027347e-05,3.6563067694024756e+23,247611.37585239473,7,2025-07-10 00:00:00+00:00,1,10.187488425925926
1752134400000,11,0.5400742136026767,30.640307599837055,59650.40914874429,0.6838959541752331,4.0,0.36363636363636365,0.4756340686642109,6.0,0.5454545454545454,0.3514281209432467,1.0,0.09090909090909091,,,0.0,,,0.0,0.2791022174028534,0.40479373677237973,4.0,4.0,2878.0,1020.0,1.4137587582230362,0.5,2.9393127105281664e-05,3.7084739722605844e+23,191351.3877655642,8,2025-07-10 00:00:00+00:00,1,10.229155092592592
1752138000000,9,0.5267983774894465,22.492701499413254,42129.09511082868,0.6025560265865469,4.0,0.4444444444444444,0.466192258211766,5.0,0.5555555555555556,,,0.0,,,0.0,,,0.0,0.5935575044091523,0.008998522177394719,4.0,4.0,356.25,338.5,0.5537280485097122,1.0,2.4442107191751363e-05,3.7320401798927874e+23,144433.46123561426,9,2025-07-10 00:00:00+00:00,1,10.27082175925926
1752141600000,6,0.6808051796358727,25.45586068988324,49273.4905481004,0.8164114239938058,5.0,0.8333333333333334,,,0.0,0.0027739578462070494,1.0,0.16666666666666666,,,0.0,,,0.0,0.4087932595827669,0.4076181644110388,5.0,5.0,973.6,584.0,0.9154271084570024,0.6,3.052613982921925e-05,3.777707296623704e+23,174572.22340831466,10,2025-07-10 00:00:00+00:00,1,10.312488425925926
1752145200000,14,0.312313645665407,31.7292024497002,63707.27058613162,0.2338196882856235,6.0,0.42857142857142855,0.3225041622363886,7.0,0.5,0.7119437739472366,1.0,0.07142857142857142,,,0.0,,,0.0,0.0522076205618733,0.1816120677237502,6.0,6.0,1020.6666666666666,868.0,0.9709474396388492,0.3333333333333333,2.979074509012126e-05,3.7703214696805927e+23,157784.6136301533,11,2025-07-10 00:00:00+00:00,1,10.354155092592592
1752148800000,13,0.5043501611926273,38.50910312836374,73688.08651230701,0.7192984089171616,5.0,0.38461538461538464,0.16856679460842006,5.0,0.38461538461538464,0.3033203959851337,2.0,0.15384615384615385,1.5105852859059787,1.0,0.07692307692307693,,,0.0,0.27064135253541,0.4486570563817516,5.0,5.0,1298.4,880.0,1.0747127693214371,0.4,3.66482459762826e-05,3.972846900052615e+23,254179.87077210026,12,2025-07-10 00:00:00+00:00,1,10.39582175925926
1752152400000,70,0.6346263573035594,235.48990070614272,451725.83738574455,0.6845449831021467,43.0,0.6142857142857143,0.6449859334235417,22.0,0.3142857142857143,0.15974404050778535,5.0,0.07142857142857142,,,0.0,,,0.0,0.23124918535626235,0.4532957977458844,43.0,43.0,1279.8139534883721,761.0,0.9922093067883547,0.46511627906976744,8.974390667622677e-05,3.862777787386831e+23,1106318.55363182,13,2025-07-10 00:00:00+00:00,1,10.437488425925926
1752156000000,109,0.6658636018499487,396.382949631107,705853.4637461579,0.5443441748557114,53.0,0.48623853211009177,0.7641001850028974,39.0,0.3577981651376147,0.39002338816763066,12.0,0.11009174311926606,1.8497406922334303,5.0,0.045871559633027525,,,0.0,0.1741179538101692,0.3702262210455422,53.0,53.0,1201.566037735849,683.0,0.957514799053255,0.5660377358490566,8.803667284726038e-05,3.805596316801398e+23,2164278.818522179,14,2025-07-10 00:00:00+00:00,1,10.479155092592592
1752159600000,65,0.5584417171106352,190.39216478408486,367542.56285811425,0.6169680832002861,36.0,0.5538461538461539,0.5429532994885753,21.0,0.3230769230769231,0.3357301659651134,8.0,0.12307692307692308,,,0.0,,,0.0,0.2278478554424837,0.3891202277578023,36.0,36.0,1330.0,716.0,0.978466923425349,0.5833333333333334,6.614850406080495e-05,3.7226361751259826e+23,1099547.8746704722,15,2025-07-10 00:00:00+00:00,1,10.52082175925926
1752163200000,87,0.9875508616801842,339.3371380915259,596666.0597753979,0.8449371912451014,51.0,0.5862068965517241,1.2902675289926435,25.0,0.28735632183908044,0.9607672716236156,11.0,0.12643678160919541,,,0.0,,,0.0,0.3334136957534943,0.511523495491607,51.0,51.0,968.6862745098039,647.0,0.9066746507521738,0.6274509803921569,0.00010818871626927398,2.7349697424933833e+23,1812596.9594655463,16,2025-07-10 00:00:00+00:00,1,10.562488425925926
1752166800000,104,0.8780161622309817,353.102036843889,622054.1107595178,0.8725429031366201,60.0,0.5769230769230769,0.7123750553237165,32.0,0.3076923076923077,0.2065990504475874,9.0,0.08653846153846154,4.7685711531458885,3.0,0.028846153846153848,,,0.0,0.19979469868486743,0.6727482044517525,60.0,60.0,824.6666666666666,712.0,0.869720582683372,0.6,9.56536106747917e-05,2.5220705430552996e+23,1692138.153047713,17,2025-07-10 00:00:00+00:00,1,10.604155092592592
1752170400000,80,0.8016103915332072,223.02457380911306,417935.7911979883,0.7831580904872032,37.0,0.4625,0.6856706423719094,32.0,0.4,0.7438017837131704,8.0,0.1,2.4200357163412,3.0,0.0375,,,0.0,0.3929171886642764,0.3902409018229268,37.0,37.0,897.1621621621622,635.0,0.8830620437089359,0.7027027027027027,7.047907624709672e-05,2.5910936111292655e+23,1340164.0594916278,18,2025-07-10 00:00:00+00:00,1,10.64582175925926
1752174000000,50,0.7972601427798587,134.41817459536168,247217.70323365208,0.8374227571462526,24.0,0.48,0.6337947758912839,18.0,0.36,0.6975076187735598,6.0,0.12,2.0857546443992003,2.0,0.04,,,0.0,0.3692728588927244,0.46814989825352815,24.0,24.0,1099.0416666666667,535.5,0.8775118980265028,0.6666666666666666,5.954374591481044e-05,2.56821269219365e+23,564295.7820789218,19,2025-07-10 00:00:00+00:00,1,10.687488425925926
1752177600000,37,0.4491999436861253,75.67700415664919,150030.68348768924,0.4396465927488701,20.0,0.5405405405405406,0.3958788265527436,14.0,0.3783783783783784,0.2877896143210811,2.0,0.05405405405405406,1.709583261028662,1.0,0.02702702702702703,,,0.0,0.1554955091810405,0.2841510835678296,20.0,20.0,1325.65,800.5,1.0520396018791005,0.45,5.49062964671851e-05,2.5776206159732735e+23,306934.8596760884,20,2025-07-10 00:00:00+00:00,1,10.729155092592592
1752181200000,185,1.5771997380013827,1045.3277575231375,1697980.6692891028,1.2017505202175078,89.0,0.4810810810810811,2.077102553379037,65.0,0.35135135135135137,1.361922143338546,24.0,0.12972972972972974,2.44690826016216,7.0,0.03783783783783784,,,0.0,0.4355038828535081,0.7662466373639997,89.0,89.0,921.1910112359551,685.0,0.88163572244326,0.5617977528089888,0.00029406665189445313,2.2437423958157724e+23,6803056.673360252,21,2025-07-10 00:00:00+00:00,1,10.77082175925926
1752184800000,77,0.7967093847046621,194.7845348056295,355112.70694465324,0.8875057718982439,33.0,0.42857142857142855,0.6711364975292937,34.0,0.44155844155844154,1.0099108057198867,7.0,0.09090909090909091,0.7236385311939161,3.0,0.03896103896103896,,,0.0,0.39449435445970443,0.49301141743853943,33.0,33.0,1115.2727272727273,676.0,0.9548033358904977,0.5454545454545454,7.418025168050509e-05,2.4535107289035294e+23,1246922.439571729,22,2025-07-10 00:00:00+00:00,1,10.812488425925926
1752188400000,43,0.7007350834315994,102.9600703050211,192884.24007532746,0.8897506514778696,23.0,0.5348837209302325,0.4388485588865072,18.0,0.4186046511627907,0.7487787876830952,1.0,0.023255813953488372,1.0192907559275532,1.0,0.023255813953488372,,,0.0,0.43995188712721783,0.44979876435065164,23.0,23.0,811.1304347826087,738.0,0.8788435008245665,0.5217391304347826,6.109764432141854e-05,2.4506469120028553e+23,699885.7510087616,23,2025-07-10 00:00:00+00:00,1,10.854155092592592
1752192000000,82,0.753704444490025,207.77016992091635,393627.5689373992,0.8186404658024165,46.0,0.5609756097560976,0.6724372274681496,34.0,0.4146341463414634,0.6417186436769072,2.0,0.024390243902439025,,,0.0,,,0.0,0.2866188688057653,0.5320215969966511,46.0,46.0,1108.6304347826087,732.0,0.9608410471887161,0.5217391304347826,0.0001038712307349155,2.4899439536641706e+23,1000226.1090553062,0,2025-07-11 00:00:00+00:00,1,10.89582175925926
1752195600000,37,0.6422502564476037,88.58794230589405,169993.3543702615,0.7377590445769888,29.0,0.7837837837837838,0.29603089947858197,8.0,0.21621621621621623,,,0.0,,,0.0,,,0.0,0.24497922058247,0.49277982399451886,29.0,29.0,2797.5862068965516,894.0,1.3830406234659423,0.41379310344827586,5.1851640228336e-05,2.5242094656803588e+23,326931.52792496455,1,2025-07-11 00:00:00+00:00,1,10.937488425925926
1752199200000,58,0.8185009669195008,160.99214147436697,303961.50302237837,0.774883625873024,37.0,0.6379310344827587,0.8818261674819515,20.0,0.3448275862068966,1.1658385743901256,1.0,0.017241379310344827,,,0.0,,,0.0,0.2529496838446017,0.5219339420284222,37.0,37.0,1928.8108108108108,782.0,1.150993603101787,0.4594594594594595,6.760907439910309e-05,2.4214073872817573e+23,747349.6484294751,2,2025-07-11 00:00:00+00:00,1,10.979155092592592
1752202800000,39,0.7376109320700506,101.49685396227922,187183.90187450981,0.7861929528060795,20.0,0.5128205128205128,0.5173738429184279,13.0,0.3333333333333333,1.1508826246786663,4.0,0.10256410256410256,0.8567884189780761,2.0,0.05128205128205128,,,0.0,0.24094646835959735,0.5452464844464822,20.0,20.0,2193.35,636.0,1.154423127853729,0.6,6.080718069472147e-05,2.4778584874548208e+23,618393.6649833445,3,2025-07-11 00:00:00+00:00,1,11.02082175925926
1752206400000,28,0.772348270379836,72.34004046823122,133124.685308464,0.7432528090086697,10.0,0.35714285714285715,0.7885124155860396,18.0,0.6428571428571429,,,0.0,,,0.0,,,0.0,0.09604665077278962,0.6472061582358801,10.0,10.0,804.2,833.0,0.882889484367183,0.4,5.0494307532891495e-05,2.4777216266175716e+23,833905.3212944474,4,2025-07-11 00:00:00+00:00,1,11.062488425925926
1752210000000,115,0.8077671475438972,299.4189890594186,556268.3165494193,0.8885082638289347,52.0,0.45217391304347826,0.7545777619122597,52.0,0.45217391304347826,0.6906061978727606,10.0,0.08695652173913043,0.546686650278465,1.0,0.008695652173913044,,,0.0,0.268507059072575,0.6200012047563597,52.0,52.0,1250.9807692307693,839.0,1.0265910198754153,0.38461538461538464,0.00011767260047677665,2.2640894713219646e+23,1499496.475570203,5,2025-07-11 00:00:00+00:00,1,11.104155092592592
1752213600000,82,0.5573993982389033,173.56318747447472,333937.01825942995,0.6426678623601455,48.0,0.5853658536585366,0.4071421763146198,27.0,0.32926829268292684,0.5522649288297642,7.0,0.08536585365853659,,,0.0,,,0.0,0.272666205714931,0.37000165664521445,48.0,48.0,1030.875,794.0,0.9376697491361138,0.4583333333333333,9.57618413938791e-05,2.5152960290513404e+23,1199189.31866874,6,2025-07-11 00:00:00+00:00,1,11.14582175925926
1752217200000,51,0.7411103527528183,150.30886773965022,292426.39848191896,0.8474345149797657,36.0,0.7058823529411765,0.5390571846063037,11.0,0.21568627450980393,0.3133850852815633,3.0,0.058823529411764705,0.41920116460814494,1.0,0.0196078431372549,,,0.0,0.3499346613895363,0.49749985359022936,36.0,36.0,949.1666666666666,832.0,0.9056429562166398,0.4166666666666667,5.790692280942181e-05,2.590393382357351e+23,525449.499352664,7,2025-07-11 00:00:00+00:00,1,11.187488425925926
1752220800000,48,0.6440502248732611,117.2462111510447,226279.15173471894,0.6755605404200915,26.0,0.5416666666666666,0.7234660801959159,15.0,0.3125,0.271512103283323,6.0,0.125,0.8687729203554805,1.0,0.020833333333333332,,,0.0,0.3879605730920389,0.2875999673280526,26.0,26.0,644.2692307692307,625.0,0.782714075352503,0.6538461538461539,6.0104513183248825e-05,2.5917877654720193e+23,864722.9003544127,8,2025-07-11 00:00:00+00:00,1,11.229155092592592
1752224400000,60,0.6311251866379789,147.04534729256545,278038.94506593386,0.6509919023518783,41.0,0.6833333333333333,0.7252509141269189,12.0,0.2,0.3534046046183851,7.0,0.11666666666666667,,,0.0,,,0.0,0.3031948228244835,0.3477970795273948,41.0,41.0,834.609756097561,726.0,0.8629031151200158,0.5609756097560976,8.526478217779882e-05,2.537046771544356e+23,1010619.2585714536,9,2025-07-11 00:00:00+00:00,1,11.27082175925926
1752228000000,50,1.1519181716008564,267.28064238023694,325539.32683008193,0.9104744148022285,30.0,0.6,1.8539261373076112,13.0,0.26,0.9685856470933126,6.0,0.12,0.36912246841714225,1.0,0.02,,,0.0,0.42986303219265365,0.4806113826095748,30.0,30.0,1151.0,802.5,0.9537517869617859,0.4666666666666667,5.139360412367768e-05,2.644074789240642e+23,1034509.1834730022,10,2025-07-11 00:00:00+00:00,1,11.312488425925926
1752231600000,50,0.594150206355608,116.84006127018061,213945.34718239566,0.5517904775621785,21.0,0.42,0.714945488614731,15.0,0.3,0.15459514465521618,11.0,0.22,1.8983937895154372,3.0,0.06,,,0.0,0.2396694025134772,0.31212107504870124,21.0,21.0,1659.4761904761904,770.0,1.0699585261111637,0.38095238095238093,4.8504359212037965e-05,2.6397509481807985e+23,750751.3140946444,11,2025-07-11 00:00:00+00:00,1,11.354155092592592
1752235200000,66,0.5261147027089039,136.39066757565485,261218.64504718914,0.6181727086973301,44.0,0.6666666666666666,0.3186834997141773,16.0,0.24242424242424243,0.4041725334463829,6.0,0.09090909090909091,,,0.0,,,0.0,0.20160934489540602,0.41656336380192405,44.0,44.0,1241.0,813.0,1.000745976804016,0.4318181818181818,5.1716569773324324e-05,2.6705876541716218e+23,490787.4100438747,12,2025-07-11 00:00:00+00:00,1,11.39582175925926
1752238800000,173,0.5845962697221585,398.9439626741257,754877.1875124614,0.6310554404007174,98.0,0.5664739884393064,0.5894736757618457,57.0,0.32947976878612717,0.31620677690210663,18.0,0.10404624277456648,,,0.0,,,0.0,0.21625138035238042,0.414804060048337,98.0,98.0,684.7857142857143,674.5,0.7959894662035509,0.6326530612244898,0.00010935261642944763,2.8454466369092944e+23,1683721.9792722398,13,2025-07-11 00:00:00+00:00,1,11.437488425925926
1752242400000,126,0.6571710067564063,352.3850874967704,664777.1895401499,0.7227934377867334,72.0,0.5714285714285714,0.5260273122595057,32.0,0.25396825396825395,0.610739745401145,21.0,0.16666666666666666,1.104010684934158,1.0,0.007936507936507936,,,0.0,0.21752842695481614,0.5052650108319173,72.0,72.0,885.0138888888889,625.0,0.8304878930405921,0.625,0.00010924337841790935,2.788945382070268e+23,1522114.312121566,14,2025-07-11 00:00:00+00:00,1,11.479155092592592
1752246000000,110,0.7971098274080282,338.1937854679451,619011.9569184565,0.778853615639685,51.0,0.4636363636363636,0.8897564666382518,35.0,0.3181818181818182,0.6504464528254242,23.0,0.20909090909090908,1.8588018699355935,1.0,0.00909090909090909,,,0.0,0.1522290365944066,0.6266245790452785,51.0,51.0,788.3137254901961,665.0,0.8362380759578866,0.5686274509803921,9.889655963896707e-05,2.7664822215959106e+23,1701959.0954088108,15,2025-07-11 00:00:00+00:00,1,11.52082175925926
1752249600000,119,0.6797582119439046,334.4815913408191,666400.147066495,0.6187281924465917,70.0,0.5882352941176471,0.7580559933632832,30.0,0.25210084033613445,0.5525396402213618,18.0,0.15126050420168066,4.892860425180228,1.0,0.008403361344537815,,,0.0,0.23566216416517147,0.3830660282814202,70.0,70.0,1003.7142857142857,704.0,0.8996264152355776,0.5857142857142857,0.00010316608662490996,2.7652878065122664e+23,1911009.2433556153,16,2025-07-11 00:00:00+00:00,1,11.562488425925926
1752253200000,80,0.61174445330391,187.97675338866836,353072.59586992656,0.6483933544628052,37.0,0.4625,0.5839359431025597,27.0,0.3375,0.6063394016279132,15.0,0.1875,0.08764066100120249,1.0,0.0125,,,0.0,0.23090208807067053,0.41749126639213463,37.0,37.0,1223.945945945946,745.0,0.9597237638200321,0.5135135135135135,7.64040194890816e-05,2.7972026212566593e+23,1044066.1980954811,17,2025-07-11 00:00:00+00:00,1,11.604155092592592
1752256800000,90,1.0304198637178592,398.0478645394736,621818.9954867866,0.7206643958587167,51.0,0.5666666666666667,1.4622022747267787,24.0,0.26666666666666666,1.0342895953768054,14.0,0.15555555555555556,6.410994617094827,1.0,0.011111111111111112,,,0.0,0.25270090462441785,0.4679634912342988,51.0,51.0,821.7254901960785,768.0,0.8770377543259641,0.45098039215686275,6.42881513602104e-05,2.8625352282429305e+23,1818737.748609677,18,2025-07-11 00:00:00+00:00,1,11.64582175925926
1752260400000,58,0.47097188114801725,137.2793473525874,273651.3290297285,0.5150698672757466,33.0,0.5689655172413793,0.3454957286300045,15.0,0.25862068965517243,0.5136627557035299,10.0,0.1724137931034483,,,0.0,,,0.0,0.14238196766752909,0.37268789960821735,33.0,33.0,1239.060606060606,542.0,0.9375478875936064,0.6060606060606061,6.715368696701901e-05,2.7670769169047073e+23,648850.3810903903,19,2025-07-11 00:00:00+00:00,1,11.687488425925926
1752264000000,32,0.5683677209045559,88.41881621479516,171413.2645113522,0.48384623365646034,15.0,0.46875,0.8763884386371267,11.0,0.34375,0.21496678984841486,6.0,0.1875,,,0.0,,,0.0,0.11652333518219914,0.3673228984742612,15.0,15.0,2324.9333333333334,792.0,1.2019518188701785,0.4,6.50752612888736e-05,3.052197206151059e+23,489659.3773789335,20,2025-07-11 00:00:00+00:00,1,11.729155092592592
1752267600000,45,0.584423387397693,116.52931388857105,226284.2532160611,0.6628511321050478,26.0,0.5777777777777777,0.5188491320257159,17.0,0.37777777777777777,0.12224387686388549,2.0,0.044444444444444446,,,0.0,,,0.0,0.24798310157994827,0.4148680305250994,26.0,26.0,1334.1923076923076,725.5,1.0110444936950314,0.5,6.228969014789531e-05,2.8960352397092828e+23,486182.28167037264,21,2025-07-11 00:00:00+00:00,1,11.77082175925926
1752271200000,36,0.5200824478896885,83.86999926765967,164367.58492818085,0.5394609032432129,23.0,0.6388888888888888,0.4857974884180682,13.0,0.3611111111111111,,,0.0,,,0.0,,,0.0,0.2545328840380023,0.2849280192052106,23.0,23.0,715.6086956521739,615.0,0.7735471829325671,0.6086956521739131,6.694827475178817e-05,2.843669421272847e+23,678588.1221232422,22,2025-07-11 00:00:00+00:00,1,11.812488425925926
1752274800000,14,0.3634568553666074,30.09579576865626,60713.915433585586,0.42609454496495436,8.0,0.5714285714285714,0.4575649944491969,3.0,0.21428571428571427,0.10231487735509255,3.0,0.21428571428571427,,,0.0,,,0.0,0.17807567793279733,0.24801886703215703,8.0,8.0,822.0,835.0,0.8993019926597039,0.25,3.762094565481514e-05,2.8449757228594315e+23,160761.08271294378,23,2025-07-11 00:00:00+00:00,1,11.854155092592592
1752278400000,26,0.6633990723990829,73.09673072796195,130705.2328769557,0.4323283801018293,13.0,0.5,0.9076795466195264,12.0,0.46153846153846156,0.735952381618059,1.0,0.038461538461538464,,,0.0,,,0.0,0.3020577724055977,0.13027060769623164,13.0,13.0,5724.538461538462,733.0,1.6347369561588563,0.5384615384615384,6.0300391279772263e-05,2.8815323325083972e+23,334866.7134765775,0,2025-07-12 00:00:00+00:00,1,11.89582175925926
1752282000000,14,0.7119346816856105,41.30446243509291,78217.10924349308,1.293642081636186,5.0,0.35714285714285715,0.4212650586783959,7.0,0.5,0.27500986233442315,2.0,0.14285714285714285,,,0.0,,,0.0,0.23951035338643392,1.054131728249752,5.0,5.0,1508.8,771.0,1.1131478812552449,0.4,3.47598398513252e-05,2.898242147758828e+23,205440.12011414958,1,2025-07-12 00:00:00+00:00,1,11.937488425925926
1752285600000,14,0.774906736497292,43.75053991917628,83330.61742358746,0.7135604176589139,8.0,0.5714285714285714,0.8964153227389349,4.0,0.2857142857142857,0.7772748393675188,2.0,0.14285714285714285,,,0.0,,,0.0,0.5635369605397388,0.15002345711917497,8.0,8.0,484.5,546.5,0.6693644869225852,0.875,2.642757488497714e-05,2.881493778267612e+23,127306.38695757827,2,2025-07-12 00:00:00+00:00,1,11.979155092592592
1752289200000,12,0.3894241767610262,25.696989390882266,51385.309037971754,0.5421695607114906,8.0,0.6666666666666666,0.08393340886009726,4.0,0.3333333333333333,,,0.0,,,0.0,,,0.0,0.23397316753410047,0.3081963931773901,8.0,8.0,1300.5,666.5,0.9682612524308181,0.625,2.2156819531541902e-05,2.882780493909334e+23,133589.11674906488,3,2025-07-12 00:00:00+00:00,1,12.02082175925926
1752292800000,16,0.34473891777791077,28.913345996263114,57049.89167107319,0.509536886543826,9.0,0.5625,0.13285581507887695,7.0,0.4375,,,0.0,,,0.0,,,0.0,0.1471422099856765,0.36239467655814944,9.0,9.0,1222.0,880.0,0.9969561551507756,0.4444444444444444,3.014863060245737e-05,2.8812969937476476e+23,186067.57729562663,4,2025-07-12 00:00:00+00:00,1,12.062488425925926
1752296400000,11,0.3142873373052628,18.595299836182058,37160.00620698527,0.5734372503600064,6.0,0.5454545454545454,0.0033074416395705367,5.0,0.45454545454545453,,,0.0,,,0.0,,,0.0,0.24068605531706003,0.3327511950429463,6.0,6.0,743.3333333333334,644.5,0.8401212075599105,0.6666666666666666,2.5979070622538806e-05,2.910813280101717e+23,127199.67422624957,5,2025-07-12 00:00:00+00:00,1,12.104155092592592
1752300000000,11,0.5808606184581943,26.20372121797778,49533.303762895695,0.7906560712774521,6.0,0.5454545454545454,0.36900406217788445,3.0,0.2727272727272727,0.269259094420886,2.0,0.18181818181818182,,,0.0,,,0.0,0.4248030565368088,0.3658530147406432,6.0,6.0,676.5,655.0,0.8074451738705047,0.6666666666666666,4.204206336633761e-05,2.8936435877709775e+23,168196.75510320155,6,2025-07-12 00:00:00+00:00,1,12.14582175925926
1752303600000,19,0.7927907914619815,62.24312084062516,119215.22658152397,0.9162334949640456,13.0,0.6842105263157895,0.4475082828771003,5.0,0.2631578947368421,0.9144481888595556,1.0,0.05263157894736842,,,0.0,,,0.0,0.47844768947579003,0.4377858054882555,13.0,13.0,2270.5384615384614,719.0,1.1074116268771979,0.5384615384615384,3.4154418929142026e-05,2.8860287948543568e+23,245026.09567629016,7,2025-07-12 00:00:00+00:00,1,12.187488425925926
1752307200000,13,0.8418031940292542,50.88291296813084,98011.484098358,1.1660809447783294,8.0,0.6153846153846154,0.23424719936049765,3.0,0.23076923076923078,0.3970681323212143,1.0,0.07692307692307693,0.5149842337509635,1.0,0.07692307692307693,,,0.0,1.797462307209512,-0.6313813624311826,8.0,8.0,1104.375,734.5,0.9831217452116772,0.625,3.0491629917411045e-05,2.915534888947591e+23,175125.41618258736,8,2025-07-12 00:00:00+00:00,1,12.229155092592592
1752310800000,16,0.6900773152383787,43.4532376016016,81868.05683538207,0.659841683756476,9.0,0.5625,0.8303209995521262,6.0,0.375,0.12073589269301788,1.0,0.0625,,,0.0,,,0.0,0.37552516498895894,0.2843165187675171,9.0,9.0,1164.5555555555557,826.0,0.9107083139536927,0.4444444444444444,3.2549001514806106e-05,2.8696987225157633e+23,352333.8298269392,9,2025-07-12 00:00:00+00:00,1,12.27082175925926
1752314400000,17,0.6397059309585533,46.26743258568973,86749.09017838718,0.9135587672079888,7.0,0.4117647058823529,0.41118876124883436,6.0,0.35294117647058826,0.2801403170366078,3.0,0.17647058823529413,1.1725359372366562,1.0,0.058823529411764705,,,0.0,0.18705593820009286,0.726502829007896,7.0,7.0,893.8571428571429,662.0,0.8790557179511771,0.7142857142857143,3.4958627316253623e-05,2.8732479155586525e+23,384198.47647698084,10,2025-07-12 00:00:00+00:00,1,12.312488425925926
1752318000000,14,0.6001319629525989,40.29175469394658,78262.62427515506,0.8686104409429173,8.0,0.5714285714285714,0.3132048736342918,4.0,0.2857142857142857,0.10007222962793871,2.0,0.14285714285714285,,,0.0,,,0.0,0.4394344884703404,0.4291759524725769,8.0,8.0,915.375,806.5,0.9290675808419556,0.5,4.870744800005821e-05,2.891585347674784e+23,312749.84198706,11,2025-07-12 00:00:00+00:00,1,12.354155092592592
1752321600000,29,0.7783992910503765,94.5268881998807,174742.25150650056,0.6254115807887236,13.0,0.4482758620689655,1.0054558163785687,12.0,0.41379310344827586,0.13312025108514358,3.0,0.10344827586206896,1.978398340409253,1.0,0.034482758620689655,,,0.0,0.3435070341020155,0.2819045466867082,13.0,13.0,715.6153846153846,642.0,0.835601545708544,0.5384615384615384,6.112105456381138e-05,2.950889677935083e+23,471291.145517203,12,2025-07-12 00:00:00+00:00,1,12.39582175925926
1752325200000,37,0.5491581321438739,95.77914972233525,188644.521828784,0.554935017353166,26.0,0.7027027027027027,0.5723381835063153,7.0,0.1891891891891892,0.26300617651169006,3.0,0.08108108108108109,1.0951546240617382,1.0,0.02702702702702703,,,0.0,0.2964739666690505,0.25846105068411546,26.0,26.0,1351.5384615384614,817.0,1.017252468120387,0.4230769230769231,5.5117196949999374e-05,2.894726579376401e+23,404008.5010016582,13,2025-07-12 00:00:00+00:00,1,12.437488425925926
1752328800000,19,0.683100493840804,56.94302422533362,109110.88817166004,0.7727153963202382,12.0,0.631578947368421,0.7291607520251197,5.0,0.2631578947368421,0.0013612755561708337,1.0,0.05263157894736842,0.05915959145064587,1.0,0.05263157894736842,,,0.0,0.3021245336474601,0.470590862672778,12.0,12.0,1029.5,738.5,0.9379537192532443,0.5,5.795697505875409e-05,2.851954072166232e+23,311529.76667265367,14,2025-07-12 00:00:00+00:00,1,12.479155092592592
1752332400000,51,0.8971321721436891,179.76470710614387,331765.9381831559,1.1547084519739013,27.0,0.5294117647058824,0.6090199382043324,21.0,0.4117647058823529,0.5476943494398022,2.0,0.0392156862745098,0.6918051748622299,1.0,0.0196078431372549,,,0.0,0.3221435601653105,0.8325648918085906,27.0,27.0,1910.148148148148,787.0,1.1305101224914962,0.4444444444444444,5.7182057725930124e-05,2.8666225796009456e+23,549754.4906826627,15,2025-07-12 00:00:00+00:00,1,12.52082175925926
1752336000000,17,0.8215624310037023,54.761761448061094,102033.31013118982,0.6850066394850128,10.0,0.5882352941176471,1.0166421331732587,7.0,0.4117647058823529,,,0.0,,,0.0,,,0.0,0.16010180592962875,0.5249048335553841,10.0,10.0,2026.1,2574.5,1.340816239509477,0.3,3.155170457817602e-05,2.9091371048321114e+23,239197.13946077036,16,2025-07-12 00:00:00+00:00,1,12.562488425925926
1752339600000,22,0.5743425463724369,54.74058533383564,105497.97602811255,0.698584842165899,10.0,0.45454545454545453,0.5641445477385697,10.0,0.45454545454545453,0.004121060574462272,2.0,0.09090909090909091,,,0.0,,,0.0,0.3403557673714629,0.3582290747944361,10.0,10.0,687.0,657.5,0.7891660421417661,0.8,3.3520921872665544e-05,2.988928541170382e+23,493419.1069831806,17,2025-07-12 00:00:00+00:00,1,12.604155092592592
1752343200000,13,1.0792264997085925,52.83243153502841,84239.23129618271,0.5488145152776668,6.0,0.46153846153846156,1.5338653435065286,7.0,0.5384615384615384,,,0.0,,,0.0,,,0.0,0.37826216493989895,0.1705523503377678,6.0,6.0,560.0,601.5,0.7383739709992291,0.8333333333333334,2.136160788061365e-05,3.041571193145339e+23,317099.19524966105,18,2025-07-12 00:00:00+00:00,1,12.64582175925926
1752346800000,9,0.5297748450803632,24.30312801459574,46477.91146363018,0.8669867634975059,4.0,0.4444444444444444,0.1155280425929649,3.0,0.3333333333333333,0.47672121197717565,2.0,0.2222222222222222,,,0.0,,,0.0,0.37475163399386824,0.49223512950363757,4.0,4.0,869.75,921.0,0.9070222598240671,0.25,2.461500254973852e-05,2.9838920357341503e+23,222619.96816323014,19,2025-07-12 00:00:00+00:00,1,12.687488425925926
1752350400000,21,0.3677200903868267,45.3450752436733,88784.22618933949,0.48018574295020905,6.0,0.2857142857142857,0.5069313431096074,9.0,0.42857142857142855,0.04643755873927317,6.0,0.2857142857142857,,,0.0,,,0.0,0.10423489496073883,0.3759508479894702,6.0,6.0,1137.3333333333333,446.5,0.886238438676421,0.6666666666666666,2.9751552937363855e-05,3.0598534681006115e+23,260366.30393630776,20,2025-07-12 00:00:00+00:00,1,12.729155092592592
1752354000000,32,0.3952618255707906,72.53139841749447,146165.30095708257,0.48100114617001505,24.0,0.75,0.13804386377311728,8.0,0.25,,,0.0,,,0.0,,,0.0,0.22009765214182878,0.26090349402818624,24.0,24.0,2772.8333333333335,656.0,1.11802936028859,0.5416666666666666,4.299811028856445e-05,3.067290413995009e+23,319303.83060669835,21,2025-07-12 00:00:00+00:00,1,12.77082175925926
1752357600000,16,0.18699714086842667,18.431214627549846,36714.22443022518,0.31632248788826967,8.0,0.5,0.06591060330511098,7.0,0.4375,1.2765289259669688e-07,1.0,0.0625,,,0.0,,,0.0,0.16199448302195874,0.15432800486631093,8.0,8.0,2462.875,639.0,1.2482332301497183,0.625,3.3331571284965883e-05,3.0669774062468836e+23,163912.0955832395,22,2025-07-12 00:00:00+00:00,1,12.812488425925926
1752361200000,19,0.5194384255348522,43.39848823910271,81671.54315435157,0.3072564433476187,7.0,0.3684210526315789,0.40130370351929445,8.0,0.42105263157894735,1.1270263383936263,4.0,0.21052631578947367,,,0.0,,,0.0,0.15453448465803213,0.15272195868958655,7.0,7.0,896.2857142857143,830.0,0.8865869657837655,0.42857142857142855,2.640999967094814e-05,3.079002869409641e+23,957748.8134154385,23,2025-07-12 00:00:00+00:00,1,12.854155092592592
1752364800000,11,0.49118230940625157,25.001431003811387,46611.43426163428,0.8940025913108615,6.0,0.5454545454545454,0.011406049310422038,3.0,0.2727272727272727,0.002385853836166414,2.0,0.18181818181818182,,,0.0,,,0.0,0.1468264095024436,0.7471761818084177,6.0,6.0,4640.166666666667,709.5,1.5312345496532613,0.5,3.6051781206557204e-05,3.080734352333198e+23,133949.1426395215,0,2025-07-13 00:00:00+00:00,1,12.89582175925926
1752368400000,25,0.6340653419342245,66.8857883231944,126591.44482559653,0.7213258166367473,11.0,0.44,0.6973856822642999,10.0,0.4,0.23579818567709843,4.0,0.16,,,0.0,,,0.0,0.2946301146881348,0.42669570194861256,11.0,11.0,1173.0,767.0,0.9969142489013758,0.36363636363636365,4.7224271172721356e-05,3.037945657591527e+23,233847.76368945523,1,2025-07-13 00:00:00+00:00,1,12.937488425925926
1752372000000,22,0.4020060123737379,52.36552039915788,110006.92449482919,0.5618400215483904,14.0,0.6363636363636364,0.13898803346988856,7.0,0.3181818181818182,0.0054557362555484115,1.0,0.045454545454545456,,,0.0,,,0.0,0.1582561966830229,0.4035838248653675,14.0,14.0,4452.142857142857,718.5,1.4653523167538132,0.5714285714285714,3.370364540643625e-05,3.0033811139432495e+23,264009.08147333993,2,2025-07-13 00:00:00+00:00,1,12.979155092592592
1752375600000,5,0.3829232280540039,13.21005513662606,27442.936711258757,0.6032604080317552,3.0,0.6,0.05241745808737697,2.0,0.4,,,0.0,,,0.0,,,0.0,0.32187983313151897,0.28138057490023627,3.0,3.0,999.6666666666666,773.0,0.9831398175248444,0.3333333333333333,2.9684227258230865e-05,2.9645833209277154e+23,91004.79506269518,3,2025-07-13 00:00:00+00:00,1,13.02082175925926
1752379200000,3,0.1328787184819664,3.5787239361819863,7460.336766797381,0.008135104480615392,1.0,0.3333333333333333,0.19525052548264188,2.0,0.6666666666666666,,,0.0,,,0.0,,,0.0,0.008135104480615392,0.0,1.0,1.0,833.0,833.0,0.9126883367283708,0.0,2.5549772105223373e-05,3.025285949128351e+23,74411.7788432166,4,2025-07-13 00:00:00+00:00,1,13.062488425925926
1752382800000,4,0.9607591485674738,18.048494557432864,34608.38422588001,0.7231128200992595,3.0,0.75,1.6736981339721169,1.0,0.25,,,0.0,,,0.0,,,0.0,0.12802499837095016,0.5950878217283092,3.0,3.0,602.0,719.0,0.767345068044107,1.0,2.9076386567703924e-05,3.025295449645727e+23,72465.52083273271,5,2025-07-13 00:00:00+00:00,1,13.104155092592592
1752386400000,10,0.5127504540289917,27.46914562517031,55170.63786938524,0.27662576528475913,5.0,0.5,0.773226769562878,4.0,0.4,0.6514686356146092,1.0,0.1,,,0.0,,,0.0,0.09184103709925384,0.1847847281855053,5.0,5.0,959.0,946.0,0.9406479247049132,0.4,1.520201015968909e-05,3.0246857888814274e+23,175090.05540142514,6,2025-07-13 00:00:00+00:00,1,13.14582175925926
1752390000000,10,0.5973044142402227,28.762678042183627,55769.40921037855,0.5081495458661786,9.0,0.9,1.3996982296066207,1.0,0.1,,,0.0,,,0.0,,,0.0,0.24719011605149582,0.26095942981468273,9.0,9.0,585.8888888888889,504.0,0.7368629481112321,0.6666666666666666,2.372764773268045e-05,3.023180584705521e+23,114671.88802495266,7,2025-07-13 00:00:00+00:00,1,13.187488425925926
1752393600000,9,0.34717965838655324,17.927342246240915,35637.04308412776,0.645407339229802,3.0,0.3333333333333333,0.19806581796492886,6.0,0.6666666666666666,,,0.0,,,0.0,,,0.0,0.3744112932700241,0.2709960459597779,3.0,3.0,853.0,920.0,0.9171626299249848,0.3333333333333333,2.0210600345833696e-05,3.023941286233808e+23,94565.0562128387,8,2025-07-13 00:00:00+00:00,1,13.229155092592592
1752397200000,5,0.048113808309384505,4.849129329810075,10476.728961686971,,,0.0,0.07378808785707835,3.0,0.6,0.00960238898784372,2.0,0.4,,,0.0,,,0.0,,,,,,,,,2.205354295883418e-05,3.022262579520351e+23,68661.08189336798,9,2025-07-13 00:00:00+00:00,1,13.27082175925926
1752400800000,7,0.20668018710170233,10.576956240653985,21667.007360123047,0.07791788782352416,3.0,0.42857142857142855,,,0.0,0.1818870710159299,3.0,0.42857142857142855,0.667346433193554,1.0,0.14285714285714285,,,0.0,0.07820059613139907,-0.00028270830787491263,3.0,3.0,1769.6666666666667,1667.0,1.2934390944453178,0.0,1.5299656857668362e-05,3.0242049032502895e+23,71855.48015757368,10,2025-07-13 00:00:00+00:00,1,13.312488425925926
1752404400000,17,0.44649804693623807,36.201829637243826,69095.80785837526,0.4248689167349064,9.0,0.5294117647058824,0.5113617669081775,6.0,0.35294117647058826,0.3492379729264127,2.0,0.11764705882352941,,,0.0,,,0.0,0.1481653360190775,0.2767035807158289,9.0,9.0,1351.0,966.0,1.1016690935189968,0.2222222222222222,3.282238815442397e-05,3.0239779952224255e+23,158332.71771086977,11,2025-07-13 00:00:00+00:00,1,13.354155092592592
1752408000000,22,1.1297475982597835,100.86872375454192,177738.640582622,1.2822823326353423,9.0,0.4090909090909091,0.8927954842031233,11.0,0.5,1.298005391210948,1.0,0.045454545454545456,2.195150450551857,1.0,0.045454545454545456,,,0.0,0.2773935806329743,1.004888752002368,9.0,9.0,1034.0,791.0,0.9551718234947297,0.3333333333333333,4.367346636875742e-05,2.986506174899901e+23,557358.366118977,12,2025-07-13 00:00:00+00:00,1,13.39582175925926
1752411600000,56,0.8318541486653591,174.93918022287426,322490.07763302576,1.0179046548055244,27.0,0.48214285714285715,0.7884708032661657,20.0,0.35714285714285715,0.37011006446529304,9.0,0.16071428571428573,,,0.0,,,0.0,0.3449195179910979,0.6729851368144265,27.0,27.0,837.925925925926,652.0,0.8746700736102433,0.5925925925925926,6.715740185104506e-05,2.8621654914908105e+23,794476.5138851685,13,2025-07-13 00:00:00+00:00,1,13.437488425925926
1752415200000,104,0.9123229535093417,368.9543867007266,706355.4210996795,0.8774281603741293,52.0,0.5,0.9989346872606719,38.0,0.36538461538461536,0.8574100771574544,12.0,0.11538461538461539,0.5034418918609161,2.0,0.019230769230769232,,,0.0,0.4663864181364596,0.41104174223766965,52.0,52.0,1528.0961538461538,913.0,1.1061140958840385,0.2692307692307692,9.424042218334974e-05,2.692711494288064e+23,2213559.423487392,14,2025-07-13 00:00:00+00:00,1,13.479155092592592
1752418800000,56,0.6350615018406491,151.75699554508617,295182.630998093,0.6677258045219798,39.0,0.6964285714285714,0.5873585136089614,16.0,0.2857142857142857,0.12440150897575097,1.0,0.017857142857142856,,,0.0,,,0.0,0.35125310453347747,0.3164726999885023,39.0,39.0,1403.5641025641025,828.0,1.0552767996806294,0.4358974358974359,6.631901278755892e-05,2.829601833079689e+23,587082.3592744503,15,2025-07-13 00:00:00+00:00,1,13.52082175925926
1752422400000,37,0.6735677748696153,117.33452026214354,223152.92659198988,0.6419490129901704,23.0,0.6216216216216216,0.7644000674434488,9.0,0.24324324324324326,0.08141929938976655,4.0,0.10810810810810811,2.951902566851743,1.0,0.02702702702702703,,,0.0,0.28540230795061844,0.35654670503955194,23.0,23.0,1831.7391304347825,736.0,1.1064941184383357,0.5217391304347826,6.0801903602393846e-05,2.9590718109655492e+23,472662.18783400365,16,2025-07-13 00:00:00+00:00,1,13.562488425925926
1752426000000,36,0.5454167713834946,90.87468632392378,175064.0834354888,0.5746776410657098,24.0,0.6666666666666666,0.3505300184933775,7.0,0.19444444444444445,0.6778060509550253,5.0,0.1388888888888889,,,0.0,,,0.0,0.27647416979341394,0.29820347127229585,24.0,24.0,963.7083333333334,609.5,0.902608129357709,0.75,3.989635306451863e-05,3.0369907076108385e+23,343283.2821949905,17,2025-07-13 00:00:00+00:00,1,13.604155092592592
1752429600000,43,0.7344049820166854,127.1302914797308,242306.722832512,0.7751628379295118,35.0,0.813953488372093,0.6308094906909467,5.0,0.11627906976744186,0.43155581524327563,3.0,0.06976744186046512,,,0.0,,,0.0,0.4692102174714714,0.30595262045804034,35.0,35.0,1683.6571428571428,568.0,0.9337652188673813,0.6857142857142857,5.14090848776395e-05,2.9415287982356668e+23,376141.34476203966,18,2025-07-13 00:00:00+00:00,1,13.64582175925926
1752433200000,57,0.8281878974254773,216.34123473569204,388202.65216677205,0.4885886304240293,25.0,0.43859649122807015,0.6088649037959213,17.0,0.2982456140350877,0.6724649029752383,10.0,0.17543859649122806,3.5833283996736838,5.0,0.08771929824561403,,,0.0,0.167218782819205,0.32136984760482434,25.0,25.0,1152.24,639.0,0.912245735197778,0.6,5.0487551458158346e-05,2.9641645898308056e+23,1465828.3221106958,19,2025-07-13 00:00:00+00:00,1,13.687488425925926
1752436800000,34,0.446680152104242,88.45706579967113,177354.67460293788,0.5077337455651646,22.0,0.6470588235294118,0.28459944810433224,7.0,0.20588235294117646,0.24616774272540487,4.0,0.11764705882352941,1.0401156614786622,1.0,0.029411764705882353,,,0.0,0.24226075820603687,0.2654729873591277,22.0,22.0,1200.8636363636363,703.5,0.9457522584259763,0.5454545454545454,4.719628437448707e-05,3.020734123417741e+23,521286.2703375078,20,2025-07-13 00:00:00+00:00,1,13.729155092592592
1752440400000,37,0.6271688056964486,116.50605853115495,226738.02120742423,0.6898353940951526,18.0,0.4864864864864865,0.5447685029860962,13.0,0.35135135135135137,0.6177030297061002,6.0,0.16216216216216217,,,0.0,,,0.0,0.2614533994952786,0.42838199459987397,18.0,18.0,2991.0555555555557,638.5,1.1792014859686955,0.6111111111111112,5.848916943647656e-05,3.108713561451234e+23,752243.714529898,21,2025-07-13 00:00:00+00:00,1,13.77082175925926
1752444000000,47,0.7209417220190456,150.9600583855727,282619.5577400712,0.9163319053078983,29.0,0.6170212765957447,0.4602747573449331,12.0,0.2553191489361702,0.29788976547114937,6.0,0.1276595744680851,,,0.0,,,0.0,0.3356742222432362,0.5806576830646621,29.0,29.0,675.7241379310345,683.0,0.7977904318764091,0.6551724137931034,4.671166869894702e-05,3.1190049089864366e+23,586086.2389386534,22,2025-07-13 00:00:00+00:00,1,13.812488425925926
1752447600000,61,0.5879617278473717,163.67435837653457,315628.648764549,0.6638155484098115,37.0,0.6065573770491803,0.5087652474616887,13.0,0.21311475409836064,0.41639313761232966,10.0,0.16393442622950818,0.5266105144013976,1.0,0.01639344262295082,,,0.0,0.26590879606762247,0.397906752342189,37.0,37.0,753.3783783783783,735.0,0.8362662725224272,0.5405405405405406,6.432737263405012e-05,3.1534523102246054e+23,696038.241447588,23,2025-07-13 00:00:00+00:00,1,13.854155092592592
1752451200000,64,0.5529696420682401,168.645490436025,330722.2675688568,0.6472882542773494,40.0,0.625,0.39132673501553833,14.0,0.21875,0.40199526310558553,10.0,0.15625,,,0.0,,,0.0,0.31540455831597247,0.3318836959613769,40.0,40.0,1762.625,684.5,1.0263521378737999,0.6,7.410148992858712e-05,3.049397950820879e+23,699344.6728620697,0,2025-07-14 00:00:00+00:00,1,13.89582175925926
1752454800000,34,0.7214023746548394,114.18794885750087,217968.23233803886,0.7614333948565054,29.0,0.8529411764705882,0.38368330339859336,3.0,0.08823529411764706,0.6475311886150514,2.0,0.058823529411764705,,,0.0,,,0.0,0.25444217035088557,0.5069912245056197,29.0,29.0,1138.9655172413793,723.0,0.9461887074191829,0.5172413793103449,5.187009069804358e-05,3.113384594306763e+23,351843.0035691119,1,2025-07-14 00:00:00+00:00,1,13.937488425925926
1752458400000,86,0.8522438384860453,291.04536865622816,526363.8965061015,0.8270147553631942,47.0,0.5465116279069767,1.118918516135926,27.0,0.313953488372093,0.14967043148639714,10.0,0.11627906976744186,1.3578861785978935,2.0,0.023255813953488372,,,0.0,0.41195082976921055,0.41506392559398364,47.0,47.0,1379.5531914893618,724.0,1.0166378814419486,0.5531914893617021,8.308891550213934e-05,2.7965879617783606e+23,1177856.2916573551,2,2025-07-14 00:00:00+00:00,1,13.979155092592592
1752462000000,76,1.1541725965734795,302.989999558967,607729.1033905318,1.101731376079278,40.0,0.5263157894736842,1.1093298400024982,27.0,0.35526315789473684,1.2398595279482272,8.0,0.10526315789473684,3.7770803927600394,1.0,0.013157894736842105,,,0.0,0.49475189176609746,0.6069794843131804,40.0,40.0,938.9,717.5,0.8911842416911618,0.525,0.00013434005730541553,2.1650637805454904e+23,1568186.5565585773,3,2025-07-14 00:00:00+00:00,1,14.02082175925926
1752465600000,79,0.9190593839148844,215.9374284657438,392217.3949076542,0.8937784541752589,44.0,0.5569620253164557,0.9385871258950016,22.0,0.27848101265822783,0.8693990349219701,6.0,0.0759493670886076,1.0591611951918025,7.0,0.08860759493670886,,,0.0,0.41218580071253524,0.48159265346272373,44.0,44.0,1383.590909090909,849.5,1.0728256658065047,0.4090909090909091,6.847576810286751e-05,2.0890855527743175e+23,880940.327566383,4,2025-07-14 00:00:00+00:00,1,14.062488425925926
1752469200000,138,1.1893462545804216,422.04933232486286,753729.2055623496,1.1808039314664893,64.0,0.463768115942029,1.4325147087465737,46.0,0.3333333333333333,0.4942586290803359,21.0,0.15217391304347827,1.7547462436019183,7.0,0.050724637681159424,,,0.0,0.3230300804772006,0.8577738509892886,64.0,64.0,1086.296875,780.0,0.9571908468414307,0.484375,0.00011753870699917252,1.7693694266567208e+23,1894702.336227798,5,2025-07-14 00:00:00+00:00,1,14.104155092592592
1752472800000,44,0.8177750225514452,118.68898687151784,209700.31385756718,0.6616690223168654,19.0,0.4318181818181818,1.1943181985937288,15.0,0.3409090909090909,0.13769445083350135,9.0,0.20454545454545456,4.2563665318357025,1.0,0.022727272727272728,,,0.0,0.6924838057302218,-0.03081478341335647,19.0,19.0,1425.7894736842106,541.0,0.967499804874439,0.631578947368421,6.508415051338503e-05,2.1419017107463015e+23,603537.4757045428,6,2025-07-14 00:00:00+00:00,1,14.14582175925926
1752476400000,107,1.0552703496840126,364.62399116770246,603183.1467236327,1.0387500217862757,61.0,0.5700934579439252,1.3148902285362587,27.0,0.2523364485981308,0.3217536544657855,16.0,0.14953271028037382,2.966693815098328,3.0,0.028037383177570093,,,0.0,0.3527498436495017,0.6860001781367738,61.0,61.0,1041.5081967213114,682.0,0.9160611577708222,0.5573770491803278,0.0001001370721290142,2.221528093786852e+23,1474590.3699373184,7,2025-07-14 00:00:00+00:00,1,14.187488425925926
1752480000000,47,0.8111689250511209,116.3745281418746,209045.92996068223,1.0289234950473032,19.0,0.40425531914893614,0.6028163930081568,19.0,0.40425531914893614,0.21150601809114422,8.0,0.1702127659574468,5.429833459619786,1.0,0.02127659574468085,,,0.0,0.35447148888949703,0.6744520061578061,19.0,19.0,1375.8947368421052,721.0,1.0339545809246684,0.5263157894736842,5.197026487864016e-05,2.262376760837897e+23,462297.9389389873,8,2025-07-14 00:00:00+00:00,1,14.229155092592592
1752483600000,56,0.5660940365284485,135.88048015459367,269420.4978456463,0.6572144761352978,31.0,0.5535714285714286,0.5057311586174245,16.0,0.2857142857142857,0.257082410430186,8.0,0.14285714285714285,1.1792594640786014,1.0,0.017857142857142856,,,0.0,0.27790388574927805,0.3793105903860197,31.0,31.0,1360.741935483871,729.0,1.0407359184751765,0.5161290322580645,7.013340521724207e-05,2.3831694019860078e+23,618703.6935646627,9,2025-07-14 00:00:00+00:00,1,14.27082175925926
1752487200000,27,0.6144412616710704,65.06744593670231,130013.06802251462,0.6159088706956433,16.0,0.5925925925925926,0.8178549107210097,8.0,0.2962962962962963,0.06417761607350995,3.0,0.1111111111111111,,,0.0,,,0.0,0.23160219748242106,0.3843066732132222,16.0,16.0,815.625,832.0,0.8957399189430721,0.375,4.4506763815178055e-05,2.531255695532292e+23,378155.9961402926,10,2025-07-14 00:00:00+00:00,1,14.312488425925926
1752490800000,58,0.686277697429817,146.8811996458097,280296.8035166686,0.742075204327215,39.0,0.6724137931034483,0.6153316779608389,17.0,0.29310344827586204,0.20126747841687098,2.0,0.034482758620689655,,,0.0,,,0.0,0.2993817519055624,0.4426934524216526,39.0,39.0,1590.4358974358975,750.0,1.0638784360871127,0.5128205128205128,6.435606861309302e-05,2.5063696084077674e+23,554086.5831948136,11,2025-07-14 00:00:00+00:00,1,14.354155092592592
1752494400000,40,0.6796422464558959,99.36768042637145,189266.6088483991,0.7095211006953175,24.0,0.6,0.7592182008608014,12.0,0.3,0.26164125780465003,4.0,0.1,,,0.0,,,0.0,0.2164927467029016,0.4930283539924159,24.0,24.0,1313.5833333333333,577.5,1.0360600424310027,0.5833333333333334,6.363243086023608e-05,2.5016097499043405e+23,455292.5703955843,12,2025-07-14 00:00:00+00:00,1,14.39582175925926
1752498000000,117,0.7364144548478043,305.9579681182613,602297.3911777232,0.7860578936703467,64.0,0.5470085470085471,0.9250001471458645,28.0,0.23931623931623933,0.29812071335238927,22.0,0.18803418803418803,1.1313754028180512,3.0,0.02564102564102564,,,0.0,0.23786659644516125,0.5481912972251854,64.0,64.0,1223.953125,822.5,0.9845689184663771,0.46875,9.94794687971739e-05,2.4907687001070366e+23,2464158.7154493146,13,2025-07-14 00:00:00+00:00,1,14.437488425925926
1752501600000,159,0.8254369180720934,446.23236574708983,842381.350579166,0.7816733012640598,98.0,0.6163522012578616,1.0251911595200829,46.0,0.2893081761006289,0.5081372629673623,14.0,0.0880503144654088,0.36777143011812885,1.0,0.006289308176100629,,,0.0,0.2734465854316885,0.5082267158323712,98.0,98.0,805.7551020408164,707.5,0.8585228649934766,0.5408163265306123,0.00013155350229473228,2.542451535334191e+23,1763929.9642363193,14,2025-07-14 00:00:00+00:00,1,14.479155092592592
1752505200000,104,0.7664072439299436,290.0804438218749,560555.8361426315,0.8936293961065254,67.0,0.6442307692307693,0.5577804205940716,30.0,0.28846153846153844,0.3795253702680159,6.0,0.057692307692307696,0.8226189901466884,1.0,0.009615384615384616,,,0.0,0.3262602508213327,0.5673691452851927,67.0,67.0,914.0149253731344,741.0,0.9077981468699821,0.5074626865671642,0.00010675645069734139,2.4611505737371235e+23,1256796.412383199,15,2025-07-14 00:00:00+00:00,1,14.52082175925926
1752508800000,114,0.7584226779418048,301.03156372182417,569035.2194657825,0.8414935594588989,76.0,0.6666666666666666,0.503892434335014,26.0,0.22807017543859648,0.3170052363717332,7.0,0.06140350877192982,1.437286963835387,5.0,0.043859649122807015,,,0.0,0.27966113328845893,0.5618324261704399,76.0,76.0,837.8552631578947,681.0,0.8647718862921888,0.5921052631578947,9.687207649499773e-05,2.395160986084039e+23,1307128.5290585589,16,2025-07-14 00:00:00+00:00,1,14.562488425925926
1752512400000,62,0.7749371080257689,173.32871815530635,331881.57575547724,0.8747324185619441,36.0,0.5806451612903226,0.5284233126468635,18.0,0.2903225806451613,0.7154258419023218,6.0,0.0967741935483871,1.3757794751551078,2.0,0.03225806451612903,,,0.0,0.3636473315744429,0.5110850869875012,36.0,36.0,1090.75,736.5,0.9622974367062471,0.5,7.32885589593737e-05,2.5126729121226276e+23,680356.2935776345,17,2025-07-14 00:00:00+00:00,1,14.604155092592592
1752516000000,58,0.6624439417233771,129.14759178793506,246676.85074422235,0.7945867172882272,35.0,0.603448275862069,0.5112611763490236,18.0,0.3103448275862069,0.28170246811709976,5.0,0.08620689655172414,,,0.0,,,0.0,0.12206704903046212,0.672519668257765,35.0,35.0,2866.6,816.0,1.2924596867725218,0.42857142857142855,6.256116274771796e-05,2.4208707240259846e+23,542282.5907185798,18,2025-07-14 00:00:00+00:00,1,14.64582175925926
1752519600000,89,0.6028002388234904,197.60986136590242,383774.9022011658,0.6796054650191478,57.0,0.6404494382022472,0.57501288189798,24.0,0.2696629213483146,0.13892507295596312,8.0,0.0898876404494382,,,0.0,,,0.0,0.18976887443398913,0.4898365905851586,57.0,57.0,953.7719298245614,694.0,0.9152902722279697,0.5614035087719298,7.921636130573035e-05,2.4499187130024096e+23,650341.31523053,19,2025-07-14 00:00:00+00:00,1,14.687488425925926
1752523200000,71,0.6301295926285738,156.69999819909341,297879.6306921076,0.7806126056625913,42.0,0.5915492957746479,0.46409977607126274,20.0,0.28169014084507044,0.296830679708295,9.0,0.1267605633802817,,,0.0,,,0.0,0.2966331460413406,0.48397945962125055,42.0,42.0,1632.7142857142858,685.0,1.0514355743321333,0.5714285714285714,7.631898116526852e-05,2.5103310167196208e+23,691629.7849895769,20,2025-07-14 00:00:00+00:00,1,14.729155092592592
1752526800000,47,0.6270124718998593,118.33723997417556,229444.27985121027,0.6674066666770327,28.0,0.5957446808510638,0.6217792997651347,14.0,0.2978723404255319,0.41545786312491717,5.0,0.10638297872340426,,,0.0,,,0.0,0.27290534459537824,0.3945013220816545,28.0,28.0,1420.9642857142858,730.0,0.9725875347202539,0.5357142857142857,4.7493879068142505e-05,2.538514464989049e+23,956428.6320511433,21,2025-07-14 00:00:00+00:00,1,14.77082175925926
1752530400000,30,0.6631838283330478,79.35185788190375,155826.15373776035,0.7558248359480041,18.0,0.6,0.507126281683039,11.0,0.36666666666666664,0.712278704413931,1.0,0.03333333333333333,,,0.0,,,0.0,0.2603314726051841,0.49549336334281996,18.0,18.0,722.3888888888889,684.5,0.8099792585046268,0.6111111111111112,6.055317711732694e-05,2.5489276177338035e+23,296625.3172291317,22,2025-07-14 00:00:00+00:00,1,14.812488425925926
1752534000000,28,0.41186458452057106,58.95652963882209,118220.84123475612,0.4884944529824674,16.0,0.5714285714285714,0.4478456797781015,8.0,0.2857142857142857,0.033382920157924885,4.0,0.14285714285714285,,,0.0,,,0.0,0.27294831377714257,0.21554613920532484,16.0,16.0,2931.1875,940.5,1.298626773116835,0.375,3.725952065724158e-05,2.6387268152629293e+23,287603.7507649262,23,2025-07-14 00:00:00+00:00,1,14.854155092592592
1752537600000,68,0.6245891005768051,176.84117546864292,332185.93057836255,0.6214561313913313,39.0,0.5735294117647058,0.6966939798290371,25.0,0.36764705882352944,0.20448005480872433,4.0,0.058823529411764705,,,0.0,,,0.0,0.16861931860398888,0.45283681278734234,39.0,39.0,1412.871794871795,743.0,1.025417356033989,0.5384615384615384,6.194553402618192e-05,2.694822926073943e+23,738603.3317649754,0,2025-07-15 00:00:00+00:00,1,14.89582175925926
1752541200000,132,0.6982198330792143,345.8689373920359,668692.9001100522,0.7478620133316468,76.0,0.5757575757575758,0.7747835682582617,41.0,0.3106060606060606,0.23742524364415954,15.0,0.11363636363636363,,,0.0,,,0.0,0.2292293619517131,0.5186326513799338,76.0,76.0,881.4078947368421,746.0,0.8760937529896788,0.5131578947368421,0.00010769088521636543,2.3486518506273302e+23,1174919.2632992733,1,2025-07-15 00:00:00+00:00,1,14.937488425925926
1752544800000,124,1.0545283843023838,410.82077663813544,719192.4222250155,0.892668618655108,76.0,0.6129032258064516,1.2027472600915865,30.0,0.24193548387096775,0.4259647601621991,13.0,0.10483870967741936,4.259748990170236,5.0,0.04032258064516129,,,0.0,0.23033307082800933,0.6623355478270988,76.0,76.0,1252.3026315789473,831.5,1.0387812217709849,0.34210526315789475,0.00011802183898156425,2.1146845764091195e+23,1474520.6943544871,2,2025-07-15 00:00:00+00:00,1,14.979155092592592
1752548400000,170,0.8482622760907444,421.50359616642675,791674.8908569423,0.9076648660946303,93.0,0.5470588235294118,0.9226883385532503,56.0,0.32941176470588235,0.38672416331637766,21.0,0.12352941176470589,,,0.0,,,0.0,0.29229373996050606,0.6153711261341243,93.0,93.0,944.5268817204301,713.0,0.9082399593073822,0.5591397849462365,0.00013360030335922145,2.142109076107903e+23,1935347.1255729122,3,2025-07-15 00:00:00+00:00,1,15.02082175925926
1752552000000,104,0.9022083878086021,277.30221942376465,511192.3226451478,0.904584620783689,59.0,0.5673076923076923,0.9380431795650703,36.0,0.34615384615384615,0.5713670537348158,8.0,0.07692307692307693,2.1186888116359093,1.0,0.009615384615384616,,,0.0,0.41607085692207063,0.4885137638616182,59.0,59.0,1186.3898305084747,696.0,0.951932322727401,0.5932203389830508,0.00010207825135196369,2.221033509153176e+23,1126861.6962193127,4,2025-07-15 00:00:00+00:00,1,15.062488425925926
1752555600000,87,0.8601447524994728,221.89353298851597,409979.90764217265,0.9337871628451518,58.0,0.6666666666666666,0.8196620102554409,22.0,0.25287356321839083,0.3402964499114449,6.0,0.06896551724137931,0.5985950973469477,1.0,0.011494252873563218,,,0.0,0.3150371717133594,0.6187499911317924,58.0,58.0,3207.293103448276,761.5,1.3962933513779399,0.5,8.403090504931148e-05,2.2305442548626777e+23,661123.2543504392,5,2025-07-15 00:00:00+00:00,1,15.104155092592592
1752559200000,100,0.6267407190039864,214.9565463428131,421328.9819719326,0.7147967145393112,61.0,0.61,0.5340759121863704,33.0,0.33,0.24116120189173815,6.0,0.06,,,0.0,,,0.0,0.28734400944287514,0.427452705096436,61.0,61.0,1480.9180327868853,722.0,0.9844435835291577,0.5409836065573771,7.4939563816191e-05,2.2371133809077336e+23,817459.4173980146,6,2025-07-15 00:00:00+00:00,1,15.14582175925926
1752562800000,84,0.5968636592042594,174.39602926099911,339818.3487939541,0.6439820201098623,45.0,0.5357142857142857,0.5923385189627268,24.0,0.2857142857142857,0.521378794739462,13.0,0.15476190476190477,0.08165384074776838,2.0,0.023809523809523808,,,0.0,0.24774237825603102,0.3962396418538313,45.0,45.0,792.6444444444444,712.0,0.8512611284724078,0.5777777777777777,8.289577391848992e-05,2.238482194980176e+23,741374.1752890106,7,2025-07-15 00:00:00+00:00,1,15.187488425925926
1752566400000,65,0.5102862906125905,108.87097834880188,208279.47084543417,0.5960841998170926,28.0,0.4307692307692308,0.4787345700098192,26.0,0.4,0.366468406789499,11.0,0.16923076923076924,,,0.0,,,0.0,0.266047673621916,0.33003652619517654,28.0,28.0,1435.9285714285713,633.5,0.982423662772374,0.6785714285714286,7.400790183564102e-05,2.227443462193327e+23,477760.3304485496,8,2025-07-15 00:00:00+00:00,1,15.229155092592592
1752570000000,36,0.8191223304097773,88.18348272793966,164304.23171903339,0.9916330436633152,21.0,0.5833333333333334,0.7334129931390088,10.0,0.2777777777777778,0.21715848341125488,4.0,0.1111111111111111,0.46134611278725746,1.0,0.027777777777777776,,,0.0,0.3567245689272497,0.6349084747360655,21.0,21.0,706.952380952381,642.0,0.818826936019312,0.6190476190476191,5.314475130461948e-05,2.241794081967192e+23,323951.0842816461,9,2025-07-15 00:00:00+00:00,1,15.27082175925926
1752573600000,25,0.40712262255951254,47.135035698651,94415.87580770932,0.2720438068312724,12.0,0.48,0.48617724831039016,6.0,0.24,0.6380822648388617,6.0,0.24,0.16798280311703262,1.0,0.04,,,0.0,0.2023029234154101,0.0697408834158623,12.0,12.0,2098.25,906.0,1.216237737793126,0.3333333333333333,3.1863049839335536e-05,2.3924962638257245e+23,234633.87753012934,10,2025-07-15 00:00:00+00:00,1,15.312488425925926
1752577200000,66,0.654577417393331,149.1895543255841,284634.6141881898,0.8209240803186044,27.0,0.4090909090909091,0.5466748909993145,25.0,0.3787878787878788,0.3927042910081323,10.0,0.15151515151515152,0.8608110485733332,4.0,0.06060606060606061,,,0.0,0.4002972444025212,0.42062683591608335,27.0,27.0,1802.5185185185185,697.0,1.066657372991322,0.5925925925925926,5.907812169086787e-05,2.4149508179610323e+23,693084.4964946713,11,2025-07-15 00:00:00+00:00,1,15.354155092592592
1752580800000,81,0.6815664772101473,199.1569558640905,393314.561378382,0.8383383886377984,39.0,0.48148148148148145,0.5658475263046943,33.0,0.4074074074074074,0.4265243476769863,9.0,0.1111111111111111,,,0.0,,,0.0,0.3543187196140125,0.4840196690237858,39.0,39.0,1067.8974358974358,807.0,0.9483708545367673,0.4358974358974359,9.56748935411952e-05,2.4785694145068648e+23,1267710.5375501527,12,2025-07-15 00:00:00+00:00,1,15.39582175925926
1752584400000,156,0.8236621506320169,440.47773582164376,823138.5583462073,0.8132155944746071,76.0,0.48717948717948717,0.8923599487339938,56.0,0.358974358974359,0.6473339070220319,21.0,0.1346153846153846,1.0402470473193877,3.0,0.019230769230769232,,,0.0,0.21606098833084003,0.597154606143767,76.0,76.0,890.2368421052631,745.5,0.8909949206119158,0.5131578947368421,0.00016228242904509123,2.4042404901940272e+23,2377225.545685959,13,2025-07-15 00:00:00+00:00,1,15.437488425925926
1752588000000,148,0.9096642247048334,486.82632296604334,890392.4414910155,1.0473653330601242,83.0,0.5608108108108109,0.8965308843829625,41.0,0.27702702702702703,0.34420823264063066,22.0,0.14864864864864866,1.6843176172648455,2.0,0.013513513513513514,,,0.0,0.30974981508351146,0.7376155179766127,83.0,83.0,817.0963855421687,690.0,0.8481191218800591,0.5783132530120482,0.00014568891197116337,2.3984159856770256e+23,2168147.5774568454,14,2025-07-15 00:00:00+00:00,1,15.479155092592592
1752591600000,110,1.076232912570009,463.0557485244652,707555.3468917531,0.7928000551595294,57.0,0.5181818181818182,1.7172472166483077,39.0,0.35454545454545455,0.4445268420945578,14.0,0.12727272727272726,,,0.0,,,0.0,0.23019112533176536,0.562608929827764,57.0,57.0,919.578947368421,700.0,0.8640964110785833,0.6491228070175439,0.0001059368697826105,2.4041795003947973e+23,1933119.4200493963,15,2025-07-15 00:00:00+00:00,1,15.52082175925926
1752595200000,151,0.7134166435925492,380.3417320959249,783160.3711159077,0.7812888937275172,76.0,0.5033112582781457,0.7019248200114775,55.0,0.36423841059602646,0.48710460792761745,20.0,0.13245033112582782,,,0.0,,,0.0,0.3582930004879072,0.42299589323961007,76.0,76.0,948.9342105263158,702.5,0.9042665813962071,0.5789473684210527,0.00011741535451045132,2.4447038095504935e+23,1646555.8279647583,16,2025-07-15 00:00:00+00:00,1,15.562488425925926
1752598800000,67,0.6701116939149868,165.39945939454827,321800.7813131325,0.7192507092500514,43.0,0.6417910447761194,0.6859368286344552,16.0,0.23880597014925373,0.3522642970140384,6.0,0.08955223880597014,0.44056397715819695,2.0,0.029850746268656716,,,0.0,0.14500075765808768,0.5742499515919637,43.0,43.0,1164.6279069767443,733.0,0.9923790320897121,0.5116279069767442,7.783807095812841e-05,2.4624906276143475e+23,741737.3475439409,17,2025-07-15 00:00:00+00:00,1,15.604155092592592
1752602400000,120,0.7978601923504198,338.91837427998627,633903.6141208268,0.7981130448451703,61.0,0.5083333333333333,0.9890326420411872,42.0,0.35,0.2321966845563227,15.0,0.125,1.0180030562101416,2.0,0.016666666666666666,,,0.0,0.2449956200171996,0.5531174248279708,61.0,61.0,1091.9180327868853,702.0,0.9382787086941805,0.5901639344262295,0.00012792263550870017,2.4241147471824788e+23,1614280.4685325273,18,2025-07-15 00:00:00+00:00,1,15.64582175925926
1752606000000,103,0.7817918186281189,287.82469128367177,541191.2100914686,0.8814643012315796,60.0,0.5825242718446602,0.7620652948555507,27.0,0.2621359223300971,0.19027045114663266,14.0,0.13592233009708737,2.1985749838243684,2.0,0.019417475728155338,,,0.0,0.4233865007958792,0.4580778004357004,60.0,60.0,909.5,714.0,0.8746917005111519,0.5666666666666667,9.355835128892148e-05,2.430281874018754e+23,1106149.8554413295,19,2025-07-15 00:00:00+00:00,1,15.687488425925926
1752609600000,70,0.7631794714775149,197.30406671386325,377463.51472724695,0.8155148334353888,43.0,0.6142857142857143,0.7417686423570645,24.0,0.34285714285714286,0.1843259163782591,3.0,0.04285714285714286,,,0.0,,,0.0,0.2503831504885485,0.5651316829468402,43.0,43.0,1234.7209302325582,738.0,0.9926027788936771,0.5348837209302325,9.26469981929295e-05,2.4413675522867924e+23,712259.2439716948,20,2025-07-15 00:00:00+00:00,1,15.729155092592592
1752613200000,66,0.7109423963805445,155.397380681032,292806.57118172845,0.770191300925129,45.0,0.6818181818181818,0.6664855263108579,18.0,0.2727272727272727,0.08895004862989579,3.0,0.045454545454545456,,,0.0,,,0.0,0.18573601191896205,0.584455289006167,45.0,45.0,2788.711111111111,772.0,1.2693729365210777,0.4888888888888889,6.107652082189975e-05,2.4409320862991545e+23,629670.8770400981,21,2025-07-15 00:00:00+00:00,1,15.77082175925926
1752616800000,64,0.6934658446777981,155.35267652414993,295049.899465033,0.7178700800324943,40.0,0.625,0.67895696101322,18.0,0.28125,0.36236992482175256,4.0,0.0625,0.9981529302771674,2.0,0.03125,,,0.0,0.18074160667664196,0.5371284733558523,40.0,40.0,4341.7,1023.0,1.6676766290802427,0.325,5.991992728414933e-05,2.429492106897938e+23,660805.324077224,22,2025-07-15 00:00:00+00:00,1,15.812488425925926
1752620400000,49,0.5421957237112647,107.11137776562254,207186.4767925363,0.5294717710490024,28.0,0.5714285714285714,0.5319836513921329,14.0,0.2857142857142857,0.13755158729441616,6.0,0.12244897959183673,3.469300229223542,1.0,0.02040816326530612,,,0.0,0.19001814657197927,0.33945362447702315,28.0,28.0,1268.892857142857,781.5,0.9974077238122906,0.4642857142857143,4.7588526316405306e-05,2.3802624766330075e+23,615672.9471326398,23,2025-07-15 00:00:00+00:00,1,15.854155092592592
1752624000000,68,0.6778746235689392,158.57042234213034,288597.98359262943,0.6997249920336788,39.0,0.5735294117647058,0.6098876453614727,18.0,0.2647058823529412,0.4466497766864074,10.0,0.14705882352941177,3.361724330003817,1.0,0.014705882352941176,,,0.0,0.21887492375079526,0.48085006828288357,39.0,39.0,1347.7435897435898,836.0,1.0339365319045466,0.38461538461538464,5.882952780283601e-05,2.3868092918143222e+23,503997.6367825052,0,2025-07-16 00:00:00+00:00,1,15.89582175925926
1752627600000,44,0.46143824059413063,81.02489458208355,160040.1099100122,0.6023241118365361,26.0,0.5909090909090909,0.2660163476733492,11.0,0.25,0.23760051361695408,6.0,0.13636363636363635,0.291072772283245,1.0,0.022727272727272728,,,0.0,0.11588256248192313,0.4864415493546129,26.0,26.0,1389.6923076923076,840.0,1.0611400786281193,0.4230769230769231,5.9521016564281185e-05,2.3769725635392896e+23,375985.8740568356,1,2025-07-16 00:00:00+00:00,1,15.937488425925926
1752631200000,58,0.4351602266929997,115.74114097288147,233992.60224814113,0.5163307276274178,39.0,0.6724137931034483,0.2828285225348103,11.0,0.1896551724137931,0.14434282525177963,7.0,0.1206896551724138,0.9808812460793169,1.0,0.017241379310344827,,,0.0,0.17127798276480935,0.34505274486260845,39.0,39.0,1430.1025641025642,835.0,1.0366868644887366,0.38461538461538464,6.655323822861599e-05,2.4400061482718865e+23,511151.74464592827,2,2025-07-16 00:00:00+00:00,1,15.979155092592592
1752634800000,44,0.4721607060576049,80.00484363692942,155324.63657088164,0.6206850167412447,25.0,0.5681818181818182,0.2925888934329811,15.0,0.3409090909090909,0.2172780616271951,4.0,0.09090909090909091,,,0.0,,,0.0,0.24520821772695978,0.3754767990142849,25.0,25.0,2161.92,795.0,1.231188607695337,0.48,4.715488266670969e-05,2.4534903912861792e+23,301338.80622994347,3,2025-07-16 00:00:00+00:00,1,16.02082175925926
1752638400000,30,0.545282651010693,60.10211090802622,118068.05742991861,0.5787701924030485,20.0,0.6666666666666666,0.5622931083273984,8.0,0.26666666666666666,0.14236540782031504,2.0,0.06666666666666667,,,0.0,,,0.0,0.2713389743860305,0.307431218017018,20.0,20.0,1337.3,702.0,1.026546617205644,0.55,4.384970291845442e-05,2.4339556127391197e+23,326417.4939955049,4,2025-07-16 00:00:00+00:00,1,16.062488425925928
1752642000000,40,0.7257121039902547,96.12655833156904,182024.66880514947,0.6735287626672697,28.0,0.7,0.8962733735484774,10.0,0.25,0.6034725347209323,2.0,0.05,,,0.0,,,0.0,0.2101329166329542,0.4633958460343154,28.0,28.0,1535.107142857143,688.0,1.031043016836142,0.6071428571428571,4.798024136386576e-05,2.380640302181062e+23,360722.6783374195,5,2025-07-16 00:00:00+00:00,1,16.104155092592592
1752645600000,27,0.37007318274605056,45.022406127127915,90316.68469397677,0.4464908680965789,16.0,0.5925925925925926,0.2755660026337913,10.0,0.37037037037037035,0.09246201826019085,1.0,0.037037037037037035,,,0.0,,,0.0,0.15050251441835627,0.2959883536782226,16.0,16.0,946.125,469.5,0.8518144975753356,0.5625,4.1704907478514005e-05,2.377478448022481e+23,190689.48513438355,6,2025-07-16 00:00:00+00:00,1,16.14582175925926
1752649200000,19,0.8084853248587925,48.08677778994317,89927.7404906931,0.8143193728849019,12.0,0.631578947368421,0.8178038973311086,4.0,0.21052631578947367,0.7727243694579341,3.0,0.15789473684210525,,,0.0,,,0.0,0.28146553359772514,0.5328538392871766,12.0,12.0,1116.1666666666667,852.0,0.9931279652973309,0.3333333333333333,3.492676070276386e-05,2.3773336319518404e+23,215972.90666096506,7,2025-07-16 00:00:00+00:00,1,16.187488425925928
1752652800000,36,0.7571194065621067,95.91963454092308,174759.9676519162,0.8272883800864482,20.0,0.5555555555555556,0.3641065325186568,9.0,0.25,0.38189196958897353,6.0,0.16666666666666666,5.142220424305126,1.0,0.027777777777777776,,,0.0,0.2532316403096079,0.5740567397768404,20.0,20.0,3202.2,717.0,1.2777597041327313,0.55,5.365091743231716e-05,2.367076660918527e+23,346952.2834158854,8,2025-07-16 00:00:00+00:00,1,16.229155092592592
1752656400000,60,0.6649767700059915,149.36910215233942,288554.675127521,0.5991955233623096,42.0,0.7,0.5891555008187724,11.0,0.18333333333333332,1.6360368019513505,5.0,0.08333333333333333,0.03574985018961908,2.0,0.03333333333333333,,,0.0,0.26270282872154904,0.33649269464076065,42.0,42.0,1746.5238095238096,784.0,0.9828826060320046,0.47619047619047616,6.71187898183337e-05,2.337540359910755e+23,514425.29578010965,9,2025-07-16 00:00:00+00:00,1,16.27082175925926
1752660000000,38,0.7136319087698982,85.79862655549574,163365.8808844032,0.761971557579885,30.0,0.7894736842105263,0.730084330995607,3.0,0.07894736842105263,0.3178876286885667,4.0,0.10526315789473684,0.7970622981184937,1.0,0.02631578947368421,,,0.0,0.35793791859007207,0.40403363898981287,30.0,30.0,2771.0,732.0,1.2675944340967518,0.5333333333333333,4.68937241443423e-05,2.2841420242854937e+23,286194.5162762791,10,2025-07-16 00:00:00+00:00,1,16.312488425925928
1752663600000,14,0.49420565131170885,24.744756937328127,48607.76263518959,0.550967453496401,7.0,0.5,0.4532927666355312,5.0,0.35714285714285715,0.11411952713980422,1.0,0.07142857142857142,0.681523583571657,1.0,0.07142857142857142,,,0.0,0.21081844780216624,0.3401490056942347,7.0,7.0,1641.142857142857,812.0,1.1190393032040464,0.2857142857142857,4.004105604157006e-05,2.145829355140105e+23,142308.93709092133,11,2025-07-16 00:00:00+00:00,1,16.354155092592592
1752667200000,50,0.944610404068995,139.7380544807791,242359.57479027586,0.7728844763064834,25.0,0.5,1.0351723657838925,19.0,0.38,0.43807826782649595,5.0,0.1,6.049742006761232,1.0,0.02,,,0.0,0.21626242857409206,0.5566220477323913,25.0,25.0,1091.64,681.0,0.9706131247195989,0.6,6.188864926485188e-05,2.1427445712730308e+23,602445.8263600148,12,2025-07-16 00:00:00+00:00,1,16.39582175925926
1752670800000,106,0.5404338281900383,191.1310779305637,374296.63815039454,0.5942360194123109,64.0,0.6037735849056604,0.4790349041774118,27.0,0.25471698113207547,0.39808248580028327,14.0,0.1320754716981132,0.7477833317620685,1.0,0.009433962264150943,,,0.0,0.2129984258821731,0.3812375935301378,64.0,64.0,922.46875,772.0,0.9052161055711073,0.484375,0.00010072470162387503,2.1530308654046562e+23,780468.400639307,13,2025-07-16 00:00:00+00:00,1,16.437488425925928
1752674400000,130,0.77985559584668,299.0357702100266,554056.0121182848,0.8170960869825437,66.0,0.5076923076923077,0.7778007934301359,48.0,0.36923076923076925,0.6324029771608746,16.0,0.12307692307692308,,,0.0,,,0.0,0.269575057964481,0.5475210290180627,66.0,66.0,860.0,659.0,0.8517948240258343,0.6212121212121212,0.00011326549895660374,2.159995982664793e+23,1478583.3549215628,14,2025-07-16 00:00:00+00:00,1,16.479155092592592
1752678000000,216,1.024706727191561,717.509434445023,1294059.126402213,0.9388208436648287,122.0,0.5648148148148148,1.070057168102832,67.0,0.3101851851851852,0.523297238437752,20.0,0.09259259259259259,3.520105016374759,7.0,0.032407407407407406,,,0.0,0.2828483130061576,0.655972530658671,122.0,122.0,1002.1065573770492,718.0,0.901770133974851,0.5409836065573771,0.00014849450751953464,2.192459650869277e+23,3593528.246473273,15,2025-07-16 00:00:00+00:00,1,16.52082175925926
1752681600000,110,0.80874178512539,276.11155769250047,522832.72017548274,0.825550568590713,69.0,0.6272727272727273,0.8830798245050743,31.0,0.2818181818181818,0.3639870794334557,9.0,0.08181818181818182,1.3472488564753071,1.0,0.00909090909090909,,,0.0,0.16316349662933619,0.6623870719613767,69.0,69.0,1288.5797101449275,879.0,1.050789783687533,0.3333333333333333,9.398638562380342e-05,2.197667217536076e+23,895606.6884801973,16,2025-07-16 00:00:00+00:00,1,16.562488425925928
1752685200000,71,0.7125106223589046,170.05485996160138,325328.6479668147,0.7450956814096752,37.0,0.5211267605633803,0.8289276014377864,27.0,0.38028169014084506,0.09510273521825603,6.0,0.08450704225352113,0.06805232519447191,1.0,0.014084507042253521,,,0.0,0.2624936863950895,0.48260199501458567,37.0,37.0,1567.081081081081,780.0,1.084710508016918,0.4864864864864865,8.020837972573081e-05,2.318001259788175e+23,633788.6682485284,17,2025-07-16 00:00:00+00:00,1,16.604155092592592
1752688800000,100,0.7854835220483624,260.2996893768817,485802.6785987196,0.8032027174651931,62.0,0.62,0.8815753648447108,31.0,0.31,0.17991550425330358,6.0,0.06,0.3414543862884133,1.0,0.01,,,0.0,0.2588723591501777,0.5443303583150153,62.0,62.0,1019.483870967742,749.5,0.9506086104582382,0.5,9.567195399050137e-05,2.3798959465609477e+23,942075.6102516182,18,2025-07-16 00:00:00+00:00,1,16.64582175925926
1752692400000,63,0.9263415213799902,174.45947655827175,321545.23889420496,1.0168071321493657,38.0,0.6031746031746031,0.8720559920137007,22.0,0.3492063492063492,0.1785376669873557,3.0,0.047619047619047616,,,0.0,,,0.0,0.2981227487519947,0.7186843833973711,38.0,38.0,1040.6842105263158,797.0,0.9649733202988758,0.39473684210526316,8.441095410569648e-05,2.392844881438131e+23,690977.4896096601,19,2025-07-16 00:00:00+00:00,1,16.687488425925928
1752696000000,91,0.735304695928924,217.8454675679833,404174.23125365766,0.7790625290794382,44.0,0.4835164835164835,0.8558202721791699,34.0,0.37362637362637363,0.19725095854051122,10.0,0.10989010989010989,0.5211924035133048,3.0,0.03296703296703297,,,0.0,0.2331055681419228,0.5459569609375154,44.0,44.0,1415.3636363636363,864.0,1.0671813933998429,0.4318181818181818,9.115358635528694e-05,2.395119837217656e+23,872633.3299660912,20,2025-07-16 00:00:00+00:00,1,16.729155092592592
1752699600000,49,0.6424321464354952,123.66720493305885,242801.87859183463,0.6893795804731638,20.0,0.40816326530612246,0.7651641122937111,21.0,0.42857142857142855,0.22338913833067905,7.0,0.14285714285714285,0.059413239393295465,1.0,0.02040816326530612,,,0.0,0.2528841157644667,0.43649546470869716,20.0,20.0,3466.3,744.5,1.3654350437127867,0.55,7.605757685755347e-05,2.433440275687516e+23,720091.2144202192,21,2025-07-16 00:00:00+00:00,1,16.77082175925926
1752703200000,69,0.5159083453148854,138.5735859105967,270388.6525070139,0.5665914338871715,49.0,0.7101449275362319,0.48872898725984343,14.0,0.2028985507246377,0.1654149574363131,6.0,0.08695652173913043,,,0.0,,,0.0,0.17130528987424715,0.39528614401292433,49.0,49.0,1662.6122448979593,811.0,1.1287344097842047,0.3877551020408163,6.792193102777132e-05,2.3934447020788903e+23,495284.44352077885,22,2025-07-16 00:00:00+00:00,1,16.812488425925928
1752706800000,32,0.4460843925088763,57.61110799771677,113913.32339552003,0.3915477556148634,15.0,0.46875,0.5679134879220714,10.0,0.3125,0.3947838621607827,6.0,0.1875,0.3536461738756812,1.0,0.03125,,,0.0,0.07188257805816582,0.3196651775566976,15.0,15.0,859.7333333333333,853.0,0.9040281283432849,0.4,4.8919822596178406e-05,2.2496170349097648e+23,290498.71384842665,23,2025-07-16 00:00:00+00:00,1,16.854155092592592
1752710400000,30,0.7929942428082507,71.85658754006948,129344.3498476946,0.7994027603699981,20.0,0.6666666666666666,1.2006583161906548,5.0,0.16666666666666666,0.3596960991788566,5.0,0.16666666666666666,,,0.0,,,0.0,0.2772516198920648,0.5221511404779333,20.0,20.0,1759.05,884.5,1.1691645029592903,0.25,5.1879111824381e-05,2.3819454666300454e+23,315724.3197963354,0,2025-07-17 00:00:00+00:00,1,16.89582175925926
1752714000000,113,0.7224515290173328,286.40458606203754,501467.8286782795,0.6804333338750432,56.0,0.49557522123893805,0.8595730633524411,40.0,0.35398230088495575,0.5382255028152089,17.0,0.1504424778761062,,,0.0,,,0.0,0.26192693125609207,0.41850640261895117,56.0,56.0,1220.4642857142858,695.0,0.9573813542126698,0.5535714285714286,0.00010316467278606291,2.2846950924526174e+23,1154470.2754924214,1,2025-07-17 00:00:00+00:00,1,16.937488425925928
1752717600000,59,0.6262478900935623,125.69591886614107,238995.80950117923,0.7304479845712543,27.0,0.4576271186440678,0.5614273812559326,24.0,0.4067796610169492,0.4690340977442408,8.0,0.13559322033898305,,,0.0,,,0.0,0.1790904556618203,0.551357528909434,27.0,27.0,2730.4444444444443,785.0,1.345269057765461,0.48148148148148145,6.853884931570651e-05,2.3986451911271257e+23,495539.33087278955,2,2025-07-17 00:00:00+00:00,1,16.979155092592592
1752721200000,61,0.5172230400225909,134.53514340775152,251388.1094264463,0.6923915167628873,32.0,0.5245901639344263,0.29347442510575333,23.0,0.3770491803278688,0.12709754529483408,5.0,0.08196721311475409,2.008677401059149,1.0,0.01639344262295082,,,0.0,0.30334296941062366,0.3890485473522637,32.0,32.0,1051.1875,699.5,0.9037825374305646,0.53125,7.738613545393268e-05,2.2940933578590903e+23,563305.4376897973,3,2025-07-17 00:00:00+00:00,1,17.02082175925926
1752724800000,30,0.6634912581282614,80.97244185354022,153255.44041865168,0.4697142886783149,19.0,0.6333333333333333,1.1888380952613966,9.0,0.3,0.14031170080364574,2.0,0.06666666666666667,,,0.0,,,0.0,0.15460084373805927,0.3151134449402556,19.0,19.0,3092.5263157894738,885.0,1.3353730633612522,0.3157894736842105,4.7692129906710426e-05,2.3282469879458063e+23,339193.11012888263,4,2025-07-17 00:00:00+00:00,1,17.062488425925928
1752728400000,23,0.6874093175004904,51.71146363051736,96721.54541803771,0.7918039191040548,14.0,0.6086956521739131,0.5276371519760724,8.0,0.34782608695652173,0.5040622192459309,1.0,0.043478260869565216,,,0.0,,,0.0,0.22960413077335118,0.5621997883307036,14.0,14.0,1443.142857142857,678.0,1.0161186167960874,0.5714285714285714,4.397978598388819e-05,2.3651203221159814e+23,279940.6136207542,5,2025-07-17 00:00:00+00:00,1,17.104155092592592
1752732000000,46,0.5110273121544222,85.55139375377372,165400.444656062,0.7638124966412031,26.0,0.5652173913043478,0.1831019863498213,15.0,0.32608695652173914,0.1803203302369648,5.0,0.10869565217391304,,,0.0,,,0.0,0.3618367928027509,0.4019757038384522,26.0,26.0,2237.0,701.5,1.1475256836579535,0.5769230769230769,5.938703159695371e-05,2.3675602089965663e+23,520406.8647154565,6,2025-07-17 00:00:00+00:00,1,17.14582175925926
1752735600000,62,0.6761712746763735,142.8927548442451,288465.35147349845,0.621380861146269,41.0,0.6612903225806451,0.8968335267097137,14.0,0.22580645161290322,0.5557620498574473,7.0,0.11290322580645161,,,0.0,,,0.0,0.20971880944741417,0.4116620516988549,41.0,41.0,1240.3902439024391,783.0,0.965019323971959,0.4634146341463415,6.813168677654064e-05,2.3093708613508116e+23,673456.6068149782,7,2025-07-17 00:00:00+00:00,1,17.187488425925928
1752739200000,45,0.6332829409745994,97.31369215074099,186196.40906348123,0.8027676264708999,26.0,0.5777777777777777,0.38494906482989133,10.0,0.2222222222222222,0.3007347603620246,8.0,0.17777777777777778,1.37040532441846,1.0,0.022222222222222223,,,0.0,0.4174422507537925,0.38532537571710745,26.0,26.0,1218.2307692307693,735.0,0.9806581570635083,0.5384615384615384,4.900351321258932e-05,2.4783667095704816e+23,539716.2044029635,8,2025-07-17 00:00:00+00:00,1,17.229155092592592
1752742800000,61,0.5465466580719494,141.2822642207751,272982.34142263955,0.7363259602022375,28.0,0.45901639344262296,0.4692432731589069,22.0,0.36065573770491804,0.21807884065730096,11.0,0.18032786885245902,,,0.0,,,0.0,0.274025739594417,0.4623002206078205,28.0,28.0,1200.7142857142858,662.5,0.9257332881510054,0.6428571428571429,7.266399653043981e-05,2.852963783704971e+23,690431.9266851533,9,2025-07-17 00:00:00+00:00,1,17.27082175925926
1752746400000,43,0.509932550243901,90.80646498760997,176154.55194690244,0.4537538751133186,27.0,0.627906976744186,0.5411150030327938,9.0,0.20930232558139536,0.4413532805010673,6.0,0.13953488372093023,2.1575903221265946,1.0,0.023255813953488372,,,0.0,0.18541968907371956,0.2683341860395991,27.0,27.0,1350.0,689.0,0.955723963447302,0.5925925925925926,5.5389696326845225e-05,2.749030945542082e+23,372924.71601588593,10,2025-07-17 00:00:00+00:00,1,17.312488425925928
1752750000000,12,0.5138601329879354,25.279883725426426,48657.78352296774,0.7408497072568565,5.0,0.4166666666666667,0.3301056064344875,4.0,0.3333333333333333,0.38055021127766436,3.0,0.25,,,0.0,,,0.0,0.224677528077759,0.5161721791790974,5.0,5.0,1627.0,849.0,1.1311518630441733,0.2,3.201128609411272e-05,2.7259873903699644e+23,301319.7532158885,11,2025-07-17 00:00:00+00:00,1,17.354155092592592
1752753600000,76,0.7151050052501347,205.9450774112165,377793.11635584716,0.8764177225192697,43.0,0.5657894736842105,0.6734507422940961,18.0,0.23684210526315788,0.24084129355054493,14.0,0.18421052631578946,1.1681268596802674,1.0,0.013157894736842105,,,0.0,0.3761260445569993,0.5002916779622706,43.0,43.0,959.5813953488372,685.0,0.8980820900471024,0.5581395348837209,9.084034950211051e-05,2.6180451744984813e+23,1186108.5409410591,12,2025-07-17 00:00:00+00:00,1,17.39582175925926
1752757200000,109,0.7655595013615426,282.4660185891892,528233.6604892705,0.8177397662469617,63.0,0.5779816513761468,0.8807865660938571,28.0,0.25688073394495414,0.40368647356786397,18.0,0.1651376146788991,,,0.0,,,0.0,0.25539971554417945,0.5623400507027821,63.0,63.0,1072.936507936508,726.0,0.9592471937816871,0.5555555555555556,9.163621938659937e-05,2.5789780840898053e+23,1051278.6004763006,13,2025-07-17 00:00:00+00:00,1,17.437488425925928
1752760800000,89,0.8370833766437511,273.80911921478105,459846.00443612545,0.8904022706987976,42.0,0.47191011235955055,0.711350185241951,31.0,0.34831460674157305,0.23792758440079687,14.0,0.15730337078651685,5.860341613916358,2.0,0.02247191011235955,,,0.0,0.3095849303763124,0.5808173403224851,42.0,42.0,905.2857142857143,614.0,0.8863813155394924,0.5714285714285714,9.785153279541279e-05,2.5990865314416254e+23,1297669.20534114,14,2025-07-17 00:00:00+00:00,1,17.479155092592592
1752764400000,95,0.448683049731106,195.0580666180532,384615.7159220895,0.4683996826922963,57.0,0.6,0.3748534555938873,26.0,0.2736842105263158,0.36471359174884754,11.0,0.11578947368421053,2.1680684563157904,1.0,0.010526315789473684,,,0.0,0.15038334865097455,0.31801633404132185,57.0,57.0,1064.6315789473683,685.0,0.889880156031901,0.5964912280701754,8.993490668600263e-05,2.6570170007827015e+23,867763.6100613587,15,2025-07-17 00:00:00+00:00,1,17.52082175925926
1752768000000,72,0.8050162317213913,222.32808239257056,398340.296429088,0.7412958760524675,41.0,0.5694444444444444,0.9022123031928484,23.0,0.3194444444444444,0.8749757703599074,7.0,0.09722222222222222,0.6923243998341365,1.0,0.013888888888888888,,,0.0,0.21074030846446754,0.5305555675879999,41.0,41.0,1171.8048780487804,874.0,1.0004337010600943,0.36585365853658536,8.071906749109592e-05,2.6079271994833084e+23,1113803.6738005965,16,2025-07-17 00:00:00+00:00,1,17.562488425925928
1752771600000,62,0.5783421628602928,146.99380214527122,284298.32225697633,0.6710951668257767,37.0,0.5967741935483871,0.40762810253328896,14.0,0.22580645161290322,0.48362722630167027,11.0,0.1774193548387097,,,0.0,,,0.0,0.308879048418975,0.3622161184068017,37.0,37.0,1639.8648648648648,701.0,1.0301442346293221,0.5405405405405406,7.276153359738335e-05,2.7151110863577462e+23,843361.4820306171,17,2025-07-17 00:00:00+00:00,1,17.604155092592592
1752775200000,65,0.42345395396454516,141.06803185709705,271453.243164559,0.5732631239881896,32.0,0.49230769230769234,0.2858385402897444,20.0,0.3076923076923077,0.12076592617066717,12.0,0.18461538461538463,2.0141251202304744,1.0,0.015384615384615385,,,0.0,0.26918313600046445,0.3040799879877251,32.0,32.0,963.625,800.5,0.9255357932919436,0.375,7.174429971534812e-05,2.8094976772123337e+23,632021.4314092431,18,2025-07-17 00:00:00+00:00,1,17.64582175925926
1752778800000,61,0.8586267820820345,186.64550472062393,343765.6792501049,0.8758268973369874,38.0,0.6229508196721312,0.8481495198801821,15.0,0.2459016393442623,0.6741293211508875,7.0,0.11475409836065574,1.6536635619396378,1.0,0.01639344262295082,,,0.0,0.2552674128064635,0.6205594845305239,38.0,38.0,1652.9473684210527,671.5,1.0020774946163342,0.631578947368421,6.060890470503188e-05,2.8073498069137173e+23,674711.7000529888,19,2025-07-17 00:00:00+00:00,1,17.687488425925928
1752782400000,102,0.4566399047201609,218.34459983997382,465095.5102556523,0.5158544902043984,59.0,0.5784313725490197,0.4662410539594942,28.0,0.27450980392156865,0.2058070565687378,15.0,0.14705882352941177,,,0.0,,,0.0,0.1287496185370428,0.3871048716673557,59.0,59.0,967.1525423728814,766.0,0.9217965092515981,0.4915254237288136,9.247600535451329e-05,2.7398826264483153e+23,1388463.809013636,20,2025-07-17 00:00:00+00:00,1,17.729155092592592
1752786000000,223,0.8175898327004683,663.9621108392982,1235558.0466538395,0.7423074335819122,94.0,0.42152466367713004,0.9076552788060858,88.0,0.39461883408071746,0.4969954909199068,37.0,0.16591928251121077,3.570784059133141,4.0,0.017937219730941704,,,0.0,0.31898300297343635,0.4233244306084759,94.0,94.0,1091.468085106383,662.5,0.9269351068798581,0.6063829787234043,0.00014494297914693073,2.5154064000402965e+23,4125784.150993101,21,2025-07-17 00:00:00+00:00,1,17.77082175925926
1752789600000,83,0.6449766293204575,193.23906463380757,371465.5108760402,0.7836173060020317,43.0,0.5180722891566265,0.4881979777372207,21.0,0.25301204819277107,0.5044925548962617,19.0,0.2289156626506024,,,0.0,,,0.0,0.29912690844768286,0.48449039755434886,43.0,43.0,649.1162790697674,535.0,0.7616214525826177,0.7674418604651163,8.940779294780382e-05,2.523903097912342e+23,981961.6653597477,22,2025-07-17 00:00:00+00:00,1,17.812488425925928
1752793200000,69,0.7121088896099089,187.31577815048038,355868.89761829085,0.7272714161027686,41.0,0.5942028985507246,0.8885680937993596,17.0,0.2463768115942029,0.3828843389346448,11.0,0.15942028985507245,,,0.0,,,0.0,0.2768832136184133,0.4503882024843552,41.0,41.0,1424.1707317073171,833.0,1.0342871204628756,0.3902439024390244,8.590153631985802e-05,2.738898781863283e+23,742561.6770114424,23,2025-07-17 00:00:00+00:00,1,17.854155092592592
1752796800000,48,0.6805703954032847,126.69023956880791,239006.9060982634,0.6664918711300605,28.0,0.5833333333333334,0.7993966195898519,14.0,0.2916666666666667,0.46900898557634013,6.0,0.125,,,0.0,,,0.0,0.26570297649678715,0.40078889463327333,28.0,28.0,709.4285714285714,745.5,0.8115138381849624,0.5,7.694275165091818e-05,2.728863944882995e+23,557150.8842165982,0,2025-07-18 00:00:00+00:00,1,17.89582175925926
1752800400000,102,0.7146040870336711,261.0121317531866,486758.5943701433,0.698973168740322,46.0,0.45098039215686275,0.8864627580433593,32.0,0.3137254901960784,0.4751692418114111,22.0,0.21568627450980393,0.9581597690705479,2.0,0.0196078431372549,,,0.0,0.3645632562105343,0.33440991252978775,46.0,46.0,855.0434782608696,706.5,0.8784385767230727,0.5652173913043478,9.652734272074098e-05,2.5497586815019337e+23,1374460.9962442499,1,2025-07-18 00:00:00+00:00,1,17.937488425925928
1752804000000,68,0.6791913096620199,177.79900420855034,344074.83668314747,0.7646513111753437,42.0,0.6176470588235294,0.5883151830332655,20.0,0.29411764705882354,0.38389172116460185,6.0,0.08823529411764706,,,0.0,,,0.0,0.30026467407182633,0.46438663710351724,42.0,42.0,1431.9285714285713,825.5,1.0393379443954955,0.4523809523809524,7.100877733788936e-05,2.6388341765736173e+23,744094.7661812674,2,2025-07-18 00:00:00+00:00,1,17.979155092592592
1752807600000,42,0.577908112626098,97.36824757102026,188321.78986925175,0.6430440903136129,24.0,0.5714285714285714,0.5169611020433605,15.0,0.35714285714285715,0.3615553440396663,3.0,0.07142857142857142,,,0.0,,,0.0,0.2521799386306503,0.3908641516829625,24.0,24.0,743.5833333333334,610.0,0.8347200132332974,0.5833333333333334,4.7915613911837535e-05,2.731751343843992e+23,452574.07909582363,3,2025-07-18 00:00:00+00:00,1,18.02082175925926
1752811200000,40,0.6306273070290679,105.16553281511237,204924.81388637162,0.7015352423017694,16.0,0.4,0.3729545846748632,16.0,0.4,0.8471325692551914,7.0,0.175,2.1033270647502533,1.0,0.025,,,0.0,0.33860667251126453,0.3629285697905049,16.0,16.0,828.6875,729.5,0.8587987850733327,0.5,4.431395672269346e-05,2.7758393170829058e+23,507061.2742302608,4,2025-07-18 00:00:00+00:00,1,18.062488425925928
1752814800000,44,0.9317777841366965,162.72923115111416,255435.41336019928,0.8421614763003632,24.0,0.5454545454545454,0.40244659173811226,13.0,0.29545454545454547,2.412908175598587,6.0,0.13636363636363635,1.077092324618949,1.0,0.022727272727272728,,,0.0,0.3104457270419328,0.5317157492584305,24.0,24.0,852.9583333333334,727.5,0.8689543533885628,0.5833333333333334,5.880596110342937e-05,2.583705458885338e+23,657969.9507765528,5,2025-07-18 00:00:00+00:00,1,18.104155092592592
1752818400000,66,0.658266341309093,170.1850103994215,328530.54939935805,0.6742691059618846,36.0,0.5454545454545454,0.7549649589175695,21.0,0.3181818181818182,0.36862517494481506,9.0,0.13636363636363635,,,0.0,,,0.0,0.2768230478346543,0.3974460581272303,36.0,36.0,795.3333333333334,703.0,0.8553369161137078,0.5555555555555556,6.707110640112483e-05,2.604584742989457e+23,643091.0642479344,6,2025-07-18 00:00:00+00:00,1,18.14582175925926
1752822000000,59,0.6575991218496686,160.04836991644137,305802.45947159914,0.7547421688703856,39.0,0.6610169491525424,0.4287323319282727,15.0,0.2542372881355932,0.5864837248522646,5.0,0.0847457627118644,,,0.0,,,0.0,0.22797317617418883,0.5267689926961967,39.0,39.0,1196.3589743589744,773.0,0.9952449867874142,0.48717948717948717,7.459057611032878e-05,2.969460652746937e+23,768463.4891584739,7,2025-07-18 00:00:00+00:00,1,18.187488425925928
1752825600000,73,0.6428076752530962,216.0423185039632,421265.96483985765,0.738202539879833,40.0,0.547945205479452,0.585394406766475,20.0,0.273972602739726,0.43761312022716925,13.0,0.1780821917808219,,,0.0,,,0.0,0.3593012274479045,0.3789013124319285,40.0,40.0,979.825,755.5,0.9161466755078855,0.5,8.475966491210635e-05,2.857821313928779e+23,1016119.2298644021,8,2025-07-18 00:00:00+00:00,1,18.229155092592592
1752829200000,50,0.5324219575942689,125.55760424634033,243635.26733112294,0.5327693275855319,27.0,0.54,0.6162086835613332,17.0,0.34,0.29346306906023717,6.0,0.12,,,0.0,,,0.0,0.23508257952702089,0.2976867480585109,27.0,27.0,903.5925925925926,684.0,0.8536057348718334,0.5925925925925926,6.783460803333218e-05,2.8779428410657123e+23,662382.9075579167,9,2025-07-18 00:00:00+00:00,1,18.27082175925926
1752832800000,49,0.5330279210727473,121.86597411843198,231472.8640919466,0.5667151234560364,29.0,0.5918367346938775,0.27225601933753657,13.0,0.2653061224489796,0.8204305971855846,6.0,0.12244897959183673,1.2217177178380823,1.0,0.02040816326530612,,,0.0,0.23189290994592926,0.33482221351010705,29.0,29.0,1036.3103448275863,735.0,0.9380309907509476,0.5172413793103449,5.3162814349593994e-05,3.134758922011759e+23,959464.0151730151,10,2025-07-18 00:00:00+00:00,1,18.312488425925928
1752836400000,41,0.4911010295784855,114.99444412225543,228972.51321766715,0.5506762020798129,27.0,0.6585365853658537,0.4158105096829832,12.0,0.2926829268292683,0.05198415110319477,1.0,0.024390243902439025,0.22517448926396166,1.0,0.024390243902439025,,,0.0,0.28952555491420573,0.2611506471656072,27.0,27.0,1062.5185185185185,730.0,0.9516124887385028,0.5555555555555556,4.536885221600892e-05,3.2367826679301603e+23,529103.1327680597,11,2025-07-18 00:00:00+00:00,1,18.354155092592592
1752840000000,24,0.35846926700546855,42.302433130119326,83114.78491526893,0.4212951513849951,17.0,0.7083333333333334,0.0013881150420823676,4.0,0.16666666666666666,0.21954002653923765,2.0,0.08333333333333333,0.9966123213395227,1.0,0.041666666666666664,,,0.0,0.1872605122441562,0.2340346391408389,17.0,17.0,1740.6470588235295,682.0,1.058720844921389,0.5882352941176471,3.825022862955904e-05,3.278339036887277e+23,318466.9354547562,12,2025-07-18 00:00:00+00:00,1,18.39582175925926
1752843600000,106,0.6116913341430239,300.37555099047785,563461.2310447857,0.8094241665945788,46.0,0.4339622641509434,0.6006754295567437,32.0,0.3018867924528302,0.2994341432140751,28.0,0.2641509433962264,,,0.0,,,0.0,0.23431450538707102,0.5751096612075078,46.0,46.0,1067.0217391304348,808.5,0.9186710663234514,0.43478260869565216,0.00010160785494594218,3.171928787213492e+23,1466355.4377577254,13,2025-07-18 00:00:00+00:00,1,18.437488425925928
1752847200000,164,0.7261390889338832,478.235639532811,881046.4893787092,0.7832024742113721,75.0,0.4573170731707317,0.7330881818858554,60.0,0.36585365853658536,0.5366295595130065,28.0,0.17073170731707318,1.3357064397884244,1.0,0.006097560975609756,,,0.0,0.33839432544300024,0.44480814876837194,75.0,75.0,1201.9466666666667,685.0,0.9330822066627821,0.5866666666666667,0.00014004045323849726,2.895385689658442e+23,2709128.667346354,14,2025-07-18 00:00:00+00:00,1,18.479155092592592
1752850800000,126,0.5629955388268658,326.54801733627465,617835.3301722286,0.525942980916967,69.0,0.5476190476190477,0.725661396748582,42.0,0.3333333333333333,0.22741962531547685,14.0,0.1111111111111111,0.9857187910572484,1.0,0.007936507936507936,,,0.0,0.154683987480728,0.37125899343623897,69.0,69.0,1068.3478260869565,699.0,0.9484054226795926,0.5072463768115942,0.0001013311890511053,2.872161340243496e+23,1623728.124285922,15,2025-07-18 00:00:00+00:00,1,18.52082175925926
1752854400000,119,0.5977754121238709,292.77173421495115,566862.040143057,0.6878118336002631,70.0,0.5882352941176471,0.5532066717828941,34.0,0.2857142857142857,0.2786279233402547,15.0,0.12605042016806722,,,0.0,,,0.0,0.19871615193380676,0.4890956816664564,70.0,70.0,1081.642857142857,635.0,0.9144105097803954,0.6,9.922599216615949e-05,2.8138701784208352e+23,1180690.0079928015,16,2025-07-18 00:00:00+00:00,1,18.562488425925928
1752858000000,61,0.5975458271893568,148.67395018752052,280319.1370390707,0.7158920419387401,34.0,0.5573770491803278,0.510816118590693,19.0,0.3114754098360656,0.3005574724263037,8.0,0.13114754098360656,,,0.0,,,0.0,0.2955344736222855,0.42035756831645466,34.0,34.0,968.1176470588235,783.0,0.9063121968664993,0.5,7.636285881471151e-05,2.7812780269599388e+23,710097.9942318391,17,2025-07-18 00:00:00+00:00,1,18.604155092592592
1752861600000,57,0.5771958926517893,150.46755097233319,264344.46476802445,0.7169650674628081,31.0,0.543859649122807,0.4277518275194647,21.0,0.3684210526315789,0.3382920823792367,5.0,0.08771929824561403,,,0.0,,,0.0,0.1787018670149209,0.5382632004478871,31.0,31.0,1014.0,685.0,0.8934889587931915,0.5806451612903226,7.427244606945937e-05,2.7251506418636843e+23,698072.9975468183,18,2025-07-18 00:00:00+00:00,1,18.64582175925926
1752865200000,70,0.6405428319255307,169.92121977632792,320359.65786207176,0.6578354689159773,35.0,0.5,0.7652051668268903,24.0,0.34285714285714286,0.31353025626205255,11.0,0.15714285714285714,,,0.0,,,0.0,0.18796453449930708,0.4698709344166702,35.0,35.0,1666.0,787.0,1.0971136776652026,0.45714285714285713,7.731949192112961e-05,2.7255693407008277e+23,745332.5056167014,19,2025-07-18 00:00:00+00:00,1,18.687488425925928
1752868800000,80,0.717568388482891,222.90895743615732,408681.76057371864,0.8342060116509108,40.0,0.5,0.5694626285182336,29.0,0.3625,0.6838922168696419,11.0,0.1375,,,0.0,,,0.0,0.30395810776726473,0.5302479038836461,40.0,40.0,1179.125,776.0,0.9908781214693612,0.475,7.966514239672328e-05,2.641047873246121e+23,1025511.1416424229,20,2025-07-18 00:00:00+00:00,1,18.729155092592592
1752872400000,40,0.512411600709005,98.5715793895598,197336.95603918945,0.521088891721737,25.0,0.625,0.5306235523859084,12.0,0.3,0.3672530355619584,3.0,0.075,,,0.0,,,0.0,0.15845614199998959,0.3626327497217474,25.0,25.0,1304.52,741.0,1.0040885063797576,0.52,6.521445216378449e-05,2.824346515932957e+23,556449.2300922365,21,2025-07-18 00:00:00+00:00,1,18.77082175925926
1752876000000,27,0.22153128765661184,41.33816010008461,84385.49805934158,0.1899650186313372,10.0,0.37037037037037035,0.2696144843812829,14.0,0.5185185185185185,0.10236393302572928,3.0,0.1111111111111111,,,0.0,,,0.0,0.09119679008807047,0.09876822854326672,10.0,10.0,1647.1,564.0,1.0631544384789469,0.7,5.6985671201987305e-05,2.924081102826385e+23,408085.22092354903,22,2025-07-18 00:00:00+00:00,1,18.812488425925928
1752879600000,27,0.6119646120696604,81.55657150721908,149496.53725557966,0.44116965865831,14.0,0.5185185185185185,1.042634487704035,8.0,0.2962962962962963,0.4011186806064425,5.0,0.18518518518518517,,,0.0,,,0.0,0.13046935463723475,0.31070030402107524,14.0,14.0,2235.8571428571427,877.5,1.2570278075209895,0.42857142857142855,4.3039726314173185e-05,2.9371560189914302e+23,318760.7565643198,23,2025-07-18 00:00:00+00:00,1,18.854155092592592
1752883200000,13,0.4576538675635918,24.205016855794288,45984.38524410702,0.3181953457399621,5.0,0.38461538461538464,0.461942264508394,6.0,0.46153846153846156,0.7934349812882591,2.0,0.15384615384615385,,,0.0,,,0.0,0.21622699727908304,0.1019683484608791,5.0,5.0,1602.2,532.0,1.0407016584691882,0.6,3.461531292514672e-05,3.050352301216478e+23,313775.2439540729,0,2025-07-19 00:00:00+00:00,1,18.89582175925926
1752886800000,23,0.27348793777094715,49.14565553713607,102467.71832638799,0.414166922400281,14.0,0.6086956521739131,0.055224651279860315,8.0,0.34782608695652173,0.05008844488896703,1.0,0.043478260869565216,,,0.0,,,0.0,0.19277281455288162,0.2213941078473994,14.0,14.0,1810.142857142857,590.0,1.0600735552076856,0.7142857142857143,4.170428058560961e-05,2.9924659911495095e+23,341853.13237298996,1,2025-07-19 00:00:00+00:00,1,18.937488425925928
1752890400000,18,0.3564637072070794,36.62764637674924,73974.73310675312,0.40205521546415884,13.0,0.7222222222222222,0.2343056658410435,4.0,0.2222222222222222,0.2524062653291902,1.0,0.05555555555555555,,,0.0,,,0.0,0.15834909609730746,0.24370611936685138,13.0,13.0,993.3076923076923,650.0,0.9114982275856628,0.6923076923076923,4.122271369263013e-05,3.0985649891522714e+23,196665.1402717361,2,2025-07-19 00:00:00+00:00,1,18.979155092592592
1752894000000,12,0.3899782827123339,25.358770120240855,50867.30286490622,0.5684619355160779,5.0,0.4166666666666667,0.18616052500558966,4.0,0.3333333333333333,0.3642625383150861,3.0,0.25,,,0.0,,,0.0,0.4297791780530956,0.1386827574629823,5.0,5.0,808.8,876.0,0.8969530096776761,0.2,2.946076754595816e-05,3.16750195924138e+23,190738.44798222708,3,2025-07-19 00:00:00+00:00,1,19.02082175925926
1752897600000,14,0.49643087048364987,37.90224515458929,75004.23605794726,0.5514208211377979,10.0,0.7142857142857143,0.36473542137742365,3.0,0.21428571428571427,0.3416177112608486,1.0,0.07142857142857142,,,0.0,,,0.0,0.21490083935760565,0.33651998178019227,10.0,10.0,10112.7,934.5,2.109856423401297,0.3,3.870646826044379e-05,3.2983556002442815e+23,163209.68913531714,4,2025-07-19 00:00:00+00:00,1,19.062488425925928
1752901200000,3,0.42655451370407005,9.835541390736267,19919.085652899696,1.1097013635769137,1.0,0.3333333333333333,0.06528051098964471,1.0,0.3333333333333333,0.1046816665456517,1.0,0.3333333333333333,,,0.0,,,0.0,0.02582697659681433,1.0838743869800993,1.0,1.0,1021.0,1021.0,1.0104454463255301,0.0,1.9693946843584812e-05,3.251081479248108e+23,121455.57276251157,5,2025-07-19 00:00:00+00:00,1,19.104155092592592
1752904800000,1,0.004509427182224253,0.12833166729097878,257.7312233670448,,,0.0,0.004509427182224253,1.0,1.0,,,0.0,,,0.0,,,0.0,,,,,,,,,2.0611543889701224e-05,3.2995032141732745e+23,70038.34800709641,6,2025-07-19 00:00:00+00:00,1,19.14582175925926
1752908400000,7,0.4030542885041831,16.18019243829848,32203.210481501603,0.5329982836607171,5.0,0.7142857142857143,0.07819430061284816,2.0,0.2857142857142857,,,0.0,,,0.0,,,0.0,0.1171301132877377,0.4158681703729794,5.0,5.0,1348.0,828.0,1.059399795333459,0.2,1.7660745422413703e-05,3.2986878803752477e+23,113339.06812197543,7,2025-07-19 00:00:00+00:00,1,19.187488425925928
1752912000000,9,0.7364520582863725,25.56885515846908,47362.55800562342,0.7855351670140406,3.0,0.3333333333333333,0.8458266569987316,5.0,0.5555555555555556,0.04232973854157319,1.0,0.1111111111111111,,,0.0,,,0.0,0.5142300899424511,0.27130507707158935,3.0,3.0,1074.3333333333333,620.0,0.9941436093476866,0.6666666666666666,3.198076001343039e-05,3.190670666696442e+23,203250.19699636247,8,2025-07-19 00:00:00+00:00,1,19.229155092592592
1752915600000,6,0.4410869171104639,16.92640739016781,34500.553944907784,0.34449832077688025,5.0,0.8333333333333334,0.9240298987783823,1.0,0.16666666666666666,,,0.0,,,0.0,,,0.0,0.21710358118809828,0.127394739588782,5.0,5.0,3313.6,714.0,1.3821757570963549,0.6,1.780523735888532e-05,3.2630857466370457e+23,202369.66261892163,9,2025-07-19 00:00:00+00:00,1,19.27082175925926
1752919200000,6,0.43625134830287093,14.306829695817665,28467.9209968051,0.5155768093078094,5.0,0.8333333333333334,,,0.0,0.03962404327817904,1.0,0.16666666666666666,,,0.0,,,0.0,0.32203308878953496,0.1935437205182744,5.0,5.0,2703.2,791.0,1.3106290746630198,0.2,2.6186145969420365e-05,3.193501030681796e+23,120172.96487116153,10,2025-07-19 00:00:00+00:00,1,19.312488425925928
1752922800000,18,0.31219955508477326,33.150117446356624,66511.00698247118,0.31560110870435104,9.0,0.5,0.2501318469579578,6.0,0.3333333333333333,0.4261303104796708,3.0,0.16666666666666666,,,0.0,,,0.0,0.13447043158168595,0.18113067712266506,9.0,9.0,2815.222222222222,1048.0,1.3083944805928232,0.3333333333333333,3.3592148347901515e-05,3.0988507095068024e+23,235873.8433784151,11,2025-07-19 00:00:00+00:00,1,19.354155092592592
1752926400000,21,0.5965726448634727,55.09288683359309,105552.62907964815,0.6004867371860756,13.0,0.6190476190476191,0.49099135188857435,7.0,0.3333333333333333,1.284758495493925,1.0,0.047619047619047616,,,0.0,,,0.0,0.21007210834803278,0.3904146288380428,13.0,13.0,1775.6153846153845,978.0,1.2090003050211122,0.23076923076923078,3.775087316563318e-05,3.267969841417986e+23,268741.2537369126,12,2025-07-19 00:00:00+00:00,1,19.39582175925926
1752930000000,14,0.3145305283542569,23.52472964996418,46747.31636946332,0.3518172794330232,11.0,0.7857142857142857,0.17781244106544716,3.0,0.21428571428571427,,,0.0,,,0.0,,,0.0,0.17318325175219007,0.1786340276808331,11.0,11.0,5612.6,4543.0,2.0714257955929622,0.2,2.307585984876941e-05,3.280281058710647e+23,131497.82881835004,13,2025-07-19 00:00:00+00:00,1,19.437488425925928
1752933600000,29,0.86688240734574,113.91733244756617,211715.1545366267,0.8016451888827303,21.0,0.7241379310344828,1.0381301058111403,8.0,0.27586206896551724,,,0.0,,,0.0,,,0.0,0.3400132725392853,0.46163191634344497,21.0,21.0,784.7142857142857,671.0,0.828087178199416,0.5238095238095238,7.068515798293217e-05,3.0609304404695015e+23,450647.0191783572,14,2025-07-19 00:00:00+00:00,1,19.479155092592592
1752937200000,26,0.5760104206579687,84.06558388440668,162177.91653335164,0.4458792541980937,16.0,0.6153846153846154,0.7842202869937687,10.0,0.38461538461538464,,,0.0,,,0.0,,,0.0,0.12747261376830787,0.31840664042978584,16.0,16.0,1006.25,703.5,0.9072111586071716,0.5,3.671173090301371e-05,3.1382899096686256e+23,302238.35132066655,15,2025-07-19 00:00:00+00:00,1,19.52082175925926
1752940800000,24,0.5089701900365902,58.242394463072934,106894.80523817611,1.0133649746088036,10.0,0.4166666666666667,0.14263724100239006,12.0,0.5,0.18499396138072377,2.0,0.08333333333333333,,,0.0,,,0.0,0.20893052897797296,0.8044344456308306,10.0,10.0,2556.6,993.0,1.391133580156846,0.4,4.248457472082529e-05,3.108180676901752e+23,304832.10084125784,16,2025-07-19 00:00:00+00:00,1,19.562488425925928
1752944400000,13,0.4906847301590292,25.117265837604815,48689.390407279934,0.5181381586744126,8.0,0.6153846153846154,0.44675924453441584,5.0,0.38461538461538464,,,0.0,,,0.0,,,0.0,0.15363512400029966,0.36450303467411294,8.0,8.0,1492.75,1026.0,1.1402385937864887,0.375,2.393504014743348e-05,3.10537279783031e+23,121742.7643858678,17,2025-07-19 00:00:00+00:00,1,19.604155092592592
1752948000000,17,0.3542043539004967,31.624461782243365,62477.24858206343,0.4972438053177727,9.0,0.5294117647058824,0.19328497105606124,8.0,0.47058823529411764,,,0.0,,,0.0,,,0.0,0.2625881362189374,0.23465566909883526,9.0,9.0,643.8888888888889,635.0,0.7872322953475746,0.5555555555555556,3.1513845718426335e-05,3.1056042915486576e+23,190292.1115007208,18,2025-07-19 00:00:00+00:00,1,19.64582175925926
1752951600000,23,0.737950177046036,73.71290112330225,141427.74950698833,0.8928403503649267,13.0,0.5652173913043478,0.5746023874888213,6.0,0.2608695652173913,0.47957879809546344,4.0,0.17391304347826086,,,0.0,,,0.0,0.25156813293638536,0.6412722174285415,13.0,13.0,1689.3846153846155,832.0,1.0718637598194543,0.46153846153846156,3.777791443495762e-05,3.0250088858770976e+23,413351.56768545863,19,2025-07-19 00:00:00+00:00,1,19.687488425925928
1752955200000,22,0.6233299413585821,62.84056320681201,119496.93903936287,0.6435390283611959,9.0,0.4090909090909091,0.545454688343591,12.0,0.5454545454545454,1.3759511945149505,1.0,0.045454545454545456,,,0.0,,,0.0,0.4604247383782666,0.1831142899829293,9.0,9.0,3490.8888888888887,988.0,1.4340974984871253,0.4444444444444444,3.6614976241822826e-05,3.108748042051412e+23,267500.14266923646,20,2025-07-19 00:00:00+00:00,1,19.729155092592592
1752958800000,68,0.5787549280490815,171.6530594172389,329563.06578410993,0.6868355646284471,49.0,0.7205882352941176,0.31939353807313914,14.0,0.20588235294117646,0.2457765815039358,5.0,0.07352941176470588,,,0.0,,,0.0,0.2625858783619748,0.42424968626647236,49.0,49.0,1233.265306122449,695.0,0.9794510432566497,0.5306122448979592,8.018520602870306e-05,2.8124149685776706e+23,667635.6253771387,21,2025-07-19 00:00:00+00:00,1,19.77082175925926
1752962400000,23,0.4392223499266645,49.45481117924552,98202.71960772213,0.4498443631054014,19.0,0.8260869565217391,0.23213061198957152,2.0,0.08695652173913043,0.5454049626657563,2.0,0.08695652173913043,,,0.0,,,0.0,0.1799332061576806,0.2699111569477208,19.0,19.0,1916.9473684210527,559.0,1.1478776905916634,0.5263157894736842,2.8846271575774077e-05,2.8393195579011188e+23,158887.93273386758,22,2025-07-19 00:00:00+00:00,1,19.812488425925928
1752966000000,11,0.25561923342178106,22.446195916870934,46093.03751370888,0.3665035920394795,7.0,0.6363636363636364,0.008636925976824387,3.0,0.2727272727272727,0.220375645432762,1.0,0.09090909090909091,,,0.0,,,0.0,0.25555023094323037,0.11095336109624909,7.0,7.0,1410.0,834.0,1.0495774150612907,0.42857142857142855,3.398230111587653e-05,3.1093184232139396e+23,167397.6732177366,23,2025-07-19 00:00:00+00:00,1,19.854155092592592
1752969600000,19,0.2872742018465683,39.65119422049761,81812.16305497018,0.3385105010829898,12.0,0.631578947368421,0.19944054601270284,7.0,0.3684210526315789,,,0.0,,,0.0,,,0.0,0.14182876660995702,0.1966817344730328,12.0,12.0,2023.8333333333333,921.5,1.1293755092685867,0.3333333333333333,3.4796346465870123e-05,2.950278491664836e+23,202081.5632936843,0,2025-07-20 00:00:00+00:00,1,19.89582175925926
1752973200000,18,0.22110127525985146,32.38107080560703,66894.19861091506,0.3092396872900237,9.0,0.5,0.1461299679335579,7.0,0.3888888888888889,0.08687799676610364,2.0,0.1111111111111111,,,0.0,,,0.0,0.1313201071662767,0.17791958012374703,9.0,9.0,1157.111111111111,780.0,1.0093142523855878,0.4444444444444444,3.189404183969831e-05,3.107469232303151e+23,256143.8541998863,1,2025-07-20 00:00:00+00:00,1,19.937488425925928
1752976800000,14,0.5333595998767271,35.417645436796555,67966.37674295771,0.6738974344836298,9.0,0.6428571428571429,0.41134532353641307,3.0,0.21428571428571427,0.08396075865613628,2.0,0.14285714285714285,,,0.0,,,0.0,0.350294848606533,0.32360258587709684,9.0,9.0,3520.5555555555557,881.0,1.443999522621294,0.4444444444444444,3.324028202921151e-05,3.115289678259023e+23,153569.75963617067,2,2025-07-20 00:00:00+00:00,1,19.979155092592592
1752980400000,31,0.343141852988729,63.35180925727974,126960.48319315286,0.31743912733434126,17.0,0.5483870967741935,0.45228204757189605,11.0,0.3548387096774194,0.08860991822531368,3.0,0.0967741935483871,,,0.0,,,0.0,0.09713219864097379,0.2203069286933675,17.0,17.0,1535.0,901.0,1.120204282866399,0.4117647058823529,5.539662957472314e-05,3.1231325644300536e+23,426223.129707516,3,2025-07-20 00:00:00+00:00,1,20.02082175925926
1752984000000,9,0.5420642748148383,23.594699528079342,45481.92715677603,0.5062681836248738,8.0,0.8888888888888888,0.8284330043345544,1.0,0.1111111111111111,,,0.0,,,0.0,,,0.0,0.11585805922545866,0.39041012439941514,8.0,8.0,1686.125,718.5,1.0793015188517177,0.5,2.9268775057276583e-05,3.151212423159842e+23,119586.1038439366,4,2025-07-20 00:00:00+00:00,1,20.062488425925928
1752987600000,5,0.2959136436927511,8.470767328270865,16686.25023179603,0.7345567532168794,2.0,0.4,0.0034849040099988716,3.0,0.6,,,0.0,,,0.0,,,0.0,0.47605205542256435,0.25850469779431506,2.0,2.0,793.5,793.5,0.8791342179904897,0.5,1.7457588148978256e-05,3.132823913203593e+23,108821.25445928794,5,2025-07-20 00:00:00+00:00,1,20.104155092592592
1752991200000,8,0.42277621951275923,19.64008326119127,65728.1975776502,0.40379616781994077,4.0,0.5,0.028196714036425766,3.0,0.375,,,0.0,1.6824349427130336,1.0,0.125,,,0.0,0.11354457992940759,0.2902515878905332,4.0,4.0,12598.5,1406.0,2.477795573349284,0.5,1.4567984523230242e-05,3.125000423606935e+23,131951.82114308112,6,2025-07-20 00:00:00+00:00,1,20.14582175925926
1752994800000,18,0.4792415225575948,43.776271488202305,84850.06803438088,0.6765629682579514,6.0,0.3333333333333333,0.39472037288960227,11.0,0.6111111111111112,0.22504549470337298,1.0,0.05555555555555555,,,0.0,,,0.0,0.5316978108253348,0.14486515743261652,6.0,6.0,681.5,654.5,0.8180438332387702,0.6666666666666666,3.077269366182843e-05,3.225200273761338e+23,230132.63712787753,7,2025-07-20 00:00:00+00:00,1,20.187488425925928
1752998400000,8,0.3030015915930816,17.534161604104256,35656.61136799756,0.5322917130403345,3.0,0.375,0.2059338502163931,4.0,0.5,0.0034021927580773006,1.0,0.125,,,0.0,,,0.0,0.18285498817679555,0.34943672486353883,3.0,3.0,5377.666666666667,785.0,1.8441172093461011,0.3333333333333333,3.919672006812185e-05,3.3616951376814e+23,248151.6128336157,8,2025-07-20 00:00:00+00:00,1,20.229155092592592
1753002000000,14,0.7800922602219139,57.4761381986735,95194.13327136116,0.7400673962794134,10.0,0.7142857142857143,1.1731710024985158,3.0,0.21428571428571427,0.0011046728171136902,1.0,0.07142857142857142,,,0.0,,,0.0,0.6464494726521374,0.09361792362727606,10.0,10.0,2547.4,713.0,1.2370852302766666,0.6,4.549323002990885e-05,3.289909807954068e+23,320652.69348194735,9,2025-07-20 00:00:00+00:00,1,20.27082175925926
1753005600000,10,0.5220454874458368,30.542362903461893,59560.15556575531,0.6765927312659356,6.0,0.6,0.2902246217156889,4.0,0.4,,,0.0,,,0.0,,,0.0,0.24073484806097933,0.43585788320495605,6.0,6.0,730.0,698.0,0.8410771812317783,0.5,2.6399467949500752e-05,3.664601011770452e+23,413960.1989921506,10,2025-07-20 00:00:00+00:00,1,20.312488425925928
1753009200000,21,0.49205802592375847,61.33376489857893,118840.15866485842,0.4667834947319526,10.0,0.47619047619047616,0.4485902432614973,10.0,0.47619047619047616,1.1794811644644287,1.0,0.047619047619047616,,,0.0,,,0.0,0.21055182688956445,0.25623166784238816,10.0,10.0,1499.5,770.0,1.0434086828878681,0.5,3.728329417523473e-05,3.942111642595453e+23,254220.8308877455,11,2025-07-20 00:00:00+00:00,1,20.354155092592592
1753012800000,53,0.4201071664439005,143.5917603264239,280889.95618371264,0.5608954043298574,32.0,0.6037735849056604,0.2631344478457075,16.0,0.3018867924528302,0.02137514348799375,5.0,0.09433962264150944,,,0.0,,,0.0,0.2965860574038028,0.2643093469260546,32.0,32.0,1607.28125,853.5,1.123430683650898,0.40625,5.680535669336708e-05,3.934354669832492e+23,528577.942904342,12,2025-07-20 00:00:00+00:00,1,20.39582175925926
1753016400000,19,0.4901317152164361,58.00794199478501,113149.64239029697,0.576633311424249,14.0,0.7368421052631579,0.20393608616692693,4.0,0.21052631578947367,0.4238918845050942,1.0,0.05263157894736842,,,0.0,,,0.0,0.4675496952758369,0.10908361614841196,14.0,14.0,2317.6428571428573,705.0,1.2438473660039104,0.5714285714285714,3.78398062854739e-05,4.000728080247429e+23,174908.14851439497,13,2025-07-20 00:00:00+00:00,1,20.437488425925928
1753020000000,72,0.42813362879366995,175.77975757686414,348337.91142489784,0.47733617965445274,37.0,0.5138888888888888,0.4637273363634016,24.0,0.3333333333333333,0.18497514120071337,11.0,0.1527777777777778,,,0.0,,,0.0,0.215011531700615,0.2623246479538377,37.0,37.0,877.5405405405405,782.0,0.8819131774192009,0.4864864864864865,8.361948489980869e-05,3.2025781467850795e+23,866780.846903451,14,2025-07-20 00:00:00+00:00,1,20.479155092592592
1753023600000,34,0.38125952662632184,84.45224794296057,168928.05817364962,0.4103622618949573,21.0,0.6176470588235294,0.2987884723493866,9.0,0.2647058823529412,0.41403003858909043,4.0,0.11764705882352941,,,0.0,,,0.0,0.215202270476084,0.19515999141887322,21.0,21.0,1527.904761904762,672.0,0.9712039910314303,0.5714285714285714,4.432527744423236e-05,3.76288431558488e+23,503224.58190037915,15,2025-07-20 00:00:00+00:00,1,20.52082175925926
1753027200000,53,0.4196356913398482,157.65384079321558,314157.14539583825,0.48866116208531635,29.0,0.5471698113207547,0.358693725258577,21.0,0.39622641509433965,0.1789832367025537,3.0,0.05660377358490566,,,0.0,,,0.0,0.22019005914144643,0.2684711029438699,29.0,29.0,970.8965517241379,743.0,0.9195352949574972,0.5517241379310345,5.2147962657634895e-05,4.365843206632638e+23,756619.8779466201,16,2025-07-20 00:00:00+00:00,1,20.562488425925928
1753030800000,38,0.5856969050242714,124.37990450026837,238983.98594438948,0.723313771325289,20.0,0.5263157894736842,0.39583099449814074,10.0,0.2631578947368421,0.4801721566577476,7.0,0.18421052631578946,0.47069192283089467,1.0,0.02631578947368421,,,0.0,0.21043174697505265,0.5128820243502363,20.0,20.0,829.25,788.0,0.8921826089892557,0.45,6.803298293163909e-05,3.5597036529774036e+23,624135.2235631895,17,2025-07-20 00:00:00+00:00,1,20.604155092592592
1753034400000,28,0.4779529385045361,77.30154158164976,150498.98973292304,0.4503019994086946,15.0,0.5357142857142857,0.3791445688718257,11.0,0.39285714285714285,1.2287810147032552,2.0,0.07142857142857142,,,0.0,,,0.0,0.2551187654045575,0.19518323400413706,15.0,15.0,1167.0666666666666,803.0,0.9990266994778615,0.4666666666666667,4.6138865084950036e-05,3.835900977354762e+23,339744.700863064,18,2025-07-20 00:00:00+00:00,1,20.64582175925926
1753038000000,21,0.2547523323498434,40.83809484760879,82623.20572708298,0.5009548681774132,7.0,0.3333333333333333,0.151304436099846,12.0,0.5714285714285714,0.01373083445333368,2.0,0.09523809523809523,,,0.0,,,0.0,0.10712383321549561,0.3938310349619175,7.0,7.0,2838.3333333333335,775.0,1.297631488173642,0.5,3.4408227008701096e-05,3.2284845279986795e+23,225304.0694159045,19,2025-07-20 00:00:00+00:00,1,20.687488425925928
1753041600000,51,0.5689684659312846,172.51293978229174,334105.6606861578,0.5534307995000762,29.0,0.5686274509803921,0.6689335890551682,18.0,0.35294117647058826,0.23177349350006915,4.0,0.0784313725490196,,,0.0,,,0.0,0.318644791294475,0.2347860082056012,29.0,29.0,923.0689655172414,712.0,0.8903955332164674,0.6206896551724138,5.216421518127667e-05,4.0532413345631865e+23,830152.9288768669,20,2025-07-20 00:00:00+00:00,1,20.729155092592592
1753045200000,33,0.5242384041211081,116.4511951963785,223492.41538100448,0.4789497144622661,19.0,0.5757575757575758,0.7287228980254764,11.0,0.3333333333333333,0.061290294311089975,3.0,0.09090909090909091,,,0.0,,,0.0,0.2549494175496994,0.22400029691256668,19.0,19.0,3595.6315789473683,884.0,1.334551872304566,0.42105263157894735,4.277845851787233e-05,3.9565789836627815e+23,480588.4420236909,21,2025-07-20 00:00:00+00:00,1,20.77082175925926
1753048800000,152,0.6500401998804609,405.1139711631073,783380.5821991403,0.8565355193764634,71.0,0.46710526315789475,0.5347683273477974,62.0,0.40789473684210525,0.25455011634409036,19.0,0.125,,,0.0,,,0.0,0.18643858124802984,0.6700969381284336,71.0,71.0,723.4366197183099,635.0,0.8069074478001693,0.7183098591549296,0.00013051548975564597,2.925158905243072e+23,2220723.552143421,22,2025-07-20 00:00:00+00:00,1,20.812488425925928
1753052400000,87,0.5677005680839532,210.5194520852466,407113.2003062457,0.6565964891800725,46.0,0.5287356321839081,0.5429755588310586,31.0,0.3563218390804598,0.23542685972577795,10.0,0.11494252873563218,,,0.0,,,0.0,0.16073985285356657,0.49585663632650584,46.0,46.0,1079.0,676.0,0.9167690164180383,0.6521739130434783,7.747224330596224e-05,2.819517888376033e+23,749723.1029478024,23,2025-07-20 00:00:00+00:00,1,20.854155092592592
1753056000000,98,0.7462385048596596,283.8626789554547,528461.9694688164,0.8690103774852176,50.0,0.5102040816326531,0.6999357147238306,39.0,0.3979591836734694,0.2648179697507074,9.0,0.09183673469387756,,,0.0,,,0.0,0.3177700444326347,0.5512403330525828,50.0,50.0,1275.64,780.0,1.0250968501823925,0.48,0.00011199863106814176,2.830832816219342e+23,1145534.4525893868,0,2025-07-21 00:00:00+00:00,1,20.89582175925926
1753059600000,70,0.6005503141558498,169.3342652903255,325738.6737263836,0.561173421962128,52.0,0.7428571428571429,0.7313151107504094,16.0,0.22857142857142856,0.5782311384361404,2.0,0.02857142857142857,,,0.0,,,0.0,0.23736469781505426,0.32380872414707373,52.0,52.0,1324.0961538461538,735.0,1.0267215507771663,0.5384615384615384,6.644169614661356e-05,2.8944047158905014e+23,585744.3439566155,1,2025-07-21 00:00:00+00:00,1,20.937488425925928
1753063200000,84,0.5784917112937701,219.55076422036615,421396.76711060555,0.6141732472618208,43.0,0.5119047619047619,0.6247453367517501,34.0,0.40476190476190477,0.1346446666941261,7.0,0.08333333333333333,,,0.0,,,0.0,0.15777867738288398,0.45639456987893684,43.0,43.0,1551.6976744186047,813.0,1.055222107725175,0.4418604651162791,7.305423707161358e-05,3.0299020488083056e+23,864070.8163724698,2,2025-07-21 00:00:00+00:00,1,20.979155092592592
1753066800000,42,0.6460386084541032,128.220020632925,240581.86218248785,0.5464972927781185,25.0,0.5952380952380952,0.8727199332297974,11.0,0.2619047619047619,0.08021500344346666,3.0,0.07142857142857142,1.2102083199204,3.0,0.07142857142857142,,,0.0,0.2032435982543478,0.34325369452377075,25.0,25.0,1039.2,694.0,0.9335364264116144,0.6,5.636039903861609e-05,3.208627954157849e+23,789886.8059411969,3,2025-07-21 00:00:00+00:00,1,21.02082175925926
1753070400000,33,0.5795851546811076,87.9777471185499,169413.94071995292,0.6754289334982028,21.0,0.6363636363636364,0.4345807550455886,11.0,0.3333333333333333,0.16191419551281772,1.0,0.030303030303030304,,,0.0,,,0.0,0.2751294463575303,0.4002994871406725,21.0,21.0,1551.6666666666667,746.0,1.0582362797933977,0.5238095238095238,4.767815895587222e-05,3.2084899890775e+23,352767.216311323,4,2025-07-21 00:00:00+00:00,1,21.062488425925928
1753074000000,17,0.5469063638144573,39.10791578069038,74970.1516707741,0.5033605912841823,12.0,0.7058823529411765,0.6514162178871173,5.0,0.29411764705882354,,,0.0,,,0.0,,,0.0,0.1803993387091369,0.32296125257504543,12.0,12.0,2942.3333333333335,840.5,1.270543470275598,0.3333333333333333,3.177043453666594e-05,3.2078541699900254e+23,192352.09020060097,5,2025-07-21 00:00:00+00:00,1,21.104155092592592
1753077600000,61,0.6976535873521715,194.79885426633115,373309.82556364406,0.6336969064262136,34.0,0.5573770491803278,0.8069037446199662,22.0,0.36065573770491804,0.7774013564282356,4.0,0.06557377049180328,0.14968620263900323,1.0,0.01639344262295082,,,0.0,0.30145472810501367,0.3322421783211999,34.0,34.0,915.5,703.5,0.8686372283177948,0.5882352941176471,5.8065700722928406e-05,3.101578488449907e+23,1000512.6840844555,6,2025-07-21 00:00:00+00:00,1,21.14582175925926
1753081200000,30,0.8513725026270539,110.16316532758586,193972.04496842157,1.1341958206008,12.0,0.4,0.35273123505108905,10.0,0.3333333333333333,0.2947837027672583,5.0,0.16666666666666666,2.3098647890849446,3.0,0.1,,,0.0,0.18850101120515983,0.94569480939564,12.0,12.0,3646.0,792.0,1.4399038052016964,0.5,4.7100853547738354e-05,2.9997005096239173e+23,560746.0105410246,7,2025-07-21 00:00:00+00:00,1,21.187488425925928
1753084800000,27,0.2877991090765979,58.008172231390525,119177.01359070877,0.3452566563395401,12.0,0.4444444444444444,0.21108599918475923,11.0,0.4074074074074074,0.32638751949032757,4.0,0.14814814814814814,,,0.0,,,0.0,0.2272325903887639,0.11802406595077623,12.0,12.0,900.4166666666666,507.0,0.8506648448543266,0.6666666666666666,5.405484208686592e-05,3.0038684464838677e+23,427773.2207414023,8,2025-07-21 00:00:00+00:00,1,21.229155092592592
1753088400000,39,0.4976513340100084,96.74757137653322,188039.5001834336,0.40316122663751247,29.0,0.7435897435897436,0.9209554361446973,7.0,0.1794871794871795,0.30924393498444214,2.0,0.05128205128205128,0.6515505309207014,1.0,0.02564102564102564,,,0.0,0.16006553009100075,0.24309569654651172,29.0,29.0,2486.137931034483,791.0,1.2150604449348203,0.4827586206896552,4.2158026282474175e-05,3.0158666994202515e+23,373164.2249052446,9,2025-07-21 00:00:00+00:00,1,21.27082175925926
1753092000000,38,0.5014908961448227,89.87522418268358,174380.45867616928,0.6023476742407321,19.0,0.5,0.4467364942375387,13.0,0.34210526315789475,0.10891467705487645,5.0,0.13157894736842105,1.2599004325669672,1.0,0.02631578947368421,,,0.0,0.2263728420156117,0.37597483222512035,19.0,19.0,1987.8947368421052,619.0,1.0880805772465805,0.631578947368421,4.376551741062523e-05,3.105964305110412e+23,427791.1328159061,10,2025-07-21 00:00:00+00:00,1,21.312488425925928
1753095600000,55,0.4944647827576837,135.437138912964,265014.4613438333,0.6290803529232294,33.0,0.6,0.31180272275669696,17.0,0.3090909090909091,0.13831576779311117,4.0,0.07272727272727272,0.5820020471697428,1.0,0.01818181818181818,,,0.0,0.2806128737676938,0.34846747915553555,33.0,33.0,1107.939393939394,618.0,0.9264701042375405,0.6060606060606061,5.131363962790333e-05,3.1091894505338176e+23,548264.9942098848,11,2025-07-21 00:00:00+00:00,1,21.354155092592592
1753099200000,80,0.5877739113709273,204.4899915455049,393557.83806761535,0.6056198001384282,50.0,0.625,0.6229786386178193,17.0,0.2125,0.3658064898839699,11.0,0.1375,1.0632073287630872,2.0,0.025,,,0.0,0.2880392909010253,0.3175805092374029,50.0,50.0,1031.68,719.0,0.9127026402760988,0.52,7.81077543553318e-05,3.0921862912071e+23,1057031.4529353315,12,2025-07-21 00:00:00+00:00,1,21.39582175925926
1753102800000,97,0.5920384422152324,271.96474210888834,521577.32317756326,0.6103113224131202,59.0,0.6082474226804123,0.6487311429699059,26.0,0.26804123711340205,0.35931662789898305,11.0,0.1134020618556701,0.5998682483970884,1.0,0.010309278350515464,,,0.0,0.1939139150612405,0.4163974073518797,59.0,59.0,1021.2542372881356,739.0,0.924326615503268,0.5423728813559322,7.87251490725764e-05,3.291234522505224e+23,1234024.332883871,13,2025-07-21 00:00:00+00:00,1,21.437488425925928
1753106400000,100,0.6657751917404297,301.9328514671454,581330.632013527,0.7581488867956937,65.0,0.65,0.5402284317754578,29.0,0.29,0.2718695018057666,6.0,0.06,,,0.0,,,0.0,0.29291203647998565,0.4652368503157081,65.0,65.0,1112.5076923076922,730.0,0.944305966812021,0.5076923076923077,9.528436608423761e-05,3.323027752602958e+23,1204130.9931978718,14,2025-07-21 00:00:00+00:00,1,21.479155092592592
1753110000000,75,0.6786778396282765,246.3699260633304,460087.8892408631,0.7301029727590596,44.0,0.5866666666666667,0.7005429077545301,23.0,0.30666666666666664,0.3014354152683803,7.0,0.09333333333333334,0.5537723854892639,1.0,0.013333333333333334,,,0.0,0.2395293766431916,0.490573596115868,44.0,44.0,1091.090909090909,865.5,0.9867674004585385,0.4090909090909091,8.61734661527193e-05,3.324652627460713e+23,957983.3644765207,15,2025-07-21 00:00:00+00:00,1,21.52082175925926
1753113600000,89,0.6258079132985099,285.14364189572075,551051.3730258755,0.656196869636262,56.0,0.6292134831460674,0.6426629986605636,26.0,0.29213483146067415,0.15992471619467843,6.0,0.06741573033707865,1.281093321593989,1.0,0.011235955056179775,,,0.0,0.24235936916449055,0.4138375004717714,56.0,56.0,1320.3392857142858,776.5,1.0320797832163404,0.48214285714285715,7.565668562260576e-05,3.5152883157208166e+23,1118552.4705780898,16,2025-07-21 00:00:00+00:00,1,21.562488425925928
1753117200000,86,0.5111377577787317,255.0829415988867,486662.38149275235,0.6011644190653757,58.0,0.6744186046511628,0.3838745071595439,17.0,0.19767441860465115,0.20821179068242648,10.0,0.11627906976744186,0.48232633464262864,1.0,0.011627906976744186,,,0.0,0.17219700924580614,0.42896740981956955,58.0,58.0,1277.4137931034484,709.5,1.0125607996852297,0.5689655172413793,6.942315566238929e-05,3.635613938733529e+23,1131523.6526245049,17,2025-07-21 00:00:00+00:00,1,21.604155092592592
1753120800000,74,0.5496617096636927,226.2768896702641,435467.89463481354,0.43094100783239825,37.0,0.5,0.7331622867440682,30.0,0.40540540540540543,0.3907543747132104,7.0,0.0945945945945946,,,0.0,,,0.0,0.12726712007965474,0.3036738877527435,37.0,37.0,1911.8108108108108,626.0,1.044589035077767,0.5675675675675675,7.269996935927907e-05,3.542207500364259e+23,945225.8034928575,18,2025-07-21 00:00:00+00:00,1,21.64582175925926
1753124400000,93,0.5877854800485347,307.00296067613243,603341.8105352034,0.5905555379863916,59.0,0.6344086021505376,0.6437737848935575,23.0,0.24731182795698925,0.37185059324718484,10.0,0.10752688172043011,1.295969918292954,1.0,0.010752688172043012,,,0.0,0.1880830395803724,0.4024724984060192,59.0,59.0,956.2881355932203,637.0,0.88152182077943,0.6101694915254238,8.936801050064621e-05,3.5415922241667074e+23,1609762.916885074,19,2025-07-21 00:00:00+00:00,1,21.687488425925928
1753128000000,71,0.794476214077685,283.85371925211547,490417.0263385661,0.778239491389859,41.0,0.5774647887323944,0.49937730791711105,19.0,0.2676056338028169,0.6504371058694077,9.0,0.1267605633802817,4.578944624640817,2.0,0.028169014084507043,,,0.0,0.4719065591563437,0.30633293223351526,41.0,41.0,977.8780487804878,690.0,0.8834988321758998,0.5609756097560976,6.816500120800175e-05,3.493155259895614e+23,1012746.754406047,20,2025-07-21 00:00:00+00:00,1,21.729155092592592
1753131600000,42,0.47470167895599163,125.4674184663132,245225.62551885887,0.3727435495559694,26.0,0.6190476190476191,0.6670656161915212,14.0,0.3333333333333333,0.45360980050757493,2.0,0.047619047619047616,,,0.0,,,0.0,0.1246349021003214,0.24810864745564795,26.0,26.0,1995.423076923077,751.0,1.1023499722672137,0.5,5.403744760313502e-05,3.540248064352864e+23,620884.4968727694,21,2025-07-21 00:00:00+00:00,1,21.77082175925926
1753135200000,41,0.5522775632701687,132.19581644524013,246858.98861958762,0.5645300228510293,30.0,0.7317073170731707,0.4451164251526073,8.0,0.1951219512195122,0.3995634669501412,1.0,0.024390243902439025,0.8734922701875192,2.0,0.04878048780487805,,,0.0,0.13771457302062776,0.4268154498304015,30.0,30.0,3322.1666666666665,805.5,1.4200117544704143,0.36666666666666664,4.199568807326771e-05,3.5689674074473e+23,513705.1714204466,22,2025-07-21 00:00:00+00:00,1,21.812488425925928
1753138800000,49,0.4511184063673317,128.00965046551707,252561.56015744014,0.47382139868061723,37.0,0.7551020408163265,0.4446422743682621,9.0,0.1836734693877551,0.19054323050068442,3.0,0.061224489795918366,,,0.0,,,0.0,0.14432359238359874,0.3294978062970186,37.0,37.0,1875.8648648648648,759.0,1.1106201314760786,0.4594594594594595,4.859442101411916e-05,3.564275621766988e+23,506741.52112578537,23,2025-07-21 00:00:00+00:00,1,21.854155092592592
1753142400000,49,0.6263273539418713,175.5593521834184,330566.9795662344,0.6436006952879461,33.0,0.673469387755102,0.6031500232586098,13.0,0.2653061224489796,0.536755698762515,3.0,0.061224489795918366,,,0.0,,,0.0,0.1493183352788605,0.4942823600090856,33.0,33.0,1708.7575757575758,735.0,1.073545102551156,0.5151515151515151,5.623424703478137e-05,3.564683724870194e+23,633593.6648390131,0,2025-07-22 00:00:00+00:00,1,21.89582175925926
1753146000000,135,0.7077812702488049,539.5654659876965,946644.3968466544,0.6184417011960255,76.0,0.562962962962963,0.9732438565062731,41.0,0.3037037037037037,0.4803280042185301,18.0,0.13333333333333333,,,0.0,,,0.0,0.28666722031420755,0.3317744808818179,76.0,76.0,782.8815789473684,638.5,0.811924656320981,0.6710526315789473,0.00013484940819794767,3.559413043180195e+23,2626275.8389816685,1,2025-07-22 00:00:00+00:00,1,21.937488425925928
1753149600000,78,0.5050279698113038,231.5675988823791,455017.66321240383,0.5294558601497253,55.0,0.7051282051282052,0.47403650725666563,18.0,0.23076923076923078,0.3478904412853633,5.0,0.0641025641025641,,,0.0,,,0.0,0.21420399078383173,0.3152518693658936,55.0,55.0,1212.4727272727273,789.0,0.9572853765035148,0.45454545454545453,7.739093368244333e-05,3.601422166355911e+23,931733.8982360109,2,2025-07-22 00:00:00+00:00,1,21.979155092592592
1753153200000,91,0.5743388283782821,277.08505628362434,525878.0649819935,0.6320163379251518,54.0,0.5934065934065934,0.49192586086063206,27.0,0.2967032967032967,0.39937281782007805,9.0,0.0989010989010989,1.2595975308477048,1.0,0.01098901098901099,,,0.0,0.20619401159843959,0.4258223263267122,54.0,54.0,1076.1296296296296,784.0,0.9478324562146822,0.46296296296296297,9.305768895048039e-05,3.5414503950036404e+23,1215830.4297259564,3,2025-07-22 00:00:00+00:00,1,22.02082175925926
1753156800000,69,0.5319934422769163,189.5055819881075,366373.9041002476,0.5352506524873539,38.0,0.5507246376811594,0.5710709511879463,27.0,0.391304347826087,0.23727676012830645,4.0,0.057971014492753624,,,0.0,,,0.0,0.3049965390430503,0.23025411344430358,38.0,38.0,1793.0263157894738,862.5,1.114579980199703,0.42105263157894735,7.035601166954008e-05,3.53866790171176e+23,1057735.2101240994,4,2025-07-22 00:00:00+00:00,1,22.062488425925928
1753160400000,87,0.3981870557115802,204.50977908369066,402865.13838077354,0.4363198813539199,45.0,0.5172413793103449,0.2855732414210972,27.0,0.3103448275862069,0.3412921072993572,14.0,0.16091954022988506,2.5193121654204553,1.0,0.011494252873563218,,,0.0,0.2233433427865497,0.21297653856737023,45.0,45.0,1203.6666666666667,884.0,1.0216463086034429,0.3333333333333333,9.451106776536113e-05,3.548837319285271e+23,1032833.5431885375,5,2025-07-22 00:00:00+00:00,1,22.104155092592592
1753164000000,64,0.5024342534314499,168.73142104258727,326513.4917310077,0.5532191005447855,46.0,0.71875,0.48563541341312066,11.0,0.171875,0.19510343528690413,7.0,0.109375,,,0.0,,,0.0,0.2333156135952052,0.3199034869495803,46.0,46.0,1605.5652173913043,657.0,0.9944577766765249,0.6304347826086957,6.103163984496097e-05,3.622665091778914e+23,670434.7062165712,6,2025-07-22 00:00:00+00:00,1,22.14582175925926
1753167600000,78,0.5638138269347558,210.46627406255456,405555.08776545164,0.62795466413729,43.0,0.5512820512820513,0.5644164525269434,25.0,0.32051282051282054,0.2865016629833893,10.0,0.1282051282051282,,,0.0,,,0.0,0.24945395283135843,0.3785007113059315,43.0,43.0,1734.093023255814,703.0,1.0244042732035183,0.5581395348837209,7.917719454677622e-05,3.2449472882498916e+23,1012881.4613335511,7,2025-07-22 00:00:00+00:00,1,22.187488425925928
1753171200000,125,0.604404559533016,371.3949110161684,703177.9048614958,0.6359680737758028,78.0,0.624,0.6413680340138076,34.0,0.272,0.3183497715880711,13.0,0.104,,,0.0,,,0.0,0.24618033072872977,0.389787743047073,78.0,78.0,897.5512820512821,758.0,0.8872726761695822,0.48717948717948717,8.484776647976473e-05,3.4983797843764454e+23,1385153.8093088288,8,2025-07-22 00:00:00+00:00,1,22.229155092592592
1753174800000,62,0.596640227476058,167.91457347777788,317738.7023922971,0.6655104210779071,40.0,0.6451612903225806,0.6423567448259011,15.0,0.24193548387096775,0.10513229828725622,7.0,0.11290322580645161,,,0.0,,,0.0,0.26647915243885756,0.3990312686390496,40.0,40.0,1020.825,629.5,0.8531647646605751,0.625,5.7076259909838715e-05,3.195545566509564e+23,741800.2049176008,9,2025-07-22 00:00:00+00:00,1,22.27082175925926
1753178400000,35,0.8164031648835212,132.62162178873893,231275.23274525523,0.7428070333814436,15.0,0.42857142857142855,0.9504531218017098,14.0,0.4,0.009610930057362028,4.0,0.11428571428571428,2.0436089223741005,2.0,0.05714285714285714,,,0.0,0.34258722982909134,0.40021980355235226,15.0,15.0,1735.6,834.0,1.0840922621005258,0.4,4.64294985316273e-05,3.4015137508574185e+23,607362.8920534552,10,2025-07-22 00:00:00+00:00,1,22.312488425925928
1753182000000,45,0.5959574482393747,136.83155694820036,265039.2789498628,0.5372489065902226,29.0,0.6444444444444445,0.7952693929200613,14.0,0.3111111111111111,0.05204768938727333,2.0,0.044444444444444446,,,0.0,,,0.0,0.15660288712109924,0.38064601946912346,29.0,29.0,1338.5172413793102,773.0,1.0020321246440524,0.4827586206896552,5.126093825936884e-05,3.242283515234818e+23,699088.9089636178,11,2025-07-22 00:00:00+00:00,1,22.354155092592592
1753185600000,36,0.27494132529146864,85.28554827461217,177297.66156447923,0.2638519044987482,26.0,0.7222222222222222,0.29194380751126414,9.0,0.25,0.4102439259240408,1.0,0.027777777777777776,,,0.0,,,0.0,0.18218358202345758,0.08166832247529061,26.0,26.0,972.4230769230769,838.0,0.8954348889756318,0.46153846153846156,4.858568043223294e-05,3.1678413752951266e+23,404839.73514656466,12,2025-07-22 00:00:00+00:00,1,22.39582175925926
1753189200000,112,0.7052238324587837,367.4918887955019,704542.0631922458,0.7609440662122009,65.0,0.5803571428571429,0.696747387433766,36.0,0.32142857142857145,0.40370899854319453,11.0,0.09821428571428571,,,0.0,,,0.0,0.3566721905150634,0.4042718756971375,65.0,65.0,1243.9846153846154,614.0,0.9526199923432875,0.6461538461538462,0.0001098117619210108,3.159990990835037e+23,1832482.82424802,13,2025-07-22 00:00:00+00:00,1,22.437488425925928
1753192800000,149,0.6484013634544545,471.69720163797126,890300.1826138073,0.5231789796262406,85.0,0.5704697986577181,0.8580846261641387,51.0,0.3422818791946309,0.1936600147248212,12.0,0.08053691275167785,6.055353775414334,1.0,0.006711409395973154,,,0.0,0.19593642798157065,0.32724255164467,85.0,85.0,884.9058823529411,659.0,0.867660781184347,0.6470588235294118,0.00011694316665654868,3.263548425510898e+23,2142618.5219249893,14,2025-07-22 00:00:00+00:00,1,22.479155092592592
1753196400000,78,0.6298411598621777,239.65427449451747,459609.43384692783,0.5625782692506758,48.0,0.6153846153846154,0.696571141809814,25.0,0.32051282051282054,0.3385669794159262,4.0,0.05128205128205128,3.355307082308361,1.0,0.01282051282051282,,,0.0,0.14895839461194002,0.4136198746387358,48.0,48.0,795.3541666666666,708.5,0.8343709404618215,0.5416666666666666,9.362312843998252e-05,3.1622143919195895e+23,936399.2660544263,15,2025-07-22 00:00:00+00:00,1,22.52082175925926
1753200000000,82,0.6342991884984049,238.6082799187752,457763.3009925739,0.6191816054168462,55.0,0.6707317073170732,0.7374557308234158,19.0,0.23170731707317074,0.49323578416222025,8.0,0.0975609756097561,,,0.0,,,0.0,0.21211172660495195,0.4070698788118943,55.0,55.0,1291.2545454545455,849.0,1.0106201699047814,0.4,7.562243011326392e-05,3.158454366869469e+23,880690.6881219764,16,2025-07-22 00:00:00+00:00,1,22.562488425925928
1753203600000,69,0.6271303206314169,211.4233702856825,406954.27215283964,0.6242122350869671,40.0,0.5797101449275363,0.7894487093775501,21.0,0.30434782608695654,0.21563497789506714,8.0,0.11594202898550725,,,0.0,,,0.0,0.14462798215378758,0.47958425293317947,40.0,40.0,716.2,645.0,0.8082185147552486,0.675,7.889243297258379e-05,3.140130638085937e+23,913610.1641282088,17,2025-07-22 00:00:00+00:00,1,22.604155092592592
1753207200000,96,0.7539590104651687,390.17317425670973,684884.3313884623,0.9316355559827397,62.0,0.6458333333333334,0.5317976264541325,23.0,0.23958333333333334,0.21702864775284347,11.0,0.11458333333333333,,,0.0,,,0.0,0.25690821086770055,0.6747273451150391,62.0,62.0,779.7258064516129,646.5,0.8205192084139101,0.6451612903225806,0.00010866953285573866,3.223632592629307e+23,1543553.1784465201,18,2025-07-22 00:00:00+00:00,1,22.64582175925926
1753210800000,82,0.6667105243132041,274.4561078072428,495616.1620397281,0.5878649566899644,52.0,0.6341463414634146,0.6015028788297166,22.0,0.2682926829268293,0.2653413850231192,7.0,0.08536585365853659,9.010832216388991,1.0,0.012195121951219513,,,0.0,0.13230640619035577,0.4555585504996086,52.0,52.0,822.5576923076923,817.0,0.8735343278404654,0.46153846153846156,7.604830361623955e-05,3.2232086262867774e+23,1369849.5533252386,19,2025-07-22 00:00:00+00:00,1,22.687488425925928
1753214400000,62,0.8006005924594558,297.6229657186779,443458.8653477558,0.5671441494088794,45.0,0.7258064516129032,2.6842150554009714,7.0,0.11290322580645161,0.5326244621279884,10.0,0.16129032258064516,,,0.0,,,0.0,0.24321551992342377,0.3239286294854556,45.0,45.0,857.6666666666666,661.0,0.8697217326954528,0.6,7.5469092999169e-05,3.19412658262573e+23,700284.9798268288,20,2025-07-22 00:00:00+00:00,1,22.729155092592592
1753218000000,13,0.4302277341393529,28.760301489896943,56249.88448871246,0.45785536549092665,10.0,0.7692307692307693,0.4490706393905962,2.0,0.15384615384615385,0.1162656101211289,1.0,0.07692307692307693,,,0.0,,,0.0,0.1721060745781865,0.28574929091274015,10.0,10.0,3761.1,1565.0,1.5044968491294675,0.3,3.652931488555898e-05,3.217500510766418e+23,173734.58525906486,21,2025-07-22 00:00:00+00:00,1,22.77082175925926
1753221600000,40,0.4813635918662672,102.18993460317876,199717.89150987676,0.5505457575832504,27.0,0.675,0.3240999376977546,9.0,0.225,0.3682271951557835,4.0,0.1,,,0.0,,,0.0,0.24084607626939258,0.3096996813138579,27.0,27.0,1621.888888888889,783.0,1.0260462324427733,0.48148148148148145,5.997401798000516e-05,3.210638880444286e+23,441367.61235996854,22,2025-07-22 00:00:00+00:00,1,22.812488425925928
1753225200000,55,0.46473746548646977,128.78291587031077,253465.03952039644,0.5283506737096691,37.0,0.6727272727272727,0.4413026228869453,12.0,0.21818181818181817,0.11932569997578883,6.0,0.10909090909090909,,,0.0,,,0.0,0.1464492218987954,0.3819014518108738,37.0,37.0,1918.5675675675675,722.0,1.0701160063413897,0.5135135135135135,5.633320760791071e-05,3.0970685175407384e+23,521404.4305821899,23,2025-07-22 00:00:00+00:00,1,22.854155092592592
1753228800000,51,0.44281545650383747,124.02524971689544,249519.7526990387,0.39491909439991635,32.0,0.6274509803921569,0.42951139499280555,13.0,0.2549019607843137,0.6500927039109249,5.0,0.09803921568627451,1.1120656064372891,1.0,0.0196078431372549,,,0.0,0.22711276669900876,0.1678063277009076,32.0,32.0,3252.09375,962.0,1.4572504424825088,0.34375,6.039277390691221e-05,3.1866640227521935e+23,1230551.974413428,0,2025-07-23 00:00:00+00:00,1,22.89582175925926
1753232400000,34,0.2944108943099179,70.65624426381478,142460.0754247602,0.36464383149558754,24.0,0.7058823529411765,0.13948680994136253,8.0,0.23529411764705882,0.05909532193538059,1.0,0.029411764705882353,0.08352864917682712,1.0,0.029411764705882353,,,0.0,0.21252454580710853,0.152119285688479,24.0,24.0,1149.0,682.0,0.9466335844897825,0.5833333333333334,4.7597474518922214e-05,3.219932783338022e+23,385665.90007369727,1,2025-07-23 00:00:00+00:00,1,22.937488425925928
1753236000000,31,0.5378629761285963,88.48205623396707,180727.00750117013,0.5871832360186525,21.0,0.6774193548387096,0.4553689926241575,7.0,0.22580645161290322,0.0919105853769463,2.0,0.06451612903225806,0.9715001844717895,1.0,0.03225806451612903,,,0.0,0.2890091540794666,0.2981740819391859,21.0,21.0,1046.857142857143,749.0,0.9225115134577325,0.5238095238095238,5.781800683573708e-05,3.19925127957703e+23,559765.7851697021,2,2025-07-23 00:00:00+00:00,1,22.979155092592592
1753239600000,36,0.4579825441876857,93.56770079013374,182547.52512447728,0.4204089830375944,25.0,0.6944444444444444,0.6459262165575729,8.0,0.2222222222222222,0.26991242745207983,3.0,0.08333333333333333,,,0.0,,,0.0,0.23306484950114548,0.18734413353644896,25.0,25.0,1211.0,831.0,0.998319881957543,0.48,4.644663079975741e-05,3.1435230687222104e+23,313749.7182288697,3,2025-07-23 00:00:00+00:00,1,23.02082175925926
1753243200000,28,0.3497747780674651,62.039285937975016,124911.26013571669,0.4194574784680476,19.0,0.6785714285714286,0.09243758644991225,6.0,0.21428571428571427,0.42312539209888184,3.0,0.10714285714285714,,,0.0,,,0.0,0.22441966607772565,0.19503781239032192,19.0,19.0,2325.5263157894738,913.0,1.2579798489585203,0.42105263157894735,4.586051499073965e-05,3.212865917898676e+23,416056.192590406,4,2025-07-23 00:00:00+00:00,1,23.062488425925928
1753246800000,23,0.39228642040879685,52.467121370308334,103972.18101266562,0.5318865807523815,11.0,0.4782608695652174,0.3039719641737962,9.0,0.391304347826087,0.14536253452065503,3.0,0.13043478260869565,,,0.0,,,0.0,0.18563721149616946,0.34624936925621197,11.0,11.0,1043.4545454545455,687.0,0.9436103003804823,0.6363636363636364,4.362530819491211e-05,3.247254799833043e+23,295613.0999456081,5,2025-07-23 00:00:00+00:00,1,23.104155092592592
1753250400000,29,0.5145813057786353,87.79372202118459,183197.25041869617,0.4099428058239784,23.0,0.7931034482758621,1.3410742086500438,3.0,0.10344827586206896,0.03758683686017495,1.0,0.034482758620689655,0.7166819354093068,2.0,0.06896551724137931,,,0.0,0.20607849452331153,0.20386431130066687,23.0,23.0,1931.0,811.0,1.1169437087494696,0.4782608695652174,3.5047734300486245e-05,3.205233089372975e+23,372427.81655809504,6,2025-07-23 00:00:00+00:00,1,23.14582175925926
1753254000000,14,0.48422701202834667,47.01037600487301,100754.06958397932,0.3600243960935964,9.0,0.6428571428571429,0.7077917207108974,5.0,0.35714285714285715,,,0.0,,,0.0,,,0.0,0.129343392416367,0.23068100367722938,9.0,9.0,1489.4444444444443,497.0,0.9672114019603977,0.6666666666666666,4.624153683409389e-05,3.205982563240897e+23,288195.4355020049,7,2025-07-23 00:00:00+00:00,1,23.187488425925928
1753257600000,33,0.39812838360952824,72.57258679030356,143581.59184470266,0.39854842750683933,29.0,0.8787878787878788,0.19761114902428367,2.0,0.06060606060606061,0.03953729950934449,1.0,0.030303030303030304,1.1455726638581787,1.0,0.030303030303030304,,,0.0,0.1808524205604907,0.21769600694634866,29.0,29.0,1152.448275862069,629.0,0.9159592047550129,0.5172413793103449,4.4250289333552246e-05,3.208011854638587e+23,397302.8181257862,8,2025-07-23 00:00:00+00:00,1,23.229155092592592
1753261200000,42,0.4470198808764537,97.81509522461857,192050.54347284706,0.5559009136984193,25.0,0.5952380952380952,0.33393204166241836,12.0,0.2857142857142857,0.17402553088031059,5.0,0.11904761904761904,,,0.0,,,0.0,0.1650010254726374,0.3908998882257819,25.0,25.0,2011.04,592.0,1.0307033978915399,0.68,3.8938628713359124e-05,3.1281232498096927e+23,591602.0137310794,9,2025-07-23 00:00:00+00:00,1,23.27082175925926
1753264800000,34,0.6067510335026691,112.63468421693997,192996.6246289409,0.5895071775937559,21.0,0.6176470588235294,0.14113686582742493,9.0,0.2647058823529412,1.7449131542937635,4.0,0.11764705882352941,,,0.0,,,0.0,0.21818690258389406,0.3713202750098618,21.0,21.0,1101.2857142857142,525.0,0.8249566841785091,0.7619047619047619,5.362678293115701e-05,3.145356337168482e+23,720060.3087204421,10,2025-07-23 00:00:00+00:00,1,23.312488425925928
1753268400000,33,0.6630110621311375,118.68881287818036,212329.68475476088,0.4795108524643723,22.0,0.6666666666666666,0.22150179012914595,6.0,0.18181818181818182,2.000223111067294,5.0,0.15151515151515152,,,0.0,,,0.0,0.16894230781288072,0.31056854465149153,22.0,22.0,1450.1363636363637,729.5,1.0295759500917139,0.5,4.819221571056801e-05,3.234170771757966e+23,777355.5738848571,11,2025-07-23 00:00:00+00:00,1,23.354155092592592
1753272000000,51,0.6347193016479434,157.2177778772391,290859.8581526724,0.6994679462166519,25.0,0.49019607843137253,0.7195356636347698,16.0,0.3137254901960784,0.33714151104724965,10.0,0.19607843137254902,,,0.0,,,0.0,0.3133225607800315,0.38614538543662036,25.0,25.0,1172.88,839.0,1.0146126690606858,0.36,6.798351718315577e-05,3.2191649067652385e+23,858387.8333319299,12,2025-07-23 00:00:00+00:00,1,23.39582175925926
1753275600000,104,0.42063193887928885,242.78536906580044,483203.78219402576,0.5513364879969449,43.0,0.41346153846153844,0.370555201059513,43.0,0.41346153846153844,0.2280210563343531,18.0,0.17307692307692307,,,0.0,,,0.0,0.23313139183373527,0.3182050961632095,43.0,43.0,869.4186046511628,732.0,0.8530540616050716,0.5581395348837209,8.985315600268871e-05,3.3239251588156224e+23,1656425.1059934807,13,2025-07-23 00:00:00+00:00,1,23.437488425925928
1753279200000,100,0.8027034762916263,393.60994773208694,665903.3434370961,0.8000795300635326,49.0,0.49,0.5349665583961529,42.0,0.42,2.1170290601426816,7.0,0.07,1.8893258912061661,2.0,0.02,,,0.0,0.33316586585660085,0.4669136642069317,49.0,49.0,813.204081632653,741.0,0.865423930761879,0.5306122448979592,0.00010266927867268355,3.384345380224913e+23,1650692.4528559865,14,2025-07-23 00:00:00+00:00,1,23.479155092592592
1753282800000,80,0.6347898813520618,235.19873668889815,441160.4155774293,0.6385376890684124,45.0,0.5625,0.7747149298708441,23.0,0.2875,0.31345410775869104,11.0,0.1375,0.7825559277113746,1.0,0.0125,,,0.0,0.2503096976289014,0.388227991439511,45.0,45.0,1360.2666666666667,772.0,1.0224303489661213,0.4444444444444444,7.25787794771106e-05,3.180358510183973e+23,2331249.6639465042,15,2025-07-23 00:00:00+00:00,1,23.52082175925926
1753286400000,98,0.5561995826634307,264.09620258164654,517732.7993682727,0.6396330563374119,56.0,0.5714285714285714,0.3501061444592043,27.0,0.2755102040816326,0.31817701320759956,12.0,0.12244897959183673,1.8057059624104799,3.0,0.030612244897959183,,,0.0,0.29632667104984456,0.3433063852875673,56.0,56.0,897.9821428571429,679.0,0.8867461501157872,0.5535714285714286,9.552076227501548e-05,3.07217917474933e+23,1265005.6470685457,16,2025-07-23 00:00:00+00:00,1,23.562488425925928
1753290000000,124,0.6151100336523122,348.10139359862376,644094.8874837072,0.6230718952430518,68.0,0.5483870967741935,0.6907158882060374,42.0,0.3387096774193548,0.25545761550311175,12.0,0.0967741935483871,0.9145983028341398,2.0,0.016129032258064516,,,0.0,0.28267126691512406,0.3404006283279278,68.0,68.0,982.5441176470588,690.0,0.8971897495046781,0.5441176470588235,0.00010067099748463377,3.002089912076551e+23,1581785.6892549407,17,2025-07-23 00:00:00+00:00,1,23.604155092592592
1753293600000,44,0.37109336536894566,94.14940775362965,186215.95725579414,0.43881779261250065,22.0,0.5,0.39491806716488326,16.0,0.36363636363636365,0.05923792735341038,6.0,0.13636363636363635,,,0.0,,,0.0,0.15657321447704475,0.28224457813545584,22.0,22.0,1424.2727272727273,585.0,1.0474911431176255,0.5909090909090909,6.603978219692276e-05,3.244911423534812e+23,536707.9106673141,18,2025-07-23 00:00:00+00:00,1,23.64582175925926
1753297200000,32,0.5564251934998864,90.7842822246154,175746.4029420492,0.5591075327369378,22.0,0.6875,0.6672634558392608,8.0,0.25,0.08356641253482333,2.0,0.0625,,,0.0,,,0.0,0.34753587217879295,0.21157166055814483,22.0,22.0,719.9545454545455,609.5,0.7946028831755744,0.6818181818181818,5.792246382212424e-05,3.305663098261795e+23,357234.2064929117,19,2025-07-23 00:00:00+00:00,1,23.687488425925928
1753300800000,94,0.49628806918367213,212.91290180548881,395983.4090322987,0.7197774930671055,48.0,0.5106382978723404,0.26324938642715917,26.0,0.2765957446808511,0.262863739446899,20.0,0.2127659574468085,,,0.0,,,0.0,0.19559530520253174,0.5241821878645738,48.0,48.0,705.4375,518.5,0.7665673434618568,0.7083333333333334,8.40659830229835e-05,3.095457704673133e+23,1097252.1969246918,20,2025-07-23 00:00:00+00:00,1,23.729155092592592
1753304400000,74,0.40111707850415684,134.9880940993225,263286.57041395665,0.4222727431354357,37.0,0.5,0.47030772660538483,23.0,0.3108108108108108,0.23562633913407718,13.0,0.17567567567567569,0.17835219262963153,1.0,0.013513513513513514,,,0.0,0.17588430358524837,0.24638843955018733,37.0,37.0,1329.4324324324325,582.0,0.8725383734235487,0.6756756756756757,9.357168728365118e-05,3.027251951738807e+23,998945.5026846747,21,2025-07-23 00:00:00+00:00,1,23.77082175925926
1753308000000,34,0.54261811168293,95.76602134337861,177702.15480369644,0.7405198598654963,22.0,0.6470588235294118,0.19733636019870093,10.0,0.29411764705882354,0.09210763909584407,2.0,0.058823529411764705,,,0.0,,,0.0,0.17369386480054866,0.5668259950649477,22.0,22.0,2673.3636363636365,960.5,1.3022216788170449,0.3181818181818182,4.731007641603334e-05,3.183846880103298e+23,351476.6059586572,22,2025-07-23 00:00:00+00:00,1,23.812488425925928
1753311600000,31,0.7344844687375991,107.62611305477272,204240.6489708277,0.8033885782048319,19.0,0.6129032258064516,0.6677259061069795,10.0,0.3225806451612903,0.41368824195198595,2.0,0.06451612903225806,,,0.0,,,0.0,0.3506536066026311,0.4527349716022007,19.0,19.0,1059.3684210526317,796.0,0.966098741793289,0.3157894736842105,5.041221207388946e-05,3.2374399357493357e+23,477191.2264447208,23,2025-07-23 00:00:00+00:00,1,23.854155092592592
1753315200000,47,0.44170481453489213,112.61605904238706,220160.68030893116,0.5115705589519978,29.0,0.6170212765957447,0.3083182261764211,14.0,0.2978723404255319,0.4020312267655245,4.0,0.0851063829787234,,,0.0,,,0.0,0.25876821637080033,0.2528023425811974,29.0,29.0,2360.206896551724,611.0,1.1622319833740367,0.6206896551724138,6.011804247109481e-05,3.306236833049339e+23,595368.3714148056,0,2025-07-24 00:00:00+00:00,1,23.89582175925926
1753318800000,42,0.3543971599181608,87.79721204589782,173138.4118686367,0.49269748531831165,22.0,0.5238095238095238,0.2900303636727041,10.0,0.23809523809523808,0.11450324028328562,10.0,0.23809523809523808,,,0.0,,,0.0,0.19658878876192631,0.2961086965563853,22.0,22.0,1692.9545454545455,591.0,0.9801513033035101,0.7727272727272727,5.0288851965037307e-05,3.395071352752706e+23,518385.04213077825,1,2025-07-24 00:00:00+00:00,1,23.937488425925928
1753322400000,28,0.4276877826882143,58.501764775094856,114541.63472561813,0.4250210995375191,20.0,0.7142857142857143,0.45863491989294136,7.0,0.25,0.26439148526902645,1.0,0.03571428571428571,,,0.0,,,0.0,0.24490251079257055,0.18011858874494857,20.0,20.0,1235.95,779.5,1.0247423954090116,0.45,2.968093188539404e-05,3.387420261041888e+23,435435.7747097843,2,2025-07-24 00:00:00+00:00,1,23.979155092592592
1753326000000,63,0.6379074013519174,189.4156673539176,357456.9650978705,0.6588467873829166,44.0,0.6984126984126984,0.37370725564160573,15.0,0.23809523809523808,1.0686826856187759,2.0,0.031746031746031744,1.7279667172304158,2.0,0.031746031746031744,,,0.0,0.38120302527382444,0.27764376210909214,44.0,44.0,673.9772727272727,550.0,0.7814082368518381,0.6818181818181818,4.881512305048992e-05,3.341436855910798e+23,750470.5757185663,3,2025-07-24 00:00:00+00:00,1,24.02082175925926
1753329600000,74,0.6228474635985828,220.31355457201082,415209.9435391039,0.5304107442377917,47.0,0.6351351351351351,0.8109724662724903,21.0,0.28378378378378377,0.21474512779784838,4.0,0.05405405405405406,1.6360025121026123,2.0,0.02702702702702703,,,0.0,0.2884672078587667,0.2419435363790249,47.0,47.0,1321.872340425532,783.0,1.0055274536622607,0.44680851063829785,7.727629906953758e-05,3.145745724051998e+23,894978.0217469198,4,2025-07-24 00:00:00+00:00,1,24.062488425925928
1753333200000,56,0.5203514861369904,138.14467207131375,267823.65669089503,0.5661972840596595,40.0,0.7142857142857143,0.4773992916663686,13.0,0.23214285714285715,0.0952003565407632,3.0,0.05357142857142857,,,0.0,,,0.0,0.24115438800540331,0.3250428960542562,40.0,40.0,1108.6,904.5,0.9651046692211519,0.4,6.599166589488418e-05,2.9971865148922885e+23,780152.3129804335,5,2025-07-24 00:00:00+00:00,1,24.104155092592592
1753336800000,59,0.5310228323743843,183.05972791853364,291190.3308122459,0.42109635690946867,27.0,0.4576271186440678,0.7640218329136257,24.0,0.4067796610169492,0.20302768545075056,8.0,0.13559322033898305,,,0.0,,,0.0,0.3378132096389603,0.08328314727050838,27.0,27.0,1151.888888888889,692.0,0.9338531184179859,0.5185185185185185,7.581513780744112e-05,2.9977145029031637e+23,1524660.893553459,6,2025-07-24 00:00:00+00:00,1,24.14582175925926
1753340400000,81,0.5800393619640947,234.32718527480068,461634.4679504715,0.601402331265813,53.0,0.654320987654321,0.5358078369383,16.0,0.19753086419753085,0.5446616142492318,12.0,0.14814814814814814,,,0.0,,,0.0,0.21623066884480532,0.3851716624210077,53.0,53.0,871.5094339622641,706.0,0.8742055877253775,0.6037735849056604,8.99650095625216e-05,3.0644853216641705e+23,1027202.4332286903,7,2025-07-24 00:00:00+00:00,1,24.187488425925928
1753344000000,44,0.5622718557583252,115.35155051953562,223528.47428634253,0.5353545977014319,26.0,0.5909090909090909,0.6327481237723868,11.0,0.25,0.551501821661832,7.0,0.1590909090909091,,,0.0,,,0.0,0.2653083159103902,0.2700462817910416,26.0,26.0,2546.6153846153848,759.5,1.1594510549472263,0.5,5.48449842850618e-05,3.186433266433834e+23,584178.182894554,8,2025-07-24 00:00:00+00:00,1,24.229155092592592
1753347600000,41,0.4915013501258201,103.21329344020326,203168.12947990675,0.5269397566838628,24.0,0.5853658536585366,0.43446448865342935,9.0,0.21951219512195122,0.44935259960813145,8.0,0.1951219512195122,,,0.0,,,0.0,0.30706372187675346,0.21987603480710938,24.0,24.0,946.0,759.5,0.8978750114844072,0.5,5.736624014434985e-05,3.1850011699087694e+23,499563.2243290006,9,2025-07-24 00:00:00+00:00,1,24.27082175925926
1753351200000,40,0.49924724276329424,103.09855728137583,197700.39449236842,0.7582383429487515,20.0,0.5,0.25229664949041397,15.0,0.375,0.20413462184010625,5.0,0.125,,,0.0,,,0.0,0.356295153886914,0.40194318906183746,20.0,20.0,715.7,579.5,0.7896124441387197,0.7,4.780013502495532e-05,3.144068539353639e+23,637044.489328,10,2025-07-24 00:00:00+00:00,1,24.312488425925928
1753354800000,19,0.9307582756852387,87.35162842424963,145456.3688833578,1.8502390410803138,8.0,0.42105263157894735,0.2980365673876983,6.0,0.3157894736842105,0.21885510101016684,5.0,0.2631578947368421,,,0.0,,,0.0,0.5604119702495901,1.2898270708307236,8.0,8.0,734.625,768.0,0.8460257074989006,0.375,4.3382471679477234e-05,3.200900241231605e+23,361760.0594327972,11,2025-07-24 00:00:00+00:00,1,24.354155092592592
1753358400000,47,0.6257857627891853,142.29152154079304,270329.46249635407,0.6284919530863957,22.0,0.46808510638297873,0.7873107421149012,16.0,0.3404255319148936,0.33201511215028756,9.0,0.19148936170212766,,,0.0,,,0.0,0.341860150039699,0.2866318030466966,22.0,22.0,1267.6818181818182,835.0,0.9667715810998025,0.5,6.156343992868386e-05,3.2216376845690725e+23,693981.4917479524,12,2025-07-24 00:00:00+00:00,1,24.39582175925926
1753362000000,68,0.49319221322436585,174.3473862723537,343428.00909475336,0.5331811039739777,37.0,0.5441176470588235,0.5319806035465248,17.0,0.25,0.34040709942348457,14.0,0.20588235294117646,,,0.0,,,0.0,0.31022508807132665,0.22295601590265096,37.0,37.0,996.5675675675676,734.0,0.9243294426363796,0.5675675675675675,7.503658032789711e-05,3.215560355547838e+23,878351.6023675704,13,2025-07-24 00:00:00+00:00,1,24.437488425925928
1753365600000,123,0.5972118901487999,350.7920501021426,665994.2426687076,0.6799218986720419,70.0,0.5691056910569106,0.4481467287070816,34.0,0.2764227642276423,0.5676887810157054,18.0,0.14634146341463414,0.40714274693598884,1.0,0.008130081300813009,,,0.0,0.20128949087065137,0.4786324078013905,70.0,70.0,890.7142857142857,709.5,0.8672126999424764,0.5714285714285714,9.197958141819786e-05,3.173116779197117e+23,2046670.5122932997,14,2025-07-24 00:00:00+00:00,1,24.479155092592592
1753369200000,93,0.6248531379966153,299.39994697473594,562586.7528341506,0.6636297083097731,52.0,0.5591397849462365,0.6925366069408382,27.0,0.2903225806451613,0.35029347244102865,14.0,0.15053763440860216,,,0.0,,,0.0,0.37267179193279254,0.29095791637698054,52.0,52.0,872.7884615384615,729.0,0.8806129743069087,0.5384615384615384,8.977835298235069e-05,3.310468764200686e+23,1492663.595885975,15,2025-07-24 00:00:00+00:00,1,24.52082175925926
1753372800000,63,0.41655568859914865,154.98389774813003,307022.0272255257,0.5426655501494262,29.0,0.4603174603174603,0.3395139130897275,21.0,0.3333333333333333,0.259685788656056,13.0,0.20634920634920634,,,0.0,,,0.0,0.1824088189335458,0.36025673121588037,29.0,29.0,1085.7241379310344,778.0,0.9512010258552681,0.4482758620689655,7.911408709617183e-05,3.242178302953542e+23,838381.5204577167,16,2025-07-24 00:00:00+00:00,1,24.562488425925928
1753376400000,44,0.5780211870650287,128.26246401542272,243334.22321844698,0.47365130117087717,31.0,0.7045454545454546,0.9189813518340467,11.0,0.25,0.20871429266822605,1.0,0.022727272727272728,0.43223273172133136,1.0,0.022727272727272728,,,0.0,0.21841396813173297,0.2552373330391442,31.0,31.0,763.6774193548387,531.0,0.7955733148524503,0.7419354838709677,5.670882934174281e-05,3.2908264081355804e+23,565965.2758456535,17,2025-07-24 00:00:00+00:00,1,24.604155092592592
1753380000000,54,0.49341139473923656,138.98526379254602,273169.2567320564,0.5990796107134865,30.0,0.5555555555555556,0.24797404762871483,14.0,0.25925925925925924,0.5200190327712172,10.0,0.18518518518518517,,,0.0,,,0.0,0.24554401041099616,0.3535356003024903,30.0,30.0,2359.4666666666667,822.5,1.2223008335914964,0.3333333333333333,6.706084824571812e-05,3.351381593615887e+23,597885.5473360986,18,2025-07-24 00:00:00+00:00,1,24.64582175925926
1753383600000,38,0.45579497255611656,105.58645284374032,207968.80136427813,0.44556579358095494,24.0,0.631578947368421,0.3764383270517932,11.0,0.2894736842105263,0.14374640169679143,1.0,0.02631578947368421,1.1710309559614984,2.0,0.05263157894736842,,,0.0,0.23197520484075518,0.21359058874019973,24.0,24.0,766.625,594.5,0.8348948818669221,0.75,4.704672673986617e-05,3.332060212918429e+23,425160.6299366362,19,2025-07-24 00:00:00+00:00,1,24.687488425925928
1753387200000,16,0.3565911048548269,36.296179326087646,73448.5244954662,0.4055947796959425,11.0,0.6875,0.2812026109935738,4.0,0.25,0.11910465704756834,1.0,0.0625,,,0.0,,,0.0,0.19289704360124305,0.2126977360946994,11.0,11.0,1950.3636363636363,835.0,1.136804584008069,0.45454545454545453,4.369761441185015e-05,3.2624472012579595e+23,161506.901327817,20,2025-07-24 00:00:00+00:00,1,24.729155092592592
1753390800000,16,0.40577016131797694,38.185262329791655,78062.84213639829,0.5511891441353266,10.0,0.625,0.1886274104548934,5.0,0.3125,0.03729408745989805,1.0,0.0625,,,0.0,,,0.0,0.30919468514545734,0.24199445898986927,10.0,10.0,1309.2,907.5,1.0598707442073048,0.4,2.7863264581615688e-05,3.2207951552428155e+23,154273.81962641794,21,2025-07-24 00:00:00+00:00,1,24.77082175925926
1753394400000,34,0.5023615505351384,80.25739133493792,155421.2883242922,0.5660680226305991,20.0,0.5882352941176471,0.4393743236537714,13.0,0.38235294117647056,0.04706605808369336,1.0,0.029411764705882353,,,0.0,,,0.0,0.10202637749240784,0.46404164513819124,20.0,20.0,1421.75,771.0,1.0589325987083122,0.45,5.1892853005544295e-05,3.346388347646963e+23,292879.87286785006,22,2025-07-24 00:00:00+00:00,1,24.812488425925928
1753398000000,31,0.2772818198513455,60.350118662179526,122854.6881413215,0.3016166183996535,11.0,0.3548387096774194,0.15890402258420624,13.0,0.41935483870967744,0.4588859027715485,7.0,0.22580645161290322,,,0.0,,,0.0,0.21132122969245792,0.09029538870719556,11.0,11.0,1609.0,828.0,1.0990216821536998,0.45454545454545453,5.781333892553849e-05,3.345904499238434e+23,338584.96280051244,23,2025-07-24 00:00:00+00:00,1,24.854155092592592
1753401600000,41,0.5109666640243617,106.64442279426812,204206.37794172685,0.575810433784497,26.0,0.6341463414634146,0.40868477210226356,13.0,0.3170731707317073,0.3328299546362422,2.0,0.04878048780487805,,,0.0,,,0.0,0.24156345988094982,0.33424697390354713,26.0,26.0,1216.5,714.5,1.0014386222982448,0.5769230769230769,6.295385718884344e-05,3.1323371908597825e+23,576101.1877445455,0,2025-07-25 00:00:00+00:00,1,24.89582175925926
1753405200000,45,0.7337275199717601,159.55151821788706,295906.282525312,0.6013910882336143,31.0,0.6888888888888889,1.2635800360878582,9.0,0.2,0.3987849669959175,4.0,0.08888888888888889,1.4072544707127754,1.0,0.022222222222222223,,,0.0,0.2964794478551552,0.304911640378459,31.0,31.0,1365.6451612903227,637.0,1.001335680112247,0.6129032258064516,6.171653724098388e-05,3.026998278434473e+23,919452.2116122863,1,2025-07-25 00:00:00+00:00,1,24.937488425925928
1753408800000,70,0.6702535138729423,218.75275797586718,409797.91864765564,0.5851848340291896,44.0,0.6285714285714286,1.0685117905742405,18.0,0.2571428571428571,0.20920913107435002,7.0,0.1,0.47193712596483184,1.0,0.014285714285714285,,,0.0,0.2561608541156565,0.32902397991353316,44.0,44.0,1359.840909090909,896.0,1.0624651638025513,0.38636363636363635,6.825945908058051e-05,2.98787636064174e+23,1071604.3384963204,2,2025-07-25 00:00:00+00:00,1,24.979155092592592
1753412400000,162,0.8521813370795742,506.67521917604785,930722.7058442403,0.7026573337025558,92.0,0.5679012345679012,1.3377671025355768,47.0,0.29012345679012347,0.4579933950905994,23.0,0.1419753086419753,,,0.0,,,0.0,0.29979450813041947,0.4028628255721362,92.0,92.0,934.4239130434783,759.0,0.8980960583837414,0.4782608695652174,0.00011947152286116023,2.5412804213738125e+23,2670379.8854958634,3,2025-07-25 00:00:00+00:00,1,25.02082175925926
1753416000000,133,0.7520845833886267,327.1166300508195,630807.9188112678,0.7956178625004027,86.0,0.6466165413533834,0.8772460902664732,29.0,0.21804511278195488,0.34233949169182754,15.0,0.11278195488721804,0.3429614741825244,3.0,0.022556390977443608,,,0.0,0.38038214738243054,0.4152357151179722,86.0,86.0,734.1395348837209,715.0,0.8310271376256704,0.5930232558139535,9.944577967862481e-05,2.2864181399183515e+23,1484325.3257868378,4,2025-07-25 00:00:00+00:00,1,25.062488425925928
1753419600000,108,0.6403770569149058,235.26976572045362,454548.28556042135,0.697926034955066,67.0,0.6203703703703703,0.4689272447249747,20.0,0.18518518518518517,0.4590109580663231,19.0,0.17592592592592593,2.1499623535303813,2.0,0.018518518518518517,,,0.0,0.2599318410530053,0.4379941939020607,67.0,67.0,1074.3731343283582,730.0,0.9457911653113409,0.5522388059701493,9.139670490044164e-05,2.3040495999998547e+23,904002.6023157856,5,2025-07-25 00:00:00+00:00,1,25.104155092592592
1753423200000,45,0.4734249603023914,72.08544906191821,143300.5363933641,0.5052519048306435,30.0,0.6666666666666666,0.38247828803273254,10.0,0.2222222222222222,0.46435663767219626,5.0,0.1111111111111111,,,0.0,,,0.0,0.3822613983487791,0.12299050648186445,30.0,30.0,1551.6666666666667,739.0,1.0762024981503682,0.5,3.819180932363379e-05,2.167769536248164e+23,430041.4594882964,6,2025-07-25 00:00:00+00:00,1,25.14582175925926
1753426800000,134,0.8690477451871039,383.77150583567106,709023.4055995854,0.8838332624705786,78.0,0.582089552238806,0.969065314605874,30.0,0.22388059701492538,0.44613918947866216,24.0,0.1791044776119403,3.867051698351336,2.0,0.014925373134328358,,,0.0,0.34432979404706116,0.5395034684235175,78.0,78.0,833.7435897435897,605.5,0.8396698139143103,0.6282051282051282,0.00011092881169138382,2.286953385755068e+23,1652817.7426347225,7,2025-07-25 00:00:00+00:00,1,25.187488425925928
1753430400000,146,0.7707989683197639,433.3181067343938,702747.190389579,0.7276300475507311,85.0,0.5821917808219178,0.6242459809287964,32.0,0.2191780821917808,0.4425461480043869,28.0,0.1917808219178082,18.320931799029054,1.0,0.00684931506849315,,,0.0,0.30848904601243027,0.41914100153830086,85.0,85.0,1309.2588235294118,785.0,1.006177374668904,0.4823529411764706,0.00011246403863691215,2.3592197105431874e+23,1473074.2418104932,8,2025-07-25 00:00:00+00:00,1,25.229155092592592
1753434000000,104,0.7807776645178399,315.0658471316059,544183.0809679145,0.6337013233296422,63.0,0.6057692307692307,1.218672483841832,26.0,0.25,0.5392561043693815,13.0,0.125,1.2909399016991552,2.0,0.019230769230769232,,,0.0,0.2868046580845624,0.3468966652450799,63.0,63.0,1130.3174603174602,689.0,0.942620196696439,0.6031746031746031,0.00010326936676841488,2.5247455099341384e+23,1393377.6290983723,9,2025-07-25 00:00:00+00:00,1,25.27082175925926
1753437600000,66,0.6389891825566212,176.29411099231177,337725.676606293,0.5842107801597985,41.0,0.6212121212121212,0.7987505829963185,15.0,0.22727272727272727,0.21785046151995713,8.0,0.12121212121212122,2.2482908125404144,2.0,0.030303030303030304,,,0.0,0.2398449012212888,0.3443658789385096,41.0,41.0,1149.658536585366,717.0,0.931855949360343,0.5853658536585366,6.919331427861188e-05,2.689204855082403e+23,845482.0924094478,10,2025-07-25 00:00:00+00:00,1,25.312488425925928
1753441200000,50,0.5418364090741078,119.34000567712462,223041.9193452227,0.4994181433993883,33.0,0.66,0.8940606378599103,10.0,0.2,0.23863076327521085,7.0,0.14,,,0.0,,,0.0,0.27384246763008435,0.2255756757693039,33.0,33.0,1919.2121212121212,650.0,1.0760789774230208,0.5757575757575758,5.838693953292763e-05,2.724870429371818e+23,603081.4653137779,11,2025-07-25 00:00:00+00:00,1,25.354155092592592
1753444800000,133,0.5940268452166364,313.95486979028016,602936.3931724572,0.6589945227574884,76.0,0.5714285714285714,0.5697039639554523,40.0,0.3007518796992481,0.2853142694195969,16.0,0.12030075187969924,1.5687998153118876,1.0,0.007518796992481203,,,0.0,0.26005880778135065,0.3989357149761376,76.0,76.0,977.2763157894736,733.0,0.9174206587420809,0.5263157894736842,8.445563838972672e-05,2.6987539809896407e+23,1210307.5189653626,12,2025-07-25 00:00:00+00:00,1,25.39582175925926
1753448400000,134,0.5882407195316735,316.35735077795596,613255.2238687769,0.6034345029059183,94.0,0.7014925373134329,0.5577430343305093,27.0,0.20149253731343283,0.5648907521940737,12.0,0.08955223880597014,0.2636621908352942,1.0,0.007462686567164179,,,0.0,0.309089163600896,0.29434533930502227,94.0,94.0,963.5425531914893,756.5,0.9176827048751159,0.5,0.00012977595769035684,2.6552022028199317e+23,1270932.7529679064,13,2025-07-25 00:00:00+00:00,1,25.437488425925928
1753452000000,155,0.686781806788155,420.13984581034276,803852.0153438741,0.7008427233061253,89.0,0.5741935483870968,0.7201104929192154,47.0,0.3032258064516129,0.5384728689850407,19.0,0.12258064516129032,,,0.0,,,0.0,0.2959204313187829,0.4049222919873424,89.0,89.0,921.0674157303371,705.0,0.8904800872288153,0.5393258426966292,0.00011421564476913781,2.5760102762795057e+23,2023030.5628063804,14,2025-07-25 00:00:00+00:00,1,25.479155092592592
1753455600000,113,0.6088790429715738,280.40004187505815,547759.8921447339,0.659970619620496,67.0,0.5929203539823009,0.5768552648171826,34.0,0.3008849557522124,0.414351778119201,12.0,0.10619469026548672,,,0.0,,,0.0,0.23289284985128933,0.42707776976920653,67.0,67.0,918.5074626865671,704.0,0.8903501090261504,0.5522388059701493,0.00010040617689456845,2.6762045443009633e+23,1133865.3661979304,15,2025-07-25 00:00:00+00:00,1,25.52082175925926
1753459200000,86,0.5922403668307159,215.25609583917293,422450.08408563887,0.5971779998241168,52.0,0.6046511627906976,0.6171352495137493,25.0,0.29069767441860467,0.4945593687493064,9.0,0.10465116279069768,,,0.0,,,0.0,0.28842682603810527,0.30875117378601147,52.0,52.0,1666.0961538461538,687.0,1.076598991306906,0.5384615384615384,8.642622469474122e-05,2.771784253637329e+23,791417.0122655958,16,2025-07-25 00:00:00+00:00,1,25.562488425925928
1753462800000,69,0.6806605174559323,195.87827898247653,373541.22502382466,0.6586734632052178,45.0,0.6521739130434783,0.7977922392466199,19.0,0.2753623188405797,0.4334434629077498,5.0,0.07246376811594203,,,0.0,,,0.0,0.33529957688176154,0.32337388632345626,45.0,45.0,1408.0444444444445,784.0,1.0000771104383275,0.4666666666666667,7.690640409030032e-05,2.8471858346778183e+23,820092.5586147778,17,2025-07-25 00:00:00+00:00,1,25.604155092592592
1753466400000,25,0.3958742977973983,54.027210033474745,106893.6658185176,0.47718190447098174,16.0,0.64,0.09075551671700477,5.0,0.2,0.4520423474535561,4.0,0.16,,,0.0,,,0.0,0.152411427154016,0.32477047731696573,16.0,16.0,796.25,660.0,0.8727404675754589,0.6875,4.501403891476392e-05,2.85652299683209e+23,246719.0486198863,18,2025-07-25 00:00:00+00:00,1,25.64582175925926
1753470000000,51,0.583476463091515,143.8252077890151,280909.79351154773,0.6284010663932663,36.0,0.7058823529411765,0.5668561536384694,11.0,0.21568627450980393,0.2248608843716292,4.0,0.0784313725490196,,,0.0,,,0.0,0.27287429140124403,0.35552677499202223,36.0,36.0,800.75,590.5,0.8128086502763489,0.6944444444444444,6.819563030739691e-05,2.86629152291884e+23,606606.3524152137,19,2025-07-25 00:00:00+00:00,1,25.687488425925928
1753473600000,54,0.6361580978417266,149.07676526878768,280683.0383928536,0.6479929691010251,34.0,0.6296296296296297,0.7090125729747734,15.0,0.2777777777777778,0.3371175478793552,5.0,0.09259259259259259,,,0.0,,,0.0,0.2601930643160732,0.38779990478495197,34.0,34.0,1311.0588235294117,800.5,1.013861207245324,0.47058823529411764,6.983333953484637e-05,2.8753703609320418e+23,624910.5488832655,20,2025-07-25 00:00:00+00:00,1,25.729155092592592
1753477200000,42,0.5162934520682401,109.16132636181268,214329.58393402823,0.5943798362072844,28.0,0.6666666666666666,0.3875885475993904,12.0,0.2857142857142857,0.19531350093471722,2.0,0.047619047619047616,,,0.0,,,0.0,0.1346784663938715,0.45970136981341286,28.0,28.0,1357.142857142857,851.5,1.0314358068161524,0.39285714285714285,5.0937021220620005e-05,2.945146392307467e+23,487866.00619028776,21,2025-07-25 00:00:00+00:00,1,25.77082175925926
1753480800000,10,0.302139559080432,18.213190992339545,36389.12417449364,0.3100049996981368,5.0,0.5,0.001841862569689108,2.0,0.2,0.48922895572475267,3.0,0.3,,,0.0,,,0.0,0.1942226580696803,0.11578234162845646,5.0,5.0,3659.8,426.0,1.2362740158968912,0.8,3.137253124218504e-05,3.0570729999836485e+23,121595.33373919872,22,2025-07-25 00:00:00+00:00,1,25.812488425925928
1753484400000,15,0.3453901083084046,33.51423274619222,68456.57231711702,0.4556109184153988,10.0,0.6666666666666666,0.09248827546299176,4.0,0.26666666666666666,0.25478933862011377,1.0,0.06666666666666667,,,0.0,,,0.0,0.10783469828235404,0.34777622013304477,10.0,10.0,552.0,539.5,0.7331668391253577,0.9,3.4921245303739384e-05,3.0692663628228525e+23,253682.76541645534,23,2025-07-25 00:00:00+00:00,1,25.854155092592592
1753488000000,28,0.4432267804695375,56.072687702786105,109176.0477816113,0.426441059359368,21.0,0.75,0.6542920296673848,5.0,0.17857142857142858,0.09181372913169994,2.0,0.07142857142857142,,,0.0,,,0.0,0.19365303392471653,0.23278802543465138,21.0,21.0,1521.5238095238096,720.0,1.047896062369102,0.5714285714285714,4.9255454785406764e-05,3.05261666673332e+23,303599.21018871473,0,2025-07-26 00:00:00+00:00,1,25.89582175925926
1753491600000,21,0.7190342936497801,69.80220965937798,120321.44452381055,0.43322865926898474,12.0,0.5714285714285714,0.5708357637813676,5.0,0.23809523809523808,0.10906280943190783,1.0,0.047619047619047616,2.3125782090262734,3.0,0.14285714285714285,,,0.0,0.22070148896898908,0.2125271702999957,12.0,12.0,1771.1818181818182,784.0,1.1529331328558883,0.45454545454545453,2.8213953947468137e-05,3.070348324945698e+23,326172.54223929084,1,2025-07-26 00:00:00+00:00,1,25.937488425925928
1753495200000,26,0.44526784528816143,69.43334008915376,139698.0499055644,0.6437491687623605,14.0,0.5384615384615384,0.23089849268323595,9.0,0.34615384615384615,0.16212972689000782,3.0,0.11538461538461539,,,0.0,,,0.0,0.3560363350778944,0.2877128336844662,14.0,14.0,1048.2857142857142,666.5,0.9061622658765721,0.6428571428571429,3.6938169732742826e-05,3.037572180847366e+23,334776.85309562954,2,2025-07-26 00:00:00+00:00,1,25.979155092592592
1753498800000,7,0.34225639860988866,12.72804757516923,25235.50704792047,0.353627609998579,5.0,0.7142857142857143,0.00032623157786727114,1.0,0.14285714285714285,0.6273305086984581,1.0,0.14285714285714285,,,0.0,,,0.0,0.1655575201423608,0.18807008985621823,5.0,5.0,4443.2,1085.0,1.7196082344438754,0.2,2.3093689554416914e-05,3.028774051950483e+23,98680.87707021381,3,2025-07-26 00:00:00+00:00,1,26.02082175925926
1753502400000,6,0.26805860797045306,9.47149948947759,19050.349185497107,0.26805860797045306,6.0,1.0,,,0.0,,,0.0,,,0.0,,,0.0,0.1801606220351162,0.08789798593533682,6.0,6.0,3169.8333333333335,604.5,1.417769389464583,0.6666666666666666,1.983326623651677e-05,3.085523669922735e+23,77889.7518183795,4,2025-07-26 00:00:00+00:00,1,26.062488425925928
1753509600000,4,0.44171100668511254,8.353562273310601,16226.668534233653,0.219226111357796,3.0,0.75,1.1091656926670623,1.0,0.25,,,0.0,,,0.0,,,0.0,0.21865764216089534,0.0005684691969006413,3.0,3.0,16536.666666666668,7390.0,3.4042963973037708,0.0,1.2550962492130842e-05,3.0917165567546416e+23,58743.09917892531,6,2025-07-26 00:00:00+00:00,1,26.14582175925926
1753516800000,11,0.3247310115442117,22.391496031484706,45775.8873445271,0.3625415802539821,8.0,0.7272727272727273,0.003978971130917837,1.0,0.09090909090909091,0.22788310568178527,1.0,0.09090909090909091,0.43984640814176845,1.0,0.09090909090909091,,,0.0,0.19540246184196908,0.167139118412013,8.0,8.0,636.875,573.5,0.7790477948859157,0.625,1.8781514273799322e-05,3.131985942371752e+23,201221.89975329163,8,2025-07-26 00:00:00+00:00,1,26.229155092592592
1753520400000,3,1.0290005136798275,17.98706534958201,34241.045242390464,0.07389490816301236,1.0,0.3333333333333333,,,0.0,,,0.0,1.506553316438235,2.0,0.6666666666666666,,,0.0,0.07389490816301236,0.0,1.0,1.0,318.0,318.0,0.5639148871948674,1.0,1.341671552043531e-05,3.1591708878158e+23,147586.66837965377,9,2025-07-26 00:00:00+00:00,1,26.27082175925926
1753524000000,39,0.5886095300121502,112.91996720480684,216466.9107017203,0.4949806748009158,27.0,0.6923076923076923,0.8712251863008991,10.0,0.2564102564102564,0.4395207939200717,2.0,0.05128205128205128,,,0.0,,,0.0,0.24742446938547744,0.24755620541543838,27.0,27.0,904.1851851851852,715.0,0.8855245230225918,0.6296296296296297,4.1591329054278876e-05,3.1092898358638104e+23,415961.0333959124,10,2025-07-26 00:00:00+00:00,1,26.312488425925928
1753527600000,14,0.2370744421932822,24.14083448349575,49084.79516229391,0.23746733522865354,11.0,0.7857142857142857,0.23563383439692062,3.0,0.21428571428571427,,,0.0,,,0.0,,,0.0,0.14534314175050433,0.09212419347814915,11.0,11.0,3263.818181818182,917.0,1.464253286145314,0.36363636363636365,2.9054907307892642e-05,3.1295425691625524e+23,164232.3479957996,11,2025-07-26 00:00:00+00:00,1,26.354155092592592
1753531200000,3,0.8595522833859714,13.375052688090005,25380.938704070297,0.8595522833859714,3.0,1.0,,,0.0,,,0.0,,,0.0,,,0.0,0.09736665462168215,0.7621856287642892,3.0,3.0,701.3333333333334,722.0,0.8209943882216176,0.6666666666666666,1.7915315727047395e-05,3.1346610691514204e+23,107290.18283216134,12,2025-07-26 00:00:00+00:00,1,26.39582175925926
1753534800000,11,0.4023246229128008,28.479600600942597,59066.36387738352,0.45460676914873605,6.0,0.5454545454545454,0.055439016313778455,2.0,0.18181818181818182,0.5290174015069451,3.0,0.2727272727272727,,,0.0,,,0.0,0.250911247790535,0.2036955213582011,6.0,6.0,956.6666666666666,836.5,0.9562498779046006,0.5,3.436053484674769e-05,3.140756043073785e+23,165831.73408794345,13,2025-07-26 00:00:00+00:00,1,26.437488425925928
1753538400000,4,0.4177416338119232,8.20071691385662,16166.055533649649,0.4177416338119232,4.0,1.0,,,0.0,,,0.0,,,0.0,,,0.0,0.1175643600784303,0.3001772737334929,4.0,4.0,4497.5,950.5,1.6251147174791092,0.5,3.6297764858740526e-05,3.167548366231108e+23,209996.67108096182,14,2025-07-26 00:00:00+00:00,1,26.479155092592592
1753542000000,13,0.7913454960330982,49.059707876370624,93123.11745970431,0.7595442554566915,11.0,0.8461538461538461,0.9662523192033357,2.0,0.15384615384615385,,,0.0,,,0.0,,,0.0,0.8821944230716657,-0.12265016761497433,11.0,11.0,878.0,664.0,0.8661593303099514,0.6363636363636364,3.008473444009637e-05,3.158823629180863e+23,223104.91346411326,15,2025-07-26 00:00:00+00:00,1,26.52082175925926
1753545600000,10,0.39466589518977624,20.28762303492447,40711.02818588574,0.4358470319061855,7.0,0.7,0.22028779769700957,2.0,0.2,0.4551541331604446,1.0,0.1,,,0.0,,,0.0,0.1714522559258885,0.26439477598029704,7.0,7.0,776.8571428571429,776.0,0.8188043511818899,0.42857142857142855,2.636695553300703e-05,3.1774445276195114e+23,146679.517068388,16,2025-07-26 00:00:00+00:00,1,26.562488425925928
1753552800000,3,0.2266395263589337,5.3563016442565665,11002.665115972926,0.09973970145627387,2.0,0.6666666666666666,0.48043917616425336,1.0,0.3333333333333333,,,0.0,,,0.0,,,0.0,0.05138635726765084,0.048353344188623026,2.0,2.0,11005.5,11005.5,2.5941408627890072,0.5,2.1159437917514956e-05,3.4809043839533305e+23,45261.571615938155,18,2025-07-26 00:00:00+00:00,1,26.64582175925926
1753556400000,6,0.8506587501179949,23.771994828353563,44793.656952824094,0.9903700277781358,5.0,0.8333333333333334,0.15210236181728998,1.0,0.16666666666666666,,,0.0,,,0.0,,,0.0,0.4429722440845206,0.547397783693615,5.0,5.0,778.4,795.0,0.8771351361522681,0.4,1.956599809113959e-05,3.289476260125963e+23,138682.7915779227,19,2025-07-26 00:00:00+00:00,1,26.687488425925928
1753560000000,16,0.4861364894594893,37.394021341835085,73087.55722033177,0.6270657886722252,10.0,0.625,0.2342497253106874,3.0,0.1875,0.3320308743565191,2.0,0.125,0.14071501998447633,1.0,0.0625,,,0.0,0.3626075252577453,0.26445826341447987,10.0,10.0,2554.0,679.5,1.268698729188046,0.6,3.173721267522231e-05,3.108657897509385e+23,188871.55871368287,20,2025-07-26 00:00:00+00:00,1,26.729155092592592
1753563600000,7,0.6935172874065083,24.149692280275474,45916.8040304961,0.9357296420248229,3.0,0.42857142857142855,0.09151723245060406,3.0,0.42857142857142855,,,0.0,1.7728803884192779,1.0,0.14285714285714285,,,0.0,0.060712410270099805,0.875017231754723,3.0,3.0,455.3333333333333,330.0,0.6388935694114916,0.6666666666666666,1.96893256676856e-05,3.097303045548767e+23,108095.93205406661,21,2025-07-26 00:00:00+00:00,1,26.77082175925926
1753567200000,35,0.5391829888992319,91.70841551778776,176658.1896829097,0.5808915318764393,18.0,0.5142857142857142,0.37535926793261026,13.0,0.37142857142857144,0.8839216386433191,4.0,0.11428571428571428,,,0.0,,,0.0,0.14376832717088206,0.4371232047055572,18.0,18.0,981.5,667.0,0.9029910712659279,0.6666666666666666,3.07984547319352e-05,3.118568396540324e+23,814828.3122480508,22,2025-07-26 00:00:00+00:00,1,26.812488425925928
1753570800000,3,0.7913366770982281,9.418683186721012,16985.11171675405,,,0.0,0.9787461559801525,2.0,0.6666666666666666,0.4165177193343793,1.0,0.3333333333333333,,,0.0,,,0.0,,,,,,,,,1.9282450898820667e-05,3.198098492354132e+23,127968.44258767589,23,2025-07-26 00:00:00+00:00,1,26.854155092592592
1753574400000,37,1.3706970639136042,255.01146661172757,344035.231729627,0.2498327410069322,12.0,0.32432432432432434,0.6477146251326011,12.0,0.32432432432432434,1.4307345067827884,9.0,0.24324324324324326,6.767153102520966,4.0,0.10810810810810811,,,0.0,0.15594676612126276,0.09388597488566945,12.0,12.0,5569.416666666667,654.0,1.4102412349138567,0.5833333333333334,2.0474220833882208e-05,3.25078163166673e+23,5096000.925053646,0,2025-07-27 00:00:00+00:00,1,26.89582175925926
1753578000000,49,2.265181105392311,800.0993956038551,701424.0391249,0.4493702212171645,14.0,0.2857142857142857,2.9384967585935695,27.0,0.5510204081632653,1.4020658684911247,5.0,0.10204081632653061,6.117649747566979,3.0,0.061224489795918366,,,0.0,0.20458123394264469,0.24478898727451984,14.0,14.0,1796.142857142857,957.5,1.1972286545831516,0.2857142857142857,2.3890397745355908e-05,3.155506782559274e+23,15906644.09814838,1,2025-07-27 00:00:00+00:00,1,26.937488425925928
1753581600000,31,0.40611061273057386,67.52517708097032,160886.54931660826,0.30500274742546046,21.0,0.6774193548387096,0.6006029611550051,9.0,0.2903225806451613,,,0.0,0.7789446483180739,1.0,0.03225806451612903,,,0.0,0.1293391637401747,0.17566358368528578,21.0,21.0,7318.95,2368.0,2.231339331798819,0.15,3.1371188351732514e-05,3.149013149394372e+23,3560651.4531119093,2,2025-07-27 00:00:00+00:00,1,26.979155092592592
1753585200000,5,0.4667937891847983,11.062066294521802,21730.626126828047,0.6473086195540921,3.0,0.6,,,0.0,0.005673265920940092,1.0,0.2,0.386369821340775,1.0,0.2,,,0.0,0.29572307897518957,0.35158554057890257,3.0,3.0,712.0,635.0,0.8200599505620166,0.6666666666666666,3.179786842210578e-05,3.212515330462373e+23,137409.97189818544,3,2025-07-27 00:00:00+00:00,1,27.02082175925926
1753588800000,6,0.9705378433370463,30.681267640787027,48344.21914406877,0.20599025359761794,3.0,0.5,1.7350854330764747,3.0,0.5,,,0.0,,,0.0,,,0.0,0.17781878420960526,0.0281714693880127,3.0,3.0,654.3333333333334,635.0,0.8042639346373311,0.6666666666666666,2.2609242735327833e-05,3.2112295914313475e+23,244232.98700778402,4,2025-07-27 00:00:00+00:00,1,27.062488425925928
1753592400000,3,0.43179738195916534,6.253947792728827,12240.695106440206,0.43916864327143024,2.0,0.6666666666666666,0.4170548593346356,1.0,0.3333333333333333,,,0.0,,,0.0,,,0.0,0.14386221145024514,0.2953064318211851,2.0,2.0,264.5,264.5,0.504962894502475,1.0,2.0297083060756907e-05,3.23428011243647e+23,74071.8959040023,5,2025-07-27 00:00:00+00:00,1,27.104155092592592
1753596000000,15,0.2536606292574727,29.28294379320269,59962.6146657503,0.3162007789911979,10.0,0.6666666666666666,0.11946131738216781,4.0,0.26666666666666666,0.1650563794214398,1.0,0.06666666666666667,,,0.0,,,0.0,0.1292214571760918,0.18697932181510613,10.0,10.0,1244.6,501.5,0.9232413602917534,0.8,2.5730106324021943e-05,3.299388316783258e+23,172965.7325482423,6,2025-07-27 00:00:00+00:00,1,27.14582175925926
1753599600000,1,1.6201354227712894,7.275190538277499,13269.949968646046,,,0.0,,,0.0,,,0.0,1.6201354227712894,1.0,1.0,,,0.0,,,,,,,,,1.6834002416772886e-05,3.38350032314731e+23,92165.20033191614,7,2025-07-27 00:00:00+00:00,1,27.187488425925928
1753603200000,2,0.3549283486664655,4.255235295633886,8533.939178251425,0.3549283486664655,2.0,1.0,,,0.0,,,0.0,,,0.0,,,0.0,0.3553524912008931,-0.000424142534427574,2.0,2.0,1070.5,1070.5,0.9807481451339819,0.5,2.9092468063912944e-05,3.381337969535205e+23,83384.54794529456,8,2025-07-27 00:00:00+00:00,1,27.229155092592592
1753606800000,4,0.3448745319112366,12.10462516635579,25734.929898432147,0.3448745319112366,4.0,1.0,,,0.0,,,0.0,,,0.0,,,0.0,0.0778201284035206,0.26705440350771603,4.0,4.0,617.0,731.0,0.7473146906888479,0.5,1.986944716563461e-05,3.45632466705341e+23,90850.4191034873,9,2025-07-27 00:00:00+00:00,1,27.27082175925926
1753610400000,19,0.4234055005986687,43.415986380473946,83925.61450878531,0.41267264625627,14.0,0.7368421052631579,0.5418210728935823,4.0,0.21052631578947367,0.10000317221259702,1.0,0.05263157894736842,,,0.0,,,0.0,0.17173050849298707,0.24094213776328285,14.0,14.0,1510.7857142857142,809.5,1.1160739662722805,0.35714285714285715,3.397793483729201e-05,3.429786928720157e+23,180818.5470060228,10,2025-07-27 00:00:00+00:00,1,27.312488425925928
1753614000000,6,0.10957871083461679,10.746828654242563,22598.812710344646,0.10957871083461679,6.0,1.0,,,0.0,,,0.0,,,0.0,,,0.0,0.06737932736145413,0.042199383473162655,6.0,6.0,10831.166666666666,5096.0,2.876592238422928,0.0,1.6175346789046962e-05,3.449625884272931e+23,95798.99132603413,11,2025-07-27 00:00:00+00:00,1,27.354155092592592
1753617600000,9,0.56269047809267,28.586639951317412,56349.51427242129,0.5593702305805387,7.0,0.7777777777777778,,,0.0,0.5743113443851299,2.0,0.2222222222222222,,,0.0,,,0.0,0.19546914717323396,0.3639010834073047,7.0,7.0,1817.857142857143,2028.0,1.2736505244737588,0.14285714285714285,2.7501198061491093e-05,3.466581257410786e+23,136065.7672987111,12,2025-07-27 00:00:00+00:00,1,27.39582175925926
1753621200000,6,0.5420129309539471,19.829980392086643,39770.414248149515,0.5635245321621339,5.0,0.8333333333333334,,,0.0,0.4344549249130124,1.0,0.16666666666666666,,,0.0,,,0.0,0.44093920762556127,0.1225853245365727,5.0,5.0,795.2,721.0,0.8801075737648955,0.6,2.345738901218442e-05,3.4495214520973904e+23,110899.89202302412,13,2025-07-27 00:00:00+00:00,1,27.437488425925928
1753624800000,33,0.5279134906313726,91.27957557117598,178805.2012031305,0.6005287692754516,24.0,0.7272727272727273,0.3664774784580037,8.0,0.24242424242424243,0.07663490056042821,1.0,0.030303030303030304,,,0.0,,,0.0,0.2262300716378791,0.37429869763757245,24.0,24.0,1463.875,882.5,1.0641138629968319,0.4166666666666667,4.5890741881884385e-05,3.429100718198758e+23,393935.2755022892,14,2025-07-27 00:00:00+00:00,1,27.479155092592592
1753628400000,39,0.4488968153361013,95.04094570434175,187402.66175670407,0.4517268504215454,25.0,0.6410256410256411,0.7194032200276189,5.0,0.1282051282051282,0.32249991248193155,8.0,0.20512820512820512,0.036789137575769966,1.0,0.02564102564102564,,,0.0,0.22244450837083807,0.2292823420507073,25.0,25.0,1165.36,785.0,0.9610607769110184,0.48,4.748367738211557e-05,3.409102769055615e+23,492768.8945851212,15,2025-07-27 00:00:00+00:00,1,27.52082175925926
1753632000000,84,0.6259886027258478,257.61681185054994,491065.7701370838,0.599617943437024,40.0,0.47619047619047616,0.7638730174120605,16.0,0.19047619047619047,0.45761657947187484,26.0,0.30952380952380953,2.239162773314267,2.0,0.023809523809523808,,,0.0,0.3356415449171134,0.2639763985199106,40.0,40.0,659.525,600.5,0.7574430919500419,0.825,8.631695634424722e-05,3.26105780545084e+23,1458274.3135632903,16,2025-07-27 00:00:00+00:00,1,27.562488425925928
1753635600000,69,0.653471492568696,209.304429390336,392589.91862847435,0.6290637093957617,43.0,0.6231884057971014,0.9037405313848842,17.0,0.2463768115942029,0.2973560499643597,9.0,0.13043478260869565,,,0.0,,,0.0,0.37715170128887043,0.25191200810689124,43.0,43.0,1386.6744186046512,619.0,0.95888050637794,0.7441860465116279,5.7330590312598115e-05,3.255084429248711e+23,889875.6506990466,17,2025-07-27 00:00:00+00:00,1,27.604155092592592
1753639200000,26,0.5228116811143991,62.814619059724855,120349.73967729087,0.511489874733854,17.0,0.6538461538461539,0.6234974305356478,7.0,0.2692307692307692,0.26664691237466165,2.0,0.07692307692307693,,,0.0,,,0.0,0.18900569599160555,0.32248417874224844,17.0,17.0,931.4117647058823,605.0,0.8310837851446791,0.6470588235294118,4.822683512767002e-05,3.292904976165852e+23,342480.3186069986,18,2025-07-27 00:00:00+00:00,1,27.64582175925926
1753642800000,14,0.5734783209587802,42.38490209987571,80800.70836770117,0.5511001750323251,8.0,0.5714285714285714,0.60331584886072,6.0,0.42857142857142855,,,0.0,,,0.0,,,0.0,0.130192637478742,0.4209075375535831,8.0,8.0,818.75,828.5,0.8781742971070147,0.5,3.751041435219477e-05,3.29154865442605e+23,272384.2857745996,19,2025-07-27 00:00:00+00:00,1,27.687488425925928
1753646400000,27,0.5339918898379126,75.20325540835123,146155.5919028147,0.5658215537601751,14.0,0.5185185185185185,0.5452285325874316,11.0,0.4074074074074074,0.24938270725971978,2.0,0.07407407407407407,,,0.0,,,0.0,0.17070409200404132,0.3951174617561337,14.0,14.0,2455.285714285714,1023.0,1.367188713224646,0.42857142857142855,3.611721914908176e-05,3.3111929527539684e+23,352528.78142421023,20,2025-07-27 00:00:00+00:00,1,27.729155092592592
1753650000000,28,0.47246175035388205,66.39883021434916,128751.60587116951,0.48962880172174394,18.0,0.6428571428571429,0.49060217656290495,9.0,0.32142857142857145,0.00019098985116084571,1.0,0.03571428571428571,,,0.0,,,0.0,0.1941716952642725,0.2954571064574714,18.0,18.0,793.5,743.5,0.8613698456378245,0.5,3.221215020383404e-05,3.436165341889079e+23,290605.66008543526,21,2025-07-27 00:00:00+00:00,1,27.77082175925926
1753653600000,47,0.44541680478602574,119.25488203188387,232368.9065311863,0.5622115021708994,20.0,0.425531914893617,0.4242132664112246,13.0,0.2765957446808511,0.2982562370128073,14.0,0.2978723404255319,,,0.0,,,0.0,0.255263551874778,0.30694795029612143,20.0,20.0,1110.75,708.0,0.9410428277557126,0.6,5.4441765729874245e-05,3.372754034776911e+23,669233.3907192696,22,2025-07-27 00:00:00+00:00,1,27.812488425925928
1753657200000,36,0.5757237949459315,113.27814712841234,213700.06501112756,0.7056947469524215,18.0,0.5,0.5261260729374169,12.0,0.3333333333333333,0.2850063829434911,6.0,0.16666666666666666,,,0.0,,,0.0,0.2573637215334404,0.44833102541898107,18.0,18.0,3982.6111111111113,689.0,1.4031307065314147,0.6111111111111112,5.220628915736778e-05,3.477797203688118e+23,444915.00152618595,23,2025-07-27 00:00:00+00:00,1,27.854155092592592
1753660800000,70,0.39909875166877373,156.77632966310026,309354.29691572196,0.4701111011041345,34.0,0.4857142857142857,0.4309892504091703,22.0,0.3142857142857143,0.17652654787656022,14.0,0.2,,,0.0,,,0.0,0.1828568933092961,0.2872542077948384,34.0,34.0,1399.6176470588234,709.5,1.0256714254036172,0.5588235294117647,5.610068200384643e-05,3.4649373310078375e+23,715575.1552404348,0,2025-07-28 00:00:00+00:00,1,27.89582175925926
1753664400000,59,0.6056750589396847,162.7287237903832,301661.9512019209,0.5840919590501151,22.0,0.3728813559322034,0.6553724782214372,26.0,0.4406779661016949,0.5313746313255907,11.0,0.1864406779661017,,,0.0,,,0.0,0.21886873137069393,0.36522322767942117,22.0,22.0,828.5,672.0,0.8719973580811935,0.6363636363636364,5.456356282379763e-05,3.48250322517974e+23,1601574.1707189076,1,2025-07-28 00:00:00+00:00,1,27.937488425925928
1753668000000,61,0.399858866322354,131.7567410967847,258483.75128083728,0.5184108785321488,31.0,0.5081967213114754,0.3041950494532207,22.0,0.36065573770491804,0.2035453153995158,8.0,0.13114754098360656,,,0.0,,,0.0,0.2710203289498394,0.24739054958230944,31.0,31.0,2166.5806451612902,747.0,1.2138748707627776,0.5161290322580645,5.9942493904998195e-05,3.454909786535915e+23,640107.4535453208,2,2025-07-28 00:00:00+00:00,1,27.979155092592592
1753671600000,17,0.37763887862771783,40.52127547828224,80615.92286457348,0.2974707024812383,8.0,0.47058823529411764,0.5248459599410714,6.0,0.35294117647058826,0.29700651905828923,3.0,0.17647058823529413,,,0.0,,,0.0,0.1153406645457199,0.1821300379355184,8.0,8.0,1350.25,959.5,1.0473658269925354,0.25,3.762851470164619e-05,3.519999016612765e+23,168251.69476521428,3,2025-07-28 00:00:00+00:00,1,28.02082175925926
1753675200000,27,0.22539691431295802,49.230086281858426,100169.26024563501,0.2784235318001573,13.0,0.48148148148148145,0.13090796267897284,9.0,0.3333333333333333,0.25760782178741326,5.0,0.18518518518518517,,,0.0,,,0.0,0.12995043062629372,0.14847310117386356,13.0,13.0,650.8461538461538,659.0,0.7719124583001655,0.6923076923076923,3.2531904552366994e-05,3.530976331073262e+23,281998.5462905714,4,2025-07-28 00:00:00+00:00,1,28.062488425925928
1753678800000,48,0.49757707678853264,131.96480482977393,255914.40844085033,0.6410491973957596,28.0,0.5833333333333334,0.31475422266629893,14.0,0.2916666666666667,0.23012624243146532,5.0,0.10416666666666667,0.37713182928278843,1.0,0.020833333333333332,,,0.0,0.35418195060199936,0.2868672467937602,28.0,28.0,1057.107142857143,653.0,0.8886643531002297,0.6071428571428571,4.0341623728633465e-05,3.56458358840363e+23,680809.8584724978,5,2025-07-28 00:00:00+00:00,1,28.104155092592592
1753682400000,8,0.7957226050764366,35.922434819258534,66415.23640005417,0.3867542549537183,5.0,0.625,0.520910858103356,1.0,0.125,0.8743926309201554,1.0,0.125,3.0367060768193888,1.0,0.125,,,0.0,0.1478591049101129,0.2388951500436054,5.0,5.0,6506.2,885.0,1.8649503179270983,0.2,2.251504788362081e-05,3.579235947651573e+23,177348.5456393215,6,2025-07-28 00:00:00+00:00,1,28.14582175925926
1753686000000,52,0.6447944436036708,212.1030331005509,404382.271277076,0.7481474258708815,27.0,0.5192307692307693,0.5417006966400616,15.0,0.28846153846153844,0.5478305950699505,9.0,0.17307692307692307,0.27334476364660343,1.0,0.019230769230769232,,,0.0,0.4265944415237626,0.3215529843471189,27.0,27.0,1379.3333333333333,826.0,1.0027089256420088,0.4074074074074074,6.204079493494968e-05,4.449694232145505e+23,807321.3720925599,7,2025-07-28 00:00:00+00:00,1,28.187488425925928
1753689600000,49,0.35635061121642037,129.42263356605514,256743.84523573337,0.3688556458445977,35.0,0.7142857142857143,0.4129946724447152,10.0,0.20408163265306123,0.10532140514913235,4.0,0.08163265306122448,,,0.0,,,0.0,0.2409009829085409,0.1279546629360568,35.0,35.0,1329.9142857142858,857.0,1.0348258786558797,0.45714285714285713,4.1905909183217854e-05,4.530678741942243e+23,631180.731897863,8,2025-07-28 00:00:00+00:00,1,28.229155092592592
1753693200000,23,0.4613249430094427,73.00087791975895,137855.9881683204,0.3206869833945555,13.0,0.5652173913043478,1.102284269354219,4.0,0.17391304347826086,0.33873430461184734,6.0,0.2608695652173913,,,0.0,,,0.0,0.1586580841428846,0.16202889925167094,13.0,13.0,1088.2307692307693,835.0,0.962766277311146,0.46153846153846156,3.8066771843243925e-05,4.503327105830317e+23,541602.1955901998,9,2025-07-28 00:00:00+00:00,1,28.27082175925926
1753696800000,15,0.5792184214146592,58.69708132179076,115573.5858530973,0.670401048901102,11.0,0.7333333333333333,0.47455671699781365,1.0,0.06666666666666667,0.2797693554366512,3.0,0.2,,,0.0,,,0.0,0.4271785006251596,0.24322254827594234,11.0,11.0,850.1818181818181,790.0,0.9044694197357132,0.36363636363636365,3.6362706566758466e-05,4.5166351343319024e+23,336859.4442790466,10,2025-07-28 00:00:00+00:00,1,28.312488425925928
1753700400000,26,0.4388426799894656,77.28530249872836,152453.43854877932,0.453998353756854,15.0,0.5769230769230769,0.3960376995958458,10.0,0.38461538461538464,0.6395573774148388,1.0,0.038461538461538464,,,0.0,,,0.0,0.11065191889947802,0.343346434857376,15.0,15.0,1728.2,825.0,1.1060308476266543,0.4666666666666667,3.470509945762515e-05,4.41245086350249e+23,402641.00005724933,11,2025-07-28 00:00:00+00:00,1,28.354155092592592
1753704000000,45,0.48493862469001664,143.57352515249164,277943.7035976459,0.4692669211858382,28.0,0.6222222222222222,0.36257075877495776,11.0,0.24444444444444444,0.5570493188902835,4.0,0.08888888888888889,1.2331443478808035,2.0,0.044444444444444446,,,0.0,0.2781626607614761,0.1911042604243621,28.0,28.0,818.0357142857143,626.0,0.8575615674257276,0.5357142857142857,4.879091404994776e-05,4.531501196218692e+23,623553.9022223543,12,2025-07-28 00:00:00+00:00,1,28.39582175925926
1753707600000,129,0.6363903858599005,566.5020360491959,937846.9064597155,0.6101459189813575,69.0,0.5348837209302325,0.4497463441116928,35.0,0.2713178294573643,0.3988909458133985,24.0,0.18604651162790697,14.679786622782691,1.0,0.007751937984496124,,,0.0,0.2613291186933246,0.34881680028803286,69.0,69.0,920.0289855072464,595.0,0.8558268722700964,0.6811594202898551,0.0001054978637628683,4.387045587264128e+23,2177201.8346334393,13,2025-07-28 00:00:00+00:00,1,28.437488425925928
1753711200000,136,0.4704023742897625,420.461278853818,805227.5979468304,0.5091084810019098,69.0,0.5073529411764706,0.3729148646320591,44.0,0.3235294117647059,0.5407818987158837,23.0,0.16911764705882354,,,0.0,,,0.0,0.274207641514151,0.23490083948775875,69.0,69.0,1124.6376811594203,841.0,0.9724736056072338,0.4057971014492754,0.00010145623494363964,4.2935151628730485e+23,2169802.747320865,14,2025-07-28 00:00:00+00:00,1,28.479155092592592
1753714800000,68,0.3785647925530369,190.3414495473919,377488.0426525742,0.4085757663985075,29.0,0.4264705882352941,0.43930993430649545,27.0,0.39705882352941174,0.16936170348120105,12.0,0.17647058823529413,,,0.0,,,0.0,0.2444936789678162,0.1640820874306913,29.0,29.0,696.8275862068965,621.0,0.7950757383189313,0.6206896551724138,6.549077879427549e-05,4.2882332254161585e+23,863905.6603109938,15,2025-07-28 00:00:00+00:00,1,28.52082175925926
1753718400000,59,0.3629120564785132,162.04963358444914,320801.77530647884,0.41872813714666823,33.0,0.559322033898305,0.2990164724200002,18.0,0.3050847457627119,0.2764357878540279,8.0,0.13559322033898305,,,0.0,,,0.0,0.178180627616358,0.24054750953031023,33.0,33.0,983.5151515151515,680.0,0.8824791628289097,0.5454545454545454,6.009765375900892e-05,4.441621621023675e+23,673456.0363467676,16,2025-07-28 00:00:00+00:00,1,28.562488425925928
1753722000000,51,0.4419167054902259,164.73024584614103,322368.2963149066,0.45531268228270483,29.0,0.5686274509803921,0.5244933250659439,9.0,0.17647058823529413,0.35486494370842947,13.0,0.2549019607843137,,,0.0,,,0.0,0.24995109526883083,0.20536158701387397,29.0,29.0,694.7586206896551,718.0,0.8106367365236637,0.5862068965517241,5.373700742057211e-05,4.5188154712770926e+23,721176.2278438063,17,2025-07-28 00:00:00+00:00,1,28.604155092592592
1753725600000,80,0.5657016365735916,280.38271993607754,517729.04083497985,0.6273464316267854,49.0,0.6125,0.3260662469907588,19.0,0.2375,0.6934080902792022,12.0,0.15,,,0.0,,,0.0,0.2781655267498921,0.34918090487689335,49.0,49.0,899.0,675.0,0.8895484425892622,0.5714285714285714,5.7386382342243995e-05,4.480941321422214e+23,1228036.7583486596,18,2025-07-28 00:00:00+00:00,1,28.64582175925926
1753729200000,67,0.5856114919068023,261.0512006090121,449967.2591515023,0.7135051243923575,44.0,0.6567164179104478,0.32140150445313753,19.0,0.2835820895522388,0.43377897497060436,4.0,0.05970149253731343,,,0.0,,,0.0,0.2339099802621453,0.4795951441302122,44.0,44.0,1493.7727272727273,675.0,0.9958927632611086,0.5681818181818182,7.89959771905794e-05,4.476495951018176e+23,1065134.6360150347,19,2025-07-28 00:00:00+00:00,1,28.687488425925928
1753732800000,70,0.45512248310683495,211.11204062226773,405962.40671500517,0.47245638810676527,37.0,0.5285714285714286,0.3583748349418967,26.0,0.37142857142857144,0.3467223680098152,6.0,0.08571428571428572,2.979607540979927,1.0,0.014285714285714285,,,0.0,0.1562191196688702,0.316237268437895,37.0,37.0,1281.6486486486488,770.0,1.0195743019687573,0.4594594594594595,6.408495591179254e-05,4.505088149466836e+23,946556.3124250931,20,2025-07-28 00:00:00+00:00,1,28.729155092592592
1753736400000,54,0.39028393001465767,154.13341662680304,369841.5229820749,0.35779181688864226,34.0,0.6296296296296297,0.4545840999634294,15.0,0.2777777777777778,0.0943400054948017,4.0,0.07407407407407407,1.7142889251470272,1.0,0.018518518518518517,,,0.0,0.19789947502154415,0.15989234186709808,34.0,34.0,3171.176470588235,923.5,1.373378492448235,0.4411764705882353,4.925558453935497e-05,4.445860777281917e+23,889326.9573852188,21,2025-07-28 00:00:00+00:00,1,28.77082175925926
1753740000000,53,0.44104644008374055,151.83538976788665,297034.639682335,0.46800551606116475,33.0,0.6226415094339622,0.45795338294430266,10.0,0.18867924528301888,0.3351745464976784,10.0,0.18867924528301888,,,0.0,,,0.0,0.17985628348425736,0.2881492325769074,33.0,33.0,1879.030303030303,671.0,1.0453919666293732,0.6363636363636364,6.864926969261259e-05,4.4940690873656744e+23,692449.5992196926,22,2025-07-28 00:00:00+00:00,1,28.812488425925928
1753743600000,58,0.3169737673707212,136.8949333389908,270358.2024514119,0.34074315726584803,35.0,0.603448275862069,0.3173672194923041,19.0,0.3275862068965517,0.10712270821084269,4.0,0.06896551724137931,,,0.0,,,0.0,0.1911218956802887,0.14962126158555936,35.0,35.0,739.8,595.0,0.7733557095275283,0.6571428571428571,5.851780149071612e-05,4.4857356097123006e+23,607876.3941046811,23,2025-07-28 00:00:00+00:00,1,28.854155092592592
1753747200000,68,0.49347168810394443,206.63531018504332,397006.3181627503,0.573229780764964,37.0,0.5441176470588235,0.42827042044123564,23.0,0.3382352941176471,0.3120441540770168,8.0,0.11764705882352941,,,0.0,,,0.0,0.22347062827913616,0.3497591524858278,37.0,37.0,2194.324324324324,842.0,1.2373531134017146,0.43243243243243246,8.7180922999346e-05,4.465981508048882e+23,1170865.712230862,0,2025-07-29 00:00:00+00:00,1,28.89582175925926
1753750800000,49,0.32051853015296083,125.31061627016145,249853.573876891,0.37998862620042695,28.0,0.5714285714285714,0.22715074353036205,20.0,0.40816326530612246,0.5227115732758846,1.0,0.02040816326530612,,,0.0,,,0.0,0.1303849993136751,0.24960362688675186,28.0,28.0,941.25,703.5,0.9123772536804806,0.5357142857142857,4.8011313602651244e-05,4.5062503751379625e+23,556741.240534835,1,2025-07-29 00:00:00+00:00,1,28.937488425925928
1753754400000,76,0.42835315056478257,235.31649406924805,460546.8692681415,0.5130348870955419,36.0,0.47368421052631576,0.3205940883619919,26.0,0.34210526315789475,0.4107240864337268,14.0,0.18421052631578946,,,0.0,,,0.0,0.18656599011599628,0.32646889697954573,36.0,36.0,2027.0833333333333,683.5,1.0324093308707674,0.5833333333333334,7.706199718576164e-05,4.4904870615981894e+23,1013197.8664858531,2,2025-07-29 00:00:00+00:00,1,28.979155092592592
1753758000000,62,0.4422409915008057,162.04553569301476,313164.74921601673,0.524181214560284,38.0,0.6129032258064516,0.31791335104406226,16.0,0.25806451612903225,0.3016802128817707,8.0,0.12903225806451613,,,0.0,,,0.0,0.1678023619644282,0.3563788525958558,38.0,38.0,1270.3157894736842,800.0,0.9766442642586535,0.47368421052631576,4.530380895487734e-05,4.380573035344108e+23,704935.8182763684,3,2025-07-29 00:00:00+00:00,1,29.02082175925926
1753761600000,24,0.25735467502832127,50.549681824236366,102064.09692108059,0.41413807386037493,9.0,0.375,0.13913181001974304,9.0,0.375,0.1995138742931082,6.0,0.25,,,0.0,,,0.0,0.2899502920692823,0.12418778179109265,9.0,9.0,1388.111111111111,873.0,1.0211901947840685,0.4444444444444444,4.733687572792362e-05,4.358341448878246e+23,310980.02287772275,4,2025-07-29 00:00:00+00:00,1,29.062488425925928
1753765200000,29,0.33221128281985984,74.23069288377685,148368.75764074706,0.41785691087707605,15.0,0.5172413793103449,0.23879206462664956,11.0,0.3793103448275862,0.24652027590888348,3.0,0.10344827586206896,,,0.0,,,0.0,0.17933196770322296,0.23852494317385306,15.0,15.0,5282.533333333334,802.0,1.680671092425387,0.4666666666666667,3.298436033940125e-05,4.39792454229944e+23,465533.1959046825,5,2025-07-29 00:00:00+00:00,1,29.104155092592592
1753768800000,26,0.2414839251584239,66.58412694371157,137154.686364436,0.26784973390725075,13.0,0.5,0.10682323845657027,8.0,0.3076923076923077,0.3883899211344398,5.0,0.19230769230769232,,,0.0,,,0.0,0.22479769972780875,0.043052034179442006,13.0,13.0,4283.2307692307695,835.0,1.4333002735200948,0.46153846153846156,3.954815434493567e-05,4.546528409479958e+23,387587.81503862527,6,2025-07-29 00:00:00+00:00,1,29.14582175925926
1753772400000,40,0.5883126802598049,161.71033067228498,300128.0752341007,0.6931050231193935,25.0,0.625,0.5159300531236928,12.0,0.3,0.0045736649743469025,3.0,0.075,,,0.0,,,0.0,0.34843495218000325,0.34467007093939017,25.0,25.0,782.92,604.0,0.8187073545791961,0.72,5.430651278105213e-05,4.498159619625363e+23,829292.1778812247,7,2025-07-29 00:00:00+00:00,1,29.187488425925928
1753776000000,26,0.38007204450228704,79.26344807743575,159302.28708993053,0.4264692445476253,14.0,0.5384615384615384,0.2825323927305766,10.0,0.38461538461538464,0.5429899030434714,2.0,0.07692307692307693,,,0.0,,,0.0,0.1996185545442686,0.2268506900033567,14.0,14.0,1426.142857142857,685.0,1.0661136765059154,0.5714285714285714,4.2015227444967486e-05,4.5491543202040134e+23,476130.9970523621,8,2025-07-29 00:00:00+00:00,1,29.229155092592592
1753779600000,27,0.32807370644851586,65.10908672990746,127704.54631637542,0.2822722088878665,13.0,0.48148148148148145,0.3765421991117111,12.0,0.4444444444444444,0.0007350775893576536,1.0,0.037037037037037035,0.6692098916377719,1.0,0.037037037037037035,,,0.0,0.18739004813413446,0.0948821607537321,13.0,13.0,2388.4615384615386,685.0,1.3558762010370449,0.5384615384615384,3.51166850283105e-05,4.550861071285206e+23,344632.5092031851,9,2025-07-29 00:00:00+00:00,1,29.27082175925926
1753783200000,49,0.4394863321641172,145.54424311236747,284287.0485814861,0.5708932904719787,25.0,0.5102040816326531,0.28655708432440574,16.0,0.32653061224489793,0.33469808313147265,8.0,0.16326530612244897,,,0.0,,,0.0,0.20521854659521377,0.3656747438767649,25.0,25.0,3099.44,884.0,1.3266721833469526,0.44,5.1473587848807304e-05,4.389390917980229e+23,634627.7714516721,10,2025-07-29 00:00:00+00:00,1,29.312488425925928
1753786800000,23,0.5081782799592599,84.74544526118491,159598.31222202242,0.5873027873651028,18.0,0.782608695652174,0.27865644002423184,4.0,0.17391304347826086,0.0020245063941980515,1.0,0.043478260869565216,,,0.0,,,0.0,0.21546213438898537,0.37184065297611746,18.0,18.0,600.6666666666666,563.0,0.7568247471734777,0.9444444444444444,4.9927087905065725e-05,4.347106344966775e+23,423842.034645605,11,2025-07-29 00:00:00+00:00,1,29.354155092592592
1753790400000,59,0.4801164940179583,230.7508535217612,463271.05606310617,0.5927179319159581,35.0,0.5932203389830508,0.3091216671530965,16.0,0.2711864406779661,0.3294748569439331,8.0,0.13559322033898305,,,0.0,,,0.0,0.21381516303076598,0.37890276888519203,35.0,35.0,963.1714285714286,634.0,0.8719202815100311,0.5714285714285714,6.447093571896802e-05,4.4849047237396476e+23,912038.9781366101,12,2025-07-29 00:00:00+00:00,1,29.39582175925926
1753794000000,53,0.4143411585585736,160.54398054311795,314642.84617491753,0.4799925384928792,27.0,0.5094339622641509,0.3413825484099896,16.0,0.3018867924528302,0.26764355232862186,9.0,0.16981132075471697,1.1293701187792315,1.0,0.018867924528301886,,,0.0,0.15404037937208062,0.32595215912079856,27.0,27.0,826.7777777777778,785.0,0.8832427341809655,0.4444444444444444,8.109609027411404e-05,4.5345312706666414e+23,860817.1577792985,13,2025-07-29 00:00:00+00:00,1,29.437488425925928
1753797600000,91,0.5258654647574886,298.936903257613,580676.6106132622,0.5683271161607291,43.0,0.4725274725274725,0.5373797212767264,31.0,0.34065934065934067,0.3974658787318584,17.0,0.18681318681318682,,,0.0,,,0.0,0.19787510869998984,0.3704520074607392,43.0,43.0,892.7906976744187,685.0,0.8930601738557923,0.5348837209302325,9.445195202161342e-05,4.359459233668414e+23,1711568.9994383296,14,2025-07-29 00:00:00+00:00,1,29.479155092592592
1753801200000,87,0.5229010468235151,351.88454013578047,567063.2737095782,0.3322173667162043,41.0,0.47126436781609193,0.8543524158046505,31.0,0.3563218390804598,0.3591036098891523,15.0,0.1724137931034483,,,0.0,,,0.0,0.18538614108979742,0.14683122562640682,41.0,41.0,776.5121951219512,685.0,0.8525681659572606,0.5365853658536586,7.134401735772372e-05,4.309625198313335e+23,1742588.165503449,15,2025-07-29 00:00:00+00:00,1,29.52082175925926
1753804800000,86,0.44912527792054996,239.61622205208388,467951.153456929,0.5534167198313183,49.0,0.5697674418604651,0.2691631974235324,21.0,0.2441860465116279,0.3659329677211569,16.0,0.18604651162790697,,,0.0,,,0.0,0.2365879924500631,0.3168287273812553,49.0,49.0,1471.1224489795918,685.0,1.0196386112158604,0.5510204081632653,6.579645115296203e-05,4.092573554601331e+23,1175244.6695662504,16,2025-07-29 00:00:00+00:00,1,29.562488425925928
1753808400000,41,0.3895977249168047,109.12095898842395,212500.9834831919,0.43785071598772324,23.0,0.5609756097560976,0.3094381027306093,14.0,0.34146341463414637,0.39270170391070713,4.0,0.0975609756097561,,,0.0,,,0.0,0.20962045794915368,0.22823025803856953,23.0,23.0,1935.6521739130435,772.0,1.1268459734550653,0.391304347826087,6.209330646992632e-05,4.386114146462505e+23,627484.161256335,17,2025-07-29 00:00:00+00:00,1,29.604155092592592
1753812000000,48,0.3828588306574035,143.2666916354725,282410.3718022194,0.5445150960779509,20.0,0.4166666666666667,0.26691384319932776,21.0,0.4375,0.26881874897292374,7.0,0.14583333333333334,,,0.0,,,0.0,0.23946431416566485,0.3050507819122861,20.0,20.0,897.5,585.0,0.8628964213821668,0.6,4.959038209324258e-05,4.3981045692319335e+23,628691.56239667,18,2025-07-29 00:00:00+00:00,1,29.64582175925926
1753815600000,43,0.4232982022209597,170.0758309600873,370386.10061921715,0.4447577021092342,28.0,0.6511627906976745,0.44406308862932503,8.0,0.18604651162790697,0.2846657607524826,6.0,0.13953488372093023,0.4881077628932128,1.0,0.023255813953488372,,,0.0,0.2276917618757475,0.21706594023348671,28.0,28.0,751.8928571428571,616.0,0.8114239441076145,0.6428571428571429,6.595432710830885e-05,4.406108800858347e+23,983396.5423398326,19,2025-07-29 00:00:00+00:00,1,29.687488425925928
1753819200000,94,0.5422347843410228,311.71688523124277,608211.8304147151,0.5523159366751808,54.0,0.574468085106383,0.5070805234845965,22.0,0.23404255319148937,0.3810564616158942,17.0,0.18085106382978725,3.5112777834650544,1.0,0.010638297872340425,,,0.0,0.20802114838502117,0.34429478829015964,54.0,54.0,906.7037037037037,666.5,0.8793606804288235,0.6111111111111112,7.651798028051107e-05,4.017803805655997e+23,1609718.1731972925,20,2025-07-29 00:00:00+00:00,1,29.729155092592592
1753822800000,49,0.303886294766053,133.32346302332323,288242.45916626323,0.35585857992665865,31.0,0.6326530612244898,0.1863820326170095,14.0,0.2857142857142857,0.3123660022930118,4.0,0.08163265306122448,,,0.0,,,0.0,0.19363841847113797,0.16222016145552065,31.0,31.0,1453.0645161290322,696.0,1.0253977692178495,0.5483870967741935,5.2466638340776575e-05,4.331157498202608e+23,587011.8827637829,21,2025-07-29 00:00:00+00:00,1,29.77082175925926
1753826400000,25,0.49456605396829717,85.47577335229249,166785.6643584133,0.565482995760577,12.0,0.48,0.3603907112291792,10.0,0.4,0.6581494292629041,3.0,0.12,,,0.0,,,0.0,0.13761030554014478,0.4278726902204322,12.0,12.0,1197.5,663.5,0.9311534586056543,0.5833333333333334,3.688466588885162e-05,4.411395356183441e+23,350935.47482761904,22,2025-07-29 00:00:00+00:00,1,29.812488425925928
1753830000000,18,0.30526875720114,48.28153791433226,98435.48883597316,0.33338682540462894,14.0,0.7777777777777778,0.2755037688556604,3.0,0.16666666666666666,0.0009107673887330872,1.0,0.05555555555555555,,,0.0,,,0.0,0.08718456498643704,0.2462022604181919,14.0,14.0,1422.642857142857,991.0,1.0939927030356003,0.35714285714285715,3.3374016474571953e-05,4.419124054681085e+23,282373.2738037527,23,2025-07-29 00:00:00+00:00,1,29.854155092592592
1753833600000,31,0.5154941209626276,99.60476205702773,192112.09300794508,0.48096232288418433,17.0,0.5483870967741935,0.4603597367376533,9.0,0.2903225806451613,0.7321441260342886,5.0,0.16129032258064516,,,0.0,,,0.0,0.22582409198120015,0.25513823090298415,17.0,17.0,813.2352941176471,634.0,0.8241436942308722,0.6470588235294118,4.809371821311351e-05,4.418147864758081e+23,444134.2761364551,0,2025-07-30 00:00:00+00:00,1,29.89582175925926
1753837200000,51,0.4222746788467296,149.76881408075937,288995.1863237166,0.4546231231569525,35.0,0.6862745098039216,0.3255334896017599,12.0,0.23529411764705882,0.4294493588671887,4.0,0.0784313725490196,,,0.0,,,0.0,0.23675721266988617,0.21786591048706633,35.0,35.0,1654.0285714285715,624.0,0.9878000570111003,0.5714285714285714,5.0765021560312407e-05,4.4134506808222936e+23,569508.6775280049,1,2025-07-30 00:00:00+00:00,1,29.937488425925928
1753840800000,24,0.37153104766948286,61.70794985688921,121919.50835754239,0.42658460889556565,13.0,0.5416666666666666,0.3010667672280519,8.0,0.3333333333333333,0.3208703635336066,3.0,0.125,,,0.0,,,0.0,0.20514933120817483,0.22143527768739077,13.0,13.0,775.0769230769231,597.0,0.8604283056261811,0.6923076923076923,3.150535088541961e-05,4.3380301813830846e+23,538686.3137920939,2,2025-07-30 00:00:00+00:00,1,29.979155092592592
