hour_ms,n,overshoot_all,arb_loss_sum,arb_volume,cex,cex_n,share_cex,continuation,continuation_n,share_continuation,same_block,same_block_n,share_same_block,onchain,onchain_n,share_onchain,long,long_n,share_long,cex_jump,cex_move,cex_jump_n,cex_move_n,cex_tau_mean_ms,cex_tau_median_ms,cex_sqrt_tau_mean,cex_p_k1,sigma_ps,liq_mean,volume,hod,day,post,t_days
1748656800000,61,1.3028233409825112,73.63415964470855,119541.21191342345,1.9917188019356757,25,0.4098360655737705,1.1968622257952117,21.0,0.3442622950819672,0.30300980065612204,15.0,0.2459016393442623,,,0.0,,,0.0,0.30304954248750343,1.6886692594481725,25,25,1792.92,1604.0,1.308655372915486,0.36,0.00010932871931962239,4.344582642570155e+23,317518.4250101333,2,2025-05-31 00:00:00+00:00,0,-30.020844907407408
1748660400000,104,1.447595824006353,133.2115773146636,218916.27358254459,1.407399703827956,44,0.4230769230769231,1.9780562982027574,39.0,0.375,0.39147677807338954,20.0,0.19230769230769232,3.6506475368552938,1.0,0.009615384615384616,,,0.0,0.41675780684985386,0.9906418969781021,44,44,1412.2954545454545,1223.5,1.095889032017363,0.75,0.00015157746454004057,4.620469519152954e+23,610136.4152709667,3,2025-05-31 00:00:00+00:00,0,-29.97917824074074
1748664000000,73,1.12005468378717,88.02271186973596,142584.41840226937,1.4712834040746092,21,0.2876712328767123,1.266692058782634,34.0,0.4657534246575342,0.2839066436398684,15.0,0.2054794520547945,1.1803035925630152,3.0,0.0410958904109589,,,0.0,0.4542273093103966,1.0170560947642127,21,21,1455.904761904762,1172.0,1.1106165202649112,0.7619047619047619,9.852580587986751e-05,5.463663299272303e+23,504567.4475976776,4,2025-05-31 00:00:00+00:00,0,-29.937511574074072
1748667600000,36,1.169090784168891,46.057324937858155,78487.3869826729,1.588634553553655,13,0.3611111111111111,1.4041280947052897,15.0,0.4166666666666667,0.0466372016629012,8.0,0.2222222222222222,,,0.0,,,0.0,0.265603266476626,1.323031287077029,13,13,4036.923076923077,1226.0,1.4854578250725508,0.6923076923076923,8.946354103903037e-05,5.481938079383461e+23,219099.855142428,5,2025-05-31 00:00:00+00:00,0,-29.895844907407408
1748671200000,52,1.3389452970341809,75.11744742189022,132858.70684581116,1.047268171661838,21,0.40384615384615385,1.226177372465732,21.0,0.40384615384615385,0.250542877317521,3.0,0.057692307692307696,3.0187386267351255,7.0,0.1346153846153846,,,0.0,0.6160756586389113,0.4311925130229266,21,21,3960.4761904761904,2102.0,1.6580978880074502,0.47619047619047616,7.721319168140973e-05,5.476343594339469e+23,457942.25335805566,6,2025-05-31 00:00:00+00:00,0,-29.85417824074074
1748674800000,30,0.7944476218503663,28.699713474457194,54372.509384795856,0.9379783125014054,12,0.4,0.7305740958451109,17.0,0.5666666666666667,0.15792927612723762,1.0,0.03333333333333333,,,0.0,,,0.0,0.3024915600929922,0.6354867524084132,12,12,2745.6666666666665,1765.5,1.5178749792310038,0.3333333333333333,6.40761261768736e-05,5.5590051362994805e+23,168200.26642114343,7,2025-05-31 00:00:00+00:00,0,-29.812511574074072
1748678400000,54,1.134052221567796,79.37999601331921,105988.09855810889,0.7675023348065891,19,0.35185185185185186,2.154394610633552,20.0,0.37037037037037035,0.066496437883688,13.0,0.24074074074074073,1.3519648490883984,2.0,0.037037037037037035,,,0.0,0.28754854611433944,0.47995378869224975,19,19,2968.0,1249.0,1.3902883635556549,0.631578947368421,9.514144724699293e-05,5.5701680006421646e+23,295139.64314008824,8,2025-05-31 00:00:00+00:00,0,-29.770844907407408
1748682000000,44,0.822174066362787,35.569686430432625,62651.48658871184,1.0707562410575733,15,0.3409090909090909,0.9721257808251215,20.0,0.45454545454545453,0.07464440973295587,9.0,0.20454545454545456,,,0.0,,,0.0,0.212312530194459,0.8584437108631141,15,15,3543.8,2040.0,1.7300628838270098,0.2,8.665447067920992e-05,5.580825061337479e+23,168622.93457552238,9,2025-05-31 00:00:00+00:00,0,-29.72917824074074
1748685600000,95,1.4011948785214796,148.90713788866515,253317.2444412426,1.3187022277393368,55,0.5789473684210527,1.8002554167186091,32.0,0.3368421052631579,0.372089699860194,8.0,0.08421052631578947,,,0.0,,,0.0,0.2694756787477733,1.0492265489915633,55,55,1703.709090909091,1270.0,1.2087529454186916,0.7636363636363637,0.0001183909364732342,5.624522085772564e+23,556611.0814513048,10,2025-05-31 00:00:00+00:00,0,-29.687511574074072
1748689200000,38,0.8209022554004864,34.791037326567704,64660.50745080052,0.9538428315457285,19,0.5,0.8247292209444895,14.0,0.3684210526315789,0.30501256252535736,5.0,0.13157894736842105,,,0.0,,,0.0,0.2886657181777359,0.6651771133679926,19,19,1388.842105263158,1091.0,1.1207512474591426,0.7368421052631579,7.659248787732245e-05,5.523693346276001e+23,156994.3822070092,11,2025-05-31 00:00:00+00:00,0,-29.645844907407408
1748692800000,43,1.2016777849383233,59.12944048213994,98931.986505032,1.2017264623526192,20,0.46511627906976744,1.8754529015731456,14.0,0.32558139534883723,0.15347498703016477,9.0,0.20930232558139536,,,0.0,,,0.0,0.3886515342841389,0.8130749280684801,20,20,1792.2,1452.0,1.2777758856941779,0.55,8.471248778210198e-05,5.719959455502115e+23,263117.63058750285,12,2025-05-31 00:00:00+00:00,0,-29.60417824074074
1748696400000,76,1.0411700149726333,100.21138137077807,171378.97820227616,1.385557631863,29,0.3815789473684211,1.0032363425452535,34.0,0.4473684210526316,0.1604604080269603,12.0,0.15789473684210525,2.9121892710309893,1.0,0.013157894736842105,,,0.0,0.4066343347856016,0.9789232970773984,29,29,2233.9310344827586,1095.0,1.27964713842359,0.6551724137931034,0.00010142558824211525,5.903727088177651e+23,455701.24686275877,13,2025-05-31 00:00:00+00:00,0,-29.562511574074072
1748700000000,54,0.7777616182966798,45.231486309320914,81202.0509839417,0.7452331060824862,18,0.3333333333333333,1.0202043911475835,27.0,0.5,0.11549032417235584,9.0,0.16666666666666666,,,0.0,,,0.0,0.40228091455035514,0.34295219153213097,18,18,2275.8888888888887,1290.5,1.3010403368695134,0.5555555555555556,8.791692055162126e-05,6.068338816126362e+23,272358.3928270278,14,2025-05-31 00:00:00+00:00,0,-29.520844907407408
1748703600000,55,1.1835639055993963,103.58938054765024,128700.55749069905,0.7503312372276335,17,0.3090909090909091,1.5236268433554294,31.0,0.5636363636363636,0.7297073758683884,7.0,0.12727272727272726,,,0.0,,,0.0,0.19814397107837595,0.5521872661492576,17,17,1754.764705882353,1483.0,1.2290072205975213,0.5294117647058824,0.00011571701669887971,6.086382968900715e+23,387048.14023743256,15,2025-05-31 00:00:00+00:00,0,-29.47917824074074
1748707200000,50,0.8310075396820426,49.699793076936906,83735.06049646123,1.2019358392825241,20,0.4,0.7562039399701292,18.0,0.36,0.3249991065824434,12.0,0.24,,,0.0,,,0.0,0.2354512004657016,0.9664846388168226,20,20,1945.95,1447.0,1.3112191887334672,0.5,8.853723557325221e-05,6.113508805870536e+23,245249.32680732617,16,2025-05-31 00:00:00+00:00,0,-29.437511574074072
1748710800000,50,0.8796308783892082,54.005625396527584,92576.28571865181,0.6760823442015998,26,0.52,1.4544013406429752,15.0,0.3,0.5097092067304644,9.0,0.18,,,0.0,,,0.0,0.16107691372916863,0.5150054304724312,26,26,2153.269230769231,1336.0,1.2372442788662485,0.6923076923076923,5.911838667831149e-05,5.9764786525971346e+23,207541.8028604081,17,2025-05-31 00:00:00+00:00,0,-29.395844907407408
1748714400000,56,0.7123310550403245,48.21610634766517,89449.15513894822,0.7701543149975847,34,0.6071428571428571,0.7022793497338735,19.0,0.3392857142857143,0.12066157579889776,3.0,0.05357142857142857,,,0.0,,,0.0,0.1454494817203674,0.6247048332772173,34,34,2538.8529411764707,1430.0,1.3631825649889373,0.5882352941176471,6.229101492403547e-05,6.016634693040229e+23,171358.80689792015,18,2025-05-31 00:00:00+00:00,0,-29.35417824074074
1748718000000,31,0.4761906713557943,19.126692245320974,37365.18700625151,0.5906891632519538,13,0.41935483870967744,0.3907671362150391,12.0,0.3870967741935484,0.3757070407554063,5.0,0.16129032258064516,0.5152108513967234,1.0,0.03225806451612903,,,0.0,0.16664626524597162,0.4240428980059821,13,13,4043.923076923077,1573.0,1.7255924802960378,0.46153846153846156,5.875038375554224e-05,6.081851471952403e+23,130380.5687432294,19,2025-05-31 00:00:00+00:00,0,-29.312511574074072
1748721600000,39,0.7571571733750506,35.90749757793911,65735.14509782089,0.7829518856777006,25,0.6410256410256411,1.029343336480808,8.0,0.20512820512820512,0.2867643213063326,6.0,0.15384615384615385,,,0.0,,,0.0,0.14784135411994181,0.6351105315577588,25,25,3387.2083333333335,1208.5,1.4390430157065612,0.6666666666666666,5.0469655018073385e-05,6.06782203289011e+23,119412.44620103505,20,2025-05-31 00:00:00+00:00,0,-29.270844907407408
1748725200000,46,1.0700200974533638,65.55703264327195,108129.27029026244,1.06788109727597,28,0.6086956521739131,1.0993754489776573,17.0,0.3695652173913043,0.6308711265073973,1.0,0.021739130434782608,,,0.0,,,0.0,0.34502619132876106,0.722854905947209,28,28,1155.142857142857,1198.5,1.0167671686938482,0.75,8.331351743729297e-05,6.118563976176955e+23,256071.16131569166,21,2025-05-31 00:00:00+00:00,0,-29.22917824074074
1748728800000,47,0.9026373731995789,49.287710053431866,92132.97426323903,1.2810246349095202,19,0.40425531914893614,0.6842321313810812,21.0,0.44680851063829785,0.5308019597280884,7.0,0.14893617021276595,,,0.0,,,0.0,0.5297394898612405,0.7512851450482796,19,19,2485.9473684210525,1576.0,1.410355702237558,0.47368421052631576,7.784856090894001e-05,6.092151801782006e+23,193363.3608910264,22,2025-05-31 00:00:00+00:00,0,-29.187511574074072
1748732400000,64,0.9636643550364624,71.28475061061349,123080.68191674836,1.2365523739647821,32,0.5,0.8352230303841022,19.0,0.296875,0.4796619367817407,13.0,0.203125,,,0.0,,,0.0,0.2545922633706609,0.9819601105941211,32,32,3216.5625,1286.0,1.551590125845208,0.59375,0.0001017867280172353,6.0093604909019984e+23,329345.6364807135,23,2025-05-31 00:00:00+00:00,0,-29.145844907407408
1748736000000,63,1.0073168664833063,75.0771209473864,139719.69974264016,0.9827759222858844,26,0.4126984126984127,1.4198909048130388,21.0,0.3333333333333333,0.5056924754963431,16.0,0.25396825396825395,,,0.0,,,0.0,0.32837892865768165,0.6543969936282027,26,26,1754.7692307692307,1266.5,1.2324306642409981,0.6153846153846154,9.717371398505998e-05,5.865570291954639e+23,356534.9755877944,0,2025-06-01 00:00:00+00:00,0,-29.10417824074074
1748739600000,85,1.2756391452697076,134.80949937830533,226689.63884247633,1.4053402808318394,40,0.47058823529411764,1.7260359351291783,24.0,0.2823529411764706,0.4900367037912233,20.0,0.23529411764705882,0.9901195957268171,1.0,0.011764705882352941,,,0.0,0.3259658288446753,1.079374451987164,40,40,2731.0,1423.5,1.40101292987783,0.6,0.0001333156133116194,5.402958463072481e+23,718245.7995502889,1,2025-06-01 00:00:00+00:00,0,-29.062511574074072
1748743200000,74,0.8125013812159385,65.32471386508688,119297.74402214319,1.0739085888443176,29,0.3918918918918919,0.883352791987484,30.0,0.40540540540540543,0.16541129159131518,15.0,0.20270270270270271,,,0.0,,,0.0,0.2329551600225649,0.8409534288217526,29,29,1981.448275862069,1435.0,1.282056928418092,0.6206896551724138,0.00011170856090991579,5.594740928856613e+23,367066.6104629088,2,2025-06-01 00:00:00+00:00,0,-29.020844907407408
1748746800000,74,0.8414864281978743,72.8970049912895,128365.64689952863,1.0881782546642471,33,0.44594594594594594,0.8538858513979424,26.0,0.35135135135135137,0.2772720764250694,15.0,0.20270270270270271,,,0.0,,,0.0,0.246884578257878,0.8412936764063692,33,33,2336.939393939394,1658.0,1.365315355201092,0.45454545454545453,0.00010646304270888209,5.479132042017581e+23,299789.69696923246,3,2025-06-01 00:00:00+00:00,0,-28.97917824074074
1748750400000,46,0.5561437841618864,28.687007434893427,51977.671579459675,0.7157520871352141,14,0.30434782608695654,0.6460633867875094,21.0,0.45652173913043476,0.1813412480923707,11.0,0.2391304347826087,,,0.0,,,0.0,0.17483615210788184,0.5409159350273323,14,14,2818.214285714286,2084.0,1.5655865817953052,0.2857142857142857,6.979369256130682e-05,5.851899585747299e+23,179512.06200684642,4,2025-06-01 00:00:00+00:00,0,-28.937511574074072
1748754000000,33,0.30608501343653205,12.241000374880633,23881.767407067964,0.5093718252474665,12,0.36363636363636365,0.28564600673364626,10.0,0.30303030303030304,0.10289849755449967,11.0,0.3333333333333333,,,0.0,,,0.0,0.15260855648051266,0.3567632687669538,12,12,3551.9166666666665,1486.5,1.5491429487203814,0.5,6.369121536700145e-05,5.909031857588881e+23,119374.02213772594,5,2025-06-01 00:00:00+00:00,0,-28.895844907407408
1748757600000,33,1.0593644044833657,37.79615761638868,62318.49168484485,1.2258335074956428,16,0.48484848484848486,0.9761472373036957,14.0,0.42424242424242425,0.5598759685896818,3.0,0.09090909090909091,,,0.0,,,0.0,0.2500753591174647,0.975758148378178,16,16,1915.1875,1481.5,1.2871062513312532,0.5625,7.021751555084812e-05,5.695005062393902e+23,156374.3169654317,6,2025-06-01 00:00:00+00:00,0,-28.85417824074074
1748761200000,34,1.1131553170957622,41.04145535422086,72026.99101125232,1.057190867529566,16,0.47058823529411764,1.2723629318047915,14.0,0.4117647058823529,0.7797864638789442,4.0,0.11764705882352941,,,0.0,,,0.0,0.2401152665480787,0.8170756009814872,16,16,4482.75,1414.5,1.5353106706301727,0.8125,6.489587616639425e-05,5.604698796604107e+23,153384.80783200386,7,2025-06-01 00:00:00+00:00,0,-28.812511574074072
1748764800000,47,0.7312427295494166,38.83105854017898,71506.98713191798,0.8129556904153367,21,0.44680851063829785,0.7584882590212672,18.0,0.3829787234042553,0.4554437659647125,8.0,0.1702127659574468,,,0.0,,,0.0,0.24851584622385664,0.5644398441914799,21,21,2002.4761904761904,1678.0,1.3433992187117192,0.42857142857142855,9.295086586193858e-05,5.6527789672152087e+23,207820.25946373143,8,2025-06-01 00:00:00+00:00,0,-28.770844907407408
1748768400000,89,1.4329984873874761,114.46766935563458,197441.95721210074,1.4576103722692457,40,0.449438202247191,1.4991518295173327,41.0,0.4606741573033708,0.9709031845631143,8.0,0.0898876404494382,,,0.0,,,0.0,0.2740556424126782,1.1835547298565674,40,40,2404.3,1673.0,1.4603185467214865,0.35,0.00011833393085440543,4.552555851832349e+23,508773.7105274926,9,2025-06-01 00:00:00+00:00,0,-28.72917824074074
1748772000000,57,0.6906725012316106,29.72519271656373,55594.69646522164,0.970152320124354,21,0.3684210526315789,0.6795059434912939,22.0,0.38596491228070173,0.24477428397110199,13.0,0.22807017543859648,0.8639373991575815,1.0,0.017543859649122806,,,0.0,0.35473592765607026,0.6154163924682836,21,21,2777.1428571428573,1600.0,1.5173368953084017,0.42857142857142855,8.080450770842076e-05,4.172888801867956e+23,196411.46834869828,10,2025-06-01 00:00:00+00:00,0,-28.687511574074072
1748775600000,34,0.7967601443505727,27.214292330098004,47809.73793953736,0.47112405354410736,10,0.29411764705882354,1.3498390060542735,15.0,0.4411764705882353,0.23677992018492203,9.0,0.2647058823529412,,,0.0,,,0.0,0.287179019428656,0.18394503411545138,10,10,2406.9,1377.0,1.4164954092921715,0.6,7.279714662637832e-05,5.010325306472864e+23,139254.60656885064,11,2025-06-01 00:00:00+00:00,0,-28.645844907407408
1748779200000,78,1.1846909178726055,77.05876927626296,135408.2227360915,1.06988477675677,22,0.28205128205128205,1.38100574900613,40.0,0.5128205128205128,0.3884341722177612,14.0,0.1794871794871795,4.095059067060207,2.0,0.02564102564102564,,,0.0,0.4296202216808591,0.640264555075911,22,22,1714.2727272727273,1232.5,1.2089411701477155,0.6363636363636364,0.0001209528960402899,4.1975886919192934e+23,426140.2514584414,12,2025-06-01 00:00:00+00:00,0,-28.60417824074074
1748782800000,57,0.939376594608237,42.999461286759924,75310.58369534349,1.1227138810836623,22,0.38596491228070173,1.1289969495543895,18.0,0.3157894736842105,0.2482525639168525,16.0,0.2807017543859649,4.550774394180284,1.0,0.017543859649122806,,,0.0,0.4169965650599757,0.7057173160236867,22,22,2547.3636363636365,1473.0,1.3757398652509976,0.5,7.763151116855912e-05,4.164102677801445e+23,196380.92919350503,13,2025-06-01 00:00:00+00:00,0,-28.562511574074072
1748786400000,71,1.085068155779464,92.27031370113438,160415.04861134163,1.3635431669080074,32,0.4507042253521127,1.2103928757585118,24.0,0.3380281690140845,0.2707628863524202,14.0,0.19718309859154928,0.566348292147527,1.0,0.014084507042253521,,,0.0,0.323361824484396,1.0401813424236115,32,32,2058.4375,1467.0,1.3339697961586294,0.5625,0.00010222325623967858,5.6995787364656694e+23,517762.06381765916,14,2025-06-01 00:00:00+00:00,0,-28.520844907407408
1748790000000,56,1.0582468275730192,67.90277694183156,118833.36150297178,1.1474119733963941,27,0.48214285714285715,1.2202275082204581,22.0,0.39285714285714285,0.20524198307662328,7.0,0.125,,,0.0,,,0.0,0.20329878242789626,0.9441131909684978,27,27,2447.185185185185,1571.0,1.4288928433009442,0.48148148148148145,9.206731990218453e-05,5.7213138627081364e+23,266789.6563776292,15,2025-06-01 00:00:00+00:00,0,-28.47917824074074
1748793600000,103,1.249583214894485,174.5295102143025,270646.6513025633,1.010243860497412,46,0.44660194174757284,1.9511038469031234,36.0,0.34951456310679613,0.5762080781451838,19.0,0.18446601941747573,0.5240807889900266,2.0,0.019417475728155338,,,0.0,0.4981878386365416,0.5120560218608705,46,46,1750.2173913043478,1294.5,1.2227454699320877,0.5869565217391305,0.00012247792844884088,5.974254442409517e+23,730514.6981685855,16,2025-06-01 00:00:00+00:00,0,-28.437511574074072
1748797200000,66,0.7132055498937069,56.265396687171695,107414.26431997318,0.8621566343039246,33,0.5,0.7527971106466492,19.0,0.2878787878787879,0.28081260768403343,13.0,0.19696969696969696,0.6666883587763727,1.0,0.015151515151515152,,,0.0,0.23634285566979238,0.6258137786341322,33,33,2189.151515151515,1186.0,1.2885515522510511,0.6666666666666666,7.487443568912359e-05,6.056110983586338e+23,250656.7768034141,17,2025-06-01 00:00:00+00:00,0,-28.395844907407408
1748800800000,101,1.6734797123008611,238.63459550677922,335039.37110095023,1.5084945552932316,50,0.49504950495049505,2.1807230825087713,36.0,0.3564356435643564,0.7269176822276929,14.0,0.13861386138613863,4.913844656221915,1.0,0.009900990099009901,,,0.0,0.4004911353390693,1.1080034199541622,50,50,1441.0,1279.5,1.1412719121080002,0.7,0.000138452371120624,5.686168658915038e+23,689896.8370740891,18,2025-06-01 00:00:00+00:00,0,-28.35417824074074
1748804400000,60,1.2528193788333186,95.1393985571051,143774.57315998143,1.6609345771123651,30,0.5,0.9389755171443959,20.0,0.3333333333333333,0.6150702572606754,9.0,0.15,1.025982758394166,1.0,0.016666666666666666,,,0.0,0.27027692820273647,1.3906576489096285,30,30,1409.5666666666666,1107.5,1.1172221403010263,0.7666666666666667,8.356390043246446e-05,5.777609016980154e+23,294451.0126264171,19,2025-06-01 00:00:00+00:00,0,-28.312511574074072
1748808000000,51,1.6555289896832415,117.0795400915438,157909.49230927732,1.2086773015937324,21,0.4117647058823529,2.06398638935539,21.0,0.4117647058823529,0.43837679826825177,8.0,0.1568627450980392,12.199026577767729,1.0,0.0196078431372549,,,0.0,0.28816989523255065,0.9205074063611818,21,21,1828.142857142857,860.0,1.148699839102231,0.7142857142857143,9.088034238719391e-05,5.882726301438394e+23,377443.7505652409,20,2025-06-01 00:00:00+00:00,0,-28.270844907407408
1748811600000,57,0.7232575151823286,52.10912062625744,100745.06794327816,0.6880684123172819,32,0.5614035087719298,1.0684460812793215,14.0,0.24561403508771928,0.38629491212083694,11.0,0.19298245614035087,,,0.0,,,0.0,0.24183061800322775,0.44623779431405414,32,32,1787.625,1184.0,1.1844391598556867,0.71875,8.460406298028267e-05,6.051123070052356e+23,237717.28928817742,21,2025-06-01 00:00:00+00:00,0,-28.22917824074074
1748815200000,61,1.1197214573242136,91.80743950463439,153745.2181339517,1.5347475630618839,33,0.5409836065573771,0.5925774763510016,14.0,0.22950819672131148,0.6685896176300598,14.0,0.22950819672131148,,,0.0,,,0.0,0.3474967441309373,1.1872508189309465,33,33,1922.090909090909,1284.0,1.217781604638038,0.7272727272727273,9.06295613392552e-05,6.827584708836158e+23,347727.3008630546,22,2025-06-01 00:00:00+00:00,0,-28.187511574074072
1748818800000,50,1.0378975945111433,72.81464894242572,129038.39908512903,1.2880935638693531,30,0.6,0.9007026890525172,10.0,0.2,0.42450459189514056,10.0,0.2,,,0.0,,,0.0,0.5555425214124005,0.7325510424569526,30,30,1341.1,1214.0,1.0838001475953667,0.6,9.04390518027974e-05,6.82615259907363e+23,280631.5833663499,23,2025-06-01 00:00:00+00:00,0,-28.145844907407408
1748822400000,78,0.9515575428210363,97.12259115644525,174955.1960299857,0.9393208399918037,33,0.4230769230769231,1.2623754738719923,26.0,0.3333333333333333,0.45105998250071533,18.0,0.23076923076923078,2.2830586146266363,1.0,0.01282051282051282,,,0.0,0.2915413871253945,0.6477794528664091,33,33,1713.8484848484848,1084.0,1.1734105620330357,0.6666666666666666,0.00011017957493957969,6.730812467785227e+23,489157.2292122825,0,2025-06-02 00:00:00+00:00,0,-28.10417824074074
1748826000000,57,0.7714312416875932,59.30084905366542,108190.46279304336,0.9200180929919615,26,0.45614035087719296,0.8038945876674463,20.0,0.3508771929824561,0.36098465829459847,10.0,0.17543859649122806,0.36337202210690467,1.0,0.017543859649122806,,,0.0,0.3643690403892401,0.5556490526027212,26,26,2236.269230769231,1288.5,1.2788836779734676,0.6923076923076923,8.413713920487337e-05,6.728447447239141e+23,261456.985316843,1,2025-06-02 00:00:00+00:00,0,-28.062511574074072
1748829600000,45,1.4057431256219703,73.0050517588129,120725.81749073353,1.6188362956655038,21,0.4666666666666667,1.477215735794615,17.0,0.37777777777777777,0.45138584824689226,6.0,0.13333333333333333,1.4418958460232822,1.0,0.022222222222222223,,,0.0,0.3917230349047395,1.2271132607607642,21,21,2586.0476190476193,1466.0,1.424211660657845,0.5238095238095238,0.00011135351648983457,6.257472328249016e+23,323248.0904861803,2,2025-06-02 00:00:00+00:00,0,-28.020844907407408
1748833200000,85,1.150061364981941,88.42239446046825,154029.6129128538,1.0599016184429488,49,0.5764705882352941,1.568736115683249,25.0,0.29411764705882354,0.6001485297890224,11.0,0.12941176470588237,,,0.0,,,0.0,0.3485501034531831,0.7113515149897659,49,49,2375.5102040816328,1409.0,1.3827299340939416,0.5714285714285714,0.00011946904456862053,4.6327933656023846e+23,517504.8850960069,3,2025-06-02 00:00:00+00:00,0,-27.97917824074074
1748836800000,39,0.8642540124112305,30.416421998798615,55069.67357925995,1.1502045438329156,20,0.5128205128205128,0.7380352365927073,13.0,0.3333333333333333,0.18455958861241398,6.0,0.15384615384615385,,,0.0,,,0.0,0.2767169748244579,0.8734875690084575,20,20,2617.3,1829.5,1.5240873631844913,0.4,7.564879877718009e-05,4.678441063418636e+23,176306.86477280347,4,2025-06-02 00:00:00+00:00,0,-27.937511574074072
1748840400000,48,0.9590093047782084,38.450750388146446,69239.00620308718,0.8817866626697285,21,0.4375,1.5156455560998887,16.0,0.3333333333333333,0.2947708213468835,10.0,0.20833333333333334,0.31688960222265183,1.0,0.020833333333333332,,,0.0,0.29899541237288124,0.5827912502968472,21,21,2315.4285714285716,1512.0,1.3944698389297787,0.47619047619047616,7.804546026487472e-05,4.179400191376468e+23,180850.57137086484,5,2025-06-02 00:00:00+00:00,0,-27.895844907407408
1748844000000,50,1.1444135920446508,48.72548948368149,85010.00159323629,0.9271126378161268,21,0.42,1.6894712674643209,22.0,0.44,0.08327804626840231,7.0,0.14,,,0.0,,,0.0,0.24685794198858388,0.6802546958275429,21,21,2485.6666666666665,1504.0,1.3818763778149785,0.47619047619047616,0.00010089744549825853,4.284923243582379e+23,256884.72078792518,6,2025-06-02 00:00:00+00:00,0,-27.85417824074074
1748847600000,65,1.206510109961282,81.33413133174557,142016.04734587224,0.7645189701301238,22,0.3384615384615385,1.610889789202186,34.0,0.5230769230769231,0.4128589802976411,8.0,0.12307692307692308,3.530615129365149,1.0,0.015384615384615385,,,0.0,0.16753335899521418,0.5969856111349098,22,22,1850.590909090909,1219.0,1.2520123500131868,0.6818181818181818,9.555437003805217e-05,5.555193693801082e+23,399041.5159236329,7,2025-06-02 00:00:00+00:00,0,-27.812511574074072
1748851200000,70,1.0719874501321387,81.1151759524723,145151.1430032907,1.049193811122462,33,0.4714285714285714,1.4811048335828403,25.0,0.35714285714285715,0.28234207521978866,12.0,0.17142857142857143,,,0.0,,,0.0,0.2412503260057529,0.8079434851167089,33,33,2042.8181818181818,1458.0,1.3372627883456454,0.5454545454545454,0.00010939380684750416,5.3292551700598414e+23,423218.5542471288,8,2025-06-02 00:00:00+00:00,0,-27.770844907407408
1748854800000,77,1.781512512351624,113.77077982411554,188875.8205468091,1.7173661919761294,37,0.4805194805194805,2.024620940449834,35.0,0.45454545454545453,0.5544362864428098,5.0,0.06493506493506493,,,0.0,,,0.0,0.3148923854523071,1.4024738065238223,37,37,1591.0,1384.0,1.1968907843851126,0.5945945945945946,0.00010414309588313411,4.129519025820187e+23,386606.597404958,9,2025-06-02 00:00:00+00:00,0,-27.72917824074074
1748858400000,53,1.605457810240733,73.75903123522609,114452.81960872083,1.0351108697726592,27,0.5094339622641509,2.3452267890340903,21.0,0.39622641509433965,0.18820586804913375,4.0,0.07547169811320754,7.138684416984624,1.0,0.018867924528301886,,,0.0,0.3505153935803391,0.68459547619232,27,27,2251.962962962963,1520.0,1.417727721005893,0.48148148148148145,0.00011764187782883425,4.1121240121622864e+23,282442.15927750425,10,2025-06-02 00:00:00+00:00,0,-27.687511574074072
1748862000000,51,1.0592703184567707,58.98655764991658,87400.30952347346,0.675507331602871,24,0.47058823529411764,1.8029105472026294,19.0,0.37254901960784315,0.4444137357470556,8.0,0.1568627450980392,,,0.0,,,0.0,0.20488730271236497,0.470620028890506,24,24,2270.4583333333335,1564.0,1.404999083558825,0.4583333333333333,8.576167626157616e-05,4.186103227835908e+23,1134279.8819174306,11,2025-06-02 00:00:00+00:00,0,-27.645844907407408
1748865600000,48,1.2361629513744503,48.086933031941165,81207.47433354089,1.2531692940740542,26,0.5416666666666666,1.503932328895586,12.0,0.25,0.7357944632910021,9.0,0.1875,2.084081903682149,1.0,0.020833333333333332,,,0.0,0.2560254092323463,0.9971438848417079,26,26,2292.1923076923076,1748.0,1.4352316931242761,0.46153846153846156,8.308969562347202e-05,4.1460638375474295e+23,198101.59541703094,12,2025-06-02 00:00:00+00:00,0,-27.60417824074074
1748869200000,120,1.313525520787085,157.37868844515467,271927.4666982297,1.2103790514810973,51,0.425,1.5612858127316978,49.0,0.4083333333333333,0.4948691886376188,15.0,0.125,2.393537643099357,5.0,0.041666666666666664,,,0.0,0.4371784932953609,0.7732005581857362,51,51,1598.078431372549,1485.0,1.2010401388900849,0.5294117647058824,0.00013915065264617633,5.2580808540283714e+23,793307.9715989131,13,2025-06-02 00:00:00+00:00,0,-27.562511574074072
1748872800000,134,1.5283377938394154,272.51719524765923,481393.9362885889,1.5880216214381129,57,0.4253731343283582,1.7402825671990718,61.0,0.4552238805970149,0.386399811206403,15.0,0.11194029850746269,2.3267981852698227,1.0,0.007462686567164179,,,0.0,0.24444522652751607,1.3435763949105968,57,57,1386.421052631579,1282.0,1.1177240482030286,0.7192982456140351,0.0001972438529117128,6.290011469222157e+23,1415294.9513484172,14,2025-06-02 00:00:00+00:00,0,-27.520844907407408
1748876400000,95,1.2150013782665066,153.93959900907393,261678.75352416863,1.4088153568922992,34,0.35789473684210527,1.2527374146148764,43.0,0.45263157894736844,0.7587611095855701,18.0,0.18947368421052632,,,0.0,,,0.0,0.2570697726094696,1.1517455842828295,34,34,1444.6764705882354,1229.0,1.1058363745028938,0.6764705882352942,0.0001438561165999713,6.717776055494281e+23,930915.4762233488,15,2025-06-02 00:00:00+00:00,0,-27.47917824074074
1748880000000,76,0.8586837419886304,90.70252905983025,165908.33977030296,1.1215494007365188,29,0.3815789473684211,0.915770991592211,31.0,0.40789473684210525,0.2716331894011452,16.0,0.21052631578947367,,,0.0,,,0.0,0.2493273512734116,0.872222049463107,29,29,1497.655172413793,1174.0,1.167922574167273,0.6551724137931034,0.00011607204063603654,6.852112613627625e+23,580799.5808513148,16,2025-06-02 00:00:00+00:00,0,-27.437511574074072
1748883600000,100,1.2263771665958534,170.2153232268419,296566.85607710417,1.2414906024508514,56,0.56,1.53442310146495,31.0,0.31,0.2569857742959524,12.0,0.12,2.4632974853727774,1.0,0.01,,,0.0,0.24813237825829423,0.993358224192557,56,56,1549.392857142857,1258.5,1.16338484312673,0.6964285714285714,0.00011586016933923992,6.875965335966792e+23,621086.5205209133,17,2025-06-02 00:00:00+00:00,0,-27.395844907407408
1748887200000,103,1.1067855125505444,161.3737705478067,290328.3314798212,1.3084526588596888,55,0.5339805825242718,1.091917134958726,34.0,0.3300970873786408,0.35063064048760634,14.0,0.13592233009708737,,,0.0,,,0.0,0.626343813664982,0.6821088451947066,55,55,1213.6545454545455,1112.0,1.0403128857532353,0.8181818181818182,0.00011828709267147896,6.858469072873467e+23,655585.552539968,18,2025-06-02 00:00:00+00:00,0,-27.35417824074074
1748890800000,73,1.2444888561926786,126.07249156603173,227243.6207269586,1.4814456077526914,44,0.6027397260273972,1.0951099722605928,19.0,0.2602739726027397,0.3167548855010465,9.0,0.1232876712328767,2.006196318486424,1.0,0.0136986301369863,,,0.0,0.3748835665454438,1.1065620412072474,44,44,1580.9318181818182,1148.5,1.1874602411075939,0.6590909090909091,0.0001008431126405758,6.778560371352451e+23,452061.43580462306,19,2025-06-02 00:00:00+00:00,0,-27.312511574074072
1748894400000,60,0.81164577573919,63.96989445292711,116488.87760659281,0.8741178203330912,32,0.5333333333333333,0.9972194482325514,19.0,0.31666666666666665,0.186961554869418,8.0,0.13333333333333333,0.2841143383186572,1.0,0.016666666666666666,,,0.0,0.18561287428730827,0.6885049460457828,32,32,2050.375,1426.5,1.2801727063443953,0.625,8.454338592641032e-05,6.854240801682421e+23,299454.08981774765,20,2025-06-02 00:00:00+00:00,0,-27.270844907407408
1748898000000,64,0.7556739099720068,67.43072099902271,125721.54021397504,0.8166532357663003,40,0.625,0.7308790450104142,21.0,0.328125,0.11618028744590751,3.0,0.046875,,,0.0,,,0.0,0.24016338732286027,0.57648984844344,40,40,1732.5,1122.5,1.200405533962527,0.725,8.917481073299575e-05,6.856819316763677e+23,392952.27856747183,21,2025-06-02 00:00:00+00:00,0,-27.22917824074074
1748901600000,133,1.1008152863380756,216.4962617289072,384880.2116668836,1.2165003048396585,65,0.48872180451127817,1.2324329749358616,42.0,0.3157894736842105,0.49285657759783025,24.0,0.18045112781954886,1.8725852293660683,2.0,0.015037593984962405,,,0.0,0.22738737625053704,0.9891129285891216,65,65,1412.5692307692307,1184.0,1.1264687717983963,0.676923076923077,0.00014376008181380152,6.876290203512713e+23,954992.8647718579,22,2025-06-02 00:00:00+00:00,0,-27.187511574074072
1748905200000,131,1.3549618120423357,247.02617648121543,432368.96350566426,1.2530826388853173,72,0.549618320610687,1.712033153160795,43.0,0.3282442748091603,0.5721619974025992,13.0,0.09923664122137404,2.074171941885051,3.0,0.022900763358778626,,,0.0,0.3935557724408031,0.8595268664445143,72,72,1231.875,1083.5,1.0545553802788714,0.75,0.00013656508604041796,6.497198240412822e+23,1005472.8758313352,23,2025-06-02 00:00:00+00:00,0,-27.145844907407408
1748908800000,116,1.0981433675384291,161.7764442536198,297444.600537042,0.9118248338381877,62,0.5344827586206896,1.6631493196552445,39.0,0.33620689655172414,0.3992444979957069,15.0,0.12931034482758622,,,0.0,,,0.0,0.32737382243022145,0.5844510114079662,62,62,1717.741935483871,1294.0,1.2008967087740123,0.6451612903225806,0.00012519366393836724,6.056973072127041e+23,725696.6006075137,0,2025-06-03 00:00:00+00:00,0,-27.10417824074074
1748912400000,97,1.1004552480245184,138.04374570667116,259185.13202175483,1.1108905651768497,47,0.4845360824742268,1.533140705458982,33.0,0.3402061855670103,0.23168583617176144,17.0,0.17525773195876287,,,0.0,,,0.0,0.6404396543013761,0.47045091087547364,47,47,1360.936170212766,1284.0,1.115007132683194,0.7021276595744681,0.00012602827215710223,6.108525279265249e+23,655479.1262114955,1,2025-06-03 00:00:00+00:00,0,-27.062511574074072
1748916000000,78,1.4045378427099524,148.0131946249046,264960.0786545255,1.6033129310636338,24,0.3076923076923077,1.7048311141308996,37.0,0.47435897435897434,0.3508883387936439,16.0,0.20512820512820512,2.381476742307491,1.0,0.01282051282051282,,,0.0,0.5890563344690446,1.014256596594589,24,24,1801.625,1193.0,1.240846841680656,0.625,0.00010786817652080575,6.04897381403218e+23,693166.0262153355,2,2025-06-03 00:00:00+00:00,0,-27.020844907407408
1748919600000,78,1.7291910967822492,197.95960685785502,308716.67159203504,1.2407188032070624,40,0.5128205128205128,2.7435976414224967,27.0,0.34615384615384615,0.7198343113037027,9.0,0.11538461538461539,2.3462541502961054,2.0,0.02564102564102564,,,0.0,0.29162205412761477,0.9490967490794479,40,40,2826.525,1882.0,1.545097488445775,0.425,0.00011180776932508149,6.614863841407644e+23,672365.4291644449,3,2025-06-03 00:00:00+00:00,0,-26.97917824074074
1748923200000,47,0.7641779180974352,58.062930324351804,113673.56781391789,0.914912501584958,19,0.40425531914893614,0.9249054471033347,18.0,0.3829787234042553,0.1884726572605232,10.0,0.2127659574468085,,,0.0,,,0.0,0.2155976702210264,0.6993148313639315,19,19,3328.6315789473683,1517.0,1.6304466282446097,0.42105263157894735,8.310261011701173e-05,6.920782362778166e+23,305214.1916778336,4,2025-06-03 00:00:00+00:00,0,-26.937511574074072
1748926800000,48,1.2743749130741062,80.67112196203135,142015.6660638443,1.7133972614466157,23,0.4791666666666667,1.1457601574012228,17.0,0.3541666666666667,0.24968256953028942,7.0,0.14583333333333334,0.536158151752124,1.0,0.020833333333333332,,,0.0,0.36880249878582033,1.3445947626607953,23,23,3287.1739130434785,1481.0,1.5657352892387806,0.5217391304347826,6.85262069064044e-05,6.581081631882433e+23,273945.13474296435,5,2025-06-03 00:00:00+00:00,0,-26.895844907407408
1748930400000,33,0.9210497110578403,37.52348895500718,63973.8930689569,0.8134124959710434,17,0.5151515151515151,1.3442164976120392,12.0,0.36363636363636365,0.10900751551413002,4.0,0.12121212121212122,,,0.0,,,0.0,0.27709140895367645,0.5363210870173669,17,17,2768.470588235294,1876.0,1.4735821401613567,0.47058823529411764,5.752725818049962e-05,6.17911441820649e+23,157728.6902899281,6,2025-06-03 00:00:00+00:00,0,-26.85417824074074
1748934000000,42,0.881756177820401,56.031795995349064,100018.51858268348,1.0868678723203529,13,0.30952380952380953,0.9140672086918248,21.0,0.5,0.46363321822049264,8.0,0.19047619047619047,,,0.0,,,0.0,0.23428542409037473,0.852582448229978,13,13,3081.230769230769,1865.0,1.6197286241490958,0.38461538461538464,9.115851302736069e-05,8.372444441592795e+23,255394.2040514207,7,2025-06-03 00:00:00+00:00,0,-26.812511574074072
1748937600000,65,0.7406980850980965,92.07615302485783,179429.7141521892,0.7363820426280705,36,0.5538461538461539,0.8402822671649774,24.0,0.36923076923076925,0.2797087733871816,4.0,0.06153846153846154,0.35001249125754963,1.0,0.015384615384615385,,,0.0,0.4098619837171358,0.32652005891093466,36,36,1981.3055555555557,1526.0,1.3170514469726422,0.5,8.93708931835849e-05,7.993112415947054e+23,735621.299226926,8,2025-06-03 00:00:00+00:00,0,-26.770844907407408
1748941200000,33,0.8385883612513653,33.011104713738064,60231.62149367578,0.7334695371133263,15,0.45454545454545453,1.3186944358351038,12.0,0.36363636363636365,0.14117327242898556,6.0,0.18181818181818182,,,0.0,,,0.0,0.22819468185657193,0.5052748552567543,15,15,5321.066666666667,2038.0,1.9877772439149597,0.3333333333333333,7.09926836597843e-05,6.247371953106442e+23,189293.40037291398,9,2025-06-03 00:00:00+00:00,0,-26.72917824074074
1748944800000,31,0.8075430202808227,30.033763816729078,52429.83123098366,1.0652790380143853,15,0.4838709677419355,0.8141454243576528,8.0,0.25806451612903225,0.26384381506285653,7.0,0.22580645161290322,0.6945779581885069,1.0,0.03225806451612903,,,0.0,0.3540352159161159,0.7112438220982694,15,15,2748.6,1084.0,1.3118844255964115,0.6666666666666666,6.602807825231832e-05,6.195496222061378e+23,151032.0235319466,10,2025-06-03 00:00:00+00:00,0,-26.687511574074072
1748948400000,47,0.8437714354764302,52.23378200285773,96485.54824238947,0.9499093481814908,28,0.5957446808510638,0.8107921996731389,15.0,0.3191489361702128,0.22447818080334903,4.0,0.0851063829787234,,,0.0,,,0.0,0.2659385421825941,0.6839708059988966,28,28,3157.1071428571427,2059.0,1.6174985248251725,0.32142857142857145,6.210294213910799e-05,6.233520335079665e+23,175169.43274919657,11,2025-06-03 00:00:00+00:00,0,-26.645844907407408
1748952000000,47,1.0150458609220052,62.22647687097657,115931.62736995115,1.2174468355782577,18,0.3829787234042553,0.8009054356813564,24.0,0.5106382978723404,1.3142763933146107,5.0,0.10638297872340426,,,0.0,,,0.0,0.27819111626513937,0.9392557193131184,18,18,3390.8888888888887,2222.5,1.7109843835727092,0.2777777777777778,7.105010251989781e-05,6.36941921545819e+23,257218.67962997244,12,2025-06-03 00:00:00+00:00,0,-26.60417824074074
1748955600000,108,1.3558153415028396,187.35704331645925,313839.76880973706,1.4351497905880028,44,0.4074074074074074,1.4792933457779385,44.0,0.4074074074074074,0.9096279441102627,20.0,0.18518518518518517,,,0.0,,,0.0,0.23449294582867253,1.2006568447593302,44,44,1540.8636363636363,1394.0,1.1981877580830569,0.5681818181818182,0.0001644997077337756,6.177441670325083e+23,947726.7833489786,13,2025-06-03 00:00:00+00:00,0,-26.562511574074072
1748959200000,125,1.0064673007159453,165.88937880166657,307781.39931781474,0.9002304492963842,68,0.544,1.5134689578962617,39.0,0.312,0.3093029266324901,18.0,0.144,,,0.0,,,0.0,0.3915949946055445,0.5086354546908397,68,68,1389.1764705882354,1118.5,1.1042959033310293,0.6617647058823529,0.00014910027769946178,6.116934917329991e+23,887363.570658724,14,2025-06-03 00:00:00+00:00,0,-26.520844907407408
1748962800000,109,1.1275385887543512,164.1097510769479,301450.1142084872,1.2133563185112959,56,0.5137614678899083,1.3057415983030156,31.0,0.28440366972477066,0.4197216716279057,21.0,0.1926605504587156,5.661607686012209,1.0,0.009174311926605505,,,0.0,0.44352249992290677,0.7698338185883891,56,56,1564.5892857142858,1195.5,1.1748169208722652,0.5714285714285714,0.0001267034086347191,6.115158735705161e+23,727185.3075262419,15,2025-06-03 00:00:00+00:00,0,-26.47917824074074
1748966400000,97,1.0521684677302117,124.75830135567605,220382.1696265966,1.1727900107870466,51,0.5257731958762887,1.1765236725970372,31.0,0.31958762886597936,0.2283118254316449,14.0,0.14432989690721648,2.5794514131399815,1.0,0.010309278350515464,,,0.0,0.22784766705343532,0.9449423437336112,51,51,1835.2549019607843,1425.0,1.2675527838376548,0.6274509803921569,0.0001035590971786411,6.104853056780474e+23,538039.5838799432,16,2025-06-03 00:00:00+00:00,0,-26.437511574074072
1748970000000,73,0.7945345081940381,76.17741530972542,141576.93906949944,0.729682038241371,38,0.5205479452054794,1.0119718578085142,21.0,0.2876712328767123,0.6675357574092106,12.0,0.1643835616438356,0.5056317710516777,2.0,0.0273972602739726,,,0.0,0.22303658633348422,0.5066454519078869,38,38,1718.2105263157894,1342.5,1.2176317291162742,0.5789473684210527,9.880590388587832e-05,6.105510766608612e+23,349252.52768491395,17,2025-06-03 00:00:00+00:00,0,-26.395844907407408
1748973600000,66,0.9415243825876192,79.30455162809173,142786.03446042212,1.1539507860129987,41,0.6212121212121212,0.8253618980579068,16.0,0.24242424242424243,0.18031518392482296,9.0,0.13636363636363635,,,0.0,,,0.0,0.19164449564712147,0.9623062903658772,41,41,2868.5365853658536,1672.0,1.4942939108273123,0.4146341463414634,9.035682782207096e-05,6.101360961718669e+23,312232.0581837655,18,2025-06-03 00:00:00+00:00,0,-26.35417824074074
1748977200000,67,0.689146593548178,60.6866674956426,114252.13254137884,0.8269060452049032,39,0.582089552238806,0.5834545915154353,20.0,0.29850746268656714,0.28179927180349995,8.0,0.11940298507462686,,,0.0,,,0.0,0.21719900891414426,0.6097070362907587,39,39,3074.769230769231,1284.0,1.4003508705990908,0.6923076923076923,9.145949818195374e-05,6.102009933385686e+23,332548.01167209476,19,2025-06-03 00:00:00+00:00,0,-26.312511574074072
1748980800000,100,1.4601300667527672,198.92445343658343,322850.9376760415,1.3202598685861977,50,0.5,2.1323325327311102,34.0,0.34,0.4420957502077886,14.0,0.14,0.655683315100024,2.0,0.02,,,0.0,0.32328401102419846,0.9969758575619991,50,50,2195.34,1421.0,1.354849889097128,0.52,0.00011652240755981717,6.212731136510818e+23,770424.1342604695,20,2025-06-03 00:00:00+00:00,0,-26.270844907407408
1748984400000,114,1.3760424167870942,213.90576002409165,340629.8036505544,1.1996353388814978,61,0.5350877192982456,1.6488329381436408,42.0,0.3684210526315789,1.0336835738482308,8.0,0.07017543859649122,2.0568759497128632,3.0,0.02631578947368421,,,0.0,0.3308575506535139,0.8687777882279837,61,61,1719.2622950819673,1352.0,1.2159608377767404,0.6721311475409836,0.0001407442339184562,6.480924956313013e+23,916101.9116078248,21,2025-06-03 00:00:00+00:00,0,-26.22917824074074
1748988000000,82,0.8790709072047989,102.86763764976581,193598.26267453335,1.0358367174882692,52,0.6341463414634146,0.6294635174837184,21.0,0.25609756097560976,0.5557301349161579,9.0,0.10975609756097561,,,0.0,,,0.0,0.30769614535712214,0.7281405721311469,52,52,1432.5384615384614,1086.5,1.1069668945607205,0.8461538461538461,8.925647165876875e-05,6.65554144792323e+23,430587.8479058937,22,2025-06-03 00:00:00+00:00,0,-26.187511574074072
1748991600000,80,0.7811040499957389,90.58598322274686,169242.7713515405,0.7984063652646147,51,0.6375,0.8777482939538428,21.0,0.2625,0.41711064976663204,8.0,0.1,,,0.0,,,0.0,0.25410956010045205,0.5442968051641627,51,51,2091.3529411764707,1284.0,1.2922484585946687,0.6274509803921569,8.87059029055038e-05,6.847840122487951e+23,380158.94480157766,23,2025-06-03 00:00:00+00:00,0,-26.145844907407408
1748995200000,106,0.8065458887188433,123.39696279914548,237073.1052476216,0.870881717507745,58,0.5471698113207547,0.8926888143707846,36.0,0.33962264150943394,0.23716060594999375,12.0,0.11320754716981132,,,0.0,,,0.0,0.17099909208673647,0.6998826254210083,58,58,1756.8275862068965,1230.5,1.2122813797423244,0.603448275862069,0.00010081991149958054,6.88795246374289e+23,502368.0676808317,0,2025-06-04 00:00:00+00:00,0,-26.10417824074074
1748998800000,77,0.8604230489995682,87.77628723219753,136118.94678544684,1.2124334212493124,31,0.4025974025974026,0.6876807819871857,28.0,0.36363636363636365,0.49251203764707546,15.0,0.19480519480519481,0.674798751296913,3.0,0.03896103896103896,,,0.0,0.30355788239341447,0.9088755388558979,31,31,1399.1290322580646,1286.0,1.1157675308529775,0.7096774193548387,9.767277594507756e-05,6.162988518215858e+23,441185.1892475231,1,2025-06-04 00:00:00+00:00,0,-26.062511574074072
1749002400000,46,0.6939771825403642,37.52960204149127,67581.16031459966,0.7860466166764151,18,0.391304347826087,0.9017893279054155,15.0,0.32608695652173914,0.29194812299858347,12.0,0.2608695652173913,0.7438939021170475,1.0,0.021739130434782608,,,0.0,0.27811727854747087,0.5079293381289441,18,18,1826.2222222222222,1655.0,1.3132039284092352,0.3333333333333333,7.225436750827411e-05,6.115500675705538e+23,210138.5568695968,2,2025-06-04 00:00:00+00:00,0,-26.020844907407408
1749006000000,81,1.1788018156216926,142.7937768666304,212492.52510314772,0.9891154697181582,35,0.43209876543209874,1.843838809537946,30.0,0.37037037037037035,0.34679633369269924,16.0,0.19753086419753085,,,0.0,,,0.0,0.3518610004306132,0.6372544692875451,35,35,1854.857142857143,1529.0,1.3107319028200177,0.4857142857142857,0.00012123628006384038,6.10442200979129e+23,932445.5203117282,3,2025-06-04 00:00:00+00:00,0,-25.97917824074074
1749009600000,48,0.6196240031527085,36.733859663695796,68667.87164263334,0.76395235537214,19,0.3958333333333333,0.5757317536011171,18.0,0.375,0.44215325767629443,11.0,0.22916666666666666,,,0.0,,,0.0,0.15321642700107904,0.6107359283710609,19,19,2233.1052631578946,1545.0,1.3771735009544332,0.47368421052631576,7.862348717657651e-05,6.10896730656095e+23,242069.77428995608,4,2025-06-04 00:00:00+00:00,0,-25.937511574074072
1749013200000,67,1.0197448684001869,89.56130285952366,161522.04495369722,1.1918258264605923,32,0.47761194029850745,0.9229186545787459,25.0,0.373134328358209,0.7111513371604915,10.0,0.14925373134328357,,,0.0,,,0.0,0.546546791096972,0.6452790353636204,32,32,1660.3125,1306.0,1.188090141980739,0.625,9.87849094122837e-05,6.101502471331062e+23,388798.11567764665,5,2025-06-04 00:00:00+00:00,0,-25.895844907407408
1749016800000,61,0.5989921626517729,40.09783718295286,73761.4059280606,0.6720311773184544,22,0.36065573770491804,0.735203435955596,18.0,0.29508196721311475,0.3188844831332237,20.0,0.32786885245901637,2.1424845108869484,1.0,0.01639344262295082,,,0.0,0.2313273132205027,0.44070386409795165,22,22,2128.1363636363635,1377.0,1.320832240686942,0.5909090909090909,8.818628088407964e-05,6.124739552269388e+23,271590.43932085804,6,2025-06-04 00:00:00+00:00,0,-25.85417824074074
1749020400000,38,0.7966612052996527,38.43066924802642,66123.64580096235,0.9079760879457921,17,0.4473684210526316,0.7724668767035006,12.0,0.3157894736842105,0.5349752080353919,8.0,0.21052631578947367,1.288128121583192,1.0,0.02631578947368421,,,0.0,0.13492266109605944,0.7730534268497327,17,17,3657.823529411765,1284.0,1.5464130386241355,0.5294117647058824,6.221330664005094e-05,6.152286099222359e+23,169133.53501924057,7,2025-06-04 00:00:00+00:00,0,-25.812511574074072
1749024000000,43,0.6405655818909454,34.939748963669345,65869.57782754039,0.7853911804904844,20,0.46511627906976744,0.6989001196634108,16.0,0.37209302325581395,0.09344207098376996,7.0,0.16279069767441862,,,0.0,,,0.0,0.27329897730327557,0.5120922031872088,20,20,2508.2,1203.5,1.368912328035607,0.7,8.369657751142157e-05,6.128185575555066e+23,290481.32453405124,8,2025-06-04 00:00:00+00:00,0,-25.770844907407408
1749027600000,63,0.9096194781359751,70.7363339062023,134616.34565665325,1.0513637691265945,27,0.42857142857142855,0.9405572142212203,25.0,0.3968253968253968,0.3530204662762444,9.0,0.14285714285714285,1.1140454020658375,2.0,0.031746031746031744,,,0.0,0.349568615835288,0.7017951532913066,27,27,2869.5555555555557,1536.0,1.5096122812410186,0.48148148148148145,7.949680384291644e-05,6.13456868096281e+23,301528.73305522895,9,2025-06-04 00:00:00+00:00,0,-25.72917824074074
1749031200000,44,0.9771335554029388,59.604534681562086,98471.79504700245,1.3477209084793207,24,0.5454545454545454,0.667158245883454,14.0,0.3181818181818182,0.21805986530954324,6.0,0.13636363636363635,,,0.0,,,0.0,0.6996472903693879,0.6480736181099326,24,24,1886.0416666666667,1417.5,1.2797737562384535,0.5833333333333334,7.425531516621699e-05,6.429527089995197e+23,214088.3996313888,10,2025-06-04 00:00:00+00:00,0,-25.687511574074072
1749034800000,43,0.8649524946760502,48.469650584932516,90559.55485496968,0.9111670408655096,15,0.3488372093023256,1.030552155561475,19.0,0.4418604651162791,0.43832896693549916,9.0,0.20930232558139536,,,0.0,,,0.0,0.4370169905659052,0.47415005029960433,15,15,2915.5333333333333,1916.0,1.5506093015334845,0.26666666666666666,8.121087597133252e-05,6.498743101881729e+23,285518.77495105984,11,2025-06-04 00:00:00+00:00,0,-25.645844907407408
1749038400000,79,0.9983832829428086,105.0702560820142,186204.28858178097,1.26328956352153,38,0.4810126582278481,1.0214785640254282,23.0,0.2911392405063291,0.38194394999012254,17.0,0.21518987341772153,0.8802218162468111,1.0,0.012658227848101266,,,0.0,0.6552296891542407,0.608059874367289,38,38,1286.2631578947369,1053.5,1.067193619536459,0.8157894736842105,0.00010664731926942864,6.50948008825439e+23,502310.3862259605,12,2025-06-04 00:00:00+00:00,0,-25.60417824074074
1749042000000,76,1.051467019334625,107.94360128336741,199860.96716263972,1.0374483543167945,37,0.4868421052631579,1.333546258077181,26.0,0.34210526315789475,0.5272078192079533,13.0,0.17105263157894737,,,0.0,,,0.0,0.2010404146268034,0.8364079396899909,37,37,2777.4324324324325,1599.0,1.4785749326527577,0.4594594594594595,0.00011092315883306905,6.505884238095937e+23,525157.9051100784,13,2025-06-04 00:00:00+00:00,0,-25.562511574074072
1749045600000,116,1.2469170085454682,219.09696611614044,351501.47526607907,1.4287210591463178,46,0.39655172413793105,1.3913748607694798,41.0,0.35344827586206895,0.6442593798246606,26.0,0.22413793103448276,1.708030367851281,3.0,0.02586206896551724,,,0.0,0.27503038633453125,1.1536906728117864,46,46,1427.6739130434783,1296.5,1.156789687902967,0.6739130434782609,0.0001364286080997493,6.505678227796336e+23,1056323.537661847,14,2025-06-04 00:00:00+00:00,0,-25.520844907407408
1749049200000,157,1.204942371327463,260.2772870261647,492373.50363125984,1.0597961977482968,66,0.42038216560509556,1.5175443375182807,63.0,0.4012738853503185,0.5438060052308658,22.0,0.14012738853503184,1.9433963113822255,6.0,0.03821656050955414,,,0.0,0.6076994249458373,0.4520967728024595,66,66,1225.8636363636363,1088.5,1.0500267243402077,0.7575757575757576,0.0001641097720100063,6.441471001026185e+23,1461084.8522358162,15,2025-06-04 00:00:00+00:00,0,-25.47917824074074
1749052800000,99,0.958858491110651,130.00284910800474,225971.0763252347,1.1077101550629893,49,0.494949494949495,1.0064836326857254,36.0,0.36363636363636365,0.3167153253098363,13.0,0.13131313131313133,0.2984830161539874,1.0,0.010101010101010102,,,0.0,0.3037220144598238,0.8039881406031655,49,49,1442.795918367347,1320.0,1.1282619107953626,0.6530612244897959,0.00011228711495335789,6.358281688305528e+23,679452.4809999209,16,2025-06-04 00:00:00+00:00,0,-25.437511574074072
1749056400000,92,0.9506297101604662,112.44519082978587,199342.70218490524,1.036979195366332,60,0.6521739130434783,1.0352982505130188,21.0,0.22826086956521738,0.31799257745541537,11.0,0.11956521739130435,,,0.0,,,0.0,0.39373399174316215,0.6432452036231698,60,60,1504.5,1247.5,1.1541306759779657,0.6166666666666667,0.0001092001597206919,6.36779588800351e+23,463386.89636674867,17,2025-06-04 00:00:00+00:00,0,-25.395844907407408
1749060000000,56,0.8891854812145078,61.50910153217675,112490.3134903763,0.82857616998219,32,0.5714285714285714,1.1688166633630834,18.0,0.32142857142857145,0.37354159467447645,6.0,0.10714285714285714,,,0.0,,,0.0,0.2385177595650616,0.5900584104171284,32,32,1873.90625,1398.0,1.2640874203434156,0.625,8.836353597644516e-05,6.376230224097541e+23,289139.36907680327,18,2025-06-04 00:00:00+00:00,0,-25.35417824074074
1749063600000,50,0.974920282108309,62.65328082544154,115846.6220309422,1.2984294176881006,30,0.6,0.48855311447765043,18.0,0.36,0.46794867063771217,1.0,0.02,0.5312268435370181,1.0,0.02,,,0.0,0.2656168610532756,1.032812556634825,30,30,2476.8,1256.0,1.3709538204104386,0.5666666666666667,9.52863195962683e-05,6.391579289723132e+23,318105.49870318716,19,2025-06-04 00:00:00+00:00,0,-25.312511574074072
1749067200000,59,1.7080397151347742,129.42906403451843,209491.29984903184,1.7262207106222653,34,0.576271186440678,1.634238931806722,22.0,0.3728813559322034,2.333487673535366,1.0,0.01694915254237288,1.8980474292557048,2.0,0.03389830508474576,,,0.0,0.27548105863016287,1.4507396519921025,34,34,2535.6470588235293,1622.5,1.4495148790318009,0.38235294117647056,0.00010723394198109951,6.379967671844027e+23,533369.1240389601,20,2025-06-04 00:00:00+00:00,0,-25.270844907407408
1749070800000,69,0.6240361313824586,67.41363934924502,137473.29555804754,0.7152266760127894,34,0.4927536231884058,0.5823861112493044,25.0,0.36231884057971014,0.34505904292776385,9.0,0.13043478260869565,1.0756019133723083,1.0,0.014492753623188406,,,0.0,0.2660273800186569,0.4491992959941326,34,34,3925.5,1399.0,1.6417599525282567,0.5294117647058824,9.388884209331487e-05,6.374610527376074e+23,373769.61852383753,21,2025-06-04 00:00:00+00:00,0,-25.22917824074074
1749074400000,59,1.0962573091841212,83.50623704082237,147422.64015078,0.9644131012020113,36,0.6101694915254238,1.5083268073853455,19.0,0.3220338983050847,0.32552506456729347,4.0,0.06779661016949153,,,0.0,,,0.0,0.2513105376054506,0.7131025635965609,36,36,2162.777777777778,1322.0,1.3195190689658751,0.6111111111111112,9.326516217255866e-05,6.372170024682863e+23,328589.06604949007,22,2025-06-04 00:00:00+00:00,0,-25.187511574074072
1749078000000,46,0.908977741672191,61.93207484569433,100244.74319439344,1.0490860527978378,27,0.5869565217391305,0.6836569142644355,18.0,0.391304347826087,,,0.0,1.1818282346193243,1.0,0.021739130434782608,,,0.0,0.20532100823038685,0.8437650445674509,27,27,3468.925925925926,1393.0,1.581887344390519,0.5555555555555556,8.937579719033273e-05,6.375044614496684e+23,305291.02760819107,23,2025-06-04 00:00:00+00:00,0,-25.145844907407408
1749081600000,85,0.9780786883638376,103.64327073262258,192406.5393398848,0.9512416093739622,49,0.5764705882352941,1.0669864366147408,24.0,0.2823529411764706,0.8475412988115982,10.0,0.11764705882352941,1.2213810923661406,2.0,0.023529411764705882,,,0.0,0.2794252627207133,0.6718163466532489,49,49,2019.6530612244899,1202.0,1.259972891681263,0.6326530612244898,9.089016705315483e-05,6.374369580406802e+23,549110.208464384,0,2025-06-05 00:00:00+00:00,0,-25.10417824074074
1749085200000,44,1.3542557122133545,73.25898938276057,127546.27921059569,1.422659747251924,24,0.5454545454545454,1.0362559616156848,15.0,0.3409090909090909,0.02774359456337184,1.0,0.022727272727272728,2.467958596135693,4.0,0.09090909090909091,,,0.0,0.29953171666486245,1.1231280305870617,24,24,4168.75,1875.0,1.7741287147129292,0.4166666666666667,5.925606383069174e-05,6.393315290645986e+23,316737.2419012812,1,2025-06-05 00:00:00+00:00,0,-25.062511574074072
1749088800000,45,0.7889143923659759,44.4491443072792,79691.92839774015,0.7955427794638487,19,0.4222222222222222,1.039443439557043,14.0,0.3111111111111111,0.48613555773809947,12.0,0.26666666666666666,,,0.0,,,0.0,0.2624782222098735,0.5330645572539752,19,19,1780.842105263158,1673.0,1.2909885763898674,0.42105263157894735,9.148100948997365e-05,6.3935614056827e+23,293039.54047307576,2,2025-06-05 00:00:00+00:00,0,-25.020844907407408
1749092400000,48,0.6535580283350224,44.912858417972274,78895.24481089262,0.6653029122797719,12,0.25,0.9814316843272985,20.0,0.4166666666666667,0.2349072953861152,16.0,0.3333333333333333,,,0.0,,,0.0,0.20105852048489495,0.46424439179487687,12,12,1874.25,1615.5,1.3104377061218357,0.5,7.976792778386271e-05,6.399740124247529e+23,248116.3245135298,3,2025-06-05 00:00:00+00:00,0,-24.97917824074074
1749096000000,53,0.6554425758816735,46.00988134896827,84378.45785073286,0.7794335191071095,24,0.4528301886792453,0.8073335547678846,17.0,0.32075471698113206,0.2097259993243539,11.0,0.20754716981132076,0.0003956395361369783,1.0,0.018867924528301886,,,0.0,0.18990858413707426,0.5895249349700352,24,24,1486.6666666666667,1184.0,1.1737397841796475,0.75,7.222325849134738e-05,6.400865408602683e+23,212503.59777170105,4,2025-06-05 00:00:00+00:00,0,-24.937511574074072
1749099600000,66,1.0456638302274817,87.53583157346456,159253.45961759074,1.0592840417896021,31,0.4696969696969697,1.1699290027449865,19.0,0.2878787878787879,0.63755260658975,12.0,0.18181818181818182,1.5741812920760978,4.0,0.06060606060606061,,,0.0,0.23448482724693373,0.8247992145426684,31,31,2328.483870967742,1556.0,1.3788825411163785,0.4838709677419355,7.360845873386275e-05,6.39345486000582e+23,344059.04098922457,5,2025-06-05 00:00:00+00:00,0,-24.895844907407408
1749103200000,57,0.9116622826966991,66.51176909968835,117331.73627600256,0.6193725018707784,20,0.3508771929824561,1.4806733421994611,25.0,0.43859649122807015,0.22640699447619486,11.0,0.19298245614035087,0.06998958207160999,1.0,0.017543859649122806,,,0.0,0.18066690397966922,0.4387055978911092,20,20,2566.75,1601.0,1.379355338121854,0.4,9.817776701146939e-05,6.388160204833979e+23,387725.7913913159,6,2025-06-05 00:00:00+00:00,0,-24.85417824074074
1749106800000,37,1.2023594003173015,79.02594222112359,101982.89388804941,1.2380751978963853,17,0.4594594594594595,1.774176266303907,12.0,0.32432432432432434,0.26873803148183983,8.0,0.21621621621621623,,,0.0,,,0.0,0.659903561386903,0.5781716365094822,17,17,2014.5294117647059,1499.0,1.2980703600454648,0.5294117647058824,7.790476259923486e-05,6.385804849442833e+23,349963.3254484599,7,2025-06-05 00:00:00+00:00,0,-24.812511574074072
1749110400000,38,0.7284577966103767,39.37810891097511,76273.24113025593,0.6351463023874735,22,0.5789473684210527,1.3112679176285935,10.0,0.2631578947368421,0.09924974039732681,6.0,0.15789473684210525,,,0.0,,,0.0,0.16741355748705591,0.4677327449004176,22,22,2243.5,1621.0,1.366064161054209,0.36363636363636365,7.480305217521606e-05,6.366411405079605e+23,257238.78269953217,8,2025-06-05 00:00:00+00:00,0,-24.770844907407408
1749114000000,23,1.044570531949439,34.09835706305499,57601.54593526608,0.7411873438401039,12,0.5217391304347826,1.6453400860746716,9.0,0.391304347826087,0.1614066670419011,2.0,0.08695652173913043,,,0.0,,,0.0,0.18482171532811756,0.5563656285119863,12,12,2902.1666666666665,1307.5,1.498462944154902,0.5833333333333334,6.319055837595594e-05,6.368314901478827e+23,160858.6811723042,9,2025-06-05 00:00:00+00:00,0,-24.72917824074074
1749117600000,56,1.6428771583310857,199.82102542949283,200869.9447575188,2.253347236664398,25,0.44642857142857145,1.5635798215543661,20.0,0.35714285714285715,0.3691342441328781,10.0,0.17857142857142858,0.7045010775147452,1.0,0.017857142857142856,,,0.0,0.30509908724070545,1.9482481494236925,25,25,2331.56,1625.0,1.4014902339551163,0.48,0.00012348253200452264,6.439478919932447e+23,549927.0419774611,10,2025-06-05 00:00:00+00:00,0,-24.687511574074072
1749121200000,40,0.7935940209034585,39.36485530194698,71053.42594245868,0.9385241913961772,18,0.45,0.9217813616253299,13.0,0.325,0.2863940044889367,8.0,0.2,0.5760156539663707,1.0,0.025,,,0.0,0.2517521944266891,0.6867719969694881,18,18,3593.722222222222,1149.5,1.582107719420669,0.6666666666666666,6.408482052956873e-05,6.370311523273283e+23,237650.33963810693,11,2025-06-05 00:00:00+00:00,0,-24.645844907407408
1749124800000,90,0.9894816458588357,121.8118682839924,226570.79461967252,0.9999845012770109,49,0.5444444444444444,1.3743717365042363,20.0,0.2222222222222222,0.579909513288134,19.0,0.2111111111111111,0.7741960410812032,2.0,0.022222222222222223,,,0.0,0.35067255544840564,0.6493119458286052,49,49,1620.6938775510205,1474.0,1.2182141720275093,0.5510204081632653,0.00011949236239142343,6.360033647594304e+23,736616.9630070202,12,2025-06-05 00:00:00+00:00,0,-24.60417824074074
1749128400000,142,1.1351671249690045,222.79149643915238,371739.59494378493,1.0911661475564483,70,0.49295774647887325,1.6122913597516095,40.0,0.28169014084507044,0.6505073712791668,31.0,0.21830985915492956,0.15471851692872451,1.0,0.007042253521126761,,,0.0,0.37534927820594777,0.7158168693505005,70,70,1661.4,1432.0,1.2044623729332393,0.5571428571428572,0.0001384955330897953,6.348474718064626e+23,1090759.531426817,13,2025-06-05 00:00:00+00:00,0,-24.562511574074072
1749132000000,160,1.2088695954505142,269.87801647247215,508043.73514991184,1.257526685009483,70,0.4375,1.6787563445688691,46.0,0.2875,0.6117136977629475,42.0,0.2625,1.2387500826033282,2.0,0.0125,,,0.0,0.2963035057809985,0.9612231792284843,70,70,1485.5714285714287,1283.5,1.166475385446433,0.6,0.00020964225065550716,6.33719540491332e+23,1803246.636843133,14,2025-06-05 00:00:00+00:00,0,-24.520844907407408
1749135600000,95,0.7278044160162565,93.15543851509541,179322.61124035568,0.7610948640472527,42,0.4421052631578947,0.9933003331680637,31.0,0.3263157894736842,0.2901420410613539,22.0,0.23157894736842105,,,0.0,,,0.0,0.26686221430491414,0.49423264974233855,42,42,1462.9285714285713,1283.0,1.1673216933417363,0.6190476190476191,0.0001076989345078775,6.398032951281112e+23,476555.76547611866,15,2025-06-05 00:00:00+00:00,0,-24.47917824074074
1749139200000,153,1.2267120015491246,254.89959690859934,463734.0407244692,1.163461734368561,80,0.5228758169934641,1.788937340550114,43.0,0.28104575163398693,0.5588715925944483,29.0,0.1895424836601307,1.478415658637271,1.0,0.006535947712418301,,,0.0,0.30351104418649844,0.8599506901820625,80,80,1373.6875,1159.5,1.0915186947847952,0.75,0.00016147867885485463,6.329431544649547e+23,1342349.5498944102,16,2025-06-05 00:00:00+00:00,0,-24.437511574074072
1749142800000,106,1.1539595924946469,146.96645138087533,250187.47262489705,1.1870026884236902,53,0.5,1.3929577275188914,34.0,0.32075471698113206,0.6341058727544567,19.0,0.1792452830188679,,,0.0,,,0.0,0.26578832239268874,0.9212143660310015,53,53,1448.1132075471698,1192.0,1.1411165138702286,0.7169811320754716,0.00012415472204445463,6.345298049788852e+23,639869.9243283113,17,2025-06-05 00:00:00+00:00,0,-24.395844907407408
1749146400000,112,0.8651732140717734,121.46414348541467,225554.76699730937,0.8066804671240297,44,0.39285714285714285,1.170491447033914,43.0,0.38392857142857145,0.4429730880049209,25.0,0.22321428571428573,,,0.0,,,0.0,0.21876670365088585,0.5879137634731438,44,44,1351.3636363636363,1239.0,1.1206915827757944,0.75,0.00014700036594410054,6.355824644312112e+23,781368.0193168849,18,2025-06-05 00:00:00+00:00,0,-24.35417824074074
1749150000000,189,1.7339144036319971,457.20296556618655,758296.8034632572,1.50018441709965,88,0.4656084656084656,2.0321077937064738,55.0,0.291005291005291,1.8963938882615003,44.0,0.2328042328042328,0.24316692215809332,2.0,0.010582010582010581,,,0.0,0.34300248145559825,1.1571819356440516,88,88,1103.0454545454545,1023.0,0.9806496578459186,0.7613636363636364,0.0002690798361428116,6.07484356688114e+23,2611333.920427397,19,2025-06-05 00:00:00+00:00,0,-24.312511574074072
1749153600000,339,3.0535264434017355,784.0196982047893,1130773.4121279984,2.3491669406795066,161,0.4749262536873156,4.28914379572991,114.0,0.336283185840708,2.4267823278894536,55.0,0.16224188790560473,3.8326851240731292,9.0,0.02654867256637168,,,0.0,0.46341440163599706,1.8857525390435095,161,161,1153.3540372670807,1081.0,1.0056750381223136,0.7701863354037267,0.0004545327654765357,3.249870703998226e+23,4032326.095869407,20,2025-06-05 00:00:00+00:00,0,-24.270844907407408
1749157200000,264,2.0338905433129995,286.03324115942354,431196.95595341467,1.7340159782550362,141,0.5340909090909091,2.813568175196565,83.0,0.3143939393939394,1.399524001888368,35.0,0.13257575757575757,1.9882703786527944,5.0,0.01893939393939394,,,0.0,0.3710641534648529,1.3629518247901833,141,141,1310.936170212766,1113.0,1.0514618123397452,0.8085106382978723,0.00034080933351568493,2.1473161095383548e+23,1241281.26625104,21,2025-06-05 00:00:00+00:00,0,-24.22917824074074
1749160800000,132,1.4766742497695926,83.32573477994899,141339.77603656208,1.6020929745975048,65,0.49242424242424243,1.6552422874668011,41.0,0.3106060606060606,0.6881791745657754,24.0,0.18181818181818182,3.201861822515477,2.0,0.015151515151515152,,,0.0,0.3467795493111245,1.2553134252863805,65,65,1534.4923076923078,1318.0,1.1493317728915367,0.6,0.00016323403067713602,2.167240634481196e+23,393096.35932573007,22,2025-06-05 00:00:00+00:00,0,-24.187511574074072
1749164400000,81,1.3429600408636557,48.921676435683395,85144.17479399759,1.5013451811221004,39,0.48148148148148145,1.5270065820098266,26.0,0.32098765432098764,0.46903379047917554,15.0,0.18518518518518517,3.4896232567510665,1.0,0.012345679012345678,,,0.0,0.38786898510040363,1.1134761960216968,39,39,1525.6923076923076,1285.0,1.1808121058708796,0.6923076923076923,0.0001531643040310544,2.3066261090840032e+23,289271.9341231543,23,2025-06-05 00:00:00+00:00,0,-24.145844907407408
1749168000000,145,1.7344149439775558,133.64678684403506,197149.61696801588,1.6451151966230326,98,0.6758620689655173,3.1836304097637758,24.0,0.16551724137931034,0.46195483873007637,20.0,0.13793103448275862,1.540883666252088,3.0,0.020689655172413793,,,0.0,0.4296008173085386,1.2155143793144938,98,98,1883.3265306122448,1545.0,1.3064128464352665,0.47959183673469385,0.00015499261256496518,2.3290663846234438e+23,501272.9340441786,0,2025-06-06 00:00:00+00:00,0,-24.10417824074074
1749171600000,88,1.312210235426615,52.45085685907164,90761.46720519086,1.4025328523604499,59,0.6704545454545454,1.1948613003054431,22.0,0.25,0.16707992595992008,6.0,0.06818181818181818,5.435634265796301,1.0,0.011363636363636364,,,0.0,0.32555034358533425,1.0769825087751155,59,59,2619.6271186440677,2244.0,1.5481519331187183,0.2711864406779661,0.00011160743425519455,2.4878206965722563e+23,236005.0279414365,1,2025-06-06 00:00:00+00:00,0,-24.062511574074072
1749175200000,93,1.3656433543874265,61.026151292486894,112982.83801795333,1.400106458476634,56,0.6021505376344086,1.5872247233614392,27.0,0.2903225806451613,0.5743802752580284,10.0,0.10752688172043011,,,0.0,,,0.0,0.6132202769113014,0.7868861815653327,56,56,2289.6428571428573,1821.0,1.4279733738529719,0.30357142857142855,0.00012386619720997782,2.4481116200722293e+23,250342.10955226538,2,2025-06-06 00:00:00+00:00,0,-24.020844907407408
1749178800000,56,1.3999914829085998,44.54848896876722,76674.96171867725,1.3753928783431741,30,0.5357142857142857,1.8712395108114384,17.0,0.30357142857142855,0.6342335164262513,8.0,0.14285714285714285,0.25279687738189327,1.0,0.017857142857142856,,,0.0,0.31100549664849825,1.0643873816946758,30,30,3827.9,2002.5,1.7227567709710057,0.23333333333333334,9.609467641552471e-05,2.6786444496928183e+23,179309.17555451085,3,2025-06-06 00:00:00+00:00,0,-23.97917824074074
1749182400000,82,1.1102756049740705,54.08226158746795,101794.46285680521,1.075138827943895,51,0.6219512195121951,1.5325499488478382,18.0,0.21951219512195122,0.5149110123530372,12.0,0.14634146341463414,2.4456881552376064,1.0,0.012195121951219513,,,0.0,0.2659923687097613,0.8091464592341335,51,51,2681.705882352941,1726.0,1.4752499224567674,0.45098039215686275,9.718595461381219e-05,3.077652281158217e+23,219163.7184998499,4,2025-06-06 00:00:00+00:00,0,-23.937511574074072
1749186000000,45,1.9070484733791835,62.0052308165947,83067.42750862477,2.4450646341835176,27,0.6,0.9065460183816875,11.0,0.24444444444444444,1.3044427329104573,6.0,0.13333333333333333,2.0017735794469793,1.0,0.022222222222222223,,,0.0,0.2934204577758391,2.1516441764076784,27,27,2070.8888888888887,1912.0,1.4015862103747523,0.2962962962962963,9.293251275796168e-05,3.362036322134206e+23,220791.80797253878,5,2025-06-06 00:00:00+00:00,0,-23.895844907407408
1749189600000,65,1.2050682748902533,53.91512439001952,90708.64152851023,1.0996239766743112,35,0.5384615384615384,1.7293462974360452,21.0,0.3230769230769231,0.33438687138329526,8.0,0.12307692307692308,0.8512314670422504,1.0,0.015384615384615385,,,0.0,0.27917252532326753,0.8204514513510436,35,35,2228.942857142857,1744.0,1.4224919698880938,0.4857142857142857,9.630243758799037e-05,3.611291037538544e+23,348947.5433820141,6,2025-06-06 00:00:00+00:00,0,-23.85417824074074
1749193200000,41,0.9227435494175859,26.057313590284537,47389.625948567795,0.9381222386655023,17,0.4146341463414634,1.0382560320733358,16.0,0.3902439024390244,0.6590388694542636,8.0,0.1951219512195122,,,0.0,,,0.0,0.3091504768121299,0.6289717618533723,17,17,1699.8235294117646,1479.0,1.248360459261496,0.5294117647058824,9.089263816590944e-05,3.695022024276485e+23,159277.31333174012,7,2025-06-06 00:00:00+00:00,0,-23.812511574074072
1749196800000,52,0.7739819865597235,30.250749603741838,56904.180745939324,0.6221096393423087,21,0.40384615384615385,0.8386237879317718,24.0,0.46153846153846156,0.766911768612104,6.0,0.11538461538461539,2.4543193528819884,1.0,0.019230769230769232,,,0.0,0.2060521282884915,0.4160575110538171,21,21,1983.1904761904761,1480.0,1.3470263173477413,0.5238095238095238,7.773152837230526e-05,3.954139913890956e+23,166647.51769007533,8,2025-06-06 00:00:00+00:00,0,-23.770844907407408
1749200400000,69,0.8854937630757869,59.44747854858957,98155.3410811798,0.7082433351408426,24,0.34782608695652173,1.4138061734350658,24.0,0.34782608695652173,0.2856180218406819,19.0,0.2753623188405797,2.371569515717269,2.0,0.028985507246376812,,,0.0,0.3644261131632434,0.34381722197759923,24,24,2309.5416666666665,1524.5,1.3763845874225213,0.5,0.00010455808756092488,4.332947784846276e+23,412533.0274605605,9,2025-06-06 00:00:00+00:00,0,-23.72917824074074
1749204000000,60,0.9869404508858248,51.59375588256071,89094.30296618334,0.9493945083063603,25,0.4166666666666667,1.4319245212595737,22.0,0.36666666666666664,0.22973113428498715,12.0,0.2,1.2224512663600073,1.0,0.016666666666666666,,,0.0,0.18255465073691457,0.7668398575694456,25,25,3067.64,1529.0,1.556605459467267,0.48,0.00010535065021630946,4.456787326826477e+23,249738.57714102903,10,2025-06-06 00:00:00+00:00,0,-23.687511574074072
1749207600000,64,1.4368878748146188,142.62628628593333,138393.97834016915,0.8436278444075339,24,0.375,1.2814123471587469,23.0,0.359375,0.27771771281619145,15.0,0.234375,19.037753022730367,2.0,0.03125,,,0.0,0.24024863468368804,0.6033792097238458,24,24,2031.875,1458.5,1.291813212633149,0.5416666666666666,0.0001161510660628416,4.477337920412102e+23,405324.5240834177,11,2025-06-06 00:00:00+00:00,0,-23.645844907407408
1749211200000,102,1.2140974400707358,121.48752197593318,220579.01994530702,1.1954445437749073,53,0.5196078431372549,1.4981681800180269,36.0,0.35294117647058826,0.5034864297304624,13.0,0.12745098039215685,,,0.0,,,0.0,0.33465089220669886,0.8607936515682084,53,53,1507.4905660377358,1284.0,1.1432359728584902,0.6226415094339622,0.000133040646600824,4.62601680141189e+23,759929.343833594,12,2025-06-06 00:00:00+00:00,0,-23.60417824074074
1749214800000,135,1.0484714580936716,165.99947504551707,283858.04297604616,0.8537231264353985,62,0.45925925925925926,1.703412484136367,44.0,0.32592592592592595,0.47112633453968367,29.0,0.21481481481481482,,,0.0,,,0.0,0.28465170494206027,0.5690714214933382,62,62,1562.9193548387098,1184.0,1.1546607567763796,0.7096774193548387,0.0001631224692024479,5.3841371084471506e+23,920734.2000483532,13,2025-06-06 00:00:00+00:00,0,-23.562511574074072
1749218400000,116,1.1109346031177174,160.9795130273653,291207.7472955668,1.119751017475469,53,0.45689655172413796,1.2762935804799025,40.0,0.3448275862068966,0.3720148266478972,20.0,0.1724137931034483,3.6765234277671097,3.0,0.02586206896551724,,,0.0,0.26850333528604187,0.851247682189427,53,53,1547.7169811320755,1463.0,1.1778884836952161,0.5471698113207547,0.0001444678255267082,6.553821083146493e+23,989499.0082618265,14,2025-06-06 00:00:00+00:00,0,-23.520844907407408
1749222000000,106,1.3604413128489403,270.3321120795409,481295.09626898216,1.3678064529391545,51,0.4811320754716981,1.5571739867627907,41.0,0.3867924528301887,0.7574654717725984,14.0,0.1320754716981132,,,0.0,,,0.0,0.39949892363324097,0.9683075293059134,51,51,1516.686274509804,1347.0,1.1661160570920026,0.5490196078431373,0.00012743679635474336,9.355407468726546e+23,1250376.8340026492,15,2025-06-06 00:00:00+00:00,0,-23.47917824074074
1749225600000,117,0.9311021325562087,251.57059697437475,458253.2161953319,0.9168808059261169,50,0.42735042735042733,1.1321184534336066,45.0,0.38461538461538464,0.5136938437676318,21.0,0.1794871794871795,1.3620080891380049,1.0,0.008547008547008548,,,0.0,0.26900046465914584,0.6478803412669708,50,50,1449.18,1378.0,1.1578180987630986,0.68,0.00012027460157738237,1.128608249177561e+24,1054800.1245236725,16,2025-06-06 00:00:00+00:00,0,-23.437511574074072
1749229200000,99,0.9493389481152292,131.5366323190344,242161.6907905998,1.207621942096475,50,0.5050505050505051,0.7651591748768818,33.0,0.3333333333333333,0.5477772116913863,14.0,0.1414141414141414,0.3421625119837167,2.0,0.020202020202020204,,,0.0,0.26614714381905535,0.9414747982774196,50,50,1290.62,1164.0,1.0857869713229737,0.74,0.00010958189415018982,7.266161061962917e+23,647856.6927443552,17,2025-06-06 00:00:00+00:00,0,-23.395844907407408
1749232800000,74,0.9907167605195971,129.3120607051138,243296.86614313093,1.1460987607109745,47,0.6351351351351351,0.9744374926367866,17.0,0.22972972972972974,0.2880961150209015,10.0,0.13513513513513514,,,0.0,,,0.0,0.21618668340194339,0.9299120773090311,47,47,1373.9148936170213,1215.0,1.1245011234386584,0.6808510638297872,0.00010538425079261894,9.84627070064683e+23,502637.1806462963,18,2025-06-06 00:00:00+00:00,0,-23.35417824074074
1749236400000,93,0.7858969363924014,111.84071178367249,210148.0047918083,0.9739699946175359,51,0.5483870967741935,0.680240537093349,28.0,0.3010752688172043,0.31208645145608827,14.0,0.15053763440860216,,,0.0,,,0.0,0.23213964677882815,0.7418303478387077,51,51,1469.549019607843,1284.0,1.1394613608203046,0.7058823529411765,0.00010906730546848071,8.323082850909326e+23,545896.5913530303,19,2025-06-06 00:00:00+00:00,0,-23.312511574074072
1749240000000,70,0.8438233905127034,103.38525187202285,180250.2669832935,0.9862543687486038,37,0.5285714285714286,0.7825497473416138,21.0,0.3,0.333549935314652,11.0,0.15714285714285714,2.473631709555839,1.0,0.014285714285714285,,,0.0,0.20692753214685583,0.779326836601748,37,37,1415.054054054054,1284.0,1.1631298856844496,0.7567567567567568,0.000105929551723943,9.091557895198234e+23,472233.7173654913,20,2025-06-06 00:00:00+00:00,0,-23.270844907407408
1749243600000,50,0.8340596772747498,66.12151299489172,121926.04606130769,0.8130847692428738,32,0.64,1.0876089027512164,13.0,0.26,0.30907110243994385,5.0,0.1,,,0.0,,,0.0,0.199006928730751,0.6140778405121228,32,32,2113.5,1184.0,1.3086272180307366,0.71875,7.145714946290981e-05,8.761309276336501e+23,299816.7273712531,21,2025-06-06 00:00:00+00:00,0,-23.22917824074074
1749247200000,42,0.867823683860941,37.78634024041855,87812.89971998853,0.9091590128253906,32,0.7619047619047619,0.7526522142313672,9.0,0.21428571428571427,0.5816363836647119,1.0,0.023809523809523808,,,0.0,,,0.0,0.5095834491068056,0.39957556371858494,32,32,2379.28125,1460.0,1.3949706582860801,0.5,7.627290061515264e-05,4.818940305776911e+23,211942.07737746352,22,2025-06-06 00:00:00+00:00,0,-23.187511574074072
1749250800000,42,0.9748339083034875,35.91014303862142,64484.94611813688,0.9482745763650834,27,0.6428571428571429,1.3636665842116036,11.0,0.2619047619047619,0.08481954014039494,4.0,0.09523809523809523,,,0.0,,,0.0,0.27822904157821454,0.6700455347868689,27,27,3186.814814814815,1209.0,1.4611341028597522,0.7037037037037037,5.5614490151238065e-05,4.54843275088241e+23,147539.32947042282,23,2025-06-06 00:00:00+00:00,0,-23.145844907407408
1749254400000,69,1.2184938552472848,77.26836434256069,139436.1947761837,1.3525536839760313,38,0.5507246376811594,1.3917193730866377,21.0,0.30434782608695654,0.34529291861540734,10.0,0.14492753623188406,,,0.0,,,0.0,0.2592608735911228,1.0932928103849084,38,38,2491.6315789473683,1461.5,1.4390643174812687,0.5526315789473685,8.960123737425168e-05,4.516721214337902e+23,302651.82071931753,0,2025-06-07 00:00:00+00:00,0,-23.10417824074074
1749258000000,63,0.6563623995157963,55.85401468181979,103775.86495426076,0.6659777588761172,25,0.3968253968253968,0.8277613898461421,20.0,0.31746031746031744,0.38077684987899274,17.0,0.2698412698412698,1.6729529527265186,1.0,0.015873015873015872,,,0.0,0.13486998426069252,0.5311077746154247,25,25,1667.0833333333333,1150.0,1.2145635933748233,0.625,8.548925429595309e-05,7.530413790687779e+23,370353.2884692566,1,2025-06-07 00:00:00+00:00,0,-23.062511574074072
1749261600000,41,0.7223563635449166,36.227239629823266,72233.3135562642,0.648617943037476,16,0.3902439024390244,0.8184358368556189,19.0,0.4634146341463415,0.6147404860808675,6.0,0.14634146341463414,,,0.0,,,0.0,0.23671864931463105,0.41189929372284495,16,16,3467.6875,1534.0,1.6713680452678705,0.5,5.83337829140394e-05,6.462053004955947e+23,160157.2057826699,2,2025-06-07 00:00:00+00:00,0,-23.020844907407408
1749265200000,48,0.6449433465741623,64.24753354230356,124115.2359430713,0.8006762494283158,20,0.4166666666666667,0.7010678318940576,20.0,0.4166666666666667,0.11529987613903991,8.0,0.16666666666666666,,,0.0,,,0.0,0.1559264930799985,0.6447497563483173,20,20,1499.6,1309.5,1.1681451316869806,0.7,8.305950548928954e-05,1.0094377615191962e+24,398758.76977272687,3,2025-06-07 00:00:00+00:00,0,-22.97917824074074
1749268800000,43,0.6928771620643108,63.27480359667518,116186.71173188632,0.8443668827986637,17,0.3953488372093023,0.7172253425554208,20.0,0.46511627906976744,0.1824956850132774,6.0,0.13953488372093023,,,0.0,,,0.0,0.4703288217660585,0.3740380610326052,17,17,3183.4117647058824,1286.0,1.508539290216353,0.5882352941176471,6.999634708142117e-05,1.0119070391757225e+24,245202.14490539418,4,2025-06-07 00:00:00+00:00,0,-22.937511574074072
1749272400000,33,0.7482679756100511,55.78523259248148,100265.29302330849,0.6666730863410361,11,0.3333333333333333,0.47690523982125027,12.0,0.36363636363636365,1.0696427780530804,8.0,0.24242424242424243,1.5397170715503217,2.0,0.06060606060606061,,,0.0,0.8444082394725304,-0.17773515313149443,11,11,982.3636363636364,767.0,0.8996703304752759,0.9090909090909091,5.904146678296638e-05,1.0208587394182781e+24,254336.5915512361,5,2025-06-07 00:00:00+00:00,0,-22.895844907407408
1749276000000,46,0.7580255145109941,73.36557719155797,127207.55273260061,0.5411845483456132,22,0.4782608695652174,0.9422145828524312,19.0,0.41304347826086957,1.0122073059412084,5.0,0.10869565217391304,,,0.0,,,0.0,0.11282757765034321,0.42835697069527007,22,22,2433.2272727272725,1506.5,1.35208449253197,0.5,6.32816023081088e-05,1.0195542863400018e+24,305271.93150402955,6,2025-06-07 00:00:00+00:00,0,-22.85417824074074
1749279600000,49,0.4570616071439484,48.70525896157436,95404.09152398836,0.572575033471837,19,0.3877551020408163,0.45282221757344204,19.0,0.3877551020408163,0.2648609981993791,11.0,0.22448979591836735,,,0.0,,,0.0,0.15028027635390287,0.42229475711793407,19,19,1521.5263157894738,1383.0,1.152745049303102,0.631578947368421,6.432564132783283e-05,1.0177106945449208e+24,305802.6698578155,7,2025-06-07 00:00:00+00:00,0,-22.812511574074072
1749283200000,25,0.8942449844618937,46.532280721098566,86804.15608581141,1.0917848492725302,12,0.48,0.7935024346624785,10.0,0.4,0.4398940245507325,3.0,0.12,,,0.0,,,0.0,0.4209258642808529,0.6708589849916772,12,12,1915.5,1539.5,1.2978502921140926,0.5,5.990229679245019e-05,1.038201539095749e+24,160882.55772739573,8,2025-06-07 00:00:00+00:00,0,-22.770844907407408
1749286800000,27,0.42014639026971373,24.95898644004388,48859.315527666484,0.3351921936331535,12,0.4444444444444444,0.458595032061364,10.0,0.37037037037037035,0.5471391786141576,5.0,0.18518518518518517,,,0.0,,,0.0,0.14088242880285826,0.1943097648302953,12,12,1164.0833333333333,973.0,1.0318996548489596,0.75,5.068194171371089e-05,1.0390627063202976e+24,144995.365986018,9,2025-06-07 00:00:00+00:00,0,-22.72917824074074
1749290400000,41,0.6219095642912459,56.968078514221574,106448.78093984054,0.9765633189718128,19,0.4634146341463415,0.31235314889926563,14.0,0.34146341463414637,0.31106819383413725,7.0,0.17073170731707318,0.3931676340479572,1.0,0.024390243902439025,,,0.0,0.19150076045731493,0.7850625585144979,19,19,1905.3157894736842,1166.0,1.2612983690479513,0.6842105263157895,6.238237564875653e-05,1.0440394128220324e+24,282509.06848554907,10,2025-06-07 00:00:00+00:00,0,-22.687511574074072
1749294000000,45,0.5026199267598466,56.777860240672744,105953.30889626287,0.9390005044326735,17,0.37777777777777777,0.26374836862181217,20.0,0.4444444444444444,0.17249009455017494,8.0,0.17777777777777778,,,0.0,,,0.0,0.17147280129585032,0.7675277031368232,17,17,1594.0,1443.0,1.207570671708701,0.5294117647058824,5.591038875464835e-05,1.185345364137404e+24,260022.97338794763,11,2025-06-07 00:00:00+00:00,0,-22.645844907407408
1749297600000,39,0.6668151898004889,50.947965773236845,95196.52795245592,0.7737858203538487,17,0.4358974358974359,0.6788883071939854,14.0,0.358974358974359,0.41837464443598027,8.0,0.20512820512820512,,,0.0,,,0.0,0.30746090950071236,0.4663249108531364,17,17,4524.235294117647,1100.0,1.497870467235569,0.6470588235294118,6.606960842177953e-05,9.86651154298443e+23,262762.97045704524,12,2025-06-07 00:00:00+00:00,0,-22.60417824074074
1749301200000,53,0.7474915140737319,72.290601269853,132612.42202871284,0.49713010538654945,20,0.37735849056603776,1.4590895940778748,17.0,0.32075471698113206,0.30437031492830824,16.0,0.3018867924528302,,,0.0,,,0.0,0.17803496695695686,0.3190951384295926,20,20,1395.0,1382.5,1.1273616869288872,0.65,8.830987247835658e-05,8.898668744810794e+23,449638.19966894295,13,2025-06-07 00:00:00+00:00,0,-22.562511574074072
1749304800000,55,0.419299763559391,42.799627282356624,83911.84815568569,0.41190535028379655,22,0.4,0.45584662024881817,19.0,0.34545454545454546,0.38132025034253125,14.0,0.2545454545454545,,,0.0,,,0.0,0.1947815313114158,0.2171238189723807,22,22,2906.7727272727275,1708.0,1.4928452485173638,0.45454545454545453,7.501948220281942e-05,8.31556671753001e+23,281760.0345016202,14,2025-06-07 00:00:00+00:00,0,-22.520844907407408
1749308400000,50,0.6728038237821908,65.68487273991852,124645.68800798437,0.797555455060385,19,0.38,0.7937541708376185,18.0,0.36,0.3230048052219305,13.0,0.26,,,0.0,,,0.0,0.1499635343602753,0.6475919207001097,19,19,4735.894736842105,2184.0,1.924800594611781,0.2631578947368421,8.37718512712828e-05,9.736037599745501e+23,419645.8184671001,15,2025-06-07 00:00:00+00:00,0,-22.47917824074074
1749312000000,61,1.0573640926597598,172.69589125821753,298846.1272668486,0.9567825302560365,30,0.4918032786885246,1.2471496751283944,21.0,0.3442622950819672,0.9605590566867983,10.0,0.16393442622950818,,,0.0,,,0.0,0.14327268736081133,0.8135098428952252,30,30,1670.4,1110.5,1.149414141287865,0.6666666666666666,7.749081256089336e-05,1.3868025409964355e+24,599675.6342023918,16,2025-06-07 00:00:00+00:00,0,-22.437511574074072
1749315600000,34,0.5387012872612005,82.43895150889074,161270.6393928705,0.4914688794221683,17,0.5,0.3380413098961949,11.0,0.3235294117647059,1.040403067974302,6.0,0.17647058823529413,,,0.0,,,0.0,0.1748725516692301,0.3165963277529382,17,17,1121.764705882353,886.0,0.9918016355873266,0.7647058823529411,5.703038669397635e-05,1.8646390415571595e+24,323571.05365150917,17,2025-06-07 00:00:00+00:00,0,-22.395844907407408
1749319200000,54,0.7211315641389584,118.11850302505596,217867.2442062064,1.0325005649492671,23,0.42592592592592593,0.5212223672298413,26.0,0.48148148148148145,0.32836198433894725,5.0,0.09259259259259259,,,0.0,,,0.0,0.20345504390864164,0.8290455210406253,23,23,1755.0869565217392,1030.0,1.1912084431021879,0.782608695652174,7.662946802048577e-05,1.5442106310246178e+24,543822.0028460653,18,2025-06-07 00:00:00+00:00,0,-22.35417824074074
1749322800000,24,0.8733136228585058,35.232661683745775,64164.21092104277,0.45957785468472356,12,0.5,1.3745250958241966,11.0,0.4583333333333333,0.3248166383212946,1.0,0.041666666666666664,,,0.0,,,0.0,0.10260883279730244,0.3569690218874211,12,12,1489.1666666666667,1321.0,1.189693367505858,0.6666666666666666,4.627485993669071e-05,9.447799649679534e+23,127163.43666808079,19,2025-06-07 00:00:00+00:00,0,-22.312511574074072
1749326400000,39,0.6477724130485849,44.00462352692821,81218.3282571122,0.7081122489389031,24,0.6153846153846154,0.6377605690963727,10.0,0.2564102564102564,0.37816488867948184,5.0,0.1282051282051282,,,0.0,,,0.0,0.20433088952910541,0.5037813594097976,24,24,2681.2916666666665,1181.5,1.3621401782720568,0.5833333333333334,5.551420198020968e-05,8.608647669100864e+23,170727.91851834176,20,2025-06-07 00:00:00+00:00,0,-22.270844907407408
1749330000000,12,0.9296462124057888,17.22834333994065,30570.094484286637,1.3758339465220804,5,0.4166666666666667,0.6694007121127487,6.0,0.5,0.2601805435825709,1.0,0.08333333333333333,,,0.0,,,0.0,0.035356367393051154,1.340477579129029,5,5,4310.6,1337.0,1.639148396724854,0.6,3.899717408903428e-05,8.655100364698772e+23,78636.60749194387,21,2025-06-07 00:00:00+00:00,0,-22.22917824074074
1749333600000,59,1.4656552753553886,213.92226117296406,244823.5282359815,1.0191538895463088,28,0.4745762711864407,2.405757286133486,19.0,0.3220338983050847,1.0189969918445867,12.0,0.2033898305084746,,,0.0,,,0.0,0.3811085866623372,0.6380453028839715,28,28,1012.2142857142857,1034.0,0.9285974575675248,0.75,0.0001240378078782972,8.357878249940653e+23,561129.79005683,22,2025-06-07 00:00:00+00:00,0,-22.187511574074072
1749337200000,32,0.9410235817282039,54.128334942482915,86119.87590569645,1.1066961069892882,22,0.6875,0.7655472117898058,7.0,0.21875,0.13553659300317958,3.0,0.09375,,,0.0,,,0.0,0.231689048407812,0.8750070585814764,22,22,2113.2272727272725,1063.0,1.1952649545186051,0.8636363636363636,6.041162826184653e-05,8.382829267344716e+23,169141.19382522558,23,2025-06-07 00:00:00+00:00,0,-22.145844907407408
1749340800000,28,0.9897058739970452,56.096258476022655,111375.71962588461,1.0866029809899589,17,0.6071428571428571,1.022586984539141,8.0,0.2857142857142857,0.35293930625827885,3.0,0.10714285714285714,,,0.0,,,0.0,0.20341816836480126,0.8831848126251576,17,17,5638.176470588235,1654.0,1.9229650557709685,0.47058823529411764,6.537867242547904e-05,9.406138445810392e+23,211770.27886408177,0,2025-06-08 00:00:00+00:00,0,-22.10417824074074
1749344400000,37,0.7153057225069004,84.60818850838582,152458.74996071012,0.9516433888152541,11,0.2972972972972973,0.7152758722652426,18.0,0.4864864864864865,0.3904085943766444,8.0,0.21621621621621623,,,0.0,,,0.0,0.18465490267037332,0.7669884861448807,11,11,3051.2727272727275,1916.0,1.5551579857670819,0.36363636363636365,6.692489257038961e-05,1.4694675643896317e+24,395589.1022285682,1,2025-06-08 00:00:00+00:00,0,-22.062511574074072
1749348000000,20,0.40389890396764094,24.394932770199787,48024.371479707865,0.22984114042723813,4,0.2,0.4006522914529231,11.0,0.55,0.5502876623323426,5.0,0.25,,,0.0,,,0.0,0.09066012103764887,0.13918101938958927,4,4,1397.0,1227.5,1.04034452054639,0.5,5.5012425236124444e-05,1.3485827438806184e+24,177623.15070149314,2,2025-06-08 00:00:00+00:00,0,-22.020844907407408
1749351600000,7,0.5362267571403199,12.288913618206406,23671.320787731187,0.872145898214165,4,0.5714285714285714,0.06597086275317732,2.0,0.2857142857142857,0.13306198161922456,1.0,0.14285714285714285,,,0.0,,,0.0,0.09572297722388201,0.7764229209902829,4,4,1576.25,1477.0,1.2153521476330045,0.75,4.3344700100997876e-05,1.3541169066113143e+24,122364.97172264739,3,2025-06-08 00:00:00+00:00,0,-21.97917824074074
1749355200000,23,0.33866797213677907,18.98241161193682,36302.501280894445,0.3883823151550102,8,0.34782608695652173,0.47697852321296635,8.0,0.34782608695652173,0.12378237888601505,7.0,0.30434782608695654,,,0.0,,,0.0,0.12004825500594885,0.26833406014906136,8,8,2752.4285714285716,1636.0,1.5557431558505144,0.2857142857142857,3.518515608193235e-05,1.3544119689743546e+24,187605.9390970267,4,2025-06-08 00:00:00+00:00,0,-21.937511574074072
1749358800000,29,0.4050331790158305,34.53833199830764,67021.31587096491,0.5325886646476449,11,0.3793103448275862,0.3906900226596831,10.0,0.3448275862068966,0.24757333171727003,8.0,0.27586206896551724,,,0.0,,,0.0,0.12012164810227142,0.4124670165453734,11,11,4441.090909090909,1874.0,1.7730650957164067,0.2727272727272727,3.7687309064450126e-05,1.3542494597476232e+24,301089.93658328935,5,2025-06-08 00:00:00+00:00,0,-21.895844907407408
1749362400000,20,0.3863939723941544,22.2689239230246,43606.09293260802,0.22161603296933388,10,0.5,0.7648064836133271,5.0,0.25,0.33753734002462277,5.0,0.25,,,0.0,,,0.0,0.11826309286400594,0.10335294010532792,10,10,3202.2,1302.5,1.545854524781261,0.6,3.776670668568911e-05,1.353981811952622e+24,124070.90801366503,6,2025-06-08 00:00:00+00:00,0,-21.85417824074074
1749366000000,18,0.16618993834162657,11.53504928380513,23253.805694748677,0.1331129154996712,9,0.5,0.126712070806875,6.0,0.3333333333333333,0.3443767419369957,3.0,0.16666666666666666,,,0.0,,,0.0,0.062396023191645895,0.0707168923080253,9,9,3740.222222222222,1429.0,1.52918653123164,0.6666666666666666,4.513950693447066e-05,1.354407461851828e+24,90224.16507415647,7,2025-06-08 00:00:00+00:00,0,-21.812511574074072
1749369600000,18,0.5307316443660282,24.11711275010648,41955.08850073803,0.7822240254173312,9,0.5,0.3136824383019642,8.0,0.4444444444444444,0.0036938634168136655,1.0,0.05555555555555555,,,0.0,,,0.0,0.4600605269234442,0.3221634984938869,9,9,4440.222222222223,1330.0,1.6046539163254228,0.6666666666666666,5.539446208037865e-05,1.359819546582746e+24,191231.61491434273,8,2025-06-08 00:00:00+00:00,0,-21.770844907407408
1749373200000,48,0.7957961878312331,61.69183892293347,112872.01454138866,0.7616562556929051,22,0.4583333333333333,0.942324772280072,18.0,0.375,0.5599916862017483,8.0,0.16666666666666666,,,0.0,,,0.0,0.13416317109766587,0.6274930845952391,22,22,2227.0,1946.0,1.4338240304786547,0.36363636363636365,9.838020411568085e-05,9.150102368830359e+23,627659.0765941462,9,2025-06-08 00:00:00+00:00,0,-21.72917824074074
1749376800000,22,0.7422463276035618,34.38801725390615,70114.21228972092,0.9556036892518025,13,0.5909090909090909,0.34034069320029237,6.0,0.2727272727272727,0.6215090292677238,3.0,0.13636363636363635,,,0.0,,,0.0,0.2799007137028529,0.6757029755489495,13,13,2851.5384615384614,3190.0,1.5929296997210496,0.38461538461538464,4.909145038754237e-05,1.1312894271263904e+24,206630.09255706286,10,2025-06-08 00:00:00+00:00,0,-21.687511574074072
1749380400000,32,1.0442600533448103,99.08777910270274,154531.01599780185,0.6470722354509116,20,0.625,1.166880002220888,9.0,0.28125,3.324318992675902,3.0,0.09375,,,0.0,,,0.0,0.32853282177819787,0.31853941367271377,20,20,1352.5,1222.0,1.1283901059113752,0.75,8.299038577175645e-05,1.3605460812065379e+24,377250.4382285389,11,2025-06-08 00:00:00+00:00,0,-21.645844907407408
1749384000000,51,0.6879327500345889,96.00161951692817,178166.0487942361,0.7894801318392197,21,0.4117647058823529,0.6896930771845242,21.0,0.4117647058823529,0.4468814291406018,9.0,0.17647058823529413,,,0.0,,,0.0,0.14955387439973752,0.6399262574394821,21,21,1759.3333333333333,1275.0,1.2367231274047654,0.6190476190476191,6.278860208093252e-05,1.356051994141931e+24,417230.7604077766,12,2025-06-08 00:00:00+00:00,0,-21.60417824074074
1749387600000,44,0.9359871496774231,107.18809471749435,203606.57344815484,0.7515161363166758,17,0.38636363636363635,1.1712619155565704,23.0,0.5227272727272727,0.3671590526555012,4.0,0.09090909090909091,,,0.0,,,0.0,0.15271590716704453,0.5988002291496313,17,17,1811.0588235294117,1184.0,1.2599409162539947,0.5294117647058824,6.967211819474756e-05,1.2250163946777467e+24,566652.9391725928,13,2025-06-08 00:00:00+00:00,0,-21.562511574074072
1749391200000,65,0.5212631649063348,102.91673006051715,203458.04487202776,0.5009104509635124,31,0.47692307692307695,0.6313251516153345,26.0,0.4,0.24242847463052264,8.0,0.12307692307692308,,,0.0,,,0.0,0.15543602408642698,0.3454744268770854,31,31,2066.3548387096776,1466.0,1.3298707807593246,0.5483870967741935,8.23577188411322e-05,1.3613007415196726e+24,496301.46078023344,14,2025-06-08 00:00:00+00:00,0,-21.520844907407408
1749394800000,23,0.6905077004673982,44.98992131989934,84289.83801639226,0.7765138676239371,15,0.6521739130434783,0.5622270721396027,5.0,0.21739130434782608,0.4742779118976957,3.0,0.13043478260869565,,,0.0,,,0.0,0.13349820136488322,0.6430156662590539,15,15,1865.2666666666667,1184.0,1.2264009705565402,0.6,5.62552249480214e-05,1.290539978942635e+24,229395.37173300932,15,2025-06-08 00:00:00+00:00,0,-21.47917824074074
1749398400000,55,0.5687721283056333,59.253563742513904,110678.74916045449,0.555601411500167,26,0.4727272727272727,0.6737050222533845,22.0,0.4,0.28790283831871893,7.0,0.12727272727272726,,,0.0,,,0.0,0.17140288895374828,0.3841985225464187,26,26,1158.3076923076924,1229.5,1.0244457649981873,0.7307692307692307,7.029231335347703e-05,9.826532144620183e+23,339467.86704661726,16,2025-06-08 00:00:00+00:00,0,-21.437511574074072
1749402000000,43,0.6711528513092192,48.55587108109987,90074.94419759884,0.7638730340824833,18,0.4186046511627907,0.6239605348947699,13.0,0.3023255813953488,0.6236113439782227,11.0,0.2558139534883721,0.13864625541926567,1.0,0.023255813953488372,,,0.0,0.2776875153892004,0.48618551869328286,18,18,2715.8333333333335,1326.5,1.343618174469755,0.7222222222222222,6.523579090369987e-05,8.431269877309024e+23,285913.3986563679,17,2025-06-08 00:00:00+00:00,0,-21.395844907407408
1749405600000,33,0.8650680430812525,51.13364595281796,93679.48549202182,1.1289461421345364,16,0.48484848484848486,0.7280834060880707,14.0,0.42424242424242425,0.09697982076525342,3.0,0.09090909090909091,,,0.0,,,0.0,0.29607105226564945,0.8328750898688869,16,16,2934.0,1193.5,1.4327379089179217,0.625,6.020799085126241e-05,8.40270204984149e+23,217562.371265548,18,2025-06-08 00:00:00+00:00,0,-21.35417824074074
1749409200000,33,0.48509858410908063,30.767430738711294,60495.6897174016,0.7099534446064198,17,0.5151515151515151,0.11087227126702252,11.0,0.3333333333333333,0.5438899466706547,5.0,0.15151515151515152,,,0.0,,,0.0,0.14156249226506343,0.5683909523413564,17,17,5160.823529411765,1284.0,1.7617971966023003,0.6470588235294118,5.643766629192184e-05,8.24718337504032e+23,173993.37552162012,19,2025-06-08 00:00:00+00:00,0,-21.312511574074072
1749412800000,34,0.48726222698581173,31.030134261465424,59683.92830619903,0.4467139285662258,22,0.6470588235294118,0.6907745258885335,9.0,0.2647058823529412,0.17407951868794244,3.0,0.08823529411764706,,,0.0,,,0.0,0.2062326394706405,0.2404812890955853,22,22,1875.409090909091,1383.5,1.2100301031420866,0.5909090909090909,4.4344406338389295e-05,8.21643473420039e+23,138530.25124656636,20,2025-06-08 00:00:00+00:00,0,-21.270844907407408
1749416400000,53,0.8437967637453883,83.9878055016139,151218.7253739017,0.780375854126836,32,0.6037735849056604,0.6967938575266299,13.0,0.24528301886792453,1.33636012482508,8.0,0.1509433962264151,,,0.0,,,0.0,0.2158973978283853,0.5644784562984506,32,32,3512.1875,1365.5,1.5241297209645701,0.53125,5.957192851741702e-05,8.287769779249513e+23,330737.31767908606,21,2025-06-08 00:00:00+00:00,0,-21.22917824074074
1749420000000,104,1.0959940203998484,284.70173550724485,496012.16404942784,1.1320102083896342,63,0.6057692307692307,1.2009085731403513,25.0,0.2403846153846154,0.5940037135130034,15.0,0.14423076923076922,3.733964961833429,1.0,0.009615384615384616,,,0.0,0.37776016845679555,0.7542500399328388,63,63,1166.2857142857142,1084.0,1.0380925640078043,0.7936507936507936,0.00011181767667188582,1.1796659920143427e+24,1352973.4641590714,22,2025-06-08 00:00:00+00:00,0,-21.187511574074072
1749423600000,72,0.8041726812860085,180.0300497893534,317480.646321766,0.7344328043091061,36,0.5,1.1213458707656567,22.0,0.3055555555555556,0.48508878147288137,14.0,0.19444444444444445,,,0.0,,,0.0,0.1694263769967872,0.5650064273123188,36,36,1223.5277777777778,1155.0,1.0395607305150325,0.8055555555555556,9.749286002228812e-05,1.364996139542883e+24,661589.7298297841,23,2025-06-08 00:00:00+00:00,0,-21.145844907407408
1749427200000,83,0.8029935684798855,185.43900547484876,348980.261685302,0.9832293043302724,42,0.5060240963855421,0.6782514196102029,26.0,0.3132530120481928,0.5145532328062518,15.0,0.18072289156626506,,,0.0,,,0.0,0.3203394450290499,0.6628898593012226,42,42,2353.4761904761904,1366.5,1.365142602719311,0.5952380952380952,0.00011266559239339425,1.351873937432425e+24,902747.1537062268,0,2025-06-09 00:00:00+00:00,0,-21.10417824074074
1749430800000,52,0.9334946364450255,120.15130343476945,218583.03777848824,1.1054740807946584,22,0.4230769230769231,0.9881963969442564,20.0,0.38461538461538464,0.44573633787737144,10.0,0.19230769230769232,,,0.0,,,0.0,0.3574872780578284,0.74798680273683,22,22,2922.2727272727275,1132.5,1.4556637371345893,0.5909090909090909,7.339161932521564e-05,1.261688651753941e+24,488818.62192994857,1,2025-06-09 00:00:00+00:00,0,-21.062511574074072
1749434400000,46,0.6499436840559087,66.73611906244771,126553.43600778947,0.9291496887513878,14,0.30434782608695654,0.5907777808760317,22.0,0.4782608695652174,0.3892202644779673,10.0,0.21739130434782608,,,0.0,,,0.0,0.2734014135559701,0.6557482751954177,14,14,3190.285714285714,1815.5,1.5443230934509182,0.35714285714285715,6.808324999432786e-05,1.091366181203685e+24,357115.24356551986,2,2025-06-09 00:00:00+00:00,0,-21.020844907407408
1749438000000,33,0.8773715148473952,43.99939068740216,86043.99373606159,0.9136288769232603,15,0.45454545454545453,1.323438197932438,9.0,0.2727272727272727,0.37087589496924395,9.0,0.2727272727272727,,,0.0,,,0.0,0.4710487522326988,0.4425801246905614,15,15,1830.7333333333333,1336.0,1.2362843179867298,0.6,7.333712348945524e-05,7.142246045259464e+23,284253.544815135,3,2025-06-09 00:00:00+00:00,0,-20.97917824074074
1749441600000,26,0.5132763407686255,19.45381151871891,36250.03835196356,0.7991849649057235,10,0.38461538461538464,0.4336559295715186,9.0,0.34615384615384615,0.20720454925476556,7.0,0.2692307692307692,,,0.0,,,0.0,0.47322385971926717,0.3259611051864564,10,10,2634.2,1586.0,1.4563881305351987,0.5,4.707229737592519e-05,8.061274702508048e+23,122660.1468445124,4,2025-06-09 00:00:00+00:00,0,-20.937511574074072
1749445200000,39,0.8474159770393024,51.36650928639228,89133.92496312199,1.1180885439567898,20,0.5128205128205128,0.7082179164856329,14.0,0.358974358974359,0.15448027891962635,5.0,0.1282051282051282,,,0.0,,,0.0,0.17670606320341775,0.9413824807533722,20,20,2498.65,1570.0,1.452957576340646,0.45,5.7950734775081334e-05,6.590858858732378e+23,200003.86635045547,5,2025-06-09 00:00:00+00:00,0,-20.895844907407408
1749448800000,32,0.7829605208007187,44.29015755815393,82060.07825479317,0.9141791989414999,18,0.5625,0.6999279210726005,12.0,0.375,0.1001880159023959,2.0,0.0625,,,0.0,,,0.0,0.20542732921624995,0.70875186972525,18,18,1574.7222222222222,955.0,1.1704902533343213,0.6111111111111112,6.400589359162106e-05,9.357692879528719e+23,215690.56551698936,6,2025-06-09 00:00:00+00:00,0,-20.85417824074074
1749452400000,25,2.351846076147161,255.72888362324568,164464.9810673854,0.679807565215772,8,0.32,0.7432437677898406,12.0,0.48,8.887753233694953,5.0,0.2,,,0.0,,,0.0,0.26315758918108323,0.4166499760346887,8,8,1994.5,1614.5,1.278495938783955,0.375,4.7173941820638904e-05,1.166959760952214e+24,714955.4957085446,7,2025-06-09 00:00:00+00:00,0,-20.812511574074072
1749456000000,35,0.5939540014085282,50.2883679114357,92484.75311622098,0.9178049157601821,13,0.37142857142857144,0.4175833456763419,19.0,0.5428571428571428,0.3076141921885403,3.0,0.08571428571428572,,,0.0,,,0.0,0.1796049020287508,0.7382000137314313,13,13,1824.923076923077,1674.0,1.32555452903345,0.38461538461538464,5.575087491479231e-05,1.1917917418387791e+24,307736.44690616353,8,2025-06-09 00:00:00+00:00,0,-20.770844907407408
1749459600000,78,0.9435758707743201,169.29439071600243,304749.0861667233,1.2095188740254148,38,0.48717948717948717,0.8083733635015008,27.0,0.34615384615384615,0.426364346215462,12.0,0.15384615384615385,0.6947477383051391,1.0,0.01282051282051282,,,0.0,0.4433523722616374,0.7661665017637777,38,38,1892.8684210526317,1255.0,1.2178992742349104,0.6578947368421053,8.766641531687505e-05,1.069007945710611e+24,685560.8447582995,9,2025-06-09 00:00:00+00:00,0,-20.72917824074074
1749463200000,112,1.121887099144909,231.50437635064026,416291.7645487927,1.0360239658078547,58,0.5178571428571429,1.5822073165760357,32.0,0.2857142857142857,0.6478372873800107,21.0,0.1875,1.3267479219608624,1.0,0.008928571428571428,,,0.0,0.29595976972249777,0.7400641960853569,58,58,1374.3103448275863,1284.5,1.1228826627005706,0.603448275862069,0.00011068872269230138,8.583948654258397e+23,1075746.3695827662,10,2025-06-09 00:00:00+00:00,0,-20.687511574074072
1749466800000,83,0.767843625214615,130.67378335147788,239741.1879943785,0.7615052017131815,41,0.4939759036144578,0.9827765966636981,27.0,0.3253012048192771,0.3982893008435172,15.0,0.18072289156626506,,,0.0,,,0.0,0.3046632959899893,0.45684190572319205,41,41,1967.9024390243903,1373.0,1.3156582758428834,0.6341463414634146,8.255557916435945e-05,8.634996895756232e+23,621204.510878467,11,2025-06-09 00:00:00+00:00,0,-20.645844907407408
1749470400000,58,0.5072763709635449,58.00988496675709,115714.3598788286,0.6229668102145614,29,0.5,0.6161292850178678,15.0,0.25862068965517243,0.15100376745680757,14.0,0.2413793103448276,,,0.0,,,0.0,0.3599313842356659,0.2630354259788954,29,29,1859.8275862068965,1183.0,1.2282542273359953,0.6551724137931034,7.575740487270799e-05,8.630588522449786e+23,289820.4575641438,12,2025-06-09 00:00:00+00:00,0,-20.60417824074074
1749474000000,93,0.9802328271599108,206.7282845429852,396904.94933385035,0.7097055599703633,45,0.4838709677419355,1.767515964869153,25.0,0.26881720430107525,0.5465600595100152,21.0,0.22580645161290322,1.7796211778831106,2.0,0.021505376344086023,,,0.0,0.37045465762715,0.3392509023432133,45,45,1731.8222222222223,1288.0,1.2350666462054147,0.6222222222222222,0.0001292420605112306,1.2573894857352003e+24,1228365.5970199576,13,2025-06-09 00:00:00+00:00,0,-20.562511574074072
1749477600000,78,0.9464175718055873,221.8161872533901,405628.3700235624,0.8331683513211976,31,0.3974358974358974,1.295978347212452,31.0,0.3974358974358974,0.4765540455657586,15.0,0.19230769230769232,0.6687122628062968,1.0,0.01282051282051282,,,0.0,0.2673922879843009,0.5657760633368967,31,31,1966.5483870967741,1270.0,1.281349799617447,0.6451612903225806,0.00010942375579621649,1.7103181742433134e+24,1285051.5128253608,14,2025-06-09 00:00:00+00:00,0,-20.520844907407408
1749481200000,51,0.8082729072124282,135.03825304550753,246580.52430681261,0.9584921119509653,27,0.5294117647058824,0.7804606758614968,14.0,0.27450980392156865,0.4108769759259661,9.0,0.17647058823529413,0.7182889997631213,1.0,0.0196078431372549,,,0.0,0.23482184563464306,0.7236702663163223,27,27,2854.962962962963,1817.0,1.5465321417585518,0.2962962962962963,7.333996111837392e-05,1.7787776437969564e+24,743690.1748871686,15,2025-06-09 00:00:00+00:00,0,-20.47917824074074
1749484800000,90,1.3149723968996725,232.4862563042055,402737.3964667307,0.8726565679664278,40,0.4444444444444444,1.8358039759677465,41.0,0.45555555555555555,0.9589818564087514,8.0,0.08888888888888889,0.5014351363658064,1.0,0.011111111111111112,,,0.0,0.25924307540387426,0.6134134925625534,40,40,1384.15,1209.0,1.1265658344780918,0.675,0.0001331477417907455,8.711390603479776e+23,1115063.1855899177,16,2025-06-09 00:00:00+00:00,0,-20.437511574074072
1749488400000,90,0.9137739203694644,138.270308410836,252194.17322588648,1.0710970083330902,52,0.5777777777777777,0.668200554819984,27.0,0.3,0.6935228096828271,10.0,0.1111111111111111,1.5659653229632742,1.0,0.011111111111111112,,,0.0,0.3170441455900287,0.7540528627430615,52,52,2090.519230769231,1484.0,1.338578311010634,0.5384615384615384,9.57855893937381e-05,8.195041731408203e+23,595040.130352138,17,2025-06-09 00:00:00+00:00,0,-20.395844907407408
1749492000000,77,0.8651962135073096,108.10874638152839,195059.3186771076,0.6868576947020215,32,0.4155844155844156,1.2908839732046136,31.0,0.4025974025974026,0.330232788589652,14.0,0.18181818181818182,,,0.0,,,0.0,0.2392286136124232,0.4476290810895983,32,32,1388.875,1091.5,1.0616808212863993,0.6875,8.666194630818119e-05,7.99995590128544e+23,508307.14068099466,18,2025-06-09 00:00:00+00:00,0,-20.35417824074074
1749495600000,87,0.6128382258171847,77.57453471546089,148563.35037758056,0.6502369841379613,39,0.4482758620689655,0.8271492627255992,26.0,0.2988505747126437,0.2932637469931365,22.0,0.25287356321839083,,,0.0,,,0.0,0.1774793346168688,0.47275764952109245,39,39,1693.871794871795,917.0,1.1669526669799408,0.7692307692307693,9.502069160671928e-05,6.908104893907615e+23,455694.48800270545,19,2025-06-09 00:00:00+00:00,0,-20.312511574074072
1749499200000,54,0.6628394605124015,51.42938934616985,99741.72435712235,0.7269118580861865,32,0.5925925925925926,0.6640222855428023,16.0,0.2962962962962963,0.31796580670447944,6.0,0.1111111111111111,,,0.0,,,0.0,0.1866716839108622,0.5402401741753243,32,32,1701.4375,1133.5,1.1524116184323279,0.78125,6.451849472041957e-05,6.914348814958687e+23,333617.82316451933,20,2025-06-09 00:00:00+00:00,0,-20.270844907407408
1749502800000,165,1.5887480631760547,364.3809726341488,623807.7359878088,1.4687209996657231,83,0.503030303030303,2.1131315088531397,54.0,0.32727272727272727,0.7317519112518496,24.0,0.14545454545454545,2.142110025920023,4.0,0.024242424242424242,,,0.0,0.4750693248827348,0.9936516747829882,83,83,1258.132530120482,1069.0,1.0526007852696975,0.8072289156626506,0.00019504509005588216,6.129894631537074e+23,1788354.6726296898,21,2025-06-09 00:00:00+00:00,0,-20.22917824074074
1749506400000,84,1.2071542977636844,134.28190322379325,242044.08756130407,1.2811051152319812,45,0.5357142857142857,1.6607783863254406,24.0,0.2857142857142857,0.25950330365998464,15.0,0.17857142857142858,,,0.0,,,0.0,0.3118246454727389,0.9692804697592422,45,45,1616.4444444444443,1186.0,1.1556748188809205,0.7333333333333333,0.0001248643334912204,6.020442169836405e+23,860990.7430790415,22,2025-06-09 00:00:00+00:00,0,-20.187511574074072
1749510000000,108,1.0532574708172586,187.22596263019506,324704.14340397925,1.1854308603272934,57,0.5277777777777778,1.0555937088417657,29.0,0.26851851851851855,0.4513071822789992,21.0,0.19444444444444445,6.092579425338034,1.0,0.009259259259259259,,,0.0,0.1939805678335029,0.9914502924937905,57,57,1330.3859649122808,1136.0,1.0517798531578473,0.7894736842105263,0.00012998911212443677,6.644349033656335e+23,873112.0537174359,23,2025-06-09 00:00:00+00:00,0,-20.145844907407408
1749513600000,146,1.1693129335134869,225.13383975427774,404510.02813119075,1.2850083517393036,60,0.410958904109589,1.452045974964709,43.0,0.2945205479452055,0.6219354765122249,42.0,0.2876712328767123,5.059920251614951,1.0,0.00684931506849315,,,0.0,0.38791219271517174,0.8970961590241319,60,60,1316.75,1100.0,1.0862011781125245,0.75,0.00014885959237670145,5.796523523663025e+23,1236455.6808260002,0,2025-06-10 00:00:00+00:00,0,-20.10417824074074
1749517200000,94,1.055850828330874,124.80032349042764,218537.85128842096,1.151107423908548,35,0.3723404255319149,1.1343460250966095,31.0,0.32978723404255317,0.4004334905752655,23.0,0.24468085106382978,2.9173041930153953,5.0,0.05319148936170213,,,0.0,0.5503418059366094,0.6007656179719386,35,35,1511.4,1354.0,1.1633733812925373,0.6285714285714286,0.00010999936964940945,6.517159056069116e+23,928179.3626838112,1,2025-06-10 00:00:00+00:00,0,-20.062511574074072
1749520800000,111,0.9316834612387958,208.511045017991,336007.203953323,0.636005855255954,37,0.3333333333333333,1.312177078929034,47.0,0.42342342342342343,0.6760369602557676,26.0,0.23423423423423423,0.6353638767214774,1.0,0.009009009009009009,,,0.0,0.1883158288697779,0.4476900263861761,37,37,2294.3513513513512,1699.0,1.3259517911563738,0.4864864864864865,0.00012016516494460803,8.818805034436153e+23,1617609.2976149535,2,2025-06-10 00:00:00+00:00,0,-20.020844907407408
1749524400000,69,0.7688795859571825,80.06665203068977,150581.30589562765,0.6847086249932199,29,0.42028985507246375,1.160937220480299,21.0,0.30434782608695654,0.34231170951970913,18.0,0.2608695652173913,2.6548489048011703,1.0,0.014492753623188406,,,0.0,0.20786032269728158,0.47684830229593833,29,29,2970.9655172413795,1742.0,1.5190947119054803,0.41379310344827586,8.931924926330375e-05,7.547672217592988e+23,844847.4696727162,3,2025-06-10 00:00:00+00:00,0,-19.97917824074074
1749528000000,22,0.5744593597122966,36.68583317423298,73444.25929589602,0.8258565159419184,5,0.22727272727272727,0.6277960016479222,8.0,0.36363636363636365,0.38738392453083936,9.0,0.4090909090909091,,,0.0,,,0.0,0.12668419201678371,0.6991723239251346,5,5,3356.4,2317.0,1.4831775475073736,0.4,5.517860349275529e-05,1.2966536453725367e+24,358311.72781304095,4,2025-06-10 00:00:00+00:00,0,-19.937511574074072
1749531600000,94,1.0147710484805261,142.28039373464753,253264.66455335848,1.5096467188524576,40,0.425531914893617,1.0647293671295825,26.0,0.2765957446808511,0.2614159377750712,28.0,0.2978723404255319,,,0.0,,,0.0,0.36605361051040164,1.1435931083420559,40,40,2129.325,1690.5,1.4099084951867622,0.4,0.00011480410257182738,8.824059524627277e+23,848789.0412851308,5,2025-06-10 00:00:00+00:00,0,-19.895844907407408
1749535200000,82,0.9162119421901096,101.89291638985783,175028.79796572268,0.9608527097318268,30,0.36585365853658536,0.8477094533979707,36.0,0.43902439024390244,0.4962622286557666,14.0,0.17073170731707318,4.419293222063252,2.0,0.024390243902439025,,,0.0,0.2739330660344455,0.6869196436973812,30,30,2248.766666666667,1495.0,1.3689708917386825,0.5,0.00010194471806778823,6.624147016399116e+23,512481.43050778325,6,2025-06-10 00:00:00+00:00,0,-19.85417824074074
1749538800000,69,0.9773162549098338,98.11456894246267,178173.25850448068,0.9507302727312971,30,0.43478260869565216,1.3048920299490607,25.0,0.36231884057971014,0.449329475579507,14.0,0.2028985507246377,,,0.0,,,0.0,0.27525942494611033,0.6754708477851867,30,30,1353.7666666666667,1177.5,1.0753325372368392,0.7,0.00010493265987320818,7.160027834800159e+23,503674.30417936825,7,2025-06-10 00:00:00+00:00,0,-19.812511574074072
1749542400000,61,0.7576990392559022,63.6136240132455,115754.07182251518,1.1850762566844175,22,0.36065573770491804,0.8168329894913743,21.0,0.3442622950819672,0.1663594982352215,18.0,0.29508196721311475,,,0.0,,,0.0,0.22585610305285753,0.95922015363156,22,22,1309.909090909091,1263.5,1.110846899971789,0.8181818181818182,0.00010949897091409072,6.844034292507076e+23,375194.7783075365,8,2025-06-10 00:00:00+00:00,0,-19.770844907407408
1749546000000,60,0.7484621863828262,119.51890046089704,222085.29312372304,0.6309446200392798,25,0.4166666666666667,0.8617310344510898,26.0,0.43333333333333335,0.7476787540288052,9.0,0.15,,,0.0,,,0.0,0.3152589235846647,0.3156856964546151,25,25,1515.2,1170.0,1.15103159805113,0.64,8.901972409631014e-05,1.1802075486829023e+24,629655.7106535386,9,2025-06-10 00:00:00+00:00,0,-19.72917824074074
1749549600000,72,0.7011644427508444,126.5049505068695,235076.99734053598,0.907731992704065,28,0.3888888888888889,0.7962664860761387,27.0,0.375,0.2098911151936021,17.0,0.2361111111111111,,,0.0,,,0.0,0.14742188307001508,0.76031010963405,28,28,1892.892857142857,1490.0,1.292275035728029,0.5357142857142857,9.73035128646447e-05,1.1934034195893268e+24,616444.2332396079,10,2025-06-10 00:00:00+00:00,0,-19.687511574074072
1749553200000,203,1.6688914371643941,401.4582243330522,705507.7593203253,1.455841615100257,94,0.4630541871921182,2.347145516942507,71.0,0.3497536945812808,0.9216659760055477,31.0,0.15270935960591134,0.9595532808368442,7.0,0.034482758620689655,,,0.0,0.43524590242431477,1.020595712675942,94,94,1430.723404255319,1188.0,1.1097171397984062,0.6914893617021277,0.00023370065942494538,4.639054538278957e+23,2504289.1103114025,11,2025-06-10 00:00:00+00:00,0,-19.645844907407408
1749556800000,127,1.4034078476279057,168.03293578330567,296120.3720863094,1.2244430059648574,54,0.4251968503937008,1.9513079581550756,42.0,0.33070866141732286,0.779076782877717,28.0,0.2204724409448819,2.7812633878508266,3.0,0.023622047244094488,,,0.0,0.5967853330457507,0.6276576729191069,54,54,1450.4814814814815,1210.5,1.1030934567135042,0.7407407407407407,0.0001379892556714918,4.14641017181603e+23,863756.5278363188,12,2025-06-10 00:00:00+00:00,0,-19.60417824074074
1749560400000,144,1.499620281177127,223.57330450199748,397867.1550634942,1.3435602260015767,75,0.5208333333333334,2.107992102791622,45.0,0.3125,0.6650983647497806,22.0,0.1527777777777778,2.8432474446349376,2.0,0.013888888888888888,,,0.0,0.3977718958217272,0.9457883301798495,75,75,1474.9333333333334,1256.0,1.133285304599386,0.6266666666666667,0.00016638484511303933,4.699659736117191e+23,1281534.5574971389,13,2025-06-10 00:00:00+00:00,0,-19.562511574074072
1749564000000,148,1.1134445884726363,170.11981346689487,317911.04563166597,1.205383880749214,69,0.46621621621621623,1.2995676551892035,46.0,0.3108108108108108,0.6617636116227589,33.0,0.22297297297297297,,,0.0,,,0.0,0.34861038136338685,0.8567734993858274,69,69,1586.8840579710145,1373.0,1.1878552477083208,0.6231884057971014,0.00015583458448349677,4.776236937501791e+23,980130.8201811239,14,2025-06-10 00:00:00+00:00,0,-19.520844907407408
1749567600000,155,1.3101026190373053,266.14522762405375,443516.2941448469,1.0364768797512156,69,0.44516129032258067,2.1221327913939314,50.0,0.3225806451612903,0.5443649601931566,31.0,0.2,1.7134095824528117,5.0,0.03225806451612903,,,0.0,0.3054901778729511,0.7309867018782644,69,69,1246.2753623188405,1227.0,1.05361981980651,0.7536231884057971,0.00017796604347875602,5.449690247960129e+23,1603464.7241226265,15,2025-06-10 00:00:00+00:00,0,-19.47917824074074
1749571200000,128,1.071317321846509,138.7362025003267,250294.53083766,1.1614375082028894,69,0.5390625,1.4204538579609567,35.0,0.2734375,0.29830616048305814,23.0,0.1796875,0.41250241060997606,1.0,0.0078125,,,0.0,0.44360813520172887,0.7178293730011605,69,69,1323.4347826086957,1348.0,1.121133325399703,0.7101449275362319,0.00013833138812766494,4.81908061148236e+23,845439.5715870906,16,2025-06-10 00:00:00+00:00,0,-19.437511574074072
1749574800000,112,0.9743061915692313,105.03883757883797,186983.26750871167,0.9553532431524092,52,0.4642857142857143,1.4199406021789727,33.0,0.29464285714285715,0.35170014552205114,23.0,0.20535714285714285,1.1241953982288377,4.0,0.03571428571428571,,,0.0,0.2764194646731227,0.6789337784792865,52,52,1645.4038461538462,1374.5,1.1814345529747634,0.6538461538461539,0.000128028339969098,4.800140542893669e+23,593899.5606427887,17,2025-06-10 00:00:00+00:00,0,-19.395844907407408
1749578400000,117,1.133897513143007,137.01940312944475,242391.67126864986,0.9141322756070587,53,0.452991452991453,1.5743404871902789,42.0,0.358974358974359,0.7670965496478397,19.0,0.1623931623931624,1.1732878417523434,3.0,0.02564102564102564,,,0.0,0.3767512725852921,0.5373810030217666,53,53,1967.1698113207547,1384.0,1.2620309811734118,0.6037735849056604,0.00015860082936297002,4.618238624467504e+23,620381.2195907485,18,2025-06-10 00:00:00+00:00,0,-19.35417824074074
1749582000000,179,1.3858388543260323,241.67017258691433,415699.2229812189,1.3059262862427536,91,0.5083798882681564,1.6652884379675517,61.0,0.3407821229050279,0.39957503435314895,24.0,0.1340782122905028,6.017822445257656,3.0,0.01675977653631285,,,0.0,0.3194310612503724,0.9864952249923811,91,91,1198.4285714285713,1153.0,1.034983161985749,0.8021978021978022,0.00018159430501487695,4.1877871871605473e+23,1197099.8838423088,19,2025-06-10 00:00:00+00:00,0,-19.312511574074072
1749585600000,123,1.2944757828384605,152.11048934692275,267519.7943986893,1.3114392508871506,66,0.5365853658536586,1.6483385208468344,39.0,0.3170731707317073,0.3401386091800339,17.0,0.13821138211382114,2.597972061491598,1.0,0.008130081300813009,,,0.0,0.3756325833855608,0.9358066675015896,66,66,1757.469696969697,1218.0,1.2189000388161286,0.6363636363636364,0.00013141535809175627,4.272869154844665e+23,791025.1860658758,20,2025-06-10 00:00:00+00:00,0,-19.270844907407408
1749589200000,170,1.7133423334896751,338.10617810035575,463974.69224872184,1.7542244506072162,85,0.5,2.297458816464627,52.0,0.3058823529411765,0.5828184486405399,30.0,0.17647058823529413,1.735568825418185,3.0,0.01764705882352941,,,0.0,0.3018149273281679,1.4524095232790484,85,85,1378.9529411764706,1122.0,1.0908120000244068,0.7764705882352941,0.00021627238283934,4.393367305233575e+23,1186498.5163695775,21,2025-06-10 00:00:00+00:00,0,-19.22917824074074
1749592800000,177,1.4312777585887535,232.65062953950488,394744.23822602665,1.4564614988496434,91,0.5141242937853108,1.8297408443846108,56.0,0.3163841807909605,0.5878370945325806,29.0,0.1638418079096045,1.285403847908766,1.0,0.005649717514124294,,,0.0,0.3965010043716304,1.059960494478013,91,91,1151.8351648351647,1084.0,1.0289759532578513,0.8241758241758241,0.00023877743172681963,3.798344008066214e+23,1178309.662983483,22,2025-06-10 00:00:00+00:00,0,-19.187511574074072
1749596400000,112,1.1407743530550252,112.69599513603076,203858.91617298572,1.063981865247051,62,0.5535714285714286,1.4434750771463933,33.0,0.29464285714285715,0.7990150259171201,16.0,0.14285714285714285,1.3809339363407602,1.0,0.008928571428571428,,,0.0,0.21270033357628676,0.8512815316707643,62,62,1416.0483870967741,1083.0,1.120908693776898,0.6612903225806451,0.00013119598295591175,3.992816586615731e+23,571017.7620389042,23,2025-06-10 00:00:00+00:00,0,-19.145844907407408
1749600000000,172,1.2710848389922909,261.2986434675699,461450.8562074164,1.2308409443768398,82,0.47674418604651164,1.4443937240297111,68.0,0.3953488372093023,0.9545374339098345,20.0,0.11627906976744186,0.1940564777780417,2.0,0.011627906976744186,,,0.0,0.3063392661562284,0.9245016782206114,82,82,1203.0975609756097,1082.0,1.0352791005534456,0.7560975609756098,0.0001887214773016449,5.5054651331016306e+23,1206948.9706983678,0,2025-06-11 00:00:00+00:00,0,-19.10417824074074
1749603600000,112,0.9239187100620728,195.33302000903714,362398.3983127265,1.0238743204923566,65,0.5803571428571429,0.8029681681788606,30.0,0.26785714285714285,0.5966216789666103,15.0,0.13392857142857142,1.944347232542003,2.0,0.017857142857142856,,,0.0,0.2832839471483188,0.7405903733440377,65,65,1659.8615384615384,1406.0,1.2292668345204893,0.5692307692307692,0.00012267552173338267,8.801150933366644e+23,998808.2923473197,1,2025-06-11 00:00:00+00:00,0,-19.062511574074072
1749607200000,98,0.9151244982707846,146.27337015898624,277245.1798710585,0.9192008927462487,53,0.5408163265306123,0.9000292992388014,40.0,0.40816326530612246,0.9926763090867308,5.0,0.05102040816326531,,,0.0,,,0.0,0.4005987277798035,0.5186021649664452,53,53,1774.3207547169811,1363.0,1.2113514716927933,0.5660377358490566,0.00011651515229742599,7.64291161092603e+23,768134.9112697985,2,2025-06-11 00:00:00+00:00,0,-19.020844907407408
1749610800000,68,0.6076925492746329,79.77982820641338,149468.38123483423,0.5923617790665594,31,0.45588235294117646,0.7477266117927915,26.0,0.38235294117647056,0.3199078448181017,11.0,0.16176470588235295,,,0.0,,,0.0,0.2547252520864712,0.33763652698008817,31,31,1640.3225806451612,1477.0,1.2200786343779546,0.5483870967741935,8.315270438787896e-05,8.85535733375787e+23,442167.4516734684,3,2025-06-11 00:00:00+00:00,0,-18.97917824074074
1749614400000,75,0.9163098674716843,121.32204434335797,216136.16149786237,1.033489273826892,37,0.49333333333333335,1.1214075171302353,22.0,0.29333333333333333,0.36332322199475897,16.0,0.21333333333333335,,,0.0,,,0.0,0.172393899073133,0.861095374753759,37,37,1819.3513513513512,1483.0,1.2456579406752972,0.5675675675675675,9.326956430390698e-05,8.844059519551754e+23,519475.8076780853,4,2025-06-11 00:00:00+00:00,0,-18.937511574074072
1749618000000,61,0.8060604119841798,85.82716285348548,158382.12244835866,1.071982106912934,22,0.36065573770491804,0.8428000315889957,21.0,0.3442622950819672,0.37994575582704826,17.0,0.2786885245901639,1.4282002665216886,1.0,0.01639344262295082,,,0.0,0.193741187850946,0.878240919061988,22,22,2254.181818181818,1843.0,1.3872098183742132,0.3181818181818182,8.96282958820347e-05,8.84833447132736e+23,484364.46792860416,5,2025-06-11 00:00:00+00:00,0,-18.895844907407408
1749621600000,80,0.6234439480553066,92.5328189315438,177938.67369188278,0.5448379296279897,27,0.3375,0.854417137813991,28.0,0.35,0.44964847542708236,25.0,0.3125,,,0.0,,,0.0,0.38429893169154616,0.16053899793644355,27,27,1874.4814814814815,1384.0,1.2152995398267237,0.5555555555555556,8.732549719598264e-05,8.714943249032413e+23,503033.02998597093,6,2025-06-11 00:00:00+00:00,0,-18.85417824074074
1749625200000,73,0.6648454794586856,127.87128901458208,240288.0134624857,0.6504084710482945,31,0.4246575342465753,0.801293195583914,31.0,0.4246575342465753,0.32099712135323444,11.0,0.1506849315068493,,,0.0,,,0.0,0.2048144440107423,0.4455940270375522,31,31,2675.8064516129034,1216.0,1.231235245609107,0.7419354838709677,8.929508952646067e-05,1.2821523959143293e+24,648955.2677754604,7,2025-06-11 00:00:00+00:00,0,-18.812511574074072
1749628800000,88,1.253627132452563,195.85236551119408,361695.18248504645,1.2367335998802818,45,0.5113636363636364,1.368862791795325,37.0,0.42045454545454547,0.40884167784305697,4.0,0.045454545454545456,1.1914428267068056,2.0,0.022727272727272728,,,0.0,0.2333908520768208,1.0033427478034607,45,45,1889.8222222222223,1416.0,1.2912435258625432,0.5777777777777777,0.00011028172778408115,8.794550010105395e+23,833593.089784862,8,2025-06-11 00:00:00+00:00,0,-18.770844907407408
1749632400000,73,0.9427141830508092,100.29363301092883,199815.79539760697,0.9246117828202585,42,0.5753424657534246,1.273637922049713,20.0,0.273972602739726,0.4101529130239961,11.0,0.1506849315068493,,,0.0,,,0.0,0.21049324784723855,0.7141185349730199,42,42,1973.3095238095239,1482.5,1.302350294624565,0.5952380952380952,0.00010358751928705709,6.515526660255973e+23,507778.9788222888,9,2025-06-11 00:00:00+00:00,0,-18.72917824074074
1749636000000,65,0.8403890106199549,74.65475848849653,145611.45105339395,0.9033328128372351,34,0.5230769230769231,0.9836845522982869,19.0,0.2923076923076923,0.43516363001363584,12.0,0.18461538461538463,,,0.0,,,0.0,0.18404215198034304,0.719290660856892,34,34,1742.1764705882354,1280.5,1.201962361877633,0.6764705882352942,7.092265928019178e-05,6.518726190430887e+23,361494.96882927703,10,2025-06-11 00:00:00+00:00,0,-18.687511574074072
1749639600000,74,0.6697360808210032,63.72350029731203,120513.11704240236,0.7219738407318718,37,0.5,0.698370686305909,24.0,0.32432432432432434,0.46819549248716685,13.0,0.17567567567567569,,,0.0,,,0.0,0.2260016800737746,0.4959721606580971,37,37,1587.5945945945946,1473.0,1.1969366341238399,0.5405405405405406,9.318819264272513e-05,6.514727964967584e+23,338814.41142146784,11,2025-06-11 00:00:00+00:00,0,-18.645844907407408
1749643200000,155,1.6099532080044505,440.19424654951763,696428.2066525526,1.4451264593104882,66,0.4258064516129032,2.3996534377071645,54.0,0.34838709677419355,0.6660837641617059,34.0,0.21935483870967742,1.9362673085127113,1.0,0.0064516129032258064,,,0.0,0.30228870804280117,1.142837751267687,66,66,1283.2878787878788,1115.5,1.052000691858663,0.7272727272727273,0.00022618393289996304,7.440126831909074e+23,2425695.065574802,12,2025-06-11 00:00:00+00:00,0,-18.60417824074074
1749646800000,154,1.0640353125385686,342.7249363175802,494083.7156763696,1.1374235052425778,63,0.4090909090909091,1.4980693132708895,53.0,0.34415584415584416,0.3236464642902263,36.0,0.23376623376623376,0.5774054914259351,2.0,0.012987012987012988,,,0.0,0.32754422312664905,0.8098792821159286,63,63,1197.5714285714287,1171.0,1.0327704493395498,0.7619047619047619,0.00016918660883136536,7.212077431980254e+23,1592957.2432715276,13,2025-06-11 00:00:00+00:00,0,-18.562511574074072
1749650400000,182,1.4025696710989848,270.7140953415994,471759.5007464417,1.12535241768844,80,0.43956043956043955,2.090375928871951,73.0,0.4010989010989011,0.32848081683992236,27.0,0.14835164835164835,1.8865309313048684,2.0,0.01098901098901099,,,0.0,0.3007993734705271,0.8245530442179128,80,80,1257.25,1102.0,1.0480708072137008,0.6875,0.0001829772883051133,4.76237402932011e+23,1387927.3780580673,14,2025-06-11 00:00:00+00:00,0,-18.520844907407408
1749654000000,168,1.3894734766212808,213.2459525960461,362458.01103483594,1.162864687904433,88,0.5238095238095238,2.0902574765203417,52.0,0.30952380952380953,0.566321895525128,25.0,0.1488095238095238,2.749338456533028,3.0,0.017857142857142856,,,0.0,0.3286811252158999,0.8341835626885331,88,88,1408.9204545454545,1288.5,1.1269875249002732,0.6363636363636364,0.00017044541445177474,3.831139918600737e+23,1070193.1560039874,15,2025-06-11 00:00:00+00:00,0,-18.47917824074074
1749657600000,112,1.1626970484569534,112.58521097574472,209983.13313261388,1.2515088605974978,61,0.5446428571428571,1.3059308845227664,36.0,0.32142857142857145,0.45776780586078764,15.0,0.13392857142857142,,,0.0,,,0.0,0.18619947983120716,1.0653093807662906,61,61,1662.1803278688524,1409.0,1.2227842893679042,0.5409836065573771,0.00014062837293325422,3.7817772347976246e+23,628727.0191704436,16,2025-06-11 00:00:00+00:00,0,-18.437511574074072
1749661200000,190,1.2678831104762482,226.0715558247816,381986.82038730884,1.2570416283427535,122,0.6421052631578947,1.7313970140095911,41.0,0.21578947368421053,0.5380039450035222,25.0,0.13157894736842105,1.550668066594989,2.0,0.010526315789473684,,,0.0,0.29974414092442925,0.9572974874183242,122,122,1369.1475409836066,1278.5,1.135783485975561,0.7295081967213115,0.00017219465029162426,3.999995335517672e+23,843512.71643971,17,2025-06-11 00:00:00+00:00,0,-18.395844907407408
1749664800000,168,1.3840693764314378,254.40402320059263,450396.0141868902,1.3448666720319902,80,0.47619047619047616,1.6709094677866583,65.0,0.3869047619047619,0.7097915683386758,23.0,0.13690476190476192,,,0.0,,,0.0,0.45113897547543075,0.8937276965565595,80,80,1328.3875,1264.0,1.098988066181929,0.7,0.00016735195738700568,5.091988938382925e+23,1378986.2282206235,18,2025-06-11 00:00:00+00:00,0,-18.35417824074074
1749668400000,128,1.158134590461342,167.42370177037563,287902.7058400783,1.363195107633854,68,0.53125,1.2045277523870013,34.0,0.265625,0.5247863207461845,23.0,0.1796875,0.8399771005431441,3.0,0.0234375,,,0.0,0.2592940591102388,1.1039010485236151,68,68,1626.8088235294117,1445.5,1.193565980072421,0.6470588235294118,0.00013780301887743367,5.078091570852908e+23,688945.3059217415,19,2025-06-11 00:00:00+00:00,0,-18.312511574074072
1749672000000,101,0.8862309881988396,118.5348309406311,220243.6129629659,1.0313113439581754,62,0.6138613861386139,0.8609746751318227,22.0,0.21782178217821782,0.38979903704563673,17.0,0.16831683168316833,,,0.0,,,0.0,0.4752115937679375,0.5560997501902377,62,62,1762.8225806451612,1353.5,1.242279971485006,0.6129032258064516,0.00011125626985185436,6.042145990462493e+23,599990.0309086173,20,2025-06-11 00:00:00+00:00,0,-18.270844907407408
1749675600000,152,1.2528910011231207,277.95029632904885,480561.8000570361,1.2090651475743552,85,0.5592105263157895,1.5340945428148687,41.0,0.26973684210526316,0.8249402393620641,25.0,0.16447368421052633,4.147512387432943,1.0,0.006578947368421052,,,0.0,0.33977110167924957,0.8692940458951055,85,85,1424.105882352941,1209.0,1.1109453626421308,0.7411764705882353,0.00017395043488717738,6.759351961711926e+23,1245720.267737531,21,2025-06-11 00:00:00+00:00,0,-18.22917824074074
1749679200000,165,1.379859399306991,383.3482590703554,664635.9991798371,1.30554234049186,76,0.46060606060606063,1.7470738392376506,63.0,0.38181818181818183,0.6573781139690914,25.0,0.15151515151515152,1.9554782870728804,1.0,0.006060606060606061,,,0.0,0.3245603983224847,0.9809819421693753,76,76,1271.2631578947369,1143.0,1.0676960676528695,0.75,0.00017533678685396117,7.426951519844065e+23,1744711.0390594592,22,2025-06-11 00:00:00+00:00,0,-18.187511574074072
1749682800000,69,1.0541496183119015,123.1410374053939,224146.60140918847,1.1672266460459295,38,0.5507246376811594,1.1627163397600484,19.0,0.2753623188405797,0.281116942280415,11.0,0.15942028985507245,3.197814293250394,1.0,0.014492753623188406,,,0.0,0.28875668171055313,0.8784699643353763,38,38,1499.5263157894738,1186.5,1.1587841395160718,0.6578947368421053,9.128790212929106e-05,8.506820451326506e+23,508934.07424510695,23,2025-06-11 00:00:00+00:00,0,-18.145844907407408
1749686400000,134,0.8692548232557185,218.889275580374,409530.7449250545,0.908978497786855,65,0.48507462686567165,0.9662010307200141,48.0,0.3582089552238806,0.5247092612171438,21.0,0.15671641791044777,,,0.0,,,0.0,0.35523653562599045,0.5537419621608646,65,65,1556.3846153846155,1392.0,1.1983914320686235,0.6153846153846154,0.00014581952023369114,8.668199898174968e+23,1020624.0015932475,0,2025-06-12 00:00:00+00:00,0,-18.10417824074074
1749690000000,123,1.0388896915732668,226.383437108181,407251.70387918275,1.2865914997060244,57,0.4634146341463415,1.029585513920533,38.0,0.3089430894308943,0.3641583468557228,26.0,0.21138211382113822,2.9276750165196974,2.0,0.016260162601626018,,,0.0,0.20649216427352374,1.0800993354325006,57,57,1795.9649122807018,1299.0,1.2280980760241855,0.5964912280701754,0.0001282167470765829,8.626254875989172e+23,967206.3028114694,1,2025-06-12 00:00:00+00:00,0,-18.062511574074072
1749693600000,98,0.5782140373649464,111.93251178816338,211778.07228512276,0.805404714348514,45,0.45918367346938777,0.6214944398680782,26.0,0.2653061224489796,0.15238361019760144,26.0,0.2653061224489796,0.3009342143739423,1.0,0.01020408163265306,,,0.0,0.18552148947915004,0.619883224869364,45,45,1512.9333333333334,1284.0,1.1767348425971804,0.6,9.978852943499477e-05,8.530890147461275e+23,616794.9446309239,2,2025-06-12 00:00:00+00:00,0,-18.020844907407408
1749697200000,99,1.0307699068985936,185.36811260155747,323941.64306148223,0.9156906945724356,47,0.47474747474747475,1.2998798169107284,31.0,0.31313131313131315,0.7064828622844787,20.0,0.20202020202020202,4.58282656813414,1.0,0.010101010101010102,,,0.0,0.4078496770027434,0.5078410175696921,47,47,1720.723404255319,1340.0,1.2087488079680901,0.6808510638297872,0.00013974279217533953,8.199285793078963e+23,776164.7340077069,3,2025-06-12 00:00:00+00:00,0,-17.97917824074074
1749700800000,76,0.9808441829832161,129.54972473936328,222008.80458762276,0.8588304340275698,33,0.4342105263157895,1.250576549211097,35.0,0.4605263157894737,0.30407179517827776,8.0,0.10526315789473684,,,0.0,,,0.0,0.43251343927970753,0.42631699474786217,33,33,1710.4545454545455,1347.0,1.24975831548971,0.6060606060606061,9.448612788560474e-05,8.568675466530599e+23,568205.8157739565,4,2025-06-12 00:00:00+00:00,0,-17.937511574074072
1749704400000,86,0.7927796043939028,120.33670804433287,220817.96477689038,0.9516914432929575,42,0.4883720930232558,0.8840893082372173,27.0,0.313953488372093,0.2685432936649956,16.0,0.18604651162790697,0.04090133852663758,1.0,0.011627906976744186,,,0.0,0.2348022015546737,0.7168892417382838,42,42,1816.642857142857,1157.5,1.18596744557946,0.7619047619047619,8.637021309551153e-05,8.605495679430518e+23,478444.7975335463,5,2025-06-12 00:00:00+00:00,0,-17.895844907407408
1749708000000,52,0.9938941442044171,88.50067477664702,161533.7462155831,1.3200605272500376,20,0.38461538461538464,1.0824592107158297,19.0,0.36538461538461536,0.3247374170951599,10.0,0.19230769230769232,0.48906192635885865,3.0,0.057692307692307696,,,0.0,0.40821616762787716,0.9118443596221603,20,20,2139.05,1385.5,1.2965595305317206,0.6,9.976958308820257e-05,8.614250929630419e+23,528989.5850167451,6,2025-06-12 00:00:00+00:00,0,-17.85417824074074
1749711600000,116,0.9339004382454376,164.86555573895953,299219.00515318755,0.812461679685447,42,0.3620689655172414,1.1922316165427538,44.0,0.3793103448275862,0.7441674475948493,29.0,0.25,0.17001318155019252,1.0,0.008620689655172414,,,0.0,0.3094352156943379,0.5030264639911091,42,42,1490.7380952380952,1081.5,1.1127405689189391,0.7142857142857143,0.00013335447971050572,7.181749449346935e+23,916348.022069268,7,2025-06-12 00:00:00+00:00,0,-17.812511574074072
1749715200000,94,0.7243454989433447,93.514444424713,173789.05931558408,0.7530494718599501,48,0.5106382978723404,0.9114250123824561,27.0,0.2872340425531915,0.3859803640563413,19.0,0.20212765957446807,,,0.0,,,0.0,0.22319475122402313,0.5298547206359269,48,48,1419.4791666666667,1349.5,1.1477583306728214,0.5833333333333334,0.00010612601367435182,7.241503182862904e+23,628427.0960613044,8,2025-06-12 00:00:00+00:00,0,-17.770844907407408
1749718800000,66,0.6764149692287914,82.2146501196399,151387.53184094705,0.6555267872492689,30,0.45454545454545453,0.9468962596821777,23.0,0.3484848484848485,0.2327784182490399,12.0,0.18181818181818182,0.4056293599435977,1.0,0.015151515151515152,,,0.0,0.18631729344395004,0.4692094938053189,30,30,2170.1666666666665,1369.0,1.3215941015777521,0.6333333333333333,9.027308606693535e-05,8.666387159032075e+23,369466.51030760765,9,2025-06-12 00:00:00+00:00,0,-17.72917824074074
1749722400000,108,1.2431865766362546,168.63537220354712,284326.3895415296,1.1152889536795165,54,0.5,1.602972648739031,34.0,0.3148148148148148,1.019786283270292,18.0,0.16666666666666666,0.590661811014641,2.0,0.018518518518518517,,,0.0,0.3256857582151878,0.7896031954643287,54,54,2145.8333333333335,1590.5,1.358401360387414,0.42592592592592593,0.00013451678176288633,6.257428658280453e+23,1235347.6852535207,10,2025-06-12 00:00:00+00:00,0,-17.687511574074072
1749726000000,101,1.0388682279267516,122.63620940716949,233048.39378708886,1.1918709288429241,50,0.49504950495049505,1.0532729142946615,31.0,0.3069306930693069,0.634034211766059,20.0,0.19801980198019803,,,0.0,,,0.0,0.329763466841153,0.862107462001771,50,50,2331.34,1662.0,1.421671005236139,0.44,0.00012091272080274615,5.529182222638511e+23,669344.5895998359,11,2025-06-12 00:00:00+00:00,0,-17.645844907407408
1749729600000,128,1.3140887805873507,220.031107029319,352423.4121637081,1.1731088327900903,62,0.484375,1.741239168787926,46.0,0.359375,0.3462106164032379,16.0,0.125,2.458561163874722,4.0,0.03125,,,0.0,0.39116208968826877,0.7819467431018212,62,62,1518.467741935484,1331.0,1.179922899827316,0.6451612903225806,0.00014152097651672497,5.438051217589372e+23,823699.3358581093,12,2025-06-12 00:00:00+00:00,0,-17.60417824074074
1749733200000,108,1.0025966591734914,169.89330486614605,309772.7307666067,1.2020491597182643,52,0.48148148148148145,1.0374857858474094,34.0,0.3148148148148148,0.4148982818336661,21.0,0.19444444444444445,1.7865022480684267,1.0,0.009259259259259259,,,0.0,0.36344965420225084,0.8385995055160134,52,52,1706.173076923077,1384.0,1.1921663707671275,0.6153846153846154,0.00015142150008961018,7.345880260875754e+23,912027.4076646043,13,2025-06-12 00:00:00+00:00,0,-17.562511574074072
1749736800000,111,0.7900702874494461,153.5504359096731,289184.8671057921,0.8805327686386607,47,0.42342342342342343,0.8837357343840937,34.0,0.3063063063063063,0.43420925037670416,29.0,0.26126126126126126,3.6736785508878533,1.0,0.009009009009009009,,,0.0,0.237137193979692,0.6433955746589687,47,47,1360.7021276595744,1288.0,1.135190347317257,0.6382978723404256,0.00012119417403763899,8.24542366543459e+23,845340.6371733953,14,2025-06-12 00:00:00+00:00,0,-17.520844907407408
1749740400000,120,1.3119554553526156,268.03644846061377,473704.5210104734,1.2314115982121139,57,0.475,1.6436405047980118,43.0,0.35833333333333334,0.8283825918954424,20.0,0.16666666666666666,,,0.0,,,0.0,0.435870026339285,0.7955415718728288,57,57,1508.9649122807018,1330.0,1.1666435368769812,0.6491228070175439,0.0001452040958259685,7.337908769225257e+23,1344886.648365216,15,2025-06-12 00:00:00+00:00,0,-17.47917824074074
1749744000000,120,0.9067570848511664,140.5227663055823,259053.20962918698,0.8397491944424043,59,0.49166666666666664,1.2290997096670604,42.0,0.35,0.3266923306644064,18.0,0.15,1.7629979520622552,1.0,0.008333333333333333,,,0.0,0.2531996371504804,0.5865495572919238,59,59,1432.135593220339,1424.0,1.1539355670869043,0.6440677966101694,0.00012356337986796072,5.5905187724041676e+23,692502.7621587369,16,2025-06-12 00:00:00+00:00,0,-17.437511574074072
1749747600000,88,0.9828675349444954,167.60309005788793,304293.83602308645,1.0044659893083174,49,0.5568181818181818,1.1612897676465124,29.0,0.32954545454545453,0.3596106337259196,10.0,0.11363636363636363,,,0.0,,,0.0,0.32129274832752014,0.6831732409807971,49,49,1379.8163265306123,1157.0,1.1112617740585138,0.7755102040816326,0.00010301796160782012,8.878455003294116e+23,702250.4463314593,17,2025-06-12 00:00:00+00:00,0,-17.395844907407408
1749751200000,136,1.1585665239537997,210.27937316826353,368930.14134302636,1.2303862137886767,76,0.5588235294117647,1.1521402188303738,39.0,0.2867647058823529,0.38729418616867256,19.0,0.13970588235294118,5.881818469093973,2.0,0.014705882352941176,,,0.0,0.4564654647281487,0.7739207490605281,76,76,1298.4868421052631,1204.0,1.08423078833602,0.6842105263157895,0.0001403335553259881,6.468660687054432e+23,969068.2382429399,18,2025-06-12 00:00:00+00:00,0,-17.35417824074074
1749754800000,152,1.223389172154681,202.14081347702637,368622.07339888095,1.2741952127754412,88,0.5789473684210527,1.4650310392474284,44.0,0.2894736842105263,0.46823048581929194,20.0,0.13157894736842105,,,0.0,,,0.0,0.23113357828011452,1.0430616344953267,88,88,1645.6704545454545,1235.5,1.1781290171718914,0.6590909090909091,0.00016800076798234833,5.155129279827674e+23,888221.2902505039,19,2025-06-12 00:00:00+00:00,0,-17.312511574074072
1749758400000,200,1.8587995693455581,406.13519214583016,692782.4059268588,1.616144513176487,97,0.485,2.5865152071045094,68.0,0.34,1.011757464511392,33.0,0.165,2.8614328395049116,2.0,0.01,,,0.0,0.31480786136272887,1.3013366518137583,97,97,1202.8453608247423,951.0,1.0242359369257363,0.7731958762886598,0.00023509839113569297,4.6794394081829166e+23,2474452.3719712137,20,2025-06-12 00:00:00+00:00,0,-17.270844907407408
1749762000000,142,1.68238306123421,302.97839366522317,494827.3320512307,1.751374512674669,66,0.4647887323943662,1.9591770287311479,46.0,0.323943661971831,1.09340498500898,29.0,0.20422535211267606,1.4767889718364557,1.0,0.007042253521126761,,,0.0,0.3149098741330409,1.436464638541628,66,66,1418.439393939394,1200.5,1.0976403057328235,0.7272727272727273,0.0001724080550886263,5.490460233458151e+23,1728773.2108694287,21,2025-06-12 00:00:00+00:00,0,-17.22917824074074
1749765600000,118,0.974217408282726,123.22801172705616,218590.85705272984,1.038787732978695,59,0.5,1.1601998281761658,38.0,0.3220338983050847,0.46425897601388033,20.0,0.1694915254237288,0.2964049406467594,1.0,0.00847457627118644,,,0.0,0.41734642438154385,0.6214413085971511,59,59,1520.949152542373,1274.0,1.1673517279035566,0.711864406779661,0.00014513914693114305,5.456099313642746e+23,724456.7800841215,22,2025-06-12 00:00:00+00:00,0,-17.187511574074072
1749769200000,104,0.9747275307550639,139.43530816338935,254781.79225517955,1.4486429889570756,47,0.4519230769230769,0.770980189372434,24.0,0.23076923076923078,0.3970866671852745,32.0,0.3076923076923077,2.0751448226769043,1.0,0.009615384615384616,,,0.0,0.26907187410259503,1.1795711148544803,47,47,1400.8936170212767,1275.0,1.1376418982002559,0.6382978723404256,0.00012423212729901071,7.148414293121874e+23,596632.2712134401,23,2025-06-12 00:00:00+00:00,0,-17.145844907407408
1749772800000,348,3.020934686172882,1080.1458407084538,1487724.9141937965,2.1015148201395775,163,0.46839080459770116,4.555883031891098,132.0,0.3793103448275862,1.3842923567873089,46.0,0.13218390804597702,6.240620926224386,7.0,0.020114942528735632,,,0.0,0.456528029102353,1.6449867910372244,163,163,1034.9447852760736,1058.0,0.9425259946785366,0.803680981595092,0.0003882132878979193,3.738573089174963e+23,5279578.559161099,0,2025-06-13 00:00:00+00:00,0,-17.10417824074074
1749776400000,315,2.1529234345336907,534.8869424681573,863504.631739162,1.5715828909528375,148,0.46984126984126984,3.5337222042815797,106.0,0.33650793650793653,1.107740893294517,55.0,0.1746031746031746,1.6793852053411336,6.0,0.01904761904761905,,,0.0,0.6748905370207866,0.8966923539320512,148,148,990.1081081081081,906.5,0.9248739065922436,0.8108108108108109,0.0003233222827201066,3.1695413054073784e+23,2721750.6009309962,1,2025-06-13 00:00:00+00:00,0,-17.062511574074072
1749780000000,205,1.8479614058218896,287.1141145678684,450821.69960675266,1.3913045634824626,98,0.47804878048780486,2.828209410750585,66.0,0.32195121951219513,0.8045070571512258,37.0,0.18048780487804877,6.513914687018012,4.0,0.01951219512195122,,,0.0,0.43110008452073206,0.9602044789617304,98,98,1477.6632653061224,1280.5,1.1443773805859079,0.6632653061224489,0.00025459066085466815,3.305075806248628e+23,1647969.889133515,2,2025-06-13 00:00:00+00:00,0,-17.020844907407408
1749783600000,152,1.4794085316780503,215.3102939942802,363883.99478947284,1.7171426482861853,84,0.5526315789473685,1.6149719751674507,37.0,0.24342105263157895,0.6203087121522902,29.0,0.19078947368421054,1.4435993127059943,2.0,0.013157894736842105,,,0.0,0.6259692121436918,1.0911734361424934,84,84,1288.0,1216.5,1.090261445758155,0.7738095238095238,0.0001942590872422903,4.4123586802235484e+23,1094402.4138276565,3,2025-06-13 00:00:00+00:00,0,-16.97917824074074
1749787200000,103,1.2908412583649367,123.4980270630523,218595.2474338741,1.3209666386814911,50,0.4854368932038835,1.4707828031879133,36.0,0.34951456310679613,0.5428220660889519,12.0,0.11650485436893204,1.4892543939363279,5.0,0.04854368932038835,,,0.0,0.26001828905087165,1.0609483496306193,50,50,1954.4,1372.0,1.3184741187917965,0.56,0.00011067655179275691,4.2022968087197026e+23,483143.0717742695,4,2025-06-13 00:00:00+00:00,0,-16.937511574074072
1749790800000,74,0.7091279983641481,59.846845430846216,113009.20724847728,0.8272182252966881,22,0.2972972972972973,0.9818653112969263,30.0,0.40540540540540543,0.21912325379600153,22.0,0.2972972972972973,,,0.0,,,0.0,0.19208427680348994,0.6351339484931979,22,22,1437.7272727272727,1232.5,1.14677505356714,0.6818181818181818,0.00012757945352867263,5.84658429301947e+23,461812.46468108846,5,2025-06-13 00:00:00+00:00,0,-16.895844907407408
1749794400000,113,1.3344942165499487,163.52850207890273,291936.32715010305,1.5661624465022337,53,0.4690265486725664,1.803020274371574,32.0,0.2831858407079646,0.23456117086604109,27.0,0.23893805309734514,3.7614364122523547,1.0,0.008849557522123894,,,0.0,0.28908463988943534,1.2770778066127983,53,53,1590.1132075471698,1384.0,1.1847565741716344,0.5849056603773585,0.00016515719964880365,5.219904462685885e+23,821451.7973989631,6,2025-06-13 00:00:00+00:00,0,-16.85417824074074
1749798000000,135,1.2975064391485653,219.41112057404268,373785.0847808532,1.572082122198568,65,0.48148148148148145,1.306296751064434,45.0,0.3333333333333333,0.5197548390019853,24.0,0.17777777777777778,1.720561408202208,1.0,0.007407407407407408,,,0.0,0.3879825827613567,1.1840995394372111,65,65,1326.876923076923,1220.0,1.1112645755196138,0.6923076923076923,0.00016149947200038862,5.8605976519730826e+23,879861.7414976412,7,2025-06-13 00:00:00+00:00,0,-16.812511574074072
1749801600000,81,1.2309581781151684,126.13395158842715,220100.0558533824,1.2090558452408522,43,0.5308641975308642,1.430584452634817,30.0,0.37037037037037035,0.5830682627444616,7.0,0.08641975308641975,0.7191996637162567,1.0,0.012345679012345678,,,0.0,0.2986618558155427,0.9103939894253095,43,43,1334.3255813953488,1284.0,1.0952115454314042,0.5581395348837209,0.00014272016430716636,6.283551163922615e+23,741390.3019022199,8,2025-06-13 00:00:00+00:00,0,-16.770844907407408
1749805200000,103,1.2174424125328231,178.20790718135123,322110.5574829875,1.3973493737520704,50,0.4854368932038835,1.3280602767133052,38.0,0.36893203883495146,0.3375206192114443,15.0,0.14563106796116504,,,0.0,,,0.0,0.3645068215675273,1.032842552184543,50,50,1653.94,1224.5,1.2203570321717958,0.68,0.00010985216247202895,6.743608973628065e+23,819635.9304070423,9,2025-06-13 00:00:00+00:00,0,-16.72917824074074
1749808800000,87,1.087551900272249,132.63802848213672,231326.90634208723,1.5238354463863122,41,0.47126436781609193,1.0457242152614712,26.0,0.2988505747126437,0.24754662125243013,20.0,0.22988505747126436,,,0.0,,,0.0,0.3527409221012728,1.1710945242850395,41,41,1725.3170731707316,1289.0,1.226120920826003,0.6341463414634146,0.0001291023193065975,6.795145334382623e+23,700376.1032383051,10,2025-06-13 00:00:00+00:00,0,-16.687511574074072
1749812400000,104,1.0726921781027625,156.54327621511231,254078.61212591623,0.8548435639594376,37,0.3557692307692308,1.9339726366587664,33.0,0.3173076923076923,0.38347756202694355,33.0,0.3173076923076923,3.4549180995596718,1.0,0.009615384615384616,,,0.0,0.4880343691728623,0.36680919478657525,37,37,1142.4594594594594,981.0,1.0252508407009693,0.7297297297297297,0.0001368004720161906,6.587088523803518e+23,689188.3187585179,11,2025-06-13 00:00:00+00:00,0,-16.645844907407408
1749816000000,128,1.18870732201811,194.35603066645703,327851.2122542164,1.28324547808784,44,0.34375,1.659833471154806,47.0,0.3671875,0.4778260280588444,37.0,0.2890625,,,0.0,,,0.0,0.3860670973739971,0.8971783807138428,44,44,1267.2045454545455,1230.5,1.0903376109439498,0.7272727272727273,0.0001596264225297772,6.214298938283579e+23,975919.0265063869,12,2025-06-13 00:00:00+00:00,0,-16.60417824074074
1749819600000,135,1.0406704169744827,193.98594991834176,353478.9012065482,0.9371835015716425,62,0.45925925925925926,1.5711955936231028,43.0,0.31851851851851853,0.3468587468076676,29.0,0.21481481481481482,4.764815010897543,1.0,0.007407407407407408,,,0.0,0.1965258238259502,0.7406576777456922,62,62,1205.6935483870968,1160.0,1.047430331791029,0.7580645161290323,0.00014737962715934215,7.047972969779733e+23,1084038.1372425994,13,2025-06-13 00:00:00+00:00,0,-16.562511574074072
1749823200000,185,1.3464457457535017,362.2092974140806,618023.824104651,1.3030195457760922,99,0.5351351351351351,1.819273422266526,56.0,0.3027027027027027,0.5732675259458743,27.0,0.14594594594594595,0.9119976950335514,3.0,0.016216216216216217,,,0.0,0.30210019206050975,1.0009193537155823,99,99,1334.2424242424242,1185.0,1.0919743475381074,0.696969696969697,0.00017386587476687294,6.508422499637107e+23,1703395.3754072336,14,2025-06-13 00:00:00+00:00,0,-16.520844907407408
1749826800000,148,1.260581282516562,252.62659588803413,450802.70493078575,1.32364171771534,73,0.49324324324324326,1.439948722110252,48.0,0.32432432432432434,0.6407241596595954,24.0,0.16216216216216217,1.8150886420363193,3.0,0.02027027027027027,,,0.0,0.22332433728454748,1.1003173804307924,73,73,1207.013698630137,1176.0,1.0595649553981223,0.7534246575342466,0.00015168955292384616,6.59088714046981e+23,1193439.0849585428,15,2025-06-13 00:00:00+00:00,0,-16.47917824074074
1749830400000,138,1.1998908912959694,249.7584915914452,442258.0718782777,0.9582886547278058,65,0.47101449275362317,1.969749470198695,45.0,0.32608695652173914,0.4089862351168151,26.0,0.18840579710144928,2.011906084778974,2.0,0.014492753623188406,,,0.0,0.30007545306027533,0.6582132016675304,65,65,1316.9846153846154,1153.0,1.10430110730616,0.6615384615384615,0.00014869574173014788,6.684046239375857e+23,1179518.9417397098,16,2025-06-13 00:00:00+00:00,0,-16.437511574074072
1749834000000,141,1.010598139920128,214.05783362481634,373799.92631962785,1.1221184086047797,74,0.524822695035461,1.057034179052207,41.0,0.2907801418439716,0.6199682365709175,26.0,0.18439716312056736,,,0.0,,,0.0,0.32842808117124594,0.7936903274335338,74,74,1164.5675675675675,1127.0,1.0375491416579885,0.7567567567567568,0.00016535933739217205,7.030978527631546e+23,1219861.0634914078,17,2025-06-13 00:00:00+00:00,0,-16.395844907407408
1749837600000,169,1.2907900599359203,359.0900044967054,620324.3285469802,1.5164373790087289,85,0.5029585798816568,1.2743435393375153,58.0,0.3431952662721893,0.3904053304602387,24.0,0.14201183431952663,2.9823448504035,2.0,0.011834319526627219,,,0.0,0.2689111746211641,1.2475262043875643,85,85,1217.5529411764705,1156.0,1.060908060365429,0.7764705882352941,0.00017143936784173112,7.099596776696656e+23,1500418.8966931652,18,2025-06-13 00:00:00+00:00,0,-16.35417824074074
1749841200000,134,1.0054591438934823,217.08963818682113,384185.2859930817,0.8643804550825729,69,0.5149253731343284,1.533310559138028,40.0,0.29850746268656714,0.5502740606203192,25.0,0.1865671641791045,,,0.0,,,0.0,0.29710008432308443,0.5672803707594885,69,69,1125.5072463768115,1125.0,1.0095196748045028,0.7681159420289855,0.00015273537829023836,8.119323132071897e+23,1036614.1476584522,19,2025-06-13 00:00:00+00:00,0,-16.312511574074072
1749844800000,127,0.9170414025468754,202.80028962357204,368211.3999848825,0.9588510764931474,55,0.4330708661417323,1.1137725943440968,39.0,0.30708661417322836,0.6148581132397057,33.0,0.25984251968503935,,,0.0,,,0.0,0.18397539687837577,0.7748756796147717,55,55,1279.2181818181818,1128.0,1.0577514690971856,0.7636363636363637,0.00013301023994204058,8.46764006826334e+23,946660.3070256013,20,2025-06-13 00:00:00+00:00,0,-16.270844907407408
1749848400000,99,0.7890948979988702,112.71040018210934,208187.538816121,0.9305890412643779,50,0.5050505050505051,0.8085929147738152,31.0,0.31313131313131315,0.3624756933711652,18.0,0.18181818181818182,,,0.0,,,0.0,0.2588569677521456,0.6717320735122323,50,50,1890.56,1311.5,1.240946868220392,0.62,0.00010799348530083788,7.05625818755425e+23,493742.6888599291,21,2025-06-13 00:00:00+00:00,0,-16.22917824074074
1749852000000,73,1.1210584321456338,133.25992815023056,229559.82798344584,0.9517948128494924,40,0.547945205479452,1.39764040333456,22.0,0.3013698630136986,1.2870006059742023,10.0,0.136986301369863,0.14737809954923786,1.0,0.0136986301369863,,,0.0,0.355515226516283,0.5962795863332093,40,40,1716.575,1084.0,1.1814724091688573,0.675,0.00012293552023597744,7.140924941015235e+23,473544.22378155246,22,2025-06-13 00:00:00+00:00,0,-16.187511574074072
1749855600000,78,0.8455031901355053,95.20970402468494,175320.41824550985,0.8778456697942302,38,0.48717948717948717,0.9668332572899635,27.0,0.34615384615384615,0.3341303404385031,10.0,0.1282051282051282,1.04843734239154,3.0,0.038461538461538464,,,0.0,0.22567844425967834,0.6521672255345519,38,38,1703.8157894736842,1256.0,1.2109475447641784,0.7631578947368421,8.966682935269133e-05,7.12162945602554e+23,407994.86568016984,23,2025-06-13 00:00:00+00:00,0,-16.145844907407408
1749859200000,99,0.8392337203849282,139.58879761772994,236396.57274874332,0.7735720808915141,54,0.5454545454545454,1.1794704423679565,31.0,0.31313131313131315,0.3391187311828204,14.0,0.1414141414141414,,,0.0,,,0.0,0.30474997629272305,0.468822104598791,54,54,1380.851851851852,1086.0,1.0680868782256285,0.7407407407407407,0.00013880928734197383,7.402956189013289e+23,681091.0210547479,0,2025-06-14 00:00:00+00:00,0,-16.10417824074074
1749862800000,67,0.9836573701770841,82.50735953273636,149359.7004248831,1.0646038436485514,34,0.5074626865671642,1.0993708282044514,24.0,0.3582089552238806,0.3692903601007843,9.0,0.13432835820895522,,,0.0,,,0.0,0.2261126587106334,0.838491184937918,34,34,1596.3529411764705,1458.0,1.2169986537061543,0.5882352941176471,9.446419373839959e-05,6.519987972313227e+23,333940.43605805305,1,2025-06-14 00:00:00+00:00,0,-16.062511574074072
1749866400000,45,0.7627226931125589,46.493808912074506,85321.97358996638,0.8162921561334301,22,0.4888888888888889,0.9841848460461625,15.0,0.3333333333333333,0.22365040773107928,7.0,0.15555555555555556,0.03576821031970202,1.0,0.022222222222222223,,,0.0,0.2977219038951129,0.5185702522383171,22,22,1958.7272727272727,1160.0,1.2474595097440775,0.6818181818181818,5.574822300214225e-05,6.657185586531671e+23,283147.8662101763,2,2025-06-14 00:00:00+00:00,0,-16.020844907407408
1749870000000,44,0.6427676423921223,38.59788440330037,74330.28455347235,0.6264059920128696,21,0.4772727272727273,0.7535362424223634,15.0,0.3409090909090909,0.4780258495809585,8.0,0.18181818181818182,,,0.0,,,0.0,0.2162396052089577,0.4101663868039118,21,21,2167.5714285714284,1376.0,1.3359920674527381,0.6190476190476191,6.314998620686853e-05,6.440930896369333e+23,179299.30425834958,3,2025-06-14 00:00:00+00:00,0,-15.97917824074074
1749873600000,42,0.5385487942074962,35.54350690762453,66566.65571988626,0.6521237085974239,23,0.5476190476190477,0.5492702100196077,12.0,0.2857142857142857,0.14699450553411444,7.0,0.16666666666666666,,,0.0,,,0.0,0.2571109240206059,0.39501278457681793,23,23,2461.8695652173915,1226.0,1.3598528897171092,0.5652173913043478,6.357298196817453e-05,7.702226950584999e+23,136782.19483248747,4,2025-06-14 00:00:00+00:00,0,-15.937511574074074
1749877200000,28,0.7927293540591911,34.13207318377598,63794.64204140951,1.0485098117679659,14,0.5,0.7080998932198164,9.0,0.32142857142857145,0.22887710198549618,5.0,0.17857142857142858,,,0.0,,,0.0,0.4074268243134041,0.6410829874545617,14,14,1335.5714285714287,1447.5,1.1250372654655598,0.5,5.2461961714511695e-05,8.000059848702979e+23,127688.31786504491,5,2025-06-14 00:00:00+00:00,0,-15.895844907407408
1749880800000,27,1.063998096077083,40.45421231465229,71297.97455055725,1.3110389810586143,12,0.4444444444444444,1.241664442304562,10.0,0.37037037037037035,0.11576727966644984,5.0,0.18518518518518517,,,0.0,,,0.0,0.5153091156534549,0.7957298654051592,12,12,3676.5833333333335,1642.5,1.617978017199773,0.4166666666666667,8.25034422962174e-05,7.682150403132334e+23,214356.07738587866,6,2025-06-14 00:00:00+00:00,0,-15.85417824074074
1749884400000,44,0.7347095481136396,45.31988060255019,85115.34124989358,0.7925464265138972,28,0.6363636363636364,0.6006819761084125,10.0,0.22727272727272727,0.49067785486601057,5.0,0.11363636363636363,1.6757111391968493,1.0,0.022727272727272728,,,0.0,0.24358906917650658,0.5489573573373906,28,28,2210.0,1890.5,1.3872232638350812,0.35714285714285715,8.241309891998292e-05,6.949694997351661e+23,271651.52252594184,7,2025-06-14 00:00:00+00:00,0,-15.812511574074074
1749888000000,52,0.5247660251583255,37.872913505801506,70190.4584941073,0.679870282149918,16,0.3076923076923077,0.7000248440151057,20.0,0.38461538461538464,0.15058824459575781,16.0,0.3076923076923077,,,0.0,,,0.0,0.29931566144906097,0.380554620700857,16,16,1338.8125,1134.0,1.0511358686693746,0.75,6.709016416148417e-05,7.139075597911848e+23,300688.8777268549,8,2025-06-14 00:00:00+00:00,0,-15.770844907407408
1749891600000,31,1.258550320619315,56.001385979589436,100252.18075376871,1.2171967263944248,15,0.4838709677419355,1.4190478907067654,14.0,0.45161290322580644,0.44521928669383637,2.0,0.06451612903225806,,,0.0,,,0.0,0.3126032521320827,0.9045934742623422,15,15,2311.733333333333,1824.0,1.4283294896522918,0.4666666666666667,7.373708397532171e-05,7.126311068406532e+23,215524.10472741796,9,2025-06-14 00:00:00+00:00,0,-15.72917824074074
1749895200000,62,0.6196621716354497,55.79549823861883,104135.85670694592,0.7292457668661755,30,0.4838709677419355,0.9272180982849176,13.0,0.20967741935483872,0.23620243987940448,19.0,0.3064516129032258,,,0.0,,,0.0,0.2850520253869085,0.444193741479267,30,30,1826.6666666666667,1450.0,1.2735536050429843,0.5333333333333333,8.041526273219029e-05,7.166394919133563e+23,262896.55045134056,10,2025-06-14 00:00:00+00:00,0,-15.687511574074074
1749898800000,42,0.42339692598354467,24.133508336808863,46710.74129549729,0.6642406958796865,18,0.42857142857142855,0.29150880047750266,11.0,0.2619047619047619,0.20151858155553765,13.0,0.30952380952380953,,,0.0,,,0.0,0.18437249433253042,0.4798682015471561,18,18,2816.222222222222,1289.5,1.4261551707874005,0.6666666666666666,5.865953683230947e-05,7.453316764759925e+23,231753.2428548069,11,2025-06-14 00:00:00+00:00,0,-15.645844907407408
1749902400000,60,0.6634567773152603,60.93902928446906,117827.03082297267,0.8863747833523153,21,0.35,0.600508421731944,26.0,0.43333333333333335,0.4292551710374195,13.0,0.21666666666666667,,,0.0,,,0.0,0.8251868995957901,0.061187883756525216,21,21,2347.4285714285716,1312.0,1.3542372629897426,0.6190476190476191,8.190880179694029e-05,7.405970078517071e+23,311208.4245193922,12,2025-06-14 00:00:00+00:00,0,-15.60417824074074
1749906000000,61,0.821656511410688,82.27566861372323,149827.8381927925,0.8726815318544825,34,0.5573770491803278,0.8199055467259154,19.0,0.3114754098360656,0.47057614660086317,7.0,0.11475409836065574,1.5776366990011326,1.0,0.01639344262295082,,,0.0,0.15849263766341687,0.7141888941910656,34,34,3069.1176470588234,1455.5,1.4656634559224597,0.5294117647058824,0.00010370141177648707,8.37359577566049e+23,396073.21775391564,13,2025-06-14 00:00:00+00:00,0,-15.562511574074074
1749909600000,40,0.9202386377360249,55.29279062434509,100214.26367135286,1.2043875774123736,20,0.5,0.818726872275103,13.0,0.325,0.296906374516741,7.0,0.175,,,0.0,,,0.0,0.3104050961705894,0.8939824812417839,20,20,4354.25,2675.0,1.9112731686314894,0.25,6.781172660172092e-05,7.602624221159701e+23,200219.57308461342,14,2025-06-14 00:00:00+00:00,0,-15.520844907407408
1749913200000,58,1.5465455567262834,158.25737837417458,242749.1640189494,1.6074734051245938,24,0.41379310344827586,1.9076564268020224,25.0,0.43103448275862066,0.3809855441204016,9.0,0.15517241379310345,,,0.0,,,0.0,0.27049649002422893,1.336976915100365,24,24,2369.125,1682.5,1.41286180246168,0.4166666666666667,9.982043831062917e-05,7.322376900013284e+23,556531.038759785,15,2025-06-14 00:00:00+00:00,0,-15.47917824074074
1749916800000,116,1.3343081913626835,244.35675905539904,365184.0874563626,1.2461133250966412,57,0.49137931034482757,1.8229417113473438,41.0,0.35344827586206895,0.467809788628094,17.0,0.14655172413793102,1.0579140956440458,1.0,0.008620689655172414,,,0.0,0.34067324501624063,0.9054400800804004,57,57,1553.1052631578948,1291.0,1.2021541418753174,0.6666666666666666,0.0001344901867384341,7.129839567866365e+23,824781.3849372353,16,2025-06-14 00:00:00+00:00,0,-15.437511574074074
1749920400000,89,0.8587471886417414,98.12105317376366,180470.05605207992,0.936718960196879,44,0.4943820224719101,0.8593578650991971,31.0,0.34831460674157305,0.33288829981458906,13.0,0.14606741573033707,4.245223824787541,1.0,0.011235955056179775,,,0.0,0.2966695088371958,0.6400494513596832,44,44,1659.7045454545455,1181.0,1.2145540184317662,0.6590909090909091,0.00011842690800137283,6.951127547770433e+23,513223.9894473543,17,2025-06-14 00:00:00+00:00,0,-15.395844907407408
1749924000000,102,1.1786860280558284,144.65906881789826,262758.6111619215,1.3033068486949118,50,0.49019607843137253,1.2241315997189584,39.0,0.38235294117647056,0.5630384644545804,13.0,0.12745098039215685,,,0.0,,,0.0,0.2675998290844904,1.0357070196104212,50,50,1930.68,1220.5,1.2455751143606104,0.62,0.000120321341432704,6.486051033645094e+23,591151.1159253569,18,2025-06-14 00:00:00+00:00,0,-15.35417824074074
1749927600000,85,0.8558830906040891,141.8569820055857,265785.3389368452,0.9084627381005284,40,0.47058823529411764,0.9983791184080172,29.0,0.3411764705882353,0.46615992146837193,16.0,0.18823529411764706,,,0.0,,,0.0,0.2749420971095472,0.633520640990981,40,40,1394.1,1114.0,1.0913184057676322,0.75,0.00010683950572775706,9.214126916167108e+23,608147.7827472124,19,2025-06-14 00:00:00+00:00,0,-15.312511574074074
1749931200000,127,0.9235965841594718,142.52421607982362,262799.888341049,0.9349215033614487,85,0.6692913385826772,1.0533898616877226,30.0,0.23622047244094488,0.35893708720516015,11.0,0.08661417322834646,2.278434592641325,1.0,0.007874015748031496,,,0.0,0.19653311042626598,0.7383883929351828,85,85,1467.7411764705882,1283.0,1.1446317361365084,0.7176470588235294,0.00013108039327749057,6.193113897403036e+23,533639.0041344306,20,2025-06-14 00:00:00+00:00,0,-15.270844907407408
1749934800000,90,0.9550393001854335,153.68806839337407,273350.31569318636,0.8696257351183228,46,0.5111111111111111,1.1724860826752563,35.0,0.3888888888888889,0.545971145290244,9.0,0.1,,,0.0,,,0.0,0.3308907442899061,0.5387349908284166,46,46,1552.2826086956522,1184.0,1.173424182411617,0.6956521739130435,0.00012594519705779388,8.575715253033037e+23,773052.4995952254,21,2025-06-14 00:00:00+00:00,0,-15.22917824074074
1749938400000,65,0.8415568379726569,87.52303348612728,161200.0178817421,0.8305321053139719,39,0.6,0.9593421416592257,23.0,0.35384615384615387,0.08185770093853377,3.0,0.046153846153846156,,,0.0,,,0.0,0.22579510554677099,0.604736999767201,39,39,1145.2894736842106,984.0,1.0273648539670344,0.8157894736842105,8.136198677169896e-05,8.508004522847788e+23,420613.98562074616,22,2025-06-14 00:00:00+00:00,0,-15.187511574074074
1749942000000,48,0.9318895242721954,80.97142651094663,142257.78451061115,1.205328959926737,25,0.5208333333333334,0.8472635415354189,15.0,0.3125,0.23606500548320908,8.0,0.16666666666666666,,,0.0,,,0.0,0.29878812340300864,0.9065408365237282,25,25,2318.56,1237.0,1.3061967950724003,0.64,7.705977353684091e-05,9.682267326263927e+23,301812.2907124873,23,2025-06-14 00:00:00+00:00,0,-15.145844907407408
1749945600000,48,0.8351233056808116,77.78711486647337,132762.2002495138,1.0616386709065142,24,0.5,0.6581637813787398,17.0,0.3541666666666667,0.5496208465808753,6.0,0.125,0.1200812079987833,1.0,0.020833333333333332,,,0.0,0.22411694854396635,0.8375217223625478,24,24,2635.6666666666665,1310.5,1.3733821249414513,0.625,8.183565417928139e-05,9.312966327246797e+23,310143.4415862738,0,2025-06-15 00:00:00+00:00,0,-15.10417824074074
1749949200000,49,0.9208830176570054,82.5907065519079,150955.3824436526,1.3627558437431444,28,0.5714285714285714,0.5399108820855215,9.0,0.1836734693877551,0.17557552513462718,12.0,0.24489795918367346,,,0.0,,,0.0,0.25740908614660424,1.1053467575965403,28,28,3084.25,1589.5,1.5726344070261349,0.39285714285714285,7.287389562618947e-05,9.756519042439707e+23,293159.871791747,1,2025-06-15 00:00:00+00:00,0,-15.062511574074074
1749952800000,22,1.1392335912435252,46.9263075229236,84573.64889261476,1.2146469817220273,12,0.5454545454545454,1.16490003823553,9.0,0.4090909090909091,0.0032748825734606538,1.0,0.045454545454545456,,,0.0,,,0.0,0.5562319238611212,0.658415057860906,12,12,3969.3333333333335,1423.5,1.5934948916150642,0.5833333333333334,5.902363276084392e-05,9.911801942341199e+23,160287.099868191,2,2025-06-15 00:00:00+00:00,0,-15.020844907407408
1749956400000,22,0.29423372631262784,13.410767597960724,26080.729884637483,0.4019211240199001,12,0.5454545454545454,0.427355284800909,3.0,0.13636363636363635,0.052574662319469154,7.0,0.3181818181818182,,,0.0,,,0.0,0.0728855015795085,0.3290356224403916,12,12,2387.9166666666665,1434.0,1.339095139817955,0.5833333333333334,5.079105683956072e-05,9.639211683586721e+23,116329.35829199557,3,2025-06-15 00:00:00+00:00,0,-14.97917824074074
1749960000000,34,0.9571174436108133,52.83067914957679,93992.89797985976,1.2640204552081935,14,0.4117647058823529,1.0325781378718173,12.0,0.35294117647058826,0.3068461319238923,8.0,0.23529411764705882,,,0.0,,,0.0,0.3108171556320859,0.9532032995761076,14,14,2735.0714285714284,1334.0,1.481655975135147,0.5714285714285714,6.40697530228113e-05,8.529716440671054e+23,257636.6343718939,4,2025-06-15 00:00:00+00:00,0,-14.937511574074074
1749963600000,43,0.946457791941442,57.75192691607782,103344.76230552471,1.168397541794943,19,0.4418604651162791,0.886285807874945,19.0,0.4418604651162791,0.1679945747956645,4.0,0.09302325581395349,0.9867231105714679,1.0,0.023255813953488372,,,0.0,0.29289745345811413,0.875500088336829,19,19,2999.684210526316,2031.0,1.5926379744115726,0.42105263157894735,6.959471371271249e-05,7.426914724250098e+23,236371.48854745316,5,2025-06-15 00:00:00+00:00,0,-14.895844907407408
1749967200000,47,0.7423953187783493,62.6170661825599,116048.12109655303,0.8146193053085771,20,0.425531914893617,0.5620371334127247,22.0,0.46808510638297873,1.2470753882661878,5.0,0.10638297872340426,,,0.0,,,0.0,0.17705784207495012,0.6375614632336268,20,20,2078.0,1118.0,1.2592314263030921,0.85,8.332474429820704e-05,8.246043201884368e+23,271392.17515143345,6,2025-06-15 00:00:00+00:00,0,-14.85417824074074
1749970800000,50,0.543064895704397,53.98502836670139,103215.31631517773,0.7422967200248642,25,0.5,0.5050811592048202,12.0,0.24,0.1949886826261849,13.0,0.26,,,0.0,,,0.0,0.30081224515983596,0.4414844748650282,25,25,1628.8,1284.0,1.1681118544542972,0.6,6.36001009180665e-05,9.666735602113623e+23,288184.8029779059,7,2025-06-15 00:00:00+00:00,0,-14.812511574074074
1749974400000,40,0.8104889241691327,52.80425106161582,94805.3274473548,0.7284230991848006,19,0.475,1.2311838088526292,13.0,0.325,0.32176607089623877,8.0,0.2,,,0.0,,,0.0,0.15031756068099056,0.5781055385038101,19,19,2007.1052631578948,1260.0,1.288161799283308,0.5789473684210527,5.7879039767371294e-05,8.964492198717704e+23,226901.668112617,8,2025-06-15 00:00:00+00:00,0,-14.770844907407408
1749978000000,41,1.1331482228948613,64.12409715696755,115723.50959495227,1.156699882871967,24,0.5853658536585366,1.1459993658736778,15.0,0.36585365853658536,0.7541447308284699,2.0,0.04878048780487805,,,0.0,,,0.0,0.2577914200920005,0.8989084627799663,24,24,2166.5,1924.5,1.4120943262292815,0.2916666666666667,8.687323596535458e-05,6.727322406117657e+23,250947.33961997236,9,2025-06-15 00:00:00+00:00,0,-14.72917824074074
1749981600000,58,0.7331048316304143,58.371555191769495,111525.1401283093,0.9879832275049241,23,0.39655172413793105,0.6548566994997116,22.0,0.3793103448275862,0.3655739273745598,12.0,0.20689655172413793,1.002731484462398,1.0,0.017241379310344827,,,0.0,0.6486226366903035,0.33936059081462056,23,23,2516.3478260869565,1434.0,1.496874923984968,0.5217391304347826,7.030617922830197e-05,6.960640417540981e+23,317345.3648958694,10,2025-06-15 00:00:00+00:00,0,-14.687511574074074
1749985200000,39,1.0738632673448738,57.18273356767822,85199.3050086021,1.4781772059108178,17,0.4358974358974359,1.376558116375497,10.0,0.2564102564102564,0.24883948018426774,12.0,0.3076923076923077,,,0.0,,,0.0,0.2081683901919962,1.2700088157188214,17,17,2100.529411764706,1726.0,1.392871620901405,0.35294117647058826,7.003010421507254e-05,6.445443101856835e+23,180260.30708468423,11,2025-06-15 00:00:00+00:00,0,-14.645844907407408
1749988800000,30,0.49149747024076545,22.55015170533032,45482.70149508025,0.45223056791190225,14,0.4666666666666667,0.6904632773137187,9.0,0.3,0.31421809437612336,7.0,0.23333333333333334,,,0.0,,,0.0,0.38935281997800403,0.06287774793389822,14,14,1708.7142857142858,980.0,1.1617011346175896,0.7142857142857143,6.154565342794326e-05,7.167879355155052e+23,152182.57047457897,12,2025-06-15 00:00:00+00:00,0,-14.60417824074074
1749992400000,77,1.028118793378208,139.61383394364094,229166.10465594646,1.0685211852466858,31,0.4025974025974026,1.4060219752608818,26.0,0.33766233766233766,0.427828783287193,18.0,0.23376623376623376,0.8917504457611791,2.0,0.025974025974025976,,,0.0,0.2534728947607789,0.815048290485907,31,31,1696.2903225806451,1148.0,1.1797269974371922,0.6774193548387096,0.00011014474321776963,7.966749520879707e+23,525376.5008879148,13,2025-06-15 00:00:00+00:00,0,-14.562511574074074
1749996000000,59,1.3861973436400121,117.1125253957119,167779.19927184822,2.2940526219997555,18,0.3050847457627119,1.1327311450598125,26.0,0.4406779661016949,0.7361124204806656,15.0,0.2542372881355932,,,0.0,,,0.0,0.24297257127258476,2.0510800507271707,18,18,1968.4444444444443,1394.5,1.3385699888058047,0.6111111111111112,0.00011786475652145409,6.368017078320125e+23,452586.7562711169,14,2025-06-15 00:00:00+00:00,0,-14.520844907407408
1749999600000,50,0.8763506905706197,56.02267267757366,103267.15336308352,0.8183925933617247,17,0.34,1.125253841697209,20.0,0.4,0.5692141236490372,13.0,0.26,,,0.0,,,0.0,0.21059766585106027,0.6077949275106644,17,17,3006.0588235294117,1782.0,1.6057933128149713,0.23529411764705882,8.276700565083039e-05,6.357955077198444e+23,300672.1602438338,15,2025-06-15 00:00:00+00:00,0,-14.47917824074074
1750003200000,61,1.1324760398368983,92.99884733547408,160346.6701157312,0.9463244110949834,31,0.5081967213114754,1.7515681381322572,19.0,0.3114754098360656,0.5877442783266753,11.0,0.18032786885245902,,,0.0,,,0.0,0.2535088444722303,0.692815566622753,31,31,1830.8387096774193,1318.0,1.2277110663687978,0.7096774193548387,0.00010096794629864664,6.373055534774355e+23,360804.7988881015,16,2025-06-15 00:00:00+00:00,0,-14.437511574074074
1750006800000,62,0.8306597375224818,65.55732685887888,116098.59922804343,0.9269057172137246,29,0.46774193548387094,0.973650167885566,22.0,0.3548387096774194,0.21021565101165143,10.0,0.16129032258064516,1.098177723596887,1.0,0.016129032258064516,,,0.0,0.1710158030911175,0.7558899141226072,29,29,2618.9310344827586,1584.0,1.4312776659254525,0.4827586206896552,8.163802785845095e-05,6.412664858478688e+23,274323.0005555771,17,2025-06-15 00:00:00+00:00,0,-14.395844907407408
1750010400000,42,0.7456188777890846,40.91977605677276,76260.4477190404,0.76199088600584,21,0.5,0.7601318209145324,16.0,0.38095238095238093,0.6304150252772799,5.0,0.11904761904761904,,,0.0,,,0.0,0.21741898242997335,0.5445719035758666,21,21,2581.5238095238096,1384.0,1.4642159107943282,0.5714285714285714,5.961935907990994e-05,6.421527577980981e+23,166876.14178527836,18,2025-06-15 00:00:00+00:00,0,-14.35417824074074
1750014000000,58,1.0438356661224133,98.84726912482314,157773.62150100272,1.1809381869777635,24,0.41379310344827586,1.3832096607167412,21.0,0.3620689655172414,0.24250379019862103,13.0,0.22413793103448276,,,0.0,,,0.0,0.2757092555964316,0.9052289313813319,24,24,2040.8333333333333,1509.0,1.2833240588348669,0.5,9.858757176093836e-05,7.394042917084863e+23,365116.8789795653,19,2025-06-15 00:00:00+00:00,0,-14.312511574074074
1750017600000,140,1.5071051367882762,311.8358424719256,467922.16848714877,1.3198929760704872,65,0.4642857142857143,1.9815513077032945,54.0,0.38571428571428573,0.4739271444175106,18.0,0.12857142857142856,3.2224054967613056,3.0,0.02142857142857143,,,0.0,0.27040783240986577,1.0494851436606214,65,65,1428.0461538461539,1296.0,1.1519613400368522,0.6615384615384615,0.00012984642499286905,5.9775099556044945e+23,858436.462823953,20,2025-06-15 00:00:00+00:00,0,-14.270844907407408
1750021200000,82,0.921051777275589,83.62135708831782,152704.59250169096,1.0327810800107073,40,0.4878048780487805,0.899455211960628,27.0,0.32926829268292684,0.6619807875488702,15.0,0.18292682926829268,,,0.0,,,0.0,0.24354261922446704,0.7892384607862402,40,40,1704.2,1389.5,1.2205960130207636,0.625,0.00011006989319489642,5.625680124387252e+23,392041.8748606223,21,2025-06-15 00:00:00+00:00,0,-14.22917824074074
1750024800000,150,1.14993784302084,247.6879175094254,434015.7284956029,1.2600486811156208,82,0.5466666666666666,1.3055034282963196,42.0,0.28,0.5513669466615246,26.0,0.17333333333333334,,,0.0,,,0.0,0.28790449231378223,0.9721441888018387,82,82,1485.1707317073171,1186.0,1.132613606405764,0.7195121951219512,0.00015691986834943808,6.868364329696836e+23,1064616.233821319,22,2025-06-15 00:00:00+00:00,0,-14.187511574074074
1750028400000,48,0.6259858788353331,39.062144227446005,73445.84737520889,0.8572769842960003,24,0.5,0.6089308065370841,13.0,0.2708333333333333,0.14150673418271725,11.0,0.22916666666666666,,,0.0,,,0.0,0.29900989411867057,0.5582670901773298,24,24,1339.5416666666667,1217.5,1.1206167363603867,0.6666666666666666,7.834799275538712e-05,6.422853245708271e+23,212326.96322642383,23,2025-06-15 00:00:00+00:00,0,-14.145844907407408
1750032000000,93,0.7610629855178103,88.01126812821452,164754.03112926154,0.8927751256910451,47,0.5053763440860215,0.8468463317007853,24.0,0.25806451612903225,0.33590243253622715,21.0,0.22580645161290322,1.440163701597612,1.0,0.010752688172043012,,,0.0,0.32026645076897187,0.5725086749220732,47,47,1639.0425531914893,1154.0,1.1377060547139366,0.7021276595744681,0.00012168930576298787,6.431208894311844e+23,414497.4926459534,0,2025-06-16 00:00:00+00:00,0,-14.10417824074074
1750035600000,125,1.503316207293528,399.0282131702063,483742.50736122235,1.5033258844079533,66,0.528,2.228041087962927,36.0,0.288,0.3689364510478565,23.0,0.184,,,0.0,,,0.0,0.2998380331853276,1.2034878512226257,66,66,1655.8181818181818,1351.0,1.1824976155419642,0.5757575757575758,0.00015712526552928878,7.610053786343709e+23,1137988.408030113,1,2025-06-16 00:00:00+00:00,0,-14.062511574074074
1750039200000,108,1.5851179707684537,247.39738980500408,392438.24966174917,1.3502394398958961,53,0.49074074074074076,2.2716071098116437,38.0,0.35185185185185186,0.637966526368665,16.0,0.14814814814814814,3.1015159337693987,1.0,0.009259259259259259,,,0.0,0.28759717303303983,1.0626422668628561,53,53,1333.754716981132,1225.0,1.1173695696606012,0.7169811320754716,0.0001467546817217515,6.658767812408876e+23,917908.6814451298,2,2025-06-16 00:00:00+00:00,0,-14.020844907407408
1750042800000,49,0.7539564527079833,46.7105160654143,86168.22025190484,0.9105696426681398,25,0.5102040816326531,0.711475538306122,13.0,0.2653061224489796,0.4482221016371002,11.0,0.22448979591836735,,,0.0,,,0.0,0.46569601836219826,0.44487362430594146,25,25,2020.4,1434.0,1.295888707236746,0.6,7.492874799042871e-05,6.618406433478605e+23,204210.7332148917,3,2025-06-16 00:00:00+00:00,0,-13.97917824074074
1750046400000,58,0.8094492500105362,65.585494085425,115081.61022585681,1.0613879070447008,22,0.3793103448275862,1.0083632099494015,18.0,0.3103448275862069,0.30261026480769193,18.0,0.3103448275862069,,,0.0,,,0.0,0.19844506407447896,0.8629428429702218,22,22,1687.409090909091,1366.5,1.2008313139114402,0.5909090909090909,9.74615250009886e-05,7.18322327641608e+23,313929.7253036748,4,2025-06-16 00:00:00+00:00,0,-13.937511574074074
1750050000000,98,1.5170636512609963,260.8616513208724,372820.0665444992,1.2209887185443535,56,0.5714285714285714,2.6967474509671217,29.0,0.29591836734693877,0.16086103900363732,13.0,0.1326530612244898,,,0.0,,,0.0,0.2963752161343048,0.9246135024100488,56,56,1857.017857142857,1325.0,1.2376302284670226,0.6607142857142857,0.00015464395162735343,6.560582200180898e+23,1138802.202625629,5,2025-06-16 00:00:00+00:00,0,-13.895844907407408
1750053600000,57,0.9318382544708207,69.45319032697121,128041.5194715115,1.1930241540885334,25,0.43859649122807015,1.0365961043328709,17.0,0.2982456140350877,0.39670695842621645,14.0,0.24561403508771928,0.11314546099761447,1.0,0.017543859649122806,,,0.0,0.34279027227606557,0.8502338818124677,25,25,1447.0,1203.0,1.1036961607783862,0.72,8.570149595425206e-05,6.394757209509214e+23,459330.5484385533,6,2025-06-16 00:00:00+00:00,0,-13.85417824074074
1750057200000,67,1.8070440816779605,193.79804459341958,266557.996285287,1.4520535201822813,31,0.4626865671641791,3.1434408890270125,21.0,0.31343283582089554,0.541727111735046,14.0,0.208955223880597,2.461856112914722,1.0,0.014925373134328358,,,0.0,0.5186634334448667,0.9333900867374146,31,31,1221.4193548387098,1200.0,1.012843296417298,0.7096774193548387,0.00014614420287905613,6.074461161422054e+23,841677.459152058,7,2025-06-16 00:00:00+00:00,0,-13.812511574074074
1750060800000,50,0.9562164998059107,65.3638525820247,115577.97605985541,0.7833821626008349,17,0.34,1.2864305956809585,20.0,0.4,0.6742089471124749,13.0,0.26,,,0.0,,,0.0,0.18794285850534934,0.5954393040954856,17,17,1492.235294117647,1083.0,1.1662648446631483,0.6470588235294118,7.67610527293476e-05,6.72895386668971e+23,501419.9825877349,8,2025-06-16 00:00:00+00:00,0,-13.770844907407408
1750064400000,37,0.33050449621291017,22.15686155160981,45520.8945563839,0.2633859305507383,12,0.32432432432432434,0.5069038626031445,15.0,0.40540540540540543,0.1464477254221651,10.0,0.2702702702702703,,,0.0,,,0.0,0.13334068993083933,0.13004524061989894,12,12,3489.0833333333335,1657.5,1.6549769969131145,0.4166666666666667,7.26053928147565e-05,6.86312048624526e+23,223503.06637108236,9,2025-06-16 00:00:00+00:00,0,-13.72917824074074
1750068000000,75,0.8103775287739652,87.33846855253024,164785.72985954658,0.9174968983943069,30,0.4,0.8195754999549953,28.0,0.37333333333333335,0.4552276556443096,16.0,0.21333333333333335,3.0216512171693566,1.0,0.013333333333333334,,,0.0,0.28536487876292876,0.632132019631378,30,30,1763.5,1351.0,1.244204669808912,0.6333333333333333,8.272726295100396e-05,7.11083046170971e+23,481469.4002141503,10,2025-06-16 00:00:00+00:00,0,-13.687511574074074
1750071600000,85,1.0853580633499118,143.8229222625961,276317.7514747334,1.2569945301549115,46,0.5411764705882353,1.2142550838135786,23.0,0.27058823529411763,0.4256938458670707,15.0,0.17647058823529413,0.12041238189819825,1.0,0.011764705882352941,,,0.0,0.3267127779871303,0.9302817521677811,46,46,2264.5652173913045,1337.5,1.3396634311893123,0.5869565217391305,0.0001045268524683031,7.509011229000451e+23,672978.7334256882,11,2025-06-16 00:00:00+00:00,0,-13.645844907407408
1750075200000,68,1.1292987306751268,122.4186073745818,204826.1111832618,1.4892365150736724,26,0.38235294117647056,0.9997049807364533,25.0,0.36764705882352944,0.36169700320304743,16.0,0.23529411764705882,7.292387724333054,1.0,0.014705882352941176,,,0.0,0.2281427200977759,1.2610937949758965,26,26,2194.076923076923,1658.0,1.3474966900664673,0.4230769230769231,0.00010006645024589161,7.554197498713543e+23,604196.397448281,12,2025-06-16 00:00:00+00:00,0,-13.60417824074074
1750078800000,119,1.1477258718696957,213.94288647837806,380749.9157516647,1.0914678558421171,58,0.48739495798319327,1.5218062779737185,33.0,0.2773109243697479,0.7647508684389895,26.0,0.2184873949579832,1.5855566805522736,2.0,0.01680672268907563,,,0.0,0.331150406879508,0.7603174489626092,58,58,1486.0,1283.0,1.1626479430068173,0.6206896551724138,0.00015536222613275934,7.332110431326924e+23,981784.0652439331,13,2025-06-16 00:00:00+00:00,0,-13.562511574074074
1750082400000,149,0.874255328951159,217.92435980491018,384887.01311500475,0.7423704931078384,58,0.38926174496644295,1.3863278153744534,45.0,0.30201342281879195,0.5010828632122946,45.0,0.30201342281879195,2.2730748770644116,1.0,0.006711409395973154,,,0.0,0.24082180850622248,0.501548684601616,58,58,1447.4655172413793,1196.0,1.1248286633544196,0.7241379310344828,0.00017132490842474853,7.859320611852556e+23,1261415.3697734578,14,2025-06-16 00:00:00+00:00,0,-13.520844907407408
1750086000000,100,0.9321852138187636,155.92230833431512,282581.5898751978,0.8723099813379084,49,0.49,1.196509498208498,32.0,0.32,0.6414225449287845,19.0,0.19,,,0.0,,,0.0,0.2050469803105798,0.6672630010273286,49,49,1569.3265306122448,1402.0,1.1829789688047139,0.5918367346938775,0.0001106506071460056,8.408075084722107e+23,870612.51805157,15,2025-06-16 00:00:00+00:00,0,-13.47917824074074
1750089600000,80,0.8409561455766561,131.7623569209599,241652.1459293085,1.0625674025479113,38,0.475,0.765577157479878,27.0,0.3375,0.2827381253942965,12.0,0.15,0.9451631975411997,3.0,0.0375,,,0.0,0.19608019322706055,0.8664872093208508,38,38,1801.1052631578948,1383.5,1.243310352057195,0.6052631578947368,0.00010570950140272938,9.479005559374664e+23,551966.6516990144,16,2025-06-16 00:00:00+00:00,0,-13.437511574074074
1750093200000,70,0.8362420056226209,112.69702799486414,203404.84968746608,1.0117167071335555,30,0.42857142857142855,0.8531995725201457,24.0,0.34285714285714286,0.4817905899433305,16.0,0.22857142857142856,,,0.0,,,0.0,0.3088344527398855,0.70288225439367,30,30,1590.3,1185.0,1.1513369985791386,0.7333333333333333,9.635884429606081e-05,9.54736086021343e+23,517512.1159879431,17,2025-06-16 00:00:00+00:00,0,-13.395844907407408
1750096800000,65,0.7640722201197817,100.57579645599814,183583.98698254128,1.013064979193336,32,0.49230769230769234,0.4456701666760753,18.0,0.27692307692307694,0.6149701315619803,15.0,0.23076923076923078,,,0.0,,,0.0,0.11351399951124458,0.8995509796820913,32,32,1434.875,1080.0,1.1242012309611302,0.6875,8.492614264947107e-05,9.427813623630917e+23,498920.0874765562,18,2025-06-16 00:00:00+00:00,0,-13.35417824074074
1750100400000,130,1.0571690385402042,213.36626150120907,371199.5421722875,1.2328605307617744,55,0.4230769230769231,1.2135373279158495,39.0,0.3,0.5876415917576977,34.0,0.26153846153846155,1.158437954924545,2.0,0.015384615384615385,,,0.0,0.33960562434067987,0.8932549064210946,55,55,1437.2727272727273,1163.0,1.1405202387162052,0.7090909090909091,0.000164095203842919,7.606571651841952e+23,1256324.8666016073,19,2025-06-16 00:00:00+00:00,0,-13.312511574074074
1750104000000,90,1.0472170515865433,165.05231039366552,278387.7450001217,1.038532535739906,42,0.4666666666666667,1.326774144335174,28.0,0.3111111111111111,0.6740746050163992,20.0,0.2222222222222222,,,0.0,,,0.0,0.2896976573522208,0.7488348783876851,42,42,1468.547619047619,1306.5,1.124665854954927,0.6666666666666666,0.00012971370443608116,7.857832517246017e+23,786647.829079892,20,2025-06-16 00:00:00+00:00,0,-13.270844907407408
1750107600000,102,1.018458413471342,194.07568931438644,334160.3728093025,1.2080667862173537,67,0.6568627450980392,0.6659670734171995,25.0,0.24509803921568626,0.6293106662084201,10.0,0.09803921568627451,,,0.0,,,0.0,0.3486628124514856,0.8594039737658681,67,67,1868.1044776119404,1324.0,1.2355193125474397,0.5970149253731343,0.00010142502231292161,8.716937776868734e+23,570582.0905306777,21,2025-06-16 00:00:00+00:00,0,-13.22917824074074
1750111200000,179,2.339979077630477,811.4687621982988,1202888.0691265464,1.78749599117764,107,0.5977653631284916,4.090525957508388,47.0,0.26256983240223464,1.4135785534781495,25.0,0.13966480446927373,,,0.0,,,0.0,0.6239328933207654,1.1635630978568747,107,107,1249.1308411214952,940.0,1.0175729855682067,0.8130841121495327,0.0003603174725930427,7.374277243292484e+23,3463626.714550128,22,2025-06-16 00:00:00+00:00,0,-13.187511574074074
1750114800000,169,1.861890065445047,476.1497399346461,782717.0901978993,1.6719118914328923,89,0.5266272189349113,2.1541210601416636,58.0,0.3431952662721893,1.8576813361982611,21.0,0.1242603550295858,1.9089331743055205,1.0,0.005917159763313609,,,0.0,0.5214876022650233,1.1504242891678689,89,89,1327.3258426966293,1194.0,1.0958930077989286,0.7191011235955056,0.00022203280650502622,6.708553982251523e+23,2050578.6644421937,23,2025-06-16 00:00:00+00:00,0,-13.145844907407408
1750118400000,192,1.5808997141462582,394.64764709105646,672857.3777266545,1.5501177886898365,89,0.4635416666666667,1.9757612505619624,75.0,0.390625,0.6210774332335344,28.0,0.14583333333333334,,,0.0,,,0.0,0.3385796080266676,1.2115381806631687,89,89,1143.5168539325844,1036.0,1.0130398724731056,0.7865168539325843,0.00021194631099495084,5.9900731904670375e+23,2296075.50574929,0,2025-06-17 00:00:00+00:00,0,-13.10417824074074
1750122000000,102,0.9893915145441313,151.3242454800427,272459.16133090033,1.2862759943005633,45,0.4411764705882353,1.0729968210447571,32.0,0.3137254901960784,0.34798465866175293,25.0,0.24509803921568626,,,0.0,,,0.0,0.4080196153298349,0.8782563789707284,45,45,1635.7111111111112,1547.0,1.2163991761990949,0.4888888888888889,0.00012047559593824224,7.445094415299703e+23,708469.5867115118,1,2025-06-17 00:00:00+00:00,0,-13.062511574074074
1750125600000,136,1.2688805719706273,326.7281826879795,481712.9414563217,0.9040107312056773,57,0.41911764705882354,1.9548481509493099,46.0,0.3382352941176471,0.527686439336446,32.0,0.23529411764705882,14.230165106847164,1.0,0.007352941176470588,,,0.0,0.29074305761220176,0.6132676735934756,57,57,1513.6140350877192,1434.0,1.161738249335554,0.5789473684210527,0.00015039979097514384,7.309589309388275e+23,1094963.8279774531,2,2025-06-17 00:00:00+00:00,0,-13.020844907407408
1750129200000,88,0.9718889964203865,144.77283097259237,251081.84471616798,1.37272038047315,41,0.4659090909090909,0.9817312762385869,24.0,0.2727272727272727,0.2470932806899468,23.0,0.26136363636363635,,,0.0,,,0.0,0.2693771729659442,1.1033432075072058,41,41,1285.341463414634,1126.0,1.0342349324475117,0.7560975609756098,0.00011721935777148672,7.742775742740921e+23,728857.6906857905,3,2025-06-17 00:00:00+00:00,0,-12.97917824074074
1750132800000,87,0.7843791029323858,121.18904464475128,226377.01122489094,0.8383739038333651,35,0.40229885057471265,1.1907520813524366,23.0,0.26436781609195403,0.39691715344288775,29.0,0.3333333333333333,,,0.0,,,0.0,0.22250536220569817,0.6158685416276668,35,35,2347.0285714285715,1307.0,1.3775933601763124,0.6,0.00010533330835495803,8.157560488423456e+23,552624.6502207044,4,2025-06-17 00:00:00+00:00,0,-12.937511574074074
1750136400000,63,1.203809282077212,127.82521407574922,219120.67041501155,1.2627564047587228,21,0.3333333333333333,0.9941648647926263,23.0,0.36507936507936506,1.3924372831947769,19.0,0.30158730158730157,,,0.0,,,0.0,0.2873474742150723,0.9754089305436505,21,21,1623.4285714285713,1284.0,1.2062165610379827,0.6190476190476191,0.00011592582977949895,7.718021457860292e+23,574018.2110665155,5,2025-06-17 00:00:00+00:00,0,-12.895844907407408
1750140000000,75,0.7879381374795238,91.49073506630467,167297.69586476742,0.7799849311009017,29,0.38666666666666666,0.9100268100160736,33.0,0.44,0.4957625060390548,13.0,0.17333333333333334,,,0.0,,,0.0,0.2013138225986773,0.5786711085022244,29,29,1494.7586206896551,1329.0,1.1557485106534582,0.6896551724137931,9.481548308545327e-05,7.590478098222723e+23,549115.4237818468,6,2025-06-17 00:00:00+00:00,0,-12.85417824074074
1750143600000,79,0.7810709545119335,97.18474339734713,177149.43046380088,0.9787742707394719,37,0.46835443037974683,0.8858654015631062,24.0,0.3037974683544304,0.2349548750870968,18.0,0.22784810126582278,,,0.0,,,0.0,0.28404882821626937,0.6947254425232025,37,37,2302.675675675676,1604.0,1.3832667949114417,0.43243243243243246,0.0001030167315995733,7.718824799613111e+23,445160.5849789585,7,2025-06-17 00:00:00+00:00,0,-12.812511574074074
1750147200000,80,0.9411008971850808,115.21721302196488,194598.93745814773,0.8834451318251224,21,0.2625,1.3598346564272965,33.0,0.4125,0.37467521230778894,25.0,0.3125,2.494300036683388,1.0,0.0125,,,0.0,0.28624889170862616,0.5971962401164964,21,21,1848.7142857142858,1247.0,1.2229812067838621,0.6666666666666666,9.530466978198941e-05,7.639819419500696e+23,533265.0141103548,8,2025-06-17 00:00:00+00:00,0,-12.770844907407408
1750150800000,67,0.9459781395670238,90.48571851819676,161899.47281004122,1.2921035574619526,27,0.40298507462686567,0.9939990682518611,22.0,0.3283582089552239,0.36809776655427434,18.0,0.26865671641791045,,,0.0,,,0.0,0.26022305221342495,1.0318805052485276,27,27,2113.1481481481483,1356.0,1.334751656520225,0.5555555555555556,9.25542836490538e-05,7.026469520161995e+23,440710.08626651316,9,2025-06-17 00:00:00+00:00,0,-12.72917824074074
1750154400000,86,0.9289664193040584,106.62156564402086,205953.62780150515,0.9300856322677462,26,0.3023255813953488,1.2085500941742822,31.0,0.36046511627906974,0.5553397526970915,24.0,0.27906976744186046,0.9831357274109376,5.0,0.05813953488372093,,,0.0,0.3159728232845025,0.6141128089832436,26,26,1494.8076923076924,1368.0,1.170917757465716,0.5384615384615384,8.887313583061225e-05,6.402402993501332e+23,738893.8429361862,10,2025-06-17 00:00:00+00:00,0,-12.687511574074074
1750158000000,54,1.046503413011281,64.71549950761342,120816.8618026537,1.0299493428862392,23,0.42592592592592593,1.043248997919341,18.0,0.3333333333333333,1.1692808246926012,11.0,0.2037037037037037,0.5908891910294577,2.0,0.037037037037037035,,,0.0,0.8073971807656117,0.22255216212062756,23,23,1330.608695652174,941.0,1.0284434769520578,0.8260869565217391,7.382465770282761e-05,5.733135939978048e+23,368175.65891128953,11,2025-06-17 00:00:00+00:00,0,-12.645844907407408
1750161600000,58,0.8302496450016459,60.10943592487266,108449.55311620639,1.121207198444918,23,0.39655172413793105,0.7201249775425248,22.0,0.3793103448275862,0.2852141706933678,12.0,0.20689655172413793,3.1013942916063897,1.0,0.017241379310344827,,,0.0,0.2482483943909172,0.8729588040540007,23,23,1925.0,1284.0,1.264610457714994,0.6956521739130435,9.221197770153786e-05,6.456723695709023e+23,401794.9970956216,12,2025-06-17 00:00:00+00:00,0,-12.60417824074074
1750165200000,128,1.1314938937286327,186.4499064233496,317420.2193900214,1.3224510239522977,68,0.53125,1.1796623276194798,31.0,0.2421875,0.5196790428596392,27.0,0.2109375,2.1518412275473064,2.0,0.015625,,,0.0,0.2522931673122418,1.070157856640056,68,68,1406.235294117647,1234.0,1.1375832060787432,0.7352941176470589,0.00014048387688026754,6.486974521039943e+23,717419.5668740423,13,2025-06-17 00:00:00+00:00,0,-12.562511574074074
1750168800000,107,1.1772076931645914,173.76864330129862,301243.79641415394,1.1148831219217472,60,0.5607476635514018,1.7664184852108946,29.0,0.27102803738317754,0.43567221012169405,18.0,0.16822429906542055,,,0.0,,,0.0,0.3455129185773774,0.7693702033443698,60,60,1540.7333333333333,1223.5,1.1464306131602555,0.7,0.00013365204481308402,6.367882752821462e+23,810725.8791360098,14,2025-06-17 00:00:00+00:00,0,-12.520844907407408
1750172400000,186,1.5811136465054396,286.36645497444874,499769.7339896185,1.4409004329267803,103,0.553763440860215,2.0099828984507284,56.0,0.3010752688172043,1.0245274120745762,25.0,0.13440860215053763,3.7510830217241153,2.0,0.010752688172043012,,,0.0,0.5111081493303935,0.9297922835963869,103,103,1166.4077669902913,1183.0,1.038261822090901,0.8058252427184466,0.0001976397778035838,4.537989144492787e+23,1335291.5951788917,15,2025-06-17 00:00:00+00:00,0,-12.47917824074074
1750176000000,174,1.3700462720552866,194.66732729562415,347399.15465746296,1.2114548341290616,91,0.5229885057471264,1.9984726448458463,55.0,0.3160919540229885,0.6073430817149961,27.0,0.15517241379310345,1.8314027590488102,1.0,0.005747126436781609,,,0.0,0.37433436032027795,0.8371204738087835,91,91,1180.010989010989,1085.0,1.034507985915245,0.7912087912087912,0.00016989224920715873,3.732151077094173e+23,884360.677022289,16,2025-06-17 00:00:00+00:00,0,-12.437511574074074
1750179600000,154,1.2478934337872594,137.28434653214498,245996.38768929234,1.3275641908694105,78,0.5064935064935064,1.4316396582777793,45.0,0.2922077922077922,0.7587128920360368,30.0,0.19480519480519481,1.440410531842744,1.0,0.006493506493506494,,,0.0,0.3236937661379831,1.0038704247314274,78,78,1120.5384615384614,1123.0,1.0129123353604863,0.782051282051282,0.00014634536649913379,3.453972472624339e+23,760394.7950671026,17,2025-06-17 00:00:00+00:00,0,-12.395844907407408
1750183200000,111,1.268237855439433,101.72596208654564,183311.7139542211,1.2169576441269445,72,0.6486486486486487,1.558212784445857,28.0,0.25225225225225223,0.40329338576228657,10.0,0.09009009009009009,5.490559754530171,1.0,0.009009009009009009,,,0.0,0.20899378478099753,1.0079638593459468,72,72,1332.25,1220.5,1.0997798043769222,0.6805555555555556,0.00011343167614264748,3.624563454625981e+23,390475.505876607,18,2025-06-17 00:00:00+00:00,0,-12.35417824074074
1750186800000,196,1.2625615399875612,276.246412849705,487667.0809825924,1.3390537437797558,108,0.5510204081632653,1.4079301616670183,59.0,0.3010204081632653,0.681944067965321,29.0,0.14795918367346939,,,0.0,,,0.0,0.3548157112733903,0.9842380325063653,108,108,1268.3055555555557,1336.0,1.0841217375506265,0.6944444444444444,0.00017291825529967722,5.235250259129493e+23,1158708.2418326114,19,2025-06-17 00:00:00+00:00,0,-12.312511574074074
1750190400000,147,1.235336822280458,197.47181581445832,362945.23989471974,1.3715639424517496,87,0.5918367346938775,1.3681047699380249,30.0,0.20408163265306123,0.6162896095349704,27.0,0.1836734693877551,1.5284957754467114,3.0,0.02040816326530612,,,0.0,0.33835586391610606,1.0332080785356434,87,87,1451.2643678160919,1095.0,1.1250670388155528,0.7816091954022989,0.00013192498400041414,5.249076553711515e+23,724118.2248102174,20,2025-06-17 00:00:00+00:00,0,-12.270844907407408
1750194000000,157,0.9053722260975506,159.8557585913275,289884.3941496929,1.0159817841846843,98,0.6242038216560509,0.8997944343087358,43.0,0.27388535031847133,0.24287899824629744,16.0,0.10191082802547771,,,0.0,,,0.0,0.4126720886601125,0.6033096955245719,98,98,1689.438775510204,1302.5,1.2219745563428601,0.6020408163265306,0.00016072286248819683,5.237371998294037e+23,638501.9743913573,21,2025-06-17 00:00:00+00:00,0,-12.22917824074074
1750197600000,85,1.0013342403466954,93.53124918169661,160665.34301074495,1.0946656893376283,42,0.49411764705882355,1.1903176339351866,29.0,0.3411764705882353,0.32987429236916477,14.0,0.16470588235294117,,,0.0,,,0.0,0.30416990776705866,0.7904957815705697,42,42,1415.857142857143,1256.5,1.1441264320948026,0.6666666666666666,0.00012000537095163153,4.943963083433693e+23,401950.4220413469,22,2025-06-17 00:00:00+00:00,0,-12.187511574074074
1750201200000,55,0.7440479097549022,42.1706683334,80431.52028072225,0.8958411341108621,28,0.509090909090909,0.7393487331431771,17.0,0.3090909090909091,0.3270154817981473,10.0,0.18181818181818182,,,0.0,,,0.0,0.2428657298095315,0.6529754043013306,28,28,2146.3571428571427,1465.0,1.3377364118047832,0.5714285714285714,7.87530998987174e-05,5.038468259397306e+23,205977.08070092346,23,2025-06-17 00:00:00+00:00,0,-12.145844907407408
1750204800000,81,1.195157196902551,107.27697523685244,195680.64570736527,1.1565844247005406,48,0.5925925925925926,1.4110045969986102,23.0,0.2839506172839506,0.8838574832512645,10.0,0.12345679012345678,,,0.0,,,0.0,0.28850646801135477,0.8680779566891857,48,48,1593.9166666666667,1328.0,1.19615149688469,0.625,0.00011999607981649317,5.43048859361317e+23,417079.9792444858,0,2025-06-18 00:00:00+00:00,0,-12.10417824074074
1750208400000,73,0.8280899895505044,63.06591899520941,117397.57277605799,0.8130579697549783,31,0.4246575342465753,1.3865393269696424,20.0,0.273972602739726,0.34159025615407473,22.0,0.3013698630136986,,,0.0,,,0.0,0.2855273775456823,0.527530592209296,31,31,1985.6451612903227,1233.0,1.2990180116184518,0.6129032258064516,0.00010133433617243276,5.518717303748723e+23,381662.94445603515,1,2025-06-18 00:00:00+00:00,0,-12.062511574074074
1750212000000,58,0.7680127885134848,46.60941881267535,86950.13578108477,0.863109142864202,26,0.4482758620689655,0.8125425169787137,20.0,0.3448275862068966,0.2893887990852887,11.0,0.1896551724137931,2.669776889800417,1.0,0.017241379310344827,,,0.0,0.2728842342803804,0.5902249085838217,26,26,2268.9615384615386,1331.5,1.380570090736772,0.5769230769230769,0.00010420610763004168,5.497479375250679e+23,317236.1341213561,2,2025-06-18 00:00:00+00:00,0,-12.020844907407408
1750215600000,65,0.744025471385724,54.308231415020344,101214.29666900488,0.8685438297186816,23,0.35384615384615387,0.9783405338946771,25.0,0.38461538461538464,0.23097848289267398,17.0,0.26153846153846155,,,0.0,,,0.0,0.2723198642069872,0.5962239655116943,23,23,1698.4347826086957,1375.0,1.2302233516522219,0.5652173913043478,9.253033181930712e-05,5.502099503788622e+23,248138.66416283284,3,2025-06-18 00:00:00+00:00,0,-11.97917824074074
1750219200000,48,0.8999854329133451,45.265866968799976,78923.52653958596,0.807460617101301,16,0.3333333333333333,1.5825875418337176,15.0,0.3125,0.38477163404199916,17.0,0.3541666666666667,,,0.0,,,0.0,0.4799571978977195,0.3275034192035814,16,16,2412.125,1448.0,1.3754743295099674,0.625,6.931020420015787e-05,5.568221845266863e+23,216728.99654540006,4,2025-06-18 00:00:00+00:00,0,-11.937511574074074
1750222800000,43,0.4656715588130824,25.46360178902221,51324.543471908495,0.606904323535408,23,0.5348837209302325,0.41559428191467385,7.0,0.16279069767441862,0.2427628934034955,13.0,0.3023255813953488,,,0.0,,,0.0,0.14811164079920214,0.4587926827362059,23,23,1924.8695652173913,1598.0,1.281993095114498,0.4782608695652174,6.440431566395494e-05,5.5708600842877893e+23,153280.10138078942,5,2025-06-18 00:00:00+00:00,0,-11.895844907407408
1750226400000,57,0.9704452391581695,58.01210211258114,103352.42817430891,1.2785032808234664,20,0.3508771929824561,1.0798953049987385,19.0,0.3333333333333333,0.5126279011427944,18.0,0.3157894736842105,,,0.0,,,0.0,0.23197569067934679,1.0465275901441196,20,20,3051.7,2131.5,1.6272120058962076,0.35,9.588842433828336e-05,5.558772284557731e+23,262254.0508919468,6,2025-06-18 00:00:00+00:00,0,-11.85417824074074
1750230000000,70,0.7479533532824866,58.82994661647019,111687.5162413459,0.7871999762924079,31,0.44285714285714284,0.9924871801719792,24.0,0.34285714285714286,0.275589542705461,15.0,0.21428571428571427,,,0.0,,,0.0,0.30427716414273753,0.4829228121496704,31,31,2614.8064516129034,1185.0,1.3822674512314537,0.6774193548387096,8.242957351941807e-05,5.625094380488497e+23,250285.84148378632,7,2025-06-18 00:00:00+00:00,0,-11.812511574074074
1750233600000,59,1.0373394863643106,64.56612416443186,110573.87841054572,1.1902787831705681,24,0.4067796610169492,1.5292742041780618,18.0,0.3050847457627119,0.3005531308350342,17.0,0.288135593220339,,,0.0,,,0.0,0.35081687274665163,0.8394619104239164,24,24,1602.8333333333333,1198.0,1.1764320826098882,0.7083333333333334,8.419220564299234e-05,5.65424810548174e+23,286781.575123743,8,2025-06-18 00:00:00+00:00,0,-11.770844907407408
1750237200000,64,0.869916921129991,66.34504528275428,125200.52908413744,1.0246557548898787,35,0.546875,0.8652209916704673,22.0,0.34375,0.11098138777477107,7.0,0.109375,,,0.0,,,0.0,0.26567771937754986,0.7589780355123287,35,35,2291.657142857143,1224.0,1.2927791087993217,0.6285714285714286,7.784100248973466e-05,5.650957509607062e+23,256624.68811677763,9,2025-06-18 00:00:00+00:00,0,-11.72917824074074
1750240800000,85,1.1689169859002746,103.81303684075165,185887.90954590836,1.357035461783501,44,0.5176470588235295,1.3626470357738274,25.0,0.29411764705882354,0.34888797429397533,16.0,0.18823529411764706,,,0.0,,,0.0,0.5440306294928091,0.8130048322906919,44,44,1642.3636363636363,1334.5,1.231965901760072,0.6136363636363636,0.00011039811556856907,5.3054044418237494e+23,488380.21552991687,10,2025-06-18 00:00:00+00:00,0,-11.687511574074074
1750244400000,92,0.9047376480043269,87.31046817581664,162187.08583470012,0.760352395067475,40,0.43478260869565216,1.2730273275990782,34.0,0.3695652173913043,0.4822028788248377,17.0,0.18478260869565216,1.3413897353081783,1.0,0.010869565217391304,,,0.0,0.4729887587697811,0.2873636362976939,40,40,1357.625,1267.5,1.088761170575034,0.65,0.00011395574109377493,5.106563862107196e+23,438010.54101702356,11,2025-06-18 00:00:00+00:00,0,-11.645844907407408
1750248000000,103,0.8737114042361066,85.65003625487302,162777.50567576772,1.0332749785095197,57,0.5533980582524272,0.955966464323153,26.0,0.2524271844660194,0.2971004605207345,19.0,0.18446601941747573,0.5955640389804272,1.0,0.009708737864077669,,,0.0,0.22124102789667632,0.8120339506128433,57,57,1680.3333333333333,1353.0,1.2322735331342782,0.5964912280701754,0.00011996248129293338,4.9951404279043153e+23,393571.008247742,12,2025-06-18 00:00:00+00:00,0,-11.60417824074074
1750251600000,158,1.4415406647854576,184.60059653806078,328168.74376858585,1.5632993182404205,85,0.5379746835443038,1.5389408633194535,50.0,0.31645569620253167,0.6077881900650317,22.0,0.13924050632911392,4.5645996382631715,1.0,0.006329113924050633,,,0.0,0.35060321040970543,1.212696107830715,85,85,1395.2588235294118,1334.0,1.1306284911999223,0.6705882352941176,0.00017074256821494592,4.033909848310385e+23,992242.1602959541,13,2025-06-18 00:00:00+00:00,0,-11.562511574074074
1750255200000,209,1.3939282657535221,366.38332460336767,611910.5031176291,1.252143100520128,103,0.49282296650717705,2.143152483364297,61.0,0.291866028708134,0.7154068138900246,44.0,0.21052631578947367,0.15006689252972538,1.0,0.004784688995215311,,,0.0,0.36223329579622665,0.8899098047239012,103,103,1216.1359223300972,1120.0,1.0684948395078764,0.7572815533980582,0.00021555407320783223,5.547588543460197e+23,1886552.2039891297,14,2025-06-18 00:00:00+00:00,0,-11.520844907407408
1750258800000,140,1.2941591354112907,216.39288580947385,365695.1458965109,1.335160220340712,89,0.6357142857142857,1.5724270856794846,34.0,0.24285714285714285,0.5014265873011557,16.0,0.11428571428571428,0.8676730373363738,1.0,0.007142857142857143,,,0.0,0.3581101864720451,0.9770500338686667,89,89,1280.9213483146068,1146.0,1.08224547497665,0.7303370786516854,0.00015191970551763531,5.3770649766752575e+23,811134.5147028939,15,2025-06-18 00:00:00+00:00,0,-11.47917824074074
1750262400000,120,1.1816406904428023,153.8606077785788,278862.57655452105,1.1386031432896606,76,0.6333333333333333,1.440576738900258,35.0,0.2916666666666667,0.5380953446236711,9.0,0.075,,,0.0,,,0.0,0.47426390002912977,0.6643392432605308,76,76,1530.1842105263158,1140.0,1.1367172900911988,0.7763157894736842,0.00012970554864541028,5.216893533999029e+23,465986.00222941866,16,2025-06-18 00:00:00+00:00,0,-11.437511574074074
1750266000000,141,1.3612623339792909,168.9169020699804,307751.1349630793,1.4423536617571144,79,0.5602836879432624,1.4745218521841796,46.0,0.3262411347517731,0.6352527882372326,16.0,0.11347517730496454,,,0.0,,,0.0,0.5279169837090584,0.9144366780480561,79,79,1629.5822784810127,1366.0,1.1916114437162044,0.6455696202531646,0.00016087756672971134,4.25416434855454e+23,649673.9690277085,17,2025-06-18 00:00:00+00:00,0,-11.395844907407408
1750269600000,249,1.5607887231869868,373.59900235802047,670424.2401723812,1.3734634599319888,152,0.6104417670682731,2.041381536721628,73.0,0.2931726907630522,1.2929661723683374,22.0,0.08835341365461848,1.201919095557562,2.0,0.008032128514056224,,,0.0,0.39385443779517193,0.979609022136817,152,152,1134.282894736842,1089.5,1.0276038120512652,0.8026315789473685,0.000258256580065046,4.522913298479533e+23,1822544.2855021826,18,2025-06-18 00:00:00+00:00,0,-11.35417824074074
1750273200000,179,1.4667183023524952,260.98001749062286,454385.39565483993,1.302817790580166,93,0.5195530726256983,2.0572836650237325,61.0,0.3407821229050279,0.6354487212277425,25.0,0.13966480446927373,,,0.0,,,0.0,0.3061932428299451,0.9966245477502206,93,93,1047.6666666666667,1013.0,0.9787855545630813,0.7849462365591398,0.00019913455200124233,4.649645298227056e+23,1123647.5785459834,19,2025-06-18 00:00:00+00:00,0,-11.312511574074074
1750276800000,127,1.176947016067318,165.45101327737967,301013.7079188203,1.200733264383637,78,0.6141732283464567,1.420023647908717,34.0,0.2677165354330709,0.5199524476059627,14.0,0.11023622047244094,0.25493812324584464,1.0,0.007874015748031496,,,0.0,0.3383904606036952,0.8623428037799419,78,78,1212.0641025641025,1098.0,1.0570209599332854,0.782051282051282,0.00013133126486692347,5.209709304585466e+23,600548.5652651015,20,2025-06-18 00:00:00+00:00,0,-11.270844907407408
1750280400000,150,1.015766881055266,194.94615886525546,357459.0699124497,1.0284022006831572,96,0.64,1.3351898305594179,32.0,0.21333333333333335,0.36552055376815484,20.0,0.13333333333333333,1.8009676197211544,2.0,0.013333333333333334,,,0.0,0.29095403000901415,0.7374481706741433,96,96,1493.6354166666667,1185.0,1.1159885011911024,0.78125,0.00015545728410722786,5.676366702645287e+23,759393.6824812385,21,2025-06-18 00:00:00+00:00,0,-11.22917824074074
1750284000000,77,0.7725438930384924,69.7982637848631,132725.8844699074,0.8333289804360828,48,0.6233766233766234,0.7456559065620082,20.0,0.2597402597402597,0.508107841310197,9.0,0.11688311688311688,,,0.0,,,0.0,0.3007785498564625,0.5325504305796203,48,48,1466.8541666666667,1313.5,1.1680388699727666,0.625,9.453789376891845e-05,5.6905373129259545e+23,255539.2861894588,22,2025-06-18 00:00:00+00:00,0,-11.187511574074074
1750287600000,55,1.0028363974245138,63.30658001042192,116729.90804332175,0.9370330946235558,39,0.7090909090909091,1.2404827753659298,15.0,0.2727272727272727,0.004469537540634401,1.0,0.01818181818181818,,,0.0,,,0.0,0.2656416083519987,0.671391486271557,39,39,2467.641025641026,1380.0,1.389867673710304,0.5641025641025641,6.598949548283988e-05,5.677608958054859e+23,209777.9850008717,23,2025-06-18 00:00:00+00:00,0,-11.145844907407408
1750291200000,126,1.0212031167002273,152.4337675182739,274510.2730027883,1.0667386813054933,69,0.5476190476190477,1.3286201071670358,37.0,0.29365079365079366,0.17620650810506827,18.0,0.14285714285714285,1.3679812915390377,2.0,0.015873015873015872,,,0.0,0.30175377901867473,0.7649849022868185,69,69,1649.7391304347825,1189.0,1.1672391647174682,0.7246376811594203,0.00011978402696278363,5.6971301008683896e+23,540551.4986636591,0,2025-06-19 00:00:00+00:00,0,-11.10417824074074
1750294800000,62,1.5551609021814234,133.78266338572757,214705.25502140747,1.3618138389399828,35,0.5645161290322581,2.4895828276872893,17.0,0.27419354838709675,0.643358350166494,10.0,0.16129032258064516,,,0.0,,,0.0,0.20072373680340624,1.1610901021365765,35,35,2350.0857142857144,1223.0,1.2886067539928587,0.6285714285714286,0.00011651594808110943,5.6671997564667323e+23,438863.5650015491,1,2025-06-19 00:00:00+00:00,0,-11.062511574074074
1750298400000,75,0.7656808947198711,73.02812867471629,137636.69504789368,0.7787193159779923,46,0.6133333333333333,0.7925076859029477,20.0,0.26666666666666666,0.6394249834381928,9.0,0.12,,,0.0,,,0.0,0.20914596387379425,0.569573352104198,46,46,1461.8260869565217,1174.0,1.1602969394597138,0.6956521739130435,9.722154118115761e-05,5.67224669860839e+23,304043.5878203915,2,2025-06-19 00:00:00+00:00,0,-11.020844907407408
1750302000000,32,0.7595852689980991,29.093261335907517,56164.09804672379,0.8149138278847794,16,0.5,0.9272128081297447,8.0,0.25,0.48130061209309283,8.0,0.25,,,0.0,,,0.0,0.13616766142421788,0.6787461664605615,16,16,4806.5625,1514.0,1.8084931467778835,0.5,6.297181581426883e-05,5.81240138338205e+23,129761.14816762756,3,2025-06-19 00:00:00+00:00,0,-10.97917824074074
1750305600000,34,0.9866905360839814,40.665196724288364,74969.16698832273,1.2050928994517722,16,0.47058823529411764,0.9886481826701421,12.0,0.35294117647058826,0.40036894059755146,6.0,0.17647058823529413,,,0.0,,,0.0,0.2447927457850706,0.9603001536667016,16,16,8125.5625,1953.5,2.101151045402788,0.4375,6.319932127124235e-05,5.9527471556817335e+23,150560.05779362321,4,2025-06-19 00:00:00+00:00,0,-10.937511574074074
1750309200000,42,0.8354044225245038,40.7170923558418,72136.18527750808,0.9393754903170366,19,0.4523809523809524,0.9507301995041691,15.0,0.35714285714285715,0.26376434650001523,7.0,0.16666666666666666,1.1315480119428223,1.0,0.023809523809523808,,,0.0,0.22898296526414236,0.7103925250528942,19,19,2742.842105263158,1657.0,1.5207041964696788,0.42105263157894735,7.034063800823956e-05,5.978484651618473e+23,200952.6265220715,5,2025-06-19 00:00:00+00:00,0,-10.895844907407408
1750312800000,29,0.6081457473917531,20.707615008522154,38736.70492582552,0.6605637935808987,14,0.4827586206896552,0.705879370302918,9.0,0.3103448275862069,0.3392365385836655,6.0,0.20689655172413793,,,0.0,,,0.0,0.4283144745640284,0.23224931901687032,14,14,1956.0714285714287,1612.0,1.3153826851045878,0.35714285714285715,4.259539654595297e-05,5.955728507536813e+23,122385.31523844704,6,2025-06-19 00:00:00+00:00,0,-10.85417824074074
1750316400000,46,0.5910975910533621,33.165482359190285,63630.10932699685,0.681746379990584,27,0.5869565217391305,0.5702734079216922,12.0,0.2608695652173913,0.27715086194979743,7.0,0.15217391304347827,,,0.0,,,0.0,0.18841307844836372,0.4933333015422203,27,27,1999.5555555555557,1200.0,1.2606922329200416,0.6296296296296297,6.557524087445911e-05,5.9571479171432956e+23,161099.22991365622,7,2025-06-19 00:00:00+00:00,0,-10.812511574074074
1750320000000,30,0.8083274323729172,30.47928884979259,59386.78932709233,1.0903025196864438,13,0.43333333333333335,0.653245978278606,14.0,0.4666666666666667,0.31014883978775376,3.0,0.1,,,0.0,,,0.0,0.2830519817977841,0.8072505378886596,13,13,1429.4615384615386,1193.0,1.1457097601327555,0.6923076923076923,6.292022487464109e-05,5.968991228994721e+23,135558.1053660316,8,2025-06-19 00:00:00+00:00,0,-10.770844907407408
1750323600000,39,0.8695096194893706,42.00061505004127,78517.25993349557,0.6886112124662768,12,0.3076923076923077,1.068494472837897,15.0,0.38461538461538464,0.801676959826807,12.0,0.3076923076923077,,,0.0,,,0.0,0.23863727179431812,0.44997394067195867,12,12,2016.1666666666667,1244.0,1.3011666479536705,0.5833333333333334,7.910991028762226e-05,6.003244199844468e+23,214930.36944982383,9,2025-06-19 00:00:00+00:00,0,-10.72917824074074
1750327200000,52,0.6005384548654668,45.05321549831971,89894.38307342146,0.6781608884239579,29,0.5576923076923077,0.7042513417295084,15.0,0.28846153846153844,0.12469547034585793,8.0,0.15384615384615385,,,0.0,,,0.0,0.5227289417976012,0.15543194662635673,29,29,2248.344827586207,1108.0,1.207403319222854,0.7586206896551724,7.954496126667967e-05,6.002357613913151e+23,219568.02308004306,10,2025-06-19 00:00:00+00:00,0,-10.687511574074074
1750330800000,23,0.929181797337547,26.50939667074723,47446.69031813637,1.4814431863769904,11,0.4782608695652174,0.4861504410524952,6.0,0.2608695652173913,0.2005444144500589,5.0,0.21739130434782608,1.155681570051419,1.0,0.043478260869565216,,,0.0,0.530342094157703,0.9511010922192874,11,11,1316.4545454545455,976.0,1.0879540799903091,0.7272727272727273,4.9497542003288046e-05,6.029886236923512e+23,129778.52199102099,11,2025-06-19 00:00:00+00:00,0,-10.645844907407408
1750334400000,61,1.1388246337654753,79.10673275295692,138125.13113084063,1.154837850206748,31,0.5081967213114754,1.2727282656598584,26.0,0.4262295081967213,0.14434859903212238,4.0,0.06557377049180328,,,0.0,,,0.0,0.4183405721834743,0.7364972780232738,31,31,2993.2258064516127,1726.0,1.4903849543516325,0.4838709677419355,6.633566920737839e-05,6.102992832450955e+23,246343.20612804906,12,2025-06-19 00:00:00+00:00,0,-10.60417824074074
1750338000000,41,1.2473052184117206,60.83046353818039,111687.60244011847,1.3221167606612392,29,0.7073170731707317,1.1491842924048117,11.0,0.2682926829268293,0.15710067925168036,1.0,0.024390243902439025,,,0.0,,,0.0,0.24977872917620586,1.0723380314850333,29,29,2923.2413793103447,1278.0,1.4762543693545656,0.5862068965517241,7.391820742261796e-05,5.9237013718837655e+23,197721.0421237848,13,2025-06-19 00:00:00+00:00,0,-10.562511574074074
1750341600000,78,0.9777024111756782,87.91357783742197,156826.39993006384,0.9101309349547028,44,0.5641025641025641,1.4216263940745644,20.0,0.2564102564102564,0.4147163206237528,13.0,0.16666666666666666,2.3911868840959016,1.0,0.01282051282051282,,,0.0,0.27148791127183963,0.6386430236828631,44,44,1663.090909090909,1251.0,1.2075258372425823,0.6818181818181818,0.00010368483812116448,5.612262187974462e+23,375300.0997098857,14,2025-06-19 00:00:00+00:00,0,-10.520844907407408
1750345200000,73,0.8524652969641655,61.94385200482213,116283.03384780363,0.7981340246917783,46,0.6301369863013698,1.1719990204586739,20.0,0.273972602739726,0.2965458761984011,7.0,0.0958904109589041,,,0.0,,,0.0,0.2747882655344072,0.5233457591573709,46,46,2009.4130434782608,1460.5,1.3150065057045928,0.5217391304347826,8.983861880275173e-05,5.01508638491165e+23,258355.86236970415,15,2025-06-19 00:00:00+00:00,0,-10.47917824074074
1750348800000,88,0.901752257424685,78.72289382548826,140967.65140673175,0.9644206733855795,56,0.6363636363636364,0.8548869021432887,23.0,0.26136363636363635,0.6718837849474567,8.0,0.09090909090909091,0.3091719149045423,1.0,0.011363636363636364,,,0.0,0.16660988747003044,0.7978107859155489,56,56,2435.3214285714284,1518.0,1.4372177487068396,0.5,8.751210626789998e-05,4.9412447813902004e+23,266277.10727155436,16,2025-06-19 00:00:00+00:00,0,-10.437511574074074
1750352400000,119,1.2854629048736959,191.60673805305322,326836.69997003156,1.4171393068265108,64,0.5378151260504201,1.2259808233563554,41.0,0.3445378151260504,0.8577111632473239,14.0,0.11764705882352941,,,0.0,,,0.0,0.33270263955514306,1.0844366672713677,64,64,1372.375,1404.5,1.126856137435405,0.609375,0.00012528628461379242,5.4159763022154064e+23,628650.9148172014,17,2025-06-19 00:00:00+00:00,0,-10.395844907407408
1750356000000,51,0.8965299166423589,58.71204723754124,109807.89647094309,0.9363827252951145,33,0.6470588235294118,0.8970145174616443,15.0,0.29411764705882354,0.4557260173656214,3.0,0.058823529411764705,,,0.0,,,0.0,0.1715457975529878,0.7648369277421266,33,33,3427.5757575757575,1191.0,1.5001561903875555,0.7272727272727273,8.015665810090673e-05,5.745595059051343e+23,200357.9722577067,18,2025-06-19 00:00:00+00:00,0,-10.35417824074074
1750359600000,62,0.8722725242919066,62.35671827291724,116458.35241072888,0.9067637698804821,35,0.5645161290322581,1.031688917665201,20.0,0.3225806451612903,0.26724499021402603,5.0,0.08064516129032258,0.18708062795358849,2.0,0.03225806451612903,,,0.0,0.15317059194948196,0.7535931779310001,35,35,1792.2,1087.0,1.170668275700597,0.7428571428571429,8.031939065869498e-05,5.7391722810980476e+23,210241.52802894835,19,2025-06-19 00:00:00+00:00,0,-10.312511574074074
1750363200000,53,0.846594806163737,57.6417647827383,109936.3161791818,0.9247851099866474,31,0.5849056603773585,0.8433932426480688,17.0,0.32075471698113206,0.23663604748314515,4.0,0.07547169811320754,0.9169570021422312,1.0,0.018867924528301886,,,0.0,0.21799955653894926,0.7067855534476982,31,31,1378.0,1299.0,1.1272941815115152,0.6451612903225806,7.639560037022205e-05,5.8246187053285597e+23,211023.74579994666,20,2025-06-19 00:00:00+00:00,0,-10.270844907407408
1750366800000,60,1.410366186765178,111.16829368077418,186359.08941536123,1.3254529481270898,43,0.7166666666666667,1.6773081866595974,16.0,0.26666666666666666,0.7905634498922608,1.0,0.016666666666666666,,,0.0,,,0.0,0.3457946302389584,0.9796583178881314,43,43,3091.1627906976746,1368.0,1.4550723957445593,0.6046511627906976,9.894990062316038e-05,6.027234935038669e+23,304784.6738512904,21,2025-06-19 00:00:00+00:00,0,-10.22917824074074
1750370400000,79,0.9292910204016899,108.64605445066421,196161.21747810734,1.0887541232124407,42,0.5316455696202531,1.0262495530153923,23.0,0.2911392405063291,0.2916126941040688,14.0,0.17721518987341772,,,0.0,,,0.0,0.26520089121489177,0.8235532319975488,42,42,1360.8809523809523,1095.0,1.0589614958008602,0.7857142857142857,8.988519194462995e-05,6.626758184571159e+23,464196.1730282308,22,2025-06-19 00:00:00+00:00,0,-10.187511574074074
1750374000000,48,0.6657241746245478,39.929065780906896,76640.87381711247,0.71363316178,34,0.7083333333333334,0.559778756716114,11.0,0.22916666666666666,0.5112221858603464,3.0,0.0625,,,0.0,,,0.0,0.2415797728270795,0.4720533889529206,34,34,1854.7941176470588,1177.5,1.224896734943512,0.6470588235294118,7.310479462700315e-05,5.890614502754659e+23,172792.6516755804,23,2025-06-19 00:00:00+00:00,0,-10.145844907407408
1750377600000,69,0.604051704824612,51.369753659985385,96898.93220994559,0.6738866864372928,39,0.5652173913043478,0.5445328304988676,22.0,0.3188405797101449,0.4305709228695343,7.0,0.10144927536231885,0.4042681307819861,1.0,0.014492753623188406,,,0.0,0.20396703622002424,0.46991965021726845,39,39,1638.923076923077,1161.0,1.1895841684853974,0.717948717948718,7.612476321785639e-05,5.930324168607036e+23,196022.7552131794,0,2025-06-20 00:00:00+00:00,0,-10.10417824074074
1750381200000,41,0.8329987233106428,41.40211472339876,73745.45994363271,0.8848804700972757,15,0.36585365853658536,0.9933108459057017,17.0,0.4146341463414634,0.44371735820892144,9.0,0.21951219512195122,,,0.0,,,0.0,0.21251406036678694,0.6723664097304886,15,15,2578.733333333333,1345.0,1.3850826497012734,0.5333333333333333,5.992473887216007e-05,5.992163461419761e+23,168523.7517602853,1,2025-06-20 00:00:00+00:00,0,-10.062511574074074
1750384800000,35,0.9097782339434523,38.47877461522622,69974.8462893728,1.1761655310213184,18,0.5142857142857142,1.0524264282427187,8.0,0.22857142857142856,0.14493928559900382,8.0,0.22857142857142856,1.0923329189033204,1.0,0.02857142857142857,,,0.0,0.3042926554604086,0.8718728755609096,18,18,3771.3333333333335,1575.5,1.6126870895592598,0.3888888888888889,6.84214981334938e-05,5.991573065719723e+23,160209.63791148292,2,2025-06-20 00:00:00+00:00,0,-10.020844907407408
1750388400000,30,0.7115697689234708,28.89821554971719,56693.51486128676,0.6780087930351496,20,0.6666666666666666,0.8651620782167334,9.0,0.3,0.00045850305053097423,1.0,0.03333333333333333,,,0.0,,,0.0,0.15428965528508243,0.5237191377500672,20,20,1528.25,1193.0,1.160089791242967,0.6,5.043236465898957e-05,5.98209862587781e+23,102137.45469858726,3,2025-06-20 00:00:00+00:00,0,-9.97917824074074
1750392000000,34,0.9023757599987849,38.17285640289676,71109.7358679238,0.8696596873000771,16,0.47058823529411764,0.9825713846483468,16.0,0.47058823529411764,0.5225393443919523,2.0,0.058823529411764705,,,0.0,,,0.0,0.2964050299873776,0.5732546573126995,16,16,3866.9375,2879.0,1.8311198980101362,0.375,6.755981720858492e-05,5.955504227786454e+23,164166.81556368654,4,2025-06-20 00:00:00+00:00,0,-9.937511574074074
1750395600000,32,0.6753030509688883,27.923604901245778,54067.01881754358,0.6883927674221123,20,0.625,0.7678974849046937,10.0,0.3125,0.08143371675762168,2.0,0.0625,,,0.0,,,0.0,0.24821239459050118,0.44018037283161116,20,20,3130.15,1574.5,1.5602523123155876,0.45,6.0753921173380955e-05,5.9374461602475725e+23,121400.98779719537,5,2025-06-20 00:00:00+00:00,0,-9.895844907407408
1750399200000,42,0.7150716493558126,38.423166328027854,70564.18752782098,0.8027428266107003,26,0.6190476190476191,0.6919962137448135,12.0,0.2857142857142857,0.21443530403203892,4.0,0.09523809523809523,,,0.0,,,0.0,0.15759448168485468,0.6451483449258457,26,26,1806.5,1417.0,1.2951883947530758,0.5384615384615384,4.8729700654730165e-05,5.993948392747279e+23,188138.99444999688,6,2025-06-20 00:00:00+00:00,0,-9.85417824074074
1750402800000,75,1.2187465944062363,126.60906073253928,225900.47529191885,0.9560428532339227,35,0.4666666666666667,1.2817770718668278,34.0,0.4533333333333333,1.5826118598008576,4.0,0.05333333333333334,4.016813417302427,2.0,0.02666666666666667,,,0.0,0.2843307625546183,0.6717120906793043,35,35,1922.142857142857,1175.0,1.2235211206965164,0.6857142857142857,0.00011558769687013292,7.019531465697693e+23,600567.6930948901,7,2025-06-20 00:00:00+00:00,0,-9.812511574074074
1750406400000,85,1.1531178383462801,153.8641118466287,282383.71253931837,1.3563345950640306,41,0.4823529411764706,1.2074212089437488,32.0,0.3764705882352941,0.3139849313007155,12.0,0.1411764705882353,,,0.0,,,0.0,0.3261461601265993,1.030188434937431,41,41,2150.9756097560976,1280.0,1.3294357673345039,0.5609756097560976,0.000133869429372917,7.331799907522458e+23,783667.9787235603,8,2025-06-20 00:00:00+00:00,0,-9.770844907407408
1750410000000,31,1.2364502722321893,52.26674797220329,90759.03303980436,1.5774551896930726,14,0.45161290322580644,1.1266087674736693,13.0,0.41935483870967744,0.3999179515842876,4.0,0.12903225806451613,,,0.0,,,0.0,0.22190353210145403,1.3555516575916187,14,14,7344.642857142857,4043.0,2.3584964172289995,0.21428571428571427,7.088646981855248e-05,7.335299603949765e+23,249199.0395900486,9,2025-06-20 00:00:00+00:00,0,-9.72917824074074
1750413600000,44,0.8446806923003796,52.92947632721328,97156.30464035465,0.9067223329973594,19,0.4318181818181818,0.9761045202722547,19.0,0.4318181818181818,0.23204004151567306,6.0,0.13636363636363635,,,0.0,,,0.0,0.25546889349324714,0.6512534395041122,19,19,1748.421052631579,1226.0,1.2545586482216196,0.6842105263157895,7.338219893335934e-05,7.339414008402001e+23,224582.7996950293,10,2025-06-20 00:00:00+00:00,0,-9.687511574074074
1750417200000,55,0.7367156807629796,62.952797243570835,120084.36746403531,0.6985895218966501,30,0.5454545454545454,0.9591255579758678,17.0,0.3090909090909091,0.4070677874343275,8.0,0.14545454545454545,,,0.0,,,0.0,0.26989775126474036,0.4286917706319097,30,30,2000.1,1213.5,1.1970082772164148,0.8,7.193212713306956e-05,7.338415027058551e+23,256438.47732674034,11,2025-06-20 00:00:00+00:00,0,-9.645844907407408
1750420800000,49,0.8250858486984954,69.5286254692919,122565.87534205179,0.6788866389717237,32,0.6530612244897959,1.3531684410253688,13.0,0.2653061224489796,0.2784111014503309,4.0,0.08163265306122448,,,0.0,,,0.0,0.3909011992406968,0.2879854397310269,32,32,1500.34375,1213.0,1.1571876790376385,0.625,6.749534080008085e-05,7.334130146795007e+23,197332.36587115508,12,2025-06-20 00:00:00+00:00,0,-9.60417824074074
1750424400000,99,1.0419304856524756,151.68337772316417,278763.36782869,1.1693112847315683,48,0.48484848484848486,1.1694641379535595,38.0,0.3838383838383838,0.19881070540342602,13.0,0.13131313131313133,,,0.0,,,0.0,0.28142625162431034,0.887885033107258,48,48,1444.2916666666667,1277.5,1.1427326969162221,0.7708333333333334,0.0001261878018844281,7.317285937669717e+23,875742.0403352727,13,2025-06-20 00:00:00+00:00,0,-9.562511574074074
1750428000000,137,1.2320582242971574,235.0212942753624,435993.39526697487,1.1059176762000045,68,0.49635036496350365,1.7210344844450436,42.0,0.30656934306569344,0.7264387037772377,26.0,0.1897810218978102,2.41872010221023,1.0,0.0072992700729927005,,,0.0,0.2886287751841009,0.8172889010159035,68,68,1457.764705882353,1368.5,1.1698725467208662,0.6764705882352942,0.00015985216766594893,6.682269121229661e+23,1287288.9323754543,14,2025-06-20 00:00:00+00:00,0,-9.520844907407408
1750431600000,114,1.3907209672389964,224.41475284308436,387446.5384019656,1.4246776242783497,65,0.5701754385964912,1.4934043673969464,31.0,0.2719298245614035,1.0912560721026403,18.0,0.15789473684210525,,,0.0,,,0.0,0.3429235765718281,1.0817540477065213,65,65,1453.753846153846,1329.0,1.1445877518113907,0.6307692307692307,0.00013182313906295423,6.902610218287502e+23,834894.3855398803,15,2025-06-20 00:00:00+00:00,0,-9.47917824074074
1750435200000,131,1.1451753087326408,175.3951539555377,321842.6782985579,1.1630923692134896,83,0.6335877862595419,1.3320032026072886,36.0,0.2748091603053435,0.4607652921161615,12.0,0.0916030534351145,,,0.0,,,0.0,0.3329171416042355,0.830175227609254,83,83,1235.6506024096386,1130.0,1.0537951131113872,0.7590361445783133,0.00012040014105360852,5.557854432894444e+23,586241.6304490424,16,2025-06-20 00:00:00+00:00,0,-9.437511574074074
1750438800000,250,2.5468232868779372,580.779079282566,769740.6057528412,1.6979142408062406,126,0.504,4.036737801375317,92.0,0.368,1.436149075753666,29.0,0.116,3.2468088181708588,3.0,0.012,,,0.0,0.47321135405948433,1.2247028867467562,126,126,982.8968253968254,900.0,0.9213572152455373,0.8412698412698413,0.0003862072800678832,3.2443473256021115e+23,2701628.197141972,17,2025-06-20 00:00:00+00:00,0,-9.395844907407408
1750442400000,128,1.444070542481646,174.4041172441166,287901.2574507811,1.1473896061337303,78,0.609375,2.450526733447852,30.0,0.234375,0.5941013542890743,16.0,0.125,3.080804121789742,4.0,0.03125,,,0.0,0.3402177635316399,0.8071718426020903,78,78,1293.3461538461538,1169.0,1.077100037218498,0.6794871794871795,0.0001491779180362052,4.077980525427116e+23,1020577.8932461413,18,2025-06-20 00:00:00+00:00,0,-9.35417824074074
1750446000000,123,1.5241661013670793,172.68658068960988,282183.1548950561,1.3316888321923803,71,0.5772357723577236,1.909165973573352,35.0,0.2845528455284553,0.6379618254048374,13.0,0.10569105691056911,4.452052644290387,4.0,0.032520325203252036,,,0.0,0.4524650936624715,0.8792237385299088,71,71,1308.0985915492959,1205.0,1.098252329773473,0.647887323943662,0.00014173695773614,4.335435851583399e+23,738012.898373315,19,2025-06-20 00:00:00+00:00,0,-9.312511574074074
1750449600000,96,1.4639820446715905,147.27195132909725,249849.2981142649,1.5430048553101383,47,0.4895833333333333,1.6698474963062433,30.0,0.3125,0.6651049127846607,17.0,0.17708333333333334,3.3094198411848286,2.0,0.020833333333333332,,,0.0,0.285884864289409,1.2571199910207291,47,47,1547.0851063829787,1222.0,1.1750329983299952,0.6808510638297872,0.000127276352492518,5.4838484659978265e+23,573453.9729277962,20,2025-06-20 00:00:00+00:00,0,-9.270844907407408
1750453200000,81,0.9858487935852366,93.30980053607962,170218.5125578167,1.0303244882343856,45,0.5555555555555556,1.1241311379974281,26.0,0.32098765432098764,0.4261740721923689,10.0,0.12345679012345678,,,0.0,,,0.0,0.29194729774450234,0.7383771904898832,45,45,2299.9555555555557,1309.0,1.2848445578630812,0.6222222222222222,0.00010352730120638428,5.891895233926284e+23,406735.20135899767,21,2025-06-20 00:00:00+00:00,0,-9.22917824074074
1750456800000,142,1.600701894070144,203.93096552415747,319786.8871020157,1.4133554963205153,89,0.6267605633802817,2.2817775093869948,39.0,0.2746478873239437,0.8944076370958426,14.0,0.09859154929577464,,,0.0,,,0.0,0.2982343679453354,1.1151211283751798,89,89,1563.6516853932585,1202.0,1.1709448590414677,0.6404494382022472,0.00012303515696874087,4.407176856851443e+23,729955.2377748898,22,2025-06-20 00:00:00+00:00,0,-9.187511574074074
1750460400000,88,1.0568628491052998,76.73410720007503,140638.31396517548,1.0434821370202931,63,0.7159090909090909,1.1093856699746911,15.0,0.17045454545454544,0.45739387083257743,8.0,0.09090909090909091,3.4823100363534687,2.0,0.022727272727272728,,,0.0,0.3346761159404611,0.7088060210798319,63,63,1719.984126984127,1158.0,1.170051919390543,0.6984126984126984,9.476986744264156e-05,3.9590463616274975e+23,263704.2314900876,23,2025-06-20 00:00:00+00:00,0,-9.145844907407408
1750464000000,72,1.2510650801836685,98.54187486379281,161779.47873863476,1.4203904623464836,38,0.5277777777777778,1.291713597173051,23.0,0.3194444444444444,0.26571764248393326,9.0,0.125,2.0004883433610887,2.0,0.027777777777777776,,,0.0,0.35943189807760856,1.060958564268875,38,38,1752.6315789473683,1283.0,1.172507166000668,0.7368421052631579,9.578597037828053e-05,4.840363514661482e+23,379347.88615934073,0,2025-06-21 00:00:00+00:00,0,-9.10417824074074
1750467600000,58,1.0539430212872865,63.49483663052582,110610.23497368662,1.212260341889042,23,0.39655172413793105,1.037525496748186,28.0,0.4827586206896552,0.5994276374664903,7.0,0.1206896551724138,,,0.0,,,0.0,0.22887232173877595,0.983388020150266,23,23,1427.2608695652175,1260.0,1.1418453135861235,0.6956521739130435,8.14607998940255e-05,5.086805480913308e+23,281398.58238239033,1,2025-06-21 00:00:00+00:00,0,-9.062511574074074
1750471200000,34,1.0112841291799042,35.469560941795535,57720.71232324265,1.2903034967552407,13,0.38235294117647056,0.9600361608931814,14.0,0.4117647058823529,0.5956012402562966,7.0,0.20588235294117646,,,0.0,,,0.0,0.28289145785603825,1.0074120388992025,13,13,1884.6923076923076,1333.0,1.2766873597387343,0.5384615384615384,5.925854749594913e-05,5.105089790771285e+23,126934.77404995574,2,2025-06-21 00:00:00+00:00,0,-9.020844907407408
1750474800000,26,1.4824817653956157,41.38191687305252,58549.77947327879,0.7001989066183457,11,0.4230769230769231,1.9648018402120497,9.0,0.34615384615384615,0.16341987768731403,4.0,0.15384615384615385,6.252720927413251,2.0,0.07692307692307693,,,0.0,0.45703733385936224,0.2431615727589835,11,11,1600.2727272727273,1421.0,1.2208781597844325,0.6363636363636364,4.30825096721689e-05,5.123929432270498e+23,246534.0251588493,3,2025-06-21 00:00:00+00:00,0,-8.97917824074074
1750478400000,25,1.0177004298022307,23.358769134880315,39810.034637540426,1.2042120056300203,12,0.48,1.2350498059081383,8.0,0.32,0.2223136460460839,5.0,0.2,,,0.0,,,0.0,0.3129555057513747,0.8912564998786454,12,12,4803.833333333333,1411.0,1.693359156673363,0.5833333333333334,5.4075975099564786e-05,5.126695101899372e+23,98034.70631017834,4,2025-06-21 00:00:00+00:00,0,-8.937511574074074
1750482000000,17,0.8612272307875963,13.57231805927429,23379.44981947335,0.8989167233008953,6,0.35294117647058826,1.1120357212099805,7.0,0.4117647058823529,0.20898028351609207,3.0,0.17647058823529413,0.8361716845656274,1.0,0.058823529411764705,,,0.0,0.19630517984518783,0.7026115434557075,6,6,1498.8333333333333,910.0,1.102402792180805,0.8333333333333334,4.635930711530247e-05,5.125224365361271e+23,68109.52393227762,5,2025-06-21 00:00:00+00:00,0,-8.895844907407408
1750485600000,29,0.8206266125646151,23.143834580128065,43158.12376985813,0.8414564615847635,17,0.5862068965517241,1.2462665015970236,6.0,0.20689655172413793,0.33596881797511924,6.0,0.20689655172413793,,,0.0,,,0.0,0.19375367892234663,0.6477027826624169,17,17,5776.058823529412,2233.0,2.021011814814812,0.17647058823529413,4.942452170779813e-05,5.1408071737401776e+23,121743.72608733874,6,2025-06-21 00:00:00+00:00,0,-8.85417824074074
1750489200000,24,0.4949670166801652,12.323017445432363,23933.495184586754,0.5608561292096335,9,0.375,0.6205919192996167,8.0,0.3333333333333333,0.2666811261486185,7.0,0.2916666666666667,,,0.0,,,0.0,0.2447545855148645,0.31610154369476895,9,9,2417.777777777778,1780.0,1.4613945038273346,0.3333333333333333,3.8204854524137786e-05,5.243720087286396e+23,76613.48649638418,7,2025-06-21 00:00:00+00:00,0,-8.812511574074074
1750492800000,45,1.2100084161503193,55.38602583943987,97988.98200628327,1.2099548727907672,21,0.4666666666666667,1.2627470645232701,15.0,0.3333333333333333,1.1222356033676897,9.0,0.2,,,0.0,,,0.0,0.3653151708935427,0.8446397018972244,21,21,4981.571428571428,1645.0,1.6638999907819878,0.47619047619047616,7.673306846831282e-05,5.265837453046613e+23,227414.25678331108,8,2025-06-21 00:00:00+00:00,0,-8.770844907407408
1750496400000,37,1.002956905116853,33.1730480473807,65288.22495694675,1.2727447234336169,17,0.4594594594594595,1.153142891026238,11.0,0.2972972972972973,0.3097970432959396,9.0,0.24324324324324326,,,0.0,,,0.0,1.0194453816321465,0.2532993418014704,17,17,2168.0588235294117,1413.0,1.354410186691917,0.5882352941176471,7.993194308961856e-05,4.3982329882360994e+23,162776.3048743628,9,2025-06-21 00:00:00+00:00,0,-8.72917824074074
1750500000000,70,0.831531379467712,54.441919058167215,96885.6771006962,0.73524383317992,43,0.6142857142857143,0.8127131350239982,15.0,0.21428571428571427,0.45839437243766923,10.0,0.14285714285714285,4.908535493133308,2.0,0.02857142857142857,,,0.0,0.22580887454612247,0.5094349586337975,43,43,1711.0,1379.0,1.2291394835189542,0.5813953488372093,7.203457056257891e-05,4.4407099185863994e+23,297238.31355533464,10,2025-06-21 00:00:00+00:00,0,-8.687511574074074
1750503600000,49,0.7904729650334035,36.22158030662493,69996.8166757721,0.8608986672022481,32,0.6530612244897959,0.7890184795443093,12.0,0.24489795918367346,0.09512173978932104,4.0,0.08163265306122448,1.3357092224758382,1.0,0.02040816326530612,,,0.0,0.42598756551684175,0.43491110168540625,32,32,2362.0625,1255.5,1.3334386393558062,0.625,5.427889326396578e-05,4.306267074475949e+23,117013.75507979722,11,2025-06-21 00:00:00+00:00,0,-8.645844907407408
1750507200000,44,0.6318784029322928,25.005525485866933,48082.87374900408,0.617412073857982,30,0.6818181818181818,0.32924319670150887,6.0,0.13636363636363635,0.4511619550548902,7.0,0.1590909090909091,4.146694647688136,1.0,0.022727272727272728,,,0.0,0.3321473153013313,0.28526475855665073,30,30,4806.0,1460.0,1.7475474776076483,0.5333333333333333,5.591094160615925e-05,4.302330153786247e+23,83838.04928799754,12,2025-06-21 00:00:00+00:00,0,-8.60417824074074
1750510800000,57,1.35600666839801,77.68664021157058,129693.18488961864,1.0280909148690645,24,0.42105263157894735,1.5783804442065552,22.0,0.38596491228070173,0.7150010644963561,9.0,0.15789473684210525,5.7294093944088065,2.0,0.03508771929824561,,,0.0,0.1368772935265112,0.8912136213425533,24,24,2905.4583333333335,1349.0,1.4598050769036088,0.6666666666666666,9.658824565389598e-05,4.761065818156816e+23,354043.2394102535,13,2025-06-21 00:00:00+00:00,0,-8.562511574074074
1750514400000,106,0.993223128093954,89.96735811112954,161387.08457121247,0.9924219293819673,60,0.5660377358490566,1.211473776396581,36.0,0.33962264150943394,0.21232798647641707,10.0,0.09433962264150944,,,0.0,,,0.0,0.1604746754067009,0.8319472539752664,60,60,1933.9666666666667,1378.0,1.286861712017924,0.5333333333333333,0.00011665608735356172,4.4292997672325916e+23,379237.16264086467,14,2025-06-21 00:00:00+00:00,0,-8.520844907407408
1750518000000,61,1.2127451352020766,57.301023764510674,100737.46432384803,1.35303191925507,34,0.5573770491803278,1.1412735555385984,23.0,0.3770491803278688,0.05892889612113972,3.0,0.04918032786885246,1.5482895269031172,1.0,0.01639344262295082,,,0.0,0.24937151353148787,1.103660405723582,34,34,3071.735294117647,1815.0,1.5766463406595599,0.4411764705882353,0.00010059921874659139,4.138189788229685e+23,214177.5073381817,15,2025-06-21 00:00:00+00:00,0,-8.47917824074074
1750521600000,63,0.8347032539941504,41.23477137326773,75788.34274720281,0.7751389947927981,33,0.5238095238095238,1.0324430834825638,25.0,0.3968253968253968,0.23912821728100822,5.0,0.07936507936507936,,,0.0,,,0.0,0.16055723998386595,0.6145817548089321,33,33,1679.5151515151515,1397.0,1.2302246412368278,0.6363636363636364,8.601041813311555e-05,4.227691215985585e+23,191442.94143581713,16,2025-06-21 00:00:00+00:00,0,-8.437511574074074
1750525200000,55,1.4703863696309518,57.65806848210588,106192.11584991564,1.409272863530273,26,0.4727272727272727,1.6793343473169002,23.0,0.41818181818181815,0.250648689418269,4.0,0.07272727272727272,2.3014355659767327,2.0,0.03636363636363636,,,0.0,0.2590113385485837,1.1502615249816892,26,26,2084.9615384615386,1210.0,1.2579871177550146,0.7307692307692307,9.736819151738879e-05,3.590058775145958e+23,249495.46179587874,17,2025-06-21 00:00:00+00:00,0,-8.395844907407408
1750528800000,108,1.0667332429132215,65.86035115241857,118113.47649406228,1.058768380326958,68,0.6296296296296297,1.3030439610296085,25.0,0.23148148148148148,0.346545060850732,13.0,0.12037037037037036,3.064877777797519,2.0,0.018518518518518517,,,0.0,0.2475971075860438,0.8111712727409143,68,68,1703.2205882352941,1276.0,1.2215479745240725,0.6470588235294118,0.00010963727183211931,3.0126863329820573e+23,267490.97566348116,18,2025-06-21 00:00:00+00:00,0,-8.35417824074074
1750532400000,119,1.2698091490130936,76.55084440594398,137965.82223706617,1.3328354869976526,78,0.6554621848739496,1.2411776607520795,31.0,0.2605042016806723,0.4112262060900127,9.0,0.07563025210084033,4.9685774086166745,1.0,0.008403361344537815,,,0.0,0.2023517664060094,1.1304837205916431,78,78,1611.7179487179487,1365.5,1.1950628782572812,0.6025641025641025,0.0001469347497556344,2.571796502056026e+23,269243.4050035197,19,2025-06-21 00:00:00+00:00,0,-8.312511574074074
1750536000000,126,1.052189861106155,89.25355489083444,175950.0832808447,1.0634290542812028,72,0.5714285714285714,1.2510035967539181,33.0,0.2619047619047619,0.3400160584220895,16.0,0.12698412698412698,1.8571309926992452,5.0,0.03968253968253968,,,0.0,0.3213949656116346,0.742034088669568,72,72,1335.625,1181.0,1.086004758580749,0.7083333333333334,0.00014144370019494838,3.426939298516063e+23,387862.5179625951,20,2025-06-21 00:00:00+00:00,0,-8.270844907407408
1750539600000,302,2.54303987495715,322.35225521460046,535205.9578148006,1.962721640025667,158,0.5231788079470199,4.079020227778144,83.0,0.27483443708609273,1.8128253067294382,58.0,0.19205298013245034,4.728492139036889,3.0,0.009933774834437087,,,0.0,0.5281554362304506,1.4345662037952163,158,158,1142.740506329114,980.5,0.9725035635890061,0.7848101265822784,0.0009362843112538575,1.8253635161864952e+23,2451336.4969757744,21,2025-06-21 00:00:00+00:00,0,-8.22917824074074
1750543200000,185,1.9244905517866233,136.49385705080087,218670.14013693863,1.8101659254278986,105,0.5675675675675675,2.309257999073812,55.0,0.2972972972972973,0.9843935385826631,21.0,0.11351351351351352,4.570468912825092,4.0,0.021621621621621623,,,0.0,0.42123067021808375,1.3889352552098149,105,105,1308.0380952380951,1162.0,1.089874003631008,0.6857142857142857,0.00019135447184227044,1.7580233554042375e+23,621716.6448935575,22,2025-06-21 00:00:00+00:00,0,-8.187511574074074
1750546800000,296,2.6486635788070587,339.18779883894433,520441.56280151167,1.8355622162851057,162,0.5472972972972973,4.626305202500472,82.0,0.27702702702702703,2.0204896472391574,49.0,0.16554054054054054,2.7607736563149268,3.0,0.010135135135135136,,,0.0,0.44132037300269494,1.3942418432824109,162,162,978.5802469135803,892.5,0.9341498066956003,0.8271604938271605,0.0005074589803475329,1.721848612734656e+23,2032151.2146819443,23,2025-06-21 00:00:00+00:00,0,-8.145844907407408
1750550400000,319,2.118943090102071,324.67940069587814,542635.2730579773,1.9068250802164213,178,0.5579937304075235,3.0210201110394768,81.0,0.25391849529780564,1.2003354081108442,55.0,0.1724137931034483,5.161381004748726,5.0,0.01567398119122257,,,0.0,0.36689064627557033,1.5399344339408507,178,178,1187.7022471910113,1136.5,1.0225736005617827,0.797752808988764,0.00027574335205478686,2.170306611680644e+23,1555439.8293506762,0,2025-06-22 00:00:00+00:00,0,-8.10417824074074
1750554000000,157,1.7834413434634886,134.5354896205671,219863.26425584787,1.5275146785648275,81,0.5159235668789809,1.9330519305675058,51.0,0.3248407643312102,1.6885285900952245,21.0,0.1337579617834395,5.556713277268537,4.0,0.025477707006369428,,,0.0,0.5979039146372802,0.9296107639275472,81,81,1453.888888888889,1151.0,1.142138995525257,0.6419753086419753,0.0001863169087848336,2.270829618388813e+23,635277.6777386036,1,2025-06-22 00:00:00+00:00,0,-8.062511574074074
1750557600000,208,1.9824453914165985,195.41481730469997,295235.77086456446,1.8870689355833619,116,0.5576923076923077,2.3352504723198098,68.0,0.3269230769230769,0.8808483568602761,21.0,0.10096153846153846,5.384599091723216,3.0,0.014423076923076924,,,0.0,0.46297479713710504,1.4240941384462567,116,116,1365.9137931034484,1340.5,1.1208955648627241,0.6896551724137931,0.0002598594414625055,2.1278086143481415e+23,762821.8675514067,2,2025-06-22 00:00:00+00:00,0,-8.020844907407408
1750561200000,121,1.1778727811788368,59.16798730747031,109192.84089345322,1.195468185088157,66,0.5454545454545454,1.4832316835915504,40.0,0.3305785123966942,0.2861625975439233,15.0,0.12396694214876033,,,0.0,,,0.0,0.24493966603217948,0.9505285190559776,66,66,1632.2878787878788,1354.5,1.2118733927024363,0.6212121212121212,0.000144682027414279,2.1010338068470867e+23,320991.9457299671,3,2025-06-22 00:00:00+00:00,0,-7.97917824074074
1750564800000,159,1.1594581126146888,127.7173594113333,238320.5242365866,1.007106940478308,99,0.6226415094339622,1.90798146979929,40.0,0.25157232704402516,0.2853132759723203,18.0,0.11320754716981132,1.5976775194548365,2.0,0.012578616352201259,,,0.0,0.29204474577178624,0.7150621947065218,99,99,1429.5050505050506,1163.0,1.1258838967193696,0.7373737373737373,0.00016788105887163208,3.508381462803862e+23,490489.0940449235,4,2025-06-22 00:00:00+00:00,0,-7.937511574074074
1750568400000,90,1.0133812583482837,77.11312362552793,145260.48100134195,1.08409855606289,49,0.5444444444444444,1.1302303319042426,27.0,0.3,0.3689816191312966,12.0,0.13333333333333333,1.5697428066369135,2.0,0.022222222222222223,,,0.0,0.3236251291802601,0.7604734268826298,49,49,2054.7551020408164,1265.0,1.3201748706888774,0.5510204081632653,0.00011194246956532089,4.292987202001421e+23,385018.67168970354,5,2025-06-22 00:00:00+00:00,0,-7.895844907407407
1750572000000,92,1.1646450843292875,93.5635382715641,163287.81115957536,1.217225257492772,52,0.5652173913043478,1.2939490609805748,25.0,0.2717391304347826,0.20295059564541001,13.0,0.14130434782608695,4.432275050382799,2.0,0.021739130434782608,,,0.0,0.34196054670346904,0.875264710789303,52,52,2576.903846153846,1729.5,1.4629477180685888,0.40384615384615385,0.00010814922535638439,4.373994384801237e+23,344897.6119112342,6,2025-06-22 00:00:00+00:00,0,-7.85417824074074
1750575600000,76,1.1493910448332842,57.23136880486889,110786.40300305674,0.9643639053142774,48,0.631578947368421,1.5565914537851544,25.0,0.32894736842105265,0.7164885358718109,3.0,0.039473684210526314,,,0.0,,,0.0,0.2423375263819145,0.722026378932363,48,48,1766.8125,1304.5,1.2023536217832131,0.6458333333333334,9.619997795560176e-05,3.290687548389955e+23,254065.00217915658,7,2025-06-22 00:00:00+00:00,0,-7.812511574074074
1750579200000,119,1.0527253108236279,64.39692372317963,118520.50596867187,1.0086635052840804,72,0.6050420168067226,1.277946286161493,36.0,0.3025210084033613,0.27411624055204886,9.0,0.07563025210084033,2.0887135703878723,2.0,0.01680672268907563,,,0.0,0.2327760214221825,0.7758874838618979,72,72,2126.1111111111113,1591.0,1.357760801991069,0.4583333333333333,0.00010279807694198305,2.785014787957246e+23,230463.29010622884,8,2025-06-22 00:00:00+00:00,0,-7.770844907407407
1750582800000,189,1.5147742101991877,148.66528811523216,260000.16787289697,1.226641074436469,118,0.6243386243386243,2.4271841938732734,52.0,0.2751322751322751,0.6422345402403391,18.0,0.09523809523809523,3.7748791384067992,1.0,0.005291005291005291,,,0.0,0.3050839902584076,0.9215570841780614,118,118,1456.5677966101696,1253.0,1.1300698769239887,0.6694915254237288,0.00017194629904620758,2.7583769513502842e+23,628846.3764109104,9,2025-06-22 00:00:00+00:00,0,-7.72917824074074
1750586400000,138,1.3813326670642634,79.99958650442164,146069.83160955968,1.4285701905081982,75,0.5434782608695652,1.4332993588971166,42.0,0.30434782608695654,0.5475286033809963,17.0,0.12318840579710146,3.493646108899411,4.0,0.028985507246376812,,,0.0,0.2813346808706936,1.1472355096375046,75,75,1597.1066666666666,1432.0,1.2178197374018673,0.5866666666666667,0.0001348056175041778,2.2172582345993875e+23,297997.6071359155,10,2025-06-22 00:00:00+00:00,0,-7.687511574074074
1750590000000,106,1.015510586817439,78.3155747456487,132132.13386880088,1.1583357224198065,51,0.4811320754716981,1.64457899122044,25.0,0.2358490566037736,0.24848418595758026,30.0,0.2830188679245283,,,0.0,,,0.0,0.2946664584643428,0.8636692639554636,51,51,1552.137254901961,1322.0,1.187450612677906,0.6666666666666666,0.00010882892701092982,3.9615376156683045e+23,426838.4307627046,11,2025-06-22 00:00:00+00:00,0,-7.645844907407407
1750593600000,125,1.1222102642484,171.35667101150017,308767.7887158964,1.0042673680990488,85,0.68,1.5375687885957725,32.0,0.256,0.5982407190174095,7.0,0.056,1.523670474444243,1.0,0.008,,,0.0,0.28480321680077136,0.7194641512982776,85,85,1544.9882352941177,1254.0,1.156963601206824,0.6705882352941176,0.00011581348334004206,5.982498169213232e+23,639070.2272159654,12,2025-06-22 00:00:00+00:00,0,-7.60417824074074
1750597200000,331,2.6763281839656248,516.2127428853316,840083.0724594895,2.111424221252755,173,0.5226586102719033,4.127339024856111,94.0,0.283987915407855,1.745686208279866,56.0,0.1691842900302115,4.3574928269685165,8.0,0.02416918429003021,,,0.0,0.5081859218296624,1.6032382994230927,173,173,1037.9306358381502,851.0,0.9275796830617677,0.7745664739884393,0.00031960343921025737,2.5543643382594484e+23,2679816.9789726203,13,2025-06-22 00:00:00+00:00,0,-7.562511574074074
1750600800000,303,2.271882546050622,243.94641736577552,418562.8903886237,1.7084585107786703,163,0.5379537953795379,3.774413595363046,83.0,0.2739273927392739,1.1789873880947046,49.0,0.1617161716171617,4.8568704705802315,8.0,0.026402640264026403,,,0.0,0.4129071079427244,1.2955514028359456,163,163,1112.0245398773006,1120.0,0.9992527370079175,0.7914110429447853,0.00022656160024213308,1.6379541346887068e+23,1314364.0284966375,14,2025-06-22 00:00:00+00:00,0,-7.520844907407407
1750604400000,199,1.772774358634711,117.46556687133192,202313.9783934508,1.8582520832783693,115,0.5778894472361809,1.7793653265669969,51.0,0.2562814070351759,0.4306368217391855,22.0,0.11055276381909548,3.5328605507378246,11.0,0.05527638190954774,,,0.0,0.49173972449480735,1.3665123587835617,115,115,1386.8695652173913,1318.0,1.1359651861761444,0.6608695652173913,0.00016890102085859382,1.7191132110316608e+23,517278.5815704305,15,2025-06-22 00:00:00+00:00,0,-7.47917824074074
1750608000000,180,1.7726372955679293,114.77315011601259,178627.7368519591,1.395966843547629,101,0.5611111111111111,2.7826738037045464,59.0,0.3277777777777778,0.6619922982501266,18.0,0.1,0.9942231084231246,2.0,0.011111111111111112,,,0.0,0.34431567256336726,1.0516511709842613,101,101,1439.8613861386139,1319.0,1.146681569753403,0.6039603960396039,0.00020134254836449842,1.6537207167234744e+23,467560.5654957508,16,2025-06-22 00:00:00+00:00,0,-7.437511574074074
1750611600000,160,1.6979491785377487,107.03982057659127,180630.41738419095,1.4903024060499421,85,0.53125,2.376123875926745,52.0,0.325,0.5843029364916182,21.0,0.13125,4.583680418639995,2.0,0.0125,,,0.0,0.38245299653942766,1.1078494095105142,85,85,1643.2823529411764,1349.0,1.2086170007443289,0.6235294117647059,0.00017386094462611875,2.0055923382699637e+23,467876.99249014,17,2025-06-22 00:00:00+00:00,0,-7.395844907407407
1750615200000,158,1.794841836893031,101.98235560700105,153667.47166125503,1.324636685312972,89,0.5632911392405063,2.2856541035299975,48.0,0.3037974683544304,0.8248438166723477,13.0,0.08227848101265822,5.657247331258002,8.0,0.05063291139240506,,,0.0,0.21236510876826925,1.1122715765447027,89,89,1918.876404494382,1420.0,1.2621010261338872,0.6067415730337079,0.00014426675071242196,1.7713799863370862e+23,355695.1324586922,18,2025-06-22 00:00:00+00:00,0,-7.35417824074074
1750618800000,151,1.7639976208472912,96.96691387356374,152096.0073819779,1.688513846735037,95,0.6291390728476821,1.9835760423341662,46.0,0.304635761589404,1.52580604304324,9.0,0.059602649006622516,0.9780729733516224,1.0,0.006622516556291391,,,0.0,0.22121606220273923,1.4672977845322979,95,95,1815.7578947368422,1371.0,1.2531107009647713,0.5894736842105263,0.00016606665414669992,1.8008900100482165e+23,262231.4758996959,19,2025-06-22 00:00:00+00:00,0,-7.312511574074074
1750622400000,283,2.5176436341309967,262.56327586208073,409326.54406410333,1.8809239886615687,174,0.6148409893992933,4.328824646581563,70.0,0.24734982332155478,1.8096630527714488,38.0,0.13427561837455831,13.427453165934526,1.0,0.0035335689045936395,,,0.0,0.35954880995852934,1.5213751787030392,174,174,1110.7183908045977,1075.0,0.991211509752272,0.7931034482758621,0.0003682448598416582,1.6245915422140686e+23,1425774.433504402,20,2025-06-22 00:00:00+00:00,0,-7.270844907407407
1750626000000,176,1.3326268253976015,83.95238869137808,148742.01941569973,1.2462564612612443,127,0.7215909090909091,1.7039537934678284,34.0,0.19318181818181818,1.0242377898731205,13.0,0.07386363636363637,2.509115221771556,2.0,0.011363636363636364,,,0.0,0.32376813804895926,0.922488323212285,127,127,1451.015748031496,1127.0,1.1058156611959549,0.7401574803149606,0.00015424257228635634,1.7474537014238146e+23,292215.07224134274,21,2025-06-22 00:00:00+00:00,0,-7.22917824074074
1750629600000,255,2.1701882446356735,288.0838480573292,430270.41129036725,1.7033872307482392,146,0.5725490196078431,3.574119240268581,74.0,0.2901960784313726,0.566378843124938,31.0,0.12156862745098039,5.665224694026421,4.0,0.01568627450980392,,,0.0,0.31004681160628716,1.393340419141952,146,146,1153.7671232876712,1137.0,1.0358502427084446,0.7534246575342466,0.00026778904574319145,2.261607055491437e+23,1266177.6693875922,22,2025-06-22 00:00:00+00:00,0,-7.187511574074074
1750633200000,119,1.3744374932860048,68.92005860916758,117925.08050835445,1.4040730444420002,72,0.6050420168067226,1.338743676675124,34.0,0.2857142857142857,1.3036551918658714,13.0,0.1092436974789916,,,0.0,,,0.0,0.2459915264931815,1.1580815179488186,72,72,1336.1666666666667,1182.0,1.111023451300706,0.6944444444444444,0.00014804871437673893,2.198844113961641e+23,316171.8920338136,23,2025-06-22 00:00:00+00:00,0,-7.145844907407407
1750636800000,166,1.4715566351600016,112.58874319279398,182346.1853985679,1.3354107890275382,93,0.5602409638554217,2.0091238147066566,51.0,0.3072289156626506,0.42819075381265975,18.0,0.10843373493975904,2.478112484582966,4.0,0.024096385542168676,,,0.0,0.33735960687946087,0.9980511821480772,93,93,1522.8924731182797,1267.0,1.1531975944686392,0.6666666666666666,0.00015851166777964494,2.2328711922659988e+23,438310.0832410213,0,2025-06-23 00:00:00+00:00,0,-7.10417824074074
1750640400000,109,1.3382279277704736,62.97668293996881,105355.21074688212,1.2896096981175376,60,0.5504587155963303,1.6239492503906388,28.0,0.25688073394495414,0.5727644962499933,16.0,0.14678899082568808,2.7710902577983187,5.0,0.045871559633027525,,,0.0,0.38796206289913565,0.9016476352184017,60,60,2025.0166666666667,1409.0,1.276404079659979,0.5833333333333334,0.00011464433664627438,2.233805522031163e+23,248458.27971597895,1,2025-06-23 00:00:00+00:00,0,-7.062511574074074
1750644000000,70,1.7246948926189858,51.74638973389685,84075.25534477078,1.3677791331863607,42,0.6,1.773415376062937,19.0,0.2714285714285714,2.2759409526790275,6.0,0.08571428571428572,5.310460342743966,3.0,0.04285714285714286,,,0.0,0.3027026130955006,1.06507652009086,42,42,2595.6666666666665,1421.0,1.4281309203756412,0.5476190476190477,0.00010938189568702675,2.2481134270062213e+23,177381.22621187483,2,2025-06-23 00:00:00+00:00,0,-7.020844907407407
1750647600000,68,1.4314140052188105,42.7827848029697,71650.69995453273,1.232874152588658,42,0.6176470588235294,1.920249041663054,21.0,0.3088235294117647,0.728119396884168,4.0,0.058823529411764705,2.317730483694662,1.0,0.014705882352941176,,,0.0,0.24765799059896074,0.9852161619896972,42,42,2968.5476190476193,1510.0,1.4907037502975748,0.5,0.00011136362564042967,2.2746461113438663e+23,147409.04483145382,3,2025-06-23 00:00:00+00:00,0,-6.97917824074074
1750651200000,57,1.5406996102102377,37.11181364076509,60679.54472939396,1.413476418969066,31,0.543859649122807,1.6257969562683365,17.0,0.2982456140350877,1.8181733930423103,9.0,0.15789473684210525,,,0.0,,,0.0,0.24844822923239515,1.1650281897366708,31,31,5169.290322580645,2493.0,1.877407133185324,0.41935483870967744,7.620268783251715e-05,2.2862103814592743e+23,194815.99261140908,4,2025-06-23 00:00:00+00:00,0,-6.937511574074074
1750654800000,54,1.163926463877176,27.040150502803517,48835.98308950344,1.2308532150544733,36,0.6666666666666666,1.145865306030554,13.0,0.24074074074074073,0.7290128658018524,5.0,0.09259259259259259,,,0.0,,,0.0,0.27487938017761543,0.9559738348768578,36,36,1888.25,1604.5,1.3073032526344979,0.4444444444444444,9.023112747206763e-05,2.2666623484505624e+23,135831.62357445495,5,2025-06-23 00:00:00+00:00,0,-6.895844907407407
1750658400000,90,1.4706464667975632,78.95021558404703,133286.65787570624,1.8375683616057565,47,0.5222222222222223,1.1310550836775335,24.0,0.26666666666666666,0.9667346588048051,18.0,0.2,1.4459231495628266,1.0,0.011111111111111112,,,0.0,0.5769578564109226,1.260610505194834,47,47,1603.3829787234042,1446.0,1.2210399543889938,0.5319148936170213,0.00013940569627542382,2.6024094347793914e+23,290382.38953580393,6,2025-06-23 00:00:00+00:00,0,-6.85417824074074
1750662000000,116,1.1226497811856917,151.68022826035968,259012.3612995381,1.0665600724076596,52,0.4482758620689655,1.765809782897843,34.0,0.29310344827586204,0.47593362269298867,28.0,0.2413793103448276,0.7012883992058061,2.0,0.017241379310344827,,,0.0,0.339823905808189,0.7267361665994707,52,52,1828.173076923077,1400.0,1.2646624506201067,0.6153846153846154,0.000141298716481919,5.3449219420316785e+23,826631.9158122299,7,2025-06-23 00:00:00+00:00,0,-6.812511574074074
1750665600000,103,0.8969448763795141,110.35642593045257,208000.4272076409,1.0457577231519264,51,0.49514563106796117,0.9055228882796434,29.0,0.2815533980582524,0.5612349281314815,22.0,0.21359223300970873,0.4443462073394676,1.0,0.009708737864077669,,,0.0,0.33864490280906734,0.7071128203428589,51,51,1409.7843137254902,1138.0,1.140320472638329,0.7058823529411765,0.00011235672210578057,5.514550430385364e+23,420959.0057296437,8,2025-06-23 00:00:00+00:00,0,-6.770844907407407
1750669200000,69,0.8609893552549148,73.32367169445548,137039.63540994647,0.7337332049346462,39,0.5652173913043478,1.0914809202205515,21.0,0.30434782608695654,0.8746190217229265,9.0,0.13043478260869565,,,0.0,,,0.0,0.42105977234147574,0.3126734325931705,39,39,1949.948717948718,1495.0,1.2658433814295311,0.5128205128205128,8.647300180472012e-05,6.0199068383684096e+23,351312.75473296415,9,2025-06-23 00:00:00+00:00,0,-6.72917824074074
1750672800000,54,0.9582757100393898,44.6180814003482,83322.18250929333,0.8872149128218912,33,0.6111111111111112,1.1656286831938967,16.0,0.2962962962962963,0.056086827089634084,4.0,0.07407407407407407,3.5943899795437595,1.0,0.018518518518518517,,,0.0,0.3037841123077471,0.5834308005141442,33,33,2052.909090909091,1446.0,1.3118244318877963,0.5454545454545454,8.19590040064066e-05,4.89486736641067e+23,220399.24580107932,10,2025-06-23 00:00:00+00:00,0,-6.687511574074074
1750676400000,60,1.199246133707296,74.01976666257463,128685.09311510588,1.2068099501752263,33,0.55,1.472011247374684,21.0,0.35,0.20296724529782176,6.0,0.1,,,0.0,,,0.0,0.2882702338075126,0.9185397163677137,33,33,2880.6666666666665,1686.0,1.4935070362912122,0.3939393939393939,9.402403383687263e-05,5.516947190638266e+23,276534.62161543797,11,2025-06-23 00:00:00+00:00,0,-6.645844907407407
1750680000000,80,1.0111874695024659,95.74529831484988,167884.31767989448,1.0054109149009514,41,0.5125,1.2044425909210268,28.0,0.35,0.546155611162673,10.0,0.125,0.48720139184277744,1.0,0.0125,,,0.0,0.2647574829807576,0.7406534319201936,41,41,1413.1463414634147,1345.0,1.1531082481997172,0.7560975609756098,0.00010094938546611173,6.493689024827223e+23,398863.6865176835,12,2025-06-23 00:00:00+00:00,0,-6.60417824074074
1750683600000,160,2.18449478625989,479.5617413146866,727936.3519982464,1.630121117642216,77,0.48125,2.942588322727382,48.0,0.3,2.186185090914364,32.0,0.2,4.265892447652598,3.0,0.01875,,,0.0,0.3151281422305571,1.3149929754116587,77,77,1172.0389610389611,1162.0,1.0126907151018865,0.7662337662337663,0.00021401450377586784,5.939486746590901e+23,2228413.8814812507,13,2025-06-23 00:00:00+00:00,0,-6.562511574074074
1750687200000,192,1.5079419646965733,333.76657809841475,605272.6720346106,1.197314545680555,84,0.4375,2.300334893912814,69.0,0.359375,0.7750596847331104,39.0,0.203125,,,0.0,,,0.0,0.36343233936501085,0.833882206315544,84,84,1250.9642857142858,1133.0,1.0491172971774285,0.75,0.00020717529327477115,5.5071694565421445e+23,1820353.0293442903,14,2025-06-23 00:00:00+00:00,0,-6.520844907407407
1750690800000,147,1.585026901232816,268.838424883555,472075.871741046,1.4083566585878475,75,0.5102040816326531,1.9183997872226248,59.0,0.4013605442176871,1.091278280076965,13.0,0.08843537414965986,,,0.0,,,0.0,0.3110507163427762,1.097305942245071,75,75,1515.1333333333334,1323.0,1.1858404753196963,0.6533333333333333,0.00016532156814639932,5.783198791046267e+23,1098337.244873528,15,2025-06-23 00:00:00+00:00,0,-6.47917824074074
1750694400000,235,2.403443839502122,296.06084769405277,486745.5113177721,2.1061842903880517,124,0.5276595744680851,3.041732511534837,77.0,0.3276595744680851,2.0152453084371817,32.0,0.13617021276595745,2.470598508353965,2.0,0.00851063829787234,,,0.0,0.42920522011380846,1.676979070274243,124,124,1283.1451612903227,1064.5,1.0800009188153985,0.7661290322580645,0.0002713556727298511,2.560215776778136e+23,1537235.0095809142,16,2025-06-23 00:00:00+00:00,0,-6.437511574074074
1750698000000,286,1.7301820036630549,551.3438317992536,933382.6011747377,1.5991998381268193,152,0.5314685314685315,2.520841492663392,74.0,0.25874125874125875,1.0265593537356783,56.0,0.1958041958041958,1.931020846517033,4.0,0.013986013986013986,,,0.0,0.5734058140006378,1.0257940241261816,152,152,1000.4934210526316,963.5,0.9600200437847923,0.8355263157894737,0.00023442252564921532,5.325644522293211e+23,2852207.89158202,17,2025-06-23 00:00:00+00:00,0,-6.395844907407407
1750701600000,258,1.4764581148491531,469.2683628092127,800107.1497986623,1.4018685167515244,147,0.5697674418604651,1.9978209890488248,76.0,0.29457364341085274,0.6576321857399072,35.0,0.13565891472868216,,,0.0,,,0.0,0.33028997211842964,1.0715785446330945,147,147,1097.7823129251701,986.0,1.0047154707300374,0.8231292517006803,0.000214402414770447,5.5329907746760676e+23,2081777.8311749578,18,2025-06-23 00:00:00+00:00,0,-6.35417824074074
1750705200000,175,1.4653155965071691,243.1864844463152,399045.61485647876,1.4239999647926371,100,0.5714285714285714,1.5576744741305444,45.0,0.2571428571428571,1.3571202534899267,27.0,0.15428571428571428,2.4308782431294538,3.0,0.017142857142857144,,,0.0,0.3324798981942644,1.0915200665983726,100,100,1350.33,1134.5,1.1069771424480228,0.74,0.0001669917619154991,4.65404776360745e+23,784597.8937451465,19,2025-06-23 00:00:00+00:00,0,-6.312511574074074
1750708800000,260,1.91729848305486,364.88061563936685,570906.1066445697,1.7257882765808132,159,0.6115384615384616,2.734277574080989,71.0,0.27307692307692305,0.6327805664299931,27.0,0.10384615384615385,4.292828854851424,3.0,0.011538461538461539,,,0.0,0.510761482812462,1.2150267937683512,159,159,1275.4591194968552,1162.0,1.0710538066834074,0.7861635220125787,0.000222633841969034,3.2050899531659254e+23,1347517.4215866236,20,2025-06-23 00:00:00+00:00,0,-6.270844907407407
1750712400000,137,1.252177890207817,109.4792563478097,188134.24912098967,1.2447938527732467,95,0.6934306569343066,1.4749347865206617,35.0,0.25547445255474455,0.238605345255617,7.0,0.051094890510948905,,,0.0,,,0.0,0.32579762483405333,0.9189962279391932,95,95,1651.8315789473684,1354.0,1.1999681513246891,0.6105263157894737,0.00015514321727025873,3.2953265036600894e+23,388073.63361338107,21,2025-06-23 00:00:00+00:00,0,-6.22917824074074
1750716000000,308,2.2622137655806847,401.5265877144823,625639.09431597,1.830898738845272,190,0.6168831168831169,4.043240288661676,74.0,0.24025974025974026,1.069394197782435,40.0,0.12987012987012986,1.7288825364969496,4.0,0.012987012987012988,,,0.0,0.5133666243992856,1.3175321144459864,190,190,1042.2,1004.5,0.9663916313206674,0.8157894736842105,0.0003258973084403213,2.2432526922937037e+23,1779024.8622564608,22,2025-06-23 00:00:00+00:00,0,-6.187511574074074
1750719600000,160,1.7334802589230704,129.44493914322527,209846.14190206304,1.7306278856377744,100,0.625,1.803324254217239,41.0,0.25625,1.301518503652667,16.0,0.1,3.177820794188125,3.0,0.01875,,,0.0,0.41972053630950235,1.310907349328272,100,100,1505.75,1257.5,1.152385359709543,0.69,0.00018343097683145226,2.2191535163003673e+23,481031.79694905865,23,2025-06-23 00:00:00+00:00,0,-6.145844907407407
1750723200000,165,1.285949866724873,96.23230853176716,165758.05192020567,1.3597374699633362,113,0.6848484848484848,1.3286035738013542,38.0,0.23030303030303031,0.41986270103609696,12.0,0.07272727272727272,1.503052843431223,2.0,0.012121212121212121,,,0.0,0.41918538481170786,0.9405520851516282,113,113,1640.0884955752213,1356.0,1.2056346572156582,0.6106194690265486,0.0001385435161304321,2.2649605941709587e+23,363583.9279389033,0,2025-06-24 00:00:00+00:00,0,-6.10417824074074
1750726800000,89,1.2332723794874871,51.34172870796646,83996.48437908773,1.1122744749460052,43,0.48314606741573035,1.597946906709584,25.0,0.2808988764044944,0.186521069989605,17.0,0.19101123595505617,4.703477123536308,4.0,0.0449438202247191,,,0.0,0.229403270907474,0.8828712040385311,43,43,1980.1627906976744,1693.0,1.3007636145599597,0.4186046511627907,0.00011683617548305554,2.3029673724948675e+23,208000.30200254018,1,2025-06-24 00:00:00+00:00,0,-6.062511574074074
1750730400000,87,1.599570547831464,67.47621201502493,108348.4267572574,1.8157540348563306,53,0.6091954022988506,1.5871618821594646,26.0,0.2988505747126437,0.20768310972571913,8.0,0.09195402298850575,,,0.0,,,0.0,0.401247257966296,1.4145067768900343,53,53,2207.3396226415093,1471.0,1.350669288951517,0.5094339622641509,0.00014253259210032546,2.3748526640148558e+23,211247.03167606573,2,2025-06-24 00:00:00+00:00,0,-6.020844907407407
1750734000000,70,1.1168499765071565,35.41734773873375,62310.000176887086,0.9379342681747936,36,0.5142857142857142,1.8814806893627847,20.0,0.2857142857142857,0.48458935099662065,14.0,0.2,,,0.0,,,0.0,0.32508868900407845,0.6128455791707152,36,36,2149.027777777778,1446.0,1.3542613454232357,0.5277777777777778,0.00010575264037810745,2.3147579755005138e+23,133751.67411637583,3,2025-06-24 00:00:00+00:00,0,-5.97917824074074
1750737600000,63,1.1558565776814294,33.31384988792838,57812.92717048344,1.1415788985636683,37,0.5873015873015873,1.2932390611427373,17.0,0.2698412698412698,0.3663945353805974,8.0,0.12698412698412698,5.664324824603,1.0,0.015873015873015872,,,0.0,0.18536115817314058,0.9562177403905278,37,37,2574.2432432432433,1419.0,1.371737239704601,0.5675675675675675,9.28193781378937e-05,2.3561013771567964e+23,135590.085621685,4,2025-06-24 00:00:00+00:00,0,-5.937511574074074
1750741200000,80,0.9671470043135694,39.48918126849434,77073.89077122994,0.8730889653167972,40,0.5,1.3309245569002714,28.0,0.35,0.20883100834302779,11.0,0.1375,2.8851730474327475,1.0,0.0125,,,0.0,0.20740747531606143,0.6656814900007357,40,40,1641.75,1517.5,1.211842388286408,0.5,8.05518293584051e-05,2.4164310134047197e+23,191446.79536444249,5,2025-06-24 00:00:00+00:00,0,-5.895844907407407
1750744800000,96,1.1518831508429115,56.456483239527664,98753.66968561255,1.0300722415516355,51,0.53125,1.466086377791817,30.0,0.3125,0.4642606428279798,14.0,0.14583333333333334,7.564857828439857,1.0,0.010416666666666666,,,0.0,0.20240210195078898,0.8276701396008466,51,51,1924.0392156862745,1454.0,1.3031852329129123,0.5098039215686274,0.0001232146206436963,2.5035570625713896e+23,231338.5924891435,6,2025-06-24 00:00:00+00:00,0,-5.85417824074074
1750748400000,117,1.6264864143126114,101.37292826840681,174492.3292144352,1.371098541460742,68,0.5811965811965812,2.1057966554006757,40.0,0.3418803418803419,0.488310891912532,7.0,0.05982905982905983,4.707083597915167,2.0,0.017094017094017096,,,0.0,0.2557559460940127,1.1153425953667293,68,68,1682.5735294117646,1380.5,1.2329523207103863,0.5882352941176471,0.00015153979815596917,2.594004215966966e+23,407993.82903739857,7,2025-06-24 00:00:00+00:00,0,-5.812511574074074
1750752000000,148,1.4002499881378274,125.88634586206584,198836.0952263858,1.2000184833414682,85,0.5743243243243243,2.0844754563605354,41.0,0.27702702702702703,0.5985366891732057,20.0,0.13513513513513514,3.9005998330637937,2.0,0.013513513513513514,,,0.0,0.36364943233331587,0.8363690510081522,85,85,1389.4588235294118,1270.0,1.1183616098494051,0.6352941176470588,0.00018469663139447382,2.664161432990318e+23,514455.27185063047,8,2025-06-24 00:00:00+00:00,0,-5.770844907407407
1750755600000,123,1.3362974653014081,121.64011614464033,207134.58902995355,1.2375818266788647,69,0.5609756097560976,1.9066032644241864,34.0,0.2764227642276423,0.6477613956554992,19.0,0.15447154471544716,1.8394646833547235,1.0,0.008130081300813009,,,0.0,0.33323240316234093,0.9043494235165237,69,69,1416.4782608695652,1296.0,1.121041404713827,0.6666666666666666,0.00016070124401223576,3.7519816233089835e+23,801304.4893134048,9,2025-06-24 00:00:00+00:00,0,-5.72917824074074
1750759200000,87,1.0728498100017614,67.5658330961827,121887.63040890876,1.2726896378970805,48,0.5517241379310345,0.8632816108388475,26.0,0.2988505747126437,0.7541160745602569,13.0,0.14942528735632185,,,0.0,,,0.0,0.24383443666881952,1.0288552012282608,48,48,1435.5,1255.0,1.149464349832377,0.6666666666666666,0.00014004433210797207,3.575048525774442e+23,291910.1403391517,10,2025-06-24 00:00:00+00:00,0,-5.687511574074074
1750762800000,100,1.0597733247972796,77.08754012010793,134715.8098918509,1.0053028368734114,64,0.64,1.45482769505894,25.0,0.25,0.4788416857596479,11.0,0.11,,,0.0,,,0.0,0.32144195900124256,0.6838608778721688,64,64,1349.140625,1226.0,1.1104875640084004,0.703125,0.00013232395768281036,3.6020088448795116e+23,371952.7413441919,11,2025-06-24 00:00:00+00:00,0,-5.645844907407407
1750766400000,97,1.1846441756522421,87.91776443705052,141470.16625484428,1.1153089011705843,56,0.5773195876288659,1.0888919788637101,26.0,0.26804123711340205,0.3954613441337544,13.0,0.13402061855670103,9.500498824259743,2.0,0.020618556701030927,,,0.0,0.14849693296651983,0.9668119682040645,56,56,1689.8035714285713,1282.0,1.2039567273331468,0.6964285714285714,0.00011280219996532258,3.6062507957594865e+23,290591.6612420509,12,2025-06-24 00:00:00+00:00,0,-5.60417824074074
1750770000000,171,1.3273452933670893,191.1112657075406,339809.80530455377,1.4165313441511758,102,0.5964912280701754,1.5649280131093106,45.0,0.2631578947368421,0.3581763183365908,23.0,0.13450292397660818,3.83003215069178,1.0,0.005847953216374269,,,0.0,0.27874491001001356,1.137786434141162,102,102,1387.264705882353,1228.5,1.1347337682691097,0.7254901960784313,0.00017480813850746465,4.31356888842164e+23,816017.0201910499,13,2025-06-24 00:00:00+00:00,0,-5.562511574074074
1750773600000,166,1.3803328768283574,289.951413427787,518638.5671899718,1.4102307194267805,93,0.5602409638554217,1.6683401309495904,50.0,0.30120481927710846,0.42036490309670177,19.0,0.1144578313253012,1.6449652351249777,4.0,0.024096385542168676,,,0.0,0.26664689801230923,1.1435838214144711,93,93,1329.6881720430108,1242.0,1.099606145195316,0.6989247311827957,0.00018036005392840928,7.29381816096945e+23,1237369.7781609544,14,2025-06-24 00:00:00+00:00,0,-5.520844907407407
1750777200000,158,1.2879195536685297,162.78564766094533,289754.69571494835,1.2988051421411901,84,0.5316455696202531,1.5230981327176585,54.0,0.34177215189873417,0.6072179186507086,20.0,0.12658227848101267,,,0.0,,,0.0,0.22673680387598058,1.0720683382652094,84,84,1614.1904761904761,1384.5,1.1931137593104375,0.6547619047619048,0.0001512591939214022,4.15077413866499e+23,696638.3020418856,15,2025-06-24 00:00:00+00:00,0,-5.47917824074074
1750780800000,163,1.7446990756011493,228.85975226086225,330617.4955226365,1.4106503756334123,90,0.5521472392638037,2.462653587996224,45.0,0.27607361963190186,0.9589607600647464,25.0,0.15337423312883436,7.544661684843843,3.0,0.018404907975460124,,,0.0,0.34866983012606384,1.0619805455073486,90,90,1532.0555555555557,1305.5,1.161354025609513,0.6,0.00020024113495695602,3.2300305491169546e+23,836636.0666516197,16,2025-06-24 00:00:00+00:00,0,-5.437511574074074
1750784400000,179,1.2831788490945968,149.11427211233288,256549.93728893052,1.2703618178413119,113,0.6312849162011173,1.615284955400147,40.0,0.22346368715083798,0.8561416417037381,25.0,0.13966480446927373,0.12318931326527494,1.0,0.00558659217877095,,,0.0,0.34458668814745164,0.9257751296938602,113,113,1281.929203539823,1142.0,1.072084929694409,0.7522123893805309,0.00016986525878549003,3.1268024972512615e+23,571715.942511008,17,2025-06-24 00:00:00+00:00,0,-5.395844907407407
1750788000000,122,1.1123483534926666,111.34741346481084,194425.93724789654,1.1114529104096635,85,0.6967213114754098,1.5793919263720932,21.0,0.1721311475409836,0.43289185957529497,14.0,0.11475409836065574,1.0026426267079103,2.0,0.01639344262295082,,,0.0,0.2196833418688741,0.8917695685407894,85,85,1487.235294117647,1190.0,1.1543412523873522,0.6941176470588235,0.00013177492658429042,3.7742200307267905e+23,411841.7322225031,18,2025-06-24 00:00:00+00:00,0,-5.35417824074074
1750791600000,99,1.2379766164165615,106.79135211836925,178743.51994472955,1.0457510335612292,70,0.7070707070707071,1.930994637351871,24.0,0.24242424242424243,0.6026482759017336,5.0,0.050505050505050504,,,0.0,,,0.0,0.2162898786058318,0.8294611549553973,70,70,1396.5,1122.5,1.1002645314984592,0.7714285714285715,0.0001184761036095357,3.766168715810627e+23,413618.875433045,19,2025-06-24 00:00:00+00:00,0,-5.312511574074074
1750795200000,81,1.1139849365085301,69.23455815212496,125002.82178488144,1.1369927260974328,51,0.6296296296296297,1.2324397453289677,23.0,0.2839506172839506,0.5571480976650861,7.0,0.08641975308641975,,,0.0,,,0.0,0.31828499854915604,0.8187077275482767,51,51,1697.6666666666667,1366.0,1.213377583231581,0.6078431372549019,0.0001132250540900242,3.887968445307219e+23,287514.7912523758,20,2025-06-24 00:00:00+00:00,0,-5.270844907407407
1750798800000,84,0.8774720930065177,62.50570265244008,117201.56806443885,1.028648268893772,54,0.6428571428571429,0.8599136895934013,18.0,0.21428571428571427,0.22351690663354803,12.0,0.14285714285714285,,,0.0,,,0.0,0.3769614344912814,0.6516868344024906,54,54,1491.962962962963,1267.0,1.141494851287589,0.6296296296296297,8.460336333581115e-05,4.0702650356677814e+23,218603.74783459312,21,2025-06-24 00:00:00+00:00,0,-5.22917824074074
1750802400000,82,0.9022087629270679,60.68894794701784,109963.3259928048,0.9298078462224687,65,0.7926829268292683,1.0660590090696465,10.0,0.12195121951219512,0.41185978069466256,7.0,0.08536585365853659,,,0.0,,,0.0,0.19647776881348133,0.7333300774089874,65,65,1463.3384615384616,1426.0,1.1427127760520281,0.5692307692307692,8.245119757435098e-05,3.922291369059658e+23,167594.2800474962,22,2025-06-24 00:00:00+00:00,0,-5.187511574074074
1750806000000,74,1.0739347053601516,66.55190335966617,119122.55751943453,0.9696714410517795,58,0.7837837837837838,1.7225618640801008,12.0,0.16216216216216217,0.6398705616717003,4.0,0.05405405405405406,,,0.0,,,0.0,0.3890077013035336,0.5806637397482459,58,58,2051.1724137931033,1436.0,1.2911042485459179,0.5344827586206896,8.991934598707423e-05,3.932955722773489e+23,191278.18192022905,23,2025-06-24 00:00:00+00:00,0,-5.145844907407407
1750809600000,106,1.0737143659882642,84.65555332871338,150406.11487956528,0.9805465826546793,69,0.6509433962264151,1.5679114715168296,25.0,0.2358490566037736,0.5798518169718664,12.0,0.11320754716981132,,,0.0,,,0.0,0.27489826070096524,0.7056483219537141,69,69,1350.3333333333333,1182.0,1.0861722090634474,0.6956521739130435,0.00013425434316045095,3.523551175919092e+23,304410.26953833573,0,2025-06-25 00:00:00+00:00,0,-5.10417824074074
1750813200000,111,1.1738871135024644,86.38347513860684,154561.74602236872,1.251244022514851,65,0.5855855855855856,1.1236931504078023,37.0,0.3333333333333333,0.707737174951849,8.0,0.07207207207207207,1.7320641706047901,1.0,0.009009009009009009,,,0.0,0.3012617411061736,0.9499822814086771,65,65,1498.7230769230769,1209.0,1.1661428767978153,0.7076923076923077,0.00012222259301135807,3.24137698828391e+23,279348.6508188681,1,2025-06-25 00:00:00+00:00,0,-5.062511574074074
1750816800000,96,0.980513985732877,66.02542564552144,118102.53205714552,0.8833607481063345,64,0.6666666666666666,1.3700607960469442,26.0,0.2708333333333333,0.28137735781353246,5.0,0.052083333333333336,0.5657872652625783,1.0,0.010416666666666666,,,0.0,0.17989771249484354,0.7034630356114908,64,64,1701.109375,1328.5,1.2226945562765685,0.640625,9.415599900835888e-05,3.2952809092309075e+23,240542.49890255003,2,2025-06-25 00:00:00+00:00,0,-5.020844907407407
1750820400000,114,0.852380586782568,66.49140750598242,124838.82148289031,1.0889481584105225,39,0.34210526315789475,0.8480422035517095,29.0,0.2543859649122807,0.63055071758356,41.0,0.35964912280701755,0.8513210782553671,5.0,0.043859649122807015,,,0.0,0.13843987976150604,0.9505082786490165,39,39,2008.923076923077,1485.0,1.299207496452331,0.5128205128205128,7.508989100756014e-05,3.3357083644143394e+23,433935.2106959207,3,2025-06-25 00:00:00+00:00,0,-4.97917824074074
1750824000000,84,0.9907854910552187,127.00603449305932,228976.5484037667,1.239311739343544,37,0.44047619047619047,1.0956506714809606,19.0,0.2261904761904762,0.5549028845152558,25.0,0.2976190476190476,0.8938373406358657,3.0,0.03571428571428571,,,0.0,0.25255411321309584,0.986757626130448,37,37,2542.4864864864867,1062.0,1.2658667881622712,0.6756756756756757,8.048315478831668e-05,7.272439494476466e+23,687946.6877252777,4,2025-06-25 00:00:00+00:00,0,-4.937511574074074
1750827600000,57,0.991939455552421,117.01426828305414,201843.3709313345,1.3079056754109426,24,0.42105263157894735,1.088801405677888,18.0,0.3157894736842105,0.3985814030897373,13.0,0.22807017543859648,0.1854146071284023,2.0,0.03508771929824561,,,0.0,0.29536926447212347,1.012536410938819,24,24,1263.8333333333333,1130.5,1.0602455886304247,0.7916666666666666,8.8290766645902e-05,9.821080315205182e+23,604969.4342733737,5,2025-06-25 00:00:00+00:00,0,-4.895844907407407
1750831200000,61,0.7461763282876429,75.16276355498886,146394.962449545,0.8214901383927422,35,0.5737704918032787,0.7383813307053665,10.0,0.16393442622950818,0.42833473327377425,11.0,0.18032786885245902,0.9338211617470105,5.0,0.08196721311475409,,,0.0,0.2408573541010535,0.5806327842916887,35,35,1744.3428571428572,1223.0,1.2094601095876918,0.6285714285714286,6.537093603153137e-05,8.141968486005425e+23,528750.5536680616,6,2025-06-25 00:00:00+00:00,0,-4.85417824074074
1750834800000,137,0.7741495571996782,82.78563563992826,155021.87040389105,0.993666569240995,43,0.31386861313868614,0.7841039397977512,27.0,0.19708029197080293,0.6346095645458746,59.0,0.4306569343065693,0.5897570220309055,8.0,0.058394160583941604,,,0.0,0.20891547705313976,0.7847510921878551,43,43,2366.232558139535,1480.0,1.3912027821756503,0.5348837209302325,7.993493738673523e-05,3.8105693796375576e+23,527190.8913331656,7,2025-06-25 00:00:00+00:00,0,-4.812511574074074
1750838400000,58,1.1165648434225852,110.58841122790882,203689.08070432188,1.0116029044289643,37,0.6379310344827587,1.714256202621227,15.0,0.25862068965517243,0.26960173588664194,6.0,0.10344827586206896,,,0.0,,,0.0,0.3216308998478229,0.6899720045811414,37,37,2461.810810810811,1561.0,1.4291421089082312,0.3783783783783784,0.00010112667185977085,8.324672818640608e+23,422416.2912005595,8,2025-06-25 00:00:00+00:00,0,-4.770844907407407
1750842000000,121,1.4271941782423714,152.8790541134048,268697.05700626574,1.4956884843591312,76,0.628099173553719,1.6316716017906043,30.0,0.24793388429752067,0.6712015134876558,15.0,0.12396694214876033,,,0.0,,,0.0,0.5121944698925308,0.9834940144666003,76,76,1235.921052631579,1168.5,1.0501800950061526,0.7236842105263158,0.0001413432931410844,4.213615104897524e+23,638311.5877040271,9,2025-06-25 00:00:00+00:00,0,-4.72917824074074
1750845600000,87,0.7503312165366737,67.30859242695475,130925.3618996806,0.837317383003728,55,0.632183908045977,0.7843553313101779,17.0,0.19540229885057472,0.39282127608083534,15.0,0.1724137931034483,,,0.0,,,0.0,0.2027347187372532,0.6345826642664748,55,55,2162.309090909091,1316.0,1.3270611065813969,0.5818181818181818,9.537507412767752e-05,4.9175807061300395e+23,264461.35508408997,10,2025-06-25 00:00:00+00:00,0,-4.687511574074074
1750849200000,54,0.6567826259901404,61.82956923574381,118515.09544946326,0.7769923678307674,32,0.5925925925925926,0.5644999133338449,13.0,0.24074074074074073,0.36266746217144913,9.0,0.16666666666666666,,,0.0,,,0.0,0.17338503195508687,0.6036073358756805,32,32,2063.96875,1294.0,1.2417355980294587,0.6875,8.898267838387313e-05,1.0868521250845448e+24,463490.5879350991,11,2025-06-25 00:00:00+00:00,0,-4.645844907407407
1750852800000,64,1.002107689466688,107.47918545200771,202366.57280566823,1.1351621259725169,27,0.421875,1.0804337601036216,26.0,0.40625,0.49038517835599316,11.0,0.171875,,,0.0,,,0.0,0.1838101687744579,0.951351957198059,27,27,1527.9259259259259,1185.0,1.1641163860147015,0.6666666666666666,0.00010033277646451572,8.683932893835687e+23,499579.7122672422,12,2025-06-25 00:00:00+00:00,0,-4.60417824074074
1750856400000,143,1.054572592135896,154.46523343787817,285243.9245807276,0.9815777590305782,58,0.40559440559440557,1.3961822213339978,53.0,0.3706293706293706,0.6202348751338739,31.0,0.21678321678321677,0.6474317918075999,1.0,0.006993006993006993,,,0.0,0.547815680128019,0.43376207890255924,58,58,1341.896551724138,1097.5,1.104729471519018,0.6551724137931034,0.00014558831484585538,5.609956135427751e+23,833960.2759036445,13,2025-06-25 00:00:00+00:00,0,-4.562511574074074
1750860000000,220,1.7257616695437605,481.67195219890783,750846.3314200244,1.5825289734945176,124,0.5636363636363636,2.6064872636810623,59.0,0.2681818181818182,0.7905423560567554,36.0,0.16363636363636364,1.1917012110812575,1.0,0.004545454545454545,,,0.0,0.42171588825593903,1.1608130852385785,124,124,1299.6290322580646,1201.0,1.0886733001730007,0.6774193548387096,0.0002297729552881524,6.312278583760905e+23,1944626.35829539,14,2025-06-25 00:00:00+00:00,0,-4.520844907407407
1750863600000,172,1.2091620465616195,356.9955058907977,619686.2994459297,1.3099049939780119,94,0.5465116279069767,1.3315919874914248,50.0,0.29069767441860467,0.567996522136345,26.0,0.1511627906976744,1.7486468122746057,2.0,0.011627906976744186,,,0.0,0.2967990241167296,1.0131059698612823,94,94,1228.8936170212767,1090.0,1.0555140615217202,0.7659574468085106,0.0001601146020549736,7.552528753152315e+23,1461586.4286233445,15,2025-06-25 00:00:00+00:00,0,-4.47917824074074
1750867200000,136,1.1609508466805476,146.19258412837152,246966.64343931855,1.064894138109117,91,0.6691176470588235,1.6075385297374258,30.0,0.22058823529411764,0.8505195125668022,15.0,0.11029411764705882,,,0.0,,,0.0,0.21841579538954356,0.8464783427195735,91,91,1312.3406593406594,1286.0,1.0968979780325807,0.7362637362637363,0.00013133766092569466,4.340274817314769e+23,473363.57314620225,16,2025-06-25 00:00:00+00:00,0,-4.437511574074074
1750870800000,122,1.0283531163733717,174.30856391349926,324659.5620981069,1.0010322851502311,78,0.639344262295082,1.2383156646748297,33.0,0.27049180327868855,0.5921950019603579,11.0,0.09016393442622951,,,0.0,,,0.0,0.2733680665919318,0.7276642185582993,78,78,1120.2051282051282,1022.0,1.015992631512371,0.8333333333333334,0.00013173945217865828,6.659297909386029e+23,708271.0736070873,17,2025-06-25 00:00:00+00:00,0,-4.395844907407407
1750874400000,82,1.0081164360520762,135.37095079817536,254374.5900207927,1.1017410857470793,53,0.6463414634146342,0.8951298982169612,26.0,0.3170731707317073,0.33329761934468266,3.0,0.036585365853658534,,,0.0,,,0.0,0.19859261381369242,0.903148471933387,53,53,1186.2830188679245,1195.0,1.059697908188152,0.7547169811320755,0.00011235751786164106,7.463601789717867e+23,472258.42060187587,18,2025-06-25 00:00:00+00:00,0,-4.35417824074074
1750878000000,102,0.9984148504674315,181.09741495425192,324085.79012382455,1.1776900861793949,58,0.5686274509803921,1.0120266563202795,30.0,0.29411764705882354,0.22653500426176584,14.0,0.13725490196078433,,,0.0,,,0.0,0.30904556777808384,0.8686445184013112,58,58,1256.0172413793102,981.0,1.0466915998839115,0.8448275862068966,0.00010545174000083343,7.604687872414882e+23,597586.4252963957,19,2025-06-25 00:00:00+00:00,0,-4.312511574074074
1750881600000,78,1.2495031279796007,150.06055875671885,268956.42220305116,1.289151322192013,49,0.6282051282051282,1.1880564671894898,23.0,0.2948717948717949,0.3778024181883043,5.0,0.0641025641025641,5.078518358700439,1.0,0.01282051282051282,,,0.0,0.2436574076479246,1.0454939145440882,49,49,1594.6938775510205,963.0,1.1398324197579275,0.7346938775510204,9.974657623012147e-05,7.541872461840031e+23,468543.18661896454,20,2025-06-25 00:00:00+00:00,0,-4.270844907407407
1750885200000,116,1.1620726472609721,219.75936517837079,383408.9822564849,1.0412595196801062,71,0.6120689655172413,1.6812522124735836,30.0,0.25862068965517243,0.2514623417092749,12.0,0.10344827586206896,2.471962236755466,3.0,0.02586206896551724,,,0.0,0.27864773913201857,0.7626117805480878,71,71,1201.1267605633802,1049.0,1.032241076586048,0.8169014084507042,0.00011986311467551598,7.157206171842584e+23,827531.1143537246,21,2025-06-25 00:00:00+00:00,0,-4.22917824074074
1750888800000,70,0.9916823092000604,118.35205079687144,227595.3142284159,0.9316845126054133,49,0.7,1.1489537825876184,13.0,0.18571428571428572,1.1036026690874934,8.0,0.11428571428571428,,,0.0,,,0.0,0.37543738488946593,0.5562471277159473,49,49,1600.0,972.0,1.0678998591669278,0.7551020408163265,9.701131302016561e-05,7.38264082765573e+23,413693.05029875424,22,2025-06-25 00:00:00+00:00,0,-4.187511574074074
1750892400000,63,0.6169717455780064,58.451188069798214,114145.31163699224,0.6559781204833124,37,0.5873015873015873,0.5902995389977587,21.0,0.3333333333333333,0.4403478389157821,5.0,0.07936507936507936,,,0.0,,,0.0,0.18346402036902118,0.47251410011429124,37,37,1259.6486486486488,931.0,1.0392254925161286,0.7837837837837838,7.74921560610584e-05,6.468107235268535e+23,238659.41549486594,23,2025-06-25 00:00:00+00:00,0,-4.145844907407407
1750896000000,80,0.8918830489110423,119.28719831970838,225180.34578045274,0.8834700319971059,51,0.6375,0.9376864404583533,23.0,0.2875,0.8308221024692131,5.0,0.0625,0.5727736381427916,1.0,0.0125,,,0.0,0.18451128766102728,0.6989587443360786,51,51,1630.686274509804,1149.0,1.1830040007920428,0.7450980392156863,8.46824672476609e-05,7.596642563187803e+23,375039.3654926806,0,2025-06-26 00:00:00+00:00,0,-4.10417824074074
1750899600000,136,1.999199338537621,346.4933034272699,492188.9634611397,1.2531653803099887,66,0.4852941176470588,3.0719265349929987,47.0,0.34558823529411764,1.9478977302602727,23.0,0.16911764705882354,,,0.0,,,0.0,0.32236101749952634,0.9308043628104623,66,66,1657.878787878788,1148.0,1.1409798529608155,0.7878787878787878,0.000200554264270387,5.213312238235553e+23,1307929.9185852555,1,2025-06-26 00:00:00+00:00,0,-4.062511574074074
1750903200000,123,1.6007361787980146,170.87192627656614,247694.07505702824,1.3585339498052058,67,0.5447154471544715,1.9062522231884877,39.0,0.3170731707317073,1.854408155932706,17.0,0.13821138211382114,,,0.0,,,0.0,0.34375775416371934,1.0147761956414862,67,67,1385.2537313432836,1241.0,1.132771334157652,0.7164179104477612,0.00022476400296515077,3.7326361740291656e+23,710976.0325774682,2,2025-06-26 00:00:00+00:00,0,-4.020844907407407
1750906800000,108,1.0888608876843893,109.12172166513643,197417.01031376835,1.1874637631259672,47,0.4351851851851852,1.338085922781511,35.0,0.32407407407407407,0.5062295336097531,23.0,0.21296296296296297,1.1032974775387938,3.0,0.027777777777777776,,,0.0,0.6901082854555113,0.4973554776704559,47,47,1366.9148936170213,1334.0,1.1354122079362114,0.723404255319149,0.00015382538800133783,4.344453746514526e+23,722448.659048602,3,2025-06-26 00:00:00+00:00,0,-3.979178240740741
1750910400000,114,0.7912133078827999,73.61398773647423,137685.68995283713,0.8803918303587664,64,0.5614035087719298,0.7894580661092485,29.0,0.2543859649122807,0.4188524149164465,19.0,0.16666666666666666,1.5003800775487175,2.0,0.017543859649122806,,,0.0,0.3326508521013906,0.5477409782573759,64,64,1594.78125,1403.5,1.1886015325215982,0.625,9.582866938176836e-05,4.118700335675351e+23,346356.2624431383,4,2025-06-26 00:00:00+00:00,0,-3.9375115740740743
1750914000000,65,0.7705167202776954,41.11432134179442,75816.57338828879,0.7402290970510808,38,0.5846153846153846,0.9878232371447991,21.0,0.3230769230769231,0.20176552501139244,6.0,0.09230769230769231,,,0.0,,,0.0,0.31072771633234764,0.4295013807187331,38,38,2096.6315789473683,1388.5,1.3198621493057692,0.5263157894736842,8.16207280994121e-05,4.1694240337622386e+23,166551.9737582718,5,2025-06-26 00:00:00+00:00,0,-3.8958449074074073
1750917600000,54,1.120389733929382,68.28123026176573,123219.88811128953,1.2390593586081344,35,0.6481481481481481,0.9187943505252724,14.0,0.25925925925925924,0.5350416948522311,3.0,0.05555555555555555,1.3328610444957079,2.0,0.037037037037037035,,,0.0,0.22445921687841863,1.0146001417297157,35,35,1561.5428571428572,1456.0,1.1997184871916053,0.5428571428571428,7.283396397297372e-05,6.30775683855335e+23,257904.08517036386,6,2025-06-26 00:00:00+00:00,0,-3.854178240740741
1750921200000,86,1.2384795710521457,100.37243003419225,158429.76568166088,1.2964551219764742,50,0.5813953488372093,1.343695386692022,24.0,0.27906976744186046,0.8043228465237178,11.0,0.12790697674418605,0.5902464192914002,1.0,0.011627906976744186,,,0.0,0.3327014059292964,0.9637537160471777,50,50,2031.0,1424.5,1.3055906966336042,0.54,0.00010608488219156063,4.452757237353891e+23,318913.90217814955,7,2025-06-26 00:00:00+00:00,0,-3.8125115740740743
1750924800000,70,0.9924738307957556,57.78789706364809,107345.82068684399,0.9393402160241793,42,0.6,1.350279609088744,19.0,0.2714285714285714,0.1723684695974864,7.0,0.1,1.579493611409415,2.0,0.02857142857142857,,,0.0,0.1796217379531026,0.7597184780710766,42,42,1838.0238095238096,1317.5,1.2361079538297797,0.6904761904761905,9.343927161096967e-05,4.06032532431779e+23,210277.68216772674,8,2025-06-26 00:00:00+00:00,0,-3.7708449074074073
1750928400000,73,1.485204672139025,135.8984248843393,196826.37409212335,0.9677960621637616,47,0.6438356164383562,3.1783889661473914,19.0,0.2602739726027397,0.3634479696645126,7.0,0.0958904109589041,,,0.0,,,0.0,0.2606121323615178,0.7071839298022435,47,47,1336.7446808510638,1203.0,1.0632975140761474,0.7021276595744681,0.00011225334235981995,4.890510175020724e+23,384711.4054408442,9,2025-06-26 00:00:00+00:00,0,-3.729178240740741
1750932000000,78,1.1699124696438177,88.04657361496194,153641.34132871337,1.0177802466698793,46,0.5897435897435898,1.9281149891121108,20.0,0.2564102564102564,0.45669449498197384,11.0,0.14102564102564102,0.8493420583594079,1.0,0.01282051282051282,,,0.0,0.21733959850954815,0.800440648160331,46,46,1231.8260869565217,1127.5,1.0659129963863803,0.782608695652174,0.00011040965228870162,4.178830198010043e+23,375308.60985159135,10,2025-06-26 00:00:00+00:00,0,-3.6875115740740743
1750935600000,79,0.9373805075806418,99.65528634919806,186167.7807731501,0.915250252784685,53,0.6708860759493671,1.2435635729727692,18.0,0.22784810126582278,0.3950815484715696,8.0,0.10126582278481013,,,0.0,,,0.0,0.2010338892222278,0.7142163635624571,53,53,1435.6415094339623,1294.0,1.1286530439796196,0.660377358490566,8.500851222672291e-05,6.781126906222871e+23,369361.8566602163,11,2025-06-26 00:00:00+00:00,0,-3.6458449074074073
1750939200000,92,0.9618813960934453,135.2480851856379,244019.83686919726,1.0458796331981277,49,0.532608695652174,1.1923281916804296,25.0,0.2717391304347826,0.41315453454877576,18.0,0.1956521739130435,,,0.0,,,0.0,0.26987288344646637,0.7760067497516614,49,49,1733.591836734694,1316.0,1.1650682848151508,0.5918367346938775,0.00010385873371589301,6.82036781596242e+23,539201.4945505658,12,2025-06-26 00:00:00+00:00,0,-3.604178240740741
1750942800000,147,0.9953271640371463,212.71340027345477,407259.09567579324,1.048843565449952,92,0.6258503401360545,0.9447468768789229,43.0,0.2925170068027211,0.62933009337145,11.0,0.07482993197278912,2.2727383591852934,1.0,0.006802721088435374,,,0.0,0.2120511415844278,0.8367924238655241,92,92,1399.2065217391305,1243.0,1.1227684939362954,0.6847826086956522,0.00013443800742179998,6.630980244387027e+23,847079.963547658,13,2025-06-26 00:00:00+00:00,0,-3.5625115740740743
1750946400000,152,1.244833699247767,244.69549930228692,435218.4249851741,1.0683041812009137,93,0.6118421052631579,1.7151218363482188,47.0,0.3092105263157895,0.6197931416773256,11.0,0.07236842105263158,2.43398256715877,1.0,0.006578947368421052,,,0.0,0.47578244477834203,0.5925217364225717,93,93,1406.3440860215053,1173.0,1.1303400224799935,0.6881720430107527,0.00013681885152590527,6.380520364818772e+23,859411.8413245796,14,2025-06-26 00:00:00+00:00,0,-3.5208449074074073
1750950000000,129,1.7401535592520643,321.3945039873804,456289.0235049521,1.2997158649293141,68,0.5271317829457365,2.996731320814617,41.0,0.3178294573643411,0.6616573087461818,20.0,0.15503875968992248,,,0.0,,,0.0,0.22897497124561386,1.0707408936837002,68,68,1362.235294117647,1280.5,1.1140851360622672,0.6764705882352942,0.00017759121848833436,5.3452935690575056e+23,1045821.5003828795,15,2025-06-26 00:00:00+00:00,0,-3.479178240740741
1750953600000,126,0.9175553571336148,165.55969265403863,308676.1457450369,0.9880998508106331,89,0.7063492063492064,0.8222274898517099,31.0,0.24603174603174602,0.36367268188101903,6.0,0.047619047619047616,,,0.0,,,0.0,0.18195636850015606,0.8061434823104769,89,89,1409.426966292135,1225.0,1.1220966601245286,0.6741573033707865,0.00011371391954802658,6.389080141109176e+23,490569.74939408957,16,2025-06-26 00:00:00+00:00,0,-3.4375115740740743
1750957200000,93,0.9999997756050963,120.24718034601241,220380.74459346698,1.0294069222767914,59,0.6344086021505376,1.1820959157241617,25.0,0.26881720430107525,0.30139698042658075,9.0,0.0967741935483871,,,0.0,,,0.0,0.2641366206532869,0.7652703016235046,59,59,1448.9661016949153,1272.0,1.1421310503720894,0.6779661016949152,0.00010248844133695781,6.590610968713247e+23,396097.96715106745,17,2025-06-26 00:00:00+00:00,0,-3.3958449074074073
1750960800000,117,0.9589500427671918,149.9610955868879,269209.84368906583,0.7870957819249569,76,0.6495726495726496,1.390375849423936,36.0,0.3076923076923077,0.464868999640604,5.0,0.042735042735042736,,,0.0,,,0.0,0.19663025927799987,0.590465522646957,76,76,1402.7763157894738,1155.0,1.1255715288021375,0.6973684210526315,0.00012718079526829296,6.543502402221009e+23,544793.4304789689,18,2025-06-26 00:00:00+00:00,0,-3.354178240740741
1750964400000,82,0.764377622278216,96.05162070381061,179152.52207147406,0.7797699588806426,61,0.7439024390243902,0.7156293331398241,18.0,0.21951219512195122,0.7438898461925625,3.0,0.036585365853658534,,,0.0,,,0.0,0.14975361212570254,0.63001634675494,61,61,1209.1639344262296,1141.0,1.0423927379102116,0.7213114754098361,8.454365342863827e-05,6.643386914043511e+23,321681.7418905177,19,2025-06-26 00:00:00+00:00,0,-3.3125115740740743
1750968000000,109,0.8531345949441769,136.286188047986,253883.6320696032,0.9108299320169382,70,0.6422018348623854,0.9297950087505491,25.0,0.22935779816513763,0.41473267386729845,13.0,0.11926605504587157,0.5971756286909978,1.0,0.009174311926605505,,,0.0,0.19135854525846038,0.7194713867584777,70,70,1307.4142857142858,1038.5,1.0575426558481655,0.8,0.00011362350521134061,6.427886468373612e+23,503643.1775088437,20,2025-06-26 00:00:00+00:00,0,-3.2708449074074073
1750971600000,170,1.3873772449514197,237.324155595694,407159.57691246195,1.1263322808547878,108,0.6352941176470588,2.319615074796171,42.0,0.24705882352941178,0.8393206083992565,20.0,0.11764705882352941,,,0.0,,,0.0,0.3433490095073735,0.7829832713474141,108,108,1271.4907407407406,1159.5,1.0713466582419537,0.7314814814814815,0.00019829853004937163,4.908418403028106e+23,1040818.5636854096,21,2025-06-26 00:00:00+00:00,0,-3.229178240740741
1750975200000,83,1.3717533987371002,102.19757118051912,166252.24747229702,1.4145843813560466,59,0.7108433734939759,1.5435762741869463,16.0,0.1927710843373494,0.5682408194720636,7.0,0.08433734939759036,1.7201474718769916,1.0,0.012048192771084338,,,0.0,0.21328130106834708,1.2013030802876994,59,59,1597.5593220338983,1140.0,1.1462775677215222,0.6949152542372882,0.00011120268103261998,4.0739969631988036e+23,253208.26700238662,22,2025-06-26 00:00:00+00:00,0,-3.1875115740740743
1750978800000,62,0.8506102251652768,36.30792626625225,68702.69006961805,0.8393630932269815,49,0.7903225806451613,1.121118904555134,10.0,0.16129032258064516,0.13261778219124357,3.0,0.04838709677419355,,,0.0,,,0.0,0.18204007605555064,0.6573230171714308,49,49,1852.204081632653,1249.0,1.2187835244057483,0.6122448979591837,7.985082948377063e-05,3.3957982154688e+23,128850.91148366476,23,2025-06-26 00:00:00+00:00,0,-3.1458449074074073
1750982400000,82,0.9658062190505287,53.65777368874453,99207.58728659325,0.881923189356708,52,0.6341463414634146,1.2530389814222738,26.0,0.3170731707317073,0.18927264965385315,4.0,0.04878048780487805,,,0.0,,,0.0,0.2316878397996334,0.6502353495570746,52,52,1731.1346153846155,1255.5,1.192946038999562,0.6730769230769231,8.747327097447798e-05,3.401246460044517e+23,172828.46997610832,0,2025-06-27 00:00:00+00:00,0,-3.104178240740741
1750986000000,104,1.8028349858444348,196.07814345611916,214834.02197663425,1.4642394735167577,43,0.41346153846153844,3.2044288553161246,36.0,0.34615384615384615,0.3557426722273167,24.0,0.23076923076923078,0.635278241764574,1.0,0.009615384615384616,,,0.0,0.5003683946631867,0.9638710788535708,43,43,1226.8837209302326,1214.0,1.0784629039531035,0.7674418604651163,0.00014986984942662584,3.438202690773141e+23,547747.4409567596,1,2025-06-27 00:00:00+00:00,0,-3.0625115740740743
1750989600000,38,1.0642699930545034,27.45735265250965,49947.98289938412,1.3503606627802327,16,0.42105263157894735,0.9871579270232012,14.0,0.3684210526315789,0.3652333495622187,6.0,0.15789473684210525,1.4124390279446386,2.0,0.05263157894736842,,,0.0,0.22244764947187012,1.1279130133083626,16,16,2681.5,1653.0,1.509262115570824,0.4375,7.436387773796328e-05,3.510447085848365e+23,119349.50198106353,2,2025-06-27 00:00:00+00:00,0,-3.0208449074074073
1750993200000,29,1.2472876629315885,27.376113830859378,44882.218561110014,1.8793850673631862,10,0.3448275862068966,1.2202559316585444,13.0,0.4482758620689655,0.25236073997052216,6.0,0.20689655172413793,,,0.0,,,0.0,0.24700143260437005,1.6323836347588163,10,10,2652.0,1423.5,1.45002384868121,0.5,5.8981459941097175e-05,3.799223063820716e+23,117701.65194627226,3,2025-06-27 00:00:00+00:00,0,-2.979178240740741
1750996800000,30,0.529683846974535,15.421687199414297,31046.498119887452,0.7149777827285182,11,0.36666666666666664,0.45662725905104995,15.0,0.5,0.29408772836414954,4.0,0.13333333333333333,,,0.0,,,0.0,0.1804462320939855,0.5345315506345326,11,11,3417.7272727272725,1235.0,1.5411906698185616,0.5454545454545454,6.335135308600082e-05,4.0591693744973174e+23,108657.85570494315,4,2025-06-27 00:00:00+00:00,0,-2.9375115740740743
1751000400000,67,0.6683938529126545,35.11066261535647,65091.214255909,0.6420384474704653,30,0.44776119402985076,0.9363951400503064,24.0,0.3582089552238806,0.23444241229434967,13.0,0.19402985074626866,,,0.0,,,0.0,0.4723662170020521,0.1696722304684132,30,30,1716.1333333333334,1587.5,1.228769463431507,0.4666666666666667,6.491310349355805e-05,3.924197564358056e+23,168012.25687573824,5,2025-06-27 00:00:00+00:00,0,-2.8958449074074073
1751004000000,65,1.0301518145668975,50.33510424249034,89994.95876123334,1.0629053104279962,40,0.6153846153846154,1.4129312395223848,16.0,0.24615384615384617,0.20408396637448167,9.0,0.13846153846153847,,,0.0,,,0.0,0.2616884206894975,0.8012168897384985,40,40,2728.825,1360.5,1.421193934904388,0.55,7.564444176247249e-05,4.053523055681551e+23,148637.75470929363,6,2025-06-27 00:00:00+00:00,0,-2.854178240740741
1751007600000,62,0.7655166891862878,39.08563039217032,72522.44485552728,0.8914318281413096,34,0.5483870967741935,1.082682087784381,14.0,0.22580645161290322,0.12863403289829026,13.0,0.20967741935483872,0.32356091608621174,1.0,0.016129032258064516,,,0.0,0.1691344937731759,0.7222973343681337,34,34,1786.4117647058824,1260.5,1.2183811167800256,0.7058823529411765,8.225152308449932e-05,4.2084244561655144e+23,192904.5544333372,7,2025-06-27 00:00:00+00:00,0,-2.8125115740740743
1751011200000,104,1.0994410044000362,111.09869426461535,194669.04757924407,0.9222971830760068,61,0.5865384615384616,1.6717003240836903,27.0,0.25961538461538464,0.6650675667929324,15.0,0.14423076923076922,2.969814037813716,1.0,0.009615384615384616,,,0.0,0.3643852480477769,0.5579119350282299,61,61,1524.9180327868853,1222.0,1.1430139283998095,0.7049180327868853,0.00010657202783139032,4.45220932957218e+23,433646.52776407177,8,2025-06-27 00:00:00+00:00,0,-2.7708449074074073
1751014800000,95,0.8385128818923343,78.54681779588874,142695.9988544267,0.8636499386115118,49,0.5157894736842106,0.8983052717940108,33.0,0.3473684210526316,0.1299965394763841,9.0,0.09473684210526316,1.6314584908294671,4.0,0.042105263157894736,,,0.0,0.22674191542246522,0.6369080231890466,49,49,1488.1020408163265,1132.0,1.1224347925367821,0.6530612244897959,9.891265439635348e-05,4.556302052325437e+23,398747.7680287443,9,2025-06-27 00:00:00+00:00,0,-2.729178240740741
1751018400000,51,0.7719443243784027,37.596938959383834,68411.83249522888,0.8861868393272158,30,0.5882352941176471,0.4214907332347794,12.0,0.23529411764705882,0.8584073960738564,9.0,0.17647058823529413,,,0.0,,,0.0,0.16118701456306586,0.7249998247641497,30,30,2133.133333333333,1434.5,1.3184489534388801,0.5666666666666667,7.856102475076395e-05,4.711266979658434e+23,129235.67365795173,10,2025-06-27 00:00:00+00:00,0,-2.6875115740740743
1751022000000,38,0.697069438108192,32.619657815526885,63000.89718353939,0.7906005942213019,21,0.5526315789473685,0.7089260416928491,11.0,0.2894736842105263,0.38985287781512656,5.0,0.13157894736842105,0.1385753217669804,1.0,0.02631578947368421,,,0.0,0.10422483693241327,0.6863757572888887,21,21,2360.0,1506.0,1.4029389286228433,0.47619047619047616,5.816326495030404e-05,4.9185484577695516e+23,120203.2290407417,11,2025-06-27 00:00:00+00:00,0,-2.6458449074074073
1751025600000,76,1.5601824397173405,131.65921895472405,201894.37462282492,1.5735948195984413,49,0.6447368421052632,1.7793681107396107,15.0,0.19736842105263158,1.0526911568126174,11.0,0.14473684210526316,3.197594872161318,1.0,0.013157894736842105,,,0.0,0.27298772891017925,1.300607090688262,49,49,1920.6734693877552,1078.0,1.2227380717333236,0.673469387755102,0.00012402998322603325,4.784613648561477e+23,409452.2734713467,12,2025-06-27 00:00:00+00:00,0,-2.604178240740741
1751029200000,108,1.1820155839151236,103.39796527326834,181850.80042190943,1.0619761294791035,59,0.5462962962962963,1.4807567869925446,32.0,0.2962962962962963,0.7139334621289108,14.0,0.12962962962962962,2.540601923333353,3.0,0.027777777777777776,,,0.0,0.253503445379657,0.8084726840994464,59,59,1797.0169491525423,1521.0,1.26084432922651,0.4915254237288136,0.00013197237505093676,4.0507706179023467e+23,387651.96201884147,13,2025-06-27 00:00:00+00:00,0,-2.5625115740740743
1751032800000,119,1.120101239169914,118.27315082507306,215257.94440308638,1.2223187299457257,72,0.6050420168067226,1.4337346660500823,29.0,0.24369747899159663,0.20593297720417503,18.0,0.15126050420168066,,,0.0,,,0.0,0.17181255575711094,1.0505061741886146,72,72,1599.861111111111,1460.0,1.2191584532801003,0.5555555555555556,0.0001386633616996127,4.696653339053176e+23,503696.41215905343,14,2025-06-27 00:00:00+00:00,0,-2.5208449074074073
1751036400000,92,0.6877808941457885,85.03399585258826,160281.7667046282,0.6457251269842972,55,0.5978260869565217,1.0378866946796172,25.0,0.2717391304347826,0.1511494091904807,12.0,0.13043478260869565,,,0.0,,,0.0,0.1842513584139987,0.4614737685702985,55,55,1605.290909090909,1170.0,1.1765614627532481,0.6545454545454545,0.0001023036823564045,6.577996201079784e+23,382622.74115371535,15,2025-06-27 00:00:00+00:00,0,-2.479178240740741
1751040000000,88,0.7417301179065157,104.52137196671497,193345.8431786765,0.7989999942803842,51,0.5795454545454546,0.9378288044237522,23.0,0.26136363636363635,0.1804694147952531,13.0,0.14772727272727273,0.6070857733891976,1.0,0.011363636363636364,,,0.0,0.28607682401019235,0.5129231702701919,51,51,1533.921568627451,1130.0,1.1475700824438673,0.6470588235294118,0.00010441902445523142,8.308503654887233e+23,490745.5903406998,16,2025-06-27 00:00:00+00:00,0,-2.4375115740740743
1751043600000,111,1.3648546478914105,208.24931197036406,369546.0183160753,1.3339844577290019,78,0.7027027027027027,1.6771505047227842,20.0,0.18018018018018017,0.8763943907874032,9.0,0.08108108108108109,1.5043796503855278,4.0,0.036036036036036036,,,0.0,0.31940983055652516,1.0145746271724765,78,78,1498.8974358974358,1124.5,1.1267301869145314,0.7051282051282052,0.00012452275819526055,6.702632473915614e+23,790490.3331163045,17,2025-06-27 00:00:00+00:00,0,-2.3958449074074073
1751047200000,134,0.8180994009721927,122.05432472231148,227792.69445531606,0.8009818046373877,91,0.6791044776119403,1.048233583307444,32.0,0.23880597014925373,0.27490116455453506,10.0,0.07462686567164178,0.44348919688797384,1.0,0.007462686567164179,,,0.0,0.21259291224143492,0.5883888923959527,91,91,1434.6703296703297,1224.0,1.1198138839075782,0.7472527472527473,0.00012858300875740969,5.589014215254881e+23,505094.5767959194,18,2025-06-27 00:00:00+00:00,0,-2.354178240740741
1751050800000,81,1.1054945685494413,82.31479835537804,144968.65703300905,0.9664815659041581,50,0.6172839506172839,1.5438042902105087,24.0,0.2962962962962963,0.5956683988920919,7.0,0.08641975308641975,,,0.0,,,0.0,0.30097178569224325,0.6655097802119149,50,50,1274.66,1177.5,1.0706898977187487,0.74,0.00010827651587036286,4.4359901912553725e+23,306445.28894968703,19,2025-06-27 00:00:00+00:00,0,-2.3125115740740743
1751054400000,51,1.3014904506553768,73.38795688010241,130553.21617254261,1.5136806759875654,35,0.6862745098039216,1.0025930620352663,12.0,0.23529411764705882,0.3415181448590586,4.0,0.0784313725490196,,,0.0,,,0.0,0.28369677506588875,1.2299839009216766,35,35,1306.0,1199.0,1.0807468130438536,0.7428571428571429,8.412717897100817e-05,5.874276667361188e+23,221352.3691094967,20,2025-06-27 00:00:00+00:00,0,-2.2708449074074073
1751058000000,66,0.8279638667072395,76.99663279223394,141705.47333643326,0.875382481220656,39,0.5909090909090909,0.8444678138836972,21.0,0.3181818181818182,0.46197905725243055,6.0,0.09090909090909091,,,0.0,,,0.0,0.2283375204512165,0.6470449607694396,39,39,1725.8974358974358,1220.0,1.1421765677557956,0.7435897435897436,8.487783851383114e-05,6.301020078327745e+23,276864.95000704454,21,2025-06-27 00:00:00+00:00,0,-2.229178240740741
1751061600000,24,0.5418238826766367,15.004544924540417,28515.786663881936,0.6629595037421819,14,0.5833333333333334,0.5594111393495459,5.0,0.20833333333333334,0.18505688702020062,5.0,0.20833333333333334,,,0.0,,,0.0,0.15873874199284405,0.5042207617493378,14,14,1707.5714285714287,1668.5,1.2755810085123032,0.42857142857142855,5.49109673589269e-05,5.7086896840873644e+23,66061.95449172187,22,2025-06-27 00:00:00+00:00,0,-2.1875115740740743
1751065200000,30,0.8088716924871163,22.760534074180484,42585.985308672316,0.8614009313465164,16,0.5333333333333333,0.9674172922469237,10.0,0.3333333333333333,0.2023907376499977,4.0,0.13333333333333333,,,0.0,,,0.0,0.29564990348854725,0.5657510278579692,16,16,1750.6875,1072.0,1.1631627994492129,0.6875,4.487329839175517e-05,5.1471597215724064e+23,95644.64547018165,23,2025-06-27 00:00:00+00:00,0,-2.1458449074074073
1751068800000,46,0.5124479466593354,28.3155841354323,52589.38657863172,0.6945150810522778,24,0.5217391304347826,0.22377564164178124,10.0,0.21739130434782608,0.38887393205474585,12.0,0.2608695652173913,,,0.0,,,0.0,0.3464347288555147,0.3480803521967631,24,24,2280.0416666666665,1229.5,1.317683385109132,0.5833333333333334,6.399035587200171e-05,5.5022129494414634e+23,124156.57677056306,0,2025-06-28 00:00:00+00:00,0,-2.104178240740741
1751072400000,44,0.9050021391377947,44.12908710835896,73630.30276851449,1.0412485509966056,29,0.6590909090909091,0.6883636865620898,9.0,0.20454545454545456,0.5714354940170999,6.0,0.13636363636363635,,,0.0,,,0.0,0.2248789241808255,0.8163696268157801,29,29,2388.2413793103447,1139.0,1.2719452018909339,0.5862068965517241,6.930821752806152e-05,4.833273376143889e+23,157521.73957701432,1,2025-06-28 00:00:00+00:00,0,-2.0625115740740743
1751076000000,20,0.4741201947920425,13.47890156130329,26435.86475193621,0.3353439186719897,13,0.65,0.7689475327400429,5.0,0.25,0.6390976447023844,2.0,0.1,,,0.0,,,0.0,0.10015553659985785,0.2351883820721319,13,13,2273.6923076923076,2260.0,1.449487596691469,0.3076923076923077,4.1211666328258184e-05,5.9670819373000796e+23,52981.16159531301,2,2025-06-28 00:00:00+00:00,0,-2.0208449074074073
1751079600000,17,0.31722768837610393,9.918873788088531,20190.920592797505,0.46197375704426935,10,0.5882352941176471,0.10570772162183262,4.0,0.23529411764705882,0.11676741515458082,3.0,0.17647058823529413,,,0.0,,,0.0,0.14826059020745397,0.3137131668368154,10,10,4407.3,1362.5,1.737923339375559,0.6,3.66247583607313e-05,5.9155539616761465e+23,50063.08607343361,3,2025-06-28 00:00:00+00:00,0,-1.9791782407407408
1751083200000,6,0.6221625992306882,3.9963687690274763,7112.689609230863,0.16961411243521674,2,0.3333333333333333,0.8484368426284239,4.0,0.6666666666666666,,,0.0,,,0.0,,,0.0,0.1283251358552605,0.04128897657995623,2,2,1712.0,1712.0,1.3068544427204671,0.0,2.88734680583479e-05,6.401228407497418e+23,34831.352641016805,4,2025-06-28 00:00:00+00:00,0,-1.937511574074074
1751086800000,29,1.1202063237417648,62.1263811490096,101758.31153191735,1.268414553342039,13,0.4482758620689655,1.8052999591629304,8.0,0.27586206896551724,0.19427431522015415,8.0,0.27586206896551724,,,0.0,,,0.0,1.2583501702166804,0.010064383125358161,13,13,2332.3846153846152,1299.0,1.3561115431750705,0.6153846153846154,5.126173344007566e-05,9.006793374556494e+23,396035.7385982101,5,2025-06-28 00:00:00+00:00,0,-1.8958449074074073
1751090400000,15,0.7450751642415345,19.27067744905722,37182.74874029672,0.8077990106263355,10,0.6666666666666666,1.0320268874730631,2.0,0.13333333333333333,0.33856323596704196,2.0,0.13333333333333333,0.35695711047945433,1.0,0.06666666666666667,,,0.0,0.30512089058565717,0.5026781200406782,10,10,1398.1,1106.5,1.1188172355596204,0.8,3.582792493759776e-05,9.12590256054406e+23,90183.06366173597,6,2025-06-28 00:00:00+00:00,0,-1.8541782407407408
1751094000000,8,2.064615764701548,35.76852174109852,49565.09253461759,0.677697927155001,4,0.5,3.451533602248096,4.0,0.5,,,0.0,,,0.0,,,0.0,0.15308031175304426,0.5246176154019566,4,4,3774.5,3044.0,1.8651769107419298,0.0,3.299968774225664e-05,9.18598763544997e+23,109525.70515360065,7,2025-06-28 00:00:00+00:00,0,-1.812511574074074
1751097600000,36,0.5468456277579791,42.45185968172997,84301.70171764982,0.8250515384906137,19,0.5277777777777778,0.28147659900693695,11.0,0.3055555555555556,0.15237012981487966,6.0,0.16666666666666666,,,0.0,,,0.0,1.299660906329157,-0.47460936783854335,19,19,1804.2631578947369,1232.0,1.221682442760095,0.6842105263157895,4.476437973037261e-05,9.281078547371794e+23,169622.1066478719,8,2025-06-28 00:00:00+00:00,0,-1.7708449074074073
1751101200000,24,0.5601046941722297,31.13540328705325,61527.68453313959,0.4832791371646945,15,0.625,0.9251116383189917,5.0,0.20833333333333334,0.39194185276703475,4.0,0.16666666666666666,,,0.0,,,0.0,0.2413841197952818,0.24189501736941268,15,15,1695.0,1431.0,1.2346767698013266,0.5333333333333333,3.754099838152532e-05,9.240923238133526e+23,120837.37826638347,9,2025-06-28 00:00:00+00:00,0,-1.7291782407407408
1751104800000,25,0.3907829345651414,24.042635579050284,48427.358049671966,0.36455061831804414,13,0.52,0.4256727238620839,11.0,0.44,0.34801536351103823,1.0,0.04,,,0.0,,,0.0,0.24409989303305119,0.1204507252849929,13,13,2637.4615384615386,1589.0,1.4131263578955833,0.46153846153846156,3.5802432769493175e-05,9.24181091468801e+23,108461.86371693622,10,2025-06-28 00:00:00+00:00,0,-1.687511574074074
1751108400000,11,0.6562466515256123,15.111517113705414,29268.926387014737,0.567425140955845,8,0.7272727272727273,0.8931040130449919,3.0,0.2727272727272727,,,0.0,,,0.0,,,0.0,0.20216987192428915,0.3652552690315558,8,8,1557.75,1337.0,1.2266897122029858,0.625,2.7022968541965433e-05,9.241896919079711e+23,71855.60545771959,11,2025-06-28 00:00:00+00:00,0,-1.6458449074074073
1751112000000,20,0.4401269503669968,16.232012481013964,31209.96947338292,0.5814602266256552,11,0.55,0.16338449716602355,6.0,0.3,0.475389843820529,3.0,0.15,,,0.0,,,0.0,0.1389539919611713,0.4425062346644839,11,11,2451.5454545454545,1621.0,1.3830456614434041,0.45454545454545453,3.375662201200655e-05,9.24433593381989e+23,82267.96411703785,12,2025-06-28 00:00:00+00:00,0,-1.6041782407407408
1751115600000,19,0.572419211034077,19.865125852039924,36110.18150008391,0.9262451904222857,5,0.2631578947368421,0.8077020384450506,5.0,0.2631578947368421,0.21780265073101812,8.0,0.42105263157894735,0.46380765946263824,1.0,0.05263157894736842,,,0.0,0.22626107621304561,0.69998411420924,5,5,1389.2,787.0,1.120405174246072,0.6,4.348086557119572e-05,9.241737512549667e+23,173251.02819968728,13,2025-06-28 00:00:00+00:00,0,-1.562511574074074
1751119200000,9,0.9922280569166573,16.767244242057274,31438.816028873644,0.9922280569166573,9,1.0,,,0.0,,,0.0,,,0.0,,,0.0,0.2826161716032801,0.709611885313377,9,9,4572.444444444444,1166.0,1.5396564081496709,0.6666666666666666,3.2626856062719046e-05,9.239715573191083e+23,74621.02006412996,14,2025-06-28 00:00:00+00:00,0,-1.5208449074074073
1751122800000,33,1.1724997045054972,88.3723560761566,152249.04820429985,0.7584870365878781,18,0.5454545454545454,2.860345495053396,6.0,0.18181818181818182,0.8752945133088029,9.0,0.2727272727272727,,,0.0,,,0.0,0.37276978517384507,0.385717251414033,18,18,1158.1666666666667,1081.0,1.033407691297679,0.7777777777777778,7.4218240540388e-05,9.554497936185292e+23,345690.55742321187,15,2025-06-28 00:00:00+00:00,0,-1.4791782407407408
1751126400000,64,0.5515952968429073,62.00627685394942,116924.42820041515,0.7789122119916713,26,0.40625,0.4869062073153129,19.0,0.296875,0.30521913406166656,19.0,0.296875,,,0.0,,,0.0,0.24240468760868322,0.5365075243829881,26,26,2365.076923076923,1211.5,1.2585927200129952,0.6923076923076923,8.010030146585503e-05,9.50155739458764e+23,414257.8938524482,16,2025-06-28 00:00:00+00:00,0,-1.437511574074074
1751130000000,51,0.6992548889155848,69.18231145344014,130882.55929892189,0.958311424664649,24,0.47058823529411764,0.6012656543287764,17.0,0.3333333333333333,0.24410090191540493,10.0,0.19607843137254902,,,0.0,,,0.0,0.15742910550796377,0.8008823191566853,24,24,1249.1666666666667,1225.5,1.0720338855768665,0.7083333333333334,6.987719523836989e-05,9.18554556389615e+23,262170.802127852,17,2025-06-28 00:00:00+00:00,0,-1.3958449074074073
1751133600000,38,0.571946423833518,40.67537654025871,76829.51099535187,0.5608661299639631,24,0.631578947368421,0.8615274590261772,9.0,0.23684210526315788,0.10388597106059538,5.0,0.13157894736842105,,,0.0,,,0.0,0.21060797882065077,0.35025815114331227,24,24,1513.5416666666667,1156.0,1.128172971364082,0.75,5.4562519081537726e-05,9.544289710740872e+23,200691.24935561384,18,2025-06-28 00:00:00+00:00,0,-1.3541782407407408
1751137200000,22,0.8255776702696085,34.93426974730622,65877.10234655475,1.1620527664434983,11,0.5,0.5203195108850204,7.0,0.3181818181818182,0.4344729347144404,4.0,0.18181818181818182,,,0.0,,,0.0,0.17245845133392063,0.9895943151095775,11,11,2956.181818181818,1333.0,1.5076920795676374,0.6363636363636364,3.5418428044562914e-05,9.330637211811183e+23,140348.01475454107,19,2025-06-28 00:00:00+00:00,0,-1.312511574074074
1751140800000,29,0.5772364196357656,33.56479091271321,65644.49807434223,0.5639474640847024,17,0.5862068965517241,0.6713364586559177,10.0,0.3448275862068966,0.21969234671904025,2.0,0.06896551724137931,,,0.0,,,0.0,0.2373855839354616,0.3265618801492408,17,17,1142.0,1034.0,1.016839808848691,0.7647058823529411,5.0800021532753446e-05,9.317263968537178e+23,190883.52108222875,20,2025-06-28 00:00:00+00:00,0,-1.2708449074074073
1751144400000,25,0.8563936133635862,37.42771532271877,68748.80633547586,0.8985842061171448,15,0.6,0.7741829264458532,8.0,0.32,0.8688069153828293,2.0,0.08,,,0.0,,,0.0,0.24353127325261062,0.6550529328645341,15,15,3738.8,1295.0,1.4649375440614734,0.7333333333333333,4.394954412115551e-05,9.351567617882212e+23,120520.74651755643,21,2025-06-28 00:00:00+00:00,0,-1.2291782407407408
1751148000000,29,0.6971460895547693,39.87090671049921,72809.42368922058,0.869790562290579,17,0.5862068965517241,0.27980669251137946,10.0,0.3448275862068966,1.3163650565173368,2.0,0.06896551724137931,,,0.0,,,0.0,0.21624238921318936,0.6535481730773895,17,17,1844.6470588235295,1279.0,1.2290986963028867,0.7058823529411765,5.608375282006176e-05,9.490633802268568e+23,134933.46662436254,22,2025-06-28 00:00:00+00:00,0,-1.187511574074074
1751151600000,12,0.5388943846795823,12.73087587838349,23811.554376768672,0.45829011555043475,10,0.8333333333333334,1.7209305253479457,1.0,0.08333333333333333,0.16290093530269434,1.0,0.08333333333333333,,,0.0,,,0.0,0.09706939136367321,0.36122072418676154,10,10,2350.1111111111113,1242.0,1.393429643039152,0.6666666666666666,3.302008738659407e-05,1.0236902724664851e+24,93864.15294184058,23,2025-06-28 00:00:00+00:00,0,-1.1458449074074073
1751155200000,40,0.7557499478723405,77.6388024982148,142896.62158126585,0.7009100386999559,19,0.475,1.027381194495455,15.0,0.375,0.25033154369377203,6.0,0.15,,,0.0,,,0.0,0.2689026674834186,0.4320073712165374,19,19,2062.0526315789475,878.0,1.2791881263091518,0.631578947368421,5.8594336846666285e-05,1.2046432538143568e+24,256533.18153399337,0,2025-06-29 00:00:00+00:00,0,-1.1041782407407408
1751158800000,21,0.8741823924210588,37.318580130463836,64287.53795436139,0.9580904714725704,14,0.6666666666666666,0.8752169384668207,5.0,0.23809523809523808,0.28423947394607285,2.0,0.09523809523809523,,,0.0,,,0.0,0.24733141227330854,0.7107590591992619,14,14,5106.928571428572,1608.0,1.7513612795382687,0.5,3.352891623469379e-05,1.1600043951727303e+24,164878.46451670528,1,2025-06-29 00:00:00+00:00,0,-1.062511574074074
1751162400000,18,0.9142366618383482,37.116526914403266,69920.59993366274,0.9023707203398333,11,0.6111111111111112,0.9328831413360142,7.0,0.3888888888888889,,,0.0,,,0.0,,,0.0,0.22151509989576812,0.6808556204440652,11,11,2498.7272727272725,1533.0,1.4746997700830229,0.45454545454545453,5.175666441986702e-05,9.975791683606506e+23,109984.38085760224,2,2025-06-29 00:00:00+00:00,0,-1.0208449074074073
1751166000000,6,1.4203907650584036,15.323242590825597,26094.100007195597,1.64348534556695,3,0.5,1.197296184549857,3.0,0.5,,,0.0,,,0.0,,,0.0,0.3109159221513083,1.3325694234156416,3,3,1801.6666666666667,1837.0,1.337892935942073,0.3333333333333333,3.1989438375936274e-05,1.0618814378741591e+24,47179.853637412074,3,2025-06-29 00:00:00+00:00,0,-0.9791782407407408
1751169600000,6,1.052548696351227,12.304779758172868,20798.771777131064,1.2399106626456202,5,0.8333333333333334,0.11573886487926,1.0,0.16666666666666666,,,0.0,,,0.0,,,0.0,0.35165138280735414,0.888259279838266,5,5,2452.0,1496.0,1.4295828663238286,0.6,2.6166371263864717e-05,1.175144203263533e+24,33235.48599886583,4,2025-06-29 00:00:00+00:00,0,-0.937511574074074
1751173200000,12,0.9925139650782165,30.763842446138764,54464.73132450753,1.4810937409121028,6,0.5,0.5343982845068583,4.0,0.3333333333333333,0.4430059987192746,2.0,0.16666666666666666,,,0.0,,,0.0,0.19334629217142266,1.28774744874068,6,6,2323.6666666666665,1418.5,1.3752167667974116,0.5,3.932420587000043e-05,1.1962635095516223e+24,86503.42420428134,5,2025-06-29 00:00:00+00:00,0,-0.8958449074074074
1751176800000,13,0.7403008084392445,19.484989490522803,34710.9508423052,1.174096045377775,5,0.38461538461538464,0.5355126592158767,7.0,0.5384615384615384,0.004841668310166976,1.0,0.07692307692307693,,,0.0,,,0.0,0.05766761613735116,1.1164284292404236,5,5,1637.8,1634.0,1.228617211368088,0.2,3.270308325044177e-05,1.1104824013537033e+24,90584.30853034958,6,2025-06-29 00:00:00+00:00,0,-0.8541782407407408
1751180400000,15,0.8193393682790528,24.838475541881724,42419.135341547764,0.7335712105371917,6,0.4,1.2754031248705526,6.0,0.4,0.07874817057977572,3.0,0.2,,,0.0,,,0.0,0.542173426263952,0.1913977842732395,6,6,1962.1666666666667,1001.5,1.2443575346076272,0.6666666666666666,3.5022459448346235e-05,1.105322824582921e+24,100614.08080516111,7,2025-06-29 00:00:00+00:00,0,-0.812511574074074
1751184000000,30,0.870649638056465,57.04597143776813,104101.5057883176,1.176363223368675,15,0.5,0.7141031102496282,11.0,0.36666666666666664,0.15472664460447916,4.0,0.13333333333333333,,,0.0,,,0.0,0.24570881181133736,0.9306544115573375,15,15,1753.6666666666667,1392.0,1.264379963869181,0.6,5.510554378021138e-05,1.1148981871226616e+24,209388.3399780048,8,2025-06-29 00:00:00+00:00,0,-0.7708449074074074
1751187600000,49,1.0359706781607694,93.25577695590187,150601.01345345032,0.7049095428654187,23,0.46938775510204084,2.0208933218612506,15.0,0.30612244897959184,0.3851130832776644,11.0,0.22448979591836735,,,0.0,,,0.0,0.23677531284885808,0.4681342300165606,23,23,1865.8695652173913,1156.0,1.264191603932815,0.6086956521739131,7.497935097577259e-05,7.883999583272285e+23,390423.4990479667,9,2025-06-29 00:00:00+00:00,0,-0.7291782407407408
1751191200000,63,0.7509506402922624,56.09418262990981,102287.07817630447,0.8497467510730076,30,0.47619047619047616,0.7516265236638718,24.0,0.38095238095238093,0.4198279153654875,9.0,0.14285714285714285,,,0.0,,,0.0,0.306355339473175,0.5433914115998325,30,30,1604.9,1351.0,1.23288295546725,0.6666666666666666,7.124174969599076e-05,5.968911238177333e+23,298020.06509678735,10,2025-06-29 00:00:00+00:00,0,-0.687511574074074
1751194800000,25,1.153321336946149,41.39744070283187,61074.174047768814,0.9719298072267009,14,0.56,1.7252710834686535,8.0,0.32,0.47461581824356286,3.0,0.12,,,0.0,,,0.0,0.19085909206533944,0.7810707151613615,14,14,1880.642857142857,1223.5,1.160524462218593,0.6428571428571429,4.4653641581258065e-05,6.008858098621131e+23,126598.85008877827,11,2025-06-29 00:00:00+00:00,0,-0.6458449074074074
1751198400000,33,0.7233451871027096,25.930462973977406,47664.86338938971,0.8814399534589054,19,0.5757575757575758,0.6395958827928606,9.0,0.2727272727272727,0.27333382270689366,5.0,0.15151515151515152,,,0.0,,,0.0,0.33026393562715345,0.5511760178317519,19,19,2799.4210526315787,1401.0,1.4966083152550909,0.5263157894736842,5.7204087172916695e-05,6.005300145407097e+23,133920.1936046819,12,2025-06-29 00:00:00+00:00,0,-0.6041782407407408
1751202000000,25,0.8099198143047647,23.51541347179107,42828.8138037966,1.0742405868437455,17,0.68,0.28097605433200773,7.0,0.28,0.019073000951390535,1.0,0.04,,,0.0,,,0.0,0.2842605458548006,0.7899800409889448,17,17,3462.9411764705883,1717.0,1.660024772246614,0.4117647058823529,5.074859856678068e-05,5.953425273043093e+23,83580.45618741451,13,2025-06-29 00:00:00+00:00,0,-0.562511574074074
1751205600000,48,0.9250732017549397,92.88523898497476,162155.81737137292,1.1980204455070305,28,0.5833333333333334,0.620223498190449,17.0,0.3541666666666667,0.1050472469342059,3.0,0.0625,,,0.0,,,0.0,0.3482459094237956,0.8497745360832349,28,28,1757.6785714285713,1224.5,1.2202498092101575,0.7142857142857143,7.109322320494161e-05,9.869702217155031e+23,302685.5022150502,14,2025-06-29 00:00:00+00:00,0,-0.5208449074074074
1751209200000,35,0.607102092369904,55.072367385214925,105346.49852524152,0.6260957189074866,20,0.5714285714285714,0.689515883924967,10.0,0.2857142857142857,0.36630000310944755,5.0,0.14285714285714285,,,0.0,,,0.0,0.45803878102568685,0.16805693788179976,20,20,2382.35,1253.0,1.2644342702076932,0.7,6.320044503921451e-05,1.1881616083968455e+24,326430.7196817214,15,2025-06-29 00:00:00+00:00,0,-0.4791782407407407
1751212800000,53,0.8806054345891026,120.0094277180412,211911.7061002335,0.7787483577337317,24,0.4528301886792453,1.0395579780149797,26.0,0.49056603773584906,0.317873339741134,3.0,0.05660377358490566,,,0.0,,,0.0,0.1571658444379367,0.621582513295795,24,24,1440.4583333333333,1239.0,1.1191922013913815,0.6666666666666666,6.523343080425967e-05,1.2569068608248997e+24,395743.8324523889,16,2025-06-29 00:00:00+00:00,0,-0.4375115740740741
1751216400000,26,0.5558790550627948,37.91785349051645,72568.73285214124,0.7587026605058798,17,0.6538461538461539,0.15891093606155027,8.0,0.3076923076923077,0.2836227145403035,1.0,0.038461538461538464,,,0.0,,,0.0,0.18171454208600735,0.5769881184198724,17,17,1972.1764705882354,1396.0,1.2064477811806091,0.5294117647058824,3.33861944302386e-05,1.205180625769506e+24,124362.48236358726,17,2025-06-29 00:00:00+00:00,0,-0.3958449074074074
1751220000000,27,0.7012240285848738,46.52134930479338,88463.5602573252,0.6181704099347552,18,0.6666666666666666,0.8223854071030404,6.0,0.2222222222222222,0.9572229834492507,3.0,0.1111111111111111,,,0.0,,,0.0,0.29705949774300006,0.32111091219175525,18,18,1238.888888888889,1005.5,1.0551170126738567,0.8333333333333334,4.7195748995943376e-05,1.1940503005575219e+24,177766.81723205332,18,2025-06-29 00:00:00+00:00,0,-0.3541782407407407
1751223600000,15,1.0456101062259144,36.66589387175443,67433.99005430141,1.2455590466471422,10,0.6666666666666666,0.7138286248897828,4.0,0.26666666666666666,0.3732466273581635,1.0,0.06666666666666667,,,0.0,,,0.0,0.31855693965055376,0.9270021069965884,10,10,2625.5,1029.5,1.2875371887301668,0.8,4.457587386194968e-05,1.1770162763125818e+24,129397.91190649294,19,2025-06-29 00:00:00+00:00,0,-0.3125115740740741
1751227200000,17,0.7195773662989309,28.777591688532866,53951.62951508749,0.6678402180070969,11,0.6470588235294118,0.6596641795297885,4.0,0.23529411764705882,1.1625805290987934,1.0,0.058823529411764705,1.0853355817858112,1.0,0.058823529411764705,,,0.0,0.32039476777238196,0.3474454502347149,11,11,1307.5454545454545,1285.0,1.1196196611424438,0.7272727272727273,4.2167573768492344e-05,1.264354841254463e+24,96542.82971588742,20,2025-06-29 00:00:00+00:00,0,-0.2708449074074074
1751230800000,51,0.9182628858031114,130.52579803166194,236155.16911399103,0.8578247328166706,30,0.5882352941176471,1.088493708119134,17.0,0.3333333333333333,0.6480680383583225,4.0,0.0784313725490196,,,0.0,,,0.0,0.22879352583971435,0.6290312069769562,30,30,2416.6666666666665,1263.0,1.2960429696987856,0.7666666666666667,0.00010998027121890713,1.1962986530110977e+24,739066.2680721283,21,2025-06-29 00:00:00+00:00,0,-0.22917824074074075
1751234400000,169,1.6175104213740208,376.2562531130101,620134.7014380845,1.2185756512661092,83,0.4911242603550296,2.812339712671548,51.0,0.30177514792899407,0.8225187660249564,35.0,0.20710059171597633,,,0.0,,,0.0,0.264734583182373,0.9538410680837363,83,83,1109.4578313253012,987.0,0.9906058919030963,0.8313253012048193,0.00019519010324115492,6.049760070251274e+23,1689539.4334232144,22,2025-06-29 00:00:00+00:00,0,-0.18751157407407407
1751238000000,137,1.2764434395744908,197.37985336891072,350384.8776814694,1.2488292978282116,72,0.5255474452554745,1.6863680532845773,34.0,0.24817518248175183,0.8052921238221715,27.0,0.19708029197080293,1.4694101557999373,4.0,0.029197080291970802,,,0.0,0.39527912823623296,0.8535501695919785,72,72,1376.4583333333333,1098.5,1.1014453289770438,0.7361111111111112,0.00013589308877073113,5.449762750238872e+23,909269.5700175336,23,2025-06-29 00:00:00+00:00,0,-0.1458449074074074
1751241600000,124,1.0518846957444408,164.9611862740611,293849.4435601394,1.134253807222609,66,0.532258064516129,1.2832812391814834,37.0,0.29838709677419356,0.38531167361445623,21.0,0.1693548387096774,,,0.0,,,0.0,0.38272214324288517,0.7515316639797237,66,66,1290.6969696969697,1094.0,1.0864991538420794,0.7878787878787878,0.00015943335711283616,6.406557568928622e+23,743332.0677631524,0,2025-06-30 00:00:00+00:00,0,-0.10417824074074074
1751245200000,69,0.9718240272409283,87.80385874879448,155601.52414122646,1.1260635722997225,35,0.5072463768115942,1.3277978454891655,18.0,0.2608695652173913,0.2339544768955497,16.0,0.2318840579710145,,,0.0,,,0.0,0.26689076920857796,0.8591728030911445,35,35,1508.4857142857143,1475.0,1.182723963830513,0.5142857142857142,9.770599561741059e-05,6.826751399036349e+23,407209.51818544936,1,2025-06-30 00:00:00+00:00,0,-0.06251157407407408
1751248800000,24,0.7347455354112009,20.77395454704224,38179.8648194097,0.6773774235396867,11,0.4583333333333333,0.7995082905773739,11.0,0.4583333333333333,0.6940749972905769,2.0,0.08333333333333333,,,0.0,,,0.0,0.16991564554808927,0.5074617779915974,11,11,1735.1818181818182,1720.0,1.2358001729529595,0.36363636363636365,5.702484992579235e-05,6.818642282640089e+23,143912.95667179552,2,2025-06-30 00:00:00+00:00,0,-0.020844907407407406
1751252400000,24,0.5814952523803214,24.989060009850824,47593.325394494015,0.660473915762229,16,0.6666666666666666,0.4323878707546972,7.0,0.2916666666666667,0.36158830964916777,1.0,0.041666666666666664,,,0.0,,,0.0,0.3174540568165506,0.34301985894567844,16,16,1821.125,950.5,1.214214547202498,0.375,5.091963721091217e-05,9.002688739449403e+23,184768.72711983207,3,2025-06-30 00:00:00+00:00,1,0.02082175925925926
1751256000000,13,0.9179800722113203,20.236315992768684,36912.3507300206,1.166475620125178,7,0.5384615384615384,0.8208256070721441,4.0,0.3076923076923077,0.2425545847911702,2.0,0.15384615384615385,,,0.0,,,0.0,1.0299404720915677,0.1365351480336103,7,7,2075.0,1057.0,1.3081029572078118,0.14285714285714285,5.077970559498726e-05,8.834314837572383e+23,159331.99140083633,4,2025-06-30 00:00:00+00:00,1,0.062488425925925926
1751259600000,38,0.5697169188772514,35.119388493708705,66399.7035091767,0.5733804249069595,17,0.4473684210526316,0.6058485751055518,19.0,0.5,0.19532638345587816,2.0,0.05263157894736842,,,0.0,,,0.0,0.16190713996027029,0.4114732849466892,17,17,2724.9411764705883,1180.0,1.4194594063607868,0.4117647058823529,5.9434250924517154e-05,8.676439671711937e+23,215152.2608450338,5,2025-06-30 00:00:00+00:00,1,0.10415509259259259
1751263200000,82,0.8094156060629998,120.32959233723463,223066.7049100671,0.8389260673446064,22,0.2682926829268293,1.0736037100629672,39.0,0.47560975609756095,0.2811018770957396,15.0,0.18292682926829268,0.3047722277821395,6.0,0.07317073170731707,,,0.0,0.30280926979805173,0.5361167975465547,22,22,973.7727272727273,664.5,0.8880962295526277,0.5909090909090909,0.00013204661314667683,8.413972890154004e+23,1226689.981591373,6,2025-06-30 00:00:00+00:00,1,0.14582175925925925
1751266800000,85,0.7315733527907308,103.34889778850444,194101.05007999326,0.8899282438479631,17,0.2,0.6319883403362112,43.0,0.5058823529411764,0.4431165107901271,18.0,0.21176470588235294,1.7004798590167678,7.0,0.08235294117647059,,,0.0,0.2712104037586898,0.6187178400892733,17,17,1369.4117647058824,834.0,1.1091339178609465,0.4117647058823529,8.869715617410255e-05,8.537756420338198e+23,884699.7206035794,7,2025-06-30 00:00:00+00:00,1,0.18748842592592593
1751270400000,79,0.8387797070269251,109.02618538043613,196143.22080065927,1.1200731212895108,27,0.34177215189873417,0.7187210806674845,43.0,0.5443037974683544,0.5481925698333544,8.0,0.10126582278481013,0.7310755529416112,1.0,0.012658227848101266,,,0.0,0.3176862324343664,0.8023868888551443,27,27,1995.2592592592594,744.0,1.0848120260414795,0.5555555555555556,7.404799885850791e-05,8.519747440115004e+23,583272.2904258,8,2025-06-30 00:00:00+00:00,1,0.2291550925925926
1751274000000,87,0.79865355812079,115.53337271031221,205596.92394873497,1.0028142554240875,27,0.3103448275862069,0.9249968069155124,37.0,0.42528735632183906,0.35763644687295665,22.0,0.25287356321839083,0.3139909729793543,1.0,0.011494252873563218,,,0.0,0.33780274874968613,0.6650115066744013,27,27,2173.925925925926,988.0,1.24740553885779,0.3333333333333333,9.755566488713764e-05,8.536209560772692e+23,931447.2435029052,9,2025-06-30 00:00:00+00:00,1,0.2708217592592593
1751277600000,41,0.896307972773006,56.817791390954994,102980.45732754016,0.7889639691384719,20,0.4878048780487805,1.1785262681950115,16.0,0.3902439024390244,0.42258544196072545,5.0,0.12195121951219512,,,0.0,,,0.0,0.234155128579998,0.5548088405584739,20,20,2516.4,1072.5,1.3488025597140167,0.2,5.941667840164671e-05,8.46373916691866e+23,288919.3328314384,10,2025-06-30 00:00:00+00:00,1,0.3124884259259259
1751281200000,38,0.6247356911445632,43.97384415851811,80748.0003447581,0.5620361850660289,12,0.3157894736842105,0.6700019115250854,24.0,0.631578947368421,0.45773808304950137,2.0,0.05263157894736842,,,0.0,,,0.0,0.1255674113757457,0.4364687736902832,12,12,2322.25,1167.5,1.3263231757519576,0.25,7.701072023977652e-05,8.537476307548975e+23,290418.2857089558,11,2025-06-30 00:00:00+00:00,1,0.3541550925925926
1751284800000,61,0.5872679537618869,61.415034809498906,116326.95517146718,0.650008306405582,31,0.5081967213114754,0.5829759070301888,26.0,0.4262295081967213,0.12892852452928583,4.0,0.06557377049180328,,,0.0,,,0.0,0.20329427091065388,0.44671403549492816,31,31,1363.483870967742,1148.0,1.0830641869363187,0.3548387096774194,7.259607392021929e-05,8.550372935531232e+23,274137.3336472333,12,2025-06-30 00:00:00+00:00,1,0.3958217592592593
1751288400000,102,0.6668231873402746,116.18907487575594,219875.82189060826,0.6432489898616305,43,0.4215686274509804,0.7365165162106497,46.0,0.45098039215686275,0.5034095986532712,12.0,0.11764705882352941,0.4355836151287472,1.0,0.00980392156862745,,,0.0,0.17938383322996806,0.46386515663166245,43,43,1262.6744186046512,734.0,0.9961596752916215,0.5116279069767442,0.00011249605786942418,8.576961096672204e+23,613993.0035646986,13,2025-06-30 00:00:00+00:00,1,0.4374884259259259
1751292000000,164,1.0678281651437185,303.55508534765534,523692.58167020883,0.9797453617064074,77,0.4695121951219512,1.1174070034038703,72.0,0.43902439024390244,1.2820081324731862,15.0,0.09146341463414634,,,0.0,,,0.0,0.24655341997274058,0.7331919417336669,77,77,905.922077922078,747.0,0.9000197921648382,0.5064935064935064,0.00018162937014559624,8.164595336728721e+23,1267457.6697065593,14,2025-06-30 00:00:00+00:00,1,0.4791550925925926
1751295600000,160,0.9501264758114875,263.59529594933844,476122.9968442023,0.947034527280418,69,0.43125,1.0015782662590809,68.0,0.425,0.8125446725528931,21.0,0.13125,0.7520467591304358,2.0,0.0125,,,0.0,0.3184352022830853,0.6285993249973327,69,69,923.4927536231884,780.0,0.9074248326512904,0.4782608695652174,0.00015494830152506614,8.366426861117642e+23,1611929.7110237377,15,2025-06-30 00:00:00+00:00,1,0.5208217592592592
1751299200000,95,1.203543077027564,186.75715334600562,322346.4261308849,1.4714010036303944,49,0.5157894736842106,1.0571663096985158,39.0,0.4105263157894737,0.14406529449816308,7.0,0.07368421052631578,,,0.0,,,0.0,0.28513648140667275,1.1862645222237216,49,49,1236.469387755102,784.0,1.0313932531936296,0.3469387755102041,0.00011047273540648394,8.554599601588675e+23,699538.8320131686,16,2025-06-30 00:00:00+00:00,1,0.562488425925926
1751302800000,91,0.7416467067155891,123.0202445700751,220624.45856637997,0.843216067234517,45,0.4945054945054945,0.717502538438256,38.0,0.4175824175824176,0.2850038531139508,8.0,0.08791208791208792,,,0.0,,,0.0,0.3375097917777539,0.5057062754567632,45,45,875.3333333333334,661.0,0.8619349536137261,0.5555555555555556,0.0001402616359143235,8.414082800204238e+23,694260.3294709588,17,2025-06-30 00:00:00+00:00,1,0.6041550925925926
1751306400000,121,0.6244027919929972,129.48915401740487,241058.35768479662,0.7156137585085234,60,0.49586776859504134,0.5651126659180974,49.0,0.4049586776859504,0.4104493075545397,12.0,0.09917355371900827,,,0.0,,,0.0,0.3719348875246319,0.34367887098389155,60,60,957.2833333333333,740.0,0.9181614194683063,0.5166666666666667,0.00011966145539902386,8.292242565280914e+23,684130.8675494257,18,2025-06-30 00:00:00+00:00,1,0.6458217592592592
1751310000000,146,0.9481522238669016,214.73682119444953,377972.19790187024,0.9214163475062536,55,0.3767123287671233,1.0871052751623491,66.0,0.4520547945205479,0.6002692100760864,24.0,0.1643835616438356,1.5969163691825816,1.0,0.00684931506849315,,,0.0,0.18579056278523068,0.7356257847210229,55,55,1028.909090909091,705.0,0.9502726297117802,0.5636363636363636,0.00014856883961722751,7.137383718074548e+23,935971.9145096508,19,2025-06-30 00:00:00+00:00,1,0.687488425925926
1751313600000,82,0.918004842060574,113.45794022894906,205758.32609002263,0.8964848625158844,39,0.47560975609756095,0.9191204513678627,36.0,0.43902439024390244,0.9736582703749189,6.0,0.07317073170731707,1.3832015393550101,1.0,0.012195121951219513,,,0.0,0.2286846357943236,0.6678002267215607,39,39,1320.3076923076924,856.0,1.0441279324570714,0.4358974358974359,0.0001238532970512471,7.498544151879495e+23,670165.6923775589,20,2025-06-30 00:00:00+00:00,1,0.7291550925925926
1751317200000,61,0.9071944383860523,97.08519545835402,170256.76456169994,0.9963183798830604,29,0.47540983606557374,0.8512862865198744,30.0,0.4918032786885246,0.4535195646721045,2.0,0.03278688524590164,,,0.0,,,0.0,0.37568307384093025,0.6206353060421299,29,29,1744.4827586206898,734.0,1.1373713591959649,0.5172413793103449,9.597547283651498e-05,8.497074786330686e+23,552857.2643154259,21,2025-06-30 00:00:00+00:00,1,0.7708217592592592
1751320800000,85,0.6685924578763854,90.69956085234801,167853.1861778601,0.8395562448548451,45,0.5294117647058824,0.5196129971586775,30.0,0.35294117647058826,0.34619379862644173,10.0,0.11764705882352941,,,0.0,,,0.0,0.3238126619234005,0.5157435829314445,45,45,1451.5555555555557,721.0,1.056276560466435,0.5333333333333333,8.6523698204207e-05,8.311975482021849e+23,339993.6294998648,22,2025-06-30 00:00:00+00:00,1,0.812488425925926
1751324400000,41,0.42414848597216065,40.475286787888145,81343.57108537319,0.4380991091317293,29,0.7073170731707317,0.3261748862976076,10.0,0.24390243902439024,0.7117324485311814,2.0,0.04878048780487805,,,0.0,,,0.0,0.1760755228025256,0.2620235863292037,29,29,3562.896551724138,985.0,1.3817378535590716,0.3448275862068966,6.039783219521454e-05,8.310846629936161e+23,167095.39639727815,23,2025-06-30 00:00:00+00:00,1,0.8541550925925926
1751328000000,83,0.6675398371905215,94.71881853977236,177660.1751220971,0.6201204649105336,37,0.4457831325301205,0.7689414419920735,35.0,0.42168674698795183,0.5043998923091793,11.0,0.13253012048192772,,,0.0,,,0.0,0.1938083860363719,0.4263120788741617,37,37,1276.837837837838,919.0,1.0580131018161694,0.2972972972972973,9.435223340722976e-05,8.371598371111118e+23,437801.9315498282,0,2025-07-01 00:00:00+00:00,1,0.8958217592592592
1751331600000,66,0.6926325962655593,72.51233988952487,132499.5795748244,0.6323759790984547,30,0.45454545454545453,0.7091845748965996,31.0,0.4696969696969697,0.9515500317557368,5.0,0.07575757575757576,,,0.0,,,0.0,0.2502378644763887,0.3821381146220659,30,30,1581.7666666666667,925.0,1.1005677237405627,0.4,7.463968549264709e-05,8.378835320414229e+23,306473.18952634756,1,2025-07-01 00:00:00+00:00,1,0.937488425925926
1751335200000,51,0.5872647330088608,51.324666000509886,94202.98303330723,0.5367986663295009,20,0.39215686274509803,0.605227762185046,27.0,0.5294117647058824,0.7183446194664089,4.0,0.0784313725490196,,,0.0,,,0.0,0.15540543378911742,0.3813932325403835,20,20,1068.5,1022.5,0.9675919241316613,0.35,7.439887868665881e-05,8.357152648013236e+23,236895.28396069095,2,2025-07-01 00:00:00+00:00,1,0.9791550925925926
1751338800000,39,0.640219451851595,42.50337530370063,80320.99357012789,0.7876430546315435,17,0.4358974358974359,0.47341544648603423,19.0,0.48717948717948717,0.36597880638589586,2.0,0.05128205128205128,1.8517755974695227,1.0,0.02564102564102564,,,0.0,0.1574930982028052,0.6301499564287383,17,17,1629.9411764705883,868.0,1.1197009502346065,0.4117647058823529,6.266498980303186e-05,8.482952214009383e+23,199546.41525133824,3,2025-07-01 00:00:00+00:00,1,1.0208217592592592
1751342400000,32,1.253097637676265,72.00251778797819,133234.69179258213,1.0813518846986374,17,0.53125,1.4878884066800677,14.0,0.4375,0.8857046722426974,1.0,0.03125,,,0.0,,,0.0,0.295181718441664,0.7861701662569733,17,17,1821.0,1377.5,1.186549920442679,0.3125,7.192736053759295e-05,8.645026576762233e+23,279875.59382080566,4,2025-07-01 00:00:00+00:00,1,1.062488425925926
1751346000000,67,0.8923765299172569,103.72496912663483,188811.80945446808,0.7348877213508898,32,0.47761194029850745,0.8482527320398633,28.0,0.417910447761194,1.505447243790874,5.0,0.07462686567164178,2.4972538525786003,2.0,0.029850746268656716,,,0.0,0.2831300760692103,0.45175764528167933,32,32,1588.28125,919.0,1.1145255694156084,0.34375,8.789934328314341e-05,8.658585189226757e+23,482588.7148698094,5,2025-07-01 00:00:00+00:00,1,1.1041550925925927
1751349600000,31,0.6127984186152011,32.92448343484387,62552.51460409749,0.8670112451481016,16,0.5161290322580645,0.2968438244560544,9.0,0.2903225806451613,0.4088294390995198,6.0,0.1935483870967742,,,0.0,,,0.0,0.35369050131927193,0.5133207438288295,16,16,1258.75,711.0,0.9919503121274011,0.5625,6.594481814555402e-05,8.666972467652729e+23,135216.85863397954,6,2025-07-01 00:00:00+00:00,1,1.1458217592592592
1751353200000,72,1.1419323007663573,155.82181540625413,252571.1020362311,1.3175747309206127,30,0.4166666666666667,1.0949424289370604,35.0,0.4861111111111111,0.6241283878231763,7.0,0.09722222222222222,,,0.0,,,0.0,0.2529701010091874,1.0646046299114253,30,30,2655.6,1104.5,1.2923089098893428,0.36666666666666664,8.59847873724454e-05,8.649658944621311e+23,677141.2637171828,7,2025-07-01 00:00:00+00:00,1,1.187488425925926
1751356800000,37,0.6897859049141928,45.169083354718055,81622.87039885143,0.8518801531368679,15,0.40540540540540543,0.6696645971740202,18.0,0.4864864864864865,0.17247835890993757,4.0,0.10810810810810811,,,0.0,,,0.0,0.17536504069685901,0.676515112440009,15,15,1225.2,984.0,1.034036719775837,0.3333333333333333,6.12951548747856e-05,8.864591661652785e+23,200347.30945650878,8,2025-07-01 00:00:00+00:00,1,1.2291550925925927
1751360400000,42,0.6985636713576444,53.301278120344,101996.09493330476,0.7878971914851076,28,0.6666666666666666,0.5975322765607903,10.0,0.23809523809523808,0.34453824729830257,3.0,0.07142857142857142,0.2696153279352397,1.0,0.023809523809523808,,,0.0,0.32407872766470813,0.46381846382039954,28,28,1184.142857142857,731.0,0.9694788152139393,0.5357142857142857,6.588624870741988e-05,8.853601682093494e+23,234618.1308490278,9,2025-07-01 00:00:00+00:00,1,1.2708217592592592
1751364000000,50,0.7459964529054329,72.82108118283341,144667.66810879638,0.6049904621575218,25,0.5,0.9431944732752081,21.0,0.42,0.24571628215656863,3.0,0.06,1.6308283060845241,1.0,0.02,,,0.0,0.2286450361040958,0.376345426053426,25,25,2253.48,1041.0,1.2838905741900049,0.36,7.010622127024405e-05,8.855434153417226e+23,340791.4440245491,10,2025-07-01 00:00:00+00:00,1,1.312488425925926
1751367600000,53,0.968229357502163,87.57547144455631,162427.2168853149,1.085392462534959,30,0.5660377358490566,0.875555980456066,21.0,0.39622641509433965,0.1838532409942405,2.0,0.03773584905660377,,,0.0,,,0.0,0.3327674491400559,0.7526250133949031,30,30,2170.6,892.0,1.2195982308541067,0.43333333333333335,6.781909885987587e-05,8.692398506556976e+23,335514.4473734682,11,2025-07-01 00:00:00+00:00,1,1.3541550925925927
1751371200000,51,1.1047316865803878,87.30522445625017,152545.5030608388,1.11873884956613,25,0.49019607843137253,1.170130870274219,24.0,0.47058823529411764,0.14485194493263787,2.0,0.0392156862745098,,,0.0,,,0.0,0.22392433012126556,0.8948145194448642,25,25,1432.36,1032.0,1.1060035408302138,0.4,7.913133238135253e-05,7.83934881587796e+23,334876.6322382111,12,2025-07-01 00:00:00+00:00,1,1.3958217592592592
1751374800000,97,0.9465240736341984,125.11453772969678,224593.00550410853,0.8651677149811487,46,0.4742268041237113,1.1105337184516542,43.0,0.44329896907216493,0.5327712949954088,8.0,0.08247422680412371,,,0.0,,,0.0,0.23921153316697147,0.6259561818141772,46,46,1184.4782608695652,879.5,1.0138134102825545,0.41304347826086957,0.00012287178262355985,6.925656274505263e+23,598988.2722349769,13,2025-07-01 00:00:00+00:00,1,1.437488425925926
1751378400000,174,1.0403537637368019,245.29166160210298,438168.61219417845,1.2178280299792243,69,0.39655172413793105,1.2243558961884002,70.0,0.40229885057471265,0.32247165966997254,35.0,0.20114942528735633,,,0.0,,,0.0,0.30705262423453406,0.9107754057446904,69,69,903.8840579710145,732.0,0.8894807267654221,0.5362318840579711,0.00015192426728664215,7.440711692294784e+23,1445091.3834044985,14,2025-07-01 00:00:00+00:00,1,1.4791550925925927
1751382000000,70,0.959477721969459,73.13093234585914,131361.79127789816,0.8806344388109485,32,0.45714285714285713,1.0365417021595305,33.0,0.4714285714285714,0.20896238665830003,4.0,0.05714285714285714,3.9414127780140795,1.0,0.014285714285714285,,,0.0,0.38433320025219475,0.4963012385587537,32,32,1225.65625,887.0,1.0198689086144845,0.375,0.000103562385125341,6.090101737022668e+23,414066.7253904076,15,2025-07-01 00:00:00+00:00,1,1.5208217592592592
1751385600000,68,0.9406334459126,74.73925084492978,137801.81925388868,1.0288080063098703,38,0.5588235294117647,0.88988657728029,25.0,0.36764705882352944,0.5242411300548965,5.0,0.07352941176470588,,,0.0,,,0.0,0.18789847722776964,0.8409095290821005,38,38,1812.9736842105262,1278.0,1.2551982280663927,0.21052631578947367,9.21557802660197e-05,6.126537859578042e+23,283529.62408655655,16,2025-07-01 00:00:00+00:00,1,1.562488425925926
1751389200000,81,0.7422851157043314,73.40863223816476,133685.1548468269,0.8397613827769015,36,0.4444444444444444,0.8357468747398935,33.0,0.4074074074074074,0.19283647713882532,12.0,0.14814814814814814,,,0.0,,,0.0,0.12868873615509827,0.7110726466218034,36,36,1607.5555555555557,1021.0,1.1662246331739174,0.3611111111111111,9.63618346559876e-05,6.1401669030259e+23,280021.37279064936,17,2025-07-01 00:00:00+00:00,1,1.6041550925925927
1751392800000,60,1.5047644175316905,126.05142493285345,182380.78391325497,1.219968645343143,31,0.5166666666666667,1.9120514376317965,27.0,0.45,0.42072411510274843,2.0,0.03333333333333333,,,0.0,,,0.0,0.27990726706664054,0.9400613782765025,31,31,2290.967741935484,997.0,1.2739535318883333,0.25806451612903225,9.733220459890445e-05,6.081099554324637e+23,387882.734759586,18,2025-07-01 00:00:00+00:00,1,1.6458217592592592
1751396400000,107,0.8535147238252903,103.67226515342975,186893.22010282738,0.93991730449155,51,0.4766355140186916,0.9129161396659621,42.0,0.3925233644859813,0.3688634495717103,13.0,0.12149532710280374,0.2525902098343734,1.0,0.009345794392523364,,,0.0,0.2067830828635386,0.7331342216280113,51,51,1011.9215686274509,672.0,0.9424400910335498,0.5294117647058824,0.00010772711884660226,6.000791199063948e+23,412324.84365639836,19,2025-07-01 00:00:00+00:00,1,1.687488425925926
1751400000000,95,0.8279354017645285,100.81822295255189,187920.04430963742,0.9037254780534163,43,0.45263157894736844,0.8525858908070746,39.0,0.4105263157894737,0.42507646996361514,12.0,0.12631578947368421,1.4419002302940065,1.0,0.010526315789473684,,,0.0,0.32578643966241394,0.5779390383910024,43,43,1183.3488372093022,733.0,0.9821026106093964,0.5581395348837209,0.0001122325891214396,6.270959890459855e+23,488819.5955210607,20,2025-07-01 00:00:00+00:00,1,1.7291550925925927
1751403600000,66,0.96093549894552,77.60234132814989,139211.65151854057,1.3206788805656529,26,0.3939393939393939,0.7857918630839962,36.0,0.5454545454545454,0.19889624116837135,4.0,0.06060606060606061,,,0.0,,,0.0,0.2569442801280003,1.0637346004376527,26,26,1427.0384615384614,790.5,1.0855407616725334,0.5,9.216881526017751e-05,6.49490611101406e+23,363645.0281607943,21,2025-07-01 00:00:00+00:00,1,1.7708217592592592
1751407200000,71,0.6165319086258861,55.165356960158206,103307.05226298227,0.5327806056293056,33,0.4647887323943662,0.7543159832579946,34.0,0.4788732394366197,0.13631552397475477,4.0,0.056338028169014086,,,0.0,,,0.0,0.1763802839059498,0.35640032172335584,33,33,1384.6363636363637,864.0,1.0800052599566632,0.3939393939393939,9.72869822060694e-05,6.495626484133162e+23,310566.52600773907,22,2025-07-01 00:00:00+00:00,1,1.812488425925926
1751410800000,46,1.052931182131465,46.519948912985015,80864.46066780777,1.0448370348344425,26,0.5652173913043478,1.1860658498824606,17.0,0.3695652173913043,0.368650674783352,3.0,0.06521739130434782,,,0.0,,,0.0,0.34838530040536114,0.6964517344290813,26,26,1284.5,659.0,0.9936379740896828,0.6153846153846154,9.504056213027653e-05,5.149016338892305e+23,235941.60444252894,23,2025-07-01 00:00:00+00:00,1,1.8541550925925927
1751414400000,62,0.6485598319194751,54.597067445528424,99954.43562946988,0.7264017530226154,32,0.5161290322580645,0.539806623111769,26.0,0.41935483870967744,0.7327203203444421,4.0,0.06451612903225806,,,0.0,,,0.0,0.2375059267171022,0.4888958263055132,32,32,1260.65625,776.0,1.0166926107236178,0.46875,8.567777506125617e-05,6.484263196491366e+23,233112.02753723884,0,2025-07-02 00:00:00+00:00,1,1.8958217592592592
1751418000000,86,1.471380365623132,136.6789603120171,214779.57050737686,1.213820939927686,48,0.5581395348837209,1.9114176242382659,30.0,0.3488372093023256,1.3665971999890547,8.0,0.09302325581395349,,,0.0,,,0.0,0.4073779903334589,0.8064429495942272,48,48,1511.9375,681.5,1.0252109512345182,0.6041666666666666,0.00016155669971259438,5.194949698575626e+23,584717.2148583335,1,2025-07-02 00:00:00+00:00,1,1.937488425925926
1751421600000,60,0.7970070148254763,68.6210355535411,119706.61804725986,0.97522391471846,30,0.5,0.6460606892286664,28.0,0.4666666666666667,0.23700207478605673,2.0,0.03333333333333333,,,0.0,,,0.0,0.30727093955470525,0.6679529751637548,30,30,1723.4666666666667,833.5,1.1316566610867904,0.43333333333333335,7.321668699639904e-05,6.505900806601185e+23,229843.2527962705,2,2025-07-02 00:00:00+00:00,1,1.9791550925925927
1751425200000,36,1.0227327389116785,52.91214921594925,95008.34751654703,0.8453687602136064,22,0.6111111111111112,1.4015259525827355,12.0,0.3333333333333333,0.7009772225641296,2.0,0.05555555555555555,,,0.0,,,0.0,0.2345813774927852,0.6107873827208212,22,22,1276.7727272727273,842.0,1.0172596462934949,0.45454545454545453,6.175729090335465e-05,6.858940175251675e+23,319223.5126794424,3,2025-07-02 00:00:00+00:00,1,2.020821759259259
1751428800000,42,1.0045303533538619,52.285646202176075,92754.8426984706,1.176063053825913,29,0.6904761904761905,0.6218804830700561,13.0,0.30952380952380953,,,0.0,,,0.0,,,0.0,0.23866513596429012,0.9373979178616226,29,29,1510.8620689655172,984.0,1.1360964383092707,0.3448275862068966,6.467984422633453e-05,6.372078805225516e+23,175869.2634860454,4,2025-07-02 00:00:00+00:00,1,2.0624884259259257
1751432400000,56,0.7801998829547625,69.26676126535986,122990.64851378075,0.5728585202025726,25,0.44642857142857145,0.9661360121748037,28.0,0.5,0.175026440240038,2.0,0.03571428571428571,1.9678692190278113,1.0,0.017857142857142856,,,0.0,0.2793217017523374,0.29353681845023516,25,25,1651.12,729.0,1.03343743372847,0.56,9.703381024908415e-05,7.940443373044876e+23,303489.43431013107,5,2025-07-02 00:00:00+00:00,1,2.1041550925925927
1751436000000,45,0.604032484428176,51.13582578508732,99590.99096509242,0.6928822305965058,24,0.5333333333333333,0.46935271762633,20.0,0.4444444444444444,1.1652339124251831,1.0,0.022222222222222223,,,0.0,,,0.0,0.5507230270335678,0.14215920356293785,24,24,1791.5416666666667,880.5,1.1893220885723348,0.4166666666666667,6.436854096944665e-05,8.444767374944088e+23,243741.58398765564,6,2025-07-02 00:00:00+00:00,1,2.145821759259259
1751439600000,41,0.9283177416622262,64.69943990435944,114955.08913598285,0.9948386659983329,15,0.36585365853658536,0.9082515641710002,24.0,0.5853658536585366,0.04296266626735868,1.0,0.024390243902439025,1.2974472118049185,1.0,0.024390243902439025,,,0.0,0.32970952987158825,0.6651291361267445,15,15,999.7333333333333,583.0,0.8862154505274098,0.7333333333333333,6.579853443105884e-05,8.552288072647807e+23,245863.90631684838,7,2025-07-02 00:00:00+00:00,1,2.1874884259259257
1751443200000,50,0.7229906137677754,67.26261653844314,120730.40395204989,0.8030137719892816,28,0.56,0.6211429578494948,22.0,0.44,,,0.0,,,0.0,,,0.0,0.2145829953921727,0.588430776597109,28,28,1779.892857142857,901.0,1.1508162828899604,0.42857142857142855,7.146643768909274e-05,8.694669987016573e+23,254876.55027404358,8,2025-07-02 00:00:00+00:00,1,2.2291550925925927
1751446800000,38,0.530171843656959,39.84344466207229,77649.78379634046,0.6501224602258819,21,0.5526315789473685,0.3819975526012305,17.0,0.4473684210526316,,,0.0,,,0.0,,,0.0,0.23382226974899986,0.41630019047688205,21,21,1278.095238095238,818.0,0.9805838717088907,0.38095238095238093,6.40005684302585e-05,8.87640975221905e+23,175503.88048546173,9,2025-07-02 00:00:00+00:00,1,2.270821759259259
1751450400000,26,0.6383445534553288,31.699052745243378,60394.08727342584,0.8282732185493452,11,0.4230769230769231,0.5191538596503577,14.0,0.5384615384615384,0.21779895069074395,1.0,0.038461538461538464,,,0.0,,,0.0,0.36039191709252777,0.4678813014568174,11,11,1028.1818181818182,704.0,0.9415921712215158,0.5454545454545454,3.302823373796772e-05,9.667748723184375e+23,165401.30733544077,10,2025-07-02 00:00:00+00:00,1,2.3124884259259257
1751454000000,55,0.5789072486275595,66.17554032891978,124680.674520855,0.8042276813825249,28,0.509090909090909,0.32472634861077165,18.0,0.32727272727272727,0.38627214675679855,9.0,0.16363636363636364,,,0.0,,,0.0,0.3465833386835097,0.4576443426990151,28,28,1798.892857142857,735.5,1.1498937478825708,0.5,7.281272691234787e-05,9.786718591279839e+23,377270.69526476535,11,2025-07-02 00:00:00+00:00,1,2.3541550925925927
1751457600000,75,0.6157489717124567,78.44159175521612,149813.33246330512,0.7645983632119461,37,0.49333333333333335,0.5230293133046887,31.0,0.41333333333333333,0.23958924673527185,7.0,0.09333333333333334,,,0.0,,,0.0,0.22568520390751035,0.5389131593044357,37,37,3201.6216216216217,1359.0,1.4324822804155406,0.35135135135135137,8.29300937831752e-05,8.522333515793693e+23,352977.030154918,12,2025-07-02 00:00:00+00:00,1,2.395821759259259
1751461200000,100,0.8526026915053264,173.38332563863474,317959.88733672653,0.9400861088810634,48,0.48,0.8529035256485054,42.0,0.42,0.4314187847004368,10.0,0.1,,,0.0,,,0.0,0.1797968542340264,0.7602892546470369,48,48,1246.6666666666667,863.0,0.9908267601715695,0.4583333333333333,0.00010901935098274719,1.0778275253090541e+24,853322.6111931283,13,2025-07-02 00:00:00+00:00,1,2.4374884259259257
1751464800000,123,0.8775510564227099,223.98895268716933,402989.72562500526,0.7637428736879209,55,0.44715447154471544,0.9854949974895112,52.0,0.42276422764227645,0.9135514954612074,15.0,0.12195121951219512,0.9839095857849854,1.0,0.008130081300813009,,,0.0,0.26033090336390374,0.5034119703240172,55,55,937.2545454545455,744.0,0.9139243237270254,0.509090909090909,0.0001407785587741158,1.0253881973031477e+24,1063417.4945697384,14,2025-07-02 00:00:00+00:00,1,2.4791550925925927
1751468400000,119,1.1559134727398064,280.9510373027894,476220.04529378744,1.0952676687461178,58,0.48739495798319327,1.1840072902628298,45.0,0.37815126050420167,1.2267552699417468,13.0,0.1092436974789916,1.6000106325640278,3.0,0.025210084033613446,,,0.0,0.4048567646879336,0.6904109040581842,58,58,957.551724137931,759.0,0.8990772216625113,0.5,0.00016202378295252623,1.0488730915646405e+24,1404037.3949877021,15,2025-07-02 00:00:00+00:00,1,2.520821759259259
1751472000000,213,1.3812131693890453,330.90745081150703,576883.5812081418,1.2551093026116262,106,0.49765258215962443,1.425337503659241,88.0,0.4131455399061033,0.8289088709247043,13.0,0.06103286384976526,4.158550559833316,6.0,0.028169014084507043,,,0.0,0.5210929735320159,0.7340163290796103,106,106,927.3018867924528,772.0,0.884822454235594,0.4716981132075472,0.00018279580459325338,5.2121435583377864e+23,1764064.116414736,16,2025-07-02 00:00:00+00:00,1,2.5624884259259257
1751475600000,189,1.310154550830129,247.0568674115951,419941.580184449,1.36063740683155,86,0.455026455026455,1.4348571564187544,78.0,0.4126984126984127,0.7308853593698015,23.0,0.12169312169312169,0.9375858266064174,2.0,0.010582010582010581,,,0.0,0.3974572170026647,0.9631801898288854,86,86,1121.3953488372092,789.5,0.9657818686398884,0.4418604651162791,0.00018566185957663025,4.867689142594971e+23,1171469.4264295949,17,2025-07-02 00:00:00+00:00,1,2.6041550925925927
1751479200000,95,1.0184256614581013,92.41519401588951,161698.99285526492,1.1593484705990684,45,0.47368421052631576,0.9749681378344506,33.0,0.3473684210526316,0.6490864640534136,15.0,0.15789473684210525,1.3347555761117391,2.0,0.021052631578947368,,,0.0,0.24671812996493583,0.9126303406341327,45,45,1075.4,850.0,0.9566078322069812,0.4666666666666667,9.225048090736533e-05,4.92987687341962e+23,446904.6935823259,18,2025-07-02 00:00:00+00:00,1,2.645821759259259
1751482800000,87,1.228993775100601,117.46226039828264,190439.33263518906,0.9914542270746044,35,0.40229885057471265,1.2405309859228506,38.0,0.4367816091954023,1.7915273586480591,14.0,0.16091954022988506,,,0.0,,,0.0,0.23550155213471835,0.7559526749398859,35,35,869.2571428571429,654.0,0.8561246041228076,0.6571428571428571,0.000130240024330833,4.9108979884893865e+23,517905.2859516086,19,2025-07-02 00:00:00+00:00,1,2.6874884259259257
1751486400000,105,1.2466222659710633,156.33682523612308,224715.33790549813,0.9658120246520071,49,0.4666666666666667,1.7341165382031487,46.0,0.4380952380952381,0.38011879616684385,10.0,0.09523809523809523,,,0.0,,,0.0,0.2994628048323183,0.6663492198196888,49,49,1632.3265306122448,844.0,1.1295289070711474,0.42857142857142855,0.0001362915154874941,5.040334226664787e+23,1882232.2168411042,20,2025-07-02 00:00:00+00:00,1,2.7291550925925927
1751490000000,69,0.5901175189326558,43.39405763271643,83422.23763651717,0.5698786767883571,36,0.5217391304347826,0.7594819107736431,24.0,0.34782608695652173,0.21943450926721902,9.0,0.13043478260869565,,,0.0,,,0.0,0.2554031046750073,0.31447557211334976,36,36,1700.5,710.5,1.0452736321597604,0.5277777777777778,7.757670860911769e-05,5.084042563950852e+23,262529.5109684141,21,2025-07-02 00:00:00+00:00,1,2.770821759259259
1751493600000,84,1.30571096542642,148.54922251087228,237939.64820772983,1.0826732597232362,43,0.5119047619047619,1.6797867286990507,35.0,0.4166666666666667,0.7220392372088943,6.0,0.07142857142857142,,,0.0,,,0.0,0.18098310919524394,0.9016901505279921,43,43,1162.5116279069769,829.0,0.9848217118617947,0.4418604651162791,0.00013595059151127895,6.033285472752325e+23,573460.5983132521,22,2025-07-02 00:00:00+00:00,1,2.8124884259259257
1751497200000,71,0.9477155261862164,99.17434078460518,186030.0189561152,1.0787264850216516,37,0.5211267605633803,0.8834753115559268,28.0,0.39436619718309857,0.43960228164238235,6.0,0.08450704225352113,,,0.0,,,0.0,0.2781351570518285,0.8005913279698231,37,37,3171.5675675675675,1775.0,1.4870501251140873,0.35135135135135137,9.456869596224367e-05,6.797068490362249e+23,492138.80810594687,23,2025-07-02 00:00:00+00:00,1,2.8541550925925927
1751500800000,88,0.941137357337034,143.48567505204468,256257.32336994138,0.9176410001449924,42,0.4772727272727273,0.9731243621341238,39.0,0.4431818181818182,0.32119407990028204,5.0,0.056818181818181816,2.360672458418538,2.0,0.022727272727272728,,,0.0,0.31114090903165137,0.6065000911133409,42,42,900.1428571428571,758.0,0.9079674851760957,0.5,0.00011579725158492854,8.226207769236956e+23,716242.5485572321,0,2025-07-03 00:00:00+00:00,1,2.895821759259259
1751504400000,78,0.8398034819174427,101.40354794724041,188756.87471845292,0.5585790131076998,27,0.34615384615384615,0.995791916581286,43.0,0.5512820512820513,0.9504982278321683,8.0,0.10256410256410256,,,0.0,,,0.0,0.13723631935585004,0.42134269375184963,27,27,895.5925925925926,738.0,0.8985995704267794,0.5925925925925926,0.00010302593025927003,7.510585925587169e+23,439253.0631426098,1,2025-07-03 00:00:00+00:00,1,2.9374884259259257
1751508000000,64,0.8714804161209312,90.74135334647573,173481.8213829751,0.9663937281291268,30,0.46875,0.6537855124463374,29.0,0.453125,0.8606286647178152,3.0,0.046875,2.6206344663842795,2.0,0.03125,,,0.0,0.18391311302775665,0.7824806151013701,30,30,2083.4333333333334,967.0,1.2668628781644555,0.3333333333333333,7.890499124717442e-05,8.218561453061094e+23,380614.78100849385,2,2025-07-03 00:00:00+00:00,1,2.9791550925925927
1751511600000,48,0.6762947745548722,56.7658629320824,107883.13784243363,0.5905206447056606,23,0.4791666666666667,0.8434214680209917,21.0,0.4375,0.29208088049071257,4.0,0.08333333333333333,,,0.0,,,0.0,0.1971409383450741,0.39337970636058645,23,23,2492.913043478261,853.0,1.212068606577184,0.391304347826087,8.567520278891105e-05,8.343100580413116e+23,292947.75526430807,3,2025-07-03 00:00:00+00:00,1,3.020821759259259
1751515200000,40,0.7557317425570019,51.450788329149795,96764.4613115519,0.804824402337287,19,0.475,0.8272167494645992,17.0,0.425,0.21873032924335944,4.0,0.1,,,0.0,,,0.0,0.4374251753632868,0.36739922697400024,19,19,2760.5263157894738,967.0,1.2907796277984407,0.15789473684210525,6.618590449095463e-05,8.341730001777323e+23,192323.95638453905,4,2025-07-03 00:00:00+00:00,1,3.0624884259259257
1751518800000,73,0.8774961779906499,85.65290341697732,151949.6811811107,0.8481472607979439,27,0.3698630136986301,0.980545102690239,39.0,0.5342465753424658,0.43580653610209447,6.0,0.0821917808219178,0.3011467302410685,1.0,0.0136986301369863,,,0.0,0.31134895245514516,0.5367983083427986,27,27,996.5555555555555,725.0,0.9267132529904155,0.5555555555555556,0.00012413880023492193,6.965043224444204e+23,534308.993275795,5,2025-07-03 00:00:00+00:00,1,3.1041550925925927
1751522400000,62,0.8635869518400722,73.04646463847449,133084.75597152772,0.8458414921480184,25,0.4032258064516129,0.8403255814158881,33.0,0.532258064516129,1.166402380914926,4.0,0.06451612903225806,,,0.0,,,0.0,0.28232983512584287,0.5635116570221754,25,25,1129.12,931.0,1.0016430547813713,0.4,9.239302124860796e-05,6.891500796979797e+23,306465.80187182163,6,2025-07-03 00:00:00+00:00,1,3.145821759259259
1751526000000,58,0.7499867738729847,59.843175181778854,110745.65469965454,0.6945526623472982,24,0.41379310344827586,0.8311014677235942,32.0,0.5517241379310345,0.11736101057147497,2.0,0.034482758620689655,,,0.0,,,0.0,0.2821639493492999,0.41238871299799823,24,24,2142.4583333333335,789.0,1.163914669719128,0.4166666666666667,8.434760532176852e-05,7.001131138366181e+23,284396.5039871592,7,2025-07-03 00:00:00+00:00,1,3.1874884259259257
1751529600000,56,1.0404331796385617,79.43937825965504,138862.12760534897,1.2062391245669102,26,0.4642857142857143,0.9095324152243817,28.0,0.5,0.7175665973685508,2.0,0.03571428571428571,,,0.0,,,0.0,0.19516112525251708,1.011077999314393,26,26,1375.0,838.0,1.0094521823952038,0.3076923076923077,8.214779520940047e-05,7.116485015485812e+23,360638.7707271436,8,2025-07-03 00:00:00+00:00,1,3.2291550925925927
1751533200000,110,1.0440041324061333,167.14744560124933,286958.8026518025,0.8981052322204308,53,0.4818181818181818,1.282970423772216,50.0,0.45454545454545453,0.48979366283045916,6.0,0.05454545454545454,0.1535940913982613,1.0,0.00909090909090909,,,0.0,0.3555457185640178,0.5425595136564132,53,53,1325.245283018868,757.0,0.9961097433229283,0.4716981132075472,0.0001123746795443046,6.548221183940385e+23,623117.8907954542,9,2025-07-03 00:00:00+00:00,1,3.270821759259259
1751536800000,95,0.8690401876638706,115.91549705569513,201980.78527696338,0.8725034653960901,45,0.47368421052631576,0.9622852474105136,37.0,0.3894736842105263,0.50897066692498,12.0,0.12631578947368421,1.5839597279548912,1.0,0.010526315789473684,,,0.0,0.27206276493210846,0.6004407004639815,45,45,868.4444444444445,702.0,0.8912146103889381,0.5777777777777777,0.00010720367327912686,7.05017415916046e+23,506064.52379886253,10,2025-07-03 00:00:00+00:00,1,3.3124884259259257
1751540400000,65,0.6843324780128016,75.30579169580267,137862.85042863394,0.5439064742049007,28,0.4307692307692308,0.918834093142759,29.0,0.4461538461538462,0.32575513649435883,8.0,0.12307692307692308,,,0.0,,,0.0,0.2006019782946784,0.3433044959102222,28,28,1201.0714285714287,853.0,0.9898264143527873,0.42857142857142855,7.892153943214519e-05,7.816206488286824e+23,338609.4304581295,11,2025-07-03 00:00:00+00:00,1,3.3541550925925927
1751544000000,167,1.3711633705203043,409.48590170757507,698324.155583647,1.1111640299539067,89,0.5329341317365269,1.8716437073309051,61.0,0.3652694610778443,0.661696125945248,15.0,0.08982035928143713,2.997488087314597,2.0,0.011976047904191617,,,0.0,0.2814492912624976,0.8297147386914091,89,89,860.1011235955057,670.0,0.8736162452470954,0.5393258426966292,0.0001780496901487323,8.138080336541358e+23,1804341.483125729,12,2025-07-03 00:00:00+00:00,1,3.395821759259259
1751547600000,202,1.2103478274943398,354.3510830141279,645845.1382985346,1.0789154873178584,90,0.44554455445544555,1.5419143184259958,76.0,0.37623762376237624,0.7307470647635148,34.0,0.16831683168316833,2.678489446457104,2.0,0.009900990099009901,,,0.0,0.23663304071159735,0.842282446606261,90,90,896.8,722.0,0.8871444469614127,0.5333333333333333,0.00019895442681885155,6.369166208598219e+23,1964371.2664130067,13,2025-07-03 00:00:00+00:00,1,3.4374884259259257
1751551200000,179,1.0703908295642302,279.23676631873377,500912.9119069745,1.0114516336561339,105,0.5865921787709497,1.2457084060665473,65.0,0.36312849162011174,0.4918322848641743,9.0,0.05027932960893855,,,0.0,,,0.0,0.2567603781778413,0.7546912554782923,105,105,893.4857142857143,742.0,0.8982281832132015,0.5047619047619047,0.00015855182880790332,7.066912888426861e+23,1229457.8294903194,14,2025-07-03 00:00:00+00:00,1,3.4791550925925927
1751554800000,133,1.1538589766647545,272.0949773079837,490489.37488244305,1.1539194554338816,67,0.5037593984962406,1.278832878794444,54.0,0.40601503759398494,0.5911387439535238,12.0,0.09022556390977443,,,0.0,,,0.0,0.2535328292560785,0.900386626177803,67,67,1210.2686567164178,881.0,1.017355734215312,0.3880597014925373,0.0001378950927579763,8.451816209424507e+23,1048952.3052179248,15,2025-07-03 00:00:00+00:00,1,3.520821759259259
1751558400000,172,0.7924890257895075,243.27404821019059,445397.51355332835,0.8048048643240528,97,0.563953488372093,0.8403588147475864,63.0,0.36627906976744184,0.44161960560535213,12.0,0.06976744186046512,,,0.0,,,0.0,0.24469622207467587,0.560108642249377,97,97,877.4432989690722,717.0,0.864327395938213,0.5670103092783505,0.00013625661390605643,8.601897976359172e+23,963073.7714748806,16,2025-07-03 00:00:00+00:00,1,3.5624884259259257
1751562000000,31,0.706327797981715,37.76274622232838,68743.93067839401,0.9220886848625969,18,0.5806451612903226,0.4750090497215151,11.0,0.3548387096774194,0.03673293148487733,2.0,0.06451612903225806,,,0.0,,,0.0,0.09207353360056429,0.8300151512620325,18,18,1754.388888888889,944.5,1.1600908700598422,0.3888888888888889,5.781667167370318e-05,8.660541388564418e+23,168737.36756006227,17,2025-07-03 00:00:00+00:00,1,3.6041550925925927
1751565600000,85,0.723661188144001,112.16548272409445,206605.16642929343,0.739471867207781,49,0.5764705882352941,0.7490467698491946,31.0,0.36470588235294116,0.41132592674675716,5.0,0.058823529411764705,,,0.0,,,0.0,0.21185056355967474,0.5276213036481063,49,49,1656.4166666666667,739.0,1.0816637844868338,0.5625,8.952866358305272e-05,8.671447926147065e+23,394633.51921541727,18,2025-07-03 00:00:00+00:00,1,3.645821759259259
1751569200000,37,0.7332924680990663,46.4453975867592,83625.2291558087,0.5156795110271128,14,0.3783783783783784,1.0126988874179146,19.0,0.5135135135135135,0.16775732608637506,4.0,0.10810810810810811,,,0.0,,,0.0,0.16254848479780196,0.353131026229311,14,14,1039.142857142857,895.0,0.9632789633994774,0.42857142857142855,6.888389563045627e-05,8.48914765813662e+23,226122.73234640638,19,2025-07-03 00:00:00+00:00,1,3.6874884259259257
1751572800000,34,0.7931274048188671,42.740317357443296,80486.03100330589,1.0599132641887226,14,0.4117647058823529,0.6600564226082999,18.0,0.5294117647058824,0.12326522912498461,2.0,0.058823529411764705,,,0.0,,,0.0,0.16320785169039567,0.8967054124983268,14,14,1695.2857142857142,776.0,1.1286761720322045,0.5,4.777589306324502e-05,7.922876156223262e+23,182025.3244038425,20,2025-07-03 00:00:00+00:00,1,3.7291550925925927
1751576400000,67,0.8521235100527041,87.70052190635005,150652.81715066876,1.1240597065934175,37,0.5522388059701493,0.521779149021233,25.0,0.373134328358209,0.12081229081501321,4.0,0.05970149253731343,1.9743381407838534,1.0,0.014925373134328358,,,0.0,0.3309470411557637,0.7931126654376537,37,37,3112.864864864865,868.0,1.343970421362696,0.4594594594594595,8.610272339991073e-05,7.279742244052505e+23,308896.56353467656,21,2025-07-03 00:00:00+00:00,1,3.770821759259259
1751580000000,42,0.5094968945182266,30.537745683429023,58905.746813761085,0.5783303502692613,23,0.5476190476190477,0.43165915101923014,16.0,0.38095238095238093,0.3969083657549413,3.0,0.07142857142857142,,,0.0,,,0.0,0.1176661859423425,0.46066416432691876,23,23,1375.5652173913043,784.0,1.0947850119222156,0.4782608695652174,5.9314384626231765e-05,7.227240640910783e+23,160334.20570547562,22,2025-07-03 00:00:00+00:00,1,3.8124884259259257
1751583600000,40,0.640915679528402,41.03287583066273,78437.71779870399,0.5628667369581656,23,0.575,0.7685035845509094,13.0,0.325,0.675036407984113,4.0,0.1,,,0.0,,,0.0,0.21575029162675854,0.347116445331407,23,23,2202.9565217391305,776.0,1.1823151395163054,0.4782608695652174,4.740509847200806e-05,8.091912347778013e+23,135035.1600933224,23,2025-07-03 00:00:00+00:00,1,3.8541550925925927
1751587200000,72,0.6495362176879153,82.0721438447374,156044.44510835892,0.7582515387085635,36,0.5,0.540820896667267,36.0,0.5,,,0.0,,,0.0,,,0.0,0.18062425598563786,0.5776272827229256,36,36,1300.25,708.5,0.9982856458834218,0.5555555555555556,8.996619565979991e-05,8.174039656001452e+23,355307.4493544122,0,2025-07-04 00:00:00+00:00,1,3.895821759259259
1751590800000,52,1.0725105386898715,87.57263011807137,154526.3445514812,1.004389856486126,29,0.5576923076923077,1.15840183364242,23.0,0.4423076923076923,,,0.0,,,0.0,,,0.0,0.19176945330879203,0.812620403177334,29,29,1586.6896551724137,961.0,1.0915457794828354,0.3448275862068966,6.0745060743445276e-05,7.512635060148285e+23,298923.2170096133,1,2025-07-04 00:00:00+00:00,1,3.9374884259259257
1751594400000,51,0.8047576027516167,68.22618761991546,125094.04982109426,0.9566861639066054,27,0.5294117647058824,0.6049619422041514,21.0,0.4117647058823529,0.835970176188976,3.0,0.058823529411764705,,,0.0,,,0.0,0.3248836666352226,0.6318024972713828,27,27,2045.037037037037,1316.0,1.289669104081774,0.18518518518518517,0.0001036657924970934,8.537887468709048e+23,372655.11138296395,2,2025-07-04 00:00:00+00:00,1,3.9791550925925927
1751598000000,39,0.6763530415749344,53.29975604277031,99974.02624783441,0.7068618562151839,25,0.6410256410256411,0.6437331641724273,11.0,0.28205128205128205,0.5417191367153801,3.0,0.07692307692307693,,,0.0,,,0.0,0.19964665691197137,0.5072151993032126,25,25,1665.4,940.0,1.1871641933992894,0.2,6.124002690355675e-05,8.782982831860433e+23,204724.21819639875,3,2025-07-04 00:00:00+00:00,1,4.02082175925926
1751601600000,36,0.8368899004549815,54.98554186467049,101188.02916659796,0.8720928178588316,20,0.5555555555555556,0.7928862537001691,16.0,0.4444444444444444,,,0.0,,,0.0,,,0.0,0.3148949511623854,0.5571978666964461,20,20,2995.8,1033.0,1.3713347788597814,0.35,5.440449229803217e-05,9.116563163103053e+23,173263.11165397093,4,2025-07-04 00:00:00+00:00,1,4.062488425925926
1751605200000,51,0.9206982177710938,83.87978195220224,148771.665874072,1.2075147266460462,21,0.4117647058823529,0.7580243692654612,24.0,0.47058823529411764,0.5675358307312923,6.0,0.11764705882352941,,,0.0,,,0.0,0.25204732385291306,0.955467402793133,21,21,1614.142857142857,895.0,1.1398654280035294,0.3333333333333333,9.160389523734186e-05,9.077793654219158e+23,353173.46018448134,5,2025-07-04 00:00:00+00:00,1,4.104155092592593
1751608800000,69,0.751581385056481,97.33160774954928,183268.43561549342,0.8186022266203214,43,0.6231884057971014,0.6353389294943651,22.0,0.3188405797101449,0.6704408438368326,4.0,0.057971014492753624,,,0.0,,,0.0,0.24976247499824236,0.5688397516220791,43,43,989.8139534883721,718.0,0.9052650352397305,0.6046511627906976,7.939056545534632e-05,8.602375129610437e+23,525391.183447345,6,2025-07-04 00:00:00+00:00,1,4.14582175925926
1751612400000,78,1.1621199151509978,158.9486787799872,278946.17244174646,1.3052544298840552,40,0.5128205128205128,1.0724574011890338,35.0,0.44871794871794873,0.2997223815998139,3.0,0.038461538461538464,,,0.0,,,0.0,0.3033451501371397,1.0019092797469153,40,40,1258.85,808.0,1.0369546429747862,0.45,0.00011344777299873376,8.599633605338595e+23,599630.4971251198,7,2025-07-04 00:00:00+00:00,1,4.187488425925926
1751616000000,83,0.9488008883275685,143.22782594955527,265123.0350802213,0.9534171100431601,43,0.5180722891566265,1.0036955762973028,35.0,0.42168674698795183,0.5248385657853394,5.0,0.060240963855421686,,,0.0,,,0.0,0.2556757931058984,0.6977413169372617,43,43,1926.4883720930231,734.0,1.095020386829731,0.5116279069767442,9.702492853562817e-05,8.607309098031554e+23,513955.31863743026,8,2025-07-04 00:00:00+00:00,1,4.229155092592593
1751619600000,55,0.5858403314040491,60.66255060808782,115818.55067990487,0.5329272593665823,25,0.45454545454545453,0.6897091182869681,27.0,0.4909090909090909,0.09196351643666674,3.0,0.05454545454545454,,,0.0,,,0.0,0.19112618479833354,0.3418010745682487,25,25,1203.64,808.0,0.9830117214975219,0.44,7.050874370067668e-05,8.62777964865486e+23,268400.31581878464,9,2025-07-04 00:00:00+00:00,1,4.27082175925926
1751623200000,33,0.4408187317281616,26.832408377399574,52251.933464541966,0.5710861009611928,9,0.2727272727272727,0.36543323808930095,20.0,0.6060606060606061,0.5246446191481445,4.0,0.12121212121212122,,,0.0,,,0.0,0.2443617942478216,0.3267243067133712,9,9,1024.7777777777778,742.0,0.9233385326869757,0.5555555555555556,6.626752496352382e-05,8.691730363049213e+23,174641.00045153726,10,2025-07-04 00:00:00+00:00,1,4.312488425925926
1751626800000,53,0.5471176123584707,50.35348823393435,94886.98507513762,0.43557487661754374,25,0.4716981132075472,0.7694188729593303,19.0,0.3584905660377358,0.3653971830297519,8.0,0.1509433962264151,0.5657254890950635,1.0,0.018867924528301886,,,0.0,0.08609798676191704,0.34947688985562664,25,25,1134.12,717.0,0.9552532472668871,0.56,6.54472640053502e-05,8.731683334759082e+23,222972.64573393852,11,2025-07-04 00:00:00+00:00,1,4.354155092592593
1751630400000,68,0.47212825438290773,58.421598279576116,112939.95339150119,0.3895143521566688,35,0.5147058823529411,0.6031492934430215,24.0,0.35294117647058826,0.4440151033246446,9.0,0.1323529411764706,,,0.0,,,0.0,0.17426588378167007,0.21524846837499872,35,35,2027.4,753.0,1.144926614542095,0.4857142857142857,6.481789069098496e-05,8.830077589293426e+23,271490.593217712,12,2025-07-04 00:00:00+00:00,1,4.39582175925926
1751634000000,116,1.2185180118545218,252.51169327981287,435891.2417865076,1.395187871124579,67,0.5775862068965517,1.0804277418759938,42.0,0.3620689655172414,0.35607669299799544,7.0,0.0603448275862069,,,0.0,,,0.0,0.25151220301194177,1.1436756681126374,67,67,1797.8059701492537,868.0,1.1381428514785839,0.3582089552238806,0.00011626274319388482,8.629492160066865e+23,798307.8786199532,13,2025-07-04 00:00:00+00:00,1,4.437488425925926
1751637600000,133,1.1478916110019866,238.5791985365886,425468.0855162869,1.038499369753602,64,0.48120300751879697,1.3593947250878882,59.0,0.44360902255639095,0.5398189304732712,9.0,0.06766917293233082,1.1429654445888104,1.0,0.007518796992481203,,,0.0,0.24102572444264103,0.7974736453109609,64,64,1154.90625,860.5,1.0084416334282609,0.40625,0.00012325053066593647,7.820934105847675e+23,1018074.2936879717,14,2025-07-04 00:00:00+00:00,1,4.479155092592593
1751641200000,100,1.1637382999035761,156.08100902606967,282112.4321921618,1.0442295880436259,57,0.57,1.445668195072217,32.0,0.32,0.9628510208690906,11.0,0.11,,,0.0,,,0.0,0.29900674116913656,0.7452228468744893,57,57,1436.5964912280701,848.0,1.0854568904282207,0.43859649122807015,0.00011840983325379117,6.84347511440234e+23,568301.8947467444,15,2025-07-04 00:00:00+00:00,1,4.52082175925926
1751644800000,113,1.153544369350669,141.50300825877198,249946.0889803286,1.109931740397714,58,0.5132743362831859,1.2920915794500631,47.0,0.415929203539823,0.7268260412422578,7.0,0.061946902654867256,0.15838627070941402,1.0,0.008849557522123894,,,0.0,0.22860256036916266,0.8813291800285511,58,58,1191.5689655172414,797.5,0.9965955258050366,0.46551724137931033,0.00014553262354743577,5.3014265580883045e+23,698754.2899874122,16,2025-07-04 00:00:00+00:00,1,4.562488425925926
1751648400000,59,1.0886161795807745,69.50525825557095,119119.26743515125,1.471389983224718,30,0.5084745762711864,0.5415883235214565,26.0,0.4406779661016949,1.5876767340422582,2.0,0.03389830508474576,2.830005218881775,1.0,0.01694915254237288,,,0.0,0.2486249365762589,1.222765046648459,30,30,1784.3333333333333,968.0,1.189384040742698,0.3,9.368523584441204e-05,5.366166730474096e+23,248574.15021243438,17,2025-07-04 00:00:00+00:00,1,4.604155092592593
1751652000000,54,0.9601009274607902,56.3424460660453,103251.78382099755,0.9749278132831504,23,0.42592592592592593,1.048958712214524,26.0,0.48148148148148145,0.4298367719585182,5.0,0.09259259259259259,,,0.0,,,0.0,0.2858337452951643,0.689094067987986,23,23,2231.608695652174,949.0,1.2992798710637852,0.30434782608695654,7.783680093668377e-05,5.349757327526504e+23,259730.08511049853,18,2025-07-04 00:00:00+00:00,1,4.64582175925926
1751655600000,38,0.9756287994818625,42.22587209958363,78972.66502991103,1.0528324816797703,21,0.5526315789473685,0.8802595450020945,17.0,0.4473684210526316,,,0.0,,,0.0,,,0.0,0.23920673307463153,0.8136257486051386,21,21,4404.571428571428,1276.0,1.5482019725536675,0.2857142857142857,8.102316843637162e-05,5.27616601379428e+23,170777.19862022155,19,2025-07-04 00:00:00+00:00,1,4.687488425925926
1751659200000,36,0.8171923577372675,30.670542550392376,55146.235111523165,1.015831609496838,18,0.5,0.7512355272257684,14.0,0.3888888888888889,0.15416463160944793,4.0,0.1111111111111111,,,0.0,,,0.0,0.34074216837191834,0.6750894411249196,18,18,910.9444444444445,673.5,0.8710967025604534,0.6666666666666666,5.771146882570036e-05,5.395788687671627e+23,123343.30837595773,20,2025-07-04 00:00:00+00:00,1,4.729155092592593
1751662800000,34,0.48727301840386494,19.83653050305516,39049.26301911085,0.7942961149629231,15,0.4411764705882353,0.2712226904149533,16.0,0.47058823529411764,0.10442595154943675,3.0,0.08823529411764706,,,0.0,,,0.0,0.1529224351702928,0.6413736797926303,15,15,3804.785714285714,931.5,1.5101513866117806,0.14285714285714285,5.454312981032898e-05,5.4052419778477664e+23,119605.64417531325,21,2025-07-04 00:00:00+00:00,1,4.77082175925926
1751666400000,46,1.1775209314166386,71.00206915417066,124306.92835911916,1.6243599708702694,16,0.34782608695652173,0.965637826208603,25.0,0.5434782608695652,0.030646092932429897,3.0,0.06521739130434782,1.9716596886143511,2.0,0.043478260869565216,,,0.0,0.14286268121097445,1.4814972896592948,16,16,2403.9375,1176.0,1.3271386092580035,0.375,8.638955103976966e-05,7.500858029046414e+23,365066.43679621496,22,2025-07-04 00:00:00+00:00,1,4.812488425925926
1751670000000,46,0.5182160749971784,45.647834991405105,91607.15987992003,0.5911298356854275,22,0.4782608695652174,0.5546889853727973,14.0,0.30434782608695654,0.3067437269571637,10.0,0.21739130434782608,,,0.0,,,0.0,0.22711865275653081,0.3640111829288967,22,22,1267.6363636363637,899.5,1.0420477790269238,0.36363636363636365,7.940282373554354e-05,7.956105091148112e+23,205310.50197876972,23,2025-07-04 00:00:00+00:00,1,4.854155092592593
1751673600000,39,0.5477746165411866,41.15344863001542,80775.7859366315,0.47393991579462025,22,0.5641025641025641,0.6750999519852295,15.0,0.38461538461538464,0.4050163089230939,2.0,0.05128205128205128,,,0.0,,,0.0,0.20807908334439873,0.26586083245022146,22,22,1271.8636363636363,817.0,1.0375557939597406,0.45454545454545453,5.91735624271437e-05,8.060667164180684e+23,161802.25286358822,0,2025-07-05 00:00:00+00:00,1,4.89582175925926
1751677200000,45,0.6568714360924784,50.70747414917419,97183.45638601377,0.7991761909764276,24,0.5333333333333333,0.5160083523309033,19.0,0.4222222222222222,0.33390832269442494,1.0,0.022222222222222223,0.24091902374568253,1.0,0.022222222222222223,,,0.0,0.31812502572665907,0.48105116524976843,24,24,1449.375,706.5,1.0715664726299043,0.5416666666666666,5.2709973316244516e-05,8.215777870486529e+23,178910.15224713986,1,2025-07-05 00:00:00+00:00,1,4.937488425925926
1751680800000,60,0.7099465395165268,71.48474604812594,138109.51200360458,0.7909740438530644,40,0.6666666666666666,0.600871178538802,18.0,0.3,0.0710747015852985,2.0,0.03333333333333333,,,0.0,,,0.0,0.1792261684685258,0.6117478753845385,40,40,2124.3,968.0,1.2233536907211078,0.35,6.085244609910045e-05,7.619493627720617e+23,278218.07238816074,2,2025-07-05 00:00:00+00:00,1,4.979155092592593
1751684400000,44,0.42773225618636324,35.137973894862775,67596.3607921779,0.5116506863603364,20,0.45454545454545453,0.33474170187746877,14.0,0.3181818181818182,0.390082171870869,10.0,0.22727272727272727,,,0.0,,,0.0,0.2161477541363687,0.29550293222396773,20,20,1318.75,801.5,1.0272884205195634,0.5,5.301926066311186e-05,9.01529755716392e+23,202514.02353414928,3,2025-07-05 00:00:00+00:00,1,5.02082175925926
1751688000000,41,0.7166832601013701,60.00172928655336,112588.47336502926,0.7518351741295602,25,0.6097560975609756,0.7306725202737735,13.0,0.3170731707317073,0.3631305157860371,3.0,0.07317073170731707,,,0.0,,,0.0,0.21367433480617304,0.5381608393233872,25,25,2184.28,983.0,1.3042264899965272,0.28,5.035262911882128e-05,8.98732113080503e+23,211755.70821798313,4,2025-07-05 00:00:00+00:00,1,5.062488425925926
1751691600000,31,0.5136064217245573,39.18641853950994,78939.7972555964,0.46984127873628706,22,0.7096774193548387,0.6742317687964924,7.0,0.22580645161290322,0.43283427984375666,2.0,0.06451612903225806,,,0.0,,,0.0,0.15198459091123231,0.31785668782505466,22,22,1684.7272727272727,923.5,1.170736720877816,0.3181818181818182,4.496463288198878e-05,8.976902172397063e+23,129299.32673941599,5,2025-07-05 00:00:00+00:00,1,5.104155092592593
1751695200000,37,0.39411643537132135,32.016127378572854,62555.26103170572,0.3992687666688027,18,0.4864864864864865,0.3055205906477053,14.0,0.3783783783783784,0.6236364079265132,5.0,0.13513513513513514,,,0.0,,,0.0,0.2802467138039919,0.11902205286481078,18,18,3589.0555555555557,1107.5,1.4483112373731981,0.2222222222222222,5.667168586229415e-05,9.018021432597193e+23,249133.2633318281,6,2025-07-05 00:00:00+00:00,1,5.14582175925926
1751698800000,25,0.4910790840502876,22.982673246452936,43762.86384262375,0.7044917842758508,9,0.36,0.2515383230050244,13.0,0.52,0.8888509479030718,3.0,0.12,,,0.0,,,0.0,0.1631740906917429,0.5413176935841079,9,9,8226.0,1294.0,2.010246890210069,0.2222222222222222,3.8136373322082566e-05,9.036942769698577e+23,109446.46201097981,7,2025-07-05 00:00:00+00:00,1,5.187488425925926
1751702400000,43,0.5424189073308988,47.259254865111956,91082.14468057653,0.6733507185116508,29,0.6744186046511628,0.24841446744428444,10.0,0.23255813953488372,0.3281743759869825,4.0,0.09302325581395349,,,0.0,,,0.0,0.16342002977665132,0.5099306887349995,29,29,1807.5172413793102,884.0,1.1359952872343482,0.4482758620689655,4.946284667770419e-05,8.894217005053257e+23,185302.63288895256,8,2025-07-05 00:00:00+00:00,1,5.229155092592593
1751706000000,46,0.5462619702608393,48.65991430038211,94924.36944162167,0.5068930735017014,28,0.6086956521739131,0.6529193535369281,16.0,0.34782608695652173,0.24416745868006007,2.0,0.043478260869565216,,,0.0,,,0.0,0.12355475581126109,0.38333831769044036,28,28,1651.642857142857,863.5,1.1150675814893716,0.4642857142857143,5.416393736237386e-05,8.625247055059363e+23,176869.48464417952,9,2025-07-05 00:00:00+00:00,1,5.27082175925926
1751709600000,18,0.3030238260021794,14.469077399547084,28975.52100408517,0.26193176933686935,10,0.5555555555555556,0.4467889286781885,6.0,0.3333333333333333,0.0771888013007026,2.0,0.1111111111111111,,,0.0,,,0.0,0.19058250836035284,0.0713492609765165,10,10,2610.5,1367.0,1.447500767454749,0.2,4.033981624529679e-05,9.055193410458448e+23,81735.19540833938,10,2025-07-05 00:00:00+00:00,1,5.312488425925926
1751713200000,22,0.4365470265800196,22.749229319498856,45357.4716743331,0.5174106723347252,15,0.6818181818181818,0.2531668866612201,6.0,0.2727272727272727,0.3238731797722315,1.0,0.045454545454545456,,,0.0,,,0.0,0.26086166594138155,0.2565490063933436,15,15,1004.9333333333333,620.0,0.9211096669686787,0.6,3.425973042030063e-05,9.066527809559625e+23,100463.21161294734,11,2025-07-05 00:00:00+00:00,1,5.354155092592593
1751716800000,46,0.3569516471214758,39.84060606942044,81448.72529011975,0.3665985295207011,27,0.5869565217391305,0.3367801969864819,16.0,0.34782608695652173,0.37771077291508215,3.0,0.06521739130434782,,,0.0,,,0.0,0.17352543776424842,0.19307309175645263,27,27,3515.296296296296,679.0,1.2636478118502965,0.5925925925925926,5.8373104318313114e-05,8.959924095667804e+23,172246.60031131434,12,2025-07-05 00:00:00+00:00,1,5.39582175925926
1751720400000,27,0.5012187694917595,33.08430825035268,64548.84970493384,0.6231288285421009,10,0.37037037037037035,0.37525006725262205,14.0,0.5185185185185185,0.6827058497732619,3.0,0.1111111111111111,,,0.0,,,0.0,0.19377587036162758,0.42935295818047337,10,10,985.7,756.5,0.9193185268703793,0.4,4.5864837620902584e-05,1.0448329416933735e+24,151939.64117159694,13,2025-07-05 00:00:00+00:00,1,5.437488425925926
1751724000000,69,0.5848220641573658,103.82788318304662,192017.86763805288,0.6515301419067867,32,0.463768115942029,0.34684936054301074,28.0,0.4057971014492754,1.0879973100707523,9.0,0.13043478260869565,,,0.0,,,0.0,0.2180085952012108,0.43352154670557586,32,32,1832.28125,851.0,1.0616733955926647,0.40625,6.363095057735133e-05,1.3256496600117513e+24,400615.8439918707,14,2025-07-05 00:00:00+00:00,1,5.479155092592593
1751727600000,20,0.5580353560896189,26.33361961390914,51430.74719743457,0.24248695966313313,7,0.35,0.6766147507553154,10.0,0.5,0.8990502988657637,3.0,0.15,,,0.0,,,0.0,0.1969999668904126,0.045486992772720516,7,7,6086.857142857143,876.0,1.633641990447081,0.42857142857142855,3.142876085794785e-05,1.0544054956151411e+24,151559.6358830983,15,2025-07-05 00:00:00+00:00,1,5.52082175925926
1751731200000,58,0.6781177969663336,63.343971450919966,129880.01323838804,0.6172015379594523,42,0.7241379310344828,1.0753723496927978,10.0,0.1724137931034483,0.44244068880372905,6.0,0.10344827586206896,,,0.0,,,0.0,0.29699425978553884,0.3202072781739134,42,42,1589.7380952380952,689.0,1.0615907525363113,0.5476190476190477,8.144066061913521e-05,6.506796229053881e+23,310516.6346225301,16,2025-07-05 00:00:00+00:00,1,5.562488425925926
1751734800000,71,0.5063701295543342,52.23292432586247,100228.65325919686,0.6549256328987805,43,0.6056338028169014,0.295526487860691,22.0,0.30985915492957744,0.21481570846249454,6.0,0.08450704225352113,,,0.0,,,0.0,0.21027092674229522,0.4446547061564851,43,43,1498.6046511627908,724.0,1.0370156009815588,0.5348837209302325,7.892043141596524e-05,6.847230782999382e+23,235259.8045247022,17,2025-07-05 00:00:00+00:00,1,5.604155092592593
1751738400000,34,0.8325678071508014,36.7179313308164,69274.819014915,0.8675596085653868,20,0.5882352941176471,0.8682248712494944,10.0,0.29411764705882354,0.46465904898966537,3.0,0.08823529411764706,0.8798874123555666,1.0,0.029411764705882353,,,0.0,0.15610776086466982,0.711451847700717,20,20,3128.55,946.0,1.4420894618282734,0.3,6.929226568751883e-05,6.265321382653236e+23,161506.15556371424,18,2025-07-05 00:00:00+00:00,1,5.64582175925926
1751742000000,52,0.6824721325856287,44.99198859157492,85612.06083641443,0.7273613294065925,32,0.6153846153846154,0.6052014245522307,18.0,0.34615384615384615,0.6596813557507897,2.0,0.038461538461538464,,,0.0,,,0.0,0.23925156969282785,0.4881097597137646,32,32,2712.1875,846.5,1.3316895832199438,0.4375,5.388092188424198e-05,6.372007617679511e+23,169502.375215506,19,2025-07-05 00:00:00+00:00,1,5.687488425925926
1751745600000,27,0.5275122123912526,24.813955387918128,49319.69235285573,0.4768451609995464,13,0.48148148148148145,0.6183781973648473,13.0,0.48148148148148145,0.004926075826698802,1.0,0.037037037037037035,,,0.0,,,0.0,0.09864939827221209,0.37819576272733424,13,13,1929.1538461538462,995.0,1.1777893251722906,0.46153846153846156,4.211710683404992e-05,6.981612023308241e+23,117616.42584860937,20,2025-07-05 00:00:00+00:00,1,5.729155092592593
1751749200000,28,1.0151609249852507,52.634434306997235,87975.46471534787,0.7256697200545559,13,0.4642857142857143,1.3116991400815101,13.0,0.4642857142857143,0.7118000276812352,1.0,0.03571428571428571,1.226910690136922,1.0,0.03571428571428571,,,0.0,0.23889978538719733,0.48676993466735863,13,13,2852.6923076923076,684.0,1.1753472143624089,0.6153846153846154,5.567690811919125e-05,8.729395708497955e+23,260051.66514156782,21,2025-07-05 00:00:00+00:00,1,5.77082175925926
1751752800000,20,0.4318840252595145,16.364618918438445,31765.788019949792,0.4926307679951102,10,0.5,0.3291082354392504,8.0,0.4,0.5392534708625929,2.0,0.1,,,0.0,,,0.0,0.18653344659814042,0.30609732139696977,10,10,1348.8,987.0,1.0072705621368856,0.4,5.3125628770817826e-05,9.109795388618576e+23,121161.07117202801,22,2025-07-05 00:00:00+00:00,1,5.812488425925926
1751756400000,24,0.2981894859324695,18.93156110220935,46948.9206963904,0.404239620857882,14,0.5833333333333334,0.16170989750418396,9.0,0.375,0.04180389283126463,1.0,0.041666666666666664,,,0.0,,,0.0,0.21137667298610094,0.19286294787178107,14,14,2512.9285714285716,803.0,1.1566165918201479,0.5,3.2375825288325906e-05,9.158605280738189e+23,127280.78756344266,23,2025-07-05 00:00:00+00:00,1,5.854155092592593
1751760000000,24,0.7669551644594824,30.649775412182983,56447.05945637802,0.55254272337935,9,0.375,0.8571154175535156,13.0,0.5416666666666666,1.1457695042088645,2.0,0.08333333333333333,,,0.0,,,0.0,0.2348343007942628,0.3177084225850872,9,9,2426.0,2193.0,1.408579575472844,0.2222222222222222,5.1613416632347554e-05,9.140705133878091e+23,119237.66591370504,0,2025-07-06 00:00:00+00:00,1,5.89582175925926
1751763600000,13,0.4549795707939171,14.169288415298778,28342.737743778398,0.6918356056530802,6,0.46153846153846156,0.21613866443182408,5.0,0.38461538461538464,0.3415137321216609,2.0,0.15384615384615385,,,0.0,,,0.0,0.7049628936787592,-0.013127288025679048,6,6,2590.1666666666665,1664.0,1.4521889318484895,0.16666666666666666,3.4444384791554154e-05,9.175911297214311e+23,67665.22891246834,1,2025-07-06 00:00:00+00:00,1,5.937488425925926
1751767200000,24,0.4901623487003022,22.423656377702788,42325.71358438663,0.5909703415670438,12,0.5,0.4191648437473815,10.0,0.4166666666666667,0.24030191626445585,2.0,0.08333333333333333,,,0.0,,,0.0,0.5549466480193469,0.03602369354769689,12,12,2769.5833333333335,969.5,1.405156114776248,0.25,3.759383614918785e-05,9.173345735646882e+23,128190.2752088898,2,2025-07-06 00:00:00+00:00,1,5.979155092592593
1751770800000,14,0.5247610632131698,13.661566260404056,24835.708573565822,0.6957255068376121,10,0.7142857142857143,0.08186162359628794,3.0,0.21428571428571427,0.14381494581939147,1.0,0.07142857142857142,,,0.0,,,0.0,0.14313142271782808,0.5525940841197841,10,10,5237.2,1521.5,1.7111999064797938,0.2,3.85578436610875e-05,8.692790778082619e+23,66842.98070553625,3,2025-07-06 00:00:00+00:00,1,6.02082175925926
1751774400000,15,0.8664768059045377,21.620627160212727,39435.51056219256,1.1173542862780206,5,0.3333333333333333,0.7410380657177961,10.0,0.6666666666666666,,,0.0,,,0.0,,,0.0,0.12987312101076387,0.9874811652672566,5,5,13659.4,1368.0,2.8387409003868935,0.2,3.039023055202855e-05,9.135198904005304e+23,75919.4208551745,4,2025-07-06 00:00:00+00:00,1,6.062488425925926
1751778000000,9,1.091219973306651,14.573509228531886,26396.514651341527,1.1551519321326584,7,0.7777777777777778,0.8674581174156248,2.0,0.2222222222222222,,,0.0,,,0.0,,,0.0,0.16992377348130752,0.9852281586513507,7,7,6223.142857142857,1511.0,2.042942163378151,0.2857142857142857,3.160651922796729e-05,8.564558799018262e+23,57021.210481638285,5,2025-07-06 00:00:00+00:00,1,6.104155092592593
1751781600000,49,0.599337112662103,59.9964821288609,116475.93365860674,0.6295197440069573,24,0.4897959183673469,0.45117885700062493,17.0,0.3469387755102041,0.9239845450839316,7.0,0.14285714285714285,0.12111227967793059,1.0,0.02040816326530612,,,0.0,0.19294063412246512,0.43657910988449217,24,24,1740.125,1109.0,1.1856181034377558,0.375,8.01263773795473e-05,9.176185589281863e+23,279329.78371813823,6,2025-07-06 00:00:00+00:00,1,6.14582175925926
1751785200000,18,0.8134500425796288,30.61954527450534,57482.62215675308,0.8567082079703328,12,0.6666666666666666,0.7342566967553131,5.0,0.2777777777777778,0.6903187870127602,1.0,0.05555555555555555,,,0.0,,,0.0,0.3377860292416756,0.5189221787286572,12,12,1045.8333333333333,861.0,0.9805327706656949,0.4166666666666667,3.673503294486492e-05,1.0140276108171394e+24,90201.48682288361,7,2025-07-06 00:00:00+00:00,1,6.187488425925926
1751788800000,32,0.7756413347567411,66.47349119479175,123668.524339342,0.808723346448482,19,0.59375,0.8063628789306597,11.0,0.34375,0.2923937307286505,2.0,0.0625,,,0.0,,,0.0,0.3602837647016039,0.44843958174687804,19,19,2277.2105263157896,943.0,1.2572983275145115,0.3684210526315789,5.01007616832811e-05,1.2612243085977016e+24,228022.60594882024,8,2025-07-06 00:00:00+00:00,1,6.229155092592593
1751792400000,26,0.8359398402587123,53.72729835093124,101059.01026078186,1.102010108014033,15,0.5769230769230769,0.4892543143998066,7.0,0.2692307692307692,0.44487600642934433,4.0,0.15384615384615385,,,0.0,,,0.0,0.1402643094712688,0.9617457985427643,15,15,1727.2,814.0,1.1616052262369834,0.4666666666666667,4.44035258852017e-05,1.3510190028485496e+24,220772.68367559055,9,2025-07-06 00:00:00+00:00,1,6.27082175925926
1751796000000,39,0.5087489592725437,32.176467909390205,61665.33627337121,0.5151788330966566,20,0.5128205128205128,0.5288616509448911,16.0,0.41025641025641024,0.3586154448592714,3.0,0.07692307692307693,,,0.0,,,0.0,0.31579042869473317,0.1993884044019234,20,20,1043.75,808.5,0.971644287377846,0.4,5.2083645345258903e-05,8.481470961749408e+23,151764.0332921293,10,2025-07-06 00:00:00+00:00,1,6.312488425925926
1751799600000,17,0.3910402425783043,13.518408942900939,25833.170094301786,0.2283334756569876,10,0.5882352941176471,0.6234784810373281,7.0,0.4117647058823529,,,0.0,,,0.0,,,0.0,0.1487231755558137,0.07961030010117387,10,10,4321.2,4216.0,1.8898617028526576,0.3,3.1326166430065094e-05,9.473085996673763e+23,79382.00532357494,11,2025-07-06 00:00:00+00:00,1,6.354155092592593
1751803200000,15,0.710901143965404,31.09071166663546,59345.37271644968,0.7027544982860253,11,0.7333333333333333,0.7333044195836956,4.0,0.26666666666666666,,,0.0,,,0.0,,,0.0,0.18970894276266573,0.5130455555233595,11,11,1608.7272727272727,974.0,1.149445562459523,0.36363636363636365,4.8028596459245576e-05,1.4440322982382078e+24,158610.58744974475,12,2025-07-06 00:00:00+00:00,1,6.39582175925926
1751806800000,117,1.316380808253648,330.4769648455513,541722.6183269136,1.0825684302720793,58,0.49572649572649574,1.7423120248786905,49.0,0.4188034188034188,0.5854296390840384,10.0,0.08547008547008547,,,0.0,,,0.0,0.3746470614497481,0.7079213688223311,58,58,963.2758620689655,743.5,0.9181073290631364,0.5,0.0001502879114353132,9.861940933580972e+23,1390816.7772349918,13,2025-07-06 00:00:00+00:00,1,6.437488425925926
1751810400000,116,0.7386350205684927,170.8591978325133,308756.4556844363,0.7915463318315311,56,0.4827586206896552,0.6846117763929992,45.0,0.3879310344827586,0.5732564524661543,14.0,0.1206896551724138,2.521947531168305,1.0,0.008620689655172414,,,0.0,0.40938510338228745,0.38216122844924355,56,56,936.6785714285714,725.0,0.8935121767837019,0.5357142857142857,0.00014777876736702953,9.141938927382766e+23,778659.2900719672,14,2025-07-06 00:00:00+00:00,1,6.479155092592593
1751814000000,62,0.5923277793342646,69.49678844066116,131597.8979082854,0.7311651762383413,33,0.532258064516129,0.41660417306124903,26.0,0.41935483870967744,0.588054334422221,3.0,0.04838709677419355,,,0.0,,,0.0,0.20557064994687005,0.5255945262914713,33,33,1394.0,717.0,1.0249549603079962,0.5151515151515151,8.123401211239216e-05,9.13530243824387e+23,317898.1611091001,15,2025-07-06 00:00:00+00:00,1,6.52082175925926
1751817600000,55,0.8773170368599272,103.1140535310486,187555.4784357577,1.0675026966674246,28,0.509090909090909,0.7543078007880257,22.0,0.4,0.3535179806543097,5.0,0.09090909090909091,,,0.0,,,0.0,0.22656601639205026,0.8409366802753742,28,28,2323.964285714286,877.5,1.2355631966226386,0.39285714285714285,7.305363074185776e-05,9.285105033334766e+23,367171.10541158787,16,2025-07-06 00:00:00+00:00,1,6.562488425925926
1751821200000,45,0.7492935999420661,64.38800901020097,119328.01471237128,0.8368498128517124,23,0.5111111111111111,0.582495428381126,19.0,0.4222222222222222,0.7822236038318486,2.0,0.044444444444444446,1.838805954898497,1.0,0.022222222222222223,,,0.0,0.2632217645819523,0.5736280482697601,23,23,1296.1304347826087,844.0,1.0388397316703621,0.43478260869565216,7.704695635682187e-05,9.325659058422611e+23,336511.0558130572,17,2025-07-06 00:00:00+00:00,1,6.604155092592593
1751824800000,62,0.921213294639983,104.60232973075207,193625.58183040362,0.8336263892577468,42,0.6774193548387096,1.1523582579467748,18.0,0.2903225806451613,0.6802336379058181,2.0,0.03225806451612903,,,0.0,,,0.0,0.26660352262152204,0.5670228666362248,42,42,1603.2857142857142,749.5,1.0780974318335832,0.5,8.269029530022387e-05,9.323717138020807e+23,410526.5744747954,18,2025-07-06 00:00:00+00:00,1,6.64582175925926
1751828400000,41,0.6942660080958118,62.60457562904948,117006.26673681595,0.8525566292081228,28,0.6829268292682927,0.41435138136792105,10.0,0.24390243902439024,0.14993563347387873,3.0,0.07317073170731707,,,0.0,,,0.0,0.2770609399184288,0.5754956892896941,28,28,763.6785714285714,674.0,0.8537980109468312,0.6071428571428571,5.826850143286141e-05,9.311605569503654e+23,194316.56437726016,19,2025-07-06 00:00:00+00:00,1,6.687488425925926
1751832000000,36,0.8363392303425403,62.492903485498076,114531.89619954798,0.990138552715841,27,0.75,0.38271950312599323,8.0,0.2222222222222222,0.3127153439957996,1.0,0.027777777777777776,,,0.0,,,0.0,0.19779677281599156,0.7923417798998493,27,27,1326.6666666666667,875.0,1.0354537022342578,0.3333333333333333,5.360402049674273e-05,9.666415560901616e+23,179556.94671501924,20,2025-07-06 00:00:00+00:00,1,6.729155092592593
1751835600000,150,1.1287819304683449,327.73722942216455,546256.0277739469,0.7760592198963779,61,0.4066666666666667,1.4382563371554014,75.0,0.5,1.0077465621369683,14.0,0.09333333333333334,,,0.0,,,0.0,0.3643461407853212,0.4117130791110568,61,61,942.0327868852459,554.0,0.8228709885569765,0.6557377049180327,0.0002732368916550914,8.612092775886643e+23,2064911.8270637244,21,2025-07-06 00:00:00+00:00,1,6.77082175925926
1751839200000,82,0.8307166678111003,114.76221395547212,213704.47892353308,1.0287123178593716,39,0.47560975609756095,0.6595258025181651,31.0,0.3780487804878049,0.6294738738276358,12.0,0.14634146341463414,,,0.0,,,0.0,0.34369424768468604,0.6850180701746853,39,39,1559.4358974358975,814.0,1.0750346519834257,0.358974358974359,0.00012195016228994762,7.983147441555934e+23,611097.7911602814,22,2025-07-06 00:00:00+00:00,1,6.812488425925926
1751842800000,70,0.8237074237970563,112.02899708619053,207586.09939478207,0.8505728448427192,44,0.6285714285714286,0.7183520590689231,18.0,0.2571428571428571,0.9129971786842095,8.0,0.11428571428571428,,,0.0,,,0.0,0.2365931667385839,0.6139796781041352,44,44,1541.2727272727273,793.5,1.069930215530525,0.4318181818181818,0.00012301172792679842,9.682725262531065e+23,528544.2986528957,23,2025-07-06 00:00:00+00:00,1,6.854155092592593
1751846400000,68,0.6988949645198888,91.2752578119876,169278.64245208204,0.841786814560749,30,0.4411764705882353,0.6553749051497936,31.0,0.45588235294117646,0.2991807690734304,5.0,0.07352941176470588,0.22936362275960842,2.0,0.029411764705882353,,,0.0,0.17901962106156083,0.6627671934991882,30,30,1646.6333333333334,812.5,1.1546130177902438,0.4,9.767734882687073e-05,9.527511526585707e+23,451832.8866618788,0,2025-07-07 00:00:00+00:00,1,6.89582175925926
1751850000000,63,0.8669657649213476,108.8823950860262,207060.6248849821,0.8878422389568733,43,0.6825396825396826,0.8243626166754631,19.0,0.30158730158730157,0.7787371980655421,1.0,0.015873015873015872,,,0.0,,,0.0,0.14526477302267113,0.7425774659342022,43,43,2495.906976744186,975.0,1.2688220125328575,0.3023255813953488,9.717324740482555e-05,9.313212538523598e+23,357380.95923796,1,2025-07-07 00:00:00+00:00,1,6.937488425925926
1751853600000,70,0.7509788172306975,105.77027309263964,189568.08369474104,0.6634792194520531,27,0.38571428571428573,0.8273152360013356,34.0,0.4857142857142857,0.7250955840997757,9.0,0.12857142857142856,,,0.0,,,0.0,0.09255341826861682,0.5709258011834364,27,27,1755.0740740740741,825.0,1.0732243556324548,0.4444444444444444,9.95121160831142e-05,9.726489808099904e+23,561157.2437175931,2,2025-07-07 00:00:00+00:00,1,6.979155092592593
1751857200000,50,0.7376913152093144,68.81814649175836,128709.236970013,0.8539034879332429,25,0.5,0.6858880474722602,21.0,0.42,0.2833323913042961,4.0,0.08,,,0.0,,,0.0,0.20733403430799757,0.6465694536252454,25,25,1254.0,746.0,1.008913823403573,0.52,9.362504290013875e-05,9.456093085925076e+23,371823.8372713132,3,2025-07-07 00:00:00+00:00,1,7.02082175925926
1751860800000,37,0.8963657433798257,67.78474248121732,123661.86400159272,0.9832362473703112,19,0.5135135135135135,0.8408466019603942,17.0,0.4594594594594595,0.18965157169093405,1.0,0.02702702702702703,,,0.0,,,0.0,0.23864297250983668,0.7445932748604746,19,19,2816.1052631578946,1006.0,1.451593720249751,0.3684210526315789,7.061832467284324e-05,9.735754856541761e+23,231552.01724592273,4,2025-07-07 00:00:00+00:00,1,7.062488425925926
1751864400000,49,0.7603351541614133,77.59965367849549,140206.04504260633,0.7443337589382913,28,0.5714285714285714,0.845455439236436,19.0,0.3877551020408163,0.17571197907240588,2.0,0.04081632653061224,,,0.0,,,0.0,0.194451318917746,0.5498824400205453,28,28,1153.392857142857,851.0,0.9958504892928641,0.42857142857142855,7.727981318562167e-05,9.735259946938548e+23,252795.23684325762,5,2025-07-07 00:00:00+00:00,1,7.104155092592593
1751868000000,50,0.7640231863318014,74.28503842177217,138017.045763981,0.7532468375184423,24,0.48,0.8500777224309983,19.0,0.38,0.5673940699940693,7.0,0.14,,,0.0,,,0.0,0.1647431101451793,0.588503727373263,24,24,1420.0833333333333,940.0,1.07881906271745,0.3333333333333333,6.285354880340606e-05,9.727456086477205e+23,312637.83084239153,6,2025-07-07 00:00:00+00:00,1,7.14582175925926
1751871600000,48,0.6370097492502296,72.36702608318394,140456.17761083497,0.7723852208208764,21,0.4375,0.5179042116316078,25.0,0.5208333333333334,0.7043865179912111,2.0,0.041666666666666664,,,0.0,,,0.0,0.1575158454823336,0.6148693753385427,21,21,1698.7142857142858,784.0,1.1428021632695153,0.47619047619047616,7.157763403156759e-05,9.997842115664261e+23,342215.3940329649,7,2025-07-07 00:00:00+00:00,1,7.187488425925926
1751875200000,51,0.5586075542219817,73.58389994612179,141185.25908583883,0.6104671533888094,24,0.47058823529411764,0.5387145590716779,20.0,0.39215686274509803,0.4376403432222972,7.0,0.13725490196078433,,,0.0,,,0.0,0.1733262072739075,0.4371409461149019,24,24,1036.1666666666667,717.5,0.9267080202280709,0.5416666666666666,7.191910544323776e-05,1.1273555294065938e+24,370955.85447319376,8,2025-07-07 00:00:00+00:00,1,7.229155092592593
1751878800000,46,0.8743234513317932,87.82224174031332,159966.75429632413,0.7771277617713056,19,0.41304347826086957,1.1588832598138656,18.0,0.391304347826087,0.5103947345509002,9.0,0.1956521739130435,,,0.0,,,0.0,0.2702503298086625,0.5068774319626431,19,19,2812.0,918.0,1.317012528634299,0.3684210526315789,6.787157809636817e-05,1.0964791474757345e+24,463583.6203122738,9,2025-07-07 00:00:00+00:00,1,7.27082175925926
1751882400000,22,1.3231348423559657,59.277259314414586,95486.12128320435,1.6130451864716555,10,0.45454545454545453,1.1232666839453307,11.0,0.5,0.6225811437160543,1.0,0.045454545454545456,,,0.0,,,0.0,0.3464214487475291,1.2666237377241263,10,10,2268.4,812.5,1.2124734596205422,0.5,6.613292393744188e-05,9.487400384062371e+23,227581.01646007987,10,2025-07-07 00:00:00+00:00,1,7.312488425925926
1751886000000,46,0.6623764087368346,56.7019441353322,108208.38221572967,0.6644749695238038,21,0.45652173913043476,0.658930658100969,20.0,0.43478260869565216,0.42781633208311287,2.0,0.043478260869565216,0.8270315385696344,3.0,0.06521739130434782,,,0.0,0.16061878164013915,0.5038561878836646,21,21,980.3809523809524,799.0,0.9355401055815575,0.42857142857142855,6.199475324344197e-05,9.227457272628123e+23,366202.9095382626,11,2025-07-07 00:00:00+00:00,1,7.354155092592593
1751889600000,77,0.8073065213227935,121.33220867708799,230059.5999680513,0.8564599595035054,46,0.5974025974025974,0.7561859404499216,27.0,0.35064935064935066,0.1965045195878633,2.0,0.025974025974025976,0.9777072866851189,2.0,0.025974025974025976,,,0.0,0.24107264080147336,0.615387318702032,46,46,1315.2608695652175,787.0,1.0310213648624156,0.4782608695652174,9.163315752610305e-05,9.329678203317707e+23,545072.4778671521,12,2025-07-07 00:00:00+00:00,1,7.39582175925926
1751893200000,133,0.8860640043063923,236.69490018650976,436562.6099718506,0.8828620404386252,63,0.47368421052631576,0.8191628295761003,60.0,0.45112781954887216,1.1712904697436906,9.0,0.06766917293233082,2.534820022857547,1.0,0.007518796992481203,,,0.0,0.2334717088041591,0.649390331634466,63,63,960.6825396825396,777.0,0.9194016816321169,0.49206349206349204,0.00011628557883165888,9.246861010696031e+23,1100747.4579121426,13,2025-07-07 00:00:00+00:00,1,7.437488425925926
1751896800000,144,0.9142766338464744,253.00645013060583,454190.5109884251,0.9107496886772861,63,0.4375,0.9253191827426862,70.0,0.4861111111111111,0.7239207936443658,9.0,0.0625,1.495487476217976,2.0,0.013888888888888888,,,0.0,0.24223932880933893,0.6685103598679472,63,63,875.9047619047619,706.0,0.8763059518087782,0.5714285714285714,0.00016714095204147905,9.348477829362311e+23,1194896.3019154132,14,2025-07-07 00:00:00+00:00,1,7.479155092592593
1751900400000,96,0.7001965625057501,126.09639389121224,237078.34072234918,0.7635988344269278,51,0.53125,0.6926932440922021,33.0,0.34375,0.47120636151466777,11.0,0.11458333333333333,0.23318241307468834,1.0,0.010416666666666666,,,0.0,0.18717698433875776,0.5764218500881699,51,51,1050.2549019607843,684.0,0.9378688711451248,0.6078431372549019,9.463730838482172e-05,9.157378096875277e+23,526843.9879982418,15,2025-07-07 00:00:00+00:00,1,7.52082175925926
1751904000000,166,0.9436500386403658,293.23263302507803,517045.82004826784,0.9634925919984063,95,0.572289156626506,0.8663782373123579,59.0,0.35542168674698793,1.276446223662524,10.0,0.060240963855421686,0.6166659681988751,2.0,0.012048192771084338,,,0.0,0.2732297422664754,0.690262849731931,95,95,803.9263157894737,778.0,0.8623017242519172,0.47368421052631576,0.0001678746603699103,9.147051766809187e+23,1434946.2319939486,16,2025-07-07 00:00:00+00:00,1,7.562488425925926
1751907600000,105,0.8679549349514978,181.4574731003492,325250.69577089715,0.956179001700774,57,0.5428571428571428,0.7331660206302724,38.0,0.3619047619047619,0.5811794853780996,9.0,0.08571428571428572,3.5421409206098975,1.0,0.009523809523809525,,,0.0,0.22995616236969607,0.7262228393310779,57,57,1194.140350877193,815.0,0.9914228067266538,0.43859649122807015,9.595994401274252e-05,9.198594147248586e+23,738606.6481660145,17,2025-07-07 00:00:00+00:00,1,7.604155092592593
1751911200000,64,1.1992701503885659,165.5833378013319,284770.44487861515,1.2911691854485228,42,0.65625,0.826893202578398,20.0,0.3125,2.9931598922311498,2.0,0.03125,,,0.0,,,0.0,0.1593171948615176,1.131851990587005,42,42,1594.9285714285713,775.5,1.1230993984537365,0.47619047619047616,0.0001174530383644055,9.200627483729659e+23,566195.0853023983,18,2025-07-07 00:00:00+00:00,1,7.64582175925926
1751914800000,89,0.6904494966276772,113.8278867918263,208544.52695141127,0.7238137289461699,50,0.5617977528089888,0.6927018743667201,28.0,0.3146067415730337,0.5330605700260553,11.0,0.12359550561797752,,,0.0,,,0.0,0.12592379807044185,0.597889930875728,50,50,1521.94,817.5,1.0764915989130026,0.48,9.462439885923184e-05,9.23715903156195e+23,472146.9229894956,19,2025-07-07 00:00:00+00:00,1,7.687488425925926
1751918400000,90,0.7742491756138657,122.03025816643833,222571.2177686976,0.7863266674726608,56,0.6222222222222222,0.8440355655428907,27.0,0.3,0.4084531653029811,7.0,0.07777777777777778,,,0.0,,,0.0,0.18335422826244965,0.602972439210211,56,56,1399.3214285714287,756.5,1.0501188068923268,0.5,9.240814784348042e-05,9.240876140485825e+23,468143.49012369,20,2025-07-07 00:00:00+00:00,1,7.729155092592593
1751922000000,73,0.7179763112047116,102.21240312331732,191592.09575505028,0.665039089809042,44,0.6027397260273972,0.7916759842294051,25.0,0.3424657534246575,0.8396627901527443,4.0,0.0547945205479452,,,0.0,,,0.0,0.20532935806568905,0.45970973174335283,44,44,865.25,684.5,0.8755286878614951,0.5227272727272727,9.337209630309401e-05,9.203433780646525e+23,435624.1816785098,21,2025-07-07 00:00:00+00:00,1,7.77082175925926
1751925600000,79,0.5591824057570968,94.42908552188297,184582.92395349697,0.5046152997007454,48,0.6075949367088608,0.6258565355112495,30.0,0.379746835443038,1.1781796038373749,1.0,0.012658227848101266,,,0.0,,,0.0,0.16367647520362763,0.3409388244971177,48,48,1711.5833333333333,676.5,1.018913225949256,0.6041666666666666,8.10541542453994e-05,9.57043137672226e+23,381474.8695093418,22,2025-07-07 00:00:00+00:00,1,7.812488425925926
1751929200000,29,0.6193450674393373,39.34232167447838,73519.42197951744,0.6338826249726882,18,0.6206896551724138,0.6928786121374085,8.0,0.27586206896551724,0.0011845668074260754,1.0,0.034482758620689655,0.5034531211628489,2.0,0.06896551724137931,,,0.0,0.13551456324152275,0.4983680617311655,18,18,2801.9444444444443,838.0,1.3577374631462207,0.3888888888888889,4.61774588223189e-05,1.0320814467385759e+24,180012.99149236118,23,2025-07-07 00:00:00+00:00,1,7.854155092592593
1751932800000,58,0.7729496703355498,100.77752048534997,188570.88183130283,0.6600793874784494,27,0.46551724137931033,0.731638133216528,27.0,0.46551724137931033,0.9292439074487557,3.0,0.05172413793103448,4.466976098351232,1.0,0.017241379310344827,,,0.0,0.20171084595360883,0.4583685415248406,27,27,1004.1851851851852,694.0,0.8647877258588866,0.6296296296296297,0.00011821135194907544,1.030941054131036e+24,625050.021992943,0,2025-07-08 00:00:00+00:00,1,7.89582175925926
1751936400000,53,0.6935494384421127,85.79559791904931,164123.5781079298,0.7651747893017561,30,0.5660377358490566,0.6553853248188433,21.0,0.39622641509433965,0.019892368591793892,2.0,0.03773584905660377,,,0.0,,,0.0,0.38875607289542485,0.3764187164063311,30,30,2334.866666666667,769.5,1.2255174083474905,0.4666666666666667,8.157340870181485e-05,1.0253957515314171e+24,441137.352640396,1,2025-07-08 00:00:00+00:00,1,7.937488425925926
1751940000000,78,0.8657740196883409,139.14583716982054,236796.09793501807,0.6993532731426714,46,0.5897435897435898,1.1109440464622173,31.0,0.3974358974358974,0.9208575307989618,1.0,0.01282051282051282,,,0.0,,,0.0,0.16393033517402866,0.5354229379686428,46,46,1823.4347826086957,812.5,1.1306359789295273,0.43478260869565216,0.00011243377951005858,1.0228155656268324e+24,488874.17520662886,2,2025-07-08 00:00:00+00:00,1,7.979155092592593
1751943600000,43,0.5613279417519705,53.75365985182734,104657.50056619356,0.5570322547116023,27,0.627906976744186,0.530096111954464,13.0,0.3023255813953488,,,0.0,0.7353270542378115,3.0,0.06976744186046512,,,0.0,0.28661344974403175,0.27041880496757065,27,27,2028.5185185185185,1384.0,1.2580361644812887,0.18518518518518517,4.7504123933503445e-05,1.0246522313018138e+24,233770.51455090553,3,2025-07-08 00:00:00+00:00,1,8.02082175925926
1751947200000,34,0.7380640327771211,52.078959473858056,98478.07503214739,0.7898774174525157,20,0.5882352941176471,0.7379358162815141,12.0,0.35294117647058826,0.2206994849968157,2.0,0.058823529411764705,,,0.0,,,0.0,0.13183882695855675,0.658038590493959,20,20,2507.5,1604.5,1.4235957687549106,0.15,5.889355720023788e-05,1.0285012987580491e+24,196588.70253402457,4,2025-07-08 00:00:00+00:00,1,8.062488425925926
1751950800000,24,0.8947318739125305,46.29254991342891,83601.86675727202,0.9300647910879141,14,0.5833333333333334,0.8452657898669935,10.0,0.4166666666666667,,,0.0,,,0.0,,,0.0,0.3269921162326808,0.6030726748552333,14,14,2166.5,1135.5,1.2501156774208912,0.21428571428571427,5.137745556365595e-05,1.0461424666395381e+24,161548.17415761677,5,2025-07-08 00:00:00+00:00,1,8.104155092592592
1751954400000,40,0.8314687288602285,66.99768890150499,122768.72290028568,0.851328953765389,22,0.55,0.8512173561770657,16.0,0.4,0.45501723636876423,2.0,0.05,,,0.0,,,0.0,0.20432554492951507,0.6470034088358738,22,22,2721.9545454545455,780.5,1.2849503266058475,0.5,5.7369686015104565e-05,1.0117326089518274e+24,256553.87085581373,6,2025-07-08 00:00:00+00:00,1,8.14582175925926
1751958000000,40,0.4826033044507726,43.80926268046906,82633.79221624906,0.6832093548261762,19,0.475,0.3321357571474028,17.0,0.425,0.16921164120692767,4.0,0.1,,,0.0,,,0.0,0.14095512636048596,0.5422542284656902,19,19,1875.3684210526317,860.0,1.146644085209579,0.42105263157894735,6.426502617344816e-05,1.0033182340621357e+24,246702.73480311473,7,2025-07-08 00:00:00+00:00,1,8.187488425925926
1751961600000,40,1.031019462060111,88.05348769545924,138982.79152568322,0.7489483335803112,21,0.525,1.653123910605847,13.0,0.325,0.5865864888569038,5.0,0.125,1.0893201950573683,1.0,0.025,,,0.0,0.21292003368018733,0.5360282999001238,21,21,2421.9523809523807,950.0,1.332965678978858,0.38095238095238093,6.735855312266952e-05,9.93676114231946e+23,236658.16721669727,8,2025-07-08 00:00:00+00:00,1,8.229155092592592
1751965200000,39,0.7070120593848103,67.704294542429,126898.76338282961,0.7237655939738844,27,0.6923076923076923,0.7598855972377238,10.0,0.2564102564102564,0.2164716531677423,2.0,0.05128205128205128,,,0.0,,,0.0,0.15118489281581912,0.5725807011580653,27,27,3153.8076923076924,1140.5,1.4027152928059219,0.3076923076923077,5.258964430773326e-05,1.0395404927470076e+24,249270.91201544346,9,2025-07-08 00:00:00+00:00,1,8.27082175925926
1751968800000,45,0.6904536910269666,66.96210140057792,127078.96027880968,0.7780660182577869,19,0.4222222222222222,0.6220618193019541,23.0,0.5111111111111111,0.6599133017902017,3.0,0.06666666666666667,,,0.0,,,0.0,0.12683484876167606,0.6512311694961108,19,19,1959.7894736842106,979.0,1.2303107356151142,0.2631578947368421,6.597333722909999e-05,9.708409815935344e+23,274514.8065540628,10,2025-07-08 00:00:00+00:00,1,8.312488425925926
1751972400000,58,0.9797037793761736,136.56686440286333,231571.80993735662,0.9583477904360955,22,0.3793103448275862,1.0231127873327146,24.0,0.41379310344827586,0.9320384098532352,12.0,0.20689655172413793,,,0.0,,,0.0,0.15329587850680979,0.8050519119292857,22,22,948.4090909090909,735.0,0.9066796104702697,0.5454545454545454,9.937905057133037e-05,1.1407869054393363e+24,619587.1010582935,11,2025-07-08 00:00:00+00:00,1,8.354155092592592
1751976000000,44,0.5732509881326556,62.48756877081071,117306.813858997,0.6368160981441483,20,0.45454545454545453,0.5629323969274103,22.0,0.5,0.051104391275429324,2.0,0.045454545454545456,,,0.0,,,0.0,0.1519069610558853,0.484909137088263,20,20,1796.35,759.0,1.141520975285661,0.5,7.378627460195253e-05,1.1477721531134957e+24,300397.6820649244,12,2025-07-08 00:00:00+00:00,1,8.39582175925926
1751979600000,95,0.932479134237667,211.82810744530096,360798.9725418565,0.8215849973078744,46,0.4842105263157895,1.0885616010855317,45.0,0.47368421052631576,0.45183395689180494,4.0,0.042105263157894736,,,0.0,,,0.0,0.29524135561647463,0.5263436416913997,46,46,967.7826086956521,731.0,0.9089187156566731,0.5434782608695652,0.00012957188462518022,1.1022236369699261e+24,839103.1844470258,13,2025-07-08 00:00:00+00:00,1,8.437488425925926
1751983200000,120,0.8073040061864533,221.62826265371132,399857.25395930005,0.6486000510365859,66,0.55,1.0762239759706345,44.0,0.36666666666666664,0.6715022431251815,10.0,0.08333333333333333,,,0.0,,,0.0,0.16017841565927973,0.4884216353773061,66,66,972.3939393939394,735.5,0.9310108480174032,0.5151515151515151,0.00013080607584761548,1.0668238811383018e+24,930094.9767042039,14,2025-07-08 00:00:00+00:00,1,8.479155092592592
1751986800000,81,0.5650694109215875,94.91599668262535,179702.1875729144,0.5625234081654475,42,0.5185185185185185,0.6420554565855638,31.0,0.38271604938271603,0.2801149984434136,8.0,0.09876543209876543,,,0.0,,,0.0,0.23338871240984282,0.32913469575560467,42,42,1205.547619047619,730.0,0.9819334498366322,0.5238095238095238,9.280479713661288e-05,9.771992283437414e+23,403631.4027514849,15,2025-07-08 00:00:00+00:00,1,8.52082175925926
1751990400000,117,0.7666737210921365,191.21130876888714,350452.58240605117,0.7936201674682728,69,0.5897435897435898,0.7600360837026495,44.0,0.37606837606837606,0.37486153238814207,4.0,0.03418803418803419,,,0.0,,,0.0,0.1690821744655944,0.6245379930026783,69,69,741.2173913043479,639.0,0.819622509370731,0.6666666666666666,0.00011334193482088392,1.0470222554267128e+24,734587.9166131073,16,2025-07-08 00:00:00+00:00,1,8.562488425925926
1751994000000,192,1.0900641144735526,359.8248531343591,630781.438497582,1.0818069753836326,92,0.4791666666666667,1.2378151859217812,76.0,0.3958333333333333,0.5858659148519143,22.0,0.11458333333333333,1.4015319934151993,2.0,0.010416666666666666,,,0.0,0.3359694045685822,0.7458375708150503,92,92,825.8913043478261,652.0,0.8359629978867891,0.6521739130434783,0.00016705305869680763,7.864455246239664e+23,1582267.759877632,17,2025-07-08 00:00:00+00:00,1,8.604155092592592
1751997600000,94,0.7152934473019799,107.14418773963351,194625.47825298962,0.9162208027649266,50,0.5319148936170213,0.5218255260386514,39.0,0.4148936170212766,0.21506967852647377,5.0,0.05319148936170213,,,0.0,,,0.0,0.20545443665616492,0.7107663661087615,50,50,1178.18,731.0,0.9578087990630926,0.56,9.71818310742326e-05,7.36482824328367e+23,631049.1014101283,18,2025-07-08 00:00:00+00:00,1,8.64582175925926
1752001200000,108,0.6014442335950081,101.61338205039856,195733.75823657803,0.7171028109880809,57,0.5277777777777778,0.45619568115984765,40.0,0.37037037037037035,0.5302990686860327,11.0,0.10185185185185185,,,0.0,,,0.0,0.28807857745111326,0.4290242335369676,57,57,1101.0877192982457,730.0,0.9589967645380906,0.5087719298245614,9.600070382734358e-05,7.434408829271262e+23,442197.1284840577,19,2025-07-08 00:00:00+00:00,1,8.687488425925926
1752004800000,53,0.6558601977681382,57.895703911870065,109628.22840220279,0.564230769279867,31,0.5849056603773585,0.8247722096675423,17.0,0.32075471698113206,0.6496618139374454,5.0,0.09433962264150944,,,0.0,,,0.0,0.14325721830693836,0.4209735509729287,31,31,3480.967741935484,829.0,1.2937784072720189,0.45161290322580644,6.307357431924358e-05,7.467537577591566e+23,226729.65776237252,20,2025-07-08 00:00:00+00:00,1,8.729155092592592
1752008400000,50,0.5671160350266867,57.3213947150061,118480.00505599445,0.5556309103195812,29,0.58,0.6321267956720155,16.0,0.32,0.42569532426284684,5.0,0.1,,,0.0,,,0.0,0.18091666534201603,0.37471424497756517,29,29,3708.0,908.0,1.5160930070900254,0.41379310344827586,6.759511068962433e-05,7.518204564985851e+23,273734.8988174549,21,2025-07-08 00:00:00+00:00,1,8.77082175925926
1752012000000,46,0.471550313595016,36.04520210437924,69549.55715764013,0.48843587939686267,28,0.6086956521739131,0.4596705917532572,16.0,0.34782608695652173,0.33019016710323246,2.0,0.043478260869565216,,,0.0,,,0.0,0.17877202279042634,0.3096638566064363,28,28,804.8214285714286,711.5,0.8499451045635604,0.6428571428571429,5.375543652836449e-05,7.495786880490591e+23,145164.5440126029,22,2025-07-08 00:00:00+00:00,1,8.812488425925926
1752015600000,42,0.7822697271549723,52.1938279512775,95698.97277872534,0.9023440955470925,27,0.6428571428571429,0.601702453553419,14.0,0.3333333333333333,0.06820361098947447,1.0,0.023809523809523808,,,0.0,,,0.0,0.3524041890316995,0.5499399065153929,27,27,1165.9259259259259,703.0,0.9144514271474918,0.5925925925925926,6.122035548528266e-05,7.501854942475524e+23,197013.7498822253,23,2025-07-08 00:00:00+00:00,1,8.854155092592592
1752019200000,43,0.9217084343694342,54.60275928233038,99632.15683961962,1.2126494117585584,24,0.5581395348837209,0.6128445115487164,15.0,0.3488372093023256,0.33430228061237954,4.0,0.09302325581395349,,,0.0,,,0.0,0.07279994555326341,1.139849466205295,24,24,2462.4583333333335,1031.0,1.300740139539003,0.3333333333333333,6.20614123967808e-05,7.52467843179632e+23,201414.06393294956,0,2025-07-09 00:00:00+00:00,1,8.89582175925926
1752022800000,76,0.8191689064977572,93.46003863518858,171738.64046461083,0.8645617236356463,48,0.631578947368421,0.7468955477997055,24.0,0.3157894736842105,0.7080952530313978,4.0,0.05263157894736842,,,0.0,,,0.0,0.3333186232848207,0.5312431003508256,48,48,1615.1666666666667,814.0,1.09638036590227,0.4583333333333333,9.252837394666455e-05,7.520811137234165e+23,372203.869460532,1,2025-07-09 00:00:00+00:00,1,8.937488425925926
1752026400000,46,0.961040429645022,74.54336308900028,117204.41912707126,0.7636514203170865,26,0.5652173913043478,0.6618026315188168,16.0,0.34782608695652173,0.7373768010754445,2.0,0.043478260869565216,6.1446635644874,2.0,0.043478260869565216,,,0.0,0.12904706362867685,0.6346043566884098,26,26,1265.2307692307693,1104.0,1.0716210160586792,0.34615384615384615,6.310702742618092e-05,7.55575922800029e+23,221268.8935914464,2,2025-07-09 00:00:00+00:00,1,8.979155092592592
1752030000000,36,0.928352509903503,58.35444230119873,109226.42334409352,0.9633605573579277,26,0.7222222222222222,0.987999897266727,8.0,0.2222222222222222,0.2346583435430859,2.0,0.05555555555555555,,,0.0,,,0.0,0.12975127932528793,0.8336092780326397,26,26,2945.230769230769,1219.5,1.4784659744820343,0.23076923076923078,7.76056208397202e-05,7.6790323809556e+23,246619.19444748265,3,2025-07-09 00:00:00+00:00,1,9.02082175925926
1752033600000,32,0.8315136087737709,49.367280774875354,95013.73156013864,0.7875601156442041,24,0.75,1.0160797871552532,7.0,0.21875,,,0.0,0.5944341952129938,1.0,0.03125,,,0.0,0.17039975527438142,0.6171603603698228,24,24,4323.0,931.5,1.5930224576605252,0.4166666666666667,4.391137626050469e-05,8.172901922460133e+23,175966.45365158375,4,2025-07-09 00:00:00+00:00,1,9.062488425925926
1752037200000,83,0.9871170061678087,145.31611811336785,262845.9275662271,0.9495554797158191,43,0.5180722891566265,1.0337772410763435,35.0,0.42168674698795183,0.9835244892951778,5.0,0.060240963855421686,,,0.0,,,0.0,0.22238497746737035,0.7271705022484487,43,43,1327.3023255813953,777.0,1.01883890595291,0.4883720930232558,0.00011972262680318015,7.379194013607278e+23,849071.459715649,5,2025-07-09 00:00:00+00:00,1,9.104155092592592
1752040800000,53,0.806165108137668,65.44018685175581,117425.2220334621,0.9370994602927954,29,0.5471698113207547,0.6600677369510342,18.0,0.33962264150943394,0.6116078529477863,6.0,0.11320754716981132,,,0.0,,,0.0,0.47146563817697773,0.4656338221158177,29,29,2179.862068965517,834.0,1.228936090164503,0.41379310344827586,6.888450725545483e-05,7.31981599553519e+23,268139.10888579505,6,2025-07-09 00:00:00+00:00,1,9.14582175925926
1752044400000,34,1.11709610144232,56.01884051932108,95613.72277586427,1.3301502460511025,12,0.35294117647058826,0.8646919523742124,20.0,0.5882352941176471,2.362812724470702,2.0,0.058823529411764705,,,0.0,,,0.0,0.2892046080821319,1.0409456379689708,12,12,845.9166666666666,662.5,0.8820923951002896,0.6666666666666666,6.781523142519138e-05,7.350414215814234e+23,252262.47750669057,7,2025-07-09 00:00:00+00:00,1,9.187488425925926
1752048000000,41,0.8761191578288321,59.21344293846559,107403.22974727533,1.0739750684043248,25,0.6097560975609756,0.5916281551239657,15.0,0.36585365853658536,0.19708643401450832,1.0,0.024390243902439025,,,0.0,,,0.0,0.2011866477975398,0.8727884206067849,25,25,3045.4,839.0,1.3537609684856104,0.4,8.261119718068259e-05,7.4189386067136e+23,260105.5704202391,8,2025-07-09 00:00:00+00:00,1,9.229155092592592
1752051600000,22,1.2797320121018876,45.763937686732184,85353.2540235605,1.5772312282948164,16,0.7272727272727273,0.4864007689207442,6.0,0.2727272727272727,,,0.0,,,0.0,,,0.0,0.197988588891561,1.3792426394032553,16,16,4409.0,786.5,1.4572620451505014,0.5,5.0699115443672624e-05,7.455817528031567e+23,190792.66259367613,9,2025-07-09 00:00:00+00:00,1,9.27082175925926
1752055200000,38,0.9434491410594986,53.3969744126154,97705.52783525354,0.800830965047627,22,0.5789473684210527,1.1515565498055185,15.0,0.39473684210526316,0.9594378821303805,1.0,0.02631578947368421,,,0.0,,,0.0,0.1393034924448768,0.66152747260275,22,22,2968.5454545454545,929.0,1.2909128323574541,0.2727272727272727,6.333302257009271e-05,7.46330437298956e+23,208136.89202499107,10,2025-07-09 00:00:00+00:00,1,9.312488425925926
1752058800000,48,0.921132688786861,73.36753958461696,135436.16487810295,1.1468210244361046,21,0.4375,0.8520382624510142,22.0,0.4583333333333333,0.2772571549377644,5.0,0.10416666666666667,,,0.0,,,0.0,0.32181423293804057,0.8250067914980639,21,21,1361.095238095238,899.0,1.0823040797485246,0.38095238095238093,7.71375071184345e-05,8.486219828785113e+23,300909.93746676267,11,2025-07-09 00:00:00+00:00,1,9.354155092592592
1752062400000,119,1.3010860582871016,235.41015849414092,399079.15639185434,1.4384779560198093,58,0.48739495798319327,1.094910939564178,54.0,0.453781512605042,0.687699358644475,6.0,0.05042016806722689,8.14613259868369,1.0,0.008403361344537815,,,0.0,0.3839540686759893,1.0545238873438199,58,58,936.4137931034483,779.0,0.9217736361715118,0.4482758620689655,0.00013369887738638907,6.79857751809113e+23,1406770.443407392,12,2025-07-09 00:00:00+00:00,1,9.39582175925926
1752066000000,121,0.9621902236000387,200.6126867970513,373198.6375494938,0.8878610673581773,65,0.5371900826446281,1.1460857815304049,39.0,0.32231404958677684,0.7429369642166986,14.0,0.11570247933884298,1.2051948995345274,3.0,0.024793388429752067,,,0.0,0.348252226849998,0.5396088405081793,65,65,850.2461538461539,738.0,0.883845003357606,0.5076923076923077,0.00012091255171402303,7.665737317314637e+23,980454.0138273033,13,2025-07-09 00:00:00+00:00,1,9.437488425925926
1752069600000,142,1.350907136620881,336.52093884806453,556787.038988428,1.135448750034212,68,0.4788732394366197,1.592864663901281,62.0,0.43661971830985913,0.8365204524174485,10.0,0.07042253521126761,3.747742355892374,2.0,0.014084507042253521,,,0.0,0.24467531185147195,0.89077343818274,68,68,840.1029411764706,756.5,0.8535300449434847,0.47058823529411764,0.00014615144331802123,7.84729534913026e+23,1260838.731768116,14,2025-07-09 00:00:00+00:00,1,9.479155092592592
1752073200000,73,0.9609943377288503,113.11600984119241,207754.57675215937,1.2270900937520293,41,0.5616438356164384,0.5218310816100232,29.0,0.3972602739726027,1.001483967651433,2.0,0.0273972602739726,2.705823508379339,1.0,0.0136986301369863,,,0.0,0.1998146453102202,1.027275448441809,41,41,1208.219512195122,918.0,1.0384029492716043,0.34146341463414637,0.00010359078528292025,7.63708375188043e+23,451277.91234165826,15,2025-07-09 00:00:00+00:00,1,9.52082175925926
1752076800000,75,0.7483618423077142,90.31744975265319,166446.01771790496,0.6645864515688489,35,0.4666666666666667,0.9869813036389843,32.0,0.4266666666666667,0.17182139731762816,7.0,0.09333333333333334,0.08046087049796025,1.0,0.013333333333333334,,,0.0,0.22981634250457048,0.43477010906427843,35,35,1553.942857142857,1046.0,1.099041103273687,0.2571428571428571,9.962334038716656e-05,8.058502468977788e+23,472496.2489055694,16,2025-07-09 00:00:00+00:00,1,9.562488425925926
1752080400000,83,0.5502709301987335,94.07642518198463,185188.7010313836,0.6723260326592965,43,0.5180722891566265,0.423788951306833,33.0,0.39759036144578314,0.39006485545390196,6.0,0.07228915662650602,0.4370432762962383,1.0,0.012048192771084338,,,0.0,0.2970878453055503,0.37523818735374614,43,43,1082.5581395348838,784.0,0.9390458201060958,0.4883720930232558,9.402629139699782e-05,8.48824290373323e+23,460552.5778842738,17,2025-07-09 00:00:00+00:00,1,9.604155092592592
1752084000000,161,1.5330883946238243,360.3690750920489,534190.0843366238,1.1404437653107193,88,0.546583850931677,2.3053938951092405,49.0,0.30434782608695654,1.3627023586944695,19.0,0.11801242236024845,1.5225069023089333,5.0,0.031055900621118012,,,0.0,0.4771644626047918,0.6632793027059275,88,88,764.0113636363636,634.0,0.8121295028230254,0.6363636363636364,0.00022659531630131224,5.232218808802829e+23,1635889.5365654973,18,2025-07-09 00:00:00+00:00,1,9.64582175925926
1752087600000,224,1.58662999103974,410.80523304684743,685710.6669332321,1.281058407783306,115,0.5133928571428571,2.2044712372140385,75.0,0.33482142857142855,1.1867593622568082,29.0,0.12946428571428573,1.6664073602642482,5.0,0.022321428571428572,,,0.0,0.5093742693879411,0.7716841383953648,115,115,669.4,672.0,0.7881727426113985,0.6260869565217392,0.00024089421226955554,4.865988207221055e+23,2148355.2338533793,19,2025-07-09 00:00:00+00:00,1,9.687488425925926
1752091200000,228,1.05078414397476,394.2067468202148,723149.3970577603,1.048898780013193,136,0.5964912280701754,1.0310201267752752,66.0,0.2894736842105263,0.5835802298226085,19.0,0.08333333333333333,2.5418854300933282,7.0,0.03070175438596491,,,0.0,0.3440163766139887,0.7048824033992044,136,136,788.75,709.0,0.848808452285378,0.5588235294117647,0.00015625715016179034,7.497400250490563e+23,1733132.2448044482,20,2025-07-09 00:00:00+00:00,1,9.729155092592592
1752094800000,104,0.850311089637779,164.17998621184162,305639.9018958198,1.0256946339683934,55,0.5288461538461539,0.6192666207920741,43.0,0.41346153846153844,0.5869393022742742,5.0,0.04807692307692308,2.4559872486368306,1.0,0.009615384615384616,,,0.0,0.7127854765464113,0.31290915742198216,55,55,776.7636363636364,704.0,0.8515751909672895,0.6,0.00012455930991226593,7.632783121835493e+23,697678.416641279,21,2025-07-09 00:00:00+00:00,1,9.77082175925926
1752098400000,132,0.9993436224433279,165.2922902001198,311583.89836283907,1.2796107201033045,71,0.5378787878787878,0.6797105185643789,51.0,0.38636363636363635,0.6365841308072785,9.0,0.06818181818181818,0.6665034111358369,1.0,0.007575757575757576,,,0.0,0.6473739284715055,0.6322367916317988,71,71,1029.4929577464789,686.0,0.8962949278691547,0.6056338028169014,0.0001353511186979945,5.411976091532821e+23,755079.5760233178,22,2025-07-09 00:00:00+00:00,1,9.812488425925926
1752102000000,47,0.8494076602292073,52.103644991803385,96501.80806557041,0.8684994091084963,20,0.425531914893617,0.810687552174898,16.0,0.3404255319148936,0.16128452099362522,9.0,0.19148936170212766,4.064805162430911,2.0,0.0425531914893617,,,0.0,0.17393211488326168,0.6945672942252346,20,20,992.7,866.0,0.924302176992734,0.45,6.870406366994064e-05,5.485329958904426e+23,285517.33933594916,23,2025-07-09 00:00:00+00:00,1,9.854155092592592
1752105600000,89,0.8624050536919471,96.00068226982492,177590.31603161275,0.7328717468794529,47,0.5280898876404494,1.0464277747601507,37.0,0.4157303370786517,0.8245569395282136,4.0,0.0449438202247191,0.29302225101058166,1.0,0.011235955056179775,,,0.0,0.2680817007568438,0.4647900461226091,47,47,1134.8297872340424,869.0,1.012443394836846,0.40425531914893614,9.544829908320475e-05,5.651943320007457e+23,359580.56711537606,0,2025-07-10 00:00:00+00:00,1,9.89582175925926
1752109200000,60,1.263545061876356,84.82806117797276,144433.0304014881,1.1522529300826356,25,0.4166666666666667,1.2855260183527188,29.0,0.48333333333333334,0.4556014169804266,3.0,0.05,2.786440559115112,3.0,0.05,,,0.0,0.279450546353459,0.8728023837291765,25,25,1026.08,936.0,0.9895171302583665,0.32,8.230456644371613e-05,5.6392085443794595e+23,521481.4414458425,1,2025-07-10 00:00:00+00:00,1,9.937488425925926
1752112800000,84,1.1747936901742655,108.36420513610602,187764.953748022,1.043839493256986,40,0.47619047619047616,1.2263887891626717,38.0,0.4523809523809524,1.4342900413430493,4.0,0.047619047619047616,2.2945780454025666,2.0,0.023809523809523808,,,0.0,0.4585261033462672,0.5853133899107188,40,40,1202.525,861.0,1.0027565086130266,0.375,0.00010194062674938398,5.181698000095462e+23,541323.6766186801,2,2025-07-10 00:00:00+00:00,1,9.979155092592592
1752116400000,56,0.8538429417228007,63.255543921892055,101743.24108027146,0.6075391310033043,23,0.4107142857142857,0.5160298608096976,24.0,0.42857142857142855,2.721345517443338,6.0,0.10714285714285714,1.7096716531026928,3.0,0.05357142857142857,,,0.0,0.1959722855085422,0.411566845494762,23,23,1549.304347826087,896.0,1.1331653160479982,0.391304347826087,7.150503653351135e-05,5.479785036947343e+23,389811.5736313229,3,2025-07-10 00:00:00+00:00,1,10.02082175925926
1752120000000,38,0.781460219629389,36.956607046408905,70937.7351136529,0.6011796485617613,22,0.5789473684210527,0.9362827523771041,14.0,0.3684210526315789,1.0082986526366344,1.0,0.02631578947368421,2.3532788916419456,1.0,0.02631578947368421,,,0.0,0.16542029271861325,0.43575935584314807,22,22,2667.181818181818,909.0,1.2920603049982156,0.4090909090909091,5.6999695453953195e-05,5.6081993954047145e+23,199367.0821782673,4,2025-07-10 00:00:00+00:00,1,10.062488425925926
1752123600000,61,0.6628628708878498,48.719390607007405,89150.2020855633,0.8402708691628177,35,0.5737704918032787,0.3630889191646036,22.0,0.36065573770491804,0.7592996204597345,4.0,0.06557377049180328,,,0.0,,,0.0,0.2754297208279509,0.5648411483348668,35,35,1862.4571428571428,1065.0,1.2204338907965855,0.3142857142857143,6.045405887710028e-05,5.507956216110756e+23,183153.1885335572,5,2025-07-10 00:00:00+00:00,1,10.104155092592592
1752127200000,77,1.0730674977613233,99.89817595995,180653.75830980166,1.0745641105916242,51,0.6623376623376623,1.014064829395129,22.0,0.2857142857142857,1.3785003601890544,4.0,0.05194805194805195,,,0.0,,,0.0,0.2893443869032422,0.785219723688382,51,51,1352.921568627451,877.0,1.0211383691889835,0.47058823529411764,9.863166601658479e-05,5.405842158939452e+23,339777.81945959624,6,2025-07-10 00:00:00+00:00,1,10.14582175925926
1752130800000,115,1.5723648209779133,203.1115882132252,351486.01394808694,1.5491701793549129,68,0.591304347826087,1.5635331949892244,34.0,0.2956521739130435,1.2756020771062262,9.0,0.0782608695652174,2.7094587231840705,4.0,0.034782608695652174,,,0.0,0.5423194806349352,1.0068506987199777,68,68,1145.1176470588234,811.5,0.967725347354943,0.45588235294117646,0.00016882677139501502,4.9798536178408184e+23,1151514.3085226442,7,2025-07-10 00:00:00+00:00,1,10.187488425925926
1752134400000,59,1.0065680705960443,87.43271186823647,153787.79895591154,1.1328777525321465,31,0.5254237288135594,0.8070871137609794,23.0,0.3898305084745763,0.6577066135723997,4.0,0.06779661016949153,3.074475765877942,1.0,0.01694915254237288,,,0.0,0.6964807138474544,0.4363970386846922,31,31,1434.7096774193549,706.0,1.0135502266896792,0.5483870967741935,9.728399559696477e-05,6.762543886609779e+23,380376.1423820461,8,2025-07-10 00:00:00+00:00,1,10.229155092592592
1752138000000,47,1.1798963556261872,105.43402398953461,189634.313113588,1.2481934729422623,26,0.5531914893617021,1.170929247272016,19.0,0.40425531914893614,0.37722135988183403,2.0,0.0425531914893617,,,0.0,,,0.0,0.3116916314747216,0.9365018414675408,26,26,2193.3846153846152,825.0,1.2745215704243777,0.38461538461538464,7.722388128491955e-05,9.283387454326719e+23,341113.8140815703,9,2025-07-10 00:00:00+00:00,1,10.27082175925926
1752141600000,43,1.082514462407758,116.90460220361473,207095.80556531047,0.8812025881861407,20,0.46511627906976744,1.3727536410358654,21.0,0.4883720930232558,0.04812182902880647,2.0,0.046511627906976744,,,0.0,,,0.0,0.15292096142566647,0.7282816267604741,20,20,1505.45,788.5,1.0901722394049709,0.45,7.21313936062782e-05,1.1639794533316284e+24,537202.5765415698,10,2025-07-10 00:00:00+00:00,1,10.312488425925926
1752145200000,41,0.7528199807732334,80.94439496596259,147089.53562939682,0.9628772581070284,22,0.5365853658536586,0.7122471192327938,11.0,0.2682926829268293,0.2309501527234014,8.0,0.1951219512195122,,,0.0,,,0.0,0.4428377004710582,0.5200395576359701,22,22,1135.2727272727273,820.0,0.9807460109164725,0.36363636363636365,6.709509949566956e-05,1.2033898108846117e+24,320270.3497742781,11,2025-07-10 00:00:00+00:00,1,10.354155092592592
1752148800000,51,0.9339714118516255,130.06289772057156,241635.0986216773,0.8874332440071884,27,0.5294117647058824,1.0215658413633035,22.0,0.43137254901960786,0.5986979531230662,2.0,0.0392156862745098,,,0.0,,,0.0,0.3403112887447963,0.547121955262392,27,27,1366.7037037037037,699.0,1.0052289664099474,0.5925925925925926,7.353192956569187e-05,1.2857634243952123e+24,488669.6070832005,12,2025-07-10 00:00:00+00:00,1,10.39582175925926
1752152400000,147,0.8813133211352796,329.0419605422831,616010.0564265538,1.0397315025045515,64,0.43537414965986393,0.7953414942189826,73.0,0.4965986394557823,0.4950312968609082,10.0,0.06802721088435375,,,0.0,,,0.0,0.16773735018478247,0.8719941523197688,64,64,1029.546875,705.5,0.9313235559671302,0.546875,0.00017465355184295882,1.1691636288841314e+24,1563309.422903587,13,2025-07-10 00:00:00+00:00,1,10.437488425925926
1752156000000,143,0.9555254996946426,334.0014999138007,617283.8253960245,0.9949119450412264,78,0.5454545454545454,0.877027001722617,59.0,0.4125874125874126,1.2154036069139718,6.0,0.04195804195804196,,,0.0,,,0.0,0.3094890362626472,0.6854229087785791,78,78,892.5641025641025,819.5,0.9229962206272435,0.38461538461538464,0.0001412854035870489,1.2120787561166203e+24,1510860.4648133141,14,2025-07-10 00:00:00+00:00,1,10.479155092592592
1752159600000,110,0.6447315381977274,213.30845879187848,402089.10799772025,0.7270034953714439,55,0.5,0.6102077141410476,44.0,0.4,0.3910034083257673,10.0,0.09090909090909091,0.1761034508568392,1.0,0.00909090909090909,,,0.0,0.17886438444154434,0.5481391109298996,55,55,1011.3818181818182,734.0,0.8965780831141561,0.509090909090909,0.00010249727655976667,1.2999196311202048e+24,950758.9220514933,15,2025-07-10 00:00:00+00:00,1,10.52082175925926
1752163200000,163,1.1306672473675208,407.0782390354302,752410.8553076604,1.1743170638628702,85,0.5214723926380368,1.2662151838016076,53.0,0.32515337423312884,0.555039718785831,23.0,0.1411042944785276,2.303246309501299,2.0,0.012269938650306749,,,0.0,0.3803528826947179,0.7939641811681524,85,85,910.9529411764706,679.0,0.8707582402535708,0.6588235294117647,0.00018683728286182912,9.566745672318198e+23,1994240.3921431452,16,2025-07-10 00:00:00+00:00,1,10.562488425925926
1752166800000,151,1.4065038076351029,338.5189020210443,587716.0792499302,1.204825867710587,70,0.46357615894039733,1.636549480855078,71.0,0.47019867549668876,0.9826913769841136,9.0,0.059602649006622516,3.0050286795918524,1.0,0.006622516556291391,,,0.0,0.29248254227146886,0.9123433254391181,70,70,1046.9571428571428,779.0,0.945697987643132,0.4857142857142857,0.0001643283317076149,7.480112315953927e+23,1529677.4686560314,17,2025-07-10 00:00:00+00:00,1,10.604155092592592
1752170400000,151,1.0597992908948493,275.4887700748548,478564.2497116573,1.2929221512983722,72,0.4768211920529801,0.9319932245558596,65.0,0.4304635761589404,0.3841290788168528,13.0,0.08609271523178808,1.3660604108894958,1.0,0.006622516556291391,,,0.0,0.29098584229563856,1.0019363090027336,72,72,939.2777777777778,781.0,0.917948337494725,0.4722222222222222,0.00015866575488578726,7.91984016081695e+23,1326339.4317061133,18,2025-07-10 00:00:00+00:00,1,10.64582175925926
1752174000000,100,0.716089275175873,123.82257164604123,234222.11421386484,0.7462314257966292,60,0.6,0.7087445892821188,35.0,0.35,0.4715421702347665,4.0,0.04,0.14281266397631487,1.0,0.01,,,0.0,0.2475534256240148,0.4986780001726144,60,60,1185.9833333333333,687.5,0.9526081477974421,0.6166666666666667,9.847599784670366e-05,7.40107370899546e+23,500790.4524847842,19,2025-07-10 00:00:00+00:00,1,10.687488425925926
1752177600000,83,0.7950760356024915,111.38257817495148,189044.16465342318,0.6287023835032444,41,0.4939759036144578,1.1050054559413764,35.0,0.42168674698795183,0.21990318191794284,7.0,0.08433734939759036,,,0.0,,,0.0,0.1502609845943409,0.4784413989089034,41,41,1056.3170731707316,716.0,0.9338088168057032,0.5365853658536586,9.64870237765893e-05,7.36272087746748e+23,395278.37443023105,20,2025-07-10 00:00:00+00:00,1,10.729155092592592
1752181200000,372,2.735105323606967,960.8493640599249,1300931.1037740023,2.20840993277929,174,0.46774193548387094,3.578179290067801,130.0,0.34946236559139787,1.5475697281269019,58.0,0.15591397849462366,7.827350013802085,10.0,0.026881720430107527,,,0.0,0.6753491166737358,1.5330608161055541,174,174,622.0919540229885,601.5,0.7451002203842636,0.7068965517241379,0.0004698037391118658,3.257554926233896e+23,5438645.633576777,21,2025-07-10 00:00:00+00:00,1,10.77082175925926
1752184800000,153,1.6294734929023522,193.4889419754292,342814.81415106705,1.6998105410717992,89,0.5816993464052288,1.5765379270297735,45.0,0.29411764705882354,0.7013210524199386,15.0,0.09803921568627451,4.14057093900772,4.0,0.026143790849673203,,,0.0,0.46177120517876946,1.2380393358930297,89,89,1172.9101123595506,904.0,1.0147095535410455,0.3707865168539326,0.00015647965696628346,3.325716533741458e+23,850726.0919523871,22,2025-07-10 00:00:00+00:00,1,10.812488425925926
1752188400000,137,1.0242036117782944,109.39744437575541,199145.58156207457,1.071679529127178,66,0.48175182481751827,1.0261810239402456,63.0,0.45985401459854014,0.3021302236913988,7.0,0.051094890510948905,2.8207298171573125,1.0,0.0072992700729927005,,,0.0,0.3767581682994551,0.6949213608277227,66,66,1075.909090909091,945.0,0.9866046326591646,0.3333333333333333,0.00013450393901542844,3.5779578484910845e+23,498126.1553890018,23,2025-07-10 00:00:00+00:00,1,10.854155092592592
1752192000000,162,1.3298932046090552,176.23447229504933,310280.8548165086,1.3558788972040605,73,0.4506172839506173,1.3481843154897986,71.0,0.4382716049382716,0.893456501026103,13.0,0.08024691358024691,1.8255037475311031,5.0,0.030864197530864196,,,0.0,0.34849107727092943,1.007387819933131,73,73,935.5479452054794,779.0,0.9227064198109859,0.4931506849315068,0.00018475438464147224,3.717961164415193e+23,830056.8396399731,0,2025-07-11 00:00:00+00:00,1,10.89582175925926
1752195600000,77,0.9184746262702574,59.224811077061794,108740.63122268951,1.0328597053382544,32,0.4155844155844156,0.8760036270402992,40.0,0.5194805194805194,0.359318079886377,4.0,0.05194805194805195,1.1936182508282034,1.0,0.012987012987012988,,,0.0,0.5576255368420743,0.4752341684961803,32,32,1505.71875,840.0,1.102429437123466,0.40625,0.00010079645018723142,3.8833044368799684e+23,303274.1076057552,1,2025-07-11 00:00:00+00:00,1,10.937488425925926
1752199200000,89,0.9471021346631158,69.97056874618798,122689.53839640609,0.9813210775346115,41,0.4606741573033708,0.903243924962079,33.0,0.3707865168539326,0.5115726266705347,13.0,0.14606741573033707,3.8002160678163355,2.0,0.02247191011235955,,,0.0,0.3244467369881536,0.6568743405464579,41,41,1480.3170731707316,809.0,1.017927913624027,0.4146341463414634,0.0001101462498648796,3.792442912455036e+23,357277.2205796458,2,2025-07-11 00:00:00+00:00,1,10.979155092592592
1752202800000,56,1.6633233706445139,152.07527823925722,121413.20253215478,0.8378506272567717,28,0.5,0.8831255393369988,23.0,0.4107142857142857,0.9236106843015465,3.0,0.05357142857142857,23.30178586762377,2.0,0.03571428571428571,,,0.0,0.21047009932043945,0.6273805279363324,28,28,1653.6785714285713,986.0,1.1670213917070458,0.25,0.0001010417737824555,3.815784451335052e+23,316684.50211313233,3,2025-07-11 00:00:00+00:00,1,11.02082175925926
1752206400000,72,1.038419748657545,67.17195551149884,115422.86015282763,0.8850349106061152,49,0.6805555555555556,1.4068149561837615,22.0,0.3055555555555556,,,0.0,0.449582247600837,1.0,0.013888888888888888,,,0.0,0.3737357230424565,0.5112991875636587,49,49,1764.7755102040817,962.0,1.1612137034840457,0.3469387755102041,8.101684095852498e-05,3.952262807950028e+23,308643.6684920683,4,2025-07-11 00:00:00+00:00,1,11.062488425925926
1752210000000,188,1.616912796330965,272.24885546725915,451828.53416739835,1.4583065651273084,93,0.4946808510638298,1.8986392045389697,75.0,0.39893617021276595,1.39777787508906,17.0,0.09042553191489362,0.7323103121483437,3.0,0.015957446808510637,,,0.0,0.357740509220374,1.1005660559069343,93,93,977.5376344086021,813.0,0.9246730210606698,0.43010752688172044,0.00019941439915776148,3.7140332832092964e+23,1217170.972784652,5,2025-07-11 00:00:00+00:00,1,11.104155092592592
1752213600000,170,1.1305349279684775,204.42970285684444,345781.40746967675,1.0859442658078609,90,0.5294117647058824,1.109218171713674,64.0,0.3764705882352941,1.5320831170612952,14.0,0.08235294117647059,1.0084136017002354,2.0,0.011764705882352941,,,0.0,0.42080800260410123,0.6651362632037595,90,90,1088.2444444444445,908.0,0.9737942220810112,0.37777777777777777,0.0001481660051540917,4.752087917511952e+23,971576.5280270231,6,2025-07-11 00:00:00+00:00,1,11.14582175925926
1752217200000,119,1.3476151097673341,188.84244103982783,335571.4966683152,1.4134519643886467,70,0.5882352941176471,1.1633876160675887,39.0,0.3277310924369748,1.5595718395765334,8.0,0.06722689075630252,1.7879344059296187,2.0,0.01680672268907563,,,0.0,0.4328511133448418,0.980600851043805,70,70,1022.2142857142857,684.5,0.9363075563109551,0.5571428571428572,0.00012598607033113018,5.002484022173787e+23,637096.0149537219,7,2025-07-11 00:00:00+00:00,1,11.187488425925926
1752220800000,112,0.8956424868201621,115.78811515397044,210528.63032186104,1.1050617606501676,49,0.4375,0.6245594443340645,41.0,0.36607142857142855,0.7868276984756284,19.0,0.16964285714285715,1.8690895877554503,3.0,0.026785714285714284,,,0.0,0.3403553663575696,0.764706394292598,49,49,1409.5510204081634,799.0,1.0480432562794275,0.46938775510204084,0.00013498198858612485,4.898696982394354e+23,768069.9433763167,8,2025-07-11 00:00:00+00:00,1,11.229155092592592
1752224400000,172,1.2447144935523502,394.12999711210284,645799.0890075958,1.157695765568827,97,0.563953488372093,1.601181709845564,48.0,0.27906976744186046,0.9992442740428392,23.0,0.13372093023255813,0.4887658138139116,4.0,0.023255813953488372,,,0.0,0.37804533790261385,0.7796504276662128,97,97,1231.020618556701,801.0,0.9972588700320612,0.4639175257731959,0.00016199110689685712,7.352698725477101e+23,1451946.4798163034,9,2025-07-11 00:00:00+00:00,1,11.27082175925926
1752228000000,140,0.7590360574786121,246.6717618137943,466282.88583089306,0.801340538922469,77,0.55,0.8631600815023758,45.0,0.32142857142857145,0.3061952995193868,17.0,0.12142857142857143,0.514302790539105,1.0,0.007142857142857143,,,0.0,0.49904919146001775,0.3022913474624513,77,77,817.1818181818181,582.0,0.8458592430308199,0.6233766233766234,0.00013900155446748533,9.899941492269132e+23,1088278.8487125158,10,2025-07-11 00:00:00+00:00,1,11.312488425925926
1752231600000,151,0.8880924505390351,173.85464763329634,327490.5575987909,0.9533734963129387,77,0.5099337748344371,0.8943306078979446,52.0,0.3443708609271523,0.6448640547547683,22.0,0.1456953642384106,,,0.0,,,0.0,0.27264963712678064,0.680723859186158,77,77,1193.844155844156,702.0,0.9646564894747752,0.5454545454545454,0.000117793941284304,5.874421192583745e+23,704810.067827541,11,2025-07-11 00:00:00+00:00,1,11.354155092592592
1752235200000,124,0.6995962146197576,99.39170595684499,197446.19903074807,0.6860912079642851,69,0.5564516129032258,0.7025357561479244,36.0,0.2903225806451613,0.7430710548415261,19.0,0.1532258064516129,,,0.0,,,0.0,0.32879607007805317,0.3572951378862321,69,69,961.9420289855072,817.0,0.9220515373660925,0.43478260869565216,0.00012554092991836228,4.9140674407282006e+23,527846.2619098685,12,2025-07-11 00:00:00+00:00,1,11.39582175925926
1752238800000,246,0.9795071688208686,325.07345645911505,600989.6501810598,1.022250691519797,111,0.45121951219512196,1.0735766327035046,87.0,0.35365853658536583,0.695383818335843,47.0,0.1910569105691057,1.4047302642467052,1.0,0.0040650406504065045,,,0.0,0.283513308210552,0.738737383309245,111,111,856.1261261261261,726.0,0.8843673871902968,0.5225225225225225,0.00020428291374775584,5.874060614882064e+23,1421666.7774760579,13,2025-07-11 00:00:00+00:00,1,11.437488425925926
1752242400000,180,0.8463358860550798,228.07517534455258,419338.07003928226,0.8918728110198006,99,0.55,0.794274494122539,55.0,0.3055555555555556,0.7887662974331899,24.0,0.13333333333333333,0.714781441908956,2.0,0.011111111111111112,,,0.0,0.26015175835016896,0.6317210526696316,99,99,844.4343434343434,717.0,0.88120927721237,0.5656565656565656,0.0001709608303394075,6.150212340941459e+23,1033593.6420979383,14,2025-07-11 00:00:00+00:00,1,11.479155092592592
1752246000000,251,1.1522414181661433,339.89746278799913,613379.7185902621,1.0705192902704799,120,0.47808764940239046,1.3749406997561955,94.0,0.3745019920318725,0.6309257282982639,33.0,0.13147410358565736,2.671326579079818,4.0,0.01593625498007968,,,0.0,0.22669258861325564,0.8438267016572243,120,120,845.7333333333333,722.0,0.8763129001326742,0.5333333333333333,0.0001805348038141513,5.157950996248956e+23,1604154.7905735332,15,2025-07-11 00:00:00+00:00,1,11.52082175925926
1752249600000,258,1.0024970376115028,291.86571368525983,541424.703083047,0.9878528650899985,132,0.5116279069767442,1.1052120036996327,88.0,0.34108527131782945,0.7105250627228329,35.0,0.13565891472868216,2.0402079970070344,3.0,0.011627906976744186,,,0.0,0.2155175097558951,0.7723353553341034,132,132,822.3484848484849,704.5,0.8574288921867707,0.5909090909090909,0.00017746689672552086,4.9071665324529256e+23,1183447.7260290857,16,2025-07-11 00:00:00+00:00,1,11.562488425925926
1752253200000,150,0.9463912721673172,214.40131127715856,364554.3385412808,1.052362845020302,75,0.5,0.9629774442346849,60.0,0.4,0.3501887196329237,15.0,0.1,,,0.0,,,0.0,0.31445436894144574,0.7379084760788561,75,75,1015.9733333333334,769.0,0.9546727148244641,0.48,0.0001319805480201115,6.15912271143199e+23,842436.6177587615,17,2025-07-11 00:00:00+00:00,1,11.604155092592592
1752256800000,132,0.8374093733320274,172.11681790136413,314136.1754828222,0.9840519808711523,75,0.5681818181818182,0.6973615785698264,39.0,0.29545454545454547,0.4104562407416632,17.0,0.12878787878787878,2.5592810576596836,1.0,0.007575757575757576,,,0.0,0.16951535891439667,0.8145366219567555,75,75,1446.6,794.0,1.0640169413310623,0.44,0.00011444493843508609,6.940888253635605e+23,528226.3786476327,18,2025-07-11 00:00:00+00:00,1,11.64582175925926
1752260400000,131,0.8940061134447068,187.4992752748966,347162.1404197176,0.9495149690266547,73,0.5572519083969466,0.8995363342989048,40.0,0.3053435114503817,0.6565974861308123,18.0,0.13740458015267176,,,0.0,,,0.0,0.21828746479511812,0.7312275042315365,73,73,709.0,718.0,0.8144205482535948,0.6027397260273972,0.000140350863970234,6.860382869639701e+23,764387.728454555,19,2025-07-11 00:00:00+00:00,1,11.687488425925926
1752264000000,100,1.1082037528924715,175.43520661036695,319222.17786366364,1.2092173613297803,61,0.61,1.102642694625119,29.0,0.29,0.45565386195878677,9.0,0.09,0.9805933463730198,1.0,0.01,,,0.0,0.2644652535282507,0.9447521078015295,61,61,1169.688524590164,849.0,0.9837878201061997,0.4098360655737705,0.00011771046256672305,6.570751843127728e+23,606681.1895381702,20,2025-07-11 00:00:00+00:00,1,11.729155092592592
1752267600000,150,0.9394673397334803,205.83690524512278,396470.92796554783,0.8258372802037148,69,0.46,1.1906741053330965,64.0,0.4266666666666667,0.43099105521992187,16.0,0.10666666666666667,0.8383290011287946,1.0,0.006666666666666667,,,0.0,0.2619207493919112,0.5639165308118036,69,69,1388.5942028985507,785.0,0.9947200494002266,0.4782608695652174,0.00017395108435972693,5.688708249029214e+23,869912.1425564052,21,2025-07-11 00:00:00+00:00,1,11.77082175925926
1752271200000,201,1.1757274672934297,286.5848985549627,498527.71267708775,1.2190952990346788,104,0.5174129353233831,1.2291797331220766,72.0,0.3582089552238806,0.8413747616633316,25.0,0.12437810945273632,,,0.0,,,0.0,0.37833772992139686,0.8407575691132819,104,104,1003.0576923076923,684.0,0.8987062634226597,0.625,0.00017721862725427704,5.410288162967063e+23,1167892.235531273,22,2025-07-11 00:00:00+00:00,1,11.812488425925926
1752274800000,64,0.9344684083340558,109.91939557253247,202865.89238921375,1.0046621239756917,32,0.5,1.04108635071543,22.0,0.34375,0.4919182067220745,9.0,0.140625,0.3256265899193077,1.0,0.015625,,,0.0,0.29375643526130274,0.7109056887143889,32,32,942.09375,692.5,0.9100066657759636,0.59375,9.502037789401946e-05,8.093462247487176e+23,398204.47669656225,23,2025-07-11 00:00:00+00:00,1,11.854155092592592
1752278400000,107,0.995523149102646,244.06850200613817,447047.05193082476,1.0835158897594654,59,0.5514018691588785,1.1460133492773072,32.0,0.29906542056074764,0.37006951758130224,16.0,0.14953271028037382,,,0.0,,,0.0,0.3091183078218523,0.7743975819376131,59,59,1330.0677966101696,820.0,1.03651731283645,0.4067796610169492,0.00010452914935390079,1.0222206342164455e+24,914485.3457155626,0,2025-07-12 00:00:00+00:00,1,11.89582175925926
1752282000000,50,0.8368029443718771,75.25167516561572,140455.85452390747,0.8241881845883978,22,0.44,0.8515219223788771,25.0,0.5,0.8066530327257245,3.0,0.06,,,0.0,,,0.0,0.303802827341159,0.5203853572472389,22,22,1415.409090909091,795.5,1.044195236773703,0.4090909090909091,6.91910151473434e-05,7.751445042504079e+23,329036.72825471475,1,2025-07-12 00:00:00+00:00,1,11.937488425925926
1752285600000,41,0.8954265118705801,66.43500536173481,123141.85710159101,1.0052785417597607,17,0.4146341463414634,0.9647986568949083,18.0,0.43902439024390244,0.3760626587782503,6.0,0.14634146341463414,,,0.0,,,0.0,0.3819265978366829,0.6233519439230777,17,17,3019.4117647058824,913.0,1.3679317207391495,0.29411764705882354,6.795221490432418e-05,8.160344581744004e+23,232893.1568486578,2,2025-07-12 00:00:00+00:00,1,11.979155092592592
1752289200000,37,0.5831097506114473,42.27882183462564,80656.02168450324,0.6866062764128396,17,0.4594594594594595,0.2524391374846323,10.0,0.2702702702702703,0.3847264421352174,9.0,0.24324324324324326,3.915824719541998,1.0,0.02702702702702703,,,0.0,0.22824223440449304,0.45836404200834646,17,17,2324.9411764705883,1340.0,1.3004088182096438,0.35294117647058826,5.7259914286130476e-05,7.829535802903645e+23,203314.29321301245,3,2025-07-12 00:00:00+00:00,1,12.02082175925926
1752292800000,74,1.0712710563406767,193.2337546449726,358607.6084693065,1.156250470278136,37,0.5,1.1897337340986538,28.0,0.3783783783783784,0.3533606904618588,9.0,0.12162162162162163,,,0.0,,,0.0,1.1307384206473776,0.025512049630758225,37,37,1685.4594594594594,897.0,1.1344792783574613,0.3783783783783784,9.387874626841872e-05,1.0380362953078144e+24,786362.6891753516,4,2025-07-12 00:00:00+00:00,1,12.062488425925926
1752296400000,64,0.7078065978570339,146.10136612787647,277948.401998258,0.9492941133823182,32,0.5,0.47433448210550283,25.0,0.390625,0.43769265456834583,7.0,0.109375,,,0.0,,,0.0,0.3336161207310702,0.6156779926512479,32,32,1238.28125,799.5,0.9959296679027204,0.4375,7.299205583336698e-05,1.2955867687925765e+24,502691.808957909,5,2025-07-12 00:00:00+00:00,1,12.104155092592592
1752300000000,62,0.8303651167993412,139.6199349121771,267657.62364842865,0.8243438691426593,37,0.5967741935483871,0.9526838593143824,21.0,0.3387096774193548,0.24388825941968217,4.0,0.06451612903225806,,,0.0,,,0.0,0.25542683131028177,0.5689170378323776,37,37,1458.162162162162,789.0,1.0885462325831887,0.40540540540540543,7.58478637265776e-05,1.1826577554513913e+24,500482.56877126,6,2025-07-12 00:00:00+00:00,1,12.14582175925926
1752303600000,65,1.284190733081524,139.02961349998995,221362.53918287644,1.4710799882282353,31,0.47692307692307695,1.252674008692733,27.0,0.4153846153846154,0.502006439897844,5.0,0.07692307692307693,0.7683437905153845,2.0,0.03076923076923077,,,0.0,0.6004673983472437,0.8706125898809918,31,31,1771.032258064516,888.0,1.1488385762174735,0.3870967741935484,8.731711601483483e-05,7.207494149886131e+23,457399.0405974676,7,2025-07-12 00:00:00+00:00,1,12.187488425925926
1752307200000,51,0.8417279988858173,69.54379869733303,130839.84261810045,1.0148376214717765,30,0.5882352941176471,0.5620524150823413,20.0,0.39215686274509803,1.2419509973765663,1.0,0.0196078431372549,,,0.0,,,0.0,0.4142669612001758,0.6005706602716007,30,30,2269.2,772.5,1.1829838503607397,0.5,6.008839230843662e-05,7.552635468570176e+23,224381.22030218915,8,2025-07-12 00:00:00+00:00,1,12.229155092592592
1752310800000,28,0.9327840183223283,42.916266139591706,79748.82346779303,0.9515643093438486,12,0.42857142857142855,1.0217721691736374,12.0,0.42857142857142855,0.3473016597171961,3.0,0.10714285714285714,1.3960097916637704,1.0,0.03571428571428571,,,0.0,0.18603671118370937,0.7655275981601392,12,12,1423.1666666666667,687.5,1.0712289991152542,0.5833333333333334,5.467506379104612e-05,7.22624419022978e+23,180321.85045349252,9,2025-07-12 00:00:00+00:00,1,12.27082175925926
1752314400000,39,0.7072641060333767,51.171238154933164,98635.68182448734,0.8706341470907394,22,0.5641025641025641,0.5743623682956966,13.0,0.3333333333333333,0.24065952786534328,4.0,0.10256410256410256,,,0.0,,,0.0,0.13852963520482073,0.7321045118859185,22,22,1360.2272727272727,920.0,1.0737670945346531,0.4090909090909091,5.280023063235544e-05,7.235340076706025e+23,144903.54676374767,10,2025-07-12 00:00:00+00:00,1,12.312488425925926
1752318000000,56,1.0298342471287933,95.33309240921885,181089.3795783157,0.9717168024764885,41,0.7321428571428571,1.3386368446394226,11.0,0.19642857142857142,0.15558660513115707,2.0,0.03571428571428571,1.397075218190218,2.0,0.03571428571428571,,,0.0,0.22879469862630308,0.7429221038501854,41,41,1783.341463414634,866.0,1.1707807534396795,0.3170731707317073,8.563892154540084e-05,7.308116939697393e+23,331642.5712494572,11,2025-07-12 00:00:00+00:00,1,12.354155092592592
1752321600000,118,1.3538041744612839,357.56676723020956,608725.8767532752,1.4383822857662243,79,0.6694915254237288,1.3115530040069867,32.0,0.2711864406779661,0.6225780190386856,6.0,0.05084745762711865,0.4115277684441131,1.0,0.00847457627118644,,,0.0,0.3405028399254014,1.0978794458408225,79,79,1038.3037974683543,685.0,0.9415175500386489,0.5569620253164557,0.00012831352890074375,1.040877233335966e+24,1235828.6872742795,12,2025-07-12 00:00:00+00:00,1,12.39582175925926
1752325200000,117,1.2182323022205934,316.6083441262453,553994.7452226905,1.216128901380714,65,0.5555555555555556,1.4601653651080433,38.0,0.3247863247863248,0.5806266410262351,13.0,0.1111111111111111,0.45037056261632447,1.0,0.008547008547008548,,,0.0,0.33797079747107156,0.8781581039096422,65,65,1112.6153846153845,805.0,0.98918800401675,0.4307692307692308,0.0001263928238624697,1.0337625013941302e+24,1006471.478084308,13,2025-07-12 00:00:00+00:00,1,12.437488425925926
1752328800000,83,0.7629247162014687,172.8650896273991,324784.7755274535,0.7835756137630144,50,0.6024096385542169,0.8810017467668395,24.0,0.2891566265060241,0.3333254260185597,9.0,0.10843373493975904,,,0.0,,,0.0,0.35938261923232234,0.42419299453069215,50,50,1559.8,835.5,1.0726653807680133,0.42,9.989723633686582e-05,1.2852351091916754e+24,744679.8944630777,14,2025-07-12 00:00:00+00:00,1,12.479155092592592
1752332400000,160,1.1908715197062922,239.21665954480517,429437.19712480705,1.2470783172337911,91,0.56875,1.2710850776232276,51.0,0.31875,0.5759505931475549,16.0,0.1,1.5073839177931525,2.0,0.0125,,,0.0,0.24160690138095023,1.0054714158528408,91,91,1173.6153846153845,825.0,1.0080294107324361,0.4175824175824176,0.00012915920359264706,5.758326339379928e+23,850490.5156908325,15,2025-07-12 00:00:00+00:00,1,12.52082175925926
1752336000000,80,0.9579932055174034,129.79701237551484,239437.4689236666,1.0521744350598896,51,0.6375,0.9095489329706536,23.0,0.2875,0.3431557991688119,6.0,0.075,,,0.0,,,0.0,0.44690196834223384,0.6052724667176557,51,51,1403.6470588235295,995.0,1.1091663568796175,0.2549019607843137,7.864800633165868e-05,7.75075508379818e+23,421492.1890991778,16,2025-07-12 00:00:00+00:00,1,12.562488425925926
1752339600000,60,0.7752656308108218,108.67744602666076,209173.01947825265,0.8853320348317021,33,0.55,0.6630444166325121,20.0,0.3333333333333333,0.4448353773117741,6.0,0.1,1.3700801026822518,1.0,0.016666666666666666,,,0.0,0.1478488519371843,0.7374831828945178,33,33,1743.6363636363637,839.0,1.1703464952497444,0.3939393939393939,8.099129804128699e-05,1.0689653072234893e+24,419716.7613797523,17,2025-07-12 00:00:00+00:00,1,12.604155092592592
1752343200000,42,0.6424584247992206,79.5042069952284,151528.89069323687,0.8559356831778325,18,0.42857142857142855,0.40764753227195016,16.0,0.38095238095238093,0.6317563785018842,8.0,0.19047619047619047,,,0.0,,,0.0,0.10789427195525005,0.7480414112225824,18,18,1021.5,841.0,0.9111004011165958,0.4444444444444444,5.551504513292162e-05,1.1863031398576384e+24,421985.62194889435,18,2025-07-12 00:00:00+00:00,1,12.64582175925926
1752346800000,40,0.5842640720833725,69.13528442241915,136265.95171662178,0.6531684681092539,19,0.475,0.6261106878991994,15.0,0.375,0.26145027846184693,6.0,0.15,,,0.0,,,0.0,0.2503942310311886,0.40277423707806526,19,19,861.578947368421,686.0,0.8677124147442533,0.5789473684210527,5.3950723251417486e-05,1.1904322450269359e+24,265515.824376662,19,2025-07-12 00:00:00+00:00,1,12.687488425925926
1752350400000,55,0.7761736746495337,88.68036820972263,170305.32976417895,0.9146452237588494,26,0.4727272727272727,0.8162793417124012,19.0,0.34545454545454546,0.3399468795458648,10.0,0.18181818181818182,,,0.0,,,0.0,0.4473700118970244,0.46727521186182497,26,26,1571.8076923076924,958.5,1.1324773669186046,0.34615384615384615,7.86808007873358e-05,9.079340910268886e+23,360052.71531568805,20,2025-07-12 00:00:00+00:00,1,12.729155092592592
1752354000000,71,0.6403809313205672,107.90384574437715,207879.30135906555,0.7735395176380799,42,0.5915492957746479,0.4789714669818762,19.0,0.2676056338028169,0.3671742065003468,8.0,0.11267605633802817,0.4702674291512431,2.0,0.028169014084507043,,,0.0,0.16388296664748211,0.6096565509905978,42,42,985.1190476190476,755.5,0.9091357746377866,0.47619047619047616,7.629035129514489e-05,8.396219878476447e+23,367785.1408397016,21,2025-07-12 00:00:00+00:00,1,12.77082175925926
1752357600000,69,0.6824735212820017,115.99524562089299,221589.83253380144,0.7059820692920974,37,0.5362318840579711,0.7688720419336869,24.0,0.34782608695652173,0.3145509247802535,8.0,0.11594202898550725,,,0.0,,,0.0,0.3869472114004129,0.31903485789168445,37,37,1116.6486486486488,790.0,0.9563275579975393,0.4594594594594595,6.6396505228335e-05,1.0987255863118875e+24,391500.8466829551,22,2025-07-12 00:00:00+00:00,1,12.812488425925926
1752361200000,45,0.7537218196042812,101.84380897971342,187563.1785148805,1.105247778109742,24,0.5333333333333333,0.35842452868936125,12.0,0.26666666666666666,0.2133681129189201,8.0,0.17777777777777778,1.3834959599351482,1.0,0.022222222222222223,,,0.0,0.2500560015572109,0.8551917765525312,24,24,1383.2916666666667,671.5,0.9828379475856766,0.625,7.752178959962599e-05,1.296335946221552e+24,460516.56612147484,23,2025-07-12 00:00:00+00:00,1,12.854155092592592
1752364800000,54,0.7578866172971517,113.67156917564472,217672.79345944728,0.88500967598477,31,0.5740740740740741,0.7128322734286108,17.0,0.3148148148148148,0.22873812170532293,6.0,0.1111111111111111,,,0.0,,,0.0,0.3044604175534989,0.5805492584312711,31,31,776.8387096774194,672.0,0.8422603138548351,0.5483870967741935,7.472849944648828e-05,1.2526641138056186e+24,403219.1365554758,0,2025-07-13 00:00:00+00:00,1,12.89582175925926
1752368400000,44,0.7105675798496175,106.16843093069146,205409.78983609108,0.5920875133473914,31,0.7045454545454546,1.152039287663502,10.0,0.22727272727272727,0.463289240993004,3.0,0.06818181818181818,,,0.0,,,0.0,0.133336714566799,0.45875079878059244,31,31,1159.5806451612902,921.0,1.0265202752380518,0.3548387096774194,5.580696684559942e-05,1.281349353328239e+24,444319.7302905747,1,2025-07-13 00:00:00+00:00,1,12.937488425925926
1752372000000,53,0.8715963012698266,128.2036616225437,227031.28928809933,0.9648631753752632,34,0.6415094339622641,0.926168393376674,10.0,0.18867924528301888,0.23427282919680648,8.0,0.1509433962264151,2.2533894372006635,1.0,0.018867924528301886,,,0.0,0.23448960100219793,0.7303735743730653,34,34,2187.323529411765,1044.5,1.214078670132339,0.2647058823529412,7.452036311220958e-05,1.261449452792995e+24,458202.35777199955,2,2025-07-13 00:00:00+00:00,1,12.979155092592592
1752375600000,35,0.8909850174110481,81.97458879683505,152649.28288842767,1.011265716571517,23,0.6571428571428571,0.7622320854623499,9.0,0.2571428571428571,0.35509178636021455,3.0,0.08571428571428572,,,0.0,,,0.0,0.18890328005677068,0.8223624365147463,23,23,2869.695652173913,811.0,1.3299126271072341,0.4782608695652174,5.461481917555018e-05,1.2132721135471656e+24,233897.1202671337,3,2025-07-13 00:00:00+00:00,1,13.02082175925926
1752379200000,29,0.6954422498529895,55.84170927632758,103805.98526333773,0.9170162205199637,18,0.6206896551724138,0.36774311248114355,8.0,0.27586206896551724,0.2398627921760679,3.0,0.10344827586206896,,,0.0,,,0.0,0.2311601998143873,0.6858560207055763,18,18,2561.8888888888887,1006.5,1.2913637336550297,0.3333333333333333,4.2275976291158456e-05,1.2040626621022016e+24,142923.13667854277,4,2025-07-13 00:00:00+00:00,1,13.062488425925926
1752382800000,38,0.8333176243129917,81.6533002319372,152922.54544186807,1.063309779106939,19,0.5,0.6781988470513751,13.0,0.34210526315789475,0.44109981819899474,6.0,0.15789473684210525,,,0.0,,,0.0,0.31452355359901824,0.7487862255079206,19,19,1637.7894736842106,796.0,1.1170609096282307,0.47368421052631576,6.231371382380231e-05,1.1298938910782675e+24,292032.6116963554,5,2025-07-13 00:00:00+00:00,1,13.104155092592592
1752386400000,31,0.7011939109626623,51.32022437173241,99869.98350241501,0.7005935031243145,15,0.4838709677419355,0.6478156014240961,12.0,0.3870967741935484,0.8635803689721655,4.0,0.12903225806451613,,,0.0,,,0.0,0.17350033860434572,0.5270931645199687,15,15,1281.8666666666666,782.0,1.0543735770719969,0.4666666666666667,5.5521699665515086e-05,1.0046229021270068e+24,237859.4125043638,6,2025-07-13 00:00:00+00:00,1,13.14582175925926
1752390000000,22,0.7606308180201505,37.70355054852366,70185.33326072592,0.9805562352550317,14,0.6363636363636364,0.37576133785910837,8.0,0.36363636363636365,,,0.0,,,0.0,,,0.0,0.10509170263264055,0.875464532622391,14,14,4892.857142857143,875.5,1.5548476842840235,0.2857142857142857,4.349102239161842e-05,8.933146692301575e+23,150939.52523415617,7,2025-07-13 00:00:00+00:00,1,13.187488425925926
1752393600000,26,0.8229125307187943,52.536371484777234,93945.41774412258,1.0046785240956617,19,0.7307692307692307,0.23221228952319695,4.0,0.15384615384615385,0.4593282275927633,3.0,0.11538461538461539,,,0.0,,,0.0,0.24231935410588892,0.7623591699897727,19,19,2844.842105263158,1220.0,1.4977872176954268,0.21052631578947367,4.451329308234692e-05,1.1793877955875319e+24,155766.24469736248,8,2025-07-13 00:00:00+00:00,1,13.229155092592592
1752397200000,25,0.6712984921156283,49.0835097523254,96332.17093819076,0.7569561466286333,18,0.72,0.4849304012231462,6.0,0.24,0.2476692562364312,1.0,0.04,,,0.0,,,0.0,0.4118930385533342,0.3450631080752991,18,18,3393.777777777778,894.5,1.3440014218517269,0.4444444444444444,4.0443888904725555e-05,1.1869323880998979e+24,162705.51832703553,9,2025-07-13 00:00:00+00:00,1,13.27082175925926
1752400800000,26,0.6252494851303747,46.688707466811124,90452.13893675577,0.7227883106628471,14,0.5384615384615384,0.6375555678068856,9.0,0.34615384615384615,0.13315005128263843,3.0,0.11538461538461539,,,0.0,,,0.0,0.16132387584807986,0.5614644348147672,14,14,1134.5714285714287,792.5,0.9613508495463458,0.35714285714285715,4.452116258412255e-05,1.1795000322177137e+24,202821.24167273229,10,2025-07-13 00:00:00+00:00,1,13.312488425925926
1752404400000,48,0.6260894311822619,73.13328395132956,138776.72254638732,0.8082194432953784,22,0.4583333333333333,0.4858466340840963,23.0,0.4791666666666667,0.36566412010534366,3.0,0.0625,,,0.0,,,0.0,0.3660085551174044,0.44221088817797405,22,22,2637.6363636363635,869.5,1.3213365811603615,0.45454545454545453,6.588282160493986e-05,8.540113014370534e+23,268089.41857045714,11,2025-07-13 00:00:00+00:00,1,13.354155092592592
1752408000000,66,1.4236581866801887,111.85859743292407,199448.2279202713,1.4756363419151495,33,0.5,1.7249863376844004,21.0,0.3181818181818182,0.7533939955266752,12.0,0.18181818181818182,,,0.0,,,0.0,0.34009915336599705,1.1355371885491523,33,33,1948.060606060606,885.0,1.2110946359114592,0.3939393939393939,9.677840021191748e-05,4.9655698483060624e+23,418804.2951577778,12,2025-07-13 00:00:00+00:00,1,13.39582175925926
1752411600000,105,1.0056677138967514,131.5726740480023,240768.13002428316,1.1096914785719354,57,0.5428571428571428,1.1624810733577895,32.0,0.3047619047619048,0.32145633331933254,16.0,0.1523809523809524,,,0.0,,,0.0,0.36949879883114717,0.7401926797407882,57,57,1216.5087719298247,833.0,1.034087730013149,0.43859649122807015,9.608235590302413e-05,5.941643669801775e+23,461611.85352191,13,2025-07-13 00:00:00+00:00,1,13.437488425925926
1752415200000,172,1.369110303430004,352.28950234336713,621344.0245174271,1.2629474731199626,95,0.5523255813953488,1.7814035510270685,56.0,0.32558139534883723,0.592656001391682,19.0,0.11046511627906977,2.243949679803241,2.0,0.011627906976744186,,,0.0,0.28581780757808584,0.9771296655418765,95,95,1286.0736842105264,852.0,1.0174921375725408,0.4,0.00016546670070263563,6.585115643316772e+23,1450795.6659130661,14,2025-07-13 00:00:00+00:00,1,13.479155092592592
1752418800000,123,1.3507049720353714,262.65225891899377,436432.05711462325,1.2385996534693136,66,0.5365853658536586,1.351023451775719,44.0,0.35772357723577236,1.0330777284966042,11.0,0.08943089430894309,6.790123769890859,2.0,0.016260162601626018,,,0.0,0.2497358405095334,0.9888638129597801,66,66,1662.121212121212,914.5,1.1426753913498966,0.4090909090909091,0.00010227536744570997,7.066636910180203e+23,1034159.7161547437,15,2025-07-13 00:00:00+00:00,1,13.52082175925926
1752422400000,112,0.9666685924094393,189.44689078284873,347842.1373831736,1.1057962926619704,71,0.6339285714285714,0.9304310312321868,27.0,0.24107142857142858,0.33097912339916136,14.0,0.125,,,0.0,,,0.0,0.24456034966109247,0.8612359430008778,71,71,1576.225352112676,946.0,1.1217867757106073,0.323943661971831,9.788590888729254e-05,7.852477749842196e+23,600566.5078527334,16,2025-07-13 00:00:00+00:00,1,13.562488425925926
1752426000000,75,0.9924194911065598,146.84087314391283,277406.12881231296,1.0125438913839415,53,0.7066666666666667,1.0684294298981,17.0,0.22666666666666666,0.5206670562750747,5.0,0.06666666666666667,,,0.0,,,0.0,0.1764021680506082,0.8361417233333334,53,53,1713.132075471698,1030.0,1.1731074549028964,0.32075471698113206,8.520912703289106e-05,8.365050527412861e+23,475018.35367630934,17,2025-07-13 00:00:00+00:00,1,13.604155092592592
1752429600000,72,0.9787307842612546,113.07122929496235,216687.67178064797,1.0714667161931646,53,0.7361111111111112,0.8062015388272528,12.0,0.16666666666666666,0.5723517203779389,7.0,0.09722222222222222,,,0.0,,,0.0,0.18956288578560596,0.8819038304075586,53,53,2337.6415094339623,1454.0,1.3666288133392233,0.24528301886792453,8.615320735520534e-05,7.1189767058642e+23,310186.6113225311,18,2025-07-13 00:00:00+00:00,1,13.64582175925926
1752433200000,87,0.8886545384364245,129.65592413446143,249071.32503254974,0.8293321421554395,54,0.6206896551724138,1.1628804960453782,22.0,0.25287356321839083,0.6314216595069895,11.0,0.12643678160919541,,,0.0,,,0.0,0.2129729986132176,0.6163591435422218,54,54,1725.6666666666667,1043.0,1.1721713941879168,0.3148148148148148,7.283654467673693e-05,7.158713530664754e+23,429467.01378212415,19,2025-07-13 00:00:00+00:00,1,13.687488425925926
1752436800000,93,0.8308637817801904,147.7057092594564,276532.3798252339,0.9480059731077496,55,0.5913978494623656,0.7273335633096857,28.0,0.3010752688172043,0.47646634119602893,10.0,0.10752688172043011,,,0.0,,,0.0,0.20964718518106137,0.7383587879266881,55,55,1563.0545454545454,783.0,1.0560213313075577,0.4727272727272727,7.307888933549436e-05,8.228329315218205e+23,439702.03064921935,20,2025-07-13 00:00:00+00:00,1,13.729155092592592
1752440400000,93,1.3800180859390665,334.0960854993685,526195.4635898372,1.295835927894531,44,0.4731182795698925,1.4214356473213985,37.0,0.3978494623655914,1.6300034580652427,11.0,0.11827956989247312,0.8017441753643871,1.0,0.010752688172043012,,,0.0,0.2750755476657387,1.0207603802287923,44,44,1668.590909090909,793.0,1.0903220414810058,0.4772727272727273,0.00019977380928710864,9.837075344390175e+23,1666044.150336797,21,2025-07-13 00:00:00+00:00,1,13.77082175925926
1752444000000,127,0.9088663502391315,268.60376134513757,502927.4545005495,0.9804166799091932,76,0.5984251968503937,0.920725075681307,37.0,0.29133858267716534,0.46881857807174765,13.0,0.10236220472440945,0.7528894921299311,1.0,0.007874015748031496,,,0.0,0.33566448274883515,0.6447521971603581,76,76,881.0131578947369,672.5,0.867634596461323,0.6842105263157895,0.00010714964416655857,1.0056862851380064e+24,1125565.9439660257,22,2025-07-13 00:00:00+00:00,1,13.812488425925926
1752447600000,121,0.5995347987863002,186.97529778682414,360404.8960157794,0.6100640677819297,78,0.6446280991735537,0.6456436912950362,36.0,0.2975206611570248,0.24507721136150235,7.0,0.05785123966942149,,,0.0,,,0.0,0.19457799106293466,0.4154860767189949,78,78,1198.3974358974358,695.0,0.9547179620853876,0.5384615384615384,0.00011734902889842497,9.966252356464959e+23,841453.6808827018,23,2025-07-13 00:00:00+00:00,1,13.854155092592592
1752451200000,95,0.8238355126622658,203.5910835067683,379097.4628076303,0.9199011011457952,51,0.5368421052631579,0.8520058069633945,31.0,0.3263157894736842,0.4001557842664471,12.0,0.12631578947368421,0.13536811741710497,1.0,0.010526315789473684,,,0.0,0.33271347010598545,0.5871876310398096,51,51,989.9019607843137,757.0,0.9187524930994792,0.49019607843137253,0.000105409331057809,1.1806085366620184e+24,925380.9071229735,0,2025-07-14 00:00:00+00:00,1,13.89582175925926
1752454800000,78,0.9112635227165367,161.9828930606534,299092.5219081095,0.9776793626320017,47,0.6025641025641025,1.0245380045346555,21.0,0.2692307692307692,0.3612326632958006,10.0,0.1282051282051282,,,0.0,,,0.0,0.3189989234240679,0.6586804392079338,47,47,1306.340425531915,872.0,1.0322994748058172,0.3617021276595745,8.945355263234463e-05,1.0297839037212272e+24,656788.9622619594,1,2025-07-14 00:00:00+00:00,1,13.937488425925926
1752458400000,141,1.1214703553238343,327.0644655458925,580645.0915926856,0.9891272830873113,74,0.524822695035461,1.35145916530451,51.0,0.3617021276595745,0.6202379915379566,13.0,0.09219858156028368,2.6481299438920423,3.0,0.02127659574468085,,,0.0,0.29341908614593454,0.6957081969413768,74,74,1287.6081081081081,724.5,0.9654991151582113,0.5675675675675675,0.00013066312946337136,9.21462525816725e+23,1283558.8033687987,2,2025-07-14 00:00:00+00:00,1,13.979155092592592
1752462000000,166,1.4843775515378124,386.1579810433658,667731.5217261381,1.4168307652259036,82,0.4939759036144578,1.5883905444282833,64.0,0.3855421686746988,0.7245706226150688,16.0,0.0963855421686747,4.244106500375382,4.0,0.024096385542168676,,,0.0,0.24542840193809295,1.1714023632878106,82,82,959.7926829268292,774.0,0.9188391426327364,0.47560975609756095,0.0001290145934767758,6.635005093519982e+23,1466228.4063936498,3,2025-07-14 00:00:00+00:00,1,14.02082175925926
1752465600000,123,1.3206234673464694,194.61247651448858,352567.86711151554,1.3913121477431671,72,0.5853658536585366,1.470929483978715,37.0,0.3008130081300813,0.5598443527782314,14.0,0.11382113821138211,,,0.0,,,0.0,0.3216768076737924,1.0696353400693748,72,72,1365.9305555555557,823.0,1.0501162236020045,0.4166666666666667,0.00010850448826995115,5.2580249372223654e+23,700588.3338735555,4,2025-07-14 00:00:00+00:00,1,14.062488425925926
1752469200000,157,1.2371734317604448,271.77081306182345,498380.3092733916,1.2221106698345796,81,0.5159235668789809,1.275742349292027,54.0,0.34394904458598724,1.2317871402243579,21.0,0.1337579617834395,0.48764772330789785,1.0,0.006369426751592357,,,0.0,0.37936708209983966,0.8427435877347398,81,81,1421.3086419753085,938.0,1.0705857342330836,0.38271604938271603,0.0001660081340339768,6.003020210826772e+23,1209139.0965785463,5,2025-07-14 00:00:00+00:00,1,14.104155092592592
1752472800000,114,1.0523002757931357,196.3946345262486,365816.05281653424,1.1775658675308098,71,0.6228070175438597,0.9384692488377353,31.0,0.2719298245614035,0.605209010980013,12.0,0.10526315789473684,,,0.0,,,0.0,0.36562236246925195,0.811943505061558,71,71,1170.3239436619717,809.0,0.9985338053143121,0.43661971830985913,0.0001109361650641516,7.0599321837268e+23,799273.6570412738,6,2025-07-14 00:00:00+00:00,1,14.14582175925926
1752476400000,106,1.0716529449837922,159.20501510151624,295370.72151052783,1.1610367276914193,62,0.5849056603773585,1.1285009164359558,28.0,0.2641509433962264,0.568637059352415,14.0,0.1320754716981132,1.0259952801366978,2.0,0.018867924528301886,,,0.0,0.21360017624268804,0.9474365514487312,62,62,922.7903225806451,749.0,0.8959106601432462,0.5,0.00011183474508175934,6.167722888563546e+23,656689.1291996151,7,2025-07-14 00:00:00+00:00,1,14.187488425925926
1752480000000,66,1.2052780065058826,117.93414124466271,215315.52156720668,1.1433695753957531,45,0.6818181818181818,1.4519246210888863,16.0,0.24242424242424243,0.973184719831437,5.0,0.07575757575757576,,,0.0,,,0.0,0.29461069396057,0.848758881435183,45,45,1428.088888888889,913.0,1.090831272960493,0.35555555555555557,0.00010210599251024691,6.95242341917037e+23,403028.8504187054,8,2025-07-14 00:00:00+00:00,1,14.229155092592592
1752483600000,147,1.5875955365178247,331.47171243704344,506748.6179895041,1.4116459496627767,83,0.564625850340136,1.8976931757291913,46.0,0.3129251700680272,1.5858902744281624,17.0,0.11564625850340136,1.9559092972881764,1.0,0.006802721088435374,,,0.0,0.49813965106264707,0.9135062986001297,83,83,1331.6385542168675,824.0,1.026079242418883,0.42168674698795183,0.00013789270756875101,5.4569814151060446e+23,1007903.3088244544,9,2025-07-14 00:00:00+00:00,1,14.27082175925926
1752487200000,155,1.2300835494456495,240.39913743418776,423864.8527943661,1.2457380131381852,87,0.5612903225806452,1.3900211601629144,49.0,0.3161290322580645,0.563642642831897,15.0,0.0967741935483871,1.429516632648069,4.0,0.025806451612903226,,,0.0,0.4546516335262046,0.7910863796119807,87,87,1166.9080459770114,860.0,1.0007459981600213,0.42528735632183906,0.00014571544970716401,5.265610695416102e+23,817074.0004120569,10,2025-07-14 00:00:00+00:00,1,14.312488425925926
1752490800000,138,1.4224667182417772,217.22114192111428,356862.8573663476,1.5501012273053925,69,0.5,1.536598722943697,49.0,0.35507246376811596,0.5920668913299413,17.0,0.12318840579710146,1.3283159521476673,3.0,0.021739130434782608,,,0.0,0.2910425883435978,1.2590586389617946,69,69,1084.391304347826,854.0,0.9817635304441152,0.4057971014492754,0.00012993274295583013,5.114283580977899e+23,715165.6767429393,11,2025-07-14 00:00:00+00:00,1,14.354155092592592
1752494400000,109,1.0753210991138358,153.81122255995163,292767.9684975268,1.194447558324885,66,0.6055045871559633,0.9559855422985153,29.0,0.26605504587155965,0.5407481406619321,13.0,0.11926605504587157,3.6231543987036474,1.0,0.009174311926605505,,,0.0,0.43505139540767507,0.7593961629172098,66,66,1574.121212121212,779.0,1.0827352099711163,0.45454545454545453,0.00011332721429931028,5.726175330978831e+23,526862.9360706275,12,2025-07-14 00:00:00+00:00,1,14.39582175925926
1752498000000,146,1.173299743023631,221.50529703107827,402200.3638045728,1.2942767707377152,70,0.4794520547945205,1.1467806195861043,60.0,0.410958904109589,0.607943854342791,14.0,0.0958904109589041,1.6921686969223515,2.0,0.0136986301369863,,,0.0,0.2768852790687769,1.0173914916689382,70,70,1290.7,899.0,1.043505168911879,0.34285714285714286,0.00013162274024234867,5.804913604981769e+23,936361.7983010082,13,2025-07-14 00:00:00+00:00,1,14.437488425925926
1752501600000,183,1.5788493323984596,373.6835816206562,609280.5013961168,1.6884444406831487,95,0.5191256830601093,1.64596461677927,66.0,0.36065573770491804,0.9042518752994154,22.0,0.12021857923497267,,,0.0,,,0.0,0.37448198258722315,1.3139624580959257,95,95,1078.4315789473685,839.0,0.9751918145851165,0.43157894736842106,0.00019283755707800914,5.6736946492324564e+23,1144579.7151630842,14,2025-07-14 00:00:00+00:00,1,14.479155092592592
1752505200000,185,1.4488570922096466,350.9012540430124,618686.8500331969,1.6209841001999448,100,0.5405405405405406,1.3556678467267635,71.0,0.3837837837837838,0.5145433682152616,13.0,0.07027027027027027,2.998671134391566,1.0,0.005405405405405406,,,0.0,0.5221506389580676,1.098833461241877,100,100,1037.99,780.5,0.9533462824631392,0.46,0.00015612636543977336,5.633780416211657e+23,1192222.497740869,15,2025-07-14 00:00:00+00:00,1,14.52082175925926
1752508800000,160,1.3037307323438179,311.9465437578752,509304.4994816141,1.286454871731881,94,0.5875,0.9798580130402913,52.0,0.325,0.9589076118988595,12.0,0.075,12.6053256056663,2.0,0.0125,,,0.0,0.41126830103656536,0.8751865706953155,94,94,1237.5531914893618,829.0,1.0145140942396067,0.46808510638297873,0.00012566734798914026,5.6698360423854445e+23,964293.3954816216,16,2025-07-14 00:00:00+00:00,1,14.562488425925926
1752512400000,102,1.0069105789884762,142.94854310957902,265711.6274041474,0.960065371040083,59,0.5784313725490197,1.2518899008556783,27.0,0.2647058823529412,0.6571710477263022,15.0,0.14705882352941177,2.402429126461829,1.0,0.00980392156862745,,,0.0,0.24575062160219338,0.7143147494378896,59,59,1114.406779661017,850.0,0.9984656473638067,0.3220338983050847,0.0001141195622950014,6.346662018790062e+23,467701.48920251493,17,2025-07-14 00:00:00+00:00,1,14.604155092592592
1752516000000,126,0.9563509751527451,241.80523456220482,457946.2749113454,1.1176888754515766,83,0.6587301587301587,0.6992167730929992,32.0,0.25396825396825395,0.43758868103794135,10.0,0.07936507936507936,0.9812226574096349,1.0,0.007936507936507936,,,0.0,0.29511798716184123,0.8225708882897353,83,83,1219.9036144578313,818.0,1.0167389847367756,0.40963855421686746,0.00011655369347313504,9.247964624528013e+23,908566.4530236358,18,2025-07-14 00:00:00+00:00,1,14.64582175925926
1752519600000,120,0.9737452839624301,340.4377203217242,609874.761270866,0.9741749690800225,76,0.6333333333333333,1.3106852764453307,27.0,0.225,0.42864847534740835,16.0,0.13333333333333333,0.5652583558274403,1.0,0.008333333333333333,,,0.0,0.4355129916275335,0.538661977452489,76,76,1006.171052631579,680.0,0.9023208664531652,0.5394736842105263,0.00012041447021290137,1.1911889229908209e+24,1018389.1696838995,19,2025-07-14 00:00:00+00:00,1,14.687488425925926
1752523200000,141,0.8584260952380173,338.42542244703804,646059.1672642583,1.0115957533799342,84,0.5957446808510638,0.7143365692551294,40.0,0.28368794326241137,0.4406219632023985,17.0,0.12056737588652482,,,0.0,,,0.0,0.2579529560175028,0.7536427973624316,84,84,1084.7261904761904,776.5,0.9602141136595176,0.4523809523809524,0.00012284720419551037,1.1891914045292062e+24,1066336.099818425,20,2025-07-14 00:00:00+00:00,1,14.729155092592592
1752526800000,75,0.8625567377097897,145.1387501844533,262013.13489842272,0.7373041547142954,46,0.6133333333333333,1.1978058805083125,21.0,0.28,0.6836686879710044,7.0,0.09333333333333334,0.8361599049050471,1.0,0.013333333333333334,,,0.0,0.13592513038679074,0.6013790243275047,46,46,2178.4565217391305,980.5,1.2434872519472058,0.32608695652173914,7.238089031392658e-05,9.681071885826511e+23,860600.8895407828,21,2025-07-14 00:00:00+00:00,1,14.77082175925926
1752530400000,70,0.6317620693405892,98.87544337208855,190537.47698423566,0.6590292225022764,42,0.6,0.6491305140405318,21.0,0.3,0.4160538162706383,7.0,0.1,,,0.0,,,0.0,0.15614755487625048,0.5028816676260258,42,42,1363.0,1087.5,1.0971901643804869,0.23809523809523808,8.475665706983192e-05,9.091463676068331e+23,412426.03564618924,22,2025-07-14 00:00:00+00:00,1,14.812488425925926
1752534000000,52,0.6977677555380967,81.43146566137341,152360.40851008077,0.7281586506730996,33,0.6346153846153846,0.8649711551596636,13.0,0.25,0.16834379978218597,6.0,0.11538461538461539,,,0.0,,,0.0,0.19131155329129296,0.5368470973818066,33,33,2168.5151515151515,992.0,1.2457473013525924,0.3333333333333333,6.982393068131393e-05,8.832256854504515e+23,254585.3056234988,23,2025-07-14 00:00:00+00:00,1,14.854155092592592
1752537600000,106,1.037484826057063,229.82057339009324,430893.98087441514,1.0774617263955064,63,0.5943396226415094,1.1918824935709715,32.0,0.3018867924528302,0.3593693640782449,11.0,0.10377358490566038,,,0.0,,,0.0,0.21079318506026787,0.8666685413352384,63,63,1726.7301587301588,944.0,1.1665534325089477,0.31746031746031744,0.0001122875186718531,1.030429361656484e+24,777093.377453491,0,2025-07-15 00:00:00+00:00,1,14.89582175925926
1752541200000,158,1.1779450114912,422.95521208961884,766942.4317410152,1.2602426617746787,86,0.5443037974683544,1.2388960423164403,48.0,0.3037974683544304,0.5332969515569413,21.0,0.13291139240506328,2.3560656297007774,3.0,0.0189873417721519,,,0.0,0.2411868735937848,1.019055788180894,86,86,972.2674418604652,813.5,0.9430872258902081,0.46511627906976744,0.00013984694636587824,9.997886282500939e+23,1550064.7840965835,1,2025-07-15 00:00:00+00:00,1,14.937488425925926
1752544800000,173,1.3260181866081717,391.2570601721092,677195.141333108,1.2829100439094474,92,0.5317919075144508,1.5797679726425917,62.0,0.3583815028901734,0.5006060864832422,16.0,0.09248554913294797,1.80603685199066,3.0,0.017341040462427744,,,0.0,0.41433379729146047,0.868576246617987,92,92,1074.5326086956522,774.5,0.9623785898893861,0.45652173913043476,0.0001682868765358115,7.613670228833335e+23,1505398.75781184,2,2025-07-15 00:00:00+00:00,1,14.979155092592592
1752548400000,178,1.4372262994439453,403.8679511305265,686521.8048096315,1.4251225199320356,86,0.48314606741573035,1.6405108950217777,74.0,0.4157303370786517,0.6858606594145654,17.0,0.09550561797752809,0.20830714520803528,1.0,0.0056179775280898875,,,0.0,0.33296984387728584,1.0921526760547495,86,86,1147.1744186046512,841.5,0.9878797676736896,0.4418604651162791,0.00018701798544154113,6.8302680283476e+23,1615349.7405484861,3,2025-07-15 00:00:00+00:00,1,15.02082175925926
1752552000000,123,1.0750256775654237,198.21490616336422,361996.7032319639,1.1287440862180886,71,0.5772357723577236,1.0713476495767025,40.0,0.3252032520325203,0.7694518529995594,12.0,0.0975609756097561,,,0.0,,,0.0,0.2843256681770587,0.8444184180410299,71,71,1351.394366197183,863.0,1.0510000769035122,0.43661971830985913,0.00011853966459543012,6.906025079446702e+23,773578.185512017,4,2025-07-15 00:00:00+00:00,1,15.062488425925926
1752555600000,69,0.7986347218956532,94.2414571067426,183616.3105296611,0.7865847365790888,39,0.5652173913043478,0.8875236912633392,24.0,0.34782608695652173,0.5214037489825784,6.0,0.08695652173913043,,,0.0,,,0.0,0.2512913376153912,0.5352933989636977,39,39,1733.3846153846155,784.0,1.1464423930753922,0.46153846153846156,7.705549433893928e-05,6.591458795460397e+23,295789.7237516536,5,2025-07-15 00:00:00+00:00,1,15.104155092592592
1752559200000,122,0.6955732438269843,188.07972363534086,378758.09836043924,0.6634048567327788,69,0.5655737704918032,0.7678291460047937,40.0,0.32786885245901637,0.6895097476321782,12.0,0.09836065573770492,0.09771782055246081,1.0,0.00819672131147541,,,0.0,0.2314709237052343,0.4319339330275444,69,69,1270.1159420289855,876.0,1.0346736982210545,0.391304347826087,0.00010556340519941308,8.966968368906617e+23,837753.44087704,6,2025-07-15 00:00:00+00:00,1,15.14582175925926
1752562800000,108,0.7788600349075057,218.49568094002498,409261.68227553053,0.7847621616104865,59,0.5462962962962963,0.659255405341247,36.0,0.3333333333333333,0.6940169034532099,11.0,0.10185185185185185,3.224267852360856,2.0,0.018518518518518517,,,0.0,0.39480342675316454,0.38995873485732196,59,59,948.5593220338983,764.0,0.9098820999093963,0.4915254237288136,9.972420617053238e-05,1.1087254507297082e+24,796067.8075595876,7,2025-07-15 00:00:00+00:00,1,15.187488425925926
1752566400000,107,0.7144728153214297,156.38702799919133,297030.3000969888,0.8627687991764631,51,0.4766355140186916,0.748154746268154,29.0,0.27102803738317754,0.39617905905603445,26.0,0.24299065420560748,0.45023930415999824,1.0,0.009345794392523364,,,0.0,0.25976925236756376,0.6029995468088994,51,51,999.6274509803922,719.0,0.9148442156056736,0.5686274509803921,0.00011595818460164632,8.792463849429553e+23,600737.1299263537,8,2025-07-15 00:00:00+00:00,1,15.229155092592592
1752570000000,89,0.4938794558915172,114.77912248384524,224430.68092481556,0.5557144022718911,46,0.5168539325842697,0.49422195788486173,33.0,0.3707865168539326,0.20830844596376066,10.0,0.11235955056179775,,,0.0,,,0.0,0.21863508594696968,0.3370793163249214,46,46,1227.8260869565217,840.0,1.03389478446275,0.391304347826087,8.182067914914339e-05,1.0746714483347715e+24,452245.13499779964,9,2025-07-15 00:00:00+00:00,1,15.27082175925926
1752573600000,80,0.5699211122344215,82.54778828725887,158067.54605561326,0.520258002150502,40,0.5,0.7086644650284584,28.0,0.35,0.4117303226614009,12.0,0.15,,,0.0,,,0.0,0.20068998343425895,0.3195680187162431,40,40,1165.5,651.5,0.9720660912674347,0.55,7.994044462063975e-05,8.21479697338178e+23,385415.8729040504,10,2025-07-15 00:00:00+00:00,1,15.312488425925926
1752577200000,115,0.6124042967415813,158.629840025394,304085.43258891226,0.6562717625757899,58,0.5043478260869565,0.5179634786874511,37.0,0.3217391304347826,0.6749974351593941,19.0,0.16521739130434782,0.37313191642185817,1.0,0.008695652173913044,,,0.0,0.1959488819845792,0.4603228805912107,58,58,1152.103448275862,720.5,0.944801031540016,0.5344827586206896,8.973235146120099e-05,9.431510222231813e+23,608496.9173547707,11,2025-07-15 00:00:00+00:00,1,15.354155092592592
1752580800000,184,0.8220935031510501,442.1226079936674,828944.4474143698,0.7552797454752466,88,0.4782608695652174,1.0107565476060405,57.0,0.30978260869565216,0.6970808952963206,37.0,0.20108695652173914,0.6977353192316782,2.0,0.010869565217391304,,,0.0,0.33111853522890233,0.42416121024634423,88,88,684.2386363636364,651.0,0.7973111259201269,0.6590909090909091,0.00015496162986458216,1.1887634148458046e+24,2164301.343693754,12,2025-07-15 00:00:00+00:00,1,15.39582175925926
1752584400000,267,1.0776226872837418,492.7061215997322,895567.9765573053,1.1639532031023645,122,0.45692883895131087,1.1168289180127684,98.0,0.36704119850187267,0.6973907067111936,41.0,0.15355805243445692,1.280118964310059,6.0,0.02247191011235955,,,0.0,0.2970783102268729,0.8668748928754914,122,122,828.327868852459,733.0,0.8652462520295806,0.5327868852459017,0.00018117676399257178,7.658991619915181e+23,2444880.1160421674,13,2025-07-15 00:00:00+00:00,1,15.437488425925926
1752588000000,225,1.3107143635957275,602.1385177572423,989153.559128429,1.192131497983018,116,0.5155555555555555,1.4220773872825387,77.0,0.3422222222222222,0.786496531426734,28.0,0.12444444444444444,6.275404085576146,4.0,0.017777777777777778,,,0.0,0.3707167861661412,0.8214147118168768,116,116,826.198275862069,741.5,0.8628806586418392,0.5172413793103449,0.00023700688989554194,8.755500461104232e+23,2973316.714546041,14,2025-07-15 00:00:00+00:00,1,15.479155092592592
1752591600000,231,1.1208846851419285,590.1018374849342,1070720.0319132635,1.196317690147283,89,0.3852813852813853,1.157582572053909,109.0,0.47186147186147187,0.7479953256673807,32.0,0.13852813852813853,2.339737069445018,1.0,0.004329004329004329,,,0.0,0.38530973601781815,0.8110079541294649,89,89,773.5280898876405,694.0,0.8331467382093777,0.5617977528089888,0.00018661980775112956,1.0193304740511005e+24,3020998.9448868013,15,2025-07-15 00:00:00+00:00,1,15.52082175925926
1752595200000,215,0.9445227885655136,349.5370515797956,650468.3856298483,0.9481915032019396,104,0.48372093023255813,1.1097512943364105,74.0,0.34418604651162793,0.6037537142618744,37.0,0.17209302325581396,,,0.0,,,0.0,0.2681715366236161,0.6800199665783234,104,104,1035.6634615384614,828.0,0.95851602480972,0.46153846153846156,0.00017812992011170405,7.16157286625269e+23,1460208.0627344835,16,2025-07-15 00:00:00+00:00,1,15.562488425925926
1752598800000,183,1.0785698222107023,349.4358903336481,656801.5156919671,1.164149324523173,108,0.5901639344262295,1.181582032091424,55.0,0.3005464480874317,0.241672877518175,18.0,0.09836065573770492,1.1565134278501743,2.0,0.01092896174863388,,,0.0,0.2047289929160127,0.9594203316071604,108,108,1081.0185185185185,775.5,0.9710865045054402,0.48148148148148145,0.00016122817437346374,7.001285209710655e+23,1365921.2888694725,17,2025-07-15 00:00:00+00:00,1,15.604155092592592
1752602400000,244,1.1876829019666402,482.39208081121336,892265.5913943781,1.1380936599339377,137,0.5614754098360656,1.4347880959977695,82.0,0.3360655737704918,0.6489269118837447,25.0,0.10245901639344263,,,0.0,,,0.0,0.27849166251631613,0.8596019974176216,137,137,946.0656934306569,825.0,0.9237662990639185,0.43795620437956206,0.0002022256915642816,6.991186736589288e+23,2008420.2379025717,18,2025-07-15 00:00:00+00:00,1,15.64582175925926
1752606000000,167,1.4964153807662304,400.8138404894152,698691.625835316,1.4310124212989936,101,0.6047904191616766,1.7634859720387939,49.0,0.2934131736526946,0.8012622425278325,16.0,0.09580838323353294,6.13810552641592,1.0,0.005988023952095809,,,0.0,0.4220079518474736,1.0090044694515197,101,101,1113.7524752475247,801.0,0.975377229880858,0.46534653465346537,0.00016444193048442717,7.126179932467209e+23,1449417.3027359727,19,2025-07-15 00:00:00+00:00,1,15.687488425925926
1752609600000,143,1.1650923943935463,285.97208199280175,521708.65886732115,1.230889662627604,85,0.5944055944055944,1.2768703723533577,43.0,0.3006993006993007,0.37936569022266564,14.0,0.0979020979020979,1.7660454006190918,1.0,0.006993006993006993,,,0.0,0.25332039347835356,0.9775692691492504,85,85,1059.164705882353,822.0,0.9640855203912851,0.4235294117647059,0.00014470370874059704,7.423056656622388e+23,875809.5270312288,20,2025-07-15 00:00:00+00:00,1,15.729155092592592
1752613200000,107,1.2548837766123935,213.24510986334187,380677.49179137155,1.3666192200311367,46,0.42990654205607476,1.266659048084396,48.0,0.4485981308411215,0.7676912930112084,12.0,0.11214953271028037,1.3961501519083086,1.0,0.009345794392523364,,,0.0,0.5037115437815637,0.8629076762495729,46,46,1174.0652173913043,740.5,0.9964718851764521,0.5,0.00012654764932754984,7.056696408937514e+23,875184.3060187412,21,2025-07-15 00:00:00+00:00,1,15.77082175925926
1752616800000,104,1.1727277787922996,191.50380590489613,346501.51633922127,0.9563090794106077,52,0.5,1.4086269573075545,44.0,0.4230769230769231,1.2820038429393932,8.0,0.07692307692307693,,,0.0,,,0.0,0.2433567380734722,0.7129523413371355,52,52,1734.576923076923,873.0,1.1695115334470332,0.4230769230769231,0.00010041612259481028,6.95797299822421e+23,741085.8352873414,22,2025-07-15 00:00:00+00:00,1,15.812488425925926
1752620400000,196,1.4356224053812572,291.5445126419178,499316.15394046553,1.2916315135024414,92,0.46938775510204084,1.782433357462577,76.0,0.3877551020408163,0.8885624384491091,26.0,0.1326530612244898,1.9921668228345446,2.0,0.01020408163265306,,,0.0,0.3021748579289935,0.9894566555734479,92,92,1128.445652173913,792.0,0.9709478630218153,0.44565217391304346,0.00020839397420943997,4.5086409098187515e+23,1312642.4086491605,23,2025-07-15 00:00:00+00:00,1,15.854155092592592
1752624000000,144,1.069154122997479,203.03132933118394,357052.6573654286,1.073518980932344,76,0.5277777777777778,1.247121069783744,45.0,0.3125,0.5855901360310092,21.0,0.14583333333333334,1.9764550819295668,2.0,0.013888888888888888,,,0.0,0.37425692833503277,0.6992620525973112,76,76,1046.7763157894738,704.0,0.9102326060700487,0.5789473684210527,0.00014958408480057335,5.750436006909188e+23,840913.1037378983,0,2025-07-16 00:00:00+00:00,1,15.89582175925926
1752627600000,144,0.8849735291081817,183.75814178073614,310415.58518027986,0.9533619312784133,88,0.6111111111111112,0.8505206165717144,45.0,0.3125,0.47881004485005857,11.0,0.0763888888888889,,,0.0,,,0.0,0.2237535078690625,0.7296084234093508,88,88,771.0340909090909,659.0,0.8198657439361959,0.625,0.00013188955714946366,5.902760534887018e+23,661768.6527963334,1,2025-07-16 00:00:00+00:00,1,15.937488425925926
1752631200000,145,0.7805169385011043,161.38631934568573,307200.5895671444,0.865319655114387,85,0.5862068965517241,0.7251275934654188,42.0,0.2896551724137931,0.5093014706883127,18.0,0.12413793103448276,,,0.0,,,0.0,0.2503295240574032,0.6149901310569837,85,85,1172.835294117647,784.0,0.9785231311943663,0.4470588235294118,0.00011462911719991933,6.0056185578178484e+23,713147.0240578303,2,2025-07-16 00:00:00+00:00,1,15.979155092592592
1752634800000,107,0.6681368516235453,99.76327018005371,188909.33624264493,0.8257929041743982,64,0.5981308411214953,0.44161384293650313,32.0,0.29906542056074764,0.40984129841725153,11.0,0.102803738317757,,,0.0,,,0.0,0.3267653537907542,0.49902755038364405,64,64,855.5625,726.0,0.8674242847460765,0.53125,9.729364812778295e-05,6.072675128080121e+23,356533.1883301323,3,2025-07-16 00:00:00+00:00,1,16.02082175925926
1752638400000,103,0.7582017306610764,116.06591544206624,208596.4519852217,0.7883905064774556,56,0.5436893203883495,0.8144049915064187,37.0,0.3592233009708738,0.3811925209615862,10.0,0.0970873786407767,,,0.0,,,0.0,0.3595623734038556,0.4288281330735999,56,56,1285.6607142857142,841.0,1.0070654633599445,0.44642857142857145,0.00010357413953700955,6.050822498358211e+23,382318.3190629549,4,2025-07-16 00:00:00+00:00,1,16.062488425925928
1752642000000,117,0.8342125922408133,138.51328061437732,255483.64028442468,0.8357883191522272,63,0.5384615384615384,0.8761101232593048,43.0,0.36752136752136755,0.6614067168577046,11.0,0.09401709401709402,,,0.0,,,0.0,0.34539216263970224,0.49039615651252483,63,63,878.015873015873,693.0,0.8666352376137989,0.6190476190476191,9.899400659617888e-05,5.902681804032922e+23,585268.2009229145,5,2025-07-16 00:00:00+00:00,1,16.104155092592592
1752645600000,120,0.9301580135345717,161.49163440747614,292341.95497095713,0.8986664509836246,63,0.525,1.1969076072360265,41.0,0.3416666666666667,0.3706102072189481,16.0,0.13333333333333333,,,0.0,,,0.0,0.4411606956654841,0.45750575531814053,63,63,1170.7460317460318,786.0,0.9741533763813759,0.42857142857142855,0.00012011181201394345,5.7928304853639215e+23,620766.2236042897,6,2025-07-16 00:00:00+00:00,1,16.14582175925926
1752649200000,104,0.8132752087057324,130.87881684618966,249160.52211978813,0.754571445033121,49,0.47115384615384615,0.8291404513274127,38.0,0.36538461538461536,0.9470166910783263,17.0,0.16346153846153846,,,0.0,,,0.0,0.21321919078392507,0.541352254249196,49,49,1039.2448979591836,721.0,0.9346056406626709,0.5306122448979592,9.869532132370686e-05,6.702373271196475e+23,648183.9391716354,7,2025-07-16 00:00:00+00:00,1,16.187488425925928
1752652800000,93,0.6409057617688554,106.20122338050433,204289.05802247237,0.6861344182623589,57,0.6129032258064516,0.5796033681888692,27.0,0.2903225806451613,0.5575553575400171,8.0,0.08602150537634409,0.38484020212948156,1.0,0.010752688172043012,,,0.0,0.27381376013873304,0.41232065812362595,57,57,687.1929824561404,645.0,0.789180704246621,0.631578947368421,9.489465972798466e-05,7.512438592608288e+23,532118.3265082253,8,2025-07-16 00:00:00+00:00,1,16.229155092592592
1752656400000,78,0.9432513278165698,128.99434318320473,248364.40923815576,0.9411890201492945,44,0.5641025641025641,1.0639673600542834,28.0,0.358974358974359,0.39503343360059334,6.0,0.07692307692307693,,,0.0,,,0.0,0.267962880138159,0.6732261400111356,44,44,1612.4545454545455,1001.5,1.1279265003065755,0.36363636363636365,8.1311656823642e-05,7.493335727509614e+23,466247.18898419477,9,2025-07-16 00:00:00+00:00,1,16.27082175925926
1752660000000,61,0.8010736947558493,69.32093951605573,130394.70107166054,0.8577231424006898,36,0.5901639344262295,0.6804001277228621,20.0,0.32786885245901637,0.5745432278794803,4.0,0.06557377049180328,2.0812867877068086,1.0,0.01639344262295082,,,0.0,0.45835986148142216,0.3993632809192676,36,36,1299.9722222222222,873.5,1.060947541577912,0.4444444444444444,6.668600359410462e-05,6.568812376736365e+23,280531.1813737139,10,2025-07-16 00:00:00+00:00,1,16.312488425925928
1752663600000,59,0.6393249418950621,56.74034263261324,108441.29488502839,0.8063413109694076,31,0.5254237288135594,0.508154812497419,21.0,0.3559322033898305,0.29319140990160325,7.0,0.11864406779661017,,,0.0,,,0.0,0.33833591501659155,0.46800539595281604,31,31,2352.0967741935483,1027.0,1.322818007817147,0.25806451612903225,6.997065338227471e-05,6.669181262235792e+23,237075.72688536902,11,2025-07-16 00:00:00+00:00,1,16.354155092592592
1752667200000,121,0.7834070484808481,144.17247220419472,266960.46849630063,0.7852166798545483,67,0.5537190082644629,0.8794450330216399,35.0,0.2892561983471074,0.5878329076884823,18.0,0.1487603305785124,0.8211668217778011,1.0,0.008264462809917356,,,0.0,0.2640882211198604,0.5211284587346879,67,67,852.4328358208955,737.0,0.8757977531775024,0.5373134328358209,0.00012170789647963692,6.835765028146354e+23,623035.3489627865,12,2025-07-16 00:00:00+00:00,1,16.39582175925926
1752670800000,188,1.1938778659807825,353.0734669434704,614994.2203564735,1.251165750081012,95,0.5053191489361702,1.3429011530498438,60.0,0.3191489361702128,0.7580067685969797,33.0,0.17553191489361702,,,0.0,,,0.0,0.3606966088771981,0.8904691412038137,95,95,903.7263157894737,816.0,0.9054177588501255,0.4631578947368421,0.00015288433913266352,6.370980098772653e+23,1482878.3182277083,13,2025-07-16 00:00:00+00:00,1,16.437488425925928
1752674400000,280,1.1658239914738027,445.17634503193176,831905.134300533,1.1082494210468399,156,0.5571428571428572,1.3903348497671562,85.0,0.30357142857142855,0.8158486743450483,38.0,0.1357142857142857,4.363096074037625,1.0,0.0035714285714285713,,,0.0,0.45954475766158853,0.6487046633852512,156,156,721.1089743589744,668.5,0.8084857723050942,0.6730769230769231,0.00022633222911972313,5.3377661917814125e+23,2122114.2784939813,14,2025-07-16 00:00:00+00:00,1,16.479155092592592
1752678000000,223,1.242282748446654,344.47778709056234,632834.4482448405,1.361531979868085,117,0.5246636771300448,1.1599713276395822,80.0,0.35874439461883406,0.7625856448406213,24.0,0.10762331838565023,3.315024785848224,2.0,0.008968609865470852,,,0.0,0.31198633057102515,1.0495456492970598,117,117,968.7863247863248,887.0,0.9425953722912902,0.3504273504273504,0.00018492365755120357,5.109144816938272e+23,1665624.7970054352,15,2025-07-16 00:00:00+00:00,1,16.52082175925926
1752681600000,199,1.467893646067007,322.94399589819096,564132.7164460703,1.3814055924083166,107,0.5376884422110553,1.6972823393020784,77.0,0.3869346733668342,0.7292534151027922,13.0,0.06532663316582915,2.0647013285241034,2.0,0.010050251256281407,,,0.0,0.29441262261593704,1.0869929697923795,107,107,1047.6635514018692,737.0,0.9334713293839335,0.514018691588785,0.0001806525901628878,4.6755325125835175e+23,1242286.4963362198,16,2025-07-16 00:00:00+00:00,1,16.562488425925928
1752685200000,175,1.7384135033971226,290.0225240506908,499211.38176173065,1.6328196033985771,103,0.5885714285714285,1.8237854701198586,60.0,0.34285714285714286,1.1240541718653174,8.0,0.045714285714285714,4.405595590582239,4.0,0.022857142857142857,,,0.0,0.3322364233864627,1.3005831800121144,103,103,1051.7475728155339,793.0,0.9458631967560001,0.46601941747572817,0.00017693627442329018,4.0475794905248546e+23,1053923.2278119626,17,2025-07-16 00:00:00+00:00,1,16.604155092592592
1752688800000,230,1.7543227385818632,277.54291958630887,463123.80850013206,1.6746836675686045,124,0.5391304347826087,1.8037827859302171,83.0,0.36086956521739133,0.8153586024440054,19.0,0.08260869565217391,7.6569176041693705,4.0,0.017391304347826087,,,0.0,0.4000416714712662,1.2746419960973383,124,124,928.4758064516129,743.0,0.9127869970116745,0.5,0.0001759680652203695,2.785543782950711e+23,1053075.0218428334,18,2025-07-16 00:00:00+00:00,1,16.64582175925926
1752692400000,206,1.6428794210308668,236.43303431077197,410849.0328933569,1.7604690764145257,114,0.5533980582524272,1.6230418891389664,69.0,0.33495145631067963,0.6991873969039485,20.0,0.0970873786407767,3.9220159108116537,3.0,0.014563106796116505,,,0.0,0.4847335926492054,1.2757354837653203,114,114,1082.5701754385964,767.0,0.967101314066932,0.47368421052631576,0.00016008556167114725,2.9126711315780806e+23,898242.0528160501,19,2025-07-16 00:00:00+00:00,1,16.687488425925928
1752696000000,268,1.8159706075359308,338.45256237554304,583632.3647589259,1.6903115872466767,164,0.6119402985074627,2.0241347320569614,82.0,0.30597014925373134,1.1237686216894678,17.0,0.06343283582089553,4.877181582756522,5.0,0.018656716417910446,,,0.0,0.5415717562565382,1.1487398309901387,164,164,1011.8231707317074,811.0,0.9421992075217988,0.45121951219512196,0.00021465578413562322,2.8107218770487895e+23,1293936.1094842623,20,2025-07-16 00:00:00+00:00,1,16.729155092592592
1752699600000,140,1.480992527789442,201.26037266820686,337443.3542456599,1.4550460657944932,75,0.5357142857142857,1.6769522428704913,49.0,0.35,1.0229429117266855,14.0,0.1,0.8593191455535986,2.0,0.014285714285714285,,,0.0,0.46542468712936835,0.989621378665125,75,75,948.4133333333333,691.0,0.8997389328197067,0.56,0.00017020977108046233,4.02983798489358e+23,1043255.3136291109,21,2025-07-16 00:00:00+00:00,1,16.77082175925926
1752703200000,174,0.9762011868403372,171.27538322806967,315305.44105170894,1.0319123906610503,89,0.5114942528735632,1.0247668344552072,69.0,0.39655172413793105,0.4568682602484929,16.0,0.09195402298850575,,,0.0,,,0.0,0.28301629189030514,0.7488960987707451,89,89,923.0786516853933,692.0,0.9029292610602919,0.5617977528089888,0.00015483047229170735,4.444345866019758e+23,644679.1469083641,22,2025-07-16 00:00:00+00:00,1,16.812488425925928
1752706800000,173,0.8837912973260214,197.60727925106247,356214.4750097728,0.946239431853962,83,0.4797687861271676,0.8847118553551245,63.0,0.36416184971098264,0.45409320700085404,25.0,0.14450867052023122,3.6344222655643232,2.0,0.011560693641618497,,,0.0,0.2269837677078406,0.7192556641461213,83,83,984.9759036144578,723.0,0.9113499438223465,0.5662650602409639,0.00012248644035268554,5.9186894292552665e+23,844774.9495961273,23,2025-07-16 00:00:00+00:00,1,16.854155092592592
1752710400000,183,1.01860951863593,211.98545032157503,385209.3933690356,1.0380068939936342,92,0.5027322404371585,1.1304928999914348,68.0,0.37158469945355194,0.6329167823043756,22.0,0.12021857923497267,0.11122125284702011,1.0,0.00546448087431694,,,0.0,0.29087608010696675,0.7471308138866675,92,92,1022.9782608695652,812.0,0.9461164203169712,0.44565217391304346,0.0001571596390962231,4.9748860200853964e+23,971347.9365190552,0,2025-07-17 00:00:00+00:00,1,16.89582175925926
1752714000000,216,1.0986029878226757,327.0749250799128,599199.8092139697,1.1331847060027598,110,0.5092592592592593,1.1801467085015542,77.0,0.35648148148148145,0.7154364164692276,26.0,0.12037037037037036,1.0584281088582603,3.0,0.013888888888888888,,,0.0,0.3125523850662673,0.8206323209364925,110,110,897.6636363636363,778.5,0.907393392179547,0.4818181818181818,0.00018570752167746947,5.569809989262116e+23,1365287.0248452425,1,2025-07-17 00:00:00+00:00,1,16.937488425925928
1752717600000,159,0.8128241200880151,160.47347702910656,302724.99821692024,0.7697095337620959,76,0.4779874213836478,0.9702044226513733,63.0,0.39622641509433965,0.48091159505192926,20.0,0.12578616352201258,,,0.0,,,0.0,0.3389408730919608,0.43076866067013503,76,76,1013.3815789473684,738.0,0.937228252802156,0.5131578947368421,0.00012991621634385035,5.1572276249795464e+23,675410.1491932995,2,2025-07-17 00:00:00+00:00,1,16.979155092592592
1752721200000,201,0.9455448193519245,255.81650651319336,471347.75878336973,1.0338870872415964,121,0.6019900497512438,0.7163071866544474,62.0,0.30845771144278605,0.5493926369002549,16.0,0.07960199004975124,5.876421685261928,2.0,0.009950248756218905,,,0.0,0.3248972421747211,0.7089898450668751,121,121,1090.4876033057851,815.0,0.9779970300643189,0.4297520661157025,0.0001538484800682547,5.518968069306874e+23,948360.1766878837,3,2025-07-17 00:00:00+00:00,1,17.02082175925926
1752724800000,112,0.9507942611891925,137.40913128354092,244542.10865671883,1.1001346309767606,64,0.5714285714285714,0.6842750812952092,38.0,0.3392857142857143,0.5206851089899255,8.0,0.07142857142857142,2.9562034547697724,2.0,0.017857142857142856,,,0.0,0.33616809274228127,0.7639665382344791,64,64,1189.78125,821.5,1.0058910996226165,0.40625,9.587557665567586e-05,5.695560135705227e+23,432860.03000591946,4,2025-07-17 00:00:00+00:00,1,17.062488425925928
1752728400000,117,1.0261824167154001,162.12932425470973,289969.38335424743,1.1925307607393645,66,0.5641025641025641,0.6552498230795153,32.0,0.27350427350427353,0.6632552308516818,17.0,0.1452991452991453,4.556489641940336,2.0,0.017094017094017096,,,0.0,0.19479625120404384,0.9977345095353207,66,66,1330.0454545454545,784.0,1.0416245591984388,0.45454545454545453,0.00010729392544989208,5.7494792734066445e+23,503363.0868057709,5,2025-07-17 00:00:00+00:00,1,17.104155092592592
1752732000000,212,1.1835190936683675,320.2366105227541,554341.4653872263,1.174644653067008,107,0.5047169811320755,1.330291208743066,75.0,0.35377358490566035,0.794692735039448,28.0,0.1320754716981132,1.5979163713447697,2.0,0.009433962264150943,,,0.0,0.3695969964820944,0.8050476565849137,107,107,835.7196261682243,696.0,0.8290956579713457,0.5514018691588785,0.0001772959953592994,5.090837831073005e+23,1375146.320047763,6,2025-07-17 00:00:00+00:00,1,17.14582175925926
1752735600000,204,1.3150488889208418,338.16506494520496,583317.873925576,1.0819984771132818,100,0.49019607843137253,1.7198264158706613,74.0,0.3627450980392157,0.7591824497631942,27.0,0.1323529411764706,4.1016815701627785,3.0,0.014705882352941176,,,0.0,0.3692907029346591,0.7127077741786225,100,100,827.44,707.5,0.8671775626836574,0.58,0.00018115818291232464,5.003769464697623e+23,1277165.154067914,7,2025-07-17 00:00:00+00:00,1,17.187488425925928
1752739200000,160,1.013027128877857,189.85716699754377,346985.0706800604,1.1235819470136226,97,0.60625,0.7701254752096327,46.0,0.2875,0.5132195277097528,13.0,0.08125,2.749816510066454,4.0,0.025,,,0.0,0.4061847630495553,0.7173971839640673,97,97,1054.958762886598,734.0,0.9373939151318298,0.5154639175257731,0.0001250506440451276,4.848253411707357e+23,694252.3830544269,8,2025-07-17 00:00:00+00:00,1,17.229155092592592
1752742800000,176,0.972693914297018,201.868452903732,368144.12458574865,1.0183113546420546,103,0.5852272727272727,1.0301264815784341,57.0,0.32386363636363635,0.47442812113579913,16.0,0.09090909090909091,,,0.0,,,0.0,0.3867864163473895,0.631524938294665,103,103,984.1844660194175,782.0,0.930343356540753,0.4854368932038835,0.00013313311886208355,4.812227354829088e+23,895659.2690542515,9,2025-07-17 00:00:00+00:00,1,17.27082175925926
1752746400000,176,0.9503024742226593,205.7924079902436,386592.412755485,0.9509743381281489,95,0.5397727272727273,1.004343512250987,65.0,0.3693181818181818,0.6337921911323214,15.0,0.08522727272727272,2.121462177714921,1.0,0.005681818181818182,,,0.0,0.40903426165366324,0.5419400764744856,95,95,1076.7578947368422,726.0,0.9503895464675626,0.5473684210526316,0.00012912957196705783,4.896050960500873e+23,893960.8703948852,10,2025-07-17 00:00:00+00:00,1,17.312488425925928
1752750000000,133,1.237537254581122,191.08836614060246,325534.6093638305,1.2044085769076633,83,0.6240601503759399,1.1997619734825131,34.0,0.2556390977443609,1.1289184552330096,13.0,0.09774436090225563,3.052898653172861,3.0,0.022556390977443608,,,0.0,0.3252225851149446,0.8791859917927187,83,83,1355.4096385542168,829.0,1.0406760336423013,0.39759036144578314,0.0001156557148166915,4.8524836348193326e+23,622789.7868527471,11,2025-07-17 00:00:00+00:00,1,17.354155092592592
1752753600000,216,1.062874160249805,274.35666962567115,480144.1665950925,1.055179940753893,112,0.5185185185185185,1.0048201373028056,77.0,0.35648148148148145,0.7774175198609611,25.0,0.11574074074074074,7.2970383403409045,2.0,0.009259259259259259,,,0.0,0.2665500911882759,0.7886298495656173,112,112,989.7053571428571,789.0,0.9309839059580415,0.48214285714285715,0.0001430668608008281,4.8727996805642206e+23,950693.4760145855,12,2025-07-17 00:00:00+00:00,1,17.39582175925926
1752757200000,204,1.2513340136291995,319.8892741876398,587738.0885236921,1.3566936812066013,103,0.5049019607843137,1.3386107265043554,73.0,0.35784313725490197,0.501905158833109,25.0,0.12254901960784313,1.7554925368103664,3.0,0.014705882352941176,,,0.0,0.38792748663059173,0.9687661945760097,103,103,920.9902912621359,807.0,0.9246625215499535,0.42718446601941745,0.0001817000279050147,5.0494005841013194e+23,1367194.5338547383,13,2025-07-17 00:00:00+00:00,1,17.437488425925928
1752760800000,193,1.0525958693438844,245.97886352746605,454994.39652692166,1.2298371463947104,98,0.5077720207253886,0.9699682157141092,73.0,0.37823834196891193,0.5552287493167349,21.0,0.10880829015544041,0.15947895390667088,1.0,0.0051813471502590676,,,0.0,0.338922453067393,0.8909146933273173,98,98,1050.8367346938776,848.0,0.9790587733341632,0.41836734693877553,0.00016082222385018955,5.032278152957069e+23,1019931.0484550156,14,2025-07-17 00:00:00+00:00,1,17.479155092592592
1752764400000,214,1.0427701014142807,283.2560216716583,501902.7966013731,1.0054757486351835,109,0.5093457943925234,1.0824323579782897,77.0,0.3598130841121495,0.5931432685291104,26.0,0.12149532710280374,7.393464277667965,2.0,0.009345794392523364,,,0.0,0.22888252585422647,0.776593222780957,109,109,1047.4128440366972,907.0,0.9766701732853498,0.3577981651376147,0.00016433456215489918,5.317668781501663e+23,1120550.6045517335,15,2025-07-17 00:00:00+00:00,1,17.52082175925926
1752768000000,287,1.190367289692255,584.1180490114792,1056375.9833628754,1.152476506356455,169,0.5888501742160279,1.389213924389421,86.0,0.29965156794425085,0.8189437842668461,31.0,0.10801393728222997,2.0072277576738173,1.0,0.003484320557491289,,,0.0,0.23941676694068775,0.9130597394157673,169,169,978.0236686390532,779.0,0.9231801853902905,0.47928994082840237,0.00025362856449644865,7.329789057014815e+23,2443893.845937464,16,2025-07-17 00:00:00+00:00,1,17.562488425925928
1752771600000,204,1.0405572375214684,419.79200958233787,640964.9341630085,0.9874234457119664,106,0.5196078431372549,1.4480655519479047,61.0,0.29901960784313725,0.5205540771491003,36.0,0.17647058823529413,0.5348457627213409,1.0,0.004901960784313725,,,0.0,0.24343923945496063,0.7439842062570057,106,106,908.7075471698113,724.5,0.8973256264620816,0.5471698113207547,0.00013918318201884883,6.896842187192496e+23,1165341.9445454846,17,2025-07-17 00:00:00+00:00,1,17.604155092592592
1752775200000,150,0.7626525410949073,185.58139130417254,349467.34980768454,0.8229556304108802,86,0.5733333333333334,0.7107393771084904,49.0,0.32666666666666666,0.4883660342803956,13.0,0.08666666666666667,1.2243545124696098,2.0,0.013333333333333334,,,0.0,0.20605063426452278,0.6169049961463574,86,86,1050.9767441860465,761.5,0.9377309109560067,0.4883720930232558,0.00012762094047208305,6.795277944017178e+23,876726.405231791,18,2025-07-17 00:00:00+00:00,1,17.64582175925926
1752778800000,144,1.153798509653337,297.21833872006056,510509.4093993684,1.229363840334504,84,0.5833333333333334,1.1058658749936392,43.0,0.2986111111111111,0.901658245720923,17.0,0.11805555555555555,,,0.0,,,0.0,0.2720464668162428,0.9573173735182612,84,84,787.0238095238095,681.0,0.8299224592391936,0.6190476190476191,0.00015062133296539975,6.862936538318125e+23,1039365.815764883,19,2025-07-17 00:00:00+00:00,1,17.687488425925928
1752782400000,237,1.1096501996482688,452.5658405270082,805890.4957435848,0.9320137770177691,111,0.46835443037974683,1.338527464370113,97.0,0.4092827004219409,0.7874614404200232,26.0,0.10970464135021098,3.0741355242819335,3.0,0.012658227848101266,,,0.0,0.28950147070158344,0.6425123063161856,111,111,788.4324324324324,667.0,0.8304190576484858,0.6216216216216216,0.0002214758922191405,7.226938247518224e+23,2175341.178230736,20,2025-07-17 00:00:00+00:00,1,17.729155092592592
1752786000000,361,1.3453685617575473,719.4374002684431,1243987.8858684748,1.359628666162892,200,0.554016620498615,1.5034804101234223,109.0,0.30193905817174516,0.8673963747719556,47.0,0.13019390581717452,1.8210646488322535,5.0,0.013850415512465374,,,0.0,0.4317076808072794,0.9279209853556125,200,200,625.62,607.0,0.7584414674559008,0.715,0.00024038959087006927,5.695196900380607e+23,2807099.6693236125,21,2025-07-17 00:00:00+00:00,1,17.77082175925926
1752789600000,237,0.8765238176910172,260.6872500692544,485893.92824922287,0.9058166541370047,130,0.5485232067510548,0.9907701212429069,70.0,0.29535864978902954,0.533742494490802,36.0,0.1518987341772152,1.4113414662880785,1.0,0.004219409282700422,,,0.0,0.21394114941988204,0.6918755047171227,130,130,809.9461538461538,683.5,0.8531415363126453,0.5692307692307692,0.00017194156877186565,5.195799110931682e+23,1204159.4225385087,22,2025-07-17 00:00:00+00:00,1,17.812488425925928
1752793200000,278,0.9733290286732285,379.3684799913156,709871.0702329113,1.0066232765119827,153,0.5503597122302158,1.0941500926447374,87.0,0.3129496402877698,0.5626592264403157,38.0,0.1366906474820144,,,0.0,,,0.0,0.2640778931032767,0.742545383408706,153,153,744.3137254901961,649.0,0.8098178787901199,0.6339869281045751,0.00023317517784579656,5.681243665693517e+23,1699265.7702853775,23,2025-07-17 00:00:00+00:00,1,17.854155092592592
1752796800000,254,1.0629604058440683,418.8854716682974,750368.9946906735,1.053841568248652,128,0.5039370078740157,1.238263157721504,97.0,0.38188976377952755,0.5168515879165514,29.0,0.1141732283464567,,,0.0,,,0.0,0.2942832845283629,0.759558283720289,128,128,747.1796875,710.5,0.8273424832798388,0.609375,0.0001633313918989781,6.420364173057259e+23,1757284.6364799782,0,2025-07-18 00:00:00+00:00,1,17.89582175925926
1752800400000,308,1.3818352817560564,478.9004080966485,878762.9016549174,1.3380241838307947,161,0.5227272727272727,1.569087722869388,102.0,0.33116883116883117,0.9727714155728364,42.0,0.13636363636363635,3.0933419991235933,3.0,0.00974025974025974,,,0.0,0.5845564770071136,0.7534677068236811,161,161,833.695652173913,732.0,0.8631247975844071,0.5217391304347826,0.00020969362074034094,4.518472677536674e+23,2212435.0197632057,1,2025-07-18 00:00:00+00:00,1,17.937488425925928
1752804000000,204,1.329849103160963,333.0912846504934,587753.2174437665,1.0552384312036758,105,0.5147058823529411,1.5631553431971397,69.0,0.3382352941176471,1.0760550595394758,25.0,0.12254901960784313,5.1460173198721915,5.0,0.024509803921568627,,,0.0,0.39110514896793236,0.6641332822357433,105,105,1203.6,896.0,1.0104331113632872,0.3619047619047619,0.0001668616657454128,5.270527007109949e+23,1420552.2660852598,2,2025-07-18 00:00:00+00:00,1,17.979155092592592
1752807600000,106,1.1179934995130574,147.71906258803654,250819.6180739929,1.2750592067700826,57,0.5377358490566038,0.9381557444705648,33.0,0.3113207547169811,0.6149585490508888,11.0,0.10377358490566038,1.6210505110801954,5.0,0.04716981132075472,,,0.0,0.38930462266873733,0.885754584101345,57,57,981.6315789473684,730.0,0.9240745736001016,0.5263157894736842,0.00011012178792508161,4.922106490261046e+23,577921.883277899,3,2025-07-18 00:00:00+00:00,1,18.02082175925926
1752811200000,105,1.1039584096995725,144.07258303145338,262474.6740030768,0.8671437245851851,61,0.580952380952381,1.6555047109539014,35.0,0.3333333333333333,0.3257259502500644,7.0,0.06666666666666667,1.398559641810908,2.0,0.01904761904761905,,,0.0,0.27027481304999074,0.5968689115351943,61,61,1195.360655737705,838.0,0.9932641443651816,0.4918032786885246,0.00011549740346446764,4.8716069966429476e+23,552235.9745555351,4,2025-07-18 00:00:00+00:00,1,18.062488425925928
1752814800000,190,1.4450330213739033,420.1643346977758,572817.1146200183,1.0837329061111876,97,0.5105263157894737,1.576101009837757,61.0,0.32105263157894737,2.220339401614365,29.0,0.15263157894736842,2.9673926404455475,3.0,0.015789473684210527,,,0.0,0.3261969739159971,0.7575359321951903,97,97,803.4226804123712,712.0,0.8430900303556981,0.5670103092783505,0.00017371173332564107,4.789431448086253e+23,1836886.3571869496,5,2025-07-18 00:00:00+00:00,1,18.104155092592592
1752818400000,163,0.8718007416744862,176.60947869108415,328315.9886420558,0.9422016173983362,89,0.5460122699386503,0.8683001315991689,60.0,0.36809815950920244,0.4392549320385143,14.0,0.08588957055214724,,,0.0,,,0.0,0.2987905326035331,0.643411084794803,89,89,834.5842696629213,722.0,0.8556144701066273,0.5280898876404494,0.0001319026249303707,4.849629118304199e+23,735861.5270117056,6,2025-07-18 00:00:00+00:00,1,18.14582175925926
1752822000000,198,1.2003008191632873,305.01165887703496,567109.7589400314,1.2137145734129413,105,0.5303030303030303,1.2778031837279558,71.0,0.35858585858585856,0.7249509420289612,20.0,0.10101010101010101,2.498243550354,2.0,0.010101010101010102,,,0.0,0.6553814725174765,0.5583331008954647,105,105,928.2095238095238,810.0,0.9252270189590854,0.41904761904761906,0.000169339692557919,4.903798993559501e+23,1205758.9197906405,7,2025-07-18 00:00:00+00:00,1,18.187488425925928
1752825600000,183,1.1344565540210867,265.04248696169066,479760.8925061854,0.9868763738783046,93,0.5081967213114754,1.2360974039435808,63.0,0.3442622950819672,0.8711751870154675,21.0,0.11475409836065574,3.2762052065676883,6.0,0.03278688524590164,,,0.0,0.4291175044746299,0.5577588694036747,93,93,860.0537634408602,785.0,0.8863218805730858,0.45161290322580644,0.00014216280317804362,5.065098221185631e+23,1296729.7752415172,8,2025-07-18 00:00:00+00:00,1,18.229155092592592
1752829200000,162,0.8891801253944547,193.8250486445363,367155.3820100727,1.013035940254531,92,0.5679012345679012,0.792319670209361,52.0,0.32098765432098764,0.507158204344567,16.0,0.09876543209876543,0.7663598450424791,2.0,0.012345679012345678,,,0.0,0.40865215168196334,0.6043837885725677,92,92,944.3586956521739,822.5,0.9274849349837098,0.41304347826086957,0.00012947983685539786,5.1933633866022365e+23,770633.1245425281,9,2025-07-18 00:00:00+00:00,1,18.27082175925926
1752832800000,141,0.7395524163402396,138.28569639771416,251218.09244029646,0.7332235506338178,70,0.49645390070921985,0.644410380119148,53.0,0.375886524822695,0.5721642637765303,17.0,0.12056737588652482,9.07069952909068,1.0,0.0070921985815602835,,,0.0,0.29131662846287515,0.44190692217094263,70,70,856.6,756.0,0.870379675738205,0.4857142857142857,0.00012143067049909985,5.2189094652532566e+23,541736.6865575918,10,2025-07-18 00:00:00+00:00,1,18.312488425925928
1752836400000,116,0.6955962850032759,108.82840972963926,203292.68771630805,0.638338116450164,68,0.5862068965517241,0.88491212764512,37.0,0.31896551724137934,0.41276621989994483,11.0,0.09482758620689655,,,0.0,,,0.0,0.21791988405795315,0.4204182323922109,68,68,1651.6617647058824,775.5,1.097527733898447,0.47058823529411764,0.00010098623126327334,5.2261331708508695e+23,569304.7270854068,11,2025-07-18 00:00:00+00:00,1,18.354155092592592
1752840000000,99,1.1418664715952491,143.474150997015,263496.9978482097,1.0829380190572748,36,0.36363636363636365,1.1788273541973682,48.0,0.48484848484848486,0.676672335411988,12.0,0.12121212121212122,3.118410325150075,3.0,0.030303030303030304,,,0.0,0.2761481695882806,0.8067898494689943,36,36,1040.388888888889,806.0,0.9719167569461585,0.4166666666666667,0.00012633189471582875,5.2627962042882236e+23,613906.6214051305,12,2025-07-18 00:00:00+00:00,1,18.39582175925926
1752843600000,260,1.3291070500378377,439.3718987325407,784017.3628220228,1.371531382108406,118,0.45384615384615384,1.3552481153802778,105.0,0.40384615384615385,0.9241369344754499,35.0,0.1346153846153846,4.540642549737965,2.0,0.007692307692307693,,,0.0,0.3329329696373573,1.0385984124710486,118,118,1022.4661016949152,841.0,0.9633192723687753,0.3728813559322034,0.00021767833583585916,5.199778398305554e+23,1991172.6291619376,13,2025-07-18 00:00:00+00:00,1,18.437488425925928
1752847200000,322,1.343150133774143,599.9940498968663,1098015.78211851,1.0796448256184583,158,0.4906832298136646,1.8657318294156258,117.0,0.36335403726708076,0.8502078298808591,43.0,0.13354037267080746,1.7652249752631066,4.0,0.012422360248447204,,,0.0,0.33698983941134075,0.7426549862071176,158,158,729.3417721518987,677.0,0.8061636114719446,0.620253164556962,0.0002803342112966453,5.2585116655215535e+23,2777708.6763660186,14,2025-07-18 00:00:00+00:00,1,18.479155092592592
1752850800000,240,1.2776124891389489,410.7631681236156,741070.6844188569,1.2084394507811511,125,0.5208333333333334,1.4857407678302847,76.0,0.31666666666666665,0.8160344305256529,36.0,0.15,4.426176063892881,3.0,0.0125,,,0.0,0.3668200284350397,0.8416194223461115,125,125,927.872,810.0,0.9188670780814329,0.448,0.0002258612196077447,5.2901201905523234e+23,2084761.519373399,15,2025-07-18 00:00:00+00:00,1,18.52082175925926
1752854400000,249,1.065800382592833,427.5920630007049,768825.0077676345,1.057713238347623,139,0.5582329317269076,1.2282531826913758,77.0,0.3092369477911647,0.7230985766402661,32.0,0.1285140562248996,0.6475056155713687,1.0,0.004016064257028112,,,0.0,0.19143212815973953,0.8662811101878836,139,139,867.884892086331,783.0,0.8923002058319,0.460431654676259,0.00019627754306503472,6.362646125476286e+23,1576032.7404831694,16,2025-07-18 00:00:00+00:00,1,18.562488425925928
1752858000000,232,1.0081236087992689,386.1292452000349,711327.7515240267,1.0086230691106248,109,0.4698275862068966,1.250468309757895,80.0,0.3448275862068966,0.4645344355488678,40.0,0.1724137931034483,1.7753068352619887,3.0,0.01293103448275862,,,0.0,0.25019994750196745,0.7584231216086573,109,109,856.7706422018349,790.0,0.8852372176629478,0.45871559633027525,0.00017327377786724598,6.745435774025948e+23,1559723.9212344897,17,2025-07-18 00:00:00+00:00,1,18.604155092592592
1752861600000,197,0.9970720891538112,333.820987950643,613872.7234052296,0.9754709664399478,120,0.6091370558375635,1.0902771993727378,55.0,0.27918781725888325,0.7174857832761485,21.0,0.1065989847715736,4.334238176207377,1.0,0.005076142131979695,,,0.0,0.20984505860681374,0.7656259078331341,120,120,825.0416666666666,730.0,0.8585874500430746,0.5083333333333333,0.00016465379889918518,6.748510600187992e+23,1188326.6617358727,18,2025-07-18 00:00:00+00:00,1,18.64582175925926
1752865200000,231,1.2016401685701819,396.3698049085022,709020.8411336219,1.2113367056578883,131,0.5670995670995671,1.3135003492212574,74.0,0.3203463203463203,0.6972873976605941,24.0,0.1038961038961039,2.4799235561506805,2.0,0.008658008658008658,,,0.0,0.2819769547702199,0.9293597508876682,131,131,852.3816793893129,672.0,0.8772359167286945,0.5801526717557252,0.0001884207492128607,5.829953030912894e+23,1467302.129951251,19,2025-07-18 00:00:00+00:00,1,18.687488425925928
1752868800000,265,1.4894340932035135,484.2955414956896,852697.7699796276,1.5221951245609966,149,0.5622641509433962,1.4910325616754774,87.0,0.3283018867924528,1.3074271165644902,25.0,0.09433962264150944,1.3718625898659398,4.0,0.01509433962264151,,,0.0,0.3009196991835206,1.221275425377476,149,149,730.2080536912752,723.0,0.8265203315027579,0.5503355704697986,0.00023449937750258038,5.001389747518165e+23,1890357.4853952213,20,2025-07-18 00:00:00+00:00,1,18.729155092592592
1752872400000,162,1.0370180249435392,230.1927188722926,420650.85662532924,1.1461308647226218,96,0.5925925925925926,0.8716458059405506,50.0,0.30864197530864196,0.6606864570665215,15.0,0.09259259259259259,4.475769874456308,1.0,0.006172839506172839,,,0.0,0.3948977566776906,0.7512331080449312,96,96,1066.1979166666667,711.5,0.9348419016282623,0.5416666666666666,0.0001507189303851431,5.41063364586012e+23,912439.8150847979,21,2025-07-18 00:00:00+00:00,1,18.77082175925926
1752876000000,163,0.9886743761780586,224.3287546347325,404795.19504892715,0.9736144480854059,92,0.5644171779141104,1.0315243332483721,58.0,0.3558282208588957,0.9040755972892778,13.0,0.07975460122699386,,,0.0,,,0.0,0.2612361384897317,0.7123783095956742,92,92,882.6195652173913,689.0,0.8649626857732946,0.6304347826086957,0.00017834210607249905,5.48290274005029e+23,1015026.0237902851,22,2025-07-18 00:00:00+00:00,1,18.812488425925928
1752879600000,150,0.9863478143353872,197.989620067521,358168.2159783713,1.0939901571374393,81,0.54,1.0155999117477859,41.0,0.2733333333333333,0.6270050539494955,26.0,0.17333333333333334,0.6986208189147014,2.0,0.013333333333333334,,,0.0,0.30975816340212214,0.7842319937353172,81,81,855.8148148148148,727.0,0.8700310557871073,0.5555555555555556,0.00012659394367085095,5.207238548806685e+23,754500.1640436692,23,2025-07-18 00:00:00+00:00,1,18.854155092592592
1752883200000,132,0.8628530836354465,151.86843398279927,285771.4366461592,0.9474963722594756,66,0.5,0.9447382517866889,45.0,0.3409090909090909,0.42136310192154963,21.0,0.1590909090909091,,,0.0,,,0.0,0.23947040229849098,0.7080259699609845,66,66,985.4848484848485,775.5,0.9325924697314674,0.48484848484848486,0.0001339038167871745,5.3683254713300514e+23,615128.6931108714,0,2025-07-19 00:00:00+00:00,1,18.89582175925926
1752886800000,155,0.8938315307082227,187.92744141503005,354657.8660892828,0.9361018833974134,82,0.5290322580645161,0.8251258543087298,53.0,0.3419354838709677,0.8310698526682708,19.0,0.12258064516129032,2.2615353421268125,1.0,0.0064516129032258064,,,0.0,0.2813732323669925,0.6547286510304207,82,82,1093.2682926829268,884.0,0.9877842691423724,0.4146341463414634,0.00011517264127382152,5.284299207450166e+23,647707.34545659,1,2025-07-19 00:00:00+00:00,1,18.937488425925928
1752890400000,137,1.0117547362767279,211.2448115283312,382956.28663113626,1.0612654999467976,73,0.5328467153284672,1.086151713803556,45.0,0.3284671532846715,0.598411753065154,18.0,0.13138686131386862,1.4897786974627003,1.0,0.0072992700729927005,,,0.0,0.23276808638757382,0.8284974135592237,73,73,1215.986301369863,894.0,1.0246605504377624,0.3698630136986301,0.0001399092678777763,6.00194505943862e+23,691776.8689243974,2,2025-07-19 00:00:00+00:00,1,18.979155092592592
1752894000000,100,1.096327078106356,202.44811921215984,359191.5471820604,1.1852515915571635,64,0.64,1.0686091547310876,28.0,0.28,0.4819437023133354,8.0,0.08,,,0.0,,,0.0,0.24891423389624984,0.9363373576609136,64,64,859.828125,783.5,0.8820755323355902,0.46875,9.690780177743367e-05,6.588721375819832e+23,593076.2057188285,3,2025-07-19 00:00:00+00:00,1,19.02082175925926
1752897600000,103,0.9655871418522768,164.15307096936152,299712.05898690847,0.9812308049661451,69,0.6699029126213593,1.1098477385672434,21.0,0.20388349514563106,0.6495190429391055,13.0,0.1262135922330097,,,0.0,,,0.0,0.2059002719458265,0.7753305330203187,69,69,1606.9710144927535,947.0,1.1288541126704426,0.3333333333333333,9.206918053858352e-05,6.575598956161167e+23,620847.4436097734,4,2025-07-19 00:00:00+00:00,1,19.062488425925928
1752901200000,92,0.8462399862702435,127.20475927127308,240425.90844690165,0.919577745488684,54,0.5869565217391305,0.7707514508713956,30.0,0.32608695652173914,0.6344373043328208,7.0,0.07608695652173914,0.6332758240018598,1.0,0.010869565217391304,,,0.0,0.21126728737871833,0.7083104581099656,54,54,1386.2037037037037,881.5,1.0875615831683385,0.37037037037037035,9.840633525568998e-05,6.581696342173282e+23,391839.8471094569,5,2025-07-19 00:00:00+00:00,1,19.104155092592592
1752904800000,73,1.0615567105393935,124.06120410939499,223967.18934443587,1.0230903382833443,44,0.6027397260273972,1.3399754858293478,23.0,0.3150684931506849,0.21255406549814274,5.0,0.0684931506849315,0.5954584833428632,1.0,0.0136986301369863,,,0.0,0.4374310771298303,0.585659261153514,44,44,2330.75,1322.0,1.3649666209611586,0.2727272727272727,0.00010047930739122338,6.772993798021175e+23,372864.9636967657,6,2025-07-19 00:00:00+00:00,1,19.14582175925926
1752908400000,80,0.5852235964618245,103.26514258468276,202037.7288039167,0.5491780735592021,44,0.55,0.6209915323086982,30.0,0.375,0.6707177518466877,6.0,0.075,,,0.0,,,0.0,0.15382245033943717,0.395355623219765,44,44,1151.8636363636363,789.0,0.9614953870362514,0.45454545454545453,0.00010833971378574247,7.54043731719357e+23,496519.3136879539,7,2025-07-19 00:00:00+00:00,1,19.187488425925928
1752912000000,95,0.867413401588385,152.785883681245,282573.4509072456,0.9625915044168071,56,0.5894736842105263,0.8312477328719136,30.0,0.3157894736842105,0.3957463241553297,9.0,0.09473684210526316,,,0.0,,,0.0,0.1901003502331391,0.772491154183668,56,56,1110.642857142857,884.0,1.0050239839564352,0.375,0.00010840622702403407,7.301828584623826e+23,626700.8406071761,8,2025-07-19 00:00:00+00:00,1,19.229155092592592
1752915600000,80,0.8309313331989797,124.04950436729948,228868.6455537573,0.746079575614185,42,0.525,1.0628029586334649,29.0,0.3625,0.47976429775023605,9.0,0.1125,,,0.0,,,0.0,0.25770187450919335,0.4883777011049916,42,42,1356.357142857143,928.5,1.0934559960123793,0.35714285714285715,8.477717751055487e-05,7.328051630127234e+23,403377.5887382797,9,2025-07-19 00:00:00+00:00,1,19.27082175925926
1752919200000,47,0.6810899315239345,60.71436612217249,115786.95826483368,0.7802602010441351,32,0.6808510638297872,0.4764927340503839,13.0,0.2765957446808511,0.42424740277880335,2.0,0.0425531914893617,,,0.0,,,0.0,0.2745203219285718,0.5057398791155632,32,32,2366.1875,1183.0,1.2735109149296693,0.375,6.212462752781529e-05,7.413485450606077e+23,239452.5784342101,10,2025-07-19 00:00:00+00:00,1,19.312488425925928
1752922800000,127,0.9559560165868825,210.17442796616626,383298.3419216472,1.0244218262005744,61,0.48031496062992124,1.0231455793366582,51.0,0.4015748031496063,0.46980055954192146,14.0,0.11023622047244094,0.15905032854258028,1.0,0.007874015748031496,,,0.0,0.33013927399645443,0.6942825522041199,61,61,1175.8196721311476,834.0,1.0083206659066273,0.39344262295081966,0.00012911032769509427,7.427647819970997e+23,786070.6464953506,11,2025-07-19 00:00:00+00:00,1,19.354155092592592
1752926400000,101,1.0880792045698564,179.62303718391325,320078.66875242494,1.200669106769917,43,0.42574257425742573,1.1639267137265035,44.0,0.43564356435643564,0.5038894761773512,14.0,0.13861386138613863,,,0.0,,,0.0,0.3039064583187062,0.8967626484512106,43,43,1234.2093023255813,765.0,1.0115872902256795,0.4883720930232558,0.00012801242101850464,7.044625939087253e+23,684782.7688540316,12,2025-07-19 00:00:00+00:00,1,19.39582175925926
1752930000000,111,0.6783469183032055,136.9529425855049,258399.00387244724,0.802578104575042,53,0.4774774774774775,0.6356806324867803,41.0,0.36936936936936937,0.3939389680717992,17.0,0.15315315315315314,,,0.0,,,0.0,0.3356405844501192,0.4669375201249228,53,53,1150.0377358490566,724.0,0.985825032373963,0.5471698113207547,9.491656800102836e-05,7.539683970143907e+23,608967.6454879729,13,2025-07-19 00:00:00+00:00,1,19.437488425925928
1752933600000,132,0.8462469040565512,194.66000346110877,364673.7646423297,0.8871925245243383,89,0.6742424242424242,0.580044853745509,28.0,0.21212121212121213,1.1002133831949596,15.0,0.11363636363636363,,,0.0,,,0.0,0.30965974780071853,0.5775327767236197,89,89,1452.6067415730338,981.0,1.1105350643328598,0.34831460674157305,0.0001266878561203259,6.85872912360158e+23,679373.5372592338,14,2025-07-19 00:00:00+00:00,1,19.479155092592592
1752937200000,81,0.8826403647886609,131.87424248471385,238273.08209330554,1.1329715462083265,43,0.5308641975308642,0.6578964046779311,25.0,0.30864197530864196,0.4868217649211698,13.0,0.16049382716049382,,,0.0,,,0.0,0.27496746403430694,0.8580040821740197,43,43,1205.906976744186,877.0,1.0334684589417693,0.37209302325581395,9.509037653966783e-05,7.209231650797077e+23,475764.3763064403,15,2025-07-19 00:00:00+00:00,1,19.52082175925926
1752940800000,135,0.9575874341966506,230.28364673159817,400189.0394967345,0.8775376390849288,81,0.6,1.283240914384375,38.0,0.2814814814814815,0.4208740813026036,14.0,0.1037037037037037,1.7691814829129449,2.0,0.014814814814814815,,,0.0,0.2693371499295064,0.6082004891554224,81,81,1356.6543209876543,845.0,1.0747404990035203,0.38271604938271603,0.00012826264677183338,7.218627140325052e+23,759068.0402978852,16,2025-07-19 00:00:00+00:00,1,19.562488425925928
1752944400000,97,0.767595749370985,133.79846254432897,252277.29670466017,0.8637815529465598,52,0.5360824742268041,0.6522727377042936,34.0,0.35051546391752575,0.6693521685289495,11.0,0.1134020618556701,,,0.0,,,0.0,0.21348459908041664,0.6502969538661432,52,52,1346.2115384615386,845.5,1.0410124731760413,0.4423076923076923,9.846523132806596e-05,6.894112196548624e+23,471760.2341059193,17,2025-07-19 00:00:00+00:00,1,19.604155092592592
1752948000000,97,0.656300155385266,113.57839753265856,214101.6454059137,0.6430217072016992,57,0.5876288659793815,0.7550507889370871,29.0,0.29896907216494845,0.4647640802453111,11.0,0.1134020618556701,,,0.0,,,0.0,0.16482299135360112,0.478198715848098,57,57,1327.6842105263158,884.0,1.0647180803298115,0.38596491228070173,8.869555407728638e-05,7.169556461907978e+23,423610.1467853618,18,2025-07-19 00:00:00+00:00,1,19.64582175925926
1752951600000,98,0.8483103174134418,157.40895166538485,288022.8666464144,0.8710501167486099,53,0.5408163265306123,0.8799285364627655,35.0,0.35714285714285715,0.375748415080212,9.0,0.09183673469387756,2.789520406922268,1.0,0.01020408163265306,,,0.0,0.23218172804096315,0.6388683887076468,53,53,1282.2641509433963,804.0,1.0411216658474505,0.4528301886792453,0.0001130216489442884,7.526078142851464e+23,595781.6372311765,19,2025-07-19 00:00:00+00:00,1,19.687488425925928
1752955200000,99,0.7460141319095231,140.3301595505271,265473.9296552821,0.7352908822745773,58,0.5858585858585859,0.9122437674530292,32.0,0.32323232323232326,0.22408081429115423,9.0,0.09090909090909091,,,0.0,,,0.0,0.21165210529109138,0.5236387769834858,58,58,935.6551724137931,742.5,0.9188351601497416,0.5,0.00010333161102826773,7.834891947558415e+23,523456.5991304855,20,2025-07-19 00:00:00+00:00,1,19.729155092592592
1752958800000,129,1.0269013899939645,234.73875240180703,415449.85780516325,1.0952396246504996,78,0.6046511627906976,1.0401571466757915,42.0,0.32558139534883723,0.3727764917887998,9.0,0.06976744186046512,,,0.0,,,0.0,0.20628350286419708,0.8889561217863025,78,78,993.2435897435897,751.0,0.9244385511143397,0.5,0.00013640005624829363,7.386557704216211e+23,774919.2905229618,21,2025-07-19 00:00:00+00:00,1,19.77082175925926
1752962400000,115,0.6325442280619438,136.1682967060005,256570.63050738254,0.6707586165162505,65,0.5652173913043478,0.6449042910269254,41.0,0.3565217391304348,0.3002444690514799,9.0,0.0782608695652174,,,0.0,,,0.0,0.19047713835147223,0.48028147816477823,65,65,926.6,688.0,0.8983583200601292,0.5692307692307692,0.00010262317448158804,7.899015048974811e+23,508510.8780779159,22,2025-07-19 00:00:00+00:00,1,19.812488425925928
1752966000000,83,0.6799338295931576,119.95281489136983,220411.10642256084,0.7937303202969643,56,0.6746987951807228,0.4505097643970833,22.0,0.26506024096385544,0.41487902057324877,5.0,0.060240963855421686,,,0.0,,,0.0,0.2848466980950715,0.5088836222018929,56,56,1489.267857142857,623.0,0.9719352020280143,0.6607142857142857,7.507234825893931e-05,8.606049628411007e+23,406606.7337855364,23,2025-07-19 00:00:00+00:00,1,19.854155092592592
1752969600000,87,0.86583002239778,162.49654765737978,307171.4753914429,0.9437654125145566,50,0.5747126436781609,0.8079341954283408,32.0,0.367816091954023,0.45700941383442373,5.0,0.05747126436781609,,,0.0,,,0.0,0.23563873679384606,0.7081266757207105,50,50,1754.34,1012.0,1.2015345569467246,0.3,0.0001011358772168657,8.689007850348709e+23,584390.9476906816,0,2025-07-20 00:00:00+00:00,1,19.89582175925926
1752973200000,128,1.1724745254154287,271.62160396204575,469255.96803989087,1.0544543793563894,68,0.53125,1.3120644416751286,42.0,0.328125,0.2537186154165095,13.0,0.1015625,3.9937585812340792,5.0,0.0390625,,,0.0,0.41405068010600116,0.6404036992503881,68,68,1282.9411764705883,716.5,0.9468447366872984,0.5441176470588235,0.00012954488955438235,7.481422877553574e+23,1072878.2477904528,1,2025-07-20 00:00:00+00:00,1,19.937488425925928
1752976800000,95,0.9518385842040114,169.219057032558,315846.47065989743,0.9194090543874522,54,0.5684210526315789,1.0562509817333072,34.0,0.35789473684210527,0.6948633119323155,7.0,0.07368421052631578,,,0.0,,,0.0,0.18986169694107607,0.7295473574463761,54,54,1639.8333333333333,931.5,1.1609914483661863,0.2777777777777778,0.00011651501959830536,7.662588952850794e+23,574527.8255283335,2,2025-07-20 00:00:00+00:00,1,19.979155092592592
1752980400000,183,1.393078814569924,473.62939086754466,807039.5328706327,1.2953367050987394,98,0.5355191256830601,1.4380633852732243,63.0,0.3442622950819672,1.619127843667162,19.0,0.10382513661202186,2.2096678882434726,3.0,0.01639344262295082,,,0.0,0.4593133028992755,0.8360234021994639,98,98,1056.7857142857142,731.5,0.9059863281260532,0.5306122448979592,0.00020162764738411025,7.069920534821913e+23,1810198.1954387205,3,2025-07-20 00:00:00+00:00,1,20.02082175925926
1752984000000,131,0.9833028753227,222.10457760763376,406881.36930091784,1.0957565908660583,72,0.549618320610687,0.9180251314865373,40.0,0.3053435114503817,0.367104997787142,18.0,0.13740458015267176,6.5893069052874775,1.0,0.007633587786259542,,,0.0,0.3796972366856259,0.7160593541804323,72,72,1057.013888888889,722.0,0.941546521889946,0.5416666666666666,0.0001293078751363918,7.000763603104169e+23,902013.0939769398,4,2025-07-20 00:00:00+00:00,1,20.062488425925928
1752987600000,90,0.9267176506204845,149.61694697371564,261931.22379627702,1.0162908248698037,55,0.6111111111111112,0.5003892558944419,27.0,0.3,0.133829486965391,5.0,0.05555555555555555,4.442978614675838,3.0,0.03333333333333333,,,0.0,0.3357585679096268,0.6805322569601768,55,55,1423.7272727272727,779.0,1.0679584282966577,0.4727272727272727,8.678645227789014e-05,7.065809122071929e+23,542298.8788758694,5,2025-07-20 00:00:00+00:00,1,20.104155092592592
1752991200000,68,1.3586434843432456,175.7504647486586,266933.2465437584,1.0065383031247224,45,0.6617647058823529,1.7916684662761635,18.0,0.2647058823529412,0.34551401231320156,4.0,0.058823529411764705,13.46144485250445,1.0,0.014705882352941176,,,0.0,0.2968223090080879,0.7097159941166343,45,45,2147.7555555555555,984.0,1.2779100026706305,0.35555555555555557,7.941387529548733e-05,7.085233539020757e+23,463040.76120444207,6,2025-07-20 00:00:00+00:00,1,20.14582175925926
1752994800000,111,1.1966599578915629,229.76988619860145,375140.5211774085,1.1430631788364922,59,0.5315315315315315,1.284450272641183,41.0,0.36936936936936937,0.7429661410966936,9.0,0.08108108108108109,3.0196856632258617,2.0,0.018018018018018018,,,0.0,0.4237340836945966,0.7193290951418956,59,59,1305.0338983050847,805.0,1.0223073475332438,0.4915254237288136,9.660096745116343e-05,7.04937935386418e+23,652194.0310674828,7,2025-07-20 00:00:00+00:00,1,20.187488425925928
1752998400000,135,1.242875164455751,289.79366991630667,531050.0577162458,1.3570124862396464,78,0.5777777777777777,1.1485591587381025,46.0,0.34074074074074073,0.34676861415550586,10.0,0.07407407407407407,5.639765831326198,1.0,0.007407407407407408,,,0.0,0.47567008013575063,0.8813424061038956,78,78,1478.948717948718,803.0,1.0498807762205717,0.44871794871794873,0.00012041553298388052,6.333382049218021e+23,1061068.5134255826,8,2025-07-20 00:00:00+00:00,1,20.229155092592592
1753002000000,128,1.20368767880769,240.06496392592044,434708.3027143732,1.1942144855442989,86,0.671875,1.3137129020979064,33.0,0.2578125,0.30140215663874026,8.0,0.0625,5.6058341082337915,1.0,0.0078125,,,0.0,0.7975257420746379,0.3966887434696609,86,86,1034.3372093023256,794.5,0.9468049793795055,0.47674418604651164,0.00011078700512032704,5.842571285963076e+23,838283.2681614918,9,2025-07-20 00:00:00+00:00,1,20.27082175925926
1753005600000,72,0.9751017810893363,112.57731153835628,203380.55480746896,0.9510822853846644,43,0.5972222222222222,0.8370874798055259,26.0,0.3611111111111111,2.5155051639826573,3.0,0.041666666666666664,,,0.0,,,0.0,0.2900485478447792,0.6610337375398853,43,43,1551.5581395348838,931.0,1.0940223888450893,0.32558139534883723,9.106710111625988e-05,6.228566115156627e+23,364173.31974850694,10,2025-07-20 00:00:00+00:00,1,20.312488425925928
1753009200000,160,1.189155163776383,276.75072500435084,472086.4124633865,1.2323178292482828,92,0.575,1.169828144062553,44.0,0.275,1.0491395337020375,19.0,0.11875,1.0970992868576435,5.0,0.03125,,,0.0,0.5265224945332644,0.7057953347150184,92,92,872.0108695652174,730.0,0.8714358597619527,0.5434782608695652,0.00014847470887288604,5.154162724700802e+23,1047269.1763488575,11,2025-07-20 00:00:00+00:00,1,20.354155092592592
1753012800000,122,1.017837616696159,175.91100264380304,303215.5255230708,1.1696141163627938,65,0.5327868852459017,0.8118302960623051,37.0,0.30327868852459017,0.5333634060674446,17.0,0.13934426229508196,3.0154576052993143,3.0,0.02459016393442623,,,0.0,0.6176464574338403,0.5519676589289535,65,65,910.6615384615385,784.0,0.8957024045122908,0.47692307692307695,0.00012179941114605757,5.079768176032022e+23,788541.4409995216,12,2025-07-20 00:00:00+00:00,1,20.39582175925926
1753016400000,109,0.8530549793007717,139.14168665686498,280324.03015489015,0.7665133529948515,63,0.5779816513761468,0.8807438167602119,36.0,0.3302752293577982,0.6644419176557889,7.0,0.06422018348623854,2.7782602260501044,3.0,0.027522935779816515,,,0.0,0.45316092707715666,0.31335242591769485,63,63,1316.5714285714287,933.0,1.056712220583915,0.31746031746031744,9.020573253997941e-05,5.610150066704073e+23,634393.7005062075,13,2025-07-20 00:00:00+00:00,1,20.437488425925928
1753020000000,151,1.060510808969992,225.14183186012755,404267.73669316975,1.0428021278842525,87,0.5761589403973509,1.2008223491469228,51.0,0.33774834437086093,0.6285697863112105,13.0,0.08609271523178808,,,0.0,,,0.0,0.25135103883383697,0.7914510890504157,87,87,1079.632183908046,784.0,0.9599832581760964,0.45977011494252873,0.00012716176296574637,5.702773877271397e+23,742380.0725846004,14,2025-07-20 00:00:00+00:00,1,20.479155092592592
1753023600000,177,1.1156982809175662,281.3679612269882,520725.77512402576,1.0614623104205945,101,0.5706214689265536,1.3106532180698727,50.0,0.2824858757062147,0.6891273845707921,23.0,0.12994350282485875,2.9627705404357783,3.0,0.01694915254237288,,,0.0,0.28481631822904,0.7766459921915544,101,101,1191.1386138613861,766.0,0.9797702942589273,0.48514851485148514,0.00013355359212773656,5.566627860318558e+23,1107139.7239676937,15,2025-07-20 00:00:00+00:00,1,20.52082175925926
1753027200000,212,1.2902665582214297,378.4938022821757,648639.0820230794,1.5749709426002425,120,0.5660377358490566,0.9399480143087949,58.0,0.27358490566037735,0.714597459700797,28.0,0.1320754716981132,1.6690472548969204,6.0,0.02830188679245283,,,0.0,0.3238510770256541,1.2511198655745883,120,120,1024.975,740.0,0.9368349836244751,0.5083333333333333,0.0001479682771213243,5.2326636756512396e+23,1627533.661266042,16,2025-07-20 00:00:00+00:00,1,20.562488425925928
1753030800000,228,1.3293189597229522,479.3097849340698,849613.8578618347,1.3602856280948312,132,0.5789473684210527,1.5150211049475595,71.0,0.31140350877192985,0.6384208582815453,25.0,0.10964912280701754,,,0.0,,,0.0,0.4259144858617881,0.934371142233043,132,132,970.5681818181819,761.0,0.9225526989348701,0.49242424242424243,0.00020439323358785328,5.939266212670749e+23,2024797.1146612072,17,2025-07-20 00:00:00+00:00,1,20.604155092592592
1753034400000,122,1.0450592636773406,201.43205140943743,356059.74644379545,1.2028225376813961,80,0.6557377049180327,0.8085534163469216,34.0,0.2786885245901639,0.47257637479106596,8.0,0.06557377049180328,,,0.0,,,0.0,0.30507555899575867,0.8977469786856374,80,80,795.15,666.5,0.8485931505664027,0.625,0.00012290623927009052,6.089633643331443e+23,752301.6529885158,18,2025-07-20 00:00:00+00:00,1,20.64582175925926
1753038000000,88,1.1392241067637077,147.96580790436855,258389.68661995913,1.3012140321315129,45,0.5113636363636364,0.9595799317631776,24.0,0.2727272727272727,0.4094630407643811,16.0,0.18181818181818182,4.038587644913942,3.0,0.03409090909090909,,,0.0,0.33110236158155587,0.970111670549957,45,45,1006.0666666666667,756.0,0.9323533767723374,0.4888888888888889,0.0001294170168201186,6.014379526754466e+23,569220.5069523,19,2025-07-20 00:00:00+00:00,1,20.687488425925928
1753041600000,134,1.067319685181567,215.635215878109,392977.93589408434,1.0564045992433517,82,0.6119402985074627,1.128678128584919,44.0,0.3283582089552239,0.6212814236968253,7.0,0.05223880597014925,2.3848530527609313,1.0,0.007462686567164179,,,0.0,0.3281668298331046,0.7282377694102471,82,82,918.329268292683,695.5,0.8987872682374027,0.5853658536585366,0.00012736569950174223,6.174059725056675e+23,934911.6883037728,20,2025-07-20 00:00:00+00:00,1,20.729155092592592
1753045200000,159,0.986085349315677,242.16018950917217,443346.42282891413,1.1055539227358993,97,0.610062893081761,0.8594045189315385,52.0,0.3270440251572327,0.33872911411640644,9.0,0.05660377358490566,1.8112430243227884,1.0,0.006289308176100629,,,0.0,0.32543391681735584,0.7801200059185434,97,97,971.8659793814433,817.0,0.9230722714498127,0.44329896907216493,0.00012330348502601,6.157447942199298e+23,828806.0492236377,21,2025-07-20 00:00:00+00:00,1,20.77082175925926
1753048800000,247,1.3698902967501108,530.7189828898477,928010.1650481274,1.3876559893363736,124,0.5020242914979757,1.610399468329,87.0,0.3522267206477733,0.7466295022597448,35.0,0.1417004048582996,0.056774295852939256,1.0,0.004048582995951417,,,0.0,0.3318021327917884,1.0558538565445852,124,124,883.1693548387096,738.0,0.8904997774435092,0.5403225806451613,0.00027810815252609706,6.122516441330924e+23,2383630.0450202427,22,2025-07-20 00:00:00+00:00,1,20.812488425925928
1753052400000,199,1.036758615091555,306.6332037202772,531712.5943124357,1.1492042505960975,116,0.5829145728643216,0.9490108648124067,64.0,0.32160804020100503,0.6458197887409548,19.0,0.09547738693467336,,,0.0,,,0.0,0.23134855619567338,0.9178556944004241,116,116,1032.1379310344828,783.0,0.9399041899205495,0.47413793103448276,0.00017362664557616357,5.677804790053178e+23,1021469.749464658,23,2025-07-20 00:00:00+00:00,1,20.854155092592592
1753056000000,196,1.2386198328458238,335.6638095086475,600532.8750579883,1.3404510711122661,109,0.5561224489795918,1.1632952601840918,69.0,0.3520408163265306,0.6863539516836895,17.0,0.08673469387755102,4.724930355219374,1.0,0.00510204081632653,,,0.0,0.34477193833104575,0.9956791327812203,109,109,1158.348623853211,920.0,1.0247737662393,0.3302752293577982,0.000182293985318024,5.691429690321974e+23,1154785.1819866714,0,2025-07-21 00:00:00+00:00,1,20.89582175925926
1753059600000,174,1.0406007333222995,265.71376072004296,493423.90572934377,1.1500493106534486,105,0.603448275862069,0.9520327868360594,54.0,0.3103448275862069,0.593305299354719,15.0,0.08620689655172414,,,0.0,,,0.0,0.2966246156029849,0.8534246950504637,105,105,1213.142857142857,977.0,1.046120933488809,0.3238095238095238,0.00015407210410847553,5.730209829820566e+23,896608.7864839846,1,2025-07-21 00:00:00+00:00,1,20.937488425925928
1753063200000,134,0.9669431133711656,183.59895977659386,335534.20776841586,1.049666602791622,60,0.44776119402985076,0.9901060743771811,55.0,0.41044776119402987,0.5157854170261804,18.0,0.13432835820895522,2.850409427022642,1.0,0.007462686567164179,,,0.0,0.26514908950607513,0.7845175132855468,60,60,956.15,858.0,0.9267421558989947,0.4,0.0001360803232843734,5.8400727019639855e+23,767970.6330332219,2,2025-07-21 00:00:00+00:00,1,20.979155092592592
1753066800000,73,1.2586504757062114,139.16182687816826,254038.3960801804,1.374798125211188,37,0.5068493150684932,1.2551565456120637,23.0,0.3150684931506849,0.9342579649740007,13.0,0.1780821917808219,,,0.0,,,0.0,0.28519488643045504,1.089603238780733,37,37,1377.972972972973,792.0,1.032668440795863,0.43243243243243246,8.992390113424413e-05,5.742238023424298e+23,1119224.8873276392,3,2025-07-21 00:00:00+00:00,1,21.02082175925926
1753070400000,109,0.9093133837265704,142.03763738236717,255779.48485001185,0.9752604627948966,61,0.5596330275229358,0.863794955124007,36.0,0.3302752293577982,0.6442364548058388,11.0,0.10091743119266056,1.4410512083790117,1.0,0.009174311926605505,,,0.0,0.3628339492065342,0.6124265135883623,61,61,1209.5901639344263,984.0,1.0192709384284568,0.39344262295081966,8.469971400282252e-05,5.729410349822261e+23,574952.5209976487,4,2025-07-21 00:00:00+00:00,1,21.062488425925928
1753074000000,73,1.159349609223043,125.74814023775373,224436.28621864886,1.3718385030841787,44,0.6027397260273972,0.8466438820677218,22.0,0.3013698630136986,0.8064945617269144,7.0,0.0958904109589041,,,0.0,,,0.0,0.3504870994567051,1.0213514036274736,44,44,1459.5,958.5,1.1167850501301795,0.29545454545454547,9.968745059608466e-05,5.832527484321839e+23,455757.5246316487,5,2025-07-21 00:00:00+00:00,1,21.104155092592592
1753077600000,119,1.1469795299919467,191.49233087370484,341555.5707175547,1.1906519224380976,62,0.5210084033613446,1.1946623877887734,42.0,0.35294117647058826,0.6399307289788626,13.0,0.1092436974789916,2.0876125570129567,2.0,0.01680672268907563,,,0.0,0.4186702839516309,0.7719816384864666,62,62,1168.741935483871,840.0,1.009733816232026,0.3709677419354839,0.00010710882228938484,5.6304149085823813e+23,731207.0453660149,6,2025-07-21 00:00:00+00:00,1,21.14582175925926
1753081200000,109,0.9808942277903951,167.15619749375813,281384.43501974456,0.9529636912051686,71,0.6513761467889908,1.2211419479788252,25.0,0.22935779816513763,0.4189135462342799,11.0,0.10091743119266056,2.0602255227691924,2.0,0.01834862385321101,,,0.0,0.28662122659268263,0.6663424646124859,71,71,1589.0140845070423,980.0,1.133659626020259,0.3380281690140845,9.744667701561662e-05,5.929994862156783e+23,1072366.617039114,7,2025-07-21 00:00:00+00:00,1,21.187488425925928
1753084800000,114,0.9893145109629814,177.26972470976744,347632.9327841941,1.0888072325118838,73,0.6403508771929824,0.8230358322219158,30.0,0.2631578947368421,0.48861649054741296,9.0,0.07894736842105263,2.105151447414082,2.0,0.017543859649122806,,,0.0,0.46371788969585837,0.6250893428160255,73,73,1386.86301369863,874.0,1.07186380689556,0.3835616438356164,0.00011477376022545646,5.885908452908499e+23,851175.544065695,8,2025-07-21 00:00:00+00:00,1,21.229155092592592
1753088400000,77,1.2160884082803927,185.64256640422767,255953.41841292163,0.7916429779256097,51,0.6623376623376623,2.1508921687572706,19.0,0.24675324675324675,0.5510680479158302,5.0,0.06493506493506493,4.821362058708427,2.0,0.025974025974025976,,,0.0,0.3768464044286881,0.41479657349692145,51,51,1183.4705882352941,709.0,1.0023984142850288,0.5686274509803921,8.256146238227644e-05,6.199916980833443e+23,563554.867724048,9,2025-07-21 00:00:00+00:00,1,21.27082175925926
1753092000000,151,1.0861689040569324,257.72491503567784,463951.6309013824,1.1619149364910435,103,0.6821192052980133,0.8894208265303227,38.0,0.25165562913907286,0.5183839706353573,7.0,0.046357615894039736,2.3025289504731936,3.0,0.019867549668874173,,,0.0,0.3170429248260786,0.844872011664965,103,103,1233.7378640776699,779.0,1.002200047695568,0.47572815533980584,0.00012637823695738117,5.909039831621547e+23,777960.8890248777,10,2025-07-21 00:00:00+00:00,1,21.312488425925928
1753095600000,132,1.2313265105239983,234.4163853769219,438928.3006093587,1.3420217853239464,71,0.5378787878787878,1.1379142998653726,41.0,0.3106060606060606,0.6402818548482307,16.0,0.12121212121212122,2.5881391647789065,4.0,0.030303030303030304,,,0.0,0.39551103167251345,0.9465107536514329,71,71,1114.1267605633802,801.0,0.9679521607509685,0.43661971830985913,0.00014166154653987852,5.3362188586224826e+23,893425.0819538711,11,2025-07-21 00:00:00+00:00,1,21.354155092592592
1753099200000,141,1.3243113907329178,277.23947756063967,489551.0040241841,1.1059035431671385,81,0.574468085106383,1.4794396414971815,49.0,0.3475177304964539,1.4699964016809997,10.0,0.07092198581560284,9.957212646631302,1.0,0.0070921985815602835,,,0.0,0.29027975461660843,0.81562378855053,81,81,1184.7777777777778,764.0,0.9890386882562551,0.48148148148148145,0.00014044239452240548,5.641645051196713e+23,980492.6472675677,12,2025-07-21 00:00:00+00:00,1,21.39582175925926
1753102800000,178,1.3642086900395765,358.14323654844935,616759.5900783075,1.4907809466799304,80,0.449438202247191,1.3000176155271699,83.0,0.46629213483146065,0.3180143273388681,14.0,0.07865168539325842,11.21300842115092,1.0,0.0056179775280898875,,,0.0,0.3587978069395136,1.1319831397404168,80,80,1022.3125,750.0,0.9380657155523199,0.5,0.00013959748050435095,5.9151051485284234e+23,1416779.2098936338,13,2025-07-21 00:00:00+00:00,1,21.437488425925928
1753106400000,187,1.2639092089806174,362.5423272493642,623501.8215482871,1.4061212986950955,86,0.45989304812834225,1.4305341134335359,71.0,0.37967914438502676,0.4137229913071899,27.0,0.1443850267379679,0.8953825241740235,3.0,0.016042780748663103,,,0.0,0.29051278765999955,1.1156085110350957,86,86,1019.0116279069767,791.5,0.9563550151670298,0.46511627906976744,0.00016584894782196275,5.917857796040526e+23,1809579.6446409528,14,2025-07-21 00:00:00+00:00,1,21.479155092592592
1753110000000,179,1.0088817683440985,286.7786315383631,529845.6603030305,1.0025405972173307,106,0.5921787709497207,1.1442826182699282,56.0,0.3128491620111732,0.5787476663190365,16.0,0.0893854748603352,0.9807439443360088,1.0,0.00558659217877095,,,0.0,0.3681501907338304,0.6343904064835003,106,106,898.1415094339623,766.5,0.8924491156363964,0.4811320754716981,0.0001331452385858102,6.237864538749311e+23,1608162.7468552426,15,2025-07-21 00:00:00+00:00,1,21.52082175925926
1753113600000,231,1.2926323469648797,537.8572868785026,967855.3703964852,1.222714767386741,136,0.5887445887445888,1.4842714324310418,76.0,0.329004329004329,0.8516183022235888,17.0,0.0735930735930736,2.5133618908651556,2.0,0.008658008658008658,,,0.0,0.3408306723075011,0.8818840950792397,136,136,864.2132352941177,774.0,0.8926335540668598,0.47058823529411764,0.0001814951422269263,6.890753072316402e+23,2408052.2126678405,16,2025-07-21 00:00:00+00:00,1,21.562488425925928
1753117200000,201,1.0145829980625967,373.73664991117164,719187.0240401861,0.9607013402491275,122,0.6069651741293532,1.0921417484122933,65.0,0.32338308457711445,1.1936942051877575,13.0,0.06467661691542288,0.2183807859484953,1.0,0.004975124378109453,,,0.0,0.2858889195279682,0.6748124207211593,122,122,807.6967213114754,663.0,0.8400039361400081,0.5901639344262295,0.00015301907977559873,6.979886424362064e+23,1538746.547260374,17,2025-07-21 00:00:00+00:00,1,21.604155092592592
1753120800000,136,0.8742421261844388,243.43854981074793,472332.0786163326,0.85356852536638,91,0.6691176470588235,0.9201750206106942,34.0,0.25,0.9731397554169117,10.0,0.07352941176470588,0.2048450978103843,1.0,0.007352941176470588,,,0.0,0.23248746971422402,0.6210810556521558,91,91,974.6923076923077,734.0,0.9100667048090152,0.5274725274725275,0.0001333265065192073,7.05117285228252e+23,1022625.9280207386,18,2025-07-21 00:00:00+00:00,1,21.64582175925926
1753124400000,255,1.0430913005674058,504.9481375496659,911594.5170970584,0.9947710726332692,166,0.6509803921568628,1.353083373306017,61.0,0.23921568627450981,0.6003249509359206,27.0,0.10588235294117647,2.1094241406288727,1.0,0.00392156862745098,,,0.0,0.4032598802106201,0.5915111924226492,166,166,790.7168674698795,651.5,0.8414859338854977,0.6626506024096386,0.00017645970135711424,6.972180702645199e+23,1629356.5020258322,19,2025-07-21 00:00:00+00:00,1,21.687488425925928
1753128000000,169,1.128923737760364,387.0163514859158,661908.9559746025,1.040344012004132,113,0.6686390532544378,1.011185287560419,45.0,0.26627218934911245,2.6313662561166007,10.0,0.05917159763313609,1.4122378236497468,1.0,0.005917159763313609,,,0.0,0.3125383960029141,0.7278056160012178,113,113,895.3185840707964,684.0,0.880351446452572,0.5752212389380531,0.00013087448418221692,7.031388215878334e+23,1205854.2629957981,20,2025-07-21 00:00:00+00:00,1,21.729155092592592
1753131600000,122,0.8134391611907413,186.64048199032186,355674.84756624646,0.8116029557230522,90,0.7377049180327869,0.8769936823652889,27.0,0.22131147540983606,0.5032964452665921,5.0,0.040983606557377046,,,0.0,,,0.0,0.3109178146546475,0.5006851410684046,90,90,1351.7111111111112,863.5,1.0234474309363932,0.43333333333333335,9.837060628333744e-05,7.067686364615167e+23,554508.7677305829,21,2025-07-21 00:00:00+00:00,1,21.77082175925926
1753135200000,74,1.016401128411412,132.42187432338326,237148.85083700198,0.9135432982980427,39,0.527027027027027,1.0092776179238205,31.0,0.4189189189189189,0.3280933325054272,3.0,0.04054054054054054,7.313608715666113,1.0,0.013513513513513514,,,0.0,0.23442402892806746,0.6791192693699751,39,39,2057.871794871795,734.0,1.154389074311126,0.5128205128205128,6.421641680887993e-05,7.052704995524905e+23,502275.79316585755,22,2025-07-21 00:00:00+00:00,1,21.812488425925928
1753138800000,78,0.8322303998087781,115.65063344522345,218973.17595862862,0.7701950336657994,42,0.5384615384615384,0.8999418991582078,27.0,0.34615384615384615,0.9185942770943899,9.0,0.11538461538461539,,,0.0,,,0.0,0.2925438941794249,0.4776511394863744,42,42,1989.2619047619048,892.0,1.2029015360649227,0.38095238095238093,8.552489483339925e-05,7.103265032897574e+23,446250.44725847756,23,2025-07-21 00:00:00+00:00,1,21.854155092592592
1753142400000,109,0.8930413145532621,185.30114076537797,352070.89983392745,0.912682992520332,71,0.6513761467889908,0.9495977642173291,30.0,0.27522935779816515,0.5616362049781819,7.0,0.06422018348623854,0.12162445599484417,1.0,0.009174311926605505,,,0.0,0.21122282089535444,0.7014601716249775,71,71,1253.2957746478874,833.0,1.0355433493443378,0.4225352112676056,0.00012063614407833549,7.152833874165562e+23,756653.9362959579,0,2025-07-22 00:00:00+00:00,1,21.89582175925926
1753146000000,208,1.2351349382196324,482.18448231685807,866450.4988938308,1.048899988909781,123,0.5913461538461539,1.7617825283535928,63.0,0.30288461538461536,0.6331525244854851,20.0,0.09615384615384616,2.1190093688972,2.0,0.009615384615384616,,,0.0,0.3997267911172767,0.6491731977925044,123,123,1011.2357723577236,760.0,0.9285544087940883,0.4878048780487805,0.00020598222793597224,7.037637054151985e+23,1817768.2173592052,1,2025-07-22 00:00:00+00:00,1,21.937488425925928
1753149600000,136,0.9993221857996777,267.6975955532402,487799.9209482016,1.001756609955787,85,0.625,1.0995504437339347,39.0,0.2867647058823529,0.7147168205215229,11.0,0.08088235294117647,0.014153091154049842,1.0,0.007352941176470588,,,0.0,0.30607236306715296,0.6956842468886341,85,85,1275.870588235294,834.0,1.0105160055979003,0.4588235294117647,0.00014476746498087248,7.07362177328622e+23,1047226.7894386342,2,2025-07-22 00:00:00+00:00,1,21.979155092592592
1753153200000,171,1.0827469381372636,349.65393783664666,663252.885660662,1.175171872077526,123,0.7192982456140351,0.9680091096900311,36.0,0.21052631578947367,0.4796048505912723,12.0,0.07017543859649122,,,0.0,,,0.0,0.4479242006964924,0.7272476713810334,123,123,1022.0813008130082,795.0,0.9398263224846904,0.45528455284552843,0.0001467560216097766,7.007583426839052e+23,1296419.0072021007,3,2025-07-22 00:00:00+00:00,1,22.02082175925926
1753156800000,177,1.0658821052150123,337.1464705641648,625652.8073014584,1.0170745844716045,100,0.5649717514124294,1.0565111458873269,57.0,0.3220338983050847,0.7075416914398325,12.0,0.06779661016949153,2.2802548203801387,8.0,0.04519774011299435,,,0.0,0.307744008156312,0.7093305763152924,100,100,1037.77,767.5,0.9429355875858204,0.49,0.0001515853558646891,6.755955294167344e+23,1601324.0352350879,4,2025-07-22 00:00:00+00:00,1,22.062488425925928
1753160400000,196,0.9386203299993326,317.1734327756968,586893.6560643889,1.0076598651943074,112,0.5714285714285714,0.9395087446242368,64.0,0.32653061224489793,0.5491560061077804,20.0,0.10204081632653061,,,0.0,,,0.0,0.4364051488720429,0.5712547163222645,112,112,1228.830357142857,746.0,0.980135409417727,0.5178571428571429,0.00018837912479193733,6.58541317807189e+23,1189092.2897378926,5,2025-07-22 00:00:00+00:00,1,22.104155092592592
1753164000000,134,0.9574333511246363,232.42363256445276,418645.58072660473,0.9539830802219472,75,0.5597014925373134,1.1446655993286974,38.0,0.2835820895522388,0.630954536169749,21.0,0.15671641791044777,,,0.0,,,0.0,0.4230188208606033,0.530964259361344,75,75,1324.84,759.0,1.0063501401825898,0.48,0.00011165653391428036,6.81642355026825e+23,831735.6221658011,6,2025-07-22 00:00:00+00:00,1,22.14582175925926
1753167600000,147,1.0203658437094738,258.5473625599445,476026.45738453424,0.9822974055429367,81,0.5510204081632653,1.1062038512585561,53.0,0.36054421768707484,0.765085697417344,11.0,0.07482993197278912,1.6914711940102567,2.0,0.013605442176870748,,,0.0,0.3245196015806858,0.6577778039622507,81,81,1073.2716049382716,704.0,0.9307668835205282,0.5432098765432098,0.00013823261322146714,6.843264949789667e+23,899501.773348912,7,2025-07-22 00:00:00+00:00,1,22.187488425925928
1753171200000,197,1.1961206768286192,328.9894348391776,612412.8614933911,1.270204876921523,114,0.5786802030456852,1.1681824042247868,65.0,0.3299492385786802,0.8278089495318441,18.0,0.09137055837563451,,,0.0,,,0.0,0.3824115212370809,0.8877933556844422,114,114,797.1754385964912,698.0,0.8557619130925755,0.5701754385964912,0.0001728330827988186,5.5768243045730074e+23,1287883.2491152398,8,2025-07-22 00:00:00+00:00,1,22.229155092592592
1753174800000,161,1.1254207919986292,286.01544283990796,520912.19708199095,1.1413840172645704,106,0.6583850931677019,1.224013551230054,39.0,0.2422360248447205,0.7793445739851705,16.0,0.09937888198757763,,,0.0,,,0.0,0.34586356448625744,0.7955204527783131,106,106,1027.1603773584907,802.0,0.94398493196745,0.46226415094339623,0.00011612636777340283,6.060791140224725e+23,940510.5193868189,9,2025-07-22 00:00:00+00:00,1,22.27082175925926
1753178400000,106,0.9031932109006391,148.14676078927926,272566.6311581547,1.0702090453325728,57,0.5377358490566038,0.8627217283177966,33.0,0.3113207547169811,0.3916717335639879,16.0,0.1509433962264151,,,0.0,,,0.0,0.22452110055739127,0.8456879447751816,57,57,1465.157894736842,875.0,1.0936229427275663,0.38596491228070173,0.00010235454731194577,6.221848135625157e+23,546040.2112104186,10,2025-07-22 00:00:00+00:00,1,22.312488425925928
1753182000000,113,1.1804025142313908,236.05118953870442,419218.3365743405,1.3261177679640253,73,0.6460176991150443,0.9767931866593269,28.0,0.24778761061946902,0.6854171153397636,10.0,0.08849557522123894,1.1872533334572655,2.0,0.017699115044247787,,,0.0,0.38110353469005515,0.9450142332739698,73,73,1151.3972602739725,734.0,0.9782227015093646,0.547945205479452,0.00013274849392980482,6.642737391793147e+23,813767.2086818686,11,2025-07-22 00:00:00+00:00,1,22.354155092592592
1753185600000,120,0.9121133318742654,205.1833105737781,395867.26629847486,0.9822491248635532,79,0.6583333333333333,0.8784773053780753,34.0,0.2833333333333333,0.2839557968337961,7.0,0.058333333333333334,,,0.0,,,0.0,0.6357359525741373,0.34651317228941597,79,79,1096.7721518987341,876.0,0.9683200853654467,0.43037974683544306,0.00010892284532316121,6.883228056859934e+23,718441.6127041109,12,2025-07-22 00:00:00+00:00,1,22.39582175925926
1753189200000,220,1.2805466845380251,566.9908473625693,1047949.5334265726,1.2614609059590087,138,0.6272727272727273,1.4781571060773535,60.0,0.2727272727272727,0.6836630033528731,19.0,0.08636363636363636,1.986547382558846,3.0,0.013636363636363636,,,0.0,0.43986898179454637,0.8215919241644623,138,138,964.072463768116,800.5,0.9207131161473592,0.463768115942029,0.00018197573218614756,7.525144728244834e+23,2298802.173487858,13,2025-07-22 00:00:00+00:00,1,22.437488425925928
1753192800000,213,1.0445042003427443,423.60951065419437,793629.3436295083,0.986722274553933,112,0.5258215962441315,1.176044129705039,85.0,0.39906103286384975,0.7862511970329469,15.0,0.07042253521126761,0.2089809425415189,1.0,0.004694835680751174,,,0.0,0.2903891478805832,0.6963331266733498,112,112,885.9821428571429,768.0,0.889475039151162,0.48214285714285715,0.0001658778133006262,7.431938646910779e+23,1970076.726701263,14,2025-07-22 00:00:00+00:00,1,22.479155092592592
1753196400000,170,1.0761344308256637,329.5478659175502,600247.0466677289,1.1295778739472195,96,0.5647058823529412,1.2258991082172745,58.0,0.3411764705882353,0.21257681655173932,16.0,0.09411764705882353,,,0.0,,,0.0,0.2962701318967052,0.8333077420505144,96,96,1034.53125,758.5,0.9512742626230156,0.4791666666666667,0.0001453052488408821,6.70920653501244e+23,1360917.0237804907,15,2025-07-22 00:00:00+00:00,1,22.52082175925926
1753200000000,167,1.026125081724978,300.50732624388337,555136.1588469543,0.9565898933752929,107,0.6407185628742516,1.1458112747058349,49.0,0.2934131736526946,0.6823511179093787,9.0,0.05389221556886228,3.3609287675723287,2.0,0.011976047904191617,,,0.0,0.2851105022903322,0.6714793910849607,107,107,997.1775700934579,833.0,0.9360281755584625,0.3925233644859813,0.00013861108778353147,6.609948009449309e+23,1088857.635975356,16,2025-07-22 00:00:00+00:00,1,22.562488425925928
1753203600000,214,1.195592918546293,424.76601583570095,768579.3534878945,1.2021323078080548,131,0.6121495327102804,1.4376690978918822,57.0,0.26635514018691586,0.6319389871620857,26.0,0.12149532710280374,,,0.0,,,0.0,0.39687715035111154,0.8052551574569432,131,131,962.5343511450382,733.0,0.9207715089835171,0.5419847328244275,0.00015077400171726032,6.591473068086983e+23,1569356.765512197,17,2025-07-22 00:00:00+00:00,1,22.604155092592592
1753207200000,227,1.0578519964410509,420.4561173842687,762928.6280196793,1.0147400825446065,145,0.6387665198237885,1.2812697632837176,61.0,0.2687224669603524,0.5103197494839791,18.0,0.07929515418502203,1.8839600573774213,3.0,0.013215859030837005,,,0.0,0.19972531011113578,0.8150147724334705,145,145,807.5655172413793,656.0,0.8499822709667116,0.6275862068965518,0.0001743028990082286,6.746605653650851e+23,1413129.8888390525,18,2025-07-22 00:00:00+00:00,1,22.64582175925926
1753210800000,154,1.2664561139656108,323.4200120923789,563991.5946612163,1.197122279436087,96,0.6233766233766234,1.4759085965494347,47.0,0.3051948051948052,1.0960208745455515,9.0,0.05844155844155844,0.4393054080531521,2.0,0.012987012987012988,,,0.0,0.26432698653673387,0.9327952928993531,96,96,1045.1770833333333,736.0,0.9403774196298652,0.5208333333333334,0.00014156028545720545,6.537951925871351e+23,1251301.800552582,19,2025-07-22 00:00:00+00:00,1,22.687488425925928
1753214400000,155,0.9276200149206604,264.97864278668,473368.6904865007,1.0769511216594636,97,0.6258064516129033,0.7804538180840054,41.0,0.2645161290322581,0.4304845276641281,17.0,0.10967741935483871,,,0.0,,,0.0,0.3097268978120763,0.7672242238473873,97,97,1032.2680412371135,784.0,0.9472745312765458,0.4639175257731959,0.00014028429138276336,6.55418124339987e+23,974550.2537394392,20,2025-07-22 00:00:00+00:00,1,22.729155092592592
1753218000000,73,0.7659256918766789,108.79928901691657,206178.8857292934,0.7655350773604915,47,0.6438356164383562,0.8030244143949773,18.0,0.2465753424657534,0.5210756285833146,7.0,0.0958904109589041,1.830458011861662,1.0,0.0136986301369863,,,0.0,0.2034505395962997,0.5620845377641919,47,47,970.0212765957447,689.0,0.8840511188963392,0.574468085106383,8.225332339044509e-05,6.956507617876507e+23,411812.52545533725,21,2025-07-22 00:00:00+00:00,1,22.77082175925926
1753221600000,84,0.8790160120872744,130.18400213133924,234757.35592800434,0.8725538386820452,52,0.6190476190476191,0.9099735962482473,26.0,0.30952380952380953,0.23204862228632264,5.0,0.05952380952380952,3.644988789978658,1.0,0.011904761904761904,,,0.0,0.24775537852840007,0.624798460153645,52,52,1035.423076923077,711.0,0.9057775545233253,0.5769230769230769,0.00010298319905375438,6.651765661993403e+23,417747.87021907815,22,2025-07-22 00:00:00+00:00,1,22.812488425925928
1753225200000,99,0.8152746644068213,157.0120701046845,300134.81897231634,0.8117158170777884,59,0.5959595959595959,0.8380398358780135,30.0,0.30303030303030304,0.26121785546988324,6.0,0.06060606060606061,1.5281140898815204,4.0,0.04040404040404041,,,0.0,0.23398860691129245,0.577727210166496,59,59,927.0847457627119,714.0,0.9094770416839734,0.5254237288135594,9.588066889778033e-05,6.68521780120125e+23,577605.9474524383,23,2025-07-22 00:00:00+00:00,1,22.854155092592592
1753228800000,117,1.200646865094665,258.1998851632042,443283.22499656666,1.1646281702713746,63,0.5384615384615384,1.4250170599315097,43.0,0.36752136752136755,0.469202279478644,9.0,0.07692307692307693,0.8027771983082399,2.0,0.017094017094017096,,,0.0,0.3090984884898937,0.8555296817814809,63,63,1054.095238095238,704.0,0.930698700742534,0.5396825396825397,0.00014659766893218663,6.685812726788488e+23,947508.9506337981,0,2025-07-23 00:00:00+00:00,1,22.89582175925926
1753232400000,116,0.8355288008428287,169.23453267896807,310748.8147609117,0.9712455324010543,63,0.5431034482758621,0.6995569899579202,43.0,0.3706896551724138,0.44057738597336626,9.0,0.07758620689655173,1.6867253145508343,1.0,0.008620689655172414,,,0.0,0.29716315904364565,0.6740823733574085,63,63,1032.6349206349207,784.0,0.9582229476559556,0.49206349206349204,0.00010473188180710022,6.682878078522569e+23,656199.4466096292,1,2025-07-23 00:00:00+00:00,1,22.937488425925928
1753236000000,163,1.0824260345025651,313.39464916563367,561098.4342610615,0.9705011203711029,105,0.6441717791411042,1.2340908068033631,39.0,0.2392638036809816,0.7538818200982992,14.0,0.08588957055214724,3.169787807648987,5.0,0.03067484662576687,,,0.0,0.32425279231808424,0.6462483280530187,105,105,1103.0857142857142,790.0,0.9766695242942561,0.4380952380952381,0.0001576084011573591,6.729994559800046e+23,1112371.089897285,2,2025-07-23 00:00:00+00:00,1,22.979155092592592
1753239600000,116,1.1673707559825692,255.3488512592163,420728.7098219849,1.2339724336614721,80,0.6896551724137931,1.1073198238796949,27.0,0.23275862068965517,0.7075486431650597,7.0,0.0603448275862069,0.9233686270765418,2.0,0.017241379310344827,,,0.0,0.2946921409014607,0.9392802927600113,80,80,1079.775,804.5,0.9633912294101634,0.4625,0.00012217675119731165,6.720137599425587e+23,700957.2694408933,3,2025-07-23 00:00:00+00:00,1,23.02082175925926
1753243200000,77,0.8405831137257908,114.5022557337453,217323.3193563621,0.9447085247510622,53,0.6883116883116883,0.6233616090938295,21.0,0.2727272727272727,0.5215847180363948,3.0,0.03896103896103896,,,0.0,,,0.0,0.25089979892067443,0.6938087258303876,53,53,1287.6037735849056,827.0,1.0134778418564916,0.4716981132075472,8.891794710035369e-05,6.685132084779692e+23,443699.4050320743,4,2025-07-23 00:00:00+00:00,1,23.062488425925928
1753246800000,88,1.0106697273921226,144.0717301458983,267351.0570305609,1.0884645816870389,57,0.6477272727272727,0.9364734669237195,28.0,0.3181818181818182,0.22506592682714366,3.0,0.03409090909090909,,,0.0,,,0.0,0.3458612901576848,0.7426032915293539,57,57,1086.4561403508771,800.0,0.9745648542568174,0.47368421052631576,0.00010373866942092076,6.708086660746271e+23,649134.2095174765,5,2025-07-23 00:00:00+00:00,1,23.104155092592592
1753250400000,84,1.006928960634449,150.12941350042226,266227.30056962033,1.1449335251409922,59,0.7023809523809523,0.7751120368325953,21.0,0.25,0.1884004841226682,4.0,0.047619047619047616,,,0.0,,,0.0,0.38266415270124354,0.7622693724397485,59,59,1156.915254237288,777.0,0.9920030786818551,0.4915254237288136,8.509126955023347e-05,6.798757844445874e+23,636065.1932105568,6,2025-07-23 00:00:00+00:00,1,23.14582175925926
1753254000000,78,1.172782496237038,152.96533155645827,273459.6001028054,1.1263579729304807,52,0.6666666666666666,1.2219930723033718,22.0,0.28205128205128205,0.3280222013274424,3.0,0.038461538461538464,5.038505919447438,1.0,0.01282051282051282,,,0.0,0.35291503687787756,0.7734429360526032,52,52,1400.4423076923076,866.0,1.0753208098246898,0.34615384615384615,0.00011283532617322055,6.68032200021805e+23,583067.1740529153,7,2025-07-23 00:00:00+00:00,1,23.187488425925928
1753257600000,100,0.9422128849497712,171.18938360268447,317674.0211178496,0.9063560009106871,66,0.66,1.0468864834844667,30.0,0.3,0.7487994825844435,4.0,0.04,,,0.0,,,0.0,0.23159488507949882,0.6747611158311883,66,66,1325.090909090909,774.5,1.028843526274408,0.48484848484848486,9.628112701885889e-05,7.399114520328293e+23,539887.3285162288,8,2025-07-23 00:00:00+00:00,1,23.229155092592592
1753261200000,131,0.8213036305761623,198.12204229992128,375228.47038605454,0.8348831809818696,93,0.7099236641221374,0.8903812697980543,30.0,0.22900763358778625,0.404400210027721,8.0,0.061068702290076333,,,0.0,,,0.0,0.41443037972775926,0.42045280125411033,93,93,1444.978494623656,803.0,1.0541488359720388,0.45161290322580644,0.0001153098626030256,6.951025922147223e+23,669213.7433488672,9,2025-07-23 00:00:00+00:00,1,23.27082175925926
1753264800000,103,0.9579654408513357,221.79748461971025,411114.1433381065,0.8652163848313987,66,0.6407766990291263,1.2517511173599827,30.0,0.2912621359223301,0.5599209916880794,6.0,0.05825242718446602,0.6540995378873137,1.0,0.009708737864077669,,,0.0,0.4195660560729495,0.44565032875844923,66,66,1663.378787878788,727.0,1.1019223502695017,0.5303030303030303,0.00012062838472753531,8.316011529042407e+23,734668.2278388295,10,2025-07-23 00:00:00+00:00,1,23.312488425925928
1753268400000,80,1.208472275388746,166.0113739792719,281816.4578865346,1.2808907725473335,48,0.6,0.7301786874388381,22.0,0.275,0.6654159645976864,5.0,0.0625,3.1608028004369615,5.0,0.0625,,,0.0,0.33859869318466695,0.9422920793626665,48,48,1722.25,928.5,1.1276057307426213,0.3333333333333333,9.10104505164487e-05,7.037034534475683e+23,559571.8965079932,11,2025-07-23 00:00:00+00:00,1,23.354155092592592
1753272000000,128,0.953317658139055,217.7988372946382,406559.64104645397,0.8607241047673035,80,0.625,1.2107016340485854,37.0,0.2890625,0.7609792182379169,11.0,0.0859375,,,0.0,,,0.0,0.29892481350575917,0.5617992912615444,80,80,1285.7,841.5,1.0308666804071176,0.425,0.00012098778791840885,6.863152840811251e+23,889810.7961416993,12,2025-07-23 00:00:00+00:00,1,23.39582175925926
1753275600000,215,1.5782750949195663,532.6689783643204,945588.3252160962,1.5613424300107563,108,0.5023255813953489,1.8923879874772516,81.0,0.3767441860465116,0.4716227876489239,23.0,0.10697674418604651,2.191137288320807,3.0,0.013953488372093023,,,0.0,0.6228520475105646,0.9384903825001916,108,108,868.0462962962963,727.5,0.8540747716301444,0.5555555555555556,0.00021681529375210186,6.051497414642696e+23,2481780.93812029,13,2025-07-23 00:00:00+00:00,1,23.437488425925928
1753279200000,199,1.295861837967879,470.0330896945969,853082.9507834146,1.2664071884770431,112,0.5628140703517588,1.333070955072036,63.0,0.3165829145728643,0.6546570942216254,18.0,0.09045226130653267,3.3786004634419284,6.0,0.03015075376884422,,,0.0,0.5352629807411758,0.7311442077358672,112,112,807.0982142857143,688.5,0.8596284945717684,0.5803571428571429,0.00018426191116530926,7.574856929087073e+23,1863097.1012119728,14,2025-07-23 00:00:00+00:00,1,23.479155092592592
1753282800000,136,1.0421939058712697,341.7926253604579,645003.7264146679,0.9884418201076811,92,0.6764705882352942,1.3707583311175542,30.0,0.22058823529411764,0.7060116210453455,13.0,0.09558823529411764,0.5008227414699017,1.0,0.007352941176470588,,,0.0,0.2516668087531347,0.7367750113545464,92,92,843.9565217391304,687.0,0.8425738739300378,0.5652173913043478,0.00017300782226133298,9.016629240981502e+23,1575549.6682612104,15,2025-07-23 00:00:00+00:00,1,23.52082175925926
1753286400000,213,1.1262418004050525,692.5010728739629,1281511.898449916,1.113526820727871,129,0.6056338028169014,1.2428868190980338,69.0,0.323943661971831,0.4008534507591195,14.0,0.06572769953051644,4.873404783988793,1.0,0.004694835680751174,,,0.0,0.408057848299701,0.7054689724281701,129,129,843.1937984496124,725.0,0.8660112125655507,0.5503875968992248,0.00017556792148949488,1.1619853158484667e+24,2727399.277027388,16,2025-07-23 00:00:00+00:00,1,23.562488425925928
1753290000000,236,1.1626115421953098,679.995672199134,1252751.0155265233,1.1195516497659146,126,0.5338983050847458,1.371165958289708,85.0,0.3601694915254237,0.6115049987344757,23.0,0.09745762711864407,1.3495473310348771,2.0,0.00847457627118644,,,0.0,0.4797928824664879,0.6397587672994268,126,126,759.2222222222222,687.0,0.8277337973785375,0.5873015873015873,0.00019711486948723075,9.91636490826375e+23,2749959.0160378064,17,2025-07-23 00:00:00+00:00,1,23.604155092592592
1753293600000,171,0.8594219056078136,556.184153861144,1032508.6490654029,0.8932525141290278,107,0.6257309941520468,0.9627406079697423,46.0,0.26900584795321636,0.29528668691131565,16.0,0.0935672514619883,1.1862359449704751,2.0,0.011695906432748537,,,0.0,0.26640716753305527,0.6268453465959725,107,107,845.7570093457944,682.0,0.8584298493960657,0.6261682242990654,0.00012447466025636153,1.5551941760177222e+24,2194915.214057786,18,2025-07-23 00:00:00+00:00,1,23.64582175925926
1753297200000,153,0.8204297631988671,465.961106586131,873267.5275350596,0.8604777190984425,94,0.6143790849673203,0.8745182653185232,46.0,0.3006535947712418,0.33946215150161446,13.0,0.08496732026143791,,,0.0,,,0.0,0.41811039740193007,0.4423673216965125,94,94,645.7659574468086,584.5,0.7742446620058624,0.6595744680851063,0.000149239509921473,1.5177622523270932e+24,1982253.4657446642,19,2025-07-23 00:00:00+00:00,1,23.687488425925928
1753300800000,225,1.1234142258045972,676.1879072837988,1253214.5520136696,1.2228721114684384,131,0.5822222222222222,1.1110151397645773,76.0,0.3377777777777778,0.4665534290342833,17.0,0.07555555555555556,0.20339528797819628,1.0,0.0044444444444444444,,,0.0,0.3334896821248014,0.8893824293436371,131,131,883.4732824427481,723.0,0.8894075152787084,0.5343511450381679,0.00018578281020496638,1.0461277151530245e+24,2761703.082066623,20,2025-07-23 00:00:00+00:00,1,23.729155092592592
1753304400000,219,1.2145592566205548,526.8560925366273,936277.2630398924,1.2889478949551296,111,0.5068493150684932,1.1153598212696916,86.0,0.3926940639269406,0.6971409317136955,20.0,0.091324200913242,6.525748798207336,2.0,0.0091324200913242,,,0.0,0.45595674103005956,0.8329911539250701,111,111,823.981981981982,699.0,0.8638285674604566,0.5585585585585585,0.00021359565501606403,8.833269863001491e+23,2234704.72844027,21,2025-07-23 00:00:00+00:00,1,23.77082175925926
1753308000000,114,0.7529529922082261,235.13652851532467,444226.1176702299,0.7537960349148735,65,0.5701754385964912,0.8312748602459975,38.0,0.3333333333333333,0.4774049229930091,11.0,0.09649122807017543,,,0.0,,,0.0,0.30418685077047236,0.449609184144401,65,65,1526.9538461538461,771.0,1.0094416535901614,0.47692307692307695,0.00012582774442209275,1.1782525443781144e+24,946953.2519166279,22,2025-07-23 00:00:00+00:00,1,23.812488425925928
1753311600000,81,0.6520349277101575,104.64474801322355,203480.59622952554,0.7209108500396487,59,0.7283950617283951,0.5607596373069186,15.0,0.18518518518518517,0.26709920465424314,7.0,0.08641975308641975,,,0.0,,,0.0,0.2806135339104674,0.4402973161291812,59,59,2249.0677966101694,1007.0,1.2427125294734405,0.4067796610169492,8.403987277710264e-05,6.947429024016506e+23,338850.58944336296,23,2025-07-23 00:00:00+00:00,1,23.854155092592592
1753315200000,107,0.7879835766210376,219.45050479269406,415572.0303971208,0.7802090626762636,65,0.6074766355140186,0.8781482129802612,31.0,0.2897196261682243,0.5798235474641638,11.0,0.102803738317757,,,0.0,,,0.0,0.24787903016819493,0.5323300325080685,65,65,1225.6307692307691,767.0,0.9519259177893724,0.49230769230769234,0.00011393718449444554,9.33009983722267e+23,775213.6038920695,0,2025-07-24 00:00:00+00:00,1,23.89582175925926
1753318800000,110,0.7973524956639321,144.7899647413747,267789.73909681296,0.7928251505417546,81,0.7363636363636363,0.5084329766427741,20.0,0.18181818181818182,1.1594244674891458,6.0,0.05454545454545454,2.121576997120016,3.0,0.02727272727272727,,,0.0,0.21513855392200334,0.5776865966197513,81,81,1693.7654320987654,806.0,1.1010372178650063,0.4444444444444444,9.778333379741245e-05,6.441203392513932e+23,479914.3121615874,1,2025-07-24 00:00:00+00:00,1,23.937488425925928
1753322400000,75,1.0509522372437747,186.35348631508307,234395.59365751833,0.6883084575449165,55,0.7333333333333333,1.0506173229692244,15.0,0.2,0.2084166120874852,4.0,0.05333333333333334,24.37152633542439,1.0,0.013333333333333334,,,0.0,0.2560427540037797,0.4322657035411368,55,55,1463.709090909091,831.0,1.0689707713083323,0.43636363636363634,7.749434214392356e-05,6.795180799465755e+23,585707.6918409126,2,2025-07-24 00:00:00+00:00,1,23.979155092592592
1753326000000,93,0.8375007482883126,150.35027673070775,284668.4264369476,0.86024401159333,71,0.7634408602150538,0.7675863558433644,18.0,0.1935483870967742,0.7484225906265228,4.0,0.043010752688172046,,,0.0,,,0.0,0.1939946160973107,0.6662493954960192,71,71,1013.3802816901408,747.0,0.9324180204487166,0.5070422535211268,9.771804699697077e-05,7.151148876056524e+23,486580.7084714094,3,2025-07-24 00:00:00+00:00,1,24.02082175925926
1753329600000,164,1.0858264595445095,354.3676534222273,639939.3386931523,1.0250882545192925,121,0.7378048780487805,1.3518351265181203,30.0,0.18292682926829268,1.073482889637586,12.0,0.07317073170731707,0.6030120972705432,1.0,0.006097560975609756,,,0.0,0.31969377753833156,0.7053944769809608,121,121,1064.7438016528927,784.0,0.9570995529911224,0.4793388429752066,0.000134774156358617,7.598224056256823e+23,1014683.1819355382,4,2025-07-24 00:00:00+00:00,1,24.062488425925928
1753333200000,193,1.061360364083062,471.97355119099046,877941.2045953033,1.118741075965907,112,0.5803108808290155,1.0647151888975923,65.0,0.33678756476683935,0.6460664050941161,16.0,0.08290155440414508,,,0.0,,,0.0,0.3957281916324325,0.7230128843334745,112,112,1040.4732142857142,736.5,0.9549679334238752,0.5089285714285714,0.0001447568805330686,9.410373483815174e+23,1798907.8802084122,5,2025-07-24 00:00:00+00:00,1,24.104155092592592
1753336800000,205,1.1663251384358626,493.6588782002659,787441.4107003211,1.0808878375733946,112,0.5463414634146342,1.5065981993752484,66.0,0.32195121951219513,0.6710517670641382,26.0,0.12682926829268293,1.1543884686976469,1.0,0.004878048780487805,,,0.0,0.286927239265043,0.7939605983083515,112,112,912.2857142857143,736.0,0.8991587429007897,0.5089285714285714,0.00017843716154950542,7.647261499042589e+23,1795264.7506122992,6,2025-07-24 00:00:00+00:00,1,24.14582175925926
1753340400000,221,1.0663840063659977,437.55852845847437,809277.7754472023,1.3003815263486078,128,0.579185520361991,0.8178075396117126,70.0,0.3167420814479638,0.5206740113671229,23.0,0.10407239819004525,,,0.0,,,0.0,0.33146923367398123,0.9689122926746264,128,128,728.6640625,679.0,0.8239081703062983,0.640625,0.00018837895717322927,7.839013352768614e+23,1733775.3400229614,7,2025-07-24 00:00:00+00:00,1,24.187488425925928
1753344000000,177,0.8974161439394143,342.829424164195,639297.8450036555,0.9557307464250946,96,0.5423728813559322,0.8728460760684809,62.0,0.3502824858757062,0.641897046624061,17.0,0.096045197740113,1.0318996558061944,2.0,0.011299435028248588,,,0.0,0.3165471988421072,0.6391835475829873,96,96,868.96875,728.0,0.8586565913141055,0.59375,0.0001566600661989437,7.950362244402087e+23,1269339.347592885,8,2025-07-24 00:00:00+00:00,1,24.229155092592592
1753347600000,138,0.8076765537913395,221.35572346392595,416086.2406236572,0.746377144286828,81,0.5869565217391305,0.9757151869695468,49.0,0.35507246376811596,0.39909644680799927,8.0,0.057971014492753624,,,0.0,,,0.0,0.24784930415178721,0.4985278401350407,81,81,836.8888888888889,751.0,0.8717177269098509,0.49382716049382713,0.00013499755423545984,7.735499881316716e+23,840000.7427807096,9,2025-07-24 00:00:00+00:00,1,24.27082175925926
1753351200000,203,1.0435789389178989,476.65113090827475,851139.9960497752,1.1039928503723444,128,0.6305418719211823,1.0114055114190323,50.0,0.24630541871921183,0.8041008755424043,24.0,0.11822660098522167,0.6667431687040802,1.0,0.0049261083743842365,,,0.0,0.33678199378736706,0.7672108565849773,128,128,930.6796875,683.5,0.9038078953742753,0.5703125,0.00017646760234328777,8.785659052676364e+23,1694954.4175641676,10,2025-07-24 00:00:00+00:00,1,24.312488425925928
1753354800000,115,0.8464619847118564,190.51026880574793,355070.3546461376,0.9400970951395958,60,0.5217391304347826,0.8445988607588317,40.0,0.34782608695652173,0.33413510704922467,13.0,0.11304347826086956,1.4047958557472695,2.0,0.017391304347826087,,,0.0,0.2194239289370761,0.7206731662025198,60,60,959.6,710.5,0.9055094243327079,0.5166666666666667,0.0001076944599164287,7.441718104687749e+23,875762.7276636615,11,2025-07-24 00:00:00+00:00,1,24.354155092592592
1753358400000,162,0.8784223709934592,278.6168031389228,519749.7708872059,0.9043792743685098,99,0.6111111111111112,0.8980341304021866,49.0,0.30246913580246915,0.6262288249107695,14.0,0.08641975308641975,,,0.0,,,0.0,0.29654676143685416,0.6078325129316556,99,99,808.2020202020202,784.0,0.8655422231014528,0.47474747474747475,0.00013841085843469163,7.525777318189437e+23,1115457.1695860375,12,2025-07-24 00:00:00+00:00,1,24.39582175925926
1753362000000,237,1.0005148136192352,459.91842315548485,842625.7950991713,0.9218933455123374,142,0.5991561181434599,1.1491171030507559,70.0,0.29535864978902954,1.030998342058158,25.0,0.10548523206751055,,,0.0,,,0.0,0.2885253448646822,0.6333680006476552,142,142,737.7887323943662,673.5,0.8269659987608053,0.5915492957746479,0.00017440350644335752,7.447721124359989e+23,1708238.57890523,13,2025-07-24 00:00:00+00:00,1,24.437488425925928
1753365600000,331,1.1216453673791507,753.5670470408459,1398131.1615671704,1.0533022687467746,210,0.6344410876132931,1.1726506126692597,83.0,0.25075528700906347,1.2638487014894506,36.0,0.10876132930513595,3.6212930302537183,2.0,0.006042296072507553,,,0.0,0.39650074075944824,0.6568015279873264,210,210,722.4047619047619,690.5,0.8191855484564625,0.6047619047619047,0.00019896957371004018,7.653317740490902e+23,2831305.5208812244,14,2025-07-24 00:00:00+00:00,1,24.479155092592592
1753369200000,264,1.1652046888857572,624.9197923215688,1120881.127273415,1.0779628646007313,150,0.5681818181818182,1.3152840926232792,94.0,0.3560606060606061,1.0934952142933156,18.0,0.06818181818181818,1.2999948059311306,2.0,0.007575757575757576,,,0.0,0.39737135381039834,0.6805915107903331,150,150,675.8533333333334,613.5,0.7764154599081967,0.6866666666666666,0.00019550295765701867,7.692367590887487e+23,2581797.181638176,15,2025-07-24 00:00:00+00:00,1,24.52082175925926
1753372800000,222,1.0459024255732101,470.5833868808972,868075.1566190353,0.9732858446126086,127,0.5720720720720721,1.0999950502965694,76.0,0.34234234234234234,1.3014647310199394,18.0,0.08108108108108109,1.5570472305531702,1.0,0.0045045045045045045,,,0.0,0.310648201812835,0.6626376427997737,127,127,857.2598425196851,727.0,0.8736569403873949,0.5275590551181102,0.000159518843269098,7.668636989021836e+23,1842022.4105134294,16,2025-07-24 00:00:00+00:00,1,24.562488425925928
1753376400000,137,0.9080183633646326,267.64504309586744,511378.5755143256,0.9052553506642996,87,0.635036496350365,0.9875871591308361,42.0,0.30656934306569344,0.24027267244542286,7.0,0.051094890510948905,2.480730882547526,1.0,0.0072992700729927005,,,0.0,0.330711905127332,0.5745434455369677,87,87,980.3563218390805,679.0,0.9150565151326767,0.5862068965517241,0.00015424236241312665,7.976772303017877e+23,1073212.402213894,17,2025-07-24 00:00:00+00:00,1,24.604155092592592
1753380000000,164,0.7982880641620925,292.01174562029234,559348.8234592653,0.744246023224194,106,0.6463414634146342,0.9794606351695756,48.0,0.2926829268292683,0.5015053572678995,10.0,0.06097560975609756,,,0.0,,,0.0,0.24128421682253062,0.5029618064016633,106,106,798.5283018867924,718.0,0.848583287307324,0.5754716981132075,0.00013574525019207094,8.048674220935842e+23,1011336.6261929475,18,2025-07-24 00:00:00+00:00,1,24.64582175925926
1753383600000,165,0.9302684083007748,336.6008405699766,628018.7745537991,0.9197389560115661,114,0.6909090909090909,1.0424848460359266,41.0,0.24848484848484848,0.6534146845473494,9.0,0.05454545454545454,0.02143553591016801,1.0,0.006060606060606061,,,0.0,0.32122091230322874,0.5985180437083373,114,114,748.719298245614,668.5,0.8211349210736925,0.5964912280701754,0.00015489340091778584,8.003323170397944e+23,1161971.6455680807,19,2025-07-24 00:00:00+00:00,1,24.687488425925928
1753387200000,142,0.9289780324844418,287.5609447715658,507588.4172358387,0.9506747715742704,96,0.676056338028169,0.8132198172507564,38.0,0.2676056338028169,0.8115220571343847,6.0,0.04225352112676056,2.4393085716628615,2.0,0.014084507042253521,,,0.0,0.23358767774993264,0.7170870938243378,96,96,700.53125,694.5,0.8142506721045812,0.59375,0.00012200745582181115,8.079681623594349e+23,858914.7402650267,20,2025-07-24 00:00:00+00:00,1,24.729155092592592
1753390800000,128,0.9573733538510927,268.3900423129257,468196.1751034185,1.0069262860623223,93,0.7265625,1.0476281390092033,23.0,0.1796875,0.4366251788278746,11.0,0.0859375,0.0013205248256030824,1.0,0.0078125,,,0.0,0.26153743039292504,0.745388855669397,93,93,822.4193548387096,682.0,0.8610980047126154,0.6344086021505376,0.00011577913188038037,8.080281155781589e+23,807880.7877863867,21,2025-07-24 00:00:00+00:00,1,24.77082175925926
1753394400000,149,1.0138175751807326,340.618978634838,599134.2092442287,1.0838627310578552,111,0.7449664429530202,0.8448799489947815,33.0,0.2214765100671141,0.5277795855360189,4.0,0.026845637583892617,0.7578988955353515,1.0,0.006711409395973154,,,0.0,0.3650493758904414,0.7188133551674137,111,111,960.981981981982,697.0,0.8576259964028061,0.5945945945945946,0.00014728734872455101,8.095333684043729e+23,1000353.1289225485,22,2025-07-24 00:00:00+00:00,1,24.812488425925928
1753398000000,182,0.9010330062745326,343.56557277386656,636568.7080242025,0.9504826419600012,120,0.6593406593406593,0.9008117317305636,46.0,0.25274725274725274,0.5307969029474295,16.0,0.08791208791208792,,,0.0,,,0.0,0.31584732275843413,0.6346353192015671,120,120,1042.7583333333334,789.0,0.9263160869444748,0.475,0.00013443769816188616,8.350128317688193e+23,1120930.7999071782,23,2025-07-24 00:00:00+00:00,1,24.854155092592592
1753401600000,165,1.0197637171040321,414.0423064856493,756203.9440132874,1.0221544361258816,100,0.6060606060606061,1.0750928032322626,55.0,0.3333333333333333,0.691546553180271,10.0,0.06060606060606061,,,0.0,,,0.0,0.3290859632239561,0.6930684729019254,100,100,813.45,682.0,0.8585242841679878,0.56,0.00015563627355212275,9.47070374225141e+23,1584498.6079637094,0,2025-07-25 00:00:00+00:00,1,24.89582175925926
1753405200000,227,0.995465296105507,592.2353292370989,1081340.510900258,1.0221492911280905,116,0.5110132158590308,1.001756350170961,87.0,0.3832599118942731,0.6531198158540743,17.0,0.07488986784140969,1.3064950158141033,7.0,0.030837004405286344,,,0.0,0.3918462997929958,0.6303029913350947,116,116,792.3189655172414,711.0,0.8355263205264836,0.5603448275862069,0.00015726944054160564,9.665944464938923e+23,2418412.4950695336,1,2025-07-25 00:00:00+00:00,1,24.937488425925928
1753408800000,214,1.0430770261118696,589.2283277623898,1102479.0361535526,0.9955968985000336,139,0.6495327102803738,1.1521636211602557,57.0,0.26635514018691586,1.0642882383500476,18.0,0.08411214953271028,,,0.0,,,0.0,0.5175713200647892,0.47802557843524435,139,139,698.5539568345324,640.0,0.7996560394043217,0.6115107913669064,0.00019182265156237772,9.583764157410347e+23,2167488.430181613,2,2025-07-25 00:00:00+00:00,1,24.979155092592592
1753412400000,272,0.9390286819789991,591.0618924680862,1110815.5975557265,0.9450745990325481,158,0.5808823529411765,0.954155212181949,90.0,0.33088235294117646,0.84250190644874,24.0,0.08823529411764706,,,0.0,,,0.0,0.32682388727844075,0.6182507117541074,158,158,782.0696202531645,638.0,0.8334200302796373,0.6329113924050633,0.0002069598339756259,8.598012246855412e+23,2570058.9996583047,3,2025-07-25 00:00:00+00:00,1,25.02082175925926
1753416000000,233,1.1052259611828905,563.5286288794151,1007924.2135894578,1.0644543234871213,138,0.592274678111588,1.2531037436508299,72.0,0.3090128755364807,0.8869340335448269,23.0,0.09871244635193133,,,0.0,,,0.0,0.2507063620528356,0.8137479614342856,138,138,845.4492753623189,708.0,0.8603422865340351,0.5217391304347826,0.00016295879510536707,9.015315200670176e+23,2183773.5175826624,4,2025-07-25 00:00:00+00:00,1,25.062488425925928
1753419600000,159,0.7383964669938569,323.5428144778094,625079.5336881485,0.7844421116339475,94,0.5911949685534591,0.6185940404820822,46.0,0.2893081761006289,0.8006396787503358,19.0,0.11949685534591195,,,0.0,,,0.0,0.3222897003405173,0.4621524112934301,94,94,1173.1382978723404,724.0,0.9502510678959255,0.5425531914893617,0.00014079730708332837,9.83343864217146e+23,1362898.2711841455,5,2025-07-25 00:00:00+00:00,1,25.104155092592592
1753423200000,194,0.8750783151179325,420.00019986599375,761508.0266631149,0.8660518798580434,126,0.6494845360824743,0.9867905793732274,54.0,0.27835051546391754,0.5321768014777044,13.0,0.06701030927835051,0.43766656540101134,1.0,0.005154639175257732,,,0.0,0.2833857851862574,0.5826660946717861,126,126,925.7301587301587,740.0,0.9020969298744913,0.5158730158730159,0.00014412522505329267,9.44770494918965e+23,1374875.5726312066,6,2025-07-25 00:00:00+00:00,1,25.14582175925926
1753426800000,238,1.0206958803135622,615.5139887918076,1129941.707915026,0.9687571995462719,135,0.5672268907563025,1.2368832310565367,72.0,0.3025210084033613,0.7447679012842086,31.0,0.13025210084033614,,,0.0,,,0.0,0.31246705392583046,0.6562901456204413,135,135,844.8740740740741,692.0,0.8587036951798912,0.5259259259259259,0.00020978297001054283,9.616007715306177e+23,2558187.062990341,7,2025-07-25 00:00:00+00:00,1,25.187488425925928
1753430400000,282,0.9272751098743769,682.5566938516897,1286592.6836297116,0.9461360153885561,160,0.5673758865248227,1.0105499598760692,91.0,0.32269503546099293,0.5303430336645278,29.0,0.10283687943262411,1.3849120987058416,2.0,0.0070921985815602835,,,0.0,0.32971133897583427,0.6164246764127218,160,160,738.93125,665.5,0.8247297271663385,0.59375,0.00017701278630804544,9.920436730862133e+23,2523788.21506755,8,2025-07-25 00:00:00+00:00,1,25.229155092592592
1753434000000,271,0.9706901832903025,646.8180258358552,1199556.952467732,0.8943418977002451,174,0.6420664206642066,1.148245180489824,74.0,0.2730627306273063,0.79051388521833,22.0,0.08118081180811808,5.080100640779133,1.0,0.0036900369003690036,,,0.0,0.28626374362579354,0.6080781540744515,174,174,602.8563218390805,577.5,0.7432120873585359,0.7471264367816092,0.00021312908178234695,8.856326171253051e+23,2501008.3906478845,9,2025-07-25 00:00:00+00:00,1,25.27082175925926
1753437600000,160,1.0407731749089615,376.5497403687372,666140.066331968,0.9795171159171346,112,0.7,1.365712344472245,32.0,0.2,0.5218606972688512,14.0,0.0875,2.9044731089195075,2.0,0.0125,,,0.0,0.31548913628496006,0.6640279796321745,112,112,1000.2232142857143,649.0,0.8893953583475742,0.6160714285714286,0.00012120713757306032,8.278688167896099e+23,1340493.7981573476,10,2025-07-25 00:00:00+00:00,1,25.312488425925928
1753441200000,107,0.7298813416954891,176.94187623013195,335092.1486281006,0.8254256334620514,65,0.6074766355140186,0.6605929774920498,33.0,0.308411214953271,0.2938965699051493,9.0,0.08411214953271028,,,0.0,,,0.0,0.39444642186455314,0.4309792115974982,65,65,701.1692307692308,648.0,0.8051209653150349,0.6153846153846154,0.00010851566998047965,8.295227093492761e+23,723342.7292222879,11,2025-07-25 00:00:00+00:00,1,25.354155092592592
1753444800000,179,1.0835055221483056,461.6348560386233,805223.580686543,1.1981773370389246,122,0.6815642458100558,0.9634260345535761,40.0,0.22346368715083798,0.5561731206623526,16.0,0.0893854748603352,0.3340420330572068,1.0,0.00558659217877095,,,0.0,0.247591122443471,0.9505862145954536,122,122,970.9672131147541,738.5,0.9011671190591796,0.5081967213114754,0.00013359852802091664,8.600516577207607e+23,1400391.0270103912,12,2025-07-25 00:00:00+00:00,1,25.39582175925926
1753448400000,198,1.1392195518175958,557.7478347952961,975276.0113271525,1.0357970322267471,108,0.5454545454545454,1.3920292027655254,74.0,0.37373737373737376,0.6149796418771823,15.0,0.07575757575757576,1.4645361465887063,1.0,0.005050505050505051,,,0.0,0.3357087738377846,0.7000882583889625,108,108,765.6388888888889,643.0,0.8193063495173637,0.6851851851851852,0.00019172993737414813,9.177072146866509e+23,1982068.0615985729,13,2025-07-25 00:00:00+00:00,1,25.437488425925928
1753452000000,244,1.0382795641251643,645.8662212834571,1190693.845626144,1.0183237640859533,146,0.5983606557377049,1.1795561467809816,71.0,0.29098360655737704,0.7291827245376385,26.0,0.10655737704918032,1.9577068305626266,1.0,0.004098360655737705,,,0.0,0.31331907710946155,0.7050046869764917,146,146,814.6712328767123,712.0,0.8602444715347449,0.6027397260273972,0.00018974245909032472,9.664275713115012e+23,2918898.7677565236,14,2025-07-25 00:00:00+00:00,1,25.479155092592592
1753455600000,225,0.9135756070198731,512.816538771819,983464.743126241,0.8746074116796242,142,0.6311111111111111,1.0274654718560738,66.0,0.29333333333333333,0.7969139987331728,17.0,0.07555555555555556,,,0.0,,,0.0,0.4547557096412523,0.4198517020383719,142,142,782.7816901408451,661.5,0.8413376562151099,0.5845070422535211,0.00015531006565411978,9.560584113831425e+23,2106597.0817790846,15,2025-07-25 00:00:00+00:00,1,25.52082175925926
1753459200000,184,0.7520118222369006,382.3858576620927,738796.1808880923,0.7276771034776398,107,0.5815217391304348,0.9173778321540049,57.0,0.30978260869565216,0.4109094393351985,20.0,0.10869565217391304,,,0.0,,,0.0,0.21872855366564242,0.5089485498119973,107,107,830.3644859813085,712.0,0.8634457828679544,0.5794392523364486,0.0001429388569563847,9.908631736039162e+23,1389847.6746072816,16,2025-07-25 00:00:00+00:00,1,25.562488425925928
1753462800000,168,0.8497210511974399,375.15031929140713,705271.6056797637,0.7724661608610459,96,0.5714285714285714,1.0408851826227588,57.0,0.3392857142857143,0.6177286499341504,15.0,0.08928571428571429,,,0.0,,,0.0,0.24522857269644796,0.5272375881645979,96,96,834.125,695.5,0.8723594891335344,0.6041666666666666,0.0001475171241179094,1.0306698588955478e+24,1324592.3240871504,17,2025-07-25 00:00:00+00:00,1,25.604155092592592
1753466400000,116,0.7317514332883012,237.8354595751181,440410.5243350727,0.7153061950617295,82,0.7068965517241379,0.7180225671375426,29.0,0.25,0.7455702648206984,4.0,0.034482758620689655,2.4231227601095906,1.0,0.008620689655172414,,,0.0,0.2142106088518871,0.5010955862098424,82,82,697.280487804878,707.0,0.8046797013061814,0.5853658536585366,9.635719437308372e-05,1.0141152055524063e+24,733838.7718062162,18,2025-07-25 00:00:00+00:00,1,25.64582175925926
1753470000000,120,0.6809491669327823,237.09967466099718,459090.34298922494,0.6679019982898426,80,0.6666666666666666,0.5796198210443596,34.0,0.2833333333333333,1.429111042206374,6.0,0.05,,,0.0,,,0.0,0.14927125096741034,0.5186307473224322,80,80,897.3375,695.0,0.8876340804568468,0.575,0.0001056673994542055,1.0104402804759797e+24,805255.838113045,19,2025-07-25 00:00:00+00:00,1,25.687488425925928
1753473600000,127,0.7677032948698521,287.41823933725016,546646.9309871731,0.7686629196935209,84,0.6614173228346457,0.8307344224428952,34.0,0.2677165354330709,0.5206292034618945,9.0,0.07086614173228346,,,0.0,,,0.0,0.34921720540799345,0.41944571428552735,84,84,883.7142857142857,608.0,0.8329317522973896,0.6904761904761905,0.00010784810974176198,9.725386145089073e+23,968453.9962083132,20,2025-07-25 00:00:00+00:00,1,25.729155092592592
1753477200000,144,1.108453700876221,356.83032200722795,606800.9787203965,1.0845347464732762,85,0.5902777777777778,1.210105944561182,49.0,0.3402777777777778,0.8136688192449437,10.0,0.06944444444444445,,,0.0,,,0.0,0.32372161569628816,0.760813130776988,85,85,881.1647058823529,660.0,0.8692740119302895,0.5882352941176471,0.0001413998736497158,8.417836859455506e+23,1328246.4456223415,21,2025-07-25 00:00:00+00:00,1,25.77082175925926
1753480800000,83,0.7896570656149493,134.45673729784357,248102.98664986025,0.8121287829739504,55,0.6626506024096386,0.6419257763537021,17.0,0.20481927710843373,0.5034120036767663,10.0,0.12048192771084337,4.927595147692925,1.0,0.012048192771084338,,,0.0,0.38911681361741257,0.4230119693565379,55,55,801.9818181818182,684.0,0.8602537941870481,0.5818181818181818,9.047906563649697e-05,8.272952045589669e+23,501974.35760216526,22,2025-07-25 00:00:00+00:00,1,25.812488425925928
1753484400000,77,0.6115508152560594,106.34062631415617,205399.22373592973,0.6759996348755878,52,0.6753246753246753,0.4965124599120296,19.0,0.24675324675324675,0.4172825038095728,6.0,0.07792207792207792,,,0.0,,,0.0,0.2319000343752406,0.4440996005003473,52,52,1573.25,806.0,1.0842096784682567,0.46153846153846156,8.26431820551319e-05,8.363709526418452e+23,392164.17986749235,23,2025-07-25 00:00:00+00:00,1,25.854155092592592
1753488000000,99,0.592042565167394,136.95070472855465,263028.8508945169,0.6359410701655493,70,0.7070707070707071,0.5097268579868144,19.0,0.1919191919191919,0.44115287382340707,10.0,0.10101010101010101,,,0.0,,,0.0,0.18154827053878583,0.45439279962676354,70,70,1256.2,683.5,0.944404573250562,0.6,7.973319574825088e-05,8.338213370617294e+23,462396.36454562086,0,2025-07-26 00:00:00+00:00,1,25.89582175925926
1753491600000,69,0.8871266865998496,165.70533405104672,256550.64413423816,0.9736102378144589,36,0.5217391304347826,0.8888923496834299,27.0,0.391304347826087,0.2713442150675859,5.0,0.07246376811594203,0.8049582972785617,1.0,0.014492753623188406,,,0.0,0.3028571698391738,0.6707530679752851,36,36,697.75,592.0,0.7822882542224017,0.6666666666666666,7.019205118669649e-05,8.41131505837765e+23,657092.0671299587,1,2025-07-26 00:00:00+00:00,1,25.937488425925928
1753495200000,127,1.0770865036303323,308.41869539186877,539095.5857242491,0.9946050985519074,82,0.6456692913385826,1.2843734248418242,32.0,0.25196850393700787,0.428475834519916,11.0,0.08661417322834646,4.70959205256916,2.0,0.015748031496062992,,,0.0,0.40294380675648955,0.5916612917954179,82,82,1566.2682926829268,684.5,1.0233475977861626,0.573170731707317,0.00016914713716488774,7.960024000409301e+23,1098427.066796916,2,2025-07-26 00:00:00+00:00,1,25.979155092592592
1753498800000,58,0.7669249733183213,107.97161592591056,195377.09037911706,0.879464061509428,36,0.6206896551724138,0.6314840533639866,17.0,0.29310344827586204,0.37761059424379784,4.0,0.06896551724137931,0.5752709539602651,1.0,0.017241379310344827,,,0.0,0.30177989059188437,0.5776841709175436,36,36,831.5555555555555,762.0,0.8655083723981708,0.5,7.034285298215695e-05,8.279798917025165e+23,342062.6710889944,3,2025-07-26 00:00:00+00:00,1,26.02082175925926
1753502400000,48,0.6766151184639336,76.31518990643006,148316.06303223618,0.7851538557899054,32,0.6666666666666666,0.5171869127917013,12.0,0.25,0.2865898368728569,4.0,0.08333333333333333,,,0.0,,,0.0,0.42661941879289667,0.35853443699700865,32,32,1639.59375,918.5,1.0759171547233035,0.375,6.259003161933457e-05,8.147854390819942e+23,256357.3591257969,4,2025-07-26 00:00:00+00:00,1,26.062488425925928
1753506000000,74,0.5289287606904164,97.87594952895513,189598.52603542872,0.5371574601294553,45,0.6081081081081081,0.6231650726508503,19.0,0.25675675675675674,0.3128506204899172,10.0,0.13513513513513514,,,0.0,,,0.0,0.22306934034428344,0.3140881197851719,45,45,1594.5111111111112,864.0,1.0240973200004002,0.4666666666666667,5.565144817528656e-05,8.052600005800406e+23,451400.1379319113,5,2025-07-26 00:00:00+00:00,1,26.104155092592592
1753509600000,64,0.8068631579684046,128.00691705346551,215246.88767634568,0.929690912317302,43,0.671875,0.57218869577894,16.0,0.25,0.5722367072413846,4.0,0.0625,0.21856691890532065,1.0,0.015625,,,0.0,0.2520997490164454,0.6775911633008567,43,43,990.7906976744187,810.0,0.9362340591263459,0.4186046511627907,6.46377262126431e-05,8.385948424355882e+23,409102.0070155348,6,2025-07-26 00:00:00+00:00,1,26.14582175925926
1753513200000,31,0.5339103493466612,46.669073046190235,92783.03243550683,0.5420870632399976,22,0.7096774193548387,0.4694451865210102,8.0,0.25806451612903225,0.8697439462984667,1.0,0.03225806451612903,,,0.0,,,0.0,0.17178412241258245,0.3703029408274151,22,22,2119.3636363636365,901.5,1.222569858421,0.4090909090909091,4.272939518536561e-05,8.726972231952995e+23,149832.5442356832,7,2025-07-26 00:00:00+00:00,1,26.187488425925928
1753516800000,63,1.19975495394498,167.80386936747695,288408.2154869945,1.0701732553456968,39,0.6190476190476191,1.5952465660544157,19.0,0.30158730158730157,0.8570140016652358,3.0,0.047619047619047616,0.48353919001098855,2.0,0.031746031746031744,,,0.0,0.5599313280438251,0.5102419273018717,39,39,918.6666666666666,709.0,0.8863862094682514,0.5641025641025641,0.00010729395715146692,6.907398644771277e+23,503074.2963202328,8,2025-07-26 00:00:00+00:00,1,26.229155092592592
1753520400000,55,0.7398690370557104,101.10688290999849,168674.61812397404,0.824653398685066,42,0.7636363636363637,0.31028665740322176,12.0,0.21818181818181817,2.333914404452635,1.0,0.01818181818181818,,,0.0,,,0.0,0.25254600620715983,0.5721073924779063,42,42,1308.6666666666667,705.5,1.0193542812792917,0.5238095238095238,6.797845990233482e-05,6.950805800291564e+23,303263.6194287285,9,2025-07-26 00:00:00+00:00,1,26.27082175925926
1753524000000,98,0.7756480112505157,148.48337916349266,285192.245532413,0.6959509003575007,66,0.673469387755102,0.9542048279050876,26.0,0.2653061224489796,0.8785700255705359,6.0,0.061224489795918366,,,0.0,,,0.0,0.22845642304245872,0.467494477315042,66,66,1539.378787878788,864.0,1.0860673570127755,0.3939393939393939,0.00010562101163909702,6.893730103550357e+23,557052.7957376523,10,2025-07-26 00:00:00+00:00,1,26.312488425925928
1753527600000,101,0.9022978575119059,233.21558598803801,417411.4821415047,0.86259373154313,69,0.6831683168316832,0.5905899571617229,22.0,0.21782178217821782,2.100745901023331,8.0,0.07920792079207921,0.9070849332409914,2.0,0.019801980198019802,,,0.0,0.26855444513126764,0.5940392864118623,69,69,889.5217391304348,685.0,0.883040985270589,0.6086956521739131,0.0001041775032853259,8.983156915284333e+23,814750.1958496096,11,2025-07-26 00:00:00+00:00,1,26.354155092592592
1753531200000,55,0.9688581723274765,153.16592939447088,274869.77043555735,1.1227257792650644,40,0.7272727272727273,0.5753898401202415,13.0,0.23636363636363636,0.44905019292274406,2.0,0.03636363636363636,,,0.0,,,0.0,0.3647439627319825,0.757981816533082,40,40,932.2,617.0,0.8719568331684757,0.625,7.197017904062979e-05,9.891876069574911e+23,465528.8765056123,12,2025-07-26 00:00:00+00:00,1,26.39582175925926
1753534800000,70,0.5470525383615504,97.37321689631092,190865.6709806981,0.6026961828972496,52,0.7428571428571429,0.3391952883382979,15.0,0.21428571428571427,0.621848949859028,3.0,0.04285714285714286,,,0.0,,,0.0,0.30711186028604853,0.29558432261120104,52,52,1481.423076923077,721.5,1.0735389021730701,0.5576923076923077,7.004110693439937e-05,8.777971268013906e+23,345897.3687885519,13,2025-07-26 00:00:00+00:00,1,26.437488425925928
1753538400000,69,0.7673905572258035,172.88213191059518,339889.2950569328,0.6956751496376015,54,0.782608695652174,1.2058749089643113,12.0,0.17391304347826086,0.3043304868594098,3.0,0.043478260869565216,,,0.0,,,0.0,0.28960232152848503,0.4060728281091163,54,54,775.574074074074,655.0,0.8089462371649978,0.6666666666666666,8.952643515073601e-05,1.0420707165458426e+24,642642.8995289132,14,2025-07-26 00:00:00+00:00,1,26.479155092592592
1753542000000,83,0.6243305457689661,154.07592893258018,299110.29692228127,0.6818653165618791,66,0.7951807228915663,0.3151778152334325,14.0,0.1686746987951807,0.8012783308240371,3.0,0.03614457831325301,,,0.0,,,0.0,0.27363784441314476,0.40822747214873434,66,66,961.3484848484849,693.5,0.8905989099224926,0.6212121212121212,7.085864425973396e-05,1.0747791826682238e+24,605643.2909019028,15,2025-07-26 00:00:00+00:00,1,26.52082175925926
1753545600000,79,0.7425613444601422,187.88272329567718,357413.2292167534,0.8217726289429963,51,0.6455696202531646,0.5602155641003014,20.0,0.25316455696202533,0.6934538567815495,8.0,0.10126582278481013,,,0.0,,,0.0,0.3649013389503941,0.4568712899926022,51,51,948.5686274509804,806.0,0.9156526060665175,0.47058823529411764,8.5272374385595e-05,1.0740754283420896e+24,574334.7619412055,16,2025-07-26 00:00:00+00:00,1,26.562488425925928
1753549200000,50,0.5781241889946597,88.08568721010528,168790.31883073843,0.5438833419823997,39,0.78,1.000139544598231,7.0,0.14,0.17344557505794433,4.0,0.08,,,0.0,,,0.0,0.2247334048919147,0.31914993709048506,39,39,884.8717948717949,633.0,0.8734624726435707,0.6153846153846154,6.223692426551522e-05,1.0768310362414566e+24,289904.5975506505,17,2025-07-26 00:00:00+00:00,1,26.604155092592592
1753552800000,92,0.9032751792597665,257.7801910088632,450680.69190083613,0.8615853559558916,71,0.7717391304347826,1.407673227528073,15.0,0.16304347826086957,0.09612437799922258,5.0,0.05434782608695652,0.33303591611300465,1.0,0.010869565217391304,,,0.0,0.34214249631077137,0.5194428596451202,71,71,776.2394366197183,684.0,0.8394035627738484,0.5774647887323944,9.50435887741833e-05,9.858469829872645e+23,784123.1746696607,18,2025-07-26 00:00:00+00:00,1,26.64582175925926
1753556400000,59,0.7900066931780639,106.50574888764982,199879.8613850214,0.8620221452257678,44,0.7457627118644068,0.5801375001139167,12.0,0.2033898305084746,0.5732568354016631,3.0,0.05084745762711865,,,0.0,,,0.0,0.48161643279469113,0.3804057124310765,44,44,1196.590909090909,742.5,0.969365459065984,0.5227272727272727,6.720261436315212e-05,8.673148157602742e+23,372954.317994144,19,2025-07-26 00:00:00+00:00,1,26.687488425925928
1753560000000,46,0.8177851671179551,92.5762530048781,173515.1338572423,0.8676891654032804,36,0.782608695652174,0.759074313484515,7.0,0.15217391304347827,0.22468785073448838,2.0,0.043478260869565216,0.6184118370472546,1.0,0.021739130434782608,,,0.0,0.30992098318234906,0.5577681822209315,36,36,1533.75,763.5,1.0534724541128007,0.5,4.786499453288865e-05,9.300839375653046e+23,297085.51324072864,20,2025-07-26 00:00:00+00:00,1,26.729155092592592
1753563600000,27,1.3463878982091866,78.35550043426564,125397.84734196903,1.658391813995555,14,0.5185185185185185,1.010383681208482,13.0,0.48148148148148145,,,0.0,,,0.0,,,0.0,0.31527864760176044,1.3431131663937943,14,14,1018.8571428571429,732.0,0.9430145443592866,0.5714285714285714,5.650911953040423e-05,8.571295864304935e+23,217536.99358668242,21,2025-07-26 00:00:00+00:00,1,26.77082175925926
1753567200000,147,1.22795592344271,351.4831145211795,613594.0291613112,1.1734819225297808,101,0.6870748299319728,1.133657292440668,34.0,0.23129251700680273,1.9536248856323182,12.0,0.08163265306122448,,,0.0,,,0.0,0.3636553532796306,0.8098265692501501,101,101,927.1584158415842,720.0,0.9016475010323611,0.5742574257425742,0.00015520213623117799,7.323547481335355e+23,1057497.8431376733,22,2025-07-26 00:00:00+00:00,1,26.812488425925928
1753570800000,63,0.7798250362529383,117.44675891298792,217225.5049650335,0.7057012775370464,39,0.6190476190476191,1.0237752417836576,20.0,0.31746031746031744,0.25965760132233534,3.0,0.047619047619047616,0.3521498203501493,1.0,0.015873015873015872,,,0.0,0.26535107760817694,0.4403501999288694,39,39,1652.4358974358975,861.0,1.1029874184863797,0.4358974358974359,6.226150195102486e-05,9.064137872458186e+23,376395.172181557,23,2025-07-26 00:00:00+00:00,1,26.854155092592592
1753574400000,90,0.8634638764622061,202.1036719104644,382403.1411605365,0.8528625460456472,55,0.6111111111111112,0.8412743886056734,27.0,0.3,0.7447932298532177,6.0,0.06666666666666667,1.8105704888077323,2.0,0.022222222222222223,,,0.0,0.2247235078313595,0.6281390382142875,55,55,1611.090909090909,784.0,1.0984914334935265,0.45454545454545453,7.587833299002117e-05,9.659716325293994e+23,713889.0541340094,0,2025-07-27 00:00:00+00:00,1,26.89582175925926
1753578000000,105,1.063342604097011,215.5747135798636,364121.57932266087,0.7370051585976483,57,0.5428571428571428,1.264956250782474,39.0,0.37142857142857144,1.9986852785404174,5.0,0.047619047619047616,2.5787398042254095,4.0,0.0380952380952381,,,0.0,0.17090216820666448,0.5661029903909838,57,57,1201.4561403508771,746.0,0.9773314208184701,0.5087719298245614,8.05667675795452e-05,7.012528399332314e+23,1227708.9851725001,1,2025-07-27 00:00:00+00:00,1,26.937488425925928
1753581600000,68,0.9114108494985361,109.04115916366214,202826.27079826512,0.8613526419920975,41,0.6029411764705882,0.9063999752397012,16.0,0.23529411764705882,0.6861197207842827,8.0,0.11764705882352941,2.223040691371659,3.0,0.04411764705882353,,,0.0,0.24974278407948988,0.6116098579126076,41,41,2129.170731707317,744.0,1.1716842697803609,0.5121951219512195,0.0001027205697377557,6.927403644810308e+23,463707.1987319494,2,2025-07-27 00:00:00+00:00,1,26.979155092592592
1753585200000,54,0.4555899991694912,57.67193171200753,116384.88968878843,0.40713995113283846,38,0.7037037037037037,0.6737993093903558,13.0,0.24074074074074073,0.12371693001001371,3.0,0.05555555555555555,,,0.0,,,0.0,0.26149930534648475,0.14564064578635372,38,38,1292.578947368421,667.0,0.9527680798964853,0.5,6.454919228430243e-05,6.893326596143816e+23,234518.3334938914,3,2025-07-27 00:00:00+00:00,1,27.02082175925926
1753588800000,80,0.6097775775127006,94.80294879780466,181214.0469799342,0.6669217212452259,65,0.8125,0.3498634130616001,11.0,0.1375,0.39594919409969165,4.0,0.05,,,0.0,,,0.0,0.2219205646933001,0.44500115655192574,65,65,1931.9538461538461,865.0,1.1803298091509842,0.4,7.369824195265299e-05,6.946722777802564e+23,287192.84727487457,4,2025-07-27 00:00:00+00:00,1,27.062488425925928
1753592400000,93,1.1166650366125543,188.28617109495184,345018.45477119565,1.3265882978279508,60,0.6451612903225806,0.9596173767998417,20.0,0.21505376344086022,0.3894002307148972,13.0,0.13978494623655913,,,0.0,,,0.0,0.5591540344029909,0.7674342634249598,60,60,935.5166666666667,706.0,0.895356966627083,0.55,8.904425780504964e-05,6.560428885566169e+23,590588.3219311796,5,2025-07-27 00:00:00+00:00,1,27.104155092592592
1753596000000,37,1.0108824454521628,66.34939404513459,118091.85537626134,1.1131720672055996,22,0.5945945945945946,0.898858513623817,14.0,0.3783783783783784,0.32884581247339273,1.0,0.02702702702702703,,,0.0,,,0.0,0.1677983946273925,0.9453736725782071,22,22,3192.4545454545455,902.0,1.4728758491826464,0.36363636363636365,7.026125287116827e-05,6.799826691682683e+23,275106.6247148597,6,2025-07-27 00:00:00+00:00,1,27.14582175925926
1753599600000,53,0.5943402770680766,59.01839113127438,114671.87695442059,0.5791016966287112,36,0.6792452830188679,0.6313493221659311,12.0,0.22641509433962265,0.7226561370085637,4.0,0.07547169811320754,0.18555719194901943,1.0,0.018867924528301886,,,0.0,0.14613897045552213,0.4329627261731892,36,36,2336.1666666666665,1023.0,1.2690250099629758,0.3888888888888889,7.259063667845957e-05,6.816494843607357e+23,241771.6767450142,7,2025-07-27 00:00:00+00:00,1,27.187488425925928
1753603200000,51,0.4278729728895371,53.01955885429927,106260.35432727427,0.48341200470977413,32,0.6274509803921569,0.3247536729989635,16.0,0.3137254901960784,0.18842150890264076,2.0,0.0392156862745098,0.7794356808649193,1.0,0.0196078431372549,,,0.0,0.35861498819994303,0.1247970165098311,32,32,986.8125,728.0,0.9320785374000278,0.53125,5.631223332595723e-05,7.09197268271675e+23,208734.96618003974,8,2025-07-27 00:00:00+00:00,1,27.229155092592592
1753606800000,59,0.9506817180234909,106.57062311602914,175995.5387268645,1.089916072917785,38,0.6440677966101694,0.5453396412088201,17.0,0.288135593220339,1.3506591729900475,4.0,0.06779661016949153,,,0.0,,,0.0,0.15016875366328838,0.9397473192544966,38,38,1942.421052631579,1007.5,1.1997011536885767,0.39473684210526316,7.020925854498909e-05,7.075025386969279e+23,270727.17944882467,9,2025-07-27 00:00:00+00:00,1,27.27082175925926
1753610400000,134,1.2234572821573575,299.7134851389179,541078.3118425843,1.3907043894652833,83,0.6194029850746269,1.0640121096406798,34.0,0.2537313432835821,0.6325993334667422,16.0,0.11940298507462686,2.2168104202163796,1.0,0.007462686567164179,,,0.0,0.4209025556679104,0.969801833797373,83,83,869.5542168674699,673.0,0.8629143738873286,0.6867469879518072,0.00013524073417276586,6.462003823532984e+23,1022730.2373696126,10,2025-07-27 00:00:00+00:00,1,27.312488425925928
1753614000000,143,0.8142333017710641,198.79965819045483,374412.08846170234,0.914103386061485,86,0.6013986013986014,0.6478109496626069,42.0,0.2937062937062937,0.580334530946862,14.0,0.0979020979020979,2.4897276328889095,1.0,0.006993006993006993,,,0.0,0.34022310760074914,0.5738802784607359,86,86,862.9302325581396,661.0,0.852374397224169,0.6046511627906976,0.00010767079196123249,6.432876985541262e+23,689394.7798753688,11,2025-07-27 00:00:00+00:00,1,27.354155092592592
1753617600000,117,0.9370817045158305,191.03756554977267,341198.3043581341,0.9628904127831432,71,0.6068376068376068,1.0487026122161172,31.0,0.26495726495726496,0.48933075135627796,13.0,0.1111111111111111,1.2011296872088728,2.0,0.017094017094017096,,,0.0,0.3838244853103156,0.5790659274728277,71,71,1220.4929577464789,767.0,1.000616765802936,0.49295774647887325,0.00010883846370369039,6.467424375985854e+23,688232.3136790952,12,2025-07-27 00:00:00+00:00,1,27.39582175925926
1753621200000,66,0.6069108271153495,79.66888689865831,158942.7290471905,0.6912049953055333,38,0.5757575757575758,0.5769040024182944,17.0,0.25757575757575757,0.36208697517198174,11.0,0.16666666666666666,,,0.0,,,0.0,0.5789192551040557,0.11228574020147758,38,38,1482.1842105263158,874.5,1.0618900725668086,0.3684210526315789,7.691349832865792e-05,6.686300739248833e+23,283001.0805021468,13,2025-07-27 00:00:00+00:00,1,27.437488425925928
1753624800000,118,0.8336388855326262,173.54601206182156,332521.40223986725,0.8235322293764823,69,0.5847457627118644,0.8572508873242818,35.0,0.2966101694915254,0.6495242185950848,12.0,0.1016949152542373,1.8737964931908646,2.0,0.01694915254237288,,,0.0,0.3680338479041002,0.45549838147238214,69,69,1388.623188405797,882.0,1.0719803743865175,0.37681159420289856,0.00010396229919205068,6.758237605511979e+23,697617.900841,14,2025-07-27 00:00:00+00:00,1,27.479155092592592
1753628400000,119,0.696459581017595,157.26429062429958,303296.2058973178,0.7380274877974732,77,0.6470588235294118,0.6086500056623125,28.0,0.23529411764705882,0.4526908591749171,9.0,0.07563025210084033,0.9868311379138728,5.0,0.04201680672268908,,,0.0,0.29636811845175487,0.44165936934571826,77,77,1169.8181818181818,746.0,0.9871577711830101,0.5064935064935064,9.52155195267548e-05,6.619294501606613e+23,606376.2831902765,15,2025-07-27 00:00:00+00:00,1,27.52082175925926
1753632000000,138,0.9866564632549377,227.88072797771633,420382.06913355517,1.0631496000841132,78,0.5652173913043478,0.8995118137581457,41.0,0.2971014492753623,0.7990705626670739,17.0,0.12318840579710146,1.3843695965981606,2.0,0.014492753623188406,,,0.0,0.3224073648315087,0.7407422352526045,78,78,1046.7179487179487,732.0,0.9514755553961141,0.5128205128205128,0.00011792080134320624,6.469905171774809e+23,1030843.6486279574,16,2025-07-27 00:00:00+00:00,1,27.562488425925928
1753635600000,117,0.8045925219148794,175.34832580775063,325440.0730819322,0.777141730144111,73,0.6239316239316239,0.8531987266357184,36.0,0.3076923076923077,0.2813519896083293,6.0,0.05128205128205128,2.5013563334924704,2.0,0.017094017094017096,,,0.0,0.2072232117197571,0.5699185184243539,73,73,1107.7534246575342,790.0,0.9684587342332421,0.4657534246575342,0.00010866085732677325,6.721618297855804e+23,655344.5668826768,17,2025-07-27 00:00:00+00:00,1,27.604155092592592
1753639200000,174,0.7847219594323136,231.04829000037464,425116.60862205015,0.7237947638555848,96,0.5517241379310345,0.9409197880252311,64.0,0.367816091954023,0.4884612269622584,14.0,0.08045977011494253,,,0.0,,,0.0,0.30996407295265804,0.4138306909029268,96,96,903.40625,700.5,0.8616346778726859,0.5520833333333334,0.00014690447797082644,6.332302925603351e+23,1021067.5096364479,18,2025-07-27 00:00:00+00:00,1,27.64582175925926
1753642800000,92,0.9272634291032447,139.56572001103038,252873.3040684228,0.8872841632687927,61,0.6630434782608695,1.2646371216874763,21.0,0.22826086956521738,0.49088702741864737,9.0,0.09782608695652174,0.2085387158973261,1.0,0.010869565217391304,,,0.0,0.2787819947556886,0.608502168513104,61,61,1692.6065573770493,787.0,1.081740851792466,0.4918032786885246,9.149390308378099e-05,6.445772090059924e+23,439697.3019320424,19,2025-07-27 00:00:00+00:00,1,27.687488425925928
1753646400000,60,0.718184621484749,75.45683297917336,145560.3759605326,0.7718164537853385,31,0.5166666666666667,0.5369638001803061,21.0,0.35,0.6944267791084586,7.0,0.11666666666666667,3.0275399641938083,1.0,0.016666666666666666,,,0.0,0.25437080018194136,0.5174456536033971,31,31,1431.3870967741937,774.0,1.034752266097567,0.4838709677419355,7.565573981972854e-05,6.474800435524552e+23,300687.4574038744,20,2025-07-27 00:00:00+00:00,1,27.729155092592592
1753650000000,90,0.827049320470845,123.60301445679625,223526.86808637352,0.7884227409226614,59,0.6555555555555556,0.7637733029256318,27.0,0.3,1.8239044872367427,4.0,0.044444444444444446,,,0.0,,,0.0,0.2630928232398691,0.5253299176827922,59,59,3197.4406779661017,840.0,1.323431902916574,0.4576271186440678,8.417703989763805e-05,6.505218769842475e+23,397234.2598158565,21,2025-07-27 00:00:00+00:00,1,27.77082175925926
1753653600000,188,0.9738848692800748,287.1625718717623,517202.02074461005,0.9970429567189102,99,0.526595744680851,0.970619916776264,72.0,0.3829787234042553,0.5361264351183602,13.0,0.06914893617021277,1.8822062612630686,4.0,0.02127659574468085,,,0.0,0.22350064866974004,0.77354230804917,99,99,908.6969696969697,695.0,0.8710761417559613,0.5757575757575758,0.0001387574589475173,6.15906395565676e+23,1046945.4843548554,22,2025-07-27 00:00:00+00:00,1,27.812488425925928
1753657200000,146,0.8625093733037513,210.0617399578362,392435.4684527519,0.9640921582513329,110,0.7534246575342466,0.610896709074802,29.0,0.19863013698630136,0.3086037902188337,7.0,0.04794520547945205,,,0.0,,,0.0,0.20555514395329674,0.758537014298036,110,110,1058.6545454545455,738.5,0.9363587084150717,0.5272727272727272,0.0001174625951496595,6.145023705526509e+23,644465.6895469395,23,2025-07-27 00:00:00+00:00,1,27.854155092592592
1753660800000,192,0.8171392736989258,426.34410246698155,803994.2997092607,0.8305083013588633,97,0.5052083333333334,0.7917053150394964,72.0,0.375,0.7129142008161576,19.0,0.09895833333333333,1.4458207050083205,4.0,0.020833333333333332,,,0.0,0.3613558967850706,0.46915240457379276,97,97,905.3711340206186,712.0,0.8925334327135739,0.5876288659793815,0.00012148526823296367,1.1015315291423775e+24,1933309.9788731458,0,2025-07-28 00:00:00+00:00,1,27.89582175925926
1753664400000,100,0.8459987096448062,424.66572608195423,799396.2725222724,0.7298579320570597,54,0.54,0.9965445426146026,34.0,0.34,1.000266899264856,11.0,0.11,0.30209229258948855,1.0,0.01,,,0.0,0.2765966539088361,0.45326127814822365,54,54,1144.4444444444443,837.5,0.9820290194893604,0.4444444444444444,9.085197887044981e-05,1.905043157675781e+24,2607842.049101635,1,2025-07-28 00:00:00+00:00,1,27.937488425925928
1753668000000,145,0.9890939167317546,445.624258192488,794852.7173584836,1.0517421767172042,82,0.5655172413793104,1.0551817452425043,44.0,0.30344827586206896,0.5819503487345803,18.0,0.12413793103448276,0.2726563674010406,1.0,0.006896551724137931,,,0.0,0.29243740401753826,0.7593047726996657,82,82,1024.5,661.0,0.8894706969898926,0.6707317073170732,0.00015733436668675298,1.1120365488217652e+24,1657365.6407428475,2,2025-07-28 00:00:00+00:00,1,27.979155092592592
1753671600000,86,0.6307693572098991,179.92335500958006,339668.22460992174,0.6275680771042343,59,0.686046511627907,0.6439438929117846,22.0,0.2558139534883721,0.04155684927842784,4.0,0.046511627906976744,2.886655129728526,1.0,0.011627906976744186,,,0.0,0.28730672783149186,0.3402613492727425,59,59,796.4915254237288,634.0,0.8161527349451784,0.6610169491525424,7.364874361471483e-05,1.2822898478245126e+24,687137.847806973,3,2025-07-28 00:00:00+00:00,1,28.02082175925926
1753675200000,111,0.6519301905916202,263.6841470094753,519537.946811462,0.7499089557239229,67,0.6036036036036037,0.48196841376443783,37.0,0.3333333333333333,0.6598388594956509,6.0,0.05405405405405406,0.3284866559089038,1.0,0.009009009009009009,,,0.0,0.2856330063604272,0.4642759493634957,67,67,1305.955223880597,720.0,0.9897721982236315,0.5373134328358209,9.204481594192479e-05,1.1770121693422208e+24,999304.4303180758,4,2025-07-28 00:00:00+00:00,1,28.062488425925928
1753678800000,146,0.9767133146171021,190.46211903354057,342533.31011210853,0.9486792770124807,87,0.5958904109589042,1.1306888696129336,43.0,0.2945205479452055,0.4377822122639703,14.0,0.0958904109589041,2.65823723447967,2.0,0.0136986301369863,,,0.0,0.3733083809921324,0.5753708960203483,87,87,952.6896551724138,725.0,0.9114594892427548,0.5287356321839081,0.00011960919461072516,4.715340937288157e+23,834204.4674361876,5,2025-07-28 00:00:00+00:00,1,28.104155092592592
1753682400000,81,0.9465641292895849,177.7625790507314,320210.2375373903,1.0386171351595526,49,0.6049382716049383,0.7234730084954638,19.0,0.2345679012345679,0.5088817458789654,11.0,0.13580246913580246,3.2178842417779396,2.0,0.024691358024691357,,,0.0,0.47403811549747626,0.5645790196620762,49,49,1145.9795918367347,759.0,0.991096927926276,0.4897959183673469,8.021010484944815e-05,8.169479192634549e+23,562470.8015796746,6,2025-07-28 00:00:00+00:00,1,28.14582175925926
1753686000000,106,0.9439339676106653,175.2014515593175,327351.9643576186,0.9875199241454621,66,0.6226415094339622,0.9187085613242989,31.0,0.29245283018867924,0.6784504518946065,8.0,0.07547169811320754,0.9731165569198995,1.0,0.009433962264150943,,,0.0,0.2726135495269458,0.7149063746185164,66,66,1211.939393939394,777.5,1.0055557685061485,0.45454545454545453,9.840951104228996e-05,6.459188354213629e+23,772999.064337549,7,2025-07-28 00:00:00+00:00,1,28.187488425925928
1753689600000,106,0.784455614692702,157.748204397143,292380.8356790239,0.8063926936671013,70,0.660377358490566,0.4941513196494505,26.0,0.24528301886792453,1.5028080990010069,9.0,0.08490566037735849,0.33159939883454104,1.0,0.009433962264150943,,,0.0,0.26508162530492363,0.5413110683621777,70,70,1137.7857142857142,772.5,0.9798288182130623,0.4857142857142857,9.526735222590531e-05,6.607267689629235e+23,530598.7977678833,8,2025-07-28 00:00:00+00:00,1,28.229155092592592
1753693200000,89,0.7607266925826603,112.17267136398766,219611.2088085642,0.8568621329397766,56,0.6292134831460674,0.5549273838850776,20.0,0.2247191011235955,0.7001360803505633,12.0,0.1348314606741573,0.22021555332097253,1.0,0.011235955056179775,,,0.0,0.2594680304735614,0.5973941024662152,56,56,1706.767857142857,919.0,1.1441430549428486,0.35714285714285715,8.366281185245851e-05,5.860631776808625e+23,495700.0703477887,9,2025-07-28 00:00:00+00:00,1,28.27082175925926
1753696800000,66,0.6058885007267208,75.91049214902367,149956.2183289246,0.7215358906115528,46,0.696969696969697,0.4122124451243535,15.0,0.22727272727272727,0.12296068059336906,5.0,0.07575757575757576,,,0.0,,,0.0,0.2833195586999208,0.43821633191163195,46,46,1386.4347826086957,805.0,1.0112106053841357,0.43478260869565216,6.919218917627633e-05,6.091894716732399e+23,310118.9156374953,10,2025-07-28 00:00:00+00:00,1,28.312488425925928
1753700400000,69,0.9606753077890354,101.15544666322202,186349.59334885838,1.081936395518058,38,0.5507246376811594,1.0731164650022689,19.0,0.2753623188405797,0.3986500310595116,12.0,0.17391304347826086,,,0.0,,,0.0,0.30522498091563244,0.7767114146024255,38,38,1141.6842105263158,728.0,0.9597593454169093,0.5526315789473685,8.349039048678389e-05,5.506152359501698e+23,352675.13758278586,11,2025-07-28 00:00:00+00:00,1,28.354155092592592
1753704000000,90,0.5940332701027964,119.17320733023135,228329.85907813092,0.5784122907004658,44,0.4888888888888889,0.6715427567613721,37.0,0.4111111111111111,0.35175239091782246,9.0,0.1,,,0.0,,,0.0,0.23942968115937877,0.3389826095410871,44,44,876.3181818181819,717.0,0.8934907723717264,0.5909090909090909,9.34663801524964e-05,7.342682863772286e+23,489232.6672020878,12,2025-07-28 00:00:00+00:00,1,28.39582175925926
1753707600000,203,1.2307914572263987,503.2577684918394,909554.0441358887,1.3423523889694167,124,0.6108374384236454,1.0520532215913025,62.0,0.3054187192118227,0.9199319500170913,15.0,0.07389162561576355,2.186345297917063,2.0,0.009852216748768473,,,0.0,0.3692355344037156,0.9731168545657011,124,124,822.4758064516129,712.5,0.8711865014809245,0.5564516129032258,0.00015512268311655393,7.232127450354462e+23,1709516.366534,13,2025-07-28 00:00:00+00:00,1,28.437488425925928
1753711200000,220,1.3701886034300925,437.41332955104264,804402.717843961,1.415881942867303,143,0.65,1.3391644058404932,52.0,0.23636363636363636,1.1733530328356157,25.0,0.11363636363636363,,,0.0,,,0.0,0.4770186003635903,0.9388633425037127,143,143,878.2307692307693,751.0,0.8933959644233459,0.4965034965034965,0.00019609389547003755,5.596878950788491e+23,1603475.3590020088,14,2025-07-28 00:00:00+00:00,1,28.479155092592592
1753714800000,162,1.0286393527947744,254.31054917669022,489703.01133266237,1.116998306031968,95,0.5864197530864198,0.9937179715624066,50.0,0.30864197530864196,0.6375786765644801,17.0,0.10493827160493827,,,0.0,,,0.0,0.3108282911870143,0.8061700148449535,95,95,1058.6421052631579,769.0,0.9592325441552573,0.47368421052631576,0.00013706247583056763,5.729731849619655e+23,948229.2413946786,15,2025-07-28 00:00:00+00:00,1,28.52082175925926
1753718400000,152,0.9684833437487789,228.1724134499644,431050.74518166896,1.0309547610043603,90,0.5921052631578947,0.8602193477060329,46.0,0.3026315789473684,0.8407255700837489,14.0,0.09210526315789473,1.5416458918859943,2.0,0.013157894736842105,,,0.0,0.2559131295553241,0.7750416314490362,90,90,891.0666666666667,778.5,0.9003970954360158,0.4666666666666667,0.0001194454388919821,5.7041115880387345e+23,721103.5806739494,16,2025-07-28 00:00:00+00:00,1,28.562488425925928
1753722000000,151,0.8226454158804823,189.52817557741648,362548.89412805485,0.8253046260111443,101,0.6688741721854304,0.8591607427537786,41.0,0.271523178807947,0.6166882200039957,8.0,0.052980132450331126,0.7045943578903912,1.0,0.006622516556291391,,,0.0,0.23263685990391977,0.5926677661072244,101,101,1053.3069306930693,820.0,0.9572794796008143,0.46534653465346537,0.00012473453972616552,5.48635621313566e+23,697242.5433239955,17,2025-07-28 00:00:00+00:00,1,28.604155092592592
1753725600000,214,0.9926897520188565,321.85426767957347,592432.7223973736,0.9829683408652512,136,0.6355140186915887,1.0247977692608292,60.0,0.2803738317757009,1.02279853268807,16.0,0.07476635514018691,0.4496349478511118,2.0,0.009345794392523364,,,0.0,0.310925241390738,0.6720430994745132,136,136,1038.0073529411766,741.0,0.9297211713216622,0.5220588235294118,0.0001641702892235062,5.8451984555988274e+23,1102947.0476435197,18,2025-07-28 00:00:00+00:00,1,28.64582175925926
1753729200000,148,1.0433392448457042,230.0545062050957,404216.7089875255,1.0528579569594283,87,0.5878378378378378,1.0042922722168348,49.0,0.3310810810810811,0.8299027110316051,11.0,0.07432432432432433,4.476314821721399,1.0,0.006756756756756757,,,0.0,0.26317543112782354,0.7896825258316047,87,87,1676.287356321839,887.0,1.084750229204576,0.41379310344827586,0.0001289128447997113,5.743963808432076e+23,763813.2969753688,19,2025-07-28 00:00:00+00:00,1,28.687488425925928
1753732800000,147,0.7908469941906039,191.35106354578812,371858.5977277631,0.768699609949257,100,0.6802721088435374,0.8610267254964044,40.0,0.272108843537415,0.7062111616052694,7.0,0.047619047619047616,,,0.0,,,0.0,0.2034909290565866,0.5652086808926704,100,100,939.72,792.0,0.9226274983590572,0.44,0.00012676681977755693,5.728157984673242e+23,647512.9886676039,20,2025-07-28 00:00:00+00:00,1,28.729155092592592
1753736400000,145,0.8591281908039385,185.68704935353026,350278.465142464,0.9199387262901896,102,0.7034482758620689,0.7000939837559271,36.0,0.2482758620689655,0.7909220242511962,7.0,0.04827586206896552,,,0.0,,,0.0,0.28754686250088896,0.6323918637893006,102,102,1344.686274509804,749.5,1.0294637917668348,0.5,0.00012460264068967544,5.723483457653319e+23,558317.8167366597,21,2025-07-28 00:00:00+00:00,1,28.77082175925926
1753740000000,150,0.9750915842818294,216.36781734025342,394729.2604602739,0.9329731531524578,99,0.66,1.02700743080542,40.0,0.26666666666666666,1.165372567996753,11.0,0.07333333333333333,,,0.0,,,0.0,0.2756388187630567,0.657334334389401,99,99,1135.3535353535353,784.0,0.9770662520635579,0.45454545454545453,0.0001449091957876706,5.733914113505467e+23,719568.7701240767,22,2025-07-28 00:00:00+00:00,1,28.812488425925928
1753743600000,166,0.7293680832099559,240.25369890214716,472187.44512586674,0.7346591575196537,95,0.572289156626506,0.7236071351357936,58.0,0.3493975903614458,0.7164052315853504,13.0,0.0783132530120482,,,0.0,,,0.0,0.3664419344173237,0.36821722310233007,95,95,1102.3684210526317,775.0,0.9627552962430281,0.47368421052631576,0.0001304705899323519,7.796422382863407e+23,1019330.6293833703,23,2025-07-28 00:00:00+00:00,1,28.854155092592592
1753747200000,174,1.2712880504619999,427.30799765176636,764506.5675139623,1.2371082560058042,87,0.5,1.2557411561438254,74.0,0.42528735632183906,1.6667922995458901,11.0,0.06321839080459771,1.1580708291175679,2.0,0.011494252873563218,,,0.0,0.4091497951354268,0.8279584608703773,87,87,875.9425287356322,685.0,0.8718495171163212,0.6666666666666666,0.0001809490033369416,7.601863764984153e+23,1914097.573261885,0,2025-07-29 00:00:00+00:00,1,28.89582175925926
1753750800000,137,0.6971919400648379,272.09499942452294,520227.3704392196,0.6784053357120489,81,0.5912408759124088,0.8114890162885567,40.0,0.291970802919708,0.5065564340415345,16.0,0.11678832116788321,,,0.0,,,0.0,0.23121558049632063,0.44718975521572824,81,81,1194.567901234568,706.0,0.964929430707314,0.5432098765432098,0.0001248806299993894,1.120058121841593e+24,962335.977118418,1,2025-07-29 00:00:00+00:00,1,28.937488425925928
1753754400000,184,1.0282026012945087,295.144238699695,547698.0413936434,1.0904519793232825,102,0.5543478260869565,1.0063755443857634,62.0,0.33695652173913043,0.7783946497648729,20.0,0.10869565217391304,,,0.0,,,0.0,0.29257132949169934,0.7978806498315832,102,102,1130.3431372549019,791.0,0.974983515274981,0.47058823529411764,0.00017956584059666136,6.123816297512727e+23,1144246.6056283622,2,2025-07-29 00:00:00+00:00,1,28.979155092592592
1753758000000,139,0.8736033865851449,355.8145094739953,663846.2923865067,0.980640801206279,81,0.5827338129496403,0.7880723853241606,46.0,0.33093525179856115,0.47896967605959734,12.0,0.08633093525179857,,,0.0,,,0.0,0.21306700016011385,0.767573801046165,81,81,865.3703703703703,671.0,0.8734943215525643,0.5925925925925926,0.00012895664740528962,1.2633067460586702e+24,1279197.8877705932,3,2025-07-29 00:00:00+00:00,1,29.02082175925926
1753761600000,73,0.8153466345111594,181.26473133580484,334395.59200747986,1.0048919685385669,40,0.547945205479452,0.6077566305616037,24.0,0.3287671232876712,0.5264962715881635,9.0,0.1232876712328767,,,0.0,,,0.0,0.26642697504364754,0.7384649934949195,40,40,1579.225,838.0,1.132507073655859,0.35,9.139632801993729e-05,1.1766275668389365e+24,716035.364326685,4,2025-07-29 00:00:00+00:00,1,29.062488425925928
1753765200000,80,0.7272603676936789,156.2564729727752,294044.62477158295,0.694540892397737,50,0.625,0.8602390204838859,26.0,0.325,0.27189256575660836,4.0,0.05,,,0.0,,,0.0,0.2891832320071551,0.40535766039058174,50,50,1170.18,819.0,0.9700491438518504,0.4,8.53568963711717e-05,1.1377897666879926e+24,531168.4439834958,5,2025-07-29 00:00:00+00:00,1,29.104155092592592
1753768800000,99,0.8581642600833796,151.0783188627611,263993.9925778518,0.6999646518072737,59,0.5959595959595959,1.124511680177765,30.0,0.30303030303030304,1.045134121321781,9.0,0.09090909090909091,0.5187897943964613,1.0,0.010101010101010102,,,0.0,0.3328979169956924,0.36706673481158136,59,59,1131.3389830508474,779.0,0.9832618704958905,0.4745762711864407,9.312965561011124e-05,6.441209464715238e+23,542426.9343409812,6,2025-07-29 00:00:00+00:00,1,29.14582175925926
1753772400000,99,1.2773779293417369,225.14331101157518,384722.5785544576,1.227012839971624,54,0.5454545454545454,1.2111463538329705,32.0,0.32323232323232326,1.720642711124257,9.0,0.09090909090909091,1.4898134808977215,4.0,0.04040404040404041,,,0.0,0.7452915815452091,0.48172125842641483,54,54,1334.2407407407406,727.0,0.9755862505223825,0.5,0.00013480543031231827,6.243609853026922e+23,786924.1000866129,7,2025-07-29 00:00:00+00:00,1,29.187488425925928
1753776000000,126,0.6667908108287701,152.5171426434409,295852.26537789026,0.6829391061561031,78,0.6190476190476191,0.6576328103336708,32.0,0.25396825396825395,0.6063838720982194,16.0,0.12698412698412698,,,0.0,,,0.0,0.2432488239499091,0.43969028220619405,78,78,948.7435897435897,784.0,0.9371428790288718,0.47435897435897434,0.00011159068241066943,6.796317455718702e+23,606802.2074211211,8,2025-07-29 00:00:00+00:00,1,29.229155092592592
1753779600000,63,0.6847969731178506,80.98609155476665,157460.74110321893,0.8646170616635723,39,0.6190476190476191,0.4627620843151341,16.0,0.25396825396825395,0.2522438190628905,8.0,0.12698412698412698,,,0.0,,,0.0,0.2802308776079005,0.5843861840556718,39,39,1068.2307692307693,829.0,0.9688884689345019,0.4358974358974359,8.69619048502637e-05,7.081258441339924e+23,348139.2189739797,9,2025-07-29 00:00:00+00:00,1,29.27082175925926
1753783200000,131,0.7788668585125693,174.40319776904317,328805.8620982205,0.9062945432636751,69,0.5267175572519084,0.6886065813286899,46.0,0.3511450381679389,0.4888332649270787,16.0,0.12213740458015267,,,0.0,,,0.0,0.2570492633924727,0.6492452798712023,69,69,1447.1739130434783,865.0,1.0698678356794922,0.4057971014492754,0.00011114748691487227,6.305913626608083e+23,709434.1103682133,10,2025-07-29 00:00:00+00:00,1,29.312488425925928
1753786800000,140,0.7999663741199866,187.62971659071417,351776.09237721516,0.8407435456699907,85,0.6071428571428571,0.751363644922458,39.0,0.2785714285714286,0.7018068026795654,16.0,0.11428571428571428,,,0.0,,,0.0,0.3570821736910581,0.48366137197893255,85,85,1067.0588235294117,729.0,0.9470639002434165,0.5411764705882353,0.0001076500615616368,6.389757119899904e+23,666601.6798051677,11,2025-07-29 00:00:00+00:00,1,29.354155092592592
1753790400000,141,0.909066796232747,272.23070108623375,554725.5740473614,1.0230212595374644,90,0.6382978723404256,0.6632911958514287,38.0,0.2695035460992908,0.8385722667762499,13.0,0.09219858156028368,,,0.0,,,0.0,0.28156948671238463,0.7414517728250796,90,90,942.6555555555556,694.5,0.9030835075121314,0.5444444444444444,0.00012570521393759248,6.282962313159626e+23,908307.9048346736,12,2025-07-29 00:00:00+00:00,1,29.39582175925926
1753794000000,186,0.9108681766049717,300.2368504813451,583803.2605849241,0.9345134733783997,107,0.5752688172043011,0.8891732396695543,59.0,0.3172043010752688,0.627509451294297,17.0,0.0913978494623656,2.0998857948430714,3.0,0.016129032258064516,,,0.0,0.29575677310144294,0.6387567002769567,107,107,968.2242990654206,734.0,0.9239865965559998,0.514018691588785,0.00015954219274050033,6.316793588476217e+23,1171799.9772720952,13,2025-07-29 00:00:00+00:00,1,29.437488425925928
1753797600000,247,1.0078140855210653,491.44892834201283,928516.4163348482,1.0431428516235404,139,0.562753036437247,0.9603921431573336,75.0,0.30364372469635625,1.0086551722729207,31.0,0.12550607287449392,0.3177508353852153,2.0,0.008097165991902834,,,0.0,0.36678448446704087,0.6763583671564994,139,139,834.705035971223,708.0,0.8706518129653102,0.5827338129496403,0.0001469738696745737,7.607276607379421e+23,1875907.7810080065,14,2025-07-29 00:00:00+00:00,1,29.479155092592592
1753801200000,234,0.9319434691545754,367.4015634238347,689923.0818970046,0.8672974222027157,133,0.5683760683760684,1.0245438108959457,67.0,0.2863247863247863,0.8766786086628802,32.0,0.13675213675213677,3.0130319109844583,2.0,0.008547008547008548,,,0.0,0.3457432347295671,0.5215541874731486,133,133,837.7218045112782,684.0,0.8684883405215807,0.5789473684210527,0.00016581455353446994,6.843967845304017e+23,1576546.002944356,15,2025-07-29 00:00:00+00:00,1,29.52082175925926
1753804800000,222,1.1881655286818968,360.8790456017178,641562.9063392878,1.1803110338129008,134,0.6036036036036037,1.169157459614054,65.0,0.2927927927927928,0.8857403378810238,21.0,0.0945945945945946,5.507643433018687,2.0,0.009009009009009009,,,0.0,0.25939706604572665,0.9209139677671739,134,134,980.3432835820895,796.0,0.9169228638875264,0.44029850746268656,0.0001549382201231824,5.4200086153390526e+23,1247942.2823753057,16,2025-07-29 00:00:00+00:00,1,29.562488425925928
1753808400000,168,1.0145533748242237,242.64103894114538,455406.1288928716,1.0230779750445949,104,0.6190476190476191,1.113250373683089,44.0,0.2619047619047619,0.765217171005236,18.0,0.10714285714285714,0.643966022840785,2.0,0.011904761904761904,,,0.0,0.3881225405508962,0.6349554344936986,104,104,867.2884615384615,634.5,0.8559631531393233,0.625,0.00014190880058649843,5.563445888544324e+23,848232.638151826,17,2025-07-29 00:00:00+00:00,1,29.604155092592592
1753812000000,128,0.7193354186819977,148.11985443032833,293643.70586182247,0.7728732354599688,80,0.625,0.6743411593501863,37.0,0.2890625,0.4813138053219381,11.0,0.0859375,,,0.0,,,0.0,0.17971657001335672,0.5931566654466119,80,80,1109.4375,772.5,0.9605377130996849,0.4875,0.00011590879567267974,5.645250671527663e+23,571918.0337896313,18,2025-07-29 00:00:00+00:00,1,29.64582175925926
1753815600000,113,0.924982206911117,232.89242964347676,513495.67351418664,0.9945124451004983,79,0.6991150442477876,0.9577394464072064,14.0,0.12389380530973451,0.6274076984157982,20.0,0.17699115044247787,,,0.0,,,0.0,0.16590977189463968,0.8286026732058586,79,79,862.3291139240506,685.0,0.8622099573564583,0.569620253164557,0.00013467844101271335,7.694304329713239e+23,1084946.5262524795,19,2025-07-29 00:00:00+00:00,1,29.687488425925928
1753819200000,178,0.761266370361593,596.9459001342802,1210576.9671332894,0.738820440508514,106,0.5955056179775281,0.8650168538890738,43.0,0.24157303370786518,0.7052099753420499,28.0,0.15730337078651685,0.2488432036534859,1.0,0.0056179775280898875,,,0.0,0.214019636715932,0.5248008037925821,106,106,729.4716981132076,595.5,0.7981561649476657,0.7358490566037735,0.00013506137840015175,1.5282013596539816e+24,2647302.03443609,20,2025-07-29 00:00:00+00:00,1,29.729155092592592
1753822800000,94,0.6254551648346531,256.4739876146119,578541.7035971063,0.694825139569219,59,0.6276595744680851,0.5522522389957473,20.0,0.2127659574468085,0.45020383199723557,15.0,0.1595744680851064,,,0.0,,,0.0,0.2407695627521575,0.45405557681706143,59,59,747.1016949152543,598.0,0.8100017979231325,0.6271186440677966,9.479321339618321e-05,1.123551762339651e+24,1131956.9118636986,21,2025-07-29 00:00:00+00:00,1,29.77082175925926
1753826400000,90,1.035870446548482,159.28530443771183,285899.1280153071,0.9830520218479223,52,0.5777777777777777,1.1495738076986495,25.0,0.2777777777777778,0.6771419306555038,11.0,0.12222222222222222,2.960864311797322,2.0,0.022222222222222223,,,0.0,0.2972691333527665,0.6857828884951558,52,52,988.1730769230769,689.0,0.9183953634691062,0.5961538461538461,9.647174778333693e-05,6.796836735938215e+23,509463.1030665683,22,2025-07-29 00:00:00+00:00,1,29.812488425925928
1753830000000,69,0.6514774168641532,82.65879153220965,179381.5459727334,0.7255979991422854,44,0.6376811594202898,0.5674375305105882,20.0,0.2898550724637681,0.33537583823084904,5.0,0.07246376811594203,,,0.0,,,0.0,0.32094960686230684,0.40464839227997856,44,44,1097.0,676.0,0.9359403144272475,0.5681818181818182,7.524965734302686e-05,5.712482104433586e+23,385385.26716499025,23,2025-07-29 00:00:00+00:00,1,29.854155092592592
1753833600000,114,0.8715012768996797,227.0907675476304,430282.82035606855,0.8267921585696629,74,0.6491228070175439,1.0108808184081068,33.0,0.2894736842105263,0.6870655464201304,7.0,0.06140350877192982,,,0.0,,,0.0,0.2715494177185233,0.5552427408511396,74,74,1319.162162162162,762.0,1.0180790002209807,0.4864864864864865,0.00010744973495712921,9.259827605123464e+23,805939.738985336,0,2025-07-30 00:00:00+00:00,1,29.89582175925926
1753837200000,156,0.7901006008620826,215.47551383404758,436214.4863976194,0.8101815936553428,94,0.6025641025641025,0.8187201748087942,41.0,0.26282051282051283,0.6228657593903052,20.0,0.1282051282051282,1.073781575915982,1.0,0.00641025641025641,,,0.0,0.2807739309059584,0.5294076627493843,94,94,1220.095744680851,803.0,0.9732622393751782,0.4574468085106383,0.00013843831085975515,6.239251528269695e+23,838248.6273219174,1,2025-07-30 00:00:00+00:00,1,29.937488425925928
1753840800000,71,0.6407673215984782,106.64646415545675,266789.68184670154,0.7062934142428499,43,0.6056338028169014,0.5369340734767735,11.0,0.15492957746478872,0.506712929618726,16.0,0.22535211267605634,1.110181338905285,1.0,0.014084507042253521,,,0.0,0.2666654737245735,0.43962794051827625,43,43,763.953488372093,633.0,0.8358122578107515,0.6046511627906976,7.882216232301881e-05,5.8188215782814175e+23,483513.3693113139,2,2025-07-30 00:00:00+00:00,1,29.979155092592592
