hour_ms,n,overshoot_all,arb_loss_sum,arb_volume,cex,cex_n,share_cex,continuation,continuation_n,share_continuation,same_block,same_block_n,share_same_block,onchain,onchain_n,share_onchain,long,long_n,share_long,cex_jump,cex_move,cex_jump_n,cex_move_n,cex_tau_mean_ms,cex_tau_median_ms,cex_sqrt_tau_mean,cex_p_k1,sigma_ps,liq_mean,volume,hod,day,post,t_days
1748656800000,54,0.38023849636468804,94.80279691040306,174815.22762310857,0.6929638317670949,10.0,0.18518518518518517,0.48725260624239924,19.0,0.35185185185185186,0.1738176386966649,25.0,0.46296296296296297,,,0.0,,,0.0,0.2624569263054476,0.43050690546164727,10.0,10.0,1053.2,1027.0,0.9774795270530013,0.9,5.122442535718219e-05,4.869838216132578e+24,1625613.2740413288,2,2025-05-31 00:00:00+00:00,0,-30.020844907407408
1748660400000,113,0.40650999907820196,211.82170979241891,395218.3303337753,0.3421896885410461,26.0,0.23008849557522124,0.7464150900947952,26.0,0.23008849557522124,0.252266610038525,57.0,0.504424778761062,0.8131772197772545,4.0,0.035398230088495575,,,0.0,0.2002423447119813,0.14194734382906476,26.0,26.0,1002.6923076923077,841.5,0.9514397379556014,0.8461538461538461,0.00010337703502710637,4.591586333943953e+24,4068946.03878687,3,2025-05-31 00:00:00+00:00,0,-29.97917824074074
1748664000000,104,0.28657040232657693,166.72446452578862,324573.5338890513,0.2829887806696284,20.0,0.19230769230769232,0.36845134650360595,36.0,0.34615384615384615,0.2110623739162688,43.0,0.41346153846153844,0.3607231352084116,5.0,0.04807692307692308,,,0.0,0.2827184085874611,0.0002703720821672917,20.0,20.0,763.1,796.0,0.8181784363671799,1.0,7.393766399943922e-05,5.235390195310193e+24,2696654.0434448845,4,2025-05-31 00:00:00+00:00,0,-29.937511574074072
1748667600000,32,0.3317228170291982,51.872841418389584,105411.55782893901,0.44624095635215516,6.0,0.1875,0.667301538634126,9.0,0.28125,0.11495516665808048,16.0,0.5,0.09268789258499044,1.0,0.03125,,,0.0,0.2418253502604464,0.2044156060917087,6.0,6.0,1203.3333333333333,965.5,1.0595545481754411,0.8333333333333334,4.513463104281136e-05,4.55940375687266e+24,2050647.1284046078,5,2025-05-31 00:00:00+00:00,0,-29.895844907407408
1748671200000,100,0.3731336291197195,171.4326382458154,319994.86561968736,0.3123806338434892,9.0,0.09,0.5240010921700403,29.0,0.29,0.3111711506423762,61.0,0.61,0.3244653452644285,1.0,0.01,,,0.0,0.22744826515548264,0.08493236868800658,9.0,9.0,943.2222222222222,784.0,0.9050288028505376,0.7777777777777778,4.310969505484651e-05,5.145477904514885e+24,6930629.275086915,6,2025-05-31 00:00:00+00:00,0,-29.85417824074074
1748674800000,51,0.18463953928279003,62.559612634458894,120550.35146102072,0.4093419679263065,10.0,0.19607843137254902,0.15380033897627754,10.0,0.19607843137254902,0.12514015251808164,30.0,0.5882352941176471,0.03098885885400183,1.0,0.0196078431372549,,,0.0,0.17974210904958976,0.22959985887671674,10.0,10.0,1127.3,1123.0,1.0488096925587915,0.9,4.0978313795618545e-05,6.659212139609632e+24,1962878.185104369,7,2025-05-31 00:00:00+00:00,0,-29.812511574074072
1748678400000,46,0.20806191003407992,78.10333347422137,151605.98066573078,0.2451829654936381,9.0,0.1956521739130435,0.530331587969808,9.0,0.1956521739130435,0.09821076659473676,26.0,0.5652173913043478,0.018868474466753223,2.0,0.043478260869565216,,,0.0,0.14322256675457812,0.10196039873906,9.0,9.0,1724.111111111111,1028.0,1.163510494165127,0.6666666666666666,4.7367048585615405e-05,7.565742362237628e+24,2931789.611949468,8,2025-05-31 00:00:00+00:00,0,-29.770844907407408
1748682000000,20,0.33505134730422037,47.88037760020876,86099.9558597245,0.8769965499920751,5.0,0.25,0.20687733892383198,8.0,0.4,0.09443221210476808,7.0,0.35,,,0.0,,,0.0,0.5102711958916472,0.36672535410042784,5.0,5.0,1135.2,1282.0,1.055103386633477,1.0,4.030628302530461e-05,8.11114681736489e+24,2340321.583874701,9,2025-05-31 00:00:00+00:00,0,-29.72917824074074
1748685600000,47,0.4294711442105112,134.34777359509994,251530.3372509397,0.5962892079063075,16.0,0.3404255319148936,0.6306807867018137,8.0,0.1702127659574468,0.16401923956829892,22.0,0.46808510638297873,1.9906468872760197,1.0,0.02127659574468085,,,0.0,0.5576851497813466,0.038604058124960816,16.0,16.0,1143.25,1089.0,0.9714149409651851,0.875,5.850601773855115e-05,7.512365132169411e+24,2497375.1898845104,10,2025-05-31 00:00:00+00:00,0,-29.687511574074072
1748689200000,20,0.1820587214284063,25.603330856897042,48460.29859473,0.5013977446372041,2.0,0.1,0.060096447847550645,7.0,0.35,0.2216556644123501,10.0,0.5,0.0011471602373623949,1.0,0.05,,,0.0,0.5777952254110197,-0.07639748077381553,2.0,2.0,1103.5,1103.5,1.0405717402226395,1.0,3.32865783451068e-05,8.235368832016998e+24,1333656.269675106,11,2025-05-31 00:00:00+00:00,0,-29.645844907407408
1748692800000,17,0.21472829907299684,27.589238373302297,52165.30722735122,0.36632583710653727,6.0,0.35294117647058826,0.32838626281987665,3.0,0.17647058823529413,0.05840840914276158,8.0,0.47058823529411764,,,0.0,,,0.0,0.340907346511603,0.025418490594934322,6.0,6.0,1168.0,825.0,1.0415217057389257,0.8333333333333334,3.899086519653891e-05,8.088887267532044e+24,1484476.314395311,12,2025-05-31 00:00:00+00:00,0,-29.60417824074074
1748696400000,50,0.3349599036239813,108.041556827453,205084.03807885313,0.29347907970200016,9.0,0.18,0.2274662521502312,8.0,0.16,0.3807916660929266,32.0,0.64,0.10162013170556417,1.0,0.02,,,0.0,0.3103719284972347,-0.016892848795234547,9.0,9.0,813.8888888888889,993.0,0.8241664956013222,0.8888888888888888,5.0590808784250444e-05,7.711894861474945e+24,3642421.7267320077,13,2025-05-31 00:00:00+00:00,0,-29.562511574074072
1748700000000,61,0.15632121451733838,91.95502483956506,174922.074628894,0.225808274537199,13.0,0.21311475409836064,0.06035829809428869,11.0,0.18032786885245902,0.16475852203530764,36.0,0.5901639344262295,0.004838444265802162,1.0,0.01639344262295082,,,0.0,0.1790803816976503,0.0467278928395487,13.0,13.0,868.9230769230769,725.0,0.8897747959238005,0.9230769230769231,5.579802215098808e-05,9.82888862371166e+24,3181618.7779849553,14,2025-05-31 00:00:00+00:00,0,-29.520844907407408
1748703600000,43,0.3513609515735422,141.33598198262118,265352.06884882145,0.31172998510665006,10.0,0.23255813953488372,0.5513422725554188,12.0,0.27906976744186046,0.255957799806228,21.0,0.4883720930232558,,,0.0,,,0.0,0.12930461763527734,0.18242536747137272,10.0,10.0,1033.9,1000.5,1.0078162773177577,1.0,5.9179875788198985e-05,1.0320499919784152e+25,2965448.791239964,15,2025-05-31 00:00:00+00:00,0,-29.47917824074074
1748707200000,30,0.3290151345044185,63.746178938476554,124412.66927132431,0.45370828799365814,8.0,0.26666666666666666,0.3349638455934359,15.0,0.5,0.1737614353259646,7.0,0.23333333333333334,,,0.0,,,0.0,0.30144572362403743,0.1522625643696207,8.0,8.0,652.125,685.5,0.7338096678794672,1.0,5.021501817922569e-05,6.229705253334946e+24,1205102.0204302452,16,2025-05-31 00:00:00+00:00,0,-29.437511574074072
1748710800000,12,0.12285923567011107,11.539125717744602,22534.394902376316,0.518985439651458,2.0,0.16666666666666666,0.06521620067390532,5.0,0.4166666666666667,0.022051789073778034,5.0,0.4166666666666667,,,0.0,,,0.0,0.5949959484946632,-0.0760105088432051,2.0,2.0,1480.0,1480.0,1.2152650131304057,0.5,3.300367310513871e-05,6.076698418300529e+24,779448.327841433,17,2025-05-31 00:00:00+00:00,0,-29.395844907407408
1748714400000,16,0.5714563467551547,55.10737055062938,96651.4062409951,0.9612370670260516,7.0,0.4375,0.49732392200491515,4.0,0.25,0.08506927817609078,5.0,0.3125,,,0.0,,,0.0,0.17958493619876023,0.7816521308272912,7.0,7.0,1540.0,1278.0,1.2193007041898432,0.5714285714285714,2.953695907184172e-05,6.363628153190024e+24,601871.2900578342,18,2025-05-31 00:00:00+00:00,0,-29.35417824074074
1748718000000,34,0.34023249831809943,56.46587559945284,103418.79224509023,0.19244619185782955,11.0,0.3235294117647059,0.45573014866758865,12.0,0.35294117647058826,0.36202136803347196,11.0,0.3235294117647059,,,0.0,,,0.0,0.10964679913506914,0.08279939272276043,11.0,11.0,1303.0,1092.0,1.093255723747733,0.8181818181818182,4.9164832853479994e-05,5.549938097989957e+24,849270.5854936944,19,2025-05-31 00:00:00+00:00,0,-29.312511574074072
1748721600000,26,0.6394271515474415,83.49302265807582,147456.6362401383,0.9692226661874531,12.0,0.46153846153846156,0.1923616940691141,8.0,0.3076923076923077,0.5759233989051877,6.0,0.23076923076923078,,,0.0,,,0.0,0.3254545416465496,0.6437681245409036,12.0,12.0,1949.6666666666667,1231.0,1.303455195679266,0.75,3.396744848190464e-05,5.437251322420099e+24,658477.7842427264,20,2025-05-31 00:00:00+00:00,0,-29.270844907407408
1748725200000,25,0.2616071307158395,38.66221601394923,75743.96116270962,0.3970602258826241,9.0,0.36,0.13777968577063435,9.0,0.36,0.28171112087009537,6.0,0.24,0.03635233779609049,1.0,0.04,,,0.0,0.34654272159966,0.050517504282964074,9.0,9.0,1145.0,1145.0,1.009238263641457,0.6666666666666666,3.976315153946588e-05,5.249488275147968e+24,608755.6566689521,21,2025-05-31 00:00:00+00:00,0,-29.22917824074074
1748728800000,30,0.4016016242170634,62.457128594226,117517.9279125716,0.5095756815565726,11.0,0.36666666666666664,0.34053831407421675,10.0,0.3333333333333333,0.3374814542941597,9.0,0.3,,,0.0,,,0.0,0.234127377773199,0.27544830378337354,11.0,11.0,945.8181818181819,950.0,0.9311946923809704,0.9090909090909091,3.695337341405743e-05,5.641302268156197e+24,616562.8805120601,22,2025-05-31 00:00:00+00:00,0,-29.187511574074072
1748732400000,29,0.2757069747475438,52.34689050627982,101904.8008046255,0.2848842112316699,12.0,0.41379310344827586,0.30835635575987996,10.0,0.3448275862068966,0.21333259647141883,7.0,0.2413793103448276,,,0.0,,,0.0,0.14586144493798606,0.13902276629368382,12.0,12.0,1109.8333333333333,860.0,1.0159408495229514,0.75,3.698313035377575e-05,5.894664654494391e+24,611390.1293037048,23,2025-05-31 00:00:00+00:00,0,-29.145844907407408
1748736000000,19,0.25985381229750254,33.671504209856806,64512.73119610661,0.342597863890067,7.0,0.3684210526315789,0.29227680517647353,7.0,0.3684210526315789,0.09861995003735291,5.0,0.2631578947368421,,,0.0,,,0.0,0.4514163298843446,-0.1088184659942775,7.0,7.0,1267.2857142857142,1008.0,1.0182185784830253,0.8571428571428571,4.5554485416767374e-05,5.969956393579996e+24,1049828.4555443658,0,2025-06-01 00:00:00+00:00,0,-29.10417824074074
1748739600000,30,0.39413317915900703,82.24398323977333,162010.61645555063,0.306813304191138,11.0,0.36666666666666664,0.5144137846262485,10.0,0.3333333333333333,0.12236004230948161,8.0,0.26666666666666666,2.326030843929354,1.0,0.03333333333333333,,,0.0,1.0991822230998576,-0.7923689189087196,11.0,11.0,1012.3636363636364,826.0,0.8724350466517123,0.9090909090909091,5.414102995626738e-05,6.82722483679361e+24,1667934.8706164388,1,2025-06-01 00:00:00+00:00,0,-29.062511574074072
1748743200000,36,0.11219142745387517,36.374110995079775,72400.25129869558,0.013072614964281144,8.0,0.2222222222222222,0.11888776173594988,12.0,0.3333333333333333,0.15672858298711612,16.0,0.4444444444444444,,,0.0,,,0.0,0.013072614964281144,0.0,8.0,8.0,931.5,861.5,0.9414159964293574,0.75,5.165981445005773e-05,7.084007410205833e+24,2790335.633895573,2,2025-06-01 00:00:00+00:00,0,-29.020844907407408
1748746800000,55,0.23355750124004412,110.42539430866042,212481.32404349328,0.2603667148483601,17.0,0.3090909090909091,0.2893249305496769,17.0,0.3090909090909091,0.1878088751796915,18.0,0.32727272727272727,0.04011494773378318,3.0,0.05454545454545454,,,0.0,0.20663250867166538,0.05373420617669472,17.0,17.0,1051.0,763.0,0.9668791777411869,0.8235294117647058,5.852984097029557e-05,8.332592653363193e+24,2002693.8698567143,3,2025-06-01 00:00:00+00:00,0,-28.97917824074074
1748750400000,31,0.12972247262594327,34.435657821389576,67449.9335852126,0.1692104266532716,14.0,0.45161290322580644,0.17335167177187147,3.0,0.0967741935483871,0.08088540449591608,14.0,0.45161290322580644,,,0.0,,,0.0,0.0710036209176768,0.0982068057355948,14.0,14.0,772.2857142857143,617.0,0.8004400646879196,0.9285714285714286,4.610735596981688e-05,7.682726833985294e+24,1679291.2510883461,4,2025-06-01 00:00:00+00:00,0,-28.937511574074072
1748754000000,32,0.19806367627835542,60.403995807464476,120383.4728224156,0.2657696295212163,8.0,0.25,0.2010618696884021,12.0,0.375,0.14992818070640151,12.0,0.375,,,0.0,,,0.0,0.3227904769462263,-0.05702084742501003,8.0,8.0,847.5,807.5,0.8339694795454216,0.875,4.448504868838815e-05,8.419343646712854e+24,2155805.4408141775,5,2025-06-01 00:00:00+00:00,0,-28.895844907407408
1748757600000,37,0.15742088402041648,62.05084995583247,121201.61342626615,0.08034906055029614,11.0,0.2972972972972973,0.32920292515211397,11.0,0.2972972972972973,0.08796672440192653,15.0,0.40540540540540543,,,0.0,,,0.0,0.05256725840543607,0.027781802144860087,11.0,11.0,765.2727272727273,771.0,0.8266514505888335,1.0,4.1266399438845404e-05,8.798502030824509e+24,2166048.149062739,6,2025-06-01 00:00:00+00:00,0,-28.85417824074074
1748761200000,28,0.62142598865437,106.05303015975304,147240.73930835674,0.04536212670059204,5.0,0.17857142857142858,1.3231720043829567,11.0,0.39285714285714285,0.2586670255067024,10.0,0.35714285714285715,0.015777372769924976,2.0,0.07142857142857142,,,0.0,0.04536212670059204,0.0,5.0,5.0,1374.4,1392.0,0.9304017399610137,0.6,5.233458226591335e-05,6.684759318524532e+24,1630735.0554052673,7,2025-06-01 00:00:00+00:00,0,-28.812511574074072
1748764800000,44,0.16374717795771043,47.044639680968004,92288.55130725905,0.16362622526844717,10.0,0.22727272727272727,0.34061288341961227,11.0,0.25,0.08441715590982972,21.0,0.4772727272727273,0.02455579286631416,2.0,0.045454545454545456,,,0.0,0.20957841862756946,-0.04595219335912226,10.0,10.0,917.7,949.5,0.930348717521092,0.9,5.272044145390918e-05,5.4576255595668e+24,2033572.3060189,8,2025-06-01 00:00:00+00:00,0,-28.770844907407408
1748768400000,65,0.21167039298185367,69.1778534536613,133107.5493339507,0.13810550728735269,13.0,0.2,0.5199996523358495,14.0,0.2153846153846154,0.12324233727323708,38.0,0.5846153846153846,,,0.0,,,0.0,0.18539267366540774,-0.047287166378055065,13.0,13.0,858.4615384615385,805.0,0.8180086891752363,0.8461538461538461,6.398657565508383e-05,4.7885716133466513e+24,3693379.716033959,9,2025-06-01 00:00:00+00:00,0,-28.72917824074074
1748772000000,49,0.15303272572594706,63.15613159280644,128419.0994699027,0.19397607219943233,11.0,0.22448979591836735,0.2991207034101971,9.0,0.1836734693877551,0.09216484260985781,29.0,0.5918367346938775,,,0.0,,,0.0,0.12407577555753288,0.06990029664189944,11.0,11.0,962.0909090909091,1002.0,0.9558031356079041,0.8181818181818182,5.611603733901393e-05,6.50590749509217e+24,2341751.6534100166,10,2025-06-01 00:00:00+00:00,0,-28.687511574074072
1748775600000,36,0.1926486146781142,55.022025880727035,105412.58890625204,0.07234428532385417,8.0,0.2222222222222222,0.40848447789617104,13.0,0.3611111111111111,0.0744006344274497,14.0,0.3888888888888889,0.0046887511867587175,1.0,0.027777777777777776,,,0.0,0.0531143841237024,0.019229901200151778,8.0,8.0,675.5,773.5,0.7270056904274844,1.0,5.534068706835103e-05,6.030898952226731e+24,1748056.9939853852,11,2025-06-01 00:00:00+00:00,0,-28.645844907407408
1748779200000,52,0.17274460283261542,70.57404590811393,137507.92187908315,0.16304079134632932,10.0,0.19230769230769232,0.10755741915346133,17.0,0.3269230769230769,0.22095341232895463,25.0,0.4807692307692308,,,0.0,,,0.0,0.11686999640459372,0.04617079494173559,10.0,10.0,1134.9,1025.5,1.0158182751097138,0.7,4.709524194792005e-05,6.653597664127371e+24,2362198.8332213047,12,2025-06-01 00:00:00+00:00,0,-28.60417824074074
1748782800000,24,0.3950783567135081,70.46136834837965,128564.56133518172,0.0919924322953557,4.0,0.16666666666666666,1.0081529542878518,7.0,0.2916666666666667,0.16067773204592617,12.0,0.5,0.12870736737669464,1.0,0.041666666666666664,,,0.0,0.13045143698681583,-0.03845900469146013,4.0,4.0,1469.25,1478.0,1.1559470946769517,0.75,3.7697591204084984e-05,7.795275959532328e+24,1785607.123967225,13,2025-06-01 00:00:00+00:00,0,-28.562511574074072
1748786400000,27,0.5311351786145344,105.07008984892413,191039.9695274977,0.40911780952502125,3.0,0.1111111111111111,0.9826676477498456,11.0,0.4074074074074074,0.17722709759762012,13.0,0.48148148148148145,,,0.0,,,0.0,0.40911780952502125,0.0,3.0,3.0,928.0,1185.0,0.8790533720993275,1.0,6.360608873578588e-05,7.370097285298469e+24,3014194.3863655757,14,2025-06-01 00:00:00+00:00,0,-28.520844907407408
1748790000000,23,0.3341991194855647,66.32929255900014,125692.7303393467,0.6306214349762953,7.0,0.30434782608695654,0.1546181493219988,4.0,0.17391304347826086,0.2211464255038271,12.0,0.5217391304347826,,,0.0,,,0.0,0.10540442850307805,0.5252170064732172,7.0,7.0,1023.1428571428571,745.0,0.9660985748046897,0.8571428571428571,4.5366464570947845e-05,8.766057662617808e+24,1689084.2042306706,15,2025-06-01 00:00:00+00:00,0,-28.47917824074074
1748793600000,31,0.4275175775814019,92.68516164873529,171657.61619943858,0.2842511907163253,7.0,0.22580645161290322,0.6536677650971996,9.0,0.2903225806451613,0.3586851122756258,15.0,0.4838709677419355,,,0.0,,,0.0,0.17529909614210037,0.1089520945742249,7.0,7.0,688.4285714285714,506.0,0.8080526156457462,1.0,4.88470910147041e-05,7.122755999396972e+24,1636871.349433254,16,2025-06-01 00:00:00+00:00,0,-28.437511574074072
1748797200000,17,0.10131123159680425,18.847848563810132,37540.45294070496,0.07507255771377774,5.0,0.29411764705882354,0.1503602849733986,4.0,0.23529411764705882,0.10645577846540495,7.0,0.4117647058823529,0.00029655942535445484,1.0,0.058823529411764705,,,0.0,0.530866693212566,-0.4557941354987882,5.0,5.0,675.6,532.0,0.7976418976225029,1.0,3.671956504751262e-05,7.801912948177732e+24,1374604.7122933958,17,2025-06-01 00:00:00+00:00,0,-28.395844907407408
1748800800000,50,0.5118095372057806,173.0998402547703,327508.60907027003,0.53625507711016,15.0,0.3,0.9045826997157953,15.0,0.3,0.1955711299961056,19.0,0.38,0.26205873797369594,1.0,0.02,,,0.0,0.29126321437630337,0.24499186273385654,15.0,15.0,1373.6,1311.0,1.1461681399455073,0.8,5.895528557923253e-05,6.48262196535367e+24,1460332.5767942225,18,2025-06-01 00:00:00+00:00,0,-28.35417824074074
1748804400000,26,0.30611542284633064,51.481595772844436,99461.5935700209,0.366690287897241,8.0,0.3076923076923077,0.5196966133776633,6.0,0.23076923076923078,0.15894158421339075,12.0,0.46153846153846156,,,0.0,,,0.0,0.19474948204229336,0.17194080585494764,8.0,8.0,837.375,960.0,0.8659532449517333,1.0,3.863965668382261e-05,6.58462488507714e+24,1137943.3717431983,19,2025-06-01 00:00:00+00:00,0,-28.312511574074072
1748808000000,29,0.309648685976092,68.22050760775014,131609.03751405686,0.4003477537004073,8.0,0.27586206896551724,0.27626588248342177,9.0,0.3103448275862069,0.2676253468049564,11.0,0.3793103448275862,0.346758106498095,1.0,0.034482758620689655,,,0.0,0.43843863263879224,-0.03809087893838492,8.0,8.0,1968.375,1274.0,1.2409931240031498,0.625,4.028519480604721e-05,7.515796275419021e+24,980909.2946954578,20,2025-06-01 00:00:00+00:00,0,-28.270844907407408
1748811600000,14,0.5215056511216861,54.485174011286595,100953.76255150467,2.8271728983725364,1.0,0.07142857142857142,0.264883264998087,11.0,0.7857142857142857,0.7800951511760567,2.0,0.14285714285714285,,,0.0,,,0.0,1.461375628403765,1.3657972699687715,1.0,1.0,682.0,682.0,0.8258329128825032,1.0,4.163243660644293e-05,7.070471097666331e+24,828527.3157555787,21,2025-06-01 00:00:00+00:00,0,-28.22917824074074
1748815200000,26,0.38935334703005686,55.839968512608756,105863.9334632701,0.6005173456638887,9.0,0.34615384615384615,0.3488911903664216,11.0,0.4230769230769231,0.14678796962930718,6.0,0.23076923076923078,,,0.0,,,0.0,0.16270588313259982,0.4378114625312889,9.0,9.0,1034.3333333333333,1157.0,0.9821672415304228,0.7777777777777778,5.416595981076912e-05,5.57178367892049e+24,852329.2028407371,22,2025-06-01 00:00:00+00:00,0,-28.187511574074072
1748818800000,29,0.49218322395203223,83.35143045687067,163865.7443563805,0.6662813049068727,8.0,0.27586206896551724,0.4362017487400807,9.0,0.3103448275862069,0.45507491656715965,11.0,0.3793103448275862,0.011423234454470584,1.0,0.034482758620689655,,,0.0,0.5526157536693598,0.11366555123751289,8.0,8.0,1689.125,1653.0,1.2503090147175637,0.375,4.879623812638815e-05,4.934089591956077e+24,724982.9900668261,23,2025-06-01 00:00:00+00:00,0,-28.145844907407408
1748822400000,52,0.4462768567677228,120.62174981793588,226933.362904584,0.5359061888148319,20.0,0.38461538461538464,0.5829142080292964,16.0,0.3076923076923077,0.20976170618888298,15.0,0.28846153846153844,0.015219854322960809,1.0,0.019230769230769232,,,0.0,0.21091930880945844,0.32498688000537346,20.0,20.0,975.1,991.0,0.9512037001314455,0.95,5.672090957996127e-05,5.388662978766968e+24,1650457.657045205,0,2025-06-02 00:00:00+00:00,0,-28.10417824074074
1748826000000,59,0.22255908533947408,71.1136701026366,137115.5587146559,0.2809088861735123,14.0,0.23728813559322035,0.38386161250486983,20.0,0.3389830508474576,0.06084117514009602,25.0,0.423728813559322,,,0.0,,,0.0,0.16235992058506568,0.11854896558844656,14.0,14.0,906.0,717.0,0.8923044497639036,0.9285714285714286,6.404202029720479e-05,5.529461653139448e+24,2033084.718893492,1,2025-06-02 00:00:00+00:00,0,-28.062511574074072
1748829600000,50,0.3680896148608603,149.6251383572065,257722.60129545312,0.7006917759181429,10.0,0.2,0.4981473650485197,17.0,0.34,0.13773316040881722,21.0,0.42,0.018330704725792908,2.0,0.04,,,0.0,0.06565874426834195,0.635033031649801,10.0,10.0,1258.1,1149.5,1.0438344929058492,0.6,5.269801125112424e-05,8.306537434053693e+24,3266837.058608087,2,2025-06-02 00:00:00+00:00,0,-28.020844907407408
1748833200000,19,0.26143572352588673,27.689020983897453,53057.24423074833,0.5862929356415014,2.0,0.10526315789473684,0.3848881845366957,8.0,0.42105263157894735,0.07950971104614218,9.0,0.47368421052631576,,,0.0,,,0.0,0.13015553724016626,0.4561373984013351,2.0,2.0,1057.5,1057.5,1.0228883031053135,1.0,4.563226446648247e-05,6.838036165375476e+24,2025959.8891675854,3,2025-06-02 00:00:00+00:00,0,-27.97917824074074
1748836800000,38,0.20050476988542193,77.88368774106081,149365.57889665294,0.05054400310920495,11.0,0.2894736842105263,0.4201098509030209,10.0,0.2631578947368421,0.16835874778909232,17.0,0.4473684210526316,,,0.0,,,0.0,0.20252426676859328,-0.1519802636593883,11.0,11.0,621.0,793.0,0.7172485021025472,1.0,6.113440664409402e-05,9.490157207402149e+24,2552171.790164882,4,2025-06-02 00:00:00+00:00,0,-27.937511574074072
1748840400000,23,0.15277856589914907,39.28644226745159,75784.32610124818,0.06973057680326622,3.0,0.13043478260869565,0.23754922304183365,6.0,0.2608695652173913,0.14365416671585646,13.0,0.5652173913043478,0.011915779713493786,1.0,0.043478260869565216,,,0.0,0.06973057680326622,0.0,3.0,3.0,715.0,1005.0,0.7422768646305146,1.0,3.9859100842465664e-05,1.0639861725961952e+25,2710666.0580337145,5,2025-06-02 00:00:00+00:00,0,-27.895844907407408
1748844000000,45,0.1683075302857921,76.40638160447388,141033.04523820986,0.5546462900664857,6.0,0.13333333333333333,0.2125113239105402,5.0,0.1111111111111111,0.09362954420320675,34.0,0.7555555555555555,,,0.0,,,0.0,0.14982061765700816,0.4048256724094775,6.0,6.0,1116.6666666666667,1031.5,1.0476705501129084,0.8333333333333334,4.355065351261709e-05,9.69337734681757e+24,4906301.657996956,6,2025-06-02 00:00:00+00:00,0,-27.85417824074074
1748847600000,56,0.24691520258839716,99.8677628186085,194714.24081105078,0.12215910794644447,3.0,0.05357142857142857,0.2895969005677266,18.0,0.32142857142857145,0.2356579945969094,35.0,0.625,,,0.0,,,0.0,0.12215910794644447,0.0,3.0,3.0,989.0,1057.0,0.9714313305347994,1.0,4.561017162917918e-05,7.38636719955309e+24,5165692.156352978,7,2025-06-02 00:00:00+00:00,0,-27.812511574074072
1748851200000,39,0.2911421876584593,106.78409453561724,202180.9371883579,0.04633365143281043,3.0,0.07692307692307693,0.36614977635249885,13.0,0.3333333333333333,0.2806781422521303,23.0,0.5897435897435898,,,0.0,,,0.0,0.04633365143281043,0.0,3.0,3.0,590.6666666666666,220.0,0.673048602745928,1.0,5.254364155674427e-05,9.6292102728107e+24,1984661.1122046695,8,2025-06-02 00:00:00+00:00,0,-27.770844907407408
1748854800000,38,0.2464686700584718,56.46842432594547,107473.83005625643,0.3244237739150101,4.0,0.10526315789473684,0.25379136787833767,19.0,0.5,0.21640522512489813,15.0,0.39473684210526316,,,0.0,,,0.0,0.09477488598975004,0.22964888792526006,4.0,4.0,1269.75,1220.0,1.0886388415991757,0.75,5.4145878295335045e-05,5.675902900492823e+24,1561943.0214944484,9,2025-06-02 00:00:00+00:00,0,-27.72917824074074
1748858400000,42,0.355395432654725,84.06771440826071,157693.51557980667,0.6004352398275613,7.0,0.16666666666666666,0.5563725391890497,13.0,0.30952380952380953,0.1649913459808494,21.0,0.5,0.02590021765003659,1.0,0.023809523809523808,,,0.0,0.16249785960780946,0.43793738021975187,7.0,7.0,1153.857142857143,1217.0,0.9545464847966476,0.8571428571428571,5.24081378534774e-05,5.188632247852498e+24,2415970.23297175,10,2025-06-02 00:00:00+00:00,0,-27.687511574074072
1748862000000,33,0.20233742213832046,48.15723272779751,95021.16070527033,0.3786139593047232,10.0,0.30303030303030304,0.07533921693648071,10.0,0.30303030303030304,0.1644310129348105,13.0,0.3939393939393939,,,0.0,,,0.0,0.2712296264461055,0.1073843328586177,10.0,10.0,949.0,978.5,0.9309011576770564,0.9,4.5359268125684657e-05,7.162457220341641e+24,1143647.7788577746,11,2025-06-02 00:00:00+00:00,0,-27.645844907407408
1748865600000,52,0.2711418659705564,109.6727641209586,205269.42886322027,0.18568320613121958,15.0,0.28846153846153844,0.45515541900135986,15.0,0.28846153846153844,0.21396851380706564,20.0,0.38461538461538464,0.1037136886694644,2.0,0.038461538461538464,,,0.0,0.14481899632857054,0.04086420980264904,15.0,15.0,905.9333333333333,771.0,0.8904485535750563,0.8666666666666667,4.743731091054321e-05,7.771789452522066e+24,2324358.5871436116,12,2025-06-02 00:00:00+00:00,0,-27.60417824074074
1748869200000,75,0.3893439423980874,228.2584737659203,431798.61628718453,0.25531532778110577,9.0,0.12,0.6771481155228791,21.0,0.28,0.27644414550761226,44.0,0.5866666666666667,0.5193049015112016,1.0,0.013333333333333334,,,0.0,0.39132046905563567,-0.1360051412745299,9.0,9.0,936.7777777777778,994.0,0.9203178931508048,0.8888888888888888,5.802570140438944e-05,8.497272437873546e+24,3490769.358695869,13,2025-06-02 00:00:00+00:00,0,-27.562511574074072
1748872800000,59,0.3186167242107338,151.6684054243811,291501.94765235914,0.15445216062208414,6.0,0.1016949152542373,0.41603117713131693,17.0,0.288135593220339,0.2999762153741222,36.0,0.6101694915254238,,,0.0,,,0.0,0.25595751612188217,-0.101505355499798,6.0,6.0,837.1666666666666,751.5,0.9019554388016856,1.0,6.789590867307823e-05,7.590804115500282e+24,3219455.1566561298,14,2025-06-02 00:00:00+00:00,0,-27.520844907407408
1748876400000,71,0.32451098917441035,160.61736549619516,283922.16911141196,0.30320916438557766,16.0,0.22535211267605634,0.7098184694143184,16.0,0.22535211267605634,0.1751753356560205,39.0,0.5492957746478874,,,0.0,,,0.0,0.12223232386747873,0.18097684051809892,16.0,16.0,697.4375,412.0,0.7516771365768994,0.875,6.112218987371869e-05,6.885691148460285e+24,2959707.386267081,15,2025-06-02 00:00:00+00:00,0,-27.47917824074074
1748880000000,42,0.2840413128811084,97.32595462871195,184841.44584783062,0.3786168069210512,3.0,0.07142857142857142,0.3639086205778951,10.0,0.23809523809523808,0.2467171901539465,29.0,0.6904761904761905,,,0.0,,,0.0,0.42929990527444656,-0.050683098353395316,3.0,3.0,1466.0,1293.0,1.1815318048267578,0.6666666666666666,4.8010859319789875e-05,7.77566313666217e+24,2396575.808167698,16,2025-06-02 00:00:00+00:00,0,-27.437511574074072
1748883600000,18,0.2843919610477222,43.084072300174185,79368.24409356074,0.3425294974893122,4.0,0.2222222222222222,1.0475134536319697,3.0,0.16666666666666666,0.05157844960746327,8.0,0.4444444444444444,0.06458978371537849,3.0,0.16666666666666666,,,0.0,0.0769503574379925,0.26557914005131966,4.0,4.0,757.0,762.0,0.8658682296366702,1.0,3.8456189894793506e-05,9.782253945534541e+24,1289606.8453638568,17,2025-06-02 00:00:00+00:00,0,-27.395844907407408
1748887200000,33,0.2600651376600758,77.00119495332635,147425.84369908538,0.41212750444507545,11.0,0.3333333333333333,0.18635239194185704,7.0,0.21212121212121213,0.1829520166862448,15.0,0.45454545454545453,,,0.0,,,0.0,0.19165993059244135,0.22046757385263405,11.0,11.0,1032.909090909091,964.0,0.9548833589043191,0.9090909090909091,4.3218082134393435e-05,8.255722530290179e+24,1095783.71401366,18,2025-06-02 00:00:00+00:00,0,-27.35417824074074
1748890800000,82,0.3182273732296712,223.2281376030752,433375.45072352863,0.31169840328134124,26.0,0.3170731707317073,0.34569456235497076,21.0,0.25609756097560976,0.306597151716108,35.0,0.4268292682926829,,,0.0,,,0.0,0.17208870278289365,0.13960970049844765,26.0,26.0,840.0384615384615,828.0,0.8613784097820969,0.8461538461538461,5.279214242230097e-05,7.977180145765958e+24,1692573.923093842,19,2025-06-02 00:00:00+00:00,0,-27.312511574074072
1748894400000,31,0.4915041227224684,116.04224168099073,220832.51796583555,0.17776557483211916,7.0,0.22580645161290322,0.6034863513242382,10.0,0.3225806451612903,0.5683860905235217,14.0,0.45161290322580644,,,0.0,,,0.0,0.2639795652339607,-0.08621399040184155,7.0,7.0,1140.2857142857142,992.0,1.029102866121964,0.8571428571428571,4.1385115588114795e-05,7.562936725188677e+24,985708.1825096313,20,2025-06-02 00:00:00+00:00,0,-27.270844907407408
1748898000000,32,0.3864011979475392,112.90142007216235,210714.62247108913,0.7552339688485831,10.0,0.3125,0.2328084701150608,11.0,0.34375,0.20469140677906858,11.0,0.34375,,,0.0,,,0.0,2.4539000300447578,-1.6986660611961741,10.0,10.0,789.3,865.5,0.8496018666371985,1.0,4.143358185302813e-05,7.960838962915845e+24,935435.5795077978,21,2025-06-02 00:00:00+00:00,0,-27.22917824074074
1748901600000,26,0.29431947877907644,57.44994472872175,112772.68223778842,0.17098810176419554,8.0,0.3076923076923077,0.3104168563009035,12.0,0.46153846153846156,0.42656655975526364,6.0,0.23076923076923078,,,0.0,,,0.0,0.30264128874760593,-0.13165318698341033,8.0,8.0,956.875,956.0,0.9687270513559333,1.0,4.8003446466268145e-05,6.602239982492805e+24,988315.5485228767,22,2025-06-02 00:00:00+00:00,0,-27.187511574074072
1748905200000,42,0.5372746956690244,133.89166046729866,237950.04157309834,0.6762158026611256,12.0,0.2857142857142857,0.5267049620256746,10.0,0.23809523809523808,0.45919489829543847,20.0,0.47619047619047616,,,0.0,,,0.0,0.15091198454729418,0.5253038181138314,12.0,12.0,1309.9166666666667,1152.5,1.0215298997707545,0.8333333333333334,6.282490865653916e-05,6.088966198341388e+24,1377802.229104947,23,2025-06-02 00:00:00+00:00,0,-27.145844907407408
1748908800000,49,0.32970482170836085,121.00927028886163,234020.69804308965,0.5635040492781525,9.0,0.1836734693877551,0.3637838437252393,16.0,0.32653061224489793,0.2193107633584367,24.0,0.4897959183673469,,,0.0,,,0.0,0.39696562338370306,0.16653842589444937,9.0,9.0,1011.8888888888889,993.0,0.914949430210388,0.7777777777777778,5.547957503401667e-05,8.780592276629918e+24,2491219.8069094876,0,2025-06-03 00:00:00+00:00,0,-27.10417824074074
1748912400000,68,0.31258112662867726,181.5471938974885,340822.0345673767,0.3801570236153497,13.0,0.19117647058823528,0.3078859630183315,18.0,0.2647058823529412,0.2911223775519065,37.0,0.5441176470588235,,,0.0,,,0.0,0.15101153849732804,0.22914548511802166,13.0,13.0,877.9230769230769,842.0,0.8916214621028119,0.9230769230769231,6.733165567074708e-05,9.326693773167301e+24,3662901.55920088,1,2025-06-03 00:00:00+00:00,0,-27.062511574074072
1748916000000,50,0.17314119596583566,105.01819811468211,203424.43583103133,0.1554980453274445,5.0,0.1,0.14049972213326256,12.0,0.24,0.192338910756794,32.0,0.64,0.03872776183800209,1.0,0.02,,,0.0,2.1290458694912573,-1.9735478241638127,5.0,5.0,870.8,912.0,0.8723772355530265,1.0,6.0285862805140454e-05,1.3756773824359667e+25,3662576.102691093,2,2025-06-03 00:00:00+00:00,0,-27.020844907407408
1748919600000,35,0.2239144669647645,69.85475282891296,132248.82215778242,0.2657209280875249,5.0,0.14285714285714285,0.208156934226287,14.0,0.4,0.2246377890100697,16.0,0.45714285714285713,,,0.0,,,0.0,0.17595881543719816,0.08976211265032674,5.0,5.0,1192.4,1131.0,1.03790865887778,0.8,5.871893509095238e-05,1.1260902338639218e+25,2381672.336635238,3,2025-06-03 00:00:00+00:00,0,-26.97917824074074
1748923200000,16,0.13122530044304848,34.51458917561953,65817.9070409255,0.061956387357735454,4.0,0.25,0.03514199213600511,4.0,0.25,0.2139014111392267,8.0,0.5,,,0.0,,,0.0,0.09948988597630481,-0.03753349861856936,4.0,4.0,1123.25,1074.0,1.0222105641075188,0.75,4.010298494041697e-05,1.6809761635574654e+25,1786897.9295916685,4,2025-06-03 00:00:00+00:00,0,-26.937511574074072
1748926800000,24,0.3959532151378238,119.1345401765359,215916.98228916494,0.07166535743674973,3.0,0.125,0.24939312363970056,4.0,0.16666666666666666,0.48766521155521875,17.0,0.7083333333333334,,,0.0,,,0.0,0.07166535743674973,0.0,3.0,3.0,560.3333333333334,251.0,0.5861323247602119,1.0,3.544902923290575e-05,1.7775156536174246e+25,3332427.9169719005,5,2025-06-03 00:00:00+00:00,0,-26.895844907407408
1748930400000,9,0.10478027012070976,13.12529544729229,25865.90815330098,,,0.0,0.08693125879755559,4.0,0.4444444444444444,0.1190594791792331,5.0,0.5555555555555556,,,0.0,,,0.0,,,,,,,,,2.8611569076856352e-05,1.406542868561806e+25,2681078.8788072527,6,2025-06-03 00:00:00+00:00,0,-26.85417824074074
1748934000000,15,0.11478986684754656,17.0283618727345,32795.32352993174,0.013575418166826732,1.0,0.06666666666666667,0.4201548254317887,2.0,0.13333333333333333,0.07233024447356617,12.0,0.8,,,0.0,,,0.0,0.013575418166826732,0.0,1.0,1.0,240.0,240.0,0.4898979485566356,1.0,3.184074479221612e-05,8.605143547802227e+24,2408876.169252638,7,2025-06-03 00:00:00+00:00,0,-26.812511574074072
1748937600000,38,0.1393305643397887,39.62700406753507,78216.11150986787,0.24824677318291846,5.0,0.13157894736842105,0.3357622257359515,5.0,0.13157894736842105,0.08734284997762404,27.0,0.7105263157894737,0.016259500921771315,1.0,0.02631578947368421,,,0.0,0.2182001115572695,0.03004666162564895,5.0,5.0,1292.2,997.0,1.1075486285474405,0.8,3.787025593753505e-05,8.164811077345494e+24,1953703.6351902506,8,2025-06-03 00:00:00+00:00,0,-26.770844907407408
1748941200000,17,0.8491931987983251,172.12338869780055,191244.69563043828,2.041544425115768,6.0,0.35294117647058826,1.00643565014769,2.0,0.11764705882352941,0.01934961428683745,9.0,0.5294117647058824,,,0.0,,,0.0,1.8170310349326597,0.2245133901831083,6.0,6.0,1196.6666666666667,1144.0,1.081425453799713,0.8333333333333334,3.7955160432269816e-05,9.912539527604828e+24,2501723.603411933,9,2025-06-03 00:00:00+00:00,0,-26.72917824074074
1748944800000,22,0.09731831033603675,25.475080943379222,50055.12658429162,0.10160447525054284,6.0,0.2727272727272727,0.2847700141830932,4.0,0.18181818181818182,0.03269132659643153,12.0,0.5454545454545454,,,0.0,,,0.0,0.051567791328019065,0.05003668392252377,6.0,6.0,785.0,724.0,0.8436892844364774,1.0,3.3070918360589005e-05,9.90186025261724e+24,2025176.0229493838,10,2025-06-03 00:00:00+00:00,0,-26.687511574074072
1748948400000,20,0.32284137244659605,51.13941445598892,95460.8738605648,0.23524840403827285,4.0,0.2,0.4032341130105797,3.0,0.15,0.356641603614561,12.0,0.6,0.026432250372358974,1.0,0.05,,,0.0,0.23524840403827285,0.0,4.0,4.0,792.0,968.5,0.8383563677899654,1.0,4.353947034011365e-05,9.359449944101757e+24,2206028.6400658237,11,2025-06-03 00:00:00+00:00,0,-26.645844907407408
1748952000000,29,0.49325478994172794,102.01307298651507,187975.073780507,0.8102626270079005,2.0,0.06896551724137931,0.7443004198008222,12.0,0.41379310344827586,0.25015057444562955,15.0,0.5172413793103449,,,0.0,,,0.0,0.28263214416291305,0.5276304828449874,2.0,2.0,703.5,703.5,0.8314585146652431,1.0,4.927215879299832e-05,1.0209880751766846e+25,2195435.7561046793,12,2025-06-03 00:00:00+00:00,0,-26.60417824074074
1748955600000,64,0.2915473135457975,167.39082789987836,311338.62145733193,0.16414527803890622,8.0,0.125,0.5205838569522419,13.0,0.203125,0.2514801688010486,42.0,0.65625,0.016108612596603573,1.0,0.015625,,,0.0,0.08876106309077969,0.07538421494812653,8.0,8.0,913.0,1012.0,0.932168905741295,1.0,7.53270444687098e-05,1.0993643476671283e+25,4216640.755504167,13,2025-06-03 00:00:00+00:00,0,-26.562511574074072
1748959200000,67,0.20352703567910435,132.45148321927746,255920.03005141817,0.19934639892120437,9.0,0.13432835820895522,0.7521980248348425,6.0,0.08955223880597014,0.14547486771950158,50.0,0.746268656716418,0.02763113261250883,2.0,0.029850746268656716,,,0.0,1.3830797522214224,-1.183733353300218,9.0,9.0,845.2222222222222,996.0,0.8612610927536288,1.0,7.00599211172216e-05,9.50783528955889e+24,5691987.501512468,14,2025-06-03 00:00:00+00:00,0,-26.520844907407408
1748962800000,40,0.23987977087633774,102.29377886073767,198990.16825732897,0.08396029980406883,5.0,0.125,0.19664549560405742,10.0,0.25,0.2883573751997036,25.0,0.625,,,0.0,,,0.0,0.08396029980406883,0.0,5.0,5.0,623.6,507.0,0.7028663162050977,1.0,4.543734337216062e-05,1.1216191998817888e+25,3802187.0312758065,15,2025-06-03 00:00:00+00:00,0,-26.47917824074074
1748966400000,50,0.37595183665200416,168.90808046638352,319691.90894385433,0.5720864010061161,17.0,0.34,0.343601378776396,13.0,0.26,0.23026525457015437,20.0,0.4,,,0.0,,,0.0,0.5278504767184693,0.04423592428764673,17.0,17.0,852.4705882352941,976.0,0.8877067876744353,1.0,5.379806381251373e-05,9.637161732261578e+24,2664637.701071646,16,2025-06-03 00:00:00+00:00,0,-26.437511574074072
1748970000000,21,0.1292235981706269,34.174476589464966,68064.35235400657,0.08735241400354299,4.0,0.19047619047619047,0.20507272316802114,6.0,0.2857142857142857,0.1030772333237151,11.0,0.5238095238095238,,,0.0,,,0.0,0.04982520492830422,0.037527209075238765,4.0,4.0,647.0,434.0,0.754362907934416,1.0,4.3372668224712886e-05,9.289433846380408e+24,1741378.7834772156,17,2025-06-03 00:00:00+00:00,0,-26.395844907407408
1748973600000,23,0.13470978236362846,39.494304720197555,79498.24151596382,0.1538745948415737,9.0,0.391304347826087,0.1571525011712137,8.0,0.34782608695652173,0.07603893856993031,6.0,0.2608695652173913,,,0.0,,,0.0,0.13717040797057034,0.01670418687100334,9.0,9.0,1105.6666666666667,993.0,1.0307274486933833,0.8888888888888888,3.6921413325887874e-05,7.729983175769848e+24,1227966.3579357849,18,2025-06-03 00:00:00+00:00,0,-26.35417824074074
1748977200000,24,0.17311497494242015,31.529696267004837,61212.74277770895,0.2592807936056861,8.0,0.3333333333333333,0.14796101575424012,11.0,0.4583333333333333,0.0905883752951907,5.0,0.20833333333333334,,,0.0,,,0.0,0.2592812814687694,-4.878630832649833e-07,8.0,8.0,765.25,584.0,0.7637548262667089,0.875,3.3411381746252355e-05,7.569941244029003e+24,846780.7182421734,19,2025-06-03 00:00:00+00:00,0,-26.312511574074072
1748980800000,70,0.2955297951549073,140.1607134555858,260962.62145539315,0.40150518359364507,21.0,0.3,0.26295412842432225,24.0,0.34285714285714286,0.24594197791638137,24.0,0.34285714285714286,0.04197025320007864,1.0,0.014285714285714285,,,0.0,0.13567375735358647,0.26583142624005857,21.0,21.0,1199.3809523809523,963.0,1.0106485056754555,0.7619047619047619,5.8087357935095925e-05,6.175821712761358e+24,1613437.2389662922,20,2025-06-03 00:00:00+00:00,0,-26.270844907407408
1748984400000,62,0.33906380125452373,140.45331861803086,274314.6259506849,0.34459742748382594,17.0,0.27419354838709675,0.3448842931817692,30.0,0.4838709677419355,0.3439588394038616,14.0,0.22580645161290322,0.0018468634482892224,1.0,0.016129032258064516,,,0.0,0.2019390956921618,0.14265833179166415,17.0,17.0,990.4705882352941,1206.0,0.931792564967189,1.0,6.666963276287902e-05,7.232139084925148e+24,1409525.2757516773,21,2025-06-03 00:00:00+00:00,0,-26.22917824074074
1748988000000,32,0.27742585287739585,51.126258126439055,99622.32968506512,0.2843031191156115,11.0,0.34375,0.25085108029530057,17.0,0.53125,0.371456154196208,4.0,0.125,,,0.0,,,0.0,0.20168347872243772,0.08261964039317378,11.0,11.0,858.2727272727273,793.0,0.8952130629364281,1.0,3.761146322685138e-05,6.296199141327322e+24,827493.83266857,22,2025-06-03 00:00:00+00:00,0,-26.187511574074072
1748991600000,22,0.16908549517510033,33.682877787623305,66007.87426175943,0.010038311472619806,1.0,0.045454545454545456,0.19301779170450162,8.0,0.36363636363636365,0.16659232682642883,13.0,0.5909090909090909,,,0.0,,,0.0,0.010038311472619806,0.0,1.0,1.0,993.0,993.0,0.9964938534682489,1.0,3.459390704602608e-05,8.396335071476536e+24,989409.372575019,23,2025-06-03 00:00:00+00:00,0,-26.145844907407408
1748995200000,37,0.30991444985692607,79.5212016708089,153032.10038125364,0.275653327182891,14.0,0.3783783783783784,0.467367949878038,8.0,0.21621621621621623,0.27601033868587055,14.0,0.3783783783783784,0.004599723519298389,1.0,0.02702702702702703,,,0.0,0.10279168881783933,0.17286163836505164,14.0,14.0,1034.2857142857142,1085.0,0.9758948711187843,0.8571428571428571,4.820855988291817e-05,7.208374550472242e+24,1436238.7340921008,0,2025-06-04 00:00:00+00:00,0,-26.10417824074074
1748998800000,35,0.1963770959467961,50.050951997748925,98992.78531760527,0.07861562609024364,5.0,0.14285714285714285,0.38242246341380504,10.0,0.2857142857142857,0.13279477967742973,20.0,0.5714285714285714,,,0.0,,,0.0,0.07861562609024364,0.0,5.0,5.0,695.2,599.0,0.7901582374728624,1.0,4.657447257941523e-05,6.831725820780783e+24,2242715.8748006816,1,2025-06-04 00:00:00+00:00,0,-26.062511574074072
1749002400000,40,0.12435754072085292,47.27566813234328,93193.25068347168,0.24191000900203752,4.0,0.1,0.15323132495629607,7.0,0.175,0.1047642296193311,28.0,0.7,0.0006438887906233884,1.0,0.025,,,0.0,0.054461355125383526,0.187448653876654,4.0,4.0,844.0,808.5,0.9034495939887227,1.0,3.420410732036761e-05,9.495451022199723e+24,2641762.1242226283,2,2025-06-04 00:00:00+00:00,0,-26.020844907407408
1749006000000,34,0.22755650927990168,68.02864627600712,131334.09488141062,0.22697719101050665,5.0,0.14705882352941177,0.3282194450632313,5.0,0.14705882352941177,0.2067057556311653,24.0,0.7058823529411765,,,0.0,,,0.0,0.3168606858065014,-0.0898834947959948,5.0,5.0,958.8,825.0,0.9668821592562484,1.0,4.2138940282250474e-05,9.379448135526216e+24,2596405.0564652584,3,2025-06-04 00:00:00+00:00,0,-25.97917824074074
1749009600000,32,0.08172847573054576,62.526767535710334,149628.04117666843,0.11738011029683182,5.0,0.15625,0.0763538067129705,9.0,0.28125,0.07451257841536504,18.0,0.5625,,,0.0,,,0.0,0.11738011029683182,0.0,5.0,5.0,567.6,625.0,0.7075068532407502,1.0,4.194843610123656e-05,1.308383174195118e+25,2958490.3692556596,4,2025-06-04 00:00:00+00:00,0,-25.937511574074072
1749013200000,43,0.15407613392160077,115.41887558983144,224741.43653855956,0.13184673439008113,3.0,0.06976744186046512,0.07905754232275718,13.0,0.3023255813953488,0.1993031923783452,26.0,0.6046511627906976,0.020102503425771696,1.0,0.023255813953488372,,,0.0,0.03228924225792192,0.09955749213215921,3.0,3.0,704.6666666666666,436.0,0.7958775297381612,1.0,4.234262995580633e-05,1.7515189293124033e+25,3077593.2485369365,5,2025-06-04 00:00:00+00:00,0,-25.895844907407408
1749016800000,36,0.10784694794180749,63.70051250231642,124682.45570718369,0.09140971066151278,7.0,0.19444444444444445,0.14451196293363988,10.0,0.2777777777777778,0.09460539589147798,19.0,0.5277777777777778,,,0.0,,,0.0,0.09140971066151278,0.0,7.0,7.0,787.7142857142857,743.0,0.8825864769686661,1.0,3.39121236988889e-05,1.755651557508029e+25,2620633.139498647,6,2025-06-04 00:00:00+00:00,0,-25.85417824074074
1749020400000,10,0.2197212574890405,44.040417181942644,86504.59745297504,0.04259307381997116,3.0,0.3,0.0010352073459606384,1.0,0.1,0.3447330243474218,6.0,0.6,,,0.0,,,0.0,0.04259307381997116,0.0,3.0,3.0,1083.6666666666667,1375.0,1.016241184842784,1.0,3.5774899593541654e-05,1.496478677283125e+25,2478449.0634997543,7,2025-06-04 00:00:00+00:00,0,-25.812511574074072
1749024000000,13,0.2086598225293993,34.14724483985866,63605.00915993507,0.11835228980128665,1.0,0.07692307692307693,0.5934598625580663,3.0,0.23076923076923078,0.09042731282296726,9.0,0.6923076923076923,,,0.0,,,0.0,0.11835228980128665,0.0,1.0,1.0,121.0,121.0,0.3478505426185217,1.0,2.9380836391110016e-05,1.1761221800848006e+25,1633147.1525261274,8,2025-06-04 00:00:00+00:00,0,-25.770844907407408
1749027600000,23,0.14878184073832265,29.20466263267597,56011.26436060849,0.036740526858096596,3.0,0.13043478260869565,0.2495553975934194,6.0,0.2608695652173913,0.12960202648904395,14.0,0.6086956521739131,,,0.0,,,0.0,0.036740526858096596,0.0,3.0,3.0,419.6666666666667,28.0,0.4360028108498135,1.0,3.3008036510619574e-05,1.2148234984529468e+25,1906388.4037981578,9,2025-06-04 00:00:00+00:00,0,-25.72917824074074
1749031200000,18,0.1929716101900557,47.63410633424152,92462.99154898047,0.3337188038500293,5.0,0.2777777777777778,0.0022198052605362666,3.0,0.16666666666666666,0.17982355483892476,10.0,0.5555555555555556,,,0.0,,,0.0,0.09496616546623027,0.238752638383799,5.0,5.0,667.2,511.0,0.7906458158415236,1.0,2.7537301763188623e-05,1.2248760400266867e+25,2368102.6277191374,10,2025-06-04 00:00:00+00:00,0,-25.687511574074072
1749034800000,17,0.4616547471853613,112.50645450495294,205805.89642566186,0.055493749696049366,2.0,0.11764705882352941,1.044051972566411,5.0,0.29411764705882354,0.25168833399269885,10.0,0.5882352941176471,,,0.0,,,0.0,0.055493749696049366,0.0,2.0,2.0,286.5,286.5,0.5348434937670485,1.0,2.5578081029433293e-05,1.2601830814839083e+25,1904222.8375766734,11,2025-06-04 00:00:00+00:00,0,-25.645844907407408
1749038400000,26,0.2971790987181256,106.15355123390142,196192.09329263118,0.25742330366988725,3.0,0.11538461538461539,0.02386683635946952,8.0,0.3076923076923077,0.4508967976523899,15.0,0.5769230769230769,,,0.0,,,0.0,0.3076333452284351,-0.05021004155854788,3.0,3.0,994.6666666666666,1433.0,0.9115094845345055,1.0,4.2518956301510685e-05,1.4700175117612513e+25,2176305.2463189894,12,2025-06-04 00:00:00+00:00,0,-25.60417824074074
1749042000000,62,0.16586374466439807,131.47313539204825,251752.24617698853,0.11445355009243474,10.0,0.16129032258064516,0.2149218967079135,23.0,0.3709677419354839,0.1497221052507995,28.0,0.45161290322580644,0.0035940969639368728,1.0,0.016129032258064516,,,0.0,0.06953114239494507,0.044922407697489675,10.0,10.0,559.4,458.0,0.6911476970481994,1.0,4.769620373846105e-05,1.1415207844377762e+25,2684974.6944498783,13,2025-06-04 00:00:00+00:00,0,-25.562511574074072
1749045600000,50,0.26529914052429315,157.26176811320886,305444.7808229871,0.3119231132710738,9.0,0.18,0.22280640026190954,9.0,0.18,0.2808528028245315,30.0,0.6,0.0134036598409314,2.0,0.04,,,0.0,0.128612660199779,0.1833104530712948,9.0,9.0,842.2222222222222,849.0,0.860112361987713,1.0,5.557008596089122e-05,1.0427064242926288e+25,3459410.7758761677,14,2025-06-04 00:00:00+00:00,0,-25.520844907407408
1749049200000,42,0.2637460653036966,133.36154614203843,256370.67040525182,0.2732193312572394,10.0,0.23809523809523808,0.30366932457189866,12.0,0.2857142857142857,0.23505547676600394,20.0,0.47619047619047616,,,0.0,,,0.0,0.16847417677579457,0.10474515448144484,10.0,10.0,1018.7,1223.5,0.9709687671096313,1.0,5.512471384754132e-05,1.1191767486441798e+25,2448818.804198115,15,2025-06-04 00:00:00+00:00,0,-25.47917824074074
1749052800000,31,0.3642453616582986,119.8945383076076,218921.67560791332,0.21255958070388933,11.0,0.3548387096774194,0.6182214563591885,6.0,0.1935483870967742,0.3745801489649532,14.0,0.45161290322580644,,,0.0,,,0.0,0.13104867652426244,0.08151090417962692,11.0,11.0,1065.7272727272727,1095.0,1.0231399751712102,1.0,4.577665034262649e-05,1.057030631768255e+25,2096618.1216617364,16,2025-06-04 00:00:00+00:00,0,-25.437511574074072
1749056400000,50,0.19199194153725496,94.35301752162648,183559.86202395716,0.19610804831296189,11.0,0.22,0.2624335881781835,12.0,0.24,0.1590076106400728,27.0,0.54,,,0.0,,,0.0,0.19610654215634832,1.5061566135702007e-06,11.0,11.0,767.9090909090909,635.0,0.8209904982620444,0.9090909090909091,4.638734088622206e-05,1.0393151393680938e+25,1859392.7065492882,17,2025-06-04 00:00:00+00:00,0,-25.395844907407408
1749060000000,39,0.21874152883633613,88.18679381461618,170457.1917849172,0.2035797507768432,16.0,0.41025641025641024,0.2791969494456588,14.0,0.358974358974359,0.1516540355498216,9.0,0.23076923076923078,,,0.0,,,0.0,0.10058058388787583,0.10299916688896738,16.0,16.0,1192.0,1228.5,1.0323251286396273,0.875,3.9873050079080154e-05,1.0820146652075621e+25,1335170.7572942518,18,2025-06-04 00:00:00+00:00,0,-25.35417824074074
1749063600000,45,0.21492627543250628,84.84741597106911,163918.84281710593,0.37213979639489236,8.0,0.17777777777777778,0.2748338252702752,20.0,0.4444444444444444,0.07368393087272151,16.0,0.35555555555555557,0.018944623934595735,1.0,0.022222222222222223,,,0.0,0.1472388759350728,0.22490092045981958,8.0,8.0,1066.125,1111.0,0.9697217689822306,0.875,4.3741607248491813e-05,1.067323799031155e+25,1402126.3848407106,19,2025-06-04 00:00:00+00:00,0,-25.312511574074072
1749067200000,58,0.24133881831325765,112.21336669881447,206406.30134033796,0.17722677018520952,15.0,0.25862068965517243,0.46207920619740095,16.0,0.27586206896551724,0.14748442240403176,26.0,0.4482758620689655,0.11138762772755928,1.0,0.017241379310344827,,,0.0,0.12715394179726508,0.05007282838794443,15.0,15.0,1039.2666666666667,1149.0,0.9880896172638844,1.0,5.435118443514105e-05,8.299904371097918e+24,1621176.064868212,20,2025-06-04 00:00:00+00:00,0,-25.270844907407408
1749070800000,77,0.27401938241873286,132.18666298667839,251044.9977488093,0.3423864442764683,13.0,0.16883116883116883,0.38799806978913554,33.0,0.42857142857142855,0.12593426536408112,30.0,0.38961038961038963,0.06650440668443547,1.0,0.012987012987012988,,,0.0,0.18003851704324364,0.1623479272332247,13.0,13.0,930.4615384615385,893.0,0.9154087880800772,0.9230769230769231,5.859931925596559e-05,6.809509429980881e+24,1580714.58156882,21,2025-06-04 00:00:00+00:00,0,-25.22917824074074
1749074400000,45,0.4080026339664577,139.12881517175433,268537.9835450551,0.2923776826974987,13.0,0.28888888888888886,0.43680114057913655,16.0,0.35555555555555557,0.4731494002598079,16.0,0.35555555555555557,,,0.0,,,0.0,0.1880250635109122,0.10435261918658648,13.0,13.0,806.1538461538462,993.0,0.815589404121475,1.0,5.917099388490648e-05,8.616643096431186e+24,1480135.38691856,22,2025-06-04 00:00:00+00:00,0,-25.187511574074072
1749078000000,42,0.17194611054943326,60.33494414627712,118792.84641801061,0.2904901192355165,11.0,0.2619047619047619,0.1795419416050813,16.0,0.38095238095238093,0.076911617720281,15.0,0.35714285714285715,,,0.0,,,0.0,0.2081335225811536,0.08235659665436289,11.0,11.0,851.4545454545455,858.0,0.9048328180469855,1.0,4.256774542907257e-05,9.879039105612277e+24,1300708.1842084804,23,2025-06-04 00:00:00+00:00,0,-25.145844907407408
1749081600000,53,0.23649720109276426,154.10054677288971,302340.38886302797,0.3098080257343304,10.0,0.18867924528301888,0.15379272606919506,14.0,0.2641509433962264,0.25114390467601627,29.0,0.5471698113207547,,,0.0,,,0.0,0.14426447966720424,0.16554354606712618,10.0,10.0,992.8,827.5,0.9311868667253316,0.9,5.094086281816916e-05,1.3213356552833924e+25,2258313.1747692935,0,2025-06-05 00:00:00+00:00,0,-25.10417824074074
1749085200000,29,0.11578208780423097,46.06812331962931,92044.70715225243,0.21139809226946812,11.0,0.3793103448275862,0.07786098944562603,10.0,0.3448275862068966,0.03171145461278602,8.0,0.27586206896551724,,,0.0,,,0.0,0.14315256254701827,0.06824552972244985,11.0,11.0,1064.909090909091,1009.0,1.0128743693898548,0.9090909090909091,4.16284949140022e-05,1.0135832676761724e+25,1747744.7249404793,1,2025-06-05 00:00:00+00:00,0,-25.062511574074072
1749088800000,13,0.02244162485727835,15.068231441856966,30841.463543955626,0.06695918670807532,3.0,0.23076923076923078,0.0259797607780468,3.0,0.23076923076923078,0.0018463258123217305,7.0,0.5384615384615384,,,0.0,,,0.0,0.06695918670807532,0.0,3.0,3.0,978.0,961.0,0.980676259450572,1.0,4.0203268158465256e-05,1.3666812217164003e+25,1626140.4038043148,2,2025-06-05 00:00:00+00:00,0,-25.020844907407408
1749092400000,11,0.19313668335100417,24.904576415584966,48743.76047366619,0.17837080331262622,3.0,0.2727272727272727,0.14829816872941481,5.0,0.45454545454545453,0.28263342109203105,3.0,0.2727272727272727,,,0.0,,,0.0,0.07821037398141022,0.10016042933121601,3.0,3.0,1011.3333333333334,954.0,0.8561234124858488,0.6666666666666666,3.3014084310468186e-05,1.234503729737725e+25,1773031.6696571195,3,2025-06-05 00:00:00+00:00,0,-24.97917824074074
1749096000000,22,0.09884003464688974,22.118215527752444,45198.923480435515,0.19153982054672733,3.0,0.13636363636363635,0.17843727597377945,5.0,0.22727272727272727,0.05054820862303535,14.0,0.6363636363636364,,,0.0,,,0.0,0.19153982054672733,0.0,3.0,3.0,571.0,477.0,0.6355139041231533,1.0,3.777709780407257e-05,6.81187265594575e+24,1870408.6713311619,4,2025-06-05 00:00:00+00:00,0,-24.937511574074072
1749099600000,38,0.12067829942362451,50.28156617051893,98683.43041507831,0.1033520796881503,5.0,0.13157894736842105,0.10393176771134056,13.0,0.34210526315789475,0.13589509997047766,20.0,0.5263157894736842,,,0.0,,,0.0,0.1033520796881503,0.0,5.0,5.0,1137.4,1031.0,1.0566253797776823,0.8,4.370381286758451e-05,9.67675022894441e+24,2336488.9830179894,5,2025-06-05 00:00:00+00:00,0,-24.895844907407408
1749103200000,36,0.3127380656380833,128.8399043295196,250876.03089767238,0.031284952657551574,6.0,0.16666666666666666,0.29072570850164225,10.0,0.2777777777777778,0.40818017810046336,20.0,0.5555555555555556,,,0.0,,,0.0,0.031284952657551574,0.0,6.0,6.0,1235.0,1197.0,1.0434095208286298,0.8333333333333334,4.1919711345596755e-05,1.228049256145449e+25,2330799.0962026725,6,2025-06-05 00:00:00+00:00,0,-24.85417824074074
1749106800000,41,0.1637090695360747,106.2932111387134,213783.22196948295,0.2080264855531854,10.0,0.24390243902439024,0.1990180805943086,10.0,0.24390243902439024,0.12579172330972013,21.0,0.5121951219512195,,,0.0,,,0.0,0.1181167578866481,0.08990972766653726,10.0,10.0,883.5,923.5,0.8878902565869072,1.0,4.2967734792161514e-05,1.3887486641134667e+25,2505950.9216328044,7,2025-06-05 00:00:00+00:00,0,-24.812511574074072
1749110400000,46,0.14407908822791707,65.13950618424101,129543.10344263626,0.13214150206957184,11.0,0.2391304347826087,0.16778454306541593,12.0,0.2608695652173913,0.14317707305276453,22.0,0.4782608695652174,0.010771411773084945,1.0,0.021739130434782608,,,0.0,0.13216435986018163,-2.2857790609782054e-05,11.0,11.0,751.6363636363636,846.0,0.8353261222617943,1.0,4.1018856838654634e-05,1.1312142617727455e+25,2856683.680575034,8,2025-06-05 00:00:00+00:00,0,-24.770844907407408
1749114000000,41,0.1967893423261847,110.40330040637626,219007.91706909006,0.17312790436486025,8.0,0.1951219512195122,0.13702422805326375,9.0,0.21951219512195122,0.23536430530727773,23.0,0.5609756097560976,0.036742725907927716,1.0,0.024390243902439025,,,0.0,0.19177877342361083,-0.018650869058750574,8.0,8.0,1050.0,905.5,0.9417629408302924,0.75,4.350393128904792e-05,1.2337628241523007e+25,2379218.120639877,9,2025-06-05 00:00:00+00:00,0,-24.72917824074074
1749117600000,53,0.18560162211615394,95.24605995681227,183505.64404230905,0.06348683250254804,9.0,0.16981132075471697,0.3621397053594709,11.0,0.20754716981132076,0.16005962789936506,33.0,0.6226415094339622,,,0.0,,,0.0,0.06348683250254804,0.0,9.0,9.0,706.7777777777778,875.0,0.7703638634142774,1.0,5.3490272822632064e-05,1.116153694748621e+25,3846317.5970093883,10,2025-06-05 00:00:00+00:00,0,-24.687511574074072
1749121200000,41,0.14679085662424568,63.029919651816435,119564.8684706088,0.06517196979916473,10.0,0.24390243902439024,0.2942755623627268,10.0,0.24390243902439024,0.115426180951198,21.0,0.5121951219512195,,,0.0,,,0.0,0.050105931455051045,0.015066038344113686,10.0,10.0,871.1,1054.5,0.877598679669692,1.0,5.504789281147102e-05,1.0609490843729477e+25,2721085.439323628,11,2025-06-05 00:00:00+00:00,0,-24.645844907407408
1749124800000,58,0.1901798763979462,145.08532545248687,277188.7885242132,0.1149851481085355,9.0,0.15517241379310345,0.16628219637791833,19.0,0.3275862068965517,0.23539486602492077,29.0,0.5,0.009753652200909964,1.0,0.017241379310344827,,,0.0,0.08144060255862513,0.03354454554991035,9.0,9.0,601.5555555555555,627.0,0.7297368966389832,1.0,6.160593158565659e-05,1.267744234602023e+25,3613243.717279006,12,2025-06-05 00:00:00+00:00,0,-24.60417824074074
1749128400000,45,0.4251161567553384,231.7655880914103,346479.2441554777,1.0704799386489414,9.0,0.2,0.22371779457959032,11.0,0.24444444444444444,0.2913942869704336,24.0,0.5333333333333333,0.0415489784838562,1.0,0.022222222222222223,,,0.0,0.6180536270175915,0.45242631163134994,9.0,9.0,771.7777777777778,804.0,0.8520944582836094,1.0,6.025669877053353e-05,1.2818157440901736e+25,4169630.841412649,13,2025-06-05 00:00:00+00:00,0,-24.562511574074072
1749132000000,79,0.27990487056323515,157.10610849016905,300786.7104617488,0.4687024828513936,14.0,0.17721518987341772,0.3521162812797395,17.0,0.21518987341772153,0.1992640256837603,48.0,0.6075949367088608,,,0.0,,,0.0,0.17607352808297733,0.29262895476841627,14.0,14.0,734.2142857142857,617.0,0.807404162127332,0.9285714285714286,9.228724213811302e-05,7.470184171736642e+24,5302692.332667603,14,2025-06-05 00:00:00+00:00,0,-24.520844907407408
1749135600000,61,0.21820069668042527,137.0643640187954,248022.1108263629,0.5009308195165251,10.0,0.16393442622950818,0.22413589721762825,14.0,0.22950819672131148,0.13954139841334848,37.0,0.6065573770491803,,,0.0,,,0.0,0.21298877796116936,0.28794204155535574,10.0,10.0,756.6,541.0,0.7068879013964809,0.9,4.932461633450658e-05,1.045262761492964e+25,2710231.9392061452,15,2025-06-05 00:00:00+00:00,0,-24.47917824074074
1749139200000,81,0.30875611674719705,208.42012773995816,396857.1354130143,0.4049333472404645,21.0,0.25925925925925924,0.35724301756787524,16.0,0.19753086419753085,0.24522174734970922,44.0,0.5432098765432098,,,0.0,,,0.0,0.20844492906199114,0.1964884181784733,21.0,21.0,1077.095238095238,1119.0,0.9985347984893597,0.9047619047619048,6.50976047473165e-05,7.900492849460954e+24,2739331.2958169878,16,2025-06-05 00:00:00+00:00,0,-24.437511574074072
1749142800000,63,0.4151615926218835,238.7333024367059,451124.80276804167,0.3145040507537568,18.0,0.2857142857142857,0.26400769112318745,16.0,0.25396825396825395,0.5610339435737944,29.0,0.4603174603174603,,,0.0,,,0.0,0.212664984734309,0.1018390660194478,18.0,18.0,882.7777777777778,1057.5,0.8911900545084749,1.0,6.263683403105314e-05,9.93376522778168e+24,2084181.5784220195,17,2025-06-05 00:00:00+00:00,0,-24.395844907407408
1749146400000,83,0.49154212032501476,307.89974921853485,573225.2497605344,0.6766739233642393,35.0,0.42168674698795183,0.2987270128775149,19.0,0.2289156626506024,0.3944343249846575,29.0,0.3493975903614458,,,0.0,,,0.0,0.24637491586700722,0.43029900749723204,35.0,35.0,681.7714285714286,577.0,0.7698587461879831,0.9714285714285714,6.996348522582231e-05,8.0430743261855e+24,1882814.976772558,18,2025-06-05 00:00:00+00:00,0,-24.35417824074074
1749150000000,104,0.5990880486048059,334.47196028514395,607322.1345253988,0.35836586048071983,33.0,0.3173076923076923,1.0817481124317774,34.0,0.3269230769230769,0.37026075233393585,37.0,0.3557692307692308,,,0.0,,,0.0,0.2738001401332233,0.08456572034749654,33.0,33.0,1042.939393939394,992.0,0.9277389724846191,0.8787878787878788,0.00010655000858030928,5.819226685565972e+24,3330618.640830497,19,2025-06-05 00:00:00+00:00,0,-24.312511574074072
1749153600000,166,0.7520441797898259,588.622221769689,1092135.2870711926,0.7697202546289468,42.0,0.25301204819277107,1.3212033027641161,37.0,0.22289156626506024,0.5014547235450924,87.0,0.5240963855421686,,,0.0,,,0.0,0.28154828150072575,0.488171973128221,42.0,42.0,860.3809523809524,966.5,0.8719830731052296,0.9285714285714286,0.00024167267654691713,4.984590602390651e+24,7888068.935743123,20,2025-06-05 00:00:00+00:00,0,-24.270844907407408
1749157200000,137,0.6661796396004964,472.07117703089654,840451.6911387263,0.7788904367504812,41.0,0.29927007299270075,1.049399758056098,31.0,0.22627737226277372,0.4123186187501422,65.0,0.4744525547445255,,,0.0,,,0.0,0.33826160885695117,0.44062882789353,41.0,41.0,1006.5121951219512,1034.0,0.9667543906407136,0.9024390243902439,0.00017592901076249258,5.287353232405913e+24,4646418.522240812,21,2025-06-05 00:00:00+00:00,0,-24.22917824074074
1749160800000,103,0.5201392768321832,240.59918291030482,453307.2218665001,0.6528034014288344,28.0,0.27184466019417475,0.6328400237250791,34.0,0.3300970873786408,0.3279395710470189,40.0,0.3883495145631068,0.6617066251740676,1.0,0.009708737864077669,,,0.0,0.2347932709235845,0.4180101305052499,28.0,28.0,1176.9642857142858,1207.0,1.0441458529370402,0.7857142857142857,9.499121827509316e-05,4.8139799692701465e+24,1859804.3565726394,22,2025-06-05 00:00:00+00:00,0,-24.187511574074072
1749164400000,77,0.5309999730793599,222.52215261011455,369073.030063363,0.6909735763607879,37.0,0.4805194805194805,0.582622977217122,19.0,0.24675324675324675,0.2056866342109486,20.0,0.2597402597402597,0.13740635041726168,1.0,0.012987012987012988,,,0.0,0.22625236994716919,0.46472120641361875,37.0,37.0,916.7567567567568,844.0,0.8904201212021442,0.8918918918918919,6.833877355920596e-05,5.499022090661002e+24,1545921.9285216688,23,2025-06-05 00:00:00+00:00,0,-24.145844907407408
1749168000000,83,0.41859531482936596,244.41601132128932,419355.7883109258,0.33852392973777645,19.0,0.2289156626506024,0.8211726428560316,20.0,0.24096385542168675,0.2745218924344334,42.0,0.5060240963855421,0.17904206322639105,2.0,0.024096385542168676,,,0.0,0.1222749639623365,0.21624896577543992,19.0,19.0,966.421052631579,976.0,0.9474259803326918,0.9473684210526315,8.373140730857108e-05,7.338827950043756e+24,2624405.841492248,0,2025-06-06 00:00:00+00:00,0,-24.10417824074074
1749171600000,78,0.2737109334016192,129.78560658705285,245638.40511338942,0.32129111430776897,25.0,0.32051282051282054,0.416666185284498,19.0,0.24358974358974358,0.1588387478596064,34.0,0.4358974358974359,,,0.0,,,0.0,0.21400404090628367,0.10728707340148524,25.0,25.0,1134.36,1007.0,1.0315633960274562,0.84,7.047066637262754e-05,8.550343339318897e+24,2514209.025273047,1,2025-06-06 00:00:00+00:00,0,-24.062511574074072
1749175200000,38,0.3498167939737623,140.4129976080095,284415.548535041,0.7198866919326374,7.0,0.18421052631578946,0.26622477425167484,17.0,0.4473684210526316,0.2662864403711452,14.0,0.3684210526315789,,,0.0,,,0.0,0.17999024849153616,0.5398964434411013,7.0,7.0,1467.2857142857142,1136.0,1.1366789040562582,0.7142857142857143,5.045480408648357e-05,1.052860038028027e+25,1730104.9488424975,2,2025-06-06 00:00:00+00:00,0,-24.020844907407408
1749178800000,31,0.2762936448465112,52.359122423775844,101211.47110288116,0.15426075008007512,5.0,0.16129032258064516,0.5936797943509918,10.0,0.3225806451612903,0.08713669421789738,14.0,0.45161290322580644,0.31854378864049504,2.0,0.06451612903225806,,,0.0,0.12296045598925598,0.031300294090819136,5.0,5.0,930.8,1154.0,0.9281539487306159,1.0,4.2307447687293365e-05,7.620290972228332e+24,1726222.5510366356,3,2025-06-06 00:00:00+00:00,0,-23.97917824074074
1749182400000,77,0.21276795863700862,106.26296128994284,210100.68851589807,0.219916882363007,13.0,0.16883116883116883,0.23198586738873306,25.0,0.3246753246753247,0.17949832896487036,37.0,0.4805194805194805,0.5415642439560208,2.0,0.025974025974025976,,,0.0,0.15983838340317869,0.060078498959828315,13.0,13.0,1015.0,924.0,0.9644861601739023,0.8461538461538461,5.702621762723692e-05,6.074997746555461e+24,2321245.0148858237,4,2025-06-06 00:00:00+00:00,0,-23.937511574074072
1749186000000,54,0.3764629293264383,117.95338505937067,224042.1251544053,0.24701936007898595,6.0,0.1111111111111111,0.6976975210135117,12.0,0.2222222222222222,0.30360957734089067,34.0,0.6296296296296297,0.07589307070066542,2.0,0.037037037037037035,,,0.0,0.3518266920489961,-0.10480733197001012,6.0,6.0,782.6666666666666,739.5,0.8717336704273503,1.0,6.23545594044903e-05,5.738264547088187e+24,2529519.026127619,5,2025-06-06 00:00:00+00:00,0,-23.895844907407408
1749189600000,39,0.2595293364485135,70.28249545451283,134052.2044973739,0.2238679415272936,9.0,0.23076923076923078,0.5607312051746589,12.0,0.3076923076923077,0.07655878809169318,18.0,0.46153846153846156,,,0.0,,,0.0,0.15437843828533035,0.06948950324196328,9.0,9.0,849.1111111111111,951.0,0.8831992081291273,1.0,5.210149396881729e-05,6.828584078842284e+24,1851131.2128648607,6,2025-06-06 00:00:00+00:00,0,-23.85417824074074
1749193200000,65,0.2282661425662179,118.76699234801845,227973.11344740397,0.3030482981405511,17.0,0.26153846153846155,0.41687778379288964,17.0,0.26153846153846155,0.08650974429762175,30.0,0.46153846153846156,0.0032635450070194263,1.0,0.015384615384615385,,,0.0,0.15620392901264749,0.14684436912790363,17.0,17.0,1308.4117647058824,1130.0,1.1120383501203934,0.7647058823529411,5.0675923568594756e-05,7.118080515094e+24,2262498.7106945734,7,2025-06-06 00:00:00+00:00,0,-23.812511574074072
1749196800000,27,0.19470297021044852,43.03277863897873,82706.73132159862,0.000942496743432282,1.0,0.037037037037037035,0.2837117893157064,16.0,0.5925925925925926,0.07166490698873751,10.0,0.37037037037037035,,,0.0,,,0.0,0.000942496743432282,0.0,1.0,1.0,181.0,181.0,0.42544094772365293,1.0,4.401890782292884e-05,7.460428227564427e+24,1054208.7167518258,8,2025-06-06 00:00:00+00:00,0,-23.770844907407408
1749200400000,40,0.304790904292339,83.07477006234035,159264.84392645492,0.37428385631200095,11.0,0.275,0.4089272381900125,9.0,0.225,0.21970843042757196,20.0,0.5,,,0.0,,,0.0,0.09178515076712614,0.2824987055448748,11.0,11.0,951.8181818181819,922.0,0.9573728425216246,0.9090909090909091,5.2022192821530563e-05,6.923144486988554e+24,1806858.0199316768,9,2025-06-06 00:00:00+00:00,0,-23.72917824074074
1749204000000,25,0.4193030464853463,69.67128680141853,126405.24201951304,0.44758931213182296,8.0,0.32,0.45632194335309545,13.0,0.52,0.2424191003722086,4.0,0.16,,,0.0,,,0.0,0.2920030068398515,0.15558630529197148,8.0,8.0,936.75,989.5,0.9321021519791901,1.0,4.0001736218520906e-05,9.521665861068107e+24,997478.4573015212,10,2025-06-06 00:00:00+00:00,0,-23.687511574074072
1749207600000,36,0.23475412564351597,62.584017942651165,121640.74522172897,0.1382545092670816,8.0,0.2222222222222222,0.41444586470358435,14.0,0.3888888888888889,0.11020502451283867,14.0,0.3888888888888889,,,0.0,,,0.0,0.118889140553473,0.01936536871360861,8.0,8.0,969.875,889.5,0.9665869198323576,1.0,6.136623181631645e-05,7.20882948814554e+24,1718891.0025014053,11,2025-06-06 00:00:00+00:00,0,-23.645844907407408
1749211200000,87,0.4301433840380372,254.44943891895295,492706.26419589855,0.667433467109184,26.0,0.2988505747126437,0.6365349410085985,19.0,0.21839080459770116,0.1898819139835019,42.0,0.4827586206896552,,,0.0,,,0.0,0.2697475843499912,0.39768588275919287,26.0,26.0,1053.576923076923,956.5,0.9895936422910967,0.8461538461538461,6.519772922151426e-05,8.432935689079786e+24,2718916.967664148,12,2025-06-06 00:00:00+00:00,0,-23.60417824074074
1749214800000,39,0.20553758984227832,57.110567895038244,113499.21679768914,0.22872650306394063,5.0,0.1282051282051282,0.35201075589886155,15.0,0.38461538461538464,0.08379853421295934,19.0,0.48717948717948717,,,0.0,,,0.0,0.10536884116508094,0.12335766189885966,5.0,5.0,942.4,969.0,0.9597228523291521,1.0,5.624666923983969e-05,6.557733544536884e+24,2002742.8724581671,13,2025-06-06 00:00:00+00:00,0,-23.562511574074072
1749218400000,54,0.22799050234316415,82.71822438248154,169062.1029405069,0.1915490223976488,7.0,0.12962962962962962,0.24511738512284376,16.0,0.2962962962962963,0.24125085199550278,29.0,0.5370370370370371,0.026245549956120835,2.0,0.037037037037037035,,,0.0,0.14768226885770847,0.04386675353994031,7.0,7.0,838.1428571428571,993.0,0.8950274729846529,1.0,5.549246243256065e-05,5.671083641597796e+24,2161065.9048999758,14,2025-06-06 00:00:00+00:00,0,-23.520844907407408
1749222000000,48,0.5757129066737187,157.67206990314878,296447.43957554403,0.6219159023324875,7.0,0.14583333333333334,0.7984295423731043,17.0,0.3541666666666667,0.43451741569651986,22.0,0.4583333333333333,0.07406141917243747,2.0,0.041666666666666664,,,0.0,1.1300833590023045,-0.5081674566698169,7.0,7.0,1159.0,916.0,0.9723685741520853,0.7142857142857143,6.091240495998849e-05,5.194596722758962e+24,3214937.949601611,15,2025-06-06 00:00:00+00:00,0,-23.47917824074074
1749225600000,38,0.24499197076778773,53.1492857145173,100685.23186574591,0.2562201621084713,10.0,0.2631578947368421,0.33001589078284904,13.0,0.34210526315789475,0.1638191125276122,15.0,0.39473684210526316,,,0.0,,,0.0,0.19453073229680917,0.061689429811662144,10.0,10.0,713.7,609.0,0.7860196511824663,1.0,4.7019631579287457e-05,6.057543425249525e+24,1564883.872520861,16,2025-06-06 00:00:00+00:00,0,-23.437511574074072
1749229200000,42,0.13559437718149486,36.96603383196739,73953.1597831663,0.10451895003205525,8.0,0.19047619047619047,0.08911157823501069,14.0,0.3333333333333333,0.1891759277914625,19.0,0.4523809523809524,0.01690751803840474,1.0,0.023809523809523808,,,0.0,0.08516291826813227,0.019356031763922976,8.0,8.0,721.25,816.5,0.8195598493580392,1.0,4.5385113498369286e-05,5.225292725250803e+24,848723.464987409,17,2025-06-06 00:00:00+00:00,0,-23.395844907407408
1749232800000,25,0.3625518755600953,50.690501649263645,90965.28769322931,0.5138029777137799,9.0,0.36,0.3503319935874961,11.0,0.44,0.11718363202318105,5.0,0.2,,,0.0,,,0.0,1.0821294773729908,-0.5683264996592108,9.0,9.0,1142.7777777777778,868.0,1.037369589441221,0.7777777777777778,3.5306070496819005e-05,5.794329188108893e+24,576531.5208036773,18,2025-06-06 00:00:00+00:00,0,-23.35417824074074
1749236400000,44,0.19844602480223894,56.228653211827975,110882.80023811627,0.32009936011903733,18.0,0.4090909090909091,0.10256348573203296,12.0,0.2727272727272727,0.13312837370532687,13.0,0.29545454545454547,0.008405922202196943,1.0,0.022727272727272728,,,0.0,0.29422992714301255,0.025869432976024755,18.0,18.0,919.6111111111111,765.5,0.9299518807728826,0.8888888888888888,4.8875215895249204e-05,5.743643741313323e+24,563175.339432675,19,2025-06-06 00:00:00+00:00,0,-23.312511574074072
1749240000000,33,0.27337975436086887,46.247327927787836,89954.55832071305,0.3473104214801163,9.0,0.2727272727272727,0.3194892521371336,13.0,0.3939393939393939,0.15839798389135357,11.0,0.3333333333333333,,,0.0,,,0.0,0.19221247018826945,0.15509795129184686,9.0,9.0,1095.2222222222222,1018.0,1.0344077294041725,0.8888888888888888,4.558353409147474e-05,5.251753777617172e+24,489735.08186398,20,2025-06-06 00:00:00+00:00,0,-23.270844907407408
1749243600000,12,0.4125924035883232,32.05891193653636,92971.50628486955,1.8320165093904706,2.0,0.16666666666666666,0.03183991530801538,6.0,0.5,0.2740090831077112,4.0,0.3333333333333333,,,0.0,,,0.0,0.7476310730297797,1.0843854363606908,2.0,2.0,1354.0,1354.0,1.1421668956393043,0.5,2.6676171807675498e-05,5.229729445674374e+24,373611.14382598107,21,2025-06-06 00:00:00+00:00,0,-23.22917824074074
1749247200000,52,0.294145616690248,90.54993907081322,172121.4917243033,0.45163046364849346,20.0,0.38461538461538464,0.0863646965055169,13.0,0.25,0.27053798633427933,19.0,0.36538461538461536,,,0.0,,,0.0,0.1878723201475573,0.2637581435009362,20.0,20.0,1067.35,1153.0,1.0037668460724987,0.85,4.9829895569930044e-05,5.817741554559456e+24,980979.2133381024,22,2025-06-06 00:00:00+00:00,0,-23.187511574074072
1749250800000,56,0.26129755956541584,91.23840337656337,175834.99077685003,0.33180173790853684,20.0,0.35714285714285715,0.20729090039750975,18.0,0.32142857142857145,0.22589917211054011,16.0,0.2857142857142857,0.32550280828436573,2.0,0.03571428571428571,,,0.0,0.1373847836702068,0.19441695423833005,20.0,20.0,1310.1,1288.0,1.0991304506329116,0.75,4.361327355160753e-05,5.994555635798721e+24,1150098.4333161958,23,2025-06-06 00:00:00+00:00,0,-23.145844907407408
1749254400000,55,0.3506924942037438,108.11010258334929,183105.27164131572,0.5979734798982361,13.0,0.23636363636363636,0.595065121960091,16.0,0.2909090909090909,0.07666884581413015,26.0,0.4727272727272727,,,0.0,,,0.0,0.29822180348932664,0.2997516764089095,13.0,13.0,959.0769230769231,1143.0,0.950247599970177,0.9230769230769231,5.2705741823030064e-05,5.76670646493787e+24,1422813.1350852004,0,2025-06-07 00:00:00+00:00,0,-23.10417824074074
1749258000000,26,0.1866712364078393,37.983775545455906,75462.74270961256,0.30507837982116837,9.0,0.34615384615384615,0.18771887218420294,6.0,0.23076923076923078,0.08922122682800813,11.0,0.4230769230769231,,,0.0,,,0.0,0.18416032217040693,0.12091805765076143,9.0,9.0,1104.5555555555557,1019.0,1.0424443718794185,0.8888888888888888,4.4733849454882296e-05,6.356468340316219e+24,894369.7795254366,1,2025-06-07 00:00:00+00:00,0,-23.062511574074072
1749261600000,18,0.19670424629784883,26.223197168936274,51054.57734234158,0.13351100953451922,5.0,0.2777777777777778,0.3402476286649021,7.0,0.3888888888888889,0.08189799750572795,6.0,0.3333333333333333,,,0.0,,,0.0,0.1024703283448768,0.031040681189642427,5.0,5.0,814.2,807.0,0.8845866461701858,1.0,3.378760561015374e-05,8.348781017281258e+24,853632.2402406094,2,2025-06-07 00:00:00+00:00,0,-23.020844907407408
1749265200000,19,0.224944275716672,30.789283095680684,58891.87207055145,0.24333665296983212,5.0,0.2631578947368421,0.3664575813403003,8.0,0.42105263157894735,0.02511771951796849,5.0,0.2631578947368421,8.72545536257513e-06,1.0,0.05263157894736842,,,0.0,0.3359041379301696,-0.09256748496033754,5.0,5.0,1482.6,1361.0,1.1974880178011909,0.8,3.469476431453013e-05,6.127838528281492e+24,758548.3354858843,3,2025-06-07 00:00:00+00:00,0,-22.97917824074074
1749268800000,25,0.19064981068342302,36.068657221400755,71373.34655872968,0.316440285005022,9.0,0.36,0.21032384004931656,7.0,0.28,0.04955731352168463,9.0,0.36,,,0.0,,,0.0,0.2304319743670359,0.08600831063798609,9.0,9.0,702.1111111111111,681.0,0.797696217141984,1.0,3.2887276587025796e-05,6.208046756859751e+24,678172.293553918,4,2025-06-07 00:00:00+00:00,0,-22.937511574074072
1749272400000,7,0.18678712604612802,6.938057111557606,13556.672123782493,0.4027018175539786,1.0,0.14285714285714285,0.20781528264624416,4.0,0.5714285714285714,0.03677346709197049,2.0,0.2857142857142857,,,0.0,,,0.0,0.2481541556059773,0.1545476619480013,1.0,1.0,1230.0,1230.0,1.1090536506409416,1.0,2.5228135137290494e-05,5.994205869228732e+24,554387.9713766911,5,2025-06-07 00:00:00+00:00,0,-22.895844907407408
1749276000000,19,0.17494262300048552,25.256349994664003,49678.615495841295,0.14692497898872048,2.0,0.10526315789473684,0.34089244006552544,5.0,0.2631578947368421,0.1187337776181784,11.0,0.5789473684210527,0.01952612490419437,1.0,0.05263157894736842,,,0.0,0.14692497898872048,0.0,2.0,2.0,653.5,653.5,0.8055311343301645,1.0,3.0638736911901706e-05,6.512547733182857e+24,947595.5938236414,6,2025-06-07 00:00:00+00:00,0,-22.85417824074074
1749279600000,34,0.1482946372127475,29.776748664680824,58504.63073271064,0.22910727995447752,3.0,0.08823529411764706,0.12375112737902436,9.0,0.2647058823529412,0.14731525813448923,22.0,0.6470588235294118,,,0.0,,,0.0,0.1264658947465975,0.10264138520788002,3.0,3.0,709.3333333333334,353.0,0.7044789787080684,0.6666666666666666,3.4396353439648134e-05,6.339485189589781e+24,2189685.4195402786,7,2025-06-07 00:00:00+00:00,0,-22.812511574074072
1749283200000,12,0.1377049163895774,15.467039464020068,31240.81422165874,0.07099269020372379,3.0,0.25,0.08053620157711261,1.0,0.08333333333333333,0.16986809056083063,8.0,0.6666666666666666,,,0.0,,,0.0,0.7408594695903167,-0.6698667793865928,3.0,3.0,1068.3333333333333,1020.0,1.031527798351969,1.0,2.4039834270263988e-05,6.614499445111296e+24,1025441.5792915091,8,2025-06-07 00:00:00+00:00,0,-22.770844907407408
1749286800000,13,0.5155953040249176,36.04490433708797,66114.30802957815,0.5310646189705713,5.0,0.38461538461538464,,,0.0,0.505926982183884,8.0,0.6153846153846154,,,0.0,,,0.0,0.37636775400374123,0.15469686496683013,5.0,5.0,844.2,789.0,0.8912820925456831,1.0,2.754320718636113e-05,6.63950609267938e+24,490140.14679958334,9,2025-06-07 00:00:00+00:00,0,-22.72917824074074
1749290400000,19,0.224822491073717,32.86536845416896,64978.962122654375,0.28082719640915454,8.0,0.42105263157894735,0.19353793502166916,8.0,0.42105263157894735,0.15890209298467764,3.0,0.15789473684210525,,,0.0,,,0.0,0.3772868477679202,-0.09645965135876566,8.0,8.0,1293.75,1038.5,1.0753188349386225,0.875,3.279131891713663e-05,6.754395851539666e+24,466462.5140374077,10,2025-06-07 00:00:00+00:00,0,-22.687511574074072
1749294000000,15,0.10619590117844514,12.44407623858628,24745.118174614498,0.09355265973815408,4.0,0.26666666666666666,0.10712848091695211,6.0,0.4,0.11519139864446959,5.0,0.3333333333333333,,,0.0,,,0.0,0.05495876242517672,0.038593897312977354,4.0,4.0,1506.75,1424.5,1.161102180617135,0.5,2.8707905167969446e-05,7.010467767590649e+24,493478.1092928251,11,2025-06-07 00:00:00+00:00,0,-22.645844907407408
1749297600000,14,0.08866928319061175,14.62806772132398,29967.951798987302,0.08547520646440698,3.0,0.21428571428571427,0.17872471376856758,4.0,0.2857142857142857,0.038577927171581906,7.0,0.5,,,0.0,,,0.0,0.08547520646440698,0.0,3.0,3.0,765.3333333333334,691.0,0.7902396141044884,0.6666666666666666,2.5035223981876703e-05,6.190257090010523e+24,858736.487754054,12,2025-06-07 00:00:00+00:00,0,-22.60417824074074
1749301200000,6,0.8923204236419983,35.6785590361406,57755.57074596577,,,0.0,1.7392031430442885,3.0,0.5,0.04543770423970795,3.0,0.5,,,0.0,,,0.0,,,,,,,,,2.8119168351707452e-05,5.281053673730432e+24,593281.7113748087,13,2025-06-07 00:00:00+00:00,0,-22.562511574074072
1749304800000,24,0.14215443124368943,18.811822605884284,36885.446629384336,0.23982913080534007,6.0,0.25,0.08079822177986962,10.0,0.4166666666666667,0.14340882833482932,7.0,0.2916666666666667,0.16088754887400458,1.0,0.041666666666666664,,,0.0,0.11167964173127772,0.12814948907406234,6.0,6.0,1253.8333333333333,949.5,0.9974182314170813,0.6666666666666666,2.4412584056199017e-05,5.168965908613298e+24,760812.6293607295,14,2025-06-07 00:00:00+00:00,0,-22.520844907407408
1749308400000,37,0.3372629561685544,87.78277594044658,167636.69320747463,0.3555703284633639,11.0,0.2972972972972973,0.13223187896039146,12.0,0.32432432432432434,0.5090708760952011,13.0,0.35135135135135137,0.362751828377199,1.0,0.02702702702702703,,,0.0,0.28546577441098403,0.07010455405237988,11.0,11.0,1033.2727272727273,1111.0,0.9917466335293692,0.9090909090909091,4.6205242059698615e-05,6.596492346133524e+24,1187346.2418550635,15,2025-06-07 00:00:00+00:00,0,-22.47917824074074
1749312000000,30,0.32320131963185755,64.29351709836496,116482.21339865087,0.18472458966291347,11.0,0.36666666666666664,0.27823828253480354,7.0,0.23333333333333334,0.5175199101653581,11.0,0.36666666666666664,0.02368211310111324,1.0,0.03333333333333333,,,0.0,0.08705624179453772,0.09766834786837576,11.0,11.0,1027.4545454545455,1043.0,0.9550438250606739,0.8181818181818182,4.834691047743492e-05,6.215598403931362e+24,899604.5848871876,16,2025-06-07 00:00:00+00:00,0,-22.437511574074072
1749315600000,48,0.16209519556593452,54.71992205426072,106876.94097647851,0.28542308642000735,16.0,0.3333333333333333,0.10911092163653219,11.0,0.22916666666666666,0.09588475554489928,21.0,0.4375,,,0.0,,,0.0,0.2566906359089587,0.02873245051104867,16.0,16.0,893.4375,1069.5,0.8822302489406777,0.9375,4.182594339440223e-05,6.493258361610622e+24,805641.3342118097,17,2025-06-07 00:00:00+00:00,0,-22.395844907407408
1749319200000,30,0.1528238578255983,40.75421561905573,81815.96339428509,0.11344863297715566,11.0,0.36666666666666664,0.21649669385985476,9.0,0.3,0.15424063071627053,9.0,0.3,0.00014485083410942928,1.0,0.03333333333333333,,,0.0,0.09947477695454382,0.013973856022611838,11.0,11.0,1447.5454545454545,1427.0,1.0982138205145981,0.6363636363636364,4.5062575981347e-05,6.395102883146114e+24,653916.5243686792,18,2025-06-07 00:00:00+00:00,0,-22.35417824074074
1749322800000,10,0.26328098499195807,24.343610884029054,60305.30273445115,0.1217960329267656,3.0,0.3,0.4472408398631432,5.0,0.5,0.015608775911783897,2.0,0.2,,,0.0,,,0.0,0.07061896031742627,0.05117707260933931,3.0,3.0,1047.0,1330.0,0.9326402915864552,0.6666666666666666,2.463592583835627e-05,6.255055752545596e+24,308156.4595739557,19,2025-06-07 00:00:00+00:00,0,-22.312511574074072
1749326400000,17,0.16208792606883737,16.82281307823816,32997.710144053504,0.1876594614490289,8.0,0.47058823529411764,0.20883908663272158,5.0,0.29411764705882354,0.05250590460359905,4.0,0.23529411764705882,,,0.0,,,0.0,0.1876594614490289,0.0,8.0,8.0,3265.0,2134.0,1.6444206638344807,0.375,2.9376240743260198e-05,6.217777152986796e+24,268570.8360665098,20,2025-06-07 00:00:00+00:00,0,-22.270844907407408
1749330000000,10,0.25098676831070577,15.379937651241615,30300.178517632437,0.25717851924700763,5.0,0.5,0.29123487763516465,4.0,0.4,0.059035576331360924,1.0,0.1,,,0.0,,,0.0,0.2571750441918751,3.4750551325402057e-06,5.0,5.0,1112.2,1235.0,1.0055832364536763,0.8,2.3684945406392544e-05,5.500057040293324e+24,473156.82240671077,21,2025-06-07 00:00:00+00:00,0,-22.22917824074074
1749333600000,13,0.1448086233069494,15.787545127694003,31556.08710242777,0.22115485725604947,5.0,0.38461538461538464,0.1206272056831813,5.0,0.38461538461538464,0.0058673812980457665,2.0,0.15384615384615385,0.16186702569809686,1.0,0.07692307692307693,,,0.0,0.19048784781528372,0.030667009440765725,5.0,5.0,1574.4,1426.0,1.223028449319285,0.6,3.728682221595813e-05,5.933438279833767e+24,447734.6862574098,22,2025-06-07 00:00:00+00:00,0,-22.187511574074072
1749337200000,32,0.4393888374406825,87.34937740721226,149117.01095609448,0.23219138106312256,5.0,0.15625,0.7470473359061413,14.0,0.4375,0.20334497984914482,12.0,0.375,0.0006834319105130174,1.0,0.03125,,,0.0,0.23219138106312256,0.0,5.0,5.0,651.0,795.0,0.7651076320532261,1.0,4.725089171758873e-05,5.324977145147479e+24,603037.8042693256,23,2025-06-07 00:00:00+00:00,0,-22.145844907407408
1749340800000,7,0.015341662031642245,2.822893607432419,5723.263772442108,0.06617268413611643,1.0,0.14285714285714285,0.0035232613310219943,1.0,0.14285714285714285,0.007539137750871457,5.0,0.7142857142857143,,,0.0,,,0.0,0.06617268413611643,0.0,1.0,1.0,269.0,269.0,0.5186520991955976,1.0,2.0939826876975996e-05,6.148631809955655e+24,481533.39991099085,0,2025-06-08 00:00:00+00:00,0,-22.10417824074074
1749344400000,25,0.3408043666694826,57.515989071742524,110929.0647310364,0.3652939242097851,8.0,0.32,0.3875125563300022,9.0,0.36,0.2637680957610954,8.0,0.32,,,0.0,,,0.0,0.2114081957914392,0.1538857284183459,8.0,8.0,1169.875,1334.5,0.9970872213224695,0.75,3.509249250486418e-05,6.970219170092461e+24,812898.273913235,1,2025-06-08 00:00:00+00:00,0,-22.062511574074072
1749348000000,15,0.20628404002961462,24.74601781055151,48053.607050616854,0.23358692474995546,4.0,0.26666666666666666,0.24486834334449337,7.0,0.4666666666666667,0.11145862450823596,4.0,0.26666666666666666,,,0.0,,,0.0,0.1950457056065823,0.03854121914337316,4.0,4.0,471.0,212.5,0.6171774355516018,1.0,3.265311633710131e-05,7.143601754714353e+24,644960.774815589,2,2025-06-08 00:00:00+00:00,0,-22.020844907407408
1749351600000,17,0.2659064197704013,24.905657606032502,47204.74185494267,0.06433267051242797,1.0,0.058823529411764705,0.1520096040080786,9.0,0.5294117647058824,0.39516837130530696,6.0,0.35294117647058826,0.7169798016798444,1.0,0.058823529411764705,,,0.0,0.06433267051242797,0.0,1.0,1.0,352.0,352.0,0.593295878967653,1.0,2.5971628414917213e-05,5.580569928742184e+24,860090.7970641289,3,2025-06-08 00:00:00+00:00,0,-21.97917824074074
1749355200000,17,0.18088922269331037,22.361571745170533,43803.41807429627,0.07005714026472383,3.0,0.17647058823529413,0.41629700327206354,5.0,0.29411764705882354,0.08705114984797635,9.0,0.5294117647058824,,,0.0,,,0.0,0.07005714026472383,0.0,3.0,3.0,1683.0,1156.0,1.0160810268011418,0.3333333333333333,2.43147454117751e-05,7.492997854320426e+24,2760240.5112712895,4,2025-06-08 00:00:00+00:00,0,-21.937511574074072
1749358800000,48,0.17043146148541768,81.88627875372299,157046.1926324024,0.09663546259269436,7.0,0.14583333333333334,0.16635828009093234,17.0,0.3541666666666667,0.2063161902630867,22.0,0.4583333333333333,0.06860748290871566,2.0,0.041666666666666664,,,0.0,0.052634260937097506,0.044001201655596844,7.0,7.0,685.1428571428571,692.0,0.7856123765696321,1.0,2.992061776146053e-05,9.495905784710027e+24,2968282.478439829,5,2025-06-08 00:00:00+00:00,0,-21.895844907407408
1749362400000,16,0.08748349870725969,21.23488765734356,42854.289327620725,0.04504355857360299,1.0,0.0625,0.15099463596091478,5.0,0.3125,0.059971924093797827,10.0,0.625,,,0.0,,,0.0,0.04504355857360299,0.0,1.0,1.0,302.0,302.0,0.5495452665613635,1.0,2.5446634747006902e-05,9.467193563343491e+24,2602279.2032527686,6,2025-06-08 00:00:00+00:00,0,-21.85417824074074
1749366000000,33,0.26525809595217364,72.54907815260314,137436.3019691029,0.10542269071751713,7.0,0.21212121212121213,0.26091893876941724,12.0,0.36363636363636365,0.323818396858129,13.0,0.3939393939393939,0.6748919070104263,1.0,0.030303030303030304,,,0.0,0.12741728841684505,-0.02199459769932791,7.0,7.0,1424.7142857142858,978.0,1.073524898082654,0.7142857142857143,2.090723492629123e-05,9.518056355917692e+24,2641905.501397123,7,2025-06-08 00:00:00+00:00,0,-21.812511574074072
1749369600000,10,0.06912738954001785,6.747069882553568,13437.18054391401,0.09597531069827514,3.0,0.3,0.0276661777963008,3.0,0.3,0.08008735747911266,4.0,0.4,,,0.0,,,0.0,0.09597531069827514,0.0,3.0,3.0,481.6666666666667,414.0,0.6899712335819866,1.0,2.095999714580276e-05,9.579518468195947e+24,2359608.420716794,8,2025-06-08 00:00:00+00:00,0,-21.770844907407408
1749373200000,39,0.27504894352433135,91.488055447547,174912.8985322269,0.07464380839484075,6.0,0.15384615384615385,0.28956109134272773,12.0,0.3076923076923077,0.32401489766510216,21.0,0.5384615384615384,,,0.0,,,0.0,0.07464380839484075,0.0,6.0,6.0,781.1666666666666,828.0,0.8369326290808381,1.0,4.6589926302043435e-05,7.357229159072831e+24,3138933.9821225684,9,2025-06-08 00:00:00+00:00,0,-21.72917824074074
1749376800000,17,2.056769553305057,369.1647478832115,277365.8290371487,1.6599192430575698,3.0,0.17647058823529413,0.19268617837094945,6.0,0.35294117647058826,3.6036509508484458,8.0,0.47058823529411764,,,0.0,,,0.0,1.0945784068737001,0.5653408361838697,3.0,3.0,1220.3333333333333,1234.0,1.1030229001860878,1.0,3.24584618584716e-05,8.802389546064044e+24,3225593.3865267513,10,2025-06-08 00:00:00+00:00,0,-21.687511574074072
1749380400000,2,0.04772371537454123,0.7045753047934834,1409.3986042215724,,,0.0,,,0.0,0.04772371537454123,2.0,1.0,,,0.0,,,0.0,,,,,,,,,2.743493843414019e-05,7.618500279556817e+24,2320399.239915098,11,2025-06-08 00:00:00+00:00,0,-21.645844907407408
1749384000000,4,0.4600795758419362,11.992042223653247,22347.70196235059,0.8583200310768913,2.0,0.5,,,0.0,0.06183912060698116,2.0,0.5,,,0.0,,,0.0,0.5505398373262292,0.30778019375066196,2.0,2.0,722.0,722.0,0.8375390925637648,1.0,2.596317227949526e-05,7.807581368765669e+24,756592.0018521046,12,2025-06-08 00:00:00+00:00,0,-21.60417824074074
1749387600000,19,0.20396329985052886,21.309279418755175,41415.18239605705,0.020612732087314962,2.0,0.10526315789473684,0.38663687519674855,8.0,0.42105263157894735,0.08233135904571447,9.0,0.47368421052631576,,,0.0,,,0.0,0.020612732087314962,0.0,2.0,2.0,1784.5,1784.5,1.3199506451583458,0.5,3.0081319150972067e-05,5.626529010761241e+24,791465.9472823944,13,2025-06-08 00:00:00+00:00,0,-21.562511574074072
1749391200000,17,0.1254398458918724,13.155404952357483,25907.301004882785,0.21194083044277748,6.0,0.35294117647058826,0.15062155043710657,4.0,0.23529411764705882,0.036906599393819906,7.0,0.4117647058823529,,,0.0,,,0.0,0.21188061216963175,6.021827314572903e-05,6.0,6.0,803.0,877.0,0.812386185841515,1.0,3.1017586643684116e-05,5.521462434602248e+24,617844.0111588354,14,2025-06-08 00:00:00+00:00,0,-21.520844907407408
1749394800000,7,0.28375976053073254,8.457779317495792,16317.07179301722,0.40231006062967056,3.0,0.42857142857142855,0.29260883794124826,1.0,0.14285714285714285,0.16225976796162248,3.0,0.42857142857142855,,,0.0,,,0.0,0.40231006062967056,0.0,3.0,3.0,529.6666666666666,690.0,0.6490870862400948,1.0,2.460672015398285e-05,5.851028130650473e+24,492205.0934887343,15,2025-06-08 00:00:00+00:00,0,-21.47917824074074
1749398400000,22,0.1836550261690811,21.942579484289794,41459.7205094251,0.17161051987358167,5.0,0.22727272727272727,0.2613881315710652,10.0,0.45454545454545453,0.08121095152017474,7.0,0.3181818181818182,,,0.0,,,0.0,0.44735642842297796,-0.2757459085493963,5.0,5.0,1144.6,1146.0,1.0196595246861215,0.6,2.9679626578916263e-05,5.874499725015224e+24,503014.52060090087,16,2025-06-08 00:00:00+00:00,0,-21.437511574074072
1749402000000,35,0.17173846116038471,43.56143635967593,84565.1840823507,0.3505301506121235,11.0,0.3142857142857143,0.12929518351890035,10.0,0.2857142857142857,0.06157590347793591,14.0,0.4,,,0.0,,,0.0,0.15530205327281837,0.19522809733930513,11.0,11.0,967.9090909090909,993.0,0.9342857529330679,0.8181818181818182,2.880917266446891e-05,6.41961656860766e+24,517739.14419944596,17,2025-06-08 00:00:00+00:00,0,-21.395844907407408
1749405600000,16,0.18038364047332378,19.36452842452968,37954.7080625025,0.27586291898018966,5.0,0.3125,0.017893666500738876,2.0,0.125,0.18036434992319428,8.0,0.5,0.028121520285200215,1.0,0.0625,,,0.0,0.12260401718700453,0.15325890179318513,5.0,5.0,1215.0,1164.0,1.0982500526362144,0.8,2.6954075153425038e-05,6.506632983525779e+24,251536.5618122458,18,2025-06-08 00:00:00+00:00,0,-21.35417824074074
1749409200000,16,0.2153891845040794,21.497133815599035,41540.723138691676,0.3961826034184164,3.0,0.1875,0.24687383451508502,7.0,0.4375,0.08826038336740438,6.0,0.375,,,0.0,,,0.0,0.4470897027836251,-0.05090709936520869,3.0,3.0,975.0,1186.0,0.8688667028041582,0.6666666666666666,2.936540503370619e-05,6.0896653480079e+24,353468.8886879411,19,2025-06-08 00:00:00+00:00,0,-21.312511574074072
1749412800000,14,0.6017882902650464,41.10891346948193,74038.39807444584,0.9462438862850631,4.0,0.2857142857142857,0.3928228788692664,7.0,0.5,0.6301001221618444,3.0,0.21428571428571427,,,0.0,,,0.0,0.3735605300170296,0.5726833562680334,4.0,4.0,1069.5,1076.0,1.0340646726171947,1.0,3.6893730797874215e-05,5.976837376271587e+24,536844.2039761755,20,2025-06-08 00:00:00+00:00,0,-21.270844907407408
1749416400000,24,0.1931992817632702,30.30403793698627,59834.53406297947,0.2556706220395487,8.0,0.3333333333333333,0.18573653867254108,9.0,0.375,0.13139841970703223,7.0,0.2916666666666667,,,0.0,,,0.0,0.1602641072392984,0.09540651480025031,8.0,8.0,1120.125,1027.5,0.9957841967108072,0.875,2.676972089885954e-05,5.568602375553511e+24,448357.78814353095,21,2025-06-08 00:00:00+00:00,0,-21.22917824074074
1749420000000,23,0.2998532242618329,41.25619521058669,79747.41556881802,0.2789051075643466,5.0,0.21739130434782608,0.30472577492643604,11.0,0.4782608695652174,0.30715929942994685,7.0,0.30434782608695654,,,0.0,,,0.0,0.0956908754722362,0.1832142320921104,5.0,5.0,1572.0,1508.0,1.178645787068931,0.4,4.2164658329410224e-05,6.465715331273188e+24,692281.5005134799,22,2025-06-08 00:00:00+00:00,0,-21.187511574074072
1749423600000,14,0.11124511280460124,16.602620343572706,33555.421158954705,0.10521649810580225,4.0,0.2857142857142857,0.14273061889928632,6.0,0.42857142857142855,0.0700454683613726,4.0,0.2857142857142857,,,0.0,,,0.0,0.028449279693147818,0.07676721841265444,4.0,4.0,1862.0,1430.5,1.3075366521634875,0.75,3.087268033106662e-05,6.421268728737543e+24,365067.4534054282,23,2025-06-08 00:00:00+00:00,0,-21.145844907407408
1749427200000,46,0.22891398094753976,82.58540937779054,160947.04153575085,0.18577630678168633,16.0,0.34782608695652173,0.19063797440147798,14.0,0.30434782608695654,0.30554316084119726,16.0,0.34782608695652173,,,0.0,,,0.0,0.1379127039694743,0.04786360281221203,16.0,16.0,941.4375,962.5,0.8956559128915218,0.875,4.575658997967919e-05,8.592836005396715e+24,1076878.9002730583,0,2025-06-09 00:00:00+00:00,0,-21.10417824074074
1749430800000,23,0.10330863656154696,43.0827995562027,85830.30017125522,0.07120960990777477,3.0,0.13043478260869565,0.16194136743783075,11.0,0.4782608695652174,0.04234608548623529,9.0,0.391304347826087,,,0.0,,,0.0,0.07120960990777477,0.0,3.0,3.0,1986.6666666666667,1070.0,1.330203642199817,0.6666666666666666,3.434080158684752e-05,1.3274257072016461e+25,1021877.8694587657,1,2025-06-09 00:00:00+00:00,0,-21.062511574074072
1749434400000,29,0.23167597202772525,45.33191459776819,89882.24189674271,0.1899418253041617,8.0,0.27586206896551724,0.33799486350683405,9.0,0.3103448275862069,0.127375615712637,10.0,0.3448275862068966,0.441679328841431,2.0,0.06896551724137931,,,0.0,0.42092972816765595,-0.23098790286349424,8.0,8.0,805.25,683.5,0.8481952465004534,1.0,4.765852637118871e-05,6.290936801879596e+24,784224.2233354443,2,2025-06-09 00:00:00+00:00,0,-21.020844907407408
1749438000000,52,0.2187300567945438,67.59206040647952,130917.12200619445,0.2159090156872477,14.0,0.2692307692307692,0.26264786793322115,21.0,0.40384615384615385,0.1668018533586568,17.0,0.3269230769230769,,,0.0,,,0.0,0.16092663839094537,0.054982377296302384,14.0,14.0,1128.7857142857142,713.0,0.968445135009573,0.7857142857142857,3.3235957387643335e-05,7.826722812533935e+24,1066606.3293991436,3,2025-06-09 00:00:00+00:00,0,-20.97917824074074
1749441600000,24,0.21066956231696252,60.08211947689716,119209.1965778499,0.46050358127558855,5.0,0.20833333333333334,0.08197997334268826,11.0,0.4583333333333333,0.23147148530744832,8.0,0.3333333333333333,,,0.0,,,0.0,0.36827827984809314,0.09222530142749541,5.0,5.0,702.4,593.0,0.787165665377668,1.0,3.0484717848304574e-05,9.891705208511765e+24,723633.2653460553,4,2025-06-09 00:00:00+00:00,0,-20.937511574074072
1749445200000,10,0.18260819529170458,12.253319298699921,24046.321279569725,0.05912122069851467,1.0,0.1,0.07806603296911951,4.0,0.4,0.2909393200684106,5.0,0.5,,,0.0,,,0.0,0.05912122069851467,0.0,1.0,1.0,1799.0,1799.0,1.341268056728408,0.0,2.9747953172385647e-05,5.695832624790751e+24,599203.1119763167,5,2025-06-09 00:00:00+00:00,0,-20.895844907407408
1749448800000,39,0.17560396943964396,41.017625410536354,79175.85751804033,0.2326620611704072,9.0,0.23076923076923078,0.15378240741576332,12.0,0.3076923076923077,0.1616226315901828,18.0,0.46153846153846156,,,0.0,,,0.0,0.16415349787598574,0.06850856329442145,9.0,9.0,852.6666666666666,692.0,0.8562368675375304,0.8888888888888888,3.42176514725374e-05,6.121955104685445e+24,774704.1122999123,6,2025-06-09 00:00:00+00:00,0,-20.85417824074074
1749452400000,19,0.8372061809914598,152.27842153154756,239489.50233985236,0.18700041223021924,8.0,0.42105263157894735,0.09110470766627177,7.0,0.3684210526315789,3.44329529683302,4.0,0.21052631578947367,,,0.0,,,0.0,0.10996726402881951,0.07703314820139973,8.0,8.0,847.5,822.0,0.8978411364352201,1.0,2.3390001983997637e-05,6.570826299593546e+24,1199309.8920184663,7,2025-06-09 00:00:00+00:00,0,-20.812511574074072
1749456000000,38,0.22444245884142547,55.65546693946186,106662.44000962797,0.36075965604482224,12.0,0.3157894736842105,0.20222079037235818,17.0,0.4473684210526316,0.08443259345348055,8.0,0.21052631578947367,0.08648337947836804,1.0,0.02631578947368421,,,0.0,0.21955399726733058,0.1412056587774916,12.0,12.0,1240.3333333333333,1295.5,1.0736120084499192,0.6666666666666666,3.609069862789454e-05,6.704953496645035e+24,751704.3723823421,8,2025-06-09 00:00:00+00:00,0,-20.770844907407408
1749459600000,9,0.23848671061477578,19.91438823108538,39585.73795460364,,,0.0,0.24708368928289415,4.0,0.4444444444444444,0.2316091276802811,5.0,0.5555555555555556,,,0.0,,,0.0,,,,,,,,,2.914823841137725e-05,7.389194565314391e+24,919739.8967493658,9,2025-06-09 00:00:00+00:00,0,-20.72917824074074
1749463200000,36,0.6090689106311209,151.36804533685552,255552.553203067,0.8324012123335389,9.0,0.25,0.641686424690698,14.0,0.3888888888888889,0.4193276866191327,13.0,0.3611111111111111,,,0.0,,,0.0,1.9338788424979891,-1.1014776301644504,9.0,9.0,934.5555555555555,903.0,0.9098856656490624,0.8888888888888888,4.143308322840554e-05,7.634976661027486e+24,1389971.213864737,10,2025-06-09 00:00:00+00:00,0,-20.687511574074072
1749466800000,18,0.18944328733370341,21.739083931705693,42495.376627675876,0.16363810082927818,6.0,0.3333333333333333,0.5249107979930359,3.0,0.16666666666666666,0.09482424145020936,9.0,0.5,,,0.0,,,0.0,0.18904204738250077,-0.025403946553222607,6.0,6.0,1394.6666666666667,1284.0,1.1415224790990273,0.8333333333333334,3.560726091839135e-05,6.539210605475789e+24,1114481.3822547114,11,2025-06-09 00:00:00+00:00,0,-20.645844907407408
1749470400000,13,0.10825306652866559,9.80960327700384,19471.932854311308,0.15332756858860586,4.0,0.3076923076923077,,,0.0,0.08821995450202545,9.0,0.6923076923076923,,,0.0,,,0.0,0.15332756858860586,0.0,4.0,4.0,1039.75,1232.5,0.986953086241043,1.0,2.649954520755545e-05,6.35086695761068e+24,1193713.0624999374,12,2025-06-09 00:00:00+00:00,0,-20.60417824074074
1749474000000,22,0.24845272912395752,37.496418982891846,73631.73032295729,0.08660557463939482,3.0,0.13636363636363635,0.3234167538218634,5.0,0.22727272727272727,0.2563613962642545,14.0,0.6363636363636364,,,0.0,,,0.0,0.035553560892580445,0.051052013746814374,3.0,3.0,309.3333333333333,41.0,0.4313877280380954,1.0,4.991909022360898e-05,6.265470880429081e+24,1521702.596069764,13,2025-06-09 00:00:00+00:00,0,-20.562511574074072
1749477600000,38,0.20166855749188142,51.15055797418709,100847.71343279343,0.250302438923276,11.0,0.2894736842105263,0.2461591651861452,11.0,0.2894736842105263,0.1376454712179913,16.0,0.42105263157894735,,,0.0,,,0.0,0.069836774574752,0.18046566434852404,11.0,11.0,837.4545454545455,890.0,0.9092006191069207,1.0,4.428156865914112e-05,6.328276576030136e+24,1255280.7313240469,14,2025-06-09 00:00:00+00:00,0,-20.520844907407408
1749481200000,7,0.17781510578653645,9.352696255899984,18522.93638585564,0.08828021313301171,2.0,0.2857142857142857,0.07350938846795596,1.0,0.14285714285714285,0.24865898144294396,4.0,0.5714285714285714,,,0.0,,,0.0,0.08828021313301171,0.0,2.0,2.0,540.0,540.0,0.6282185396840803,1.0,2.8885226193572253e-05,5.923598566125586e+24,807170.207602466,15,2025-06-09 00:00:00+00:00,0,-20.47917824074074
1749484800000,18,0.150496893170622,18.16453157285416,35982.44052942922,0.2553589911117729,6.0,0.3333333333333333,0.15929695107756683,3.0,0.16666666666666666,0.07765547524087314,9.0,0.5,,,0.0,,,0.0,0.17936762564822709,0.07599136546354579,6.0,6.0,801.5,918.5,0.8290361110574277,1.0,4.4091301467565384e-05,5.579624721926329e+24,965857.5793393062,16,2025-06-09 00:00:00+00:00,0,-20.437511574074072
1749488400000,19,0.20815217805337116,28.44602198182454,56586.89272206578,0.265967491640729,6.0,0.3157894736842105,0.20283658313802624,5.0,0.2631578947368421,0.19060501298256624,7.0,0.3684210526315789,0.010668426601583188,1.0,0.05263157894736842,,,0.0,0.1900737543579081,0.07589373728282094,6.0,6.0,1206.0,1376.0,1.0775503574925995,0.8333333333333334,3.4244386191346574e-05,5.578364959284085e+24,692522.0554691497,17,2025-06-09 00:00:00+00:00,0,-20.395844907407408
1749492000000,17,0.32898669251573054,35.72404803017733,71313.2080159192,0.35773444669725607,6.0,0.35294117647058826,0.3440513427817557,7.0,0.4117647058823529,0.2595019232778982,4.0,0.23529411764705882,,,0.0,,,0.0,0.20610329256228807,0.151631154134968,6.0,6.0,879.0,900.0,0.91464005257999,1.0,3.368061518306308e-05,5.986631217654493e+24,508351.05384039547,18,2025-06-09 00:00:00+00:00,0,-20.35417824074074
1749495600000,32,0.26852031417699557,55.38373751878846,110048.23940234509,0.2931803530285549,13.0,0.40625,0.3276255918088821,11.0,0.34375,0.14717799429936773,8.0,0.25,,,0.0,,,0.0,0.1417004407758528,0.1514799122527021,13.0,13.0,1344.7692307692307,1202.0,1.1157128166530421,0.8461538461538461,3.691596075396411e-05,5.72213260968293e+24,663309.2469964395,19,2025-06-09 00:00:00+00:00,0,-20.312511574074072
1749499200000,45,0.33790959169877505,78.94198580977475,152890.3296458359,0.41200513377001774,22.0,0.4888888888888889,0.22695197151606147,14.0,0.3111111111111111,0.3293878980310694,9.0,0.2,,,0.0,,,0.0,0.13028569396980283,0.2817194398002149,22.0,22.0,989.0,797.5,0.9229306718525409,0.9090909090909091,5.4180435302281207e-05,5.022346738132692e+24,847432.775448245,20,2025-06-09 00:00:00+00:00,0,-20.270844907407408
1749502800000,47,0.8737237952138093,253.50034100146078,414450.36600042984,2.441177853462413,11.0,0.23404255319148937,0.4272235269967488,19.0,0.40425531914893614,0.37049154376370563,16.0,0.3404255319148936,0.16695027380498206,1.0,0.02127659574468085,,,0.0,0.5151244248221395,1.926053428640273,11.0,11.0,970.8181818181819,752.0,0.939548804194735,0.9090909090909091,6.405679940080864e-05,5.075744649858401e+24,1137928.4311529635,21,2025-06-09 00:00:00+00:00,0,-20.22917824074074
1749506400000,47,0.5151560629924136,121.65850688275086,218451.95637898563,0.37544915032946147,16.0,0.3404255319148936,0.35403996995280096,17.0,0.3617021276595745,0.7099029823510098,13.0,0.2765957446808511,2.9577302956113094,1.0,0.02127659574468085,,,0.0,0.16907189007903545,0.20637726025042602,16.0,16.0,1245.0,830.5,1.0036070925955998,0.75,9.09659744106621e-05,4.7281815960508977e+24,1189183.982192783,22,2025-06-09 00:00:00+00:00,0,-20.187511574074072
1749510000000,36,0.40928130428599174,72.19515068206259,133132.97309333642,0.5613819718691725,10.0,0.2777777777777778,0.5255567384316815,11.0,0.3055555555555556,0.23821922488525746,14.0,0.3888888888888889,0.004113964461875848,1.0,0.027777777777777776,,,0.0,0.20097085638304693,0.3604111154861256,10.0,10.0,1275.0,1084.5,1.0946613890800552,0.8,4.069076739732148e-05,5.345433491366529e+24,746198.710955004,23,2025-06-09 00:00:00+00:00,0,-20.145844907407408
1749513600000,45,0.2628598225667516,68.03387973041583,132903.15440912766,0.41706705983533787,12.0,0.26666666666666666,0.3760709250380314,11.0,0.24444444444444444,0.12214123282097376,22.0,0.4888888888888889,,,0.0,,,0.0,0.2546922053892108,0.16237485444612712,12.0,12.0,1030.8333333333333,1072.0,0.9781011969357262,0.8333333333333334,5.663493030057165e-05,5.370074125972629e+24,1103327.3435048037,0,2025-06-10 00:00:00+00:00,0,-20.10417824074074
1749517200000,16,0.23595477947225152,21.598069122324198,41806.174194966836,0.17541156981604622,2.0,0.125,0.2511111752194329,7.0,0.4375,0.1374781909803897,6.0,0.375,0.8418059595055637,1.0,0.0625,,,0.0,0.17541156981604622,0.0,2.0,2.0,571.5,571.5,0.7544897945278629,1.0,3.668511412342697e-05,5.838508302742406e+24,622332.6974907892,1,2025-06-10 00:00:00+00:00,0,-20.062511574074072
1749520800000,18,0.38377016929350266,41.34999479325697,78766.95654959787,0.7241995620449515,3.0,0.16666666666666666,0.15148652228125659,4.0,0.2222222222222222,0.3753925701839243,11.0,0.6111111111111112,,,0.0,,,0.0,0.07282268295439198,0.6513768790905594,3.0,3.0,1082.3333333333333,1050.0,1.0400627840067271,1.0,3.603914578165014e-05,5.528810887065709e+24,558457.7529894552,2,2025-06-10 00:00:00+00:00,0,-20.020844907407408
1749524400000,22,0.14138612504175999,22.905479906951083,45369.297711567946,0.0007531539908444199,1.0,0.045454545454545456,0.04310015031761416,4.0,0.18181818181818182,0.1727847644504364,17.0,0.7727272727272727,,,0.0,,,0.0,0.0007531539908444199,0.0,1.0,1.0,1090.0,1090.0,1.044030650891055,1.0,3.270941071603583e-05,5.72809082075654e+24,937775.5871209363,3,2025-06-10 00:00:00+00:00,0,-19.97917824074074
1749528000000,23,0.14086314830172136,31.233631683002145,63465.700885564984,0.07683812757897523,2.0,0.08695652173913043,0.10561579874415875,9.0,0.391304347826087,0.1855463439735722,11.0,0.4782608695652174,0.09462418337491829,1.0,0.043478260869565216,,,0.0,0.07683812757897523,0.0,2.0,2.0,1043.5,1043.5,1.0214422112476909,1.0,2.2612198221071118e-05,6.65608919290333e+24,708943.2909636578,4,2025-06-10 00:00:00+00:00,0,-19.937511574074072
1749531600000,33,0.13612663746155662,35.571255347963515,71863.29321630657,0.42784441101396,2.0,0.06060606060606061,0.1426293469598593,5.0,0.15151515151515152,0.11894129572444205,24.0,0.7272727272727273,0.034376191008771324,2.0,0.06060606060606061,,,0.0,0.12612441564641574,0.30171999536754424,2.0,2.0,1331.0,1331.0,1.1532790126407186,1.0,3.582725494781494e-05,7.632589904155419e+24,1733406.4407554783,5,2025-06-10 00:00:00+00:00,0,-19.895844907407408
1749535200000,37,0.21153276535880697,66.18116350410976,126885.88057014672,0.3259810463623935,4.0,0.10810810810810811,0.30125844117916106,6.0,0.16216216216216217,0.12818460745467763,26.0,0.7027027027027027,1.3824376919296988,1.0,0.02702702702702703,,,0.0,0.09917753357208559,0.2268035127903079,4.0,4.0,1029.0,1046.5,1.010315563440975,1.0,4.163280167916911e-05,8.338636853678503e+24,1963742.7049093521,6,2025-06-10 00:00:00+00:00,0,-19.85417824074074
1749538800000,37,0.2528730067399961,73.02466894695104,137935.9975707212,0.2939552772516114,7.0,0.1891891891891892,0.3166481138718079,8.0,0.21621621621621623,0.21661042716564144,22.0,0.5945945945945946,,,0.0,,,0.0,0.0561457294836678,0.23780954776794364,7.0,7.0,930.4285714285714,1160.0,0.8355222256537553,0.8571428571428571,3.832515321749157e-05,9.21367391389814e+24,2927407.38365293,7,2025-06-10 00:00:00+00:00,0,-19.812511574074072
1749542400000,36,0.24883982650251962,69.65164337260526,136637.1333399719,0.24262957640035526,11.0,0.3055555555555556,0.3901675974905986,11.0,0.3055555555555556,0.14267606009215814,14.0,0.3888888888888889,,,0.0,,,0.0,0.13231758868364957,0.11031198771670571,11.0,11.0,987.0909090909091,936.0,0.9283338250046639,0.8181818181818182,5.7375385088145784e-05,8.181002598235787e+24,2506695.2738527283,8,2025-06-10 00:00:00+00:00,0,-19.770844907407408
1749546000000,54,0.27858335707318294,110.69791472572945,208693.94235675607,0.3388770494783669,15.0,0.2777777777777778,0.5402746365185161,11.0,0.2037037037037037,0.14347587635973919,28.0,0.5185185185185185,,,0.0,,,0.0,0.20743481127428065,0.1314422382040862,15.0,15.0,967.4666666666667,952.0,0.9312932526669603,0.9333333333333333,6.415121689489002e-05,8.71587815431345e+24,2899938.039875057,9,2025-06-10 00:00:00+00:00,0,-19.72917824074074
1749549600000,47,0.20399430106990196,88.45337692071378,170231.25338155392,0.21609904427999807,15.0,0.3191489361702128,0.27973420695349016,10.0,0.2127659574468085,0.16131383711593272,22.0,0.46808510638297873,,,0.0,,,0.0,0.1252966152446343,0.09080242903536373,15.0,15.0,790.6666666666666,861.0,0.805527316586053,0.9333333333333333,4.669500961052711e-05,9.752653712360222e+24,2444315.75987535,10,2025-06-10 00:00:00+00:00,0,-19.687511574074072
1749553200000,58,0.32663123274946065,161.52231322477837,308150.57311982446,0.2470798357778791,10.0,0.1724137931034483,0.3740062150090666,16.0,0.27586206896551724,0.3278035531732769,32.0,0.5517241379310345,,,0.0,,,0.0,0.11165710156713515,0.1354227342107439,10.0,10.0,991.1,892.0,0.9838326149588363,0.9,6.637464703759538e-05,8.963921095724856e+24,3583945.1328191976,11,2025-06-10 00:00:00+00:00,0,-19.645844907407408
1749556800000,56,0.26981241826907476,164.12011349534714,351103.5218448868,0.1278991518312795,12.0,0.21428571428571427,0.3304820014532516,18.0,0.32142857142857145,0.2804927721536997,25.0,0.44642857142857145,0.6137102710918095,1.0,0.017857142857142856,,,0.0,0.11536266209459493,0.012536489736684567,12.0,12.0,715.0833333333334,516.5,0.7918535647160447,1.0,4.986867732351663e-05,8.382165330750985e+24,2433376.76536801,12,2025-06-10 00:00:00+00:00,0,-19.60417824074074
1749560400000,60,0.4882313847390839,195.43477368973137,364921.2203256246,0.2969477762738747,15.0,0.25,0.4989448983685147,15.0,0.25,0.5785164321569731,30.0,0.5,,,0.0,,,0.0,0.2569537894222583,0.03999398685161637,15.0,15.0,999.9333333333333,993.0,0.9736772297686193,0.9333333333333333,5.9331180507339393e-05,7.634373959489601e+24,3131033.923945634,13,2025-06-10 00:00:00+00:00,0,-19.562511574074072
1749564000000,71,0.492607627628331,223.0752708283216,407758.17265864555,0.4585761238455082,17.0,0.23943661971830985,0.7551518382830616,27.0,0.38028169014084506,0.21813867469904646,25.0,0.352112676056338,0.6683904775595151,2.0,0.028169014084507043,,,0.0,0.3076448263096842,0.150931297535824,17.0,17.0,935.8235294117648,993.0,0.9269626620254886,0.9411764705882353,6.728553134588993e-05,6.522609657939108e+24,2525061.62081532,14,2025-06-10 00:00:00+00:00,0,-19.520844907407408
1749567600000,66,0.3986291689934134,143.50257230957646,259406.1640088867,0.632688620048854,19.0,0.2878787878787879,0.41509240374467354,19.0,0.2878787878787879,0.22863163219600918,28.0,0.42424242424242425,,,0.0,,,0.0,0.3065266847693157,0.3261619352795383,19.0,19.0,1187.9473684210527,1095.0,1.0638835557120312,0.8947368421052632,5.809765483501524e-05,5.742015986871137e+24,1860172.2625126569,15,2025-06-10 00:00:00+00:00,0,-19.47917824074074
1749571200000,57,0.21518881643302756,85.19083920812885,167392.39591491234,0.36132606820431207,12.0,0.21052631578947367,0.2390524649819686,22.0,0.38596491228070173,0.11611719515771811,23.0,0.40350877192982454,,,0.0,,,0.0,0.29842586633808926,0.0629002018662228,12.0,12.0,1048.6666666666667,982.5,0.9537336726639402,0.8333333333333334,6.443974304828237e-05,6.264501141433547e+24,1662187.2912360507,16,2025-06-10 00:00:00+00:00,0,-19.437511574074072
1749574800000,40,0.3286080996325923,98.88507155371774,198076.46107186025,0.8322631365825827,11.0,0.275,0.1458092526226461,15.0,0.375,0.1287350495396851,14.0,0.35,,,0.0,,,0.0,2.166262740481054,-1.3339996038984716,11.0,11.0,924.4545454545455,993.0,0.9269684798349089,0.9090909090909091,4.049268581483161e-05,6.721264245367041e+24,956382.6028367071,17,2025-06-10 00:00:00+00:00,0,-19.395844907407408
1749578400000,26,0.17718120909974674,32.37766619999118,63517.36945415956,0.05940865237713173,7.0,0.2692307692307692,0.19585977084680006,10.0,0.38461538461538464,0.2480281290539436,9.0,0.34615384615384615,,,0.0,,,0.0,0.08094705343631314,-0.021538401059181415,7.0,7.0,1587.0,1422.0,1.2138026786317897,0.5714285714285714,4.454798437667086e-05,6.665359147491426e+24,721574.8285643805,18,2025-06-10 00:00:00+00:00,0,-19.35417824074074
1749582000000,37,0.3960830576608134,87.350276221139,164343.52028148557,0.6076371628828169,15.0,0.40540540540540543,0.4628521739078875,9.0,0.24324324324324326,0.1057573942336043,13.0,0.35135135135135137,,,0.0,,,0.0,0.28803213715918935,0.31960502572362753,15.0,15.0,856.3333333333334,909.0,0.8999619504585237,1.0,4.6326738730919044e-05,5.8090895147516e+24,954630.3444351555,19,2025-06-10 00:00:00+00:00,0,-19.312511574074072
1749585600000,40,0.4269450545980368,92.45826358608056,178218.1416737352,0.6926467714155317,13.0,0.325,0.2359604986048793,14.0,0.35,0.3669190134654806,13.0,0.325,,,0.0,,,0.0,0.20958006750483493,0.4830667039106968,13.0,13.0,1087.7692307692307,1150.0,1.0186958389678904,0.8461538461538461,5.337475921039311e-05,4.95895235858592e+24,982800.6805089007,20,2025-06-10 00:00:00+00:00,0,-19.270844907407408
1749589200000,62,0.7035718828372713,230.28880732702027,382114.0095935926,0.9472758440407216,26.0,0.41935483870967744,0.6122193441304492,21.0,0.3387096774193548,0.4090452376075088,15.0,0.24193548387096775,,,0.0,,,0.0,0.413234362304957,0.5340414817357646,26.0,26.0,1106.8461538461538,965.5,0.9914326432774095,0.8076923076923077,8.570623223441803e-05,4.6767590364522344e+24,1379046.121054493,21,2025-06-10 00:00:00+00:00,0,-19.22917824074074
1749592800000,70,0.5586874264539977,177.10795411448527,329782.45679766324,0.8385297618302766,26.0,0.37142857142857144,0.6076074314100054,24.0,0.34285714285714286,0.1272425728580325,19.0,0.2714285714285714,0.30615880604989865,1.0,0.014285714285714285,,,0.0,0.32333474662629924,0.5151950152039773,26.0,26.0,1044.9615384615386,1198.5,0.9830908704256748,0.9615384615384616,7.416296282657919e-05,4.7119924642164873e+24,1235670.0550498662,22,2025-06-10 00:00:00+00:00,0,-19.187511574074072
1749596400000,44,0.8735672521386975,214.5476332607866,330060.2471768157,1.4049229696214183,20.0,0.45454545454545453,0.47596915873788903,14.0,0.3181818181818182,0.3674931479343878,10.0,0.22727272727272727,,,0.0,,,0.0,0.22919975312075005,1.1757232165006681,20.0,20.0,1167.55,1111.0,1.0370368936477248,0.85,9.244965189894472e-05,5.054368208219151e+24,1164535.566663408,23,2025-06-10 00:00:00+00:00,0,-19.145844907407408
1749600000000,59,0.9008139801614858,349.82745826036586,529566.2682439402,1.1287570609380726,19.0,0.3220338983050847,0.5478203734753662,19.0,0.3220338983050847,1.1181084048704464,19.0,0.3220338983050847,0.02449694156692484,2.0,0.03389830508474576,,,0.0,0.24487961417253198,0.8838774467655406,19.0,19.0,928.0,1052.0,0.932578264661338,1.0,7.815338365051093e-05,5.19128753721114e+24,2124114.2630968895,0,2025-06-11 00:00:00+00:00,0,-19.10417824074074
1749603600000,37,0.26768202121115914,52.1596834059762,99212.640478913,0.2479752300519377,10.0,0.2702702702702703,0.32077507235282715,12.0,0.32432432432432434,0.23834544107063896,15.0,0.40540540540540543,,,0.0,,,0.0,0.1138065851283886,0.13416864492354907,10.0,10.0,1050.1,1099.0,1.009423308019898,0.9,4.797050451367341e-05,6.290137559989234e+24,1118762.3165931848,1,2025-06-11 00:00:00+00:00,0,-19.062511574074072
1749607200000,24,0.2626140574751437,89.2314736609805,178582.10825414112,0.16047457577561974,5.0,0.20833333333333334,0.22970096610225127,9.0,0.375,0.34330558056050886,10.0,0.4166666666666667,,,0.0,,,0.0,0.1604707675942939,3.8081813258372677e-06,5.0,5.0,986.0,975.0,0.9311109115129333,0.8,3.7533061268395984e-05,1.2481378297262402e+25,1085354.1933829074,2,2025-06-11 00:00:00+00:00,0,-19.020844907407408
1749610800000,26,0.3750914300617112,49.58530717863551,89747.51582229449,0.24142589965042346,7.0,0.2692307692307692,0.4137853423956901,12.0,0.46153846153846156,0.442424539329035,7.0,0.2692307692307692,,,0.0,,,0.0,0.1561346114294335,0.08529128822098997,7.0,7.0,1156.0,1041.0,1.056315980205601,0.7142857142857143,3.505804728608737e-05,5.050864733143912e+24,523116.1172382546,3,2025-06-11 00:00:00+00:00,0,-18.97917824074074
1749614400000,36,0.13434475909056864,28.81178754136656,57271.71049975291,0.20135920535942767,11.0,0.3055555555555556,0.10690332394672895,11.0,0.3055555555555556,0.10987606010563442,13.0,0.3611111111111111,0.017134723519500634,1.0,0.027777777777777776,,,0.0,0.14703198770510337,0.054327217654324335,11.0,11.0,1610.090909090909,1004.0,1.142616036076026,0.8181818181818182,2.8928000387931232e-05,5.074859054530663e+24,522320.6911350452,4,2025-06-11 00:00:00+00:00,0,-18.937511574074072
1749618000000,12,0.17507438695154653,16.984648344206462,32925.133693131655,0.051444781042727906,3.0,0.25,0.47880445367132646,3.0,0.25,0.08502415654606583,6.0,0.5,,,0.0,,,0.0,0.051444781042727906,0.0,3.0,3.0,1080.6666666666667,1071.0,1.031610156803114,1.0,2.685980390138913e-05,9.0321480851466e+24,510406.00976243726,5,2025-06-11 00:00:00+00:00,0,-18.895844907407408
1749621600000,40,0.48793595500457465,170.27459265744554,297286.02508674876,0.7040773726507361,15.0,0.375,0.3278052472524197,14.0,0.35,0.4346267569144179,10.0,0.25,0.020736579743889545,1.0,0.025,,,0.0,1.2492431999373967,-0.5451658272866607,15.0,15.0,1261.1333333333334,1169.0,1.113146615257586,0.8666666666666667,5.340927316015374e-05,9.59842705294131e+24,1136739.4882407668,6,2025-06-11 00:00:00+00:00,0,-18.85417824074074
1749625200000,44,0.24350457336861997,85.70417485777472,163648.4817758058,0.4380612696693717,11.0,0.25,0.2520936722175725,15.0,0.3409090909090909,0.12429224929248939,17.0,0.38636363636363635,0.0011539406202841843,1.0,0.022727272727272728,,,0.0,0.12608453044077247,0.3119767392285992,11.0,11.0,1485.5454545454545,1138.0,1.1771567610234022,0.5454545454545454,5.060405462541417e-05,6.656162795960008e+24,1044131.6403514005,7,2025-06-11 00:00:00+00:00,0,-18.812511574074072
1749628800000,35,0.25007350893250513,50.345816248837295,98189.70332712466,0.23641759367328882,9.0,0.2571428571428571,0.25314926487174805,15.0,0.42857142857142855,0.2470105018379934,9.0,0.2571428571428571,0.302240489979959,2.0,0.05714285714285714,,,0.0,0.31921740620086875,-0.08279981252757986,9.0,9.0,1010.6666666666666,1110.0,0.9484829148680668,0.8888888888888888,3.639259740400997e-05,5.633047338962172e+24,927962.5854162292,8,2025-06-11 00:00:00+00:00,0,-18.770844907407408
1749632400000,6,0.3269140655772446,18.8345842043943,39543.89131142687,0.4840795758337445,2.0,0.3333333333333333,0.8358599365071483,1.0,0.16666666666666666,0.05248843509627684,3.0,0.5,,,0.0,,,0.0,0.03690586800109574,0.44717370783264876,2.0,2.0,2480.0,2480.0,1.4808336065592536,0.5,3.653090462158584e-05,7.885949750914556e+24,850328.083846507,9,2025-06-11 00:00:00+00:00,0,-18.72917824074074
1749636000000,17,0.3959025658441539,39.10220408209473,73905.64501549178,0.21096892308114945,4.0,0.23529411764705882,0.4949727767564237,4.0,0.23529411764705882,0.12025650234115826,6.0,0.35294117647058826,1.061679268651125,3.0,0.17647058823529413,,,0.0,0.21096892308114945,0.0,4.0,4.0,854.0,911.0,0.8540098116630254,1.0,4.07435677507252e-05,5.644550877541464e+24,990437.7759479975,10,2025-06-11 00:00:00+00:00,0,-18.687511574074072
1749639600000,58,0.3353215886774593,99.99052834428336,192132.6782153292,0.4099465222942313,18.0,0.3103448275862069,0.3414131720348478,20.0,0.3448275862068966,0.2756060039033395,19.0,0.3275862068965517,0.004837227136071827,1.0,0.017241379310344827,,,0.0,0.16009192515302445,0.24985459714120684,18.0,18.0,1199.2222222222222,1205.5,1.0368921347348448,0.7222222222222222,5.235635705088898e-05,5.490086601306405e+24,904552.8400419333,11,2025-06-11 00:00:00+00:00,0,-18.645844907407408
1749643200000,42,0.3595963085284734,92.54701054371662,177880.24565355133,0.4088267351622269,11.0,0.2619047619047619,0.48297476941139716,15.0,0.35714285714285715,0.21008308314002677,16.0,0.38095238095238093,,,0.0,,,0.0,0.5040135628463145,-0.09518682768408757,11.0,11.0,1047.0,1030.0,0.9848615282588713,0.8181818181818182,6.589460805231236e-05,5.54580831042413e+24,1528464.461842128,12,2025-06-11 00:00:00+00:00,0,-18.60417824074074
1749646800000,52,0.4831770417755289,138.47012277923952,258192.67466853955,0.8717454849009642,8.0,0.15384615384615385,0.457985990640457,20.0,0.38461538461538464,0.37464677001294366,24.0,0.46153846153846156,,,0.0,,,0.0,0.4411492001703309,0.43059628473063327,8.0,8.0,1000.0,1193.5,0.9517883713690576,1.0,6.250840913654836e-05,5.640743255928008e+24,1199503.7418235876,13,2025-06-11 00:00:00+00:00,0,-18.562511574074072
1749650400000,43,0.31192896504224304,83.71535618407945,160285.3310051606,0.39591686558593675,13.0,0.3023255813953488,0.27665115514201283,12.0,0.27906976744186046,0.2869375602612896,17.0,0.3953488372093023,0.06827385805319597,1.0,0.023255813953488372,,,0.0,0.28117535985729036,0.1147415057286464,13.0,13.0,875.0769230769231,816.0,0.8980242916620484,1.0,6.005407982322807e-05,5.712187260481367e+24,1190448.168018702,14,2025-06-11 00:00:00+00:00,0,-18.520844907407408
1749654000000,46,0.6221736348771829,167.7515430607169,290349.2900852609,0.9454646050501048,8.0,0.17391304347826086,0.5612133148409958,20.0,0.43478260869565216,0.5462224481738702,18.0,0.391304347826087,,,0.0,,,0.0,0.10525567596120655,0.8402089290888981,8.0,8.0,1716.5,1713.5,1.280254313721441,0.25,9.589339091348803e-05,5.755867551430332e+24,2001832.0226887348,15,2025-06-11 00:00:00+00:00,0,-18.47917824074074
1749657600000,40,0.7633402549305822,177.19439201592274,288533.129293347,1.1222082240610018,14.0,0.35,0.44521058254088247,13.0,0.325,0.6949967297952148,13.0,0.325,,,0.0,,,0.0,1.069250293576237,0.05295793048476494,14.0,14.0,881.2142857142857,901.5,0.8896291654424229,0.9285714285714286,5.3184209864247634e-05,5.722655471866889e+24,1066154.565697956,16,2025-06-11 00:00:00+00:00,0,-18.437511574074072
1749661200000,34,0.30424500990445125,65.06435782564196,127140.85399223265,0.3409043690655354,12.0,0.35294117647058826,0.28218552296873994,13.0,0.38235294117647056,0.32272355577290124,8.0,0.23529411764705882,0.003277663188088094,1.0,0.029411764705882353,,,0.0,1.2801930840096034,-0.939288714944068,12.0,12.0,1365.6666666666667,1212.0,1.1221036606925245,0.75,4.6098966003142886e-05,5.669022397278676e+24,751099.7957888677,17,2025-06-11 00:00:00+00:00,0,-18.395844907407408
1749664800000,46,0.3795139966795359,88.64952387863406,168997.4964169011,0.4259812989281285,15.0,0.32608695652173914,0.5301197655418151,15.0,0.32608695652173914,0.19475799251309367,16.0,0.34782608695652173,,,0.0,,,0.0,0.2361120891526446,0.18986920977548394,15.0,15.0,995.7333333333333,1004.0,0.972819667642945,0.8666666666666667,5.355368661092795e-05,5.514395715721249e+24,785101.5054078754,18,2025-06-11 00:00:00+00:00,0,-18.35417824074074
1749668400000,53,0.33351917936271575,95.77970968149405,183182.96768935717,0.32871872918817485,21.0,0.39622641509433965,0.4673176374242515,19.0,0.3584905660377358,0.14572216017011425,13.0,0.24528301886792453,,,0.0,,,0.0,0.16436217105276615,0.16435655813540867,21.0,21.0,1692.5714285714287,1210.0,1.1319048740534157,0.8095238095238095,4.948515972875408e-05,5.670426473525405e+24,718696.6738202928,19,2025-06-11 00:00:00+00:00,0,-18.312511574074072
1749672000000,32,0.2154125161577371,41.080367016791726,79192.32122842972,0.32656054088698194,12.0,0.375,0.19417240958846313,14.0,0.4375,0.04267671536088672,6.0,0.1875,,,0.0,,,0.0,0.11401849092272624,0.2125420499642557,12.0,12.0,949.4166666666666,1062.5,0.9434564950845862,0.9166666666666666,4.0303288760548625e-05,5.590608903633173e+24,473374.1133569297,20,2025-06-11 00:00:00+00:00,0,-18.270844907407408
1749675600000,40,0.6167613199411269,120.88605467471133,214206.05423429178,0.4875742092990175,10.0,0.25,0.8280885000748238,20.0,0.5,0.32329407031584256,10.0,0.25,,,0.0,,,0.0,0.3375481962782966,0.15002601302072094,10.0,10.0,1238.0,1074.5,1.0583658293828033,0.8,7.041220951406701e-05,5.404423815352628e+24,1003052.8508318592,21,2025-06-11 00:00:00+00:00,0,-18.22917824074074
1749679200000,85,0.399073220362711,181.8611771004001,351806.6885230869,0.4242285316835336,40.0,0.47058823529411764,0.43083505341152273,21.0,0.24705882352941178,0.3370298842927625,23.0,0.27058823529411763,0.15285900311357448,1.0,0.011764705882352941,,,0.0,0.19074666666710638,0.2334818650164272,40.0,40.0,1199.9,993.0,1.0433370164178588,0.8,7.476965479324666e-05,4.929736620676794e+24,1131480.7502135134,22,2025-06-11 00:00:00+00:00,0,-18.187511574074072
1749682800000,15,0.3042036407952389,25.845402358090794,50895.761162261835,0.233619029813008,5.0,0.3333333333333333,0.3528940711500272,8.0,0.5333333333333333,0.28590344683166335,2.0,0.13333333333333333,,,0.0,,,0.0,0.20360345553583228,0.030015574277175716,5.0,5.0,1429.2,863.0,1.103633217881605,0.8,4.022144701661041e-05,5.273137226409867e+24,493149.0654436984,23,2025-06-11 00:00:00+00:00,0,-18.145844907407408
1749686400000,63,0.3693882565558537,128.82721420202367,244819.5181509854,0.2928718534061701,27.0,0.42857142857142855,0.5920708265068119,20.0,0.31746031746031744,0.22015647443224695,16.0,0.25396825396825395,,,0.0,,,0.0,0.1483689712142446,0.14450288219192553,27.0,27.0,1231.4444444444443,1198.0,1.0510126520622074,0.7777777777777778,5.172182426061399e-05,5.792679139464949e+24,1021633.1609590852,0,2025-06-12 00:00:00+00:00,0,-18.10417824074074
1749690000000,39,0.21482283791813864,67.93210278079108,131816.69641014727,0.18056087366069143,13.0,0.3333333333333333,0.338847345844518,15.0,0.38461538461538464,0.08618992123187709,11.0,0.28205128205128205,,,0.0,,,0.0,0.08836838536795236,0.09219248829273906,13.0,13.0,1045.076923076923,1022.0,0.9075583506377769,0.7692307692307693,5.4751099070152464e-05,6.98309122038101e+24,902915.6249636456,1,2025-06-12 00:00:00+00:00,0,-18.062511574074072
1749693600000,24,0.13841586654563873,34.177005264615296,67864.05085530147,0.29368910929769076,6.0,0.25,0.1137286503433187,8.0,0.3333333333333333,0.06500169385626353,10.0,0.4166666666666667,,,0.0,,,0.0,0.06894527393460699,0.22474383536308373,6.0,6.0,997.1666666666666,1163.5,0.9337809752194101,0.8333333333333334,4.256265209574698e-05,7.159715508255635e+24,639031.6465258717,2,2025-06-12 00:00:00+00:00,0,-18.020844907407408
1749697200000,48,0.5742238690609235,156.8699254686586,267195.9912027915,0.5581654365383519,13.0,0.2708333333333333,0.5181913536770637,17.0,0.3541666666666667,0.6672105196765118,17.0,0.3541666666666667,0.15476319291496832,1.0,0.020833333333333332,,,0.0,0.327148103624762,0.2310173329135899,13.0,13.0,994.0769230769231,973.0,0.9759765159745337,0.9230769230769231,6.246438239842696e-05,5.347357321643528e+24,1078259.296060185,3,2025-06-12 00:00:00+00:00,0,-17.97917824074074
1749700800000,54,0.29268675491408086,92.86562271907422,173320.55171798868,0.18337095136126938,15.0,0.2777777777777778,0.48895268218382704,19.0,0.35185185185185186,0.20364634527275768,17.0,0.3148148148148148,0.1008105546039109,3.0,0.05555555555555555,,,0.0,0.17335893661408075,0.010012014747188639,15.0,15.0,1052.6666666666667,1136.0,1.0038619629050032,0.9333333333333333,5.3412756709345035e-05,5.5696164176626e+24,1001563.0795913246,4,2025-06-12 00:00:00+00:00,0,-17.937511574074072
1749704400000,37,0.2323322388637772,55.06465615247913,106710.61086051055,0.29676412216067355,9.0,0.24324324324324326,0.25363079091616103,16.0,0.43243243243243246,0.1556102569879265,12.0,0.32432432432432434,,,0.0,,,0.0,0.14661150728981345,0.1501526148708601,9.0,9.0,1227.888888888889,1299.0,1.0877669850916893,0.7777777777777778,3.6841251234837494e-05,6.503073304476739e+24,823916.9867690506,5,2025-06-12 00:00:00+00:00,0,-17.895844907407408
1749708000000,7,0.5056676148913994,28.780884015182927,49967.01768639681,0.044804060820862086,2.0,0.2857142857142857,0.6900130365196143,5.0,0.7142857142857143,,,0.0,,,0.0,,,0.0,0.044804060820862086,0.0,2.0,2.0,943.5,943.5,0.9665360253198565,1.0,3.815905838498988e-05,7.15928357033453e+24,565143.4864438993,6,2025-06-12 00:00:00+00:00,0,-17.85417824074074
1749711600000,17,0.2590845604479319,28.66151522464124,55099.455164884865,0.432028409330658,2.0,0.11764705882352941,0.18977607173287658,8.0,0.47058823529411764,0.28888173358435904,7.0,0.4117647058823529,,,0.0,,,0.0,0.3571837993759973,0.07484460995466069,2.0,2.0,1373.5,1373.5,1.168227043328617,0.5,4.478146910436414e-05,7.326188270767406e+24,726148.7529488866,7,2025-06-12 00:00:00+00:00,0,-17.812511574074072
1749715200000,25,0.2503539017177746,44.22615244345597,82912.36547679263,0.530863368551538,6.0,0.24,0.22380610397628795,9.0,0.36,0.10594123958485457,10.0,0.4,,,0.0,,,0.0,0.08137715378535275,0.4494862147661853,6.0,6.0,1057.8333333333333,1122.5,1.0036037831209443,1.0,4.402860359554926e-05,7.340493382148592e+24,721067.9986752416,8,2025-06-12 00:00:00+00:00,0,-17.770844907407408
1749718800000,7,0.14278513180405855,10.314688013754939,20989.053113875398,0.10336978890801862,1.0,0.14285714285714285,0.19540717109107086,4.0,0.5714285714285714,0.057248724678053864,2.0,0.2857142857142857,,,0.0,,,0.0,0.10336978890801862,0.0,1.0,1.0,876.0,876.0,0.9359487165438072,1.0,3.0334042129245796e-05,7.322023220489554e+24,397875.648013324,9,2025-06-12 00:00:00+00:00,0,-17.72917824074074
1749722400000,47,0.2925928529720843,74.7501387154325,143715.07638391867,0.24189848201865455,11.0,0.23404255319148937,0.4233004390764893,16.0,0.3404255319148936,0.21912208606201125,19.0,0.40425531914893614,0.15485412708072122,1.0,0.02127659574468085,,,0.0,0.10564229419842928,0.13625618782022528,11.0,11.0,1065.2727272727273,1162.0,0.9972038162195612,0.8181818181818182,5.559828458458735e-05,5.56234220651702e+24,775749.5884132149,10,2025-06-12 00:00:00+00:00,0,-17.687511574074072
1749726000000,38,0.36058833173051086,72.54047577159412,133058.6804727536,0.2836729991168062,4.0,0.10526315789473684,0.7605768174171353,14.0,0.3684210526315789,0.1044373670438507,18.0,0.47368421052631576,0.019858279331490432,2.0,0.05263157894736842,,,0.0,0.17108686222705882,0.11258613688974739,4.0,4.0,1002.0,979.5,0.9988553485786686,1.0,4.321491296208271e-05,5.173545679861537e+24,831432.8771768751,11,2025-06-12 00:00:00+00:00,0,-17.645844907407408
1749729600000,60,0.31191999749391897,101.42906907758224,189602.22901762294,0.4610396949914424,19.0,0.31666666666666665,0.4169258213558367,17.0,0.2833333333333333,0.12438351867239768,23.0,0.38333333333333336,0.006885752283363085,1.0,0.016666666666666666,,,0.0,0.22263564287388155,0.2384040521175608,19.0,19.0,1169.5263157894738,1070.0,1.063877362111653,0.8947368421052632,5.571145668041397e-05,5.165873325948222e+24,1268082.0899299846,12,2025-06-12 00:00:00+00:00,0,-17.60417824074074
1749733200000,42,0.34924222495532686,84.18481886907502,165832.77277960692,0.3825778755929309,10.0,0.23809523809523808,0.34414619848198547,13.0,0.30952380952380953,0.34416909479233176,18.0,0.42857142857142855,0.17345040566663517,1.0,0.023809523809523808,,,0.0,0.24686552755759808,0.13571234803533283,10.0,10.0,1025.0,1074.5,0.9570999630896939,0.9,5.0234553246135896e-05,5.395551797580487e+24,886457.0618296223,13,2025-06-12 00:00:00+00:00,0,-17.562511574074072
1749736800000,25,0.3710196363357276,52.817371452375184,83897.32438849828,5.474694641178228,1.0,0.04,0.26284244060528267,12.0,0.48,0.058073224544919214,11.0,0.44,0.007881509957456852,1.0,0.04,,,0.0,0.8018333923626207,4.672861248815607,1.0,1.0,1705.0,1705.0,1.3057564857200596,0.0,4.088074879784849e-05,5.701018312687398e+24,931753.4510311597,14,2025-06-12 00:00:00+00:00,0,-17.520844907407408
1749740400000,40,0.3813384289453924,90.12932822187942,172984.25706485152,0.20698665900112811,8.0,0.2,0.6359445129215978,10.0,0.25,0.33725128072392074,21.0,0.525,0.15592186138835717,1.0,0.025,,,0.0,0.16926826198471623,0.037718397016411886,8.0,8.0,604.125,583.5,0.7448970183455218,1.0,4.783020131625682e-05,6.315170152129514e+24,1366003.3483548833,15,2025-06-12 00:00:00+00:00,0,-17.47917824074074
1749744000000,51,0.37671870625125276,135.7279811943882,286667.06227047555,0.3834173285744418,11.0,0.21568627450980393,0.7975654572553095,14.0,0.27450980392156865,0.14727488472771916,26.0,0.5098039215686274,,,0.0,,,0.0,0.1229672316999152,0.2604500968745265,11.0,11.0,1116.4545454545455,1019.0,1.038426780123659,0.9090909090909091,5.304843240346606e-05,6.055270339562285e+24,1913666.992916564,16,2025-06-12 00:00:00+00:00,0,-17.437511574074072
1749747600000,45,0.3311435272658247,104.20921233491643,228912.80266606665,0.2755546193551858,14.0,0.3111111111111111,0.5277798297183415,15.0,0.3333333333333333,0.20415468277265097,15.0,0.3333333333333333,0.0646763686246209,1.0,0.022222222222222223,,,0.0,0.18956928042364157,0.08598533893154427,14.0,14.0,998.3571428571429,1095.5,0.9621189246672549,0.7857142857142857,3.899416486512931e-05,6.282963189619777e+24,1912347.211646628,17,2025-06-12 00:00:00+00:00,0,-17.395844907407408
1749751200000,63,0.4572198566428905,198.99455062632117,359965.8583233889,0.6537557001223869,19.0,0.30158730158730157,0.4712483799423949,27.0,0.42857142857142855,0.22856579253772036,16.0,0.25396825396825395,0.00273372712856091,1.0,0.015873015873015872,,,0.0,0.18580709257067748,0.4679486075517094,19.0,19.0,1016.1578947368421,991.0,0.9536484544700761,0.8947368421052632,6.338099129224751e-05,6.234456828899588e+24,1133446.8038902034,18,2025-06-12 00:00:00+00:00,0,-17.35417824074074
1749754800000,57,0.4291404530278159,136.18154089574824,253353.64184291527,0.588839978607432,21.0,0.3684210526315789,0.4810538120609417,17.0,0.2982456140350877,0.2303370434293645,17.0,0.2982456140350877,0.0008608642471140751,2.0,0.03508771929824561,,,0.0,0.2363757024508931,0.35246427615653886,21.0,21.0,1305.952380952381,937.0,1.0827702443534695,0.7619047619047619,6.840321841638943e-05,5.791977032228161e+24,1079816.9846623908,19,2025-06-12 00:00:00+00:00,0,-17.312511574074072
1749758400000,88,0.5075661315854865,226.67931075718968,430999.6019710547,0.4698115789109755,34.0,0.38636363636363635,0.6736076814630934,28.0,0.3181818181818182,0.3495839967577599,24.0,0.2727272727272727,0.7205974466983944,2.0,0.022727272727272728,,,0.0,0.16534438108640725,0.30446719782456827,34.0,34.0,1023.5588235294117,1038.5,0.9907138914219158,0.9411764705882353,8.468869579897288e-05,4.763721559979097e+24,2159128.913095946,20,2025-06-12 00:00:00+00:00,0,-17.270844907407408
1749762000000,96,0.4206664044569261,183.51983875769614,354321.63022323215,0.5324666547262867,39.0,0.40625,0.31659956337736966,28.0,0.2916666666666667,0.38359185873443774,28.0,0.2916666666666667,0.012415474409115286,1.0,0.010416666666666666,,,0.0,0.2503028624546647,0.282163792271622,39.0,39.0,1115.7435897435898,993.0,0.9992464997984494,0.8717948717948718,8.19114436689537e-05,4.3670514890651127e+24,1385534.565795755,21,2025-06-12 00:00:00+00:00,0,-17.22917824074074
1749765600000,54,0.3415124617527069,97.481414241733,192426.97512639454,0.373152408775228,25.0,0.46296296296296297,0.4264173618068973,15.0,0.2777777777777778,0.20792158302047364,13.0,0.24074074074074073,0.013621708895854463,1.0,0.018518518518518517,,,0.0,0.27536481390256096,0.09778759487266697,25.0,25.0,1572.64,1289.0,1.150145567465704,0.8,6.278798411943183e-05,4.379939564523699e+24,726752.1989976771,22,2025-06-12 00:00:00+00:00,0,-17.187511574074072
1749769200000,46,0.416439944587664,87.75869575178835,167622.55606453426,0.48119290349458044,20.0,0.43478260869565216,0.37185666055015354,18.0,0.391304347826087,0.35486993640477127,8.0,0.17391304347826086,,,0.0,,,0.0,0.18335077331188987,0.29784213018269057,20.0,20.0,1037.5,1043.5,0.9989356435872148,0.95,6.050089667863135e-05,4.4564893033266625e+24,657053.168550617,23,2025-06-12 00:00:00+00:00,0,-17.145844907407408
1749772800000,180,0.7071027426666574,607.2827300687408,1160605.914439228,0.6715284417736442,44.0,0.24444444444444444,1.107823864287298,59.0,0.3277777777777778,0.39903463300315706,76.0,0.4222222222222222,2.0430021407674737,1.0,0.005555555555555556,,,0.0,0.289379264996013,0.3821491767776312,44.0,44.0,929.0454545454545,938.5,0.9318477109655198,0.9545454545454546,0.0001569022954224774,4.768739726600233e+24,5816140.5383970775,0,2025-06-13 00:00:00+00:00,0,-17.10417824074074
1749776400000,173,0.6414126142648998,633.8523236598535,1173695.2005089743,0.47939975730225376,48.0,0.2774566473988439,0.9954046790084298,52.0,0.30057803468208094,0.49578288505316614,73.0,0.42196531791907516,,,0.0,,,0.0,0.2168304153044769,0.2625693419977769,48.0,48.0,871.5208333333334,963.0,0.8810042822299445,0.9583333333333334,0.00015514460792621202,5.769701890638574e+24,5486109.875117187,1,2025-06-13 00:00:00+00:00,0,-17.062511574074072
1749780000000,109,0.39619447938929925,256.7267875557858,509536.23838531517,0.4866516930317285,33.0,0.30275229357798167,0.493775045287181,28.0,0.25688073394495414,0.26620105786880527,47.0,0.43119266055045874,0.7885413955116592,1.0,0.009174311926605505,,,0.0,0.2509439802799139,0.23570771275181462,33.0,33.0,1054.3030303030303,1098.0,0.9781497770481974,0.8787878787878788,0.00010611067792788067,5.65985438509456e+24,3050202.204837713,2,2025-06-13 00:00:00+00:00,0,-17.020844907407408
1749783600000,45,0.4237331264870044,107.49403085296642,186892.87403150505,0.597911102784477,15.0,0.3333333333333333,0.37539702632286137,18.0,0.4,0.2785148063613784,12.0,0.26666666666666666,,,0.0,,,0.0,0.23606259827184364,0.36184850451263334,15.0,15.0,1191.7333333333333,1060.0,1.0170531900188686,0.8,7.656392854117142e-05,5.742535486001106e+24,1447128.9570631564,3,2025-06-13 00:00:00+00:00,0,-16.97917824074074
1749787200000,38,0.18211222964900334,47.95642809876406,94856.42643979663,0.10989568350606038,7.0,0.18421052631578946,0.22259820920820872,11.0,0.2894736842105263,0.1851207320414704,20.0,0.5263157894736842,,,0.0,,,0.0,0.15399768209753456,-0.04410199859147416,7.0,7.0,854.0,561.0,0.83988857256024,0.7142857142857143,5.05582232325933e-05,5.316913465417718e+24,1359805.4948565334,4,2025-06-13 00:00:00+00:00,0,-16.937511574074072
1749790800000,19,0.392586977352366,31.702395484833772,59715.595972209776,0.20711485393537943,4.0,0.21052631578947367,0.6170311641796326,7.0,0.3684210526315789,0.28893437558700097,8.0,0.42105263157894735,,,0.0,,,0.0,0.20711485393537943,0.0,4.0,4.0,1052.0,1170.5,1.010283607265439,1.0,5.140109088743215e-05,4.387559033094765e+24,586465.7735442738,5,2025-06-13 00:00:00+00:00,0,-16.895844907407408
1749794400000,59,0.2992689956123788,78.75765447917735,151841.0498593073,0.3115553359590061,20.0,0.3389830508474576,0.3240796375109144,16.0,0.2711864406779661,0.24315162480626365,20.0,0.3389830508474576,0.45915244188344123,3.0,0.05084745762711865,,,0.0,0.18805923220727594,0.12349610375173015,20.0,20.0,987.3,1019.0,0.9421673750434305,0.95,6.351991249017508e-05,4.4140944421567336e+24,1428892.3676362406,6,2025-06-13 00:00:00+00:00,0,-16.85417824074074
1749798000000,20,0.13211106405192508,14.59530561381728,29182.571113679573,0.234949109085285,2.0,0.1,0.07639226696641811,7.0,0.35,0.14887065400936406,11.0,0.55,,,0.0,,,0.0,0.234949109085285,0.0,2.0,2.0,569.0,569.0,0.7041345511272361,1.0,4.5493032152760604e-05,4.555020849845978e+24,1094823.2790066467,7,2025-06-13 00:00:00+00:00,0,-16.812511574074072
1749801600000,63,0.35495688465712594,117.38333993996827,223222.41983775637,0.3072474535805398,24.0,0.38095238095238093,0.5587998814154992,14.0,0.2222222222222222,0.31090832809091973,23.0,0.36507936507936506,0.00712748077891668,2.0,0.031746031746031744,,,0.0,0.21840920836467517,0.08883824521586463,24.0,24.0,1202.9166666666667,882.5,0.9668682888746961,0.9583333333333334,7.479233123718319e-05,5.488305197441531e+24,1969957.9704035614,8,2025-06-13 00:00:00+00:00,0,-16.770844907407408
1749805200000,49,0.29528431914502085,110.93131758424728,214886.42228025073,0.21107043542523563,16.0,0.32653061224489793,0.5879503801298246,16.0,0.32653061224489793,0.0990940346602975,17.0,0.3469387755102041,,,0.0,,,0.0,0.21123405633691628,-0.00016362091168065085,16.0,16.0,978.125,810.5,0.8992940337436677,0.9375,6.412676229701547e-05,6.581962869917128e+24,1878718.7916162466,9,2025-06-13 00:00:00+00:00,0,-16.72917824074074
1749808800000,34,0.3317618494621968,67.33948646252438,128671.17973114754,0.17106358370522645,5.0,0.14705882352941177,0.4772107371640772,11.0,0.3235294117647059,0.2540988547633559,16.0,0.47058823529411764,0.5548425890850073,2.0,0.058823529411764705,,,0.0,0.10982136454352076,0.06124221916170569,5.0,5.0,1828.4,1303.0,1.094872228253665,0.6,5.839504542495605e-05,6.280449525657194e+24,1851093.3279632563,10,2025-06-13 00:00:00+00:00,0,-16.687511574074072
1749812400000,56,0.29581865228564574,116.32294086323297,227857.29226059534,0.3410956123363005,22.0,0.39285714285714285,0.3786050866277462,22.0,0.39285714285714285,0.061035762565594655,12.0,0.21428571428571427,,,0.0,,,0.0,0.22290262869923796,0.1181929836370625,22.0,22.0,987.0909090909091,1014.5,0.929555645531218,0.8636363636363636,6.324069148670757e-05,6.562788891289725e+24,1266961.5984791648,11,2025-06-13 00:00:00+00:00,0,-16.645844907407408
1749816000000,34,0.32161326824389386,69.02840385881827,132674.7241255848,0.46628639578217157,2.0,0.058823529411764705,0.19836412083799324,14.0,0.4117647058823529,0.4013989242775635,18.0,0.5294117647058824,,,0.0,,,0.0,0.15992458196667936,0.3063618138154922,2.0,2.0,1826.0,1826.0,1.2709085255983925,0.5,5.0824999266489914e-05,6.467829709972677e+24,988299.9410459877,12,2025-06-13 00:00:00+00:00,0,-16.60417824074074
1749819600000,45,0.49367612542485234,93.8608998472943,175869.06167772817,0.6386184615827191,15.0,0.3333333333333333,0.5534591326874373,19.0,0.4222222222222222,0.21005326343793032,10.0,0.2222222222222222,0.019892564936956243,1.0,0.022222222222222223,,,0.0,0.22942502986019803,0.409193431722521,15.0,15.0,1380.6666666666667,1438.0,1.149791110733978,0.5333333333333333,6.403927895491697e-05,4.894928243249282e+24,1097406.454099332,13,2025-06-13 00:00:00+00:00,0,-16.562511574074072
1749823200000,45,0.26067053385593897,70.13437827630321,143054.4282690435,0.2748040659768611,13.0,0.28888888888888886,0.2482839456583337,7.0,0.15555555555555556,0.27843081906405626,23.0,0.5111111111111111,0.007912353868215656,2.0,0.044444444444444446,,,0.0,0.274795882446512,8.183530349088645e-06,13.0,13.0,950.7692307692307,1103.0,0.9348747487098924,0.8461538461538461,6.383966277253708e-05,4.937563552261473e+24,1568372.197636126,14,2025-06-13 00:00:00+00:00,0,-16.520844907407408
1749826800000,46,0.23969577736890657,60.93396320207954,121342.07784347005,0.26048370516794345,12.0,0.2608695652173913,0.3839618727113957,15.0,0.32608695652173914,0.11780112164510953,18.0,0.391304347826087,0.02035301667147483,1.0,0.021739130434782608,,,0.0,0.8719294126168459,-0.6114457074489025,12.0,12.0,1185.4166666666667,1134.5,1.080910983778302,0.9166666666666666,6.02656110185625e-05,4.81271082624984e+24,1147098.0527509106,15,2025-06-13 00:00:00+00:00,0,-16.47917824074074
1749830400000,69,0.3422217614059531,112.43705431998838,214712.01456325623,0.3680861079376978,21.0,0.30434782608695654,0.5556837734423815,19.0,0.2753623188405797,0.18363798534185738,29.0,0.42028985507246375,,,0.0,,,0.0,0.16415448192142346,0.20393162601627432,21.0,21.0,984.6666666666666,1051.0,0.9256699523144322,0.9523809523809523,5.6396881707707706e-05,4.7799258605592066e+24,948696.8454568706,16,2025-06-13 00:00:00+00:00,0,-16.437511574074072
1749834000000,54,0.3151747207452336,87.0136518058552,168986.07425195022,0.33960725671858843,19.0,0.35185185185185186,0.2928328225886333,20.0,0.37037037037037035,0.3140160393877847,15.0,0.2777777777777778,,,0.0,,,0.0,0.13809958835028482,0.20150766836830358,19.0,19.0,1381.842105263158,1271.0,1.1481621004757818,0.6842105263157895,5.416594307350559e-05,4.869968865749818e+24,749867.6968631924,17,2025-06-13 00:00:00+00:00,0,-16.395844907407408
1749837600000,50,0.32118979562969935,68.13010777779596,129260.52467815716,0.4434217521734939,15.0,0.3,0.2983370042900684,16.0,0.32,0.2439353384337612,19.0,0.38,,,0.0,,,0.0,0.4434069881860539,1.4763987440002958e-05,15.0,15.0,916.8,960.0,0.9375713748558484,1.0,5.7505353019859295e-05,5.015717183355291e+24,978018.9410767811,18,2025-06-13 00:00:00+00:00,0,-16.35417824074074
1749841200000,60,0.39105910226304413,114.96741942240297,221039.36999378446,0.36277738484159744,24.0,0.4,0.45444491762777944,22.0,0.36666666666666664,0.3399357651266544,14.0,0.23333333333333334,,,0.0,,,0.0,0.18360125294839424,0.17917613189320317,24.0,24.0,1395.4166666666667,1081.0,1.1279209099932637,0.7916666666666666,5.6231327480992875e-05,5.441318553816421e+24,646386.9120579907,19,2025-06-13 00:00:00+00:00,0,-16.312511574074072
1749844800000,31,0.3136257917036337,51.4734591188511,98593.59257270553,0.4729765190175693,7.0,0.22580645161290322,0.18632818356314274,14.0,0.45161290322580644,0.3802969339805661,10.0,0.3225806451612903,,,0.0,,,0.0,0.23151883396466552,0.2414576850529038,7.0,7.0,1065.4285714285713,1157.0,1.022474671502433,1.0,5.284768428797615e-05,5.549644897022664e+24,596504.9114204983,20,2025-06-13 00:00:00+00:00,0,-16.270844907407408
1749848400000,12,0.1823600113456065,13.674383410324848,26752.061879147896,0.3355441842584116,4.0,0.3333333333333333,0.1526854936154719,5.0,0.4166666666666667,0.02757197701209069,3.0,0.25,,,0.0,,,0.0,0.22049270983149227,0.11505147442691932,4.0,4.0,1818.5,1274.0,1.2410941062732186,0.75,3.19337508343824e-05,5.709600431964529e+24,245971.90390850668,21,2025-06-13 00:00:00+00:00,0,-16.22917824074074
1749852000000,10,0.5496037530239349,25.941848139584156,48437.813759477416,0.9133098877839352,3.0,0.3,0.003429583975149593,3.0,0.3,0.6864547787405239,4.0,0.4,,,0.0,,,0.0,0.14808093008115944,0.7652289577027757,3.0,3.0,1355.0,1583.0,1.0951133647458662,0.3333333333333333,3.625033494473112e-05,5.445571161924637e+24,261429.0719729713,22,2025-06-13 00:00:00+00:00,0,-16.187511574074072
1749855600000,15,0.2397174829625173,21.49729721701319,42100.1758877985,0.2650287916462217,7.0,0.4666666666666667,0.32633652596103946,5.0,0.3333333333333333,0.03629269103633693,3.0,0.2,,,0.0,,,0.0,0.06834416705943207,0.19668462458678956,7.0,7.0,951.0,603.0,0.8925625404116905,0.8571428571428571,2.63309479707904e-05,5.825767767770792e+24,206983.82984555478,23,2025-06-13 00:00:00+00:00,0,-16.145844907407408
1749859200000,43,0.21382203170129754,66.60353723900533,132901.07456105985,0.1823624511647125,20.0,0.46511627906976744,0.32342254528210407,11.0,0.2558139534883721,0.16578752847986664,12.0,0.27906976744186046,,,0.0,,,0.0,0.14415968937381718,0.03820276179089532,20.0,20.0,974.1,1007.0,0.9287671050512852,0.9,4.8522474328512103e-05,5.764853678453277e+24,581011.5146668247,0,2025-06-14 00:00:00+00:00,0,-16.10417824074074
1749862800000,16,1.4942494617617472,143.38986200844832,193549.7236652677,2.1905570488679516,5.0,0.3125,1.2825198065056636,9.0,0.5625,0.706263942648615,2.0,0.125,,,0.0,,,0.0,0.4133867071315399,1.7771703417364115,5.0,5.0,1057.8,1138.0,1.0175874720597806,1.0,4.4112778410801664e-05,5.719138059191268e+24,521640.3884648531,1,2025-06-14 00:00:00+00:00,0,-16.062511574074072
1749866400000,17,0.19657736488922292,19.033320834774614,35948.785052669395,0.07570481555715443,6.0,0.35294117647058826,0.2689588091543131,7.0,0.4117647058823529,0.25121866142341787,4.0,0.23529411764705882,,,0.0,,,0.0,0.02459152593522537,0.05111328962192907,6.0,6.0,1055.1666666666667,847.0,0.9148880416707043,0.8333333333333334,2.4381086739141083e-05,5.850950345512251e+24,274230.0591912161,2,2025-06-14 00:00:00+00:00,0,-16.020844907407408
1749870000000,13,0.13630857582013903,16.126923990291587,33828.52578863847,0.1375166501373599,3.0,0.23076923076923078,0.1433991899310637,4.0,0.3076923076923077,0.13097746258757878,6.0,0.46153846153846156,,,0.0,,,0.0,0.1375166501373599,0.0,3.0,3.0,847.0,707.0,0.9121467496493741,1.0,2.387156289525514e-05,5.822402447755743e+24,247936.92022163206,3,2025-06-14 00:00:00+00:00,0,-15.97917824074074
1749873600000,21,0.4365544384441891,53.09526623545283,100405.62563189074,0.2936964434525945,8.0,0.38095238095238093,0.7132065924178235,7.0,0.3333333333333333,0.4174661459160943,4.0,0.19047619047619047,0.07788046455903685,2.0,0.09523809523809523,,,0.0,0.10168492269300045,0.19201152075959405,8.0,8.0,1133.5,1214.0,1.0344453391429997,0.75,2.5714602072362497e-05,5.750938418071191e+24,335317.29775290395,4,2025-06-14 00:00:00+00:00,0,-15.937511574074074
1749877200000,10,0.17996601776582455,10.412010730560473,20307.235880882916,0.334401087931928,2.0,0.2,0.09000259693337387,5.0,0.5,0.2269483390425067,3.0,0.3,,,0.0,,,0.0,0.18115609309865988,0.15324499483326814,2.0,2.0,1248.0,1248.0,1.0998214234815946,0.5,2.431987097494025e-05,5.998517201057209e+24,277116.9728248121,5,2025-06-14 00:00:00+00:00,0,-15.895844907407408
1749880800000,9,0.3423584447167795,16.892560366641405,30787.944953794773,0.15915678429568192,2.0,0.2222222222222222,0.6809289431950886,3.0,0.3333333333333333,0.17737431096065837,3.0,0.3333333333333333,0.1880026713924109,1.0,0.1111111111111111,,,0.0,0.1589999441581379,0.00015684013754402315,2.0,2.0,779.0,779.0,0.8825295726935363,1.0,3.089576992987908e-05,6.271241912054582e+24,251042.9677599527,6,2025-06-14 00:00:00+00:00,0,-15.85417824074074
1749884400000,35,0.18959192494069668,47.25104290021227,94053.42363369526,0.24460099991084586,12.0,0.34285714285714286,0.16471937912998935,10.0,0.2857142857142857,0.15794704482264155,13.0,0.37142857142857144,,,0.0,,,0.0,0.1934585462110049,0.051142453699840974,12.0,12.0,707.0,819.5,0.7842219185480052,1.0,2.9334742585982638e-05,5.95583763766636e+24,451103.418074296,7,2025-06-14 00:00:00+00:00,0,-15.812511574074074
1749888000000,34,0.21245128693134815,39.06517990890449,74553.91316882777,0.2991166320926784,13.0,0.38235294117647056,0.2526452980405923,10.0,0.29411764705882354,0.07348859618682681,11.0,0.3235294117647059,,,0.0,,,0.0,0.18072031069179034,0.11839632140088806,13.0,13.0,1379.6153846153845,1371.0,1.1515116887414405,0.6923076923076923,3.3815998107604054e-05,6.087196228405901e+24,528067.0891808519,8,2025-06-14 00:00:00+00:00,0,-15.770844907407408
1749891600000,11,0.3017006116748169,19.85008093902681,37801.0713786441,0.07476288440611423,2.0,0.18181818181818182,0.08878133123791254,5.0,0.45454545454545453,0.6813185758552985,4.0,0.36363636363636365,,,0.0,,,0.0,0.15175517869392852,-0.07699229428781429,2.0,2.0,888.0,888.0,0.9196547485885507,1.0,2.1130509300956873e-05,5.727480769724848e+24,349529.619820331,9,2025-06-14 00:00:00+00:00,0,-15.72917824074074
1749895200000,17,0.2553729541606491,24.560833934703943,46996.21611948923,0.1340501128922521,5.0,0.29411764705882354,0.17428937989376309,9.0,0.5294117647058824,0.7008284124086354,3.0,0.17647058823529413,,,0.0,,,0.0,0.07256888742046985,0.06148122547178225,5.0,5.0,3086.2,1250.0,1.4100625405748999,0.8,3.3009382739197976e-05,6.094999617418135e+24,315903.16652653005,10,2025-06-14 00:00:00+00:00,0,-15.687511574074074
1749898800000,5,0.24842047587248386,4.84509795441583,9210.535770088389,0.32862158832636534,1.0,0.2,0.062170105727403675,1.0,0.2,0.28377022843621674,3.0,0.6,,,0.0,,,0.0,0.021499584257904554,0.3071220040684608,1.0,1.0,1089.0,1089.0,1.0435516278555652,1.0,1.7807812914729286e-05,5.960632380298204e+24,233023.96625968622,11,2025-06-14 00:00:00+00:00,0,-15.645844907407408
1749902400000,19,0.36147847643494835,47.94346844172101,93882.45404669986,0.44236509074821495,7.0,0.3684210526315789,0.3421353992783026,4.0,0.21052631578947367,0.30037422748916287,8.0,0.42105263157894735,,,0.0,,,0.0,0.42033865400034653,0.022026436747868416,7.0,7.0,1509.2857142857142,1232.0,1.1324887053081698,0.5714285714285714,3.5085392259137464e-05,6.782072136700561e+24,430908.17565440724,12,2025-06-14 00:00:00+00:00,0,-15.60417824074074
1749906000000,25,0.28359436711318675,49.35790574847785,95549.90210063281,1.0465595400061023,2.0,0.08,0.24541178249053133,6.0,0.24,0.20730996487495745,17.0,0.68,,,0.0,,,0.0,0.8928139725000772,0.15374556750602508,2.0,2.0,1141.5,1141.5,1.0571920013661331,1.0,3.329156166525712e-05,6.735239052654822e+24,3008350.229856283,13,2025-06-14 00:00:00+00:00,0,-15.562511574074074
1749909600000,7,0.3555419923916642,15.197818830586064,28540.591857013915,0.12175770980782807,2.0,0.2857142857142857,0.5743965757648617,3.0,0.42857142857142855,0.26104439991570405,2.0,0.2857142857142857,,,0.0,,,0.0,0.12175770980782807,0.0,2.0,2.0,811.5,811.5,0.8549115875727213,1.0,2.6927227054274747e-05,6.342000044593934e+24,1492136.2891712754,14,2025-06-14 00:00:00+00:00,0,-15.520844907407408
1749913200000,14,0.3354531977810116,23.98833941026466,46175.44309201234,,,0.0,0.3454601488056584,3.0,0.21428571428571427,0.3327240293197443,11.0,0.7857142857142857,,,0.0,,,0.0,,,,,,,,,4.186366832051376e-05,5.128874497321009e+24,966065.1644049059,15,2025-06-14 00:00:00+00:00,0,-15.47917824074074
1749916800000,33,0.2888000571820461,54.541205339927664,104747.51471416664,0.20153150070634665,10.0,0.30303030303030304,0.32405776537003816,10.0,0.30303030303030304,0.32880840201874406,13.0,0.3939393939393939,,,0.0,,,0.0,0.07694629752697402,0.1245852031793726,10.0,10.0,972.2,1024.0,0.9257247695311971,0.8,7.178987812854388e-05,5.157074404487328e+24,1624808.7732736762,16,2025-06-14 00:00:00+00:00,0,-15.437511574074074
1749920400000,48,0.32804965395349445,78.42151775965405,151308.30451145495,0.41031816645043395,20.0,0.4166666666666667,0.5570991970335658,8.0,0.16666666666666666,0.15416132422452644,20.0,0.4166666666666667,,,0.0,,,0.0,0.24705079565929147,0.1632673707911425,20.0,20.0,1186.4,1100.5,1.0224709277858925,0.85,5.2497956370779935e-05,5.277878593042634e+24,1071069.395119784,17,2025-06-14 00:00:00+00:00,0,-15.395844907407408
1749924000000,56,0.2398382754929068,72.94285120805154,142589.57577021947,0.2811313720202423,23.0,0.4107142857142857,0.24356587639784869,20.0,0.35714285714285715,0.16104648793694107,13.0,0.23214285714285715,,,0.0,,,0.0,0.17949316165801896,0.10163821036222333,23.0,23.0,1284.304347826087,1117.0,1.0798237168054319,0.782608695652174,5.3095544155682135e-05,4.941790754596756e+24,791446.7443826775,18,2025-06-14 00:00:00+00:00,0,-15.35417824074074
1749927600000,26,0.21764217439708738,40.04658869292153,79975.47251724907,0.5318341485896141,7.0,0.2692307692307692,0.07302102587736659,10.0,0.38461538461538464,0.13396080393592305,9.0,0.34615384615384615,,,0.0,,,0.0,0.10818889908607296,0.4236452495035411,7.0,7.0,2009.4285714285713,1714.0,1.3874966518373346,0.42857142857142855,4.387324415906051e-05,5.063859659723749e+24,330221.5519549425,19,2025-06-14 00:00:00+00:00,0,-15.312511574074074
1749931200000,33,0.23034332473659366,39.43144506971574,77583.5655460256,0.2942939276684104,15.0,0.45454545454545453,0.24173598109510674,9.0,0.2727272727272727,0.112366330158386,9.0,0.2727272727272727,,,0.0,,,0.0,0.1796401703672056,0.11465375730120482,15.0,15.0,1996.4,1188.0,1.1695504046372283,0.8,5.3540268931457994e-05,4.885822286796666e+24,567626.0348294609,20,2025-06-14 00:00:00+00:00,0,-15.270844907407408
1749934800000,40,0.2964571528075487,59.804620517892246,113575.76847529905,0.16434961078801755,17.0,0.425,0.4908768061563,16.0,0.4,0.19947099697622603,6.0,0.15,0.013487848547493082,1.0,0.025,,,0.0,0.10935807375757686,0.05499153703044069,17.0,17.0,1381.6470588235295,823.0,1.0386420091787674,0.9411764705882353,4.221714497522399e-05,4.96850040219088e+24,475714.8202626924,21,2025-06-14 00:00:00+00:00,0,-15.22917824074074
1749938400000,18,0.351261881855381,36.90622162404763,72244.4564441133,0.3013255509546587,11.0,0.6111111111111112,0.25277862689144104,5.0,0.2777777777777778,0.8721198392192031,2.0,0.1111111111111111,,,0.0,,,0.0,0.13194740718102652,0.16937814377363222,11.0,11.0,1445.909090909091,1298.0,1.1333317131751632,0.6363636363636364,3.656212344982748e-05,5.407778547736106e+24,239784.3059010776,22,2025-06-14 00:00:00+00:00,0,-15.187511574074074
1749942000000,7,0.564621019583184,21.136519655737693,40339.91318551683,0.005253685352872746,1.0,0.14285714285714285,0.6578489086215692,6.0,0.8571428571428571,,,0.0,,,0.0,,,0.0,0.005253685352872746,0.0,1.0,1.0,1786.0,1786.0,1.3364131097830492,0.0,2.4027035954454887e-05,5.322238052527387e+24,331077.34048670746,23,2025-06-14 00:00:00+00:00,0,-15.145844907407408
1749945600000,13,0.25858379185549174,21.47712035068186,41898.957189179026,0.4266337570711234,3.0,0.23076923076923078,0.2448340291964624,7.0,0.5384615384615384,0.12261660617759525,3.0,0.23076923076923078,,,0.0,,,0.0,0.4266337570711234,0.0,3.0,3.0,2554.3333333333335,933.0,1.3481127839414462,0.6666666666666666,3.164324579881638e-05,5.453755780380633e+24,241552.53963567378,0,2025-06-15 00:00:00+00:00,0,-15.10417824074074
1749949200000,11,0.3915796744754349,23.751074888930606,46753.781433998745,0.3934583191661555,5.0,0.45454545454545453,0.2592506865867249,1.0,0.09090909090909091,0.41616682736245625,5.0,0.45454545454545453,,,0.0,,,0.0,0.1766638241124151,0.21679449505374038,5.0,5.0,841.0,599.0,0.8978924705149904,1.0,3.2166754940416574e-05,5.505080145716706e+24,270747.35646613804,1,2025-06-15 00:00:00+00:00,0,-15.062511574074074
1749952800000,7,0.10049685049450209,9.97361177629633,21940.260270473955,0.09332183631083779,2.0,0.2857142857142857,0.10336685616796781,5.0,0.7142857142857143,,,0.0,,,0.0,,,0.0,0.09332183631083779,0.0,2.0,2.0,393.0,393.0,0.5492255495004447,1.0,2.196343051735558e-05,5.362002635200707e+24,230837.10051415156,2,2025-06-15 00:00:00+00:00,0,-15.020844907407408
1749960000000,8,0.1558815487640074,12.490165335613405,25288.814354539354,0.17947529731369952,3.0,0.375,0.13455711827148764,1.0,0.125,0.14351734497486823,4.0,0.5,,,0.0,,,0.0,0.07662169793402866,0.10285359937967087,3.0,3.0,810.0,1141.0,0.8383744338156026,1.0,2.6633368281310376e-05,6.686009824433486e+24,314789.3241978132,4,2025-06-15 00:00:00+00:00,0,-14.937511574074074
1749963600000,7,0.3380038181164276,15.905138264851965,30505.574065889778,0.0006554518411404711,1.0,0.14285714285714285,0.022955037781162597,2.0,0.2857142857142857,0.5798652998528818,4.0,0.5714285714285714,,,0.0,,,0.0,0.0006554518411404711,0.0,1.0,1.0,1105.0,1105.0,1.0511898020814319,1.0,2.6335301257953192e-05,6.811149255816988e+24,399084.17268594925,5,2025-06-15 00:00:00+00:00,0,-14.895844907407408
1749967200000,30,0.5510076738235121,129.04901590774958,239780.99239384886,0.9479260980937526,11.0,0.36666666666666664,0.6033465468108278,9.0,0.3,0.06729242143766345,10.0,0.3333333333333333,,,0.0,,,0.0,0.2051999207135646,0.742726177380188,11.0,11.0,1081.6363636363637,999.0,1.0042428701212909,0.8181818181818182,7.372322653555236e-05,7.431013521055409e+24,1347737.3152699126,6,2025-06-15 00:00:00+00:00,0,-14.85417824074074
1749970800000,16,0.10711151755237336,17.097506833279965,34056.54678245783,0.09417579658943953,1.0,0.0625,0.09400225697247717,7.0,0.4375,0.12019908568014925,8.0,0.5,,,0.0,,,0.0,0.09417579658943953,0.0,1.0,1.0,639.0,639.0,0.7993747556684537,1.0,3.4718613334309734e-05,7.279566848376686e+24,620500.8252757541,7,2025-06-15 00:00:00+00:00,0,-14.812511574074074
1749974400000,36,0.31427600392566885,62.86024518473949,116187.00609160365,0.5529554420146782,11.0,0.3055555555555556,0.31814100444694116,15.0,0.4166666666666667,0.04593112124585009,10.0,0.2777777777777778,,,0.0,,,0.0,0.3984445988732663,0.15451084314141186,11.0,11.0,1128.090909090909,1322.0,1.037376843617993,0.9090909090909091,3.469081948213078e-05,5.602178620949377e+24,739189.3765926972,8,2025-06-15 00:00:00+00:00,0,-14.770844907407408
1749978000000,10,0.05024995103608976,10.86109517871796,23508.513004816225,0.03351722860756457,1.0,0.1,0.0014087267110280664,3.0,0.3,0.07745935027004147,6.0,0.6,,,0.0,,,0.0,0.03351722860756457,0.0,1.0,1.0,629.0,629.0,0.7930952023559341,1.0,3.692541142814686e-05,5.636973230842822e+24,848893.6492973614,9,2025-06-15 00:00:00+00:00,0,-14.72917824074074
1749981600000,15,0.24191724304453216,24.64097580016622,49466.63833584587,0.23656293189900246,6.0,0.4,0.46265428172450673,3.0,0.2,0.13690303485007463,6.0,0.4,,,0.0,,,0.0,0.21081336137652051,0.025749570522481946,6.0,6.0,949.8333333333334,657.0,0.8764566755924132,0.8333333333333334,3.182334721271679e-05,6.081399067196504e+24,451510.5854857969,10,2025-06-15 00:00:00+00:00,0,-14.687511574074074
1749985200000,17,0.225580007521432,25.566179897690596,50284.53443058815,0.07145392091988347,7.0,0.4117647058823529,0.2631835942491544,5.0,0.29411764705882354,0.41135089681649134,4.0,0.23529411764705882,0.3733611229134225,1.0,0.058823529411764705,,,0.0,0.07145392091988347,0.0,7.0,7.0,2425.1428571428573,1176.0,1.4348294505460437,0.5714285714285714,3.406814423950028e-05,6.250017980971416e+24,709967.168440424,11,2025-06-15 00:00:00+00:00,0,-14.645844907407408
1749988800000,22,0.202469344250696,36.59735150476784,71179.96561571196,0.24466537107988914,6.0,0.2727272727272727,0.15506426163032333,7.0,0.3181818181818182,0.15343961719413868,8.0,0.36363636363636365,0.6733665780706043,1.0,0.045454545454545456,,,0.0,0.1420049234000378,0.10266044767985132,6.0,6.0,1139.8333333333333,1132.0,1.0597813220803418,1.0,2.8921938929619248e-05,9.191748647914231e+24,1971788.7448003155,12,2025-06-15 00:00:00+00:00,0,-14.60417824074074
1749992400000,74,0.15807783047647994,110.75257295576448,210791.7170343527,0.44484090362972434,13.0,0.17567567567567569,0.1662555044297185,11.0,0.14864864864864866,0.08317318705899156,49.0,0.6621621621621622,0.01053099345560849,1.0,0.013513513513513514,,,0.0,0.16059342174255067,0.28424748188717364,13.0,13.0,813.6153846153846,848.0,0.868150394114304,1.0,4.21689729531639e-05,9.102835974722307e+24,5547434.565680195,13,2025-06-15 00:00:00+00:00,0,-14.562511574074074
1749996000000,81,0.08382307945731271,69.27563526449866,139063.99216406693,0.12906045261566718,15.0,0.18518518518518517,0.07755011226840292,10.0,0.12345679012345678,0.07075833802149802,55.0,0.6790123456790124,0.18655293294090203,1.0,0.012345679012345678,,,0.0,0.06732968106497288,0.061730771550694286,15.0,15.0,847.8666666666667,1008.0,0.8702264900274178,1.0,4.944843928372385e-05,7.805852314942018e+24,5722925.834302199,14,2025-06-15 00:00:00+00:00,0,-14.520844907407408
1749999600000,36,0.1946054215177345,52.53559436900597,96727.11093831735,0.0020996427013740895,1.0,0.027777777777777776,0.4183660723492454,5.0,0.1388888888888889,0.1693013814064616,29.0,0.8055555555555556,0.0021251094034545684,1.0,0.027777777777777776,,,0.0,0.0020996427013740895,0.0,1.0,1.0,1213.0,1213.0,1.1013627921806692,1.0,4.4661185298712875e-05,8.124986882412162e+24,5525447.596771165,15,2025-06-15 00:00:00+00:00,0,-14.47917824074074
1750003200000,19,0.07020712263997611,13.405881307892548,26730.369107556166,0.02216709191298043,3.0,0.15789473684210525,0.12105775890864245,8.0,0.42105263157894735,0.037371497893933125,8.0,0.42105263157894735,,,0.0,,,0.0,0.02216709191298043,0.0,3.0,3.0,856.6666666666666,963.0,0.910714525373645,1.0,3.4206864890841696e-05,7.409100884790938e+24,2228196.5054772403,16,2025-06-15 00:00:00+00:00,0,-14.437511574074074
1750006800000,14,0.05680904603107112,9.457020669282569,18844.670204135837,0.11201915478117393,3.0,0.21428571428571427,0.12165019727802324,3.0,0.21428571428571427,0.012529990925860799,7.0,0.5,0.006608651776378489,1.0,0.07142857142857142,,,0.0,0.11201915478117393,0.0,3.0,3.0,649.6666666666666,704.0,0.79939495322537,1.0,2.4564779274561747e-05,7.982592773049831e+24,1540120.727749879,17,2025-06-15 00:00:00+00:00,0,-14.395844907407408
1750010400000,11,0.14181536207505074,10.438313975299533,20254.419198102245,0.03446629775972088,1.0,0.09090909090909091,0.17302655166806946,5.0,0.45454545454545453,0.13207398534509796,5.0,0.45454545454545453,,,0.0,,,0.0,0.03446629775972088,0.0,1.0,1.0,1114.0,1114.0,1.055461984156701,1.0,1.7473417273237593e-05,7.861081964937673e+24,1221313.040847149,18,2025-06-15 00:00:00+00:00,0,-14.35417824074074
1750014000000,17,0.2750884768237206,24.28322034075724,44643.58912948853,0.059379920661077785,1.0,0.058823529411764705,0.37835651894713596,5.0,0.29411764705882354,0.26976835131964794,10.0,0.5882352941176471,0.027658077410013145,1.0,0.058823529411764705,,,0.0,0.059379920661077785,0.0,1.0,1.0,3393.0,3393.0,1.8420097719610502,0.0,2.969574186350037e-05,7.205695613118672e+24,806766.2625020883,19,2025-06-15 00:00:00+00:00,0,-14.312511574074074
1750017600000,36,0.2475501563162582,45.98373718223361,89528.62078650421,0.2667614923864735,10.0,0.2777777777777778,0.2662961493962514,11.0,0.3055555555555556,0.22099553734411959,15.0,0.4166666666666667,,,0.0,,,0.0,0.11163022859362204,0.15513126379285147,10.0,10.0,758.1,689.0,0.8045462527396344,0.9,4.648068080668324e-05,5.371583333690254e+24,1364755.5820985076,20,2025-06-15 00:00:00+00:00,0,-14.270844907407408
1750021200000,34,0.24261679306460468,44.131511486579555,86983.42214574685,0.27023631785452423,11.0,0.3235294117647059,0.23833460070233228,10.0,0.29411764705882354,0.22254042005949765,13.0,0.38235294117647056,,,0.0,,,0.0,0.2986957525182695,-0.028459434663745273,11.0,11.0,1186.6363636363637,1091.0,1.0396078119763603,0.8181818181818182,4.094504820421821e-05,5.261147999625538e+24,844243.3905639384,21,2025-06-15 00:00:00+00:00,0,-14.22917824074074
1750024800000,28,0.5546556742012381,87.21128809011584,161585.43525930954,0.46270203630918083,13.0,0.4642857142857143,0.3076662498472796,6.0,0.21428571428571427,0.8521372118368484,9.0,0.32142857142857145,,,0.0,,,0.0,0.23641625174111092,0.22628578456806991,13.0,13.0,1021.8461538461538,923.0,0.9629000709216033,0.9230769230769231,6.088219286063723e-05,7.023623910223141e+24,1152791.7600728194,22,2025-06-15 00:00:00+00:00,0,-14.187511574074074
1750028400000,11,0.10353604121014573,13.637256159717625,27480.832345878953,0.23681934797570736,1.0,0.09090909090909091,0.15260797185868025,5.0,0.45454545454545453,0.027807449208498876,5.0,0.45454545454545453,,,0.0,,,0.0,0.23681934797570736,0.0,1.0,1.0,1178.0,1178.0,1.0853570840972109,1.0,3.0413646536536668e-05,7.885685217966421e+24,988952.8880747292,23,2025-06-15 00:00:00+00:00,0,-14.145844907407408
1750032000000,35,0.20783752335237807,60.42668241549176,120277.50014551377,0.23104749151226392,10.0,0.2857142857142857,0.2825487895439988,11.0,0.3142857142857143,0.1325572655161862,14.0,0.4,,,0.0,,,0.0,0.10750725346609247,0.12354023804617142,10.0,10.0,1571.2,1379.0,1.2350963025285473,0.7,5.059613560206479e-05,7.234914049464396e+24,1069606.6051286156,0,2025-06-16 00:00:00+00:00,0,-14.10417824074074
1750035600000,40,0.2991788895558888,66.38036176059569,129025.0987499937,0.42631622334417585,13.0,0.325,0.18844373587835525,11.0,0.275,0.2720102240062099,16.0,0.4,,,0.0,,,0.0,0.2360246139494269,0.1902916093947489,13.0,13.0,1150.6923076923076,1264.0,1.0564135911135497,1.0,5.6327168586375354e-05,5.848654849961614e+24,1428427.7529141996,1,2025-06-16 00:00:00+00:00,0,-14.062511574074074
1750039200000,20,0.1575127838084377,18.96429590672826,36674.87567608226,0.1459613955995297,1.0,0.05,0.10105267168770016,5.0,0.25,0.17850220872362313,14.0,0.7,,,0.0,,,0.0,0.1459613955995297,0.0,1.0,1.0,593.0,593.0,0.7700649323271382,1.0,3.90010169567094e-05,6.000575583927163e+24,1732772.888640447,2,2025-06-16 00:00:00+00:00,0,-14.020844907407408
1750042800000,13,0.20580339031778255,18.711016225589894,36778.26956218915,0.0695348764095981,2.0,0.15384615384615385,0.44187073921379794,3.0,0.23076923076923078,0.17259048552122702,7.0,0.5384615384615384,0.002628705021994089,1.0,0.07692307692307693,,,0.0,0.0695348764095981,0.0,2.0,2.0,827.0,827.0,0.8401055086254947,1.0,2.3506901914174555e-05,6.090302054936973e+24,2047644.9005391733,3,2025-06-16 00:00:00+00:00,0,-13.97917824074074
1750046400000,22,0.285046684370838,42.996605736933795,81507.24682838946,0.5833551886346199,5.0,0.22727272727272727,0.44203977111079584,4.0,0.18181818181818182,0.12200707911862715,13.0,0.5909090909090909,,,0.0,,,0.0,0.6141676907954795,-0.030812502160859623,5.0,5.0,546.8,572.0,0.6621252729655461,1.0,3.821677787208335e-05,7.462393575377051e+24,1350546.0895513957,4,2025-06-16 00:00:00+00:00,0,-13.937511574074074
1750050000000,19,0.21079079112667015,34.25451261470336,67951.41080543457,0.14596413704171407,5.0,0.2631578947368421,0.36064059510427116,8.0,0.42105263157894735,0.0650132642273322,6.0,0.3157894736842105,,,0.0,,,0.0,0.23742924095693665,-0.09146510391522256,5.0,5.0,883.4,742.0,0.8312911929473709,0.8,3.23707411877847e-05,7.358899530329424e+24,1544716.73370653,5,2025-06-16 00:00:00+00:00,0,-13.895844907407408
1750053600000,17,0.16194999802592877,22.52843005527754,43589.30429096301,0.06702665441394184,2.0,0.11764705882352941,0.48955419667873634,2.0,0.11764705882352941,0.12615294340426406,13.0,0.7647058823529411,,,0.0,,,0.0,0.06702665441394184,0.0,2.0,2.0,232.5,232.5,0.4821688783099304,1.0,2.9195836402923054e-05,8.079297510281238e+24,2982941.1479003574,6,2025-06-16 00:00:00+00:00,0,-13.85417824074074
1750057200000,39,0.17938143304847873,60.35882564567291,117810.43320881252,0.04727653150103004,9.0,0.23076923076923078,0.14318183524473105,8.0,0.20512820512820512,0.24658783742834328,22.0,0.5641025641025641,,,0.0,,,0.0,0.06423255089119244,-0.016956019390162384,9.0,9.0,694.4444444444445,605.0,0.7927152479490526,1.0,4.417026668353196e-05,8.671041087138099e+24,1397386.606353878,7,2025-06-16 00:00:00+00:00,0,-13.812511574074074
1750060800000,12,0.3343566469079191,26.995243519609314,49554.197197841,0.5593025151889907,3.0,0.25,0.6338713033465826,2.0,0.16666666666666666,0.15237565866212743,7.0,0.5833333333333334,,,0.0,,,0.0,0.05176301283068626,0.5075395023583044,3.0,3.0,836.3333333333334,993.0,0.8001800523110166,1.0,3.062721645666528e-05,7.864776691229545e+24,1473603.8609914726,8,2025-06-16 00:00:00+00:00,0,-13.770844907407408
1750064400000,9,0.18476661295896857,13.982508917622775,27568.498590711857,0.5110418145370986,2.0,0.2222222222222222,0.06366756713116917,4.0,0.4444444444444444,0.12871520634394773,3.0,0.3333333333333333,,,0.0,,,0.0,0.5109193846425429,0.00012242989455568676,2.0,2.0,778.5,778.5,0.8822882048861069,1.0,2.856552487876001e-05,8.023065044117935e+24,877330.8578701726,9,2025-06-16 00:00:00+00:00,0,-13.72917824074074
1750068000000,20,0.24906948293185618,42.1494336912975,83421.48608747113,0.34903782674289724,3.0,0.15,0.3564429809715985,4.0,0.2,0.19296186573246446,13.0,0.65,,,0.0,,,0.0,0.2981210213813115,0.05091680536158568,3.0,3.0,1387.3333333333333,1165.0,1.1682243750645942,0.6666666666666666,3.0183305182507245e-05,7.448464185966985e+24,1498559.6406345535,10,2025-06-16 00:00:00+00:00,0,-13.687511574074074
1750071600000,12,0.18092479864756805,18.421666176942992,36182.184437751996,0.18534202829906687,4.0,0.3333333333333333,0.0032291530355265177,1.0,0.08333333333333333,0.20378575964843182,7.0,0.5833333333333334,,,0.0,,,0.0,0.07070670695219927,0.1146353213468676,4.0,4.0,842.5,909.5,0.8246740686515464,1.0,2.7644944694757874e-05,7.435013291796963e+24,1024204.8219422102,11,2025-06-16 00:00:00+00:00,0,-13.645844907407408
1750075200000,10,0.4086006517123363,29.526278585026596,52657.55318694526,0.2169710914324873,5.0,0.5,2.5853762481714604,1.0,0.1,0.1384017463725524,3.0,0.3,0.0005695726718090224,1.0,0.1,,,0.0,0.2781202253506797,-0.06114913391819243,5.0,5.0,745.0,742.0,0.7948391343542838,1.0,3.028101382652246e-05,7.384042319779287e+24,883820.5315891454,12,2025-06-16 00:00:00+00:00,0,-13.60417824074074
1750078800000,30,0.0840554346863001,25.23948654510835,50696.08851317281,0.10529078409575425,9.0,0.3,0.10337678796357597,5.0,0.16666666666666666,0.06607262774433342,16.0,0.5333333333333333,,,0.0,,,0.0,0.08834657917894212,0.01694420491681213,9.0,9.0,711.1111111111111,574.0,0.7899940574316839,1.0,3.994510568573534e-05,7.217924463758668e+24,1284622.258155481,13,2025-06-16 00:00:00+00:00,0,-13.562511574074074
1750082400000,46,0.22318410779900297,93.81494921140849,196334.74066329427,0.24224050728017135,10.0,0.21739130434782608,0.25780652556248607,16.0,0.34782608695652173,0.17957618149492283,19.0,0.41304347826086957,0.307212028549113,1.0,0.021739130434782608,,,0.0,0.07492417582966471,0.16731633145050662,10.0,10.0,948.9,1022.5,0.8946308699876108,0.8,6.0270694546586365e-05,7.042980378633074e+24,2179153.6724177347,14,2025-06-16 00:00:00+00:00,0,-13.520844907407408
1750086000000,15,0.05728984455207817,13.168296270163536,27005.441504805556,0.07408908121870217,4.0,0.26666666666666666,0.05262426203745274,2.0,0.13333333333333333,0.05086031325905092,9.0,0.6,,,0.0,,,0.0,0.07408908121870217,0.0,4.0,4.0,469.5,477.0,0.5914897606751038,1.0,3.813986491338866e-05,7.475769691880671e+24,1398975.334821571,15,2025-06-16 00:00:00+00:00,0,-13.47917824074074
1750089600000,12,0.1866302325422515,17.93619385455382,35238.96131474043,0.4509195491081462,3.0,0.25,0.11277405138038643,4.0,0.3333333333333333,0.08714158753220669,5.0,0.4166666666666667,,,0.0,,,0.0,0.4002036592804002,0.050715889827746,3.0,3.0,715.3333333333334,948.0,0.7924192118931362,1.0,3.4928592060236715e-05,7.338685678582081e+24,899921.5854980611,16,2025-06-16 00:00:00+00:00,0,-13.437511574074074
1750093200000,16,0.22849533764649366,26.19158530293911,50768.31281892937,0.3586926163180503,5.0,0.3125,0.13126567913135812,2.0,0.125,0.17777010694343678,9.0,0.5625,,,0.0,,,0.0,0.1451487054181565,0.21354391089989377,5.0,5.0,1145.0,881.0,1.009559779829328,0.8,3.6373458869035575e-05,7.048353905253762e+24,849972.0167623028,17,2025-06-16 00:00:00+00:00,0,-13.395844907407408
1750096800000,10,0.14786393096455785,15.634124205755281,31421.797064510705,0.12514671743902184,4.0,0.4,0.41146802140457506,2.0,0.2,0.03877909927008528,4.0,0.4,,,0.0,,,0.0,0.08711137296169447,0.03803534447732737,4.0,4.0,789.25,747.5,0.8400433852105413,1.0,3.424131903450348e-05,7.30455836073979e+24,642092.4381433985,18,2025-06-16 00:00:00+00:00,0,-13.35417824074074
1750100400000,17,0.36090789758051933,43.16681408431725,82230.18475806635,0.4378614714090111,8.0,0.47058823529411764,0.43840941432671693,4.0,0.23529411764705882,0.17578096605797444,5.0,0.29411764705882354,,,0.0,,,0.0,0.22874763975431078,0.20911383165470032,8.0,8.0,1397.625,982.0,1.1192514026463667,0.625,4.361081405937603e-05,7.119605858519468e+24,603381.112839105,19,2025-06-16 00:00:00+00:00,0,-13.312511574074074
1750104000000,22,0.33161743488608225,57.76619982789814,113497.08890440475,0.29502885178323435,5.0,0.22727272727272727,0.43952398155707795,9.0,0.4090909090909091,0.23309043432049192,8.0,0.36363636363636365,,,0.0,,,0.0,0.17364044441803717,0.12138840736519718,5.0,5.0,887.8,862.0,0.8962082356107917,1.0,3.46573433909004e-05,7.529900711659838e+24,2441352.453915326,20,2025-06-16 00:00:00+00:00,0,-13.270844907407408
1750107600000,26,0.43482650600382367,79.92793961449719,149317.67590986466,0.13487615612922482,9.0,0.34615384615384615,0.6508290384171821,9.0,0.34615384615384615,0.5292678006477191,8.0,0.3076923076923077,,,0.0,,,0.0,0.1517636110626824,-0.01688745493345757,9.0,9.0,1227.3333333333333,918.0,1.0371679856408464,0.6666666666666666,3.0058745919823968e-05,7.80116344256874e+24,517585.821163586,21,2025-06-16 00:00:00+00:00,0,-13.22917824074074
1750111200000,54,0.44502542275808815,148.55874005097542,270694.45381014596,0.48680528505529025,19.0,0.35185185185185186,0.5089351427804113,22.0,0.4074074074074074,0.2758076362859383,13.0,0.24074074074074073,,,0.0,,,0.0,0.19764601686555874,0.2891592681897315,19.0,19.0,1192.5263157894738,1136.0,1.0697468409179807,0.8947368421052632,7.732124317359736e-05,6.89671426029828e+24,1578703.7904418476,22,2025-06-16 00:00:00+00:00,0,-13.187511574074074
1750114800000,80,0.29485925187843365,214.45896202750671,417591.8191467617,0.3573539749293848,17.0,0.2125,0.2336126432019326,27.0,0.3375,0.3189658874767595,35.0,0.4375,0.042375148336386455,1.0,0.0125,,,0.0,0.20430835302118144,0.1530456219082034,17.0,17.0,902.7647058823529,1000.0,0.8737664334237882,0.9411764705882353,6.98769728807157e-05,8.866526911553138e+24,2281396.706298283,23,2025-06-16 00:00:00+00:00,0,-13.145844907407408
1750118400000,82,0.35809674648279877,175.76599928182395,324380.67499551515,0.4692966019742605,18.0,0.21951219512195122,0.5378055855641191,22.0,0.2682926829268293,0.22097718328321436,41.0,0.5,0.02480697903040497,1.0,0.012195121951219513,,,0.0,0.1452662972707575,0.324030304703503,18.0,18.0,823.1666666666666,779.5,0.8692622388968991,0.9444444444444444,8.922714472750414e-05,6.190423206361697e+24,2557516.2579541765,0,2025-06-17 00:00:00+00:00,0,-13.10417824074074
1750122000000,26,0.17968748432193407,41.472998454068,80387.4219541285,0.3123185532072402,8.0,0.3076923076923077,0.16292004239571323,10.0,0.38461538461538464,0.06801571784440397,8.0,0.3076923076923077,,,0.0,,,0.0,0.3313933225089537,-0.01907476930171348,8.0,8.0,833.375,876.0,0.8866011312255369,1.0,4.119543468220592e-05,7.27970894683961e+24,815921.9750921737,1,2025-06-17 00:00:00+00:00,0,-13.062511574074074
1750125600000,35,0.1357779700038312,45.589903266397,91701.39740404264,0.2274748369010026,10.0,0.2857142857142857,0.07675332168250326,12.0,0.34285714285714286,0.11972620930261753,13.0,0.37142857142857144,,,0.0,,,0.0,0.15093915493380894,0.07653568196719363,10.0,10.0,1517.4,1262.0,1.2060415685276114,0.6,4.784966289546111e-05,7.067438519529274e+24,1305819.931319365,2,2025-06-17 00:00:00+00:00,0,-13.020844907407408
1750129200000,5,0.17403806249538956,7.491895795962932,14893.270194573914,0.1858749817109324,3.0,0.6,0.08166611166149795,1.0,0.2,0.23089925568265268,1.0,0.2,,,0.0,,,0.0,0.2874396508506559,-0.10156466913972355,3.0,3.0,2395.6666666666665,2986.0,1.4979350133628886,0.3333333333333333,3.051476077175116e-05,7.409454683336201e+24,420381.64997752814,3,2025-06-17 00:00:00+00:00,0,-12.97917824074074
1750132800000,12,0.10514686401369866,11.076025347710132,22056.57662596571,0.1706579647886607,4.0,0.3333333333333333,0.08160052748674029,1.0,0.08333333333333333,0.07107571164614299,7.0,0.5833333333333334,,,0.0,,,0.0,0.09438029110409463,0.07627767368456606,4.0,4.0,601.5,332.5,0.7030566932048475,0.75,2.3109861955097143e-05,7.832059784046921e+24,506563.404478832,4,2025-06-17 00:00:00+00:00,0,-12.937511574074074
1750136400000,17,0.27968831496835,30.192498382997314,54296.919911423975,0.021542888136165568,2.0,0.11764705882352941,0.45797948358739393,7.0,0.4117647058823529,0.18821989913473272,8.0,0.47058823529411764,,,0.0,,,0.0,0.021542888136165568,0.0,2.0,2.0,613.5,613.5,0.7209303781376306,1.0,3.858639922093568e-05,7.860841243352033e+24,1080783.2734689382,5,2025-06-17 00:00:00+00:00,0,-12.895844907407408
1750140000000,22,0.4343139346151919,65.91323306904431,119544.96582759575,0.08038504123203827,4.0,0.18181818181818182,1.254483368984265,4.0,0.18181818181818182,0.3011023514763579,14.0,0.6363636363636364,,,0.0,,,0.0,0.04236337146940484,0.03802166976263344,4.0,4.0,554.75,466.0,0.6729787985782085,1.0,4.3721691889688334e-05,7.417600789840663e+24,1374972.8894314659,6,2025-06-17 00:00:00+00:00,0,-12.85417824074074
1750143600000,28,0.19107085605890226,45.292917202223066,89735.95914478975,0.2677051513046653,9.0,0.32142857142857145,0.2752040020280776,5.0,0.17857142857142858,0.11175839984049193,14.0,0.5,,,0.0,,,0.0,0.3690560737410889,-0.10135092243642359,9.0,9.0,859.1111111111111,881.0,0.898615354816831,0.8888888888888888,4.4124032460427114e-05,7.186763494373321e+24,1146947.7971612331,7,2025-06-17 00:00:00+00:00,0,-12.812511574074074
1750147200000,27,0.22932531593465355,48.74079033029003,94254.66386316808,0.22805864608436946,3.0,0.1111111111111111,0.27755958211185594,11.0,0.4074074074074074,0.20895357249115137,11.0,0.4074074074074074,0.07798144567472842,2.0,0.07407407407407407,,,0.0,0.22805864608436946,0.0,3.0,3.0,856.6666666666666,737.0,0.8611965069372464,0.6666666666666666,5.4410606777387954e-05,7.691692627458911e+24,1845296.825110724,8,2025-06-17 00:00:00+00:00,0,-12.770844907407408
1750150800000,14,0.19827813176593992,30.06227221727397,60684.684891888624,0.31193962527631836,5.0,0.35714285714285715,0.2979351439404649,3.0,0.21428571428571427,0.05762791555341973,5.0,0.35714285714285715,0.03425070875307402,1.0,0.07142857142857142,,,0.0,0.6764326220761773,-0.3644929967998589,5.0,5.0,1044.0,1141.0,1.0136116472259915,1.0,3.1207826518045094e-05,7.624832652539836e+24,903137.2389926667,9,2025-06-17 00:00:00+00:00,0,-12.72917824074074
1750154400000,41,0.2124107009695147,77.63215391336902,159505.3025081625,0.37934441997456314,7.0,0.17073170731707318,0.3855582443601556,8.0,0.1951219512195122,0.11419084019411213,26.0,0.6341463414634146,,,0.0,,,0.0,0.24844904377287833,0.13089537620168482,7.0,7.0,862.8571428571429,470.0,0.8123007821102531,0.8571428571428571,6.934692653416722e-05,6.830386775647936e+24,2429817.07662572,10,2025-06-17 00:00:00+00:00,0,-12.687511574074074
1750158000000,28,0.3416445365613216,74.07287123864342,141262.02267390655,0.28600339378694806,13.0,0.4642857142857143,0.35969582605821937,4.0,0.14285714285714285,0.4379973736188302,10.0,0.35714285714285715,0.029245864065501233,1.0,0.03571428571428571,,,0.0,0.18009831023740028,0.10590508354954778,13.0,13.0,832.5384615384615,884.0,0.8511259741597137,0.9230769230769231,4.3199866262905244e-05,7.58390655669977e+24,1422870.2358237407,11,2025-06-17 00:00:00+00:00,0,-12.645844907407408
1750161600000,15,0.22694303682613706,27.15209141833209,52490.76281708079,0.20917365158690684,5.0,0.3333333333333333,0.6544152091930755,3.0,0.2,0.0564330952683279,7.0,0.4666666666666667,,,0.0,,,0.0,0.20917365158690684,0.0,5.0,5.0,1096.0,1010.0,1.0397285811863561,1.0,3.655795331103988e-05,7.750513774364541e+24,945157.9191538765,12,2025-06-17 00:00:00+00:00,0,-12.60417824074074
1750165200000,35,0.2243984035194986,62.01063089293094,120272.40317769929,0.5495485730297897,7.0,0.2,0.11541856030316523,11.0,0.3142857142857143,0.16102940874347685,17.0,0.4857142857142857,,,0.0,,,0.0,0.37495133749883125,0.17459723553095838,7.0,7.0,907.2857142857143,821.0,0.9070057724313612,0.8571428571428571,5.3974790748140193e-05,7.222431507175198e+24,1223216.1644086794,13,2025-06-17 00:00:00+00:00,0,-12.562511574074074
1750168800000,41,0.24627782612196994,79.75618465225972,154260.41001801184,0.5361433107825596,8.0,0.1951219512195122,0.2009157394507552,13.0,0.3170731707317073,0.1598169885940236,20.0,0.4878048780487805,,,0.0,,,0.0,0.4783342775668874,0.05780903321567221,8.0,8.0,1149.125,1294.5,1.0491077765526828,0.875,5.1232186197936586e-05,6.981481762229006e+24,1364692.2215449153,14,2025-06-17 00:00:00+00:00,0,-12.520844907407408
1750172400000,78,0.2791432513803157,171.7188856602574,339820.24026379845,0.29014059955084914,19.0,0.24358974358974358,0.4242044169878211,20.0,0.2564102564102564,0.19939522760107872,39.0,0.5,,,0.0,,,0.0,0.17659226882288523,0.11354833072796389,19.0,19.0,630.1578947368421,673.0,0.7469571859795427,1.0,8.091161549524085e-05,6.631116787826823e+24,2872206.360836549,15,2025-06-17 00:00:00+00:00,0,-12.47917824074074
1750176000000,76,0.3587320795111788,204.17410784470414,389574.4423143546,0.27586500429028094,24.0,0.3157894736842105,0.6060885163007333,20.0,0.2631578947368421,0.26628461293338057,32.0,0.42105263157894735,,,0.0,,,0.0,0.16582871043035527,0.11003629385992568,24.0,24.0,909.5416666666666,874.0,0.9347570959867904,0.9583333333333334,7.274418665218524e-05,7.046322682782698e+24,1977656.2454439534,16,2025-06-17 00:00:00+00:00,0,-12.437511574074074
1750179600000,88,0.31716481443038463,202.02608662590532,384447.4983523651,0.3388455873178859,29.0,0.32954545454545453,0.35278326744188854,19.0,0.2159090909090909,0.2976685251521065,37.0,0.42045454545454547,0.1224547085437776,3.0,0.03409090909090909,,,0.0,0.17258925834065855,0.16625632897722734,29.0,29.0,904.7586206896551,922.0,0.9026390062313113,0.9310344827586207,6.09903316130538e-05,7.157880977494646e+24,2287839.6838599513,17,2025-06-17 00:00:00+00:00,0,-12.395844907407408
1750183200000,44,0.23032190951521292,82.01077658330506,157323.48878870805,0.21715523998073072,8.0,0.18181818181818182,0.18859698912839845,15.0,0.3409090909090909,0.26514129818559745,21.0,0.4772727272727273,,,0.0,,,0.0,0.13945394302175995,0.07770129695897077,8.0,8.0,2171.25,1421.0,1.3257101769968034,0.5,4.538522093719462e-05,7.541284717609494e+24,1985781.140074815,18,2025-06-17 00:00:00+00:00,0,-12.35417824074074
1750186800000,34,0.5504256361056249,125.99652419805813,229012.9822173343,1.1684998608721453,8.0,0.23529411764705882,0.4630747488717704,14.0,0.4117647058823529,0.24028552136744177,12.0,0.35294117647058826,,,0.0,,,0.0,0.45612967615752276,0.7123701847146224,8.0,8.0,1789.0,1360.0,1.2694942116704313,0.625,4.6903882980952794e-05,7.391309990930904e+24,2139080.2413615496,19,2025-06-17 00:00:00+00:00,0,-12.312511574074074
1750190400000,68,0.24765143769317272,146.68383186453778,289010.49446640565,0.31560121906244715,24.0,0.35294117647058826,0.29218734878884095,18.0,0.2647058823529412,0.14537569215779267,23.0,0.3382352941176471,0.22095176926954754,3.0,0.04411764705882353,,,0.0,0.2641871312546217,0.05141408780782545,24.0,24.0,1147.75,777.0,0.9590999765714653,0.9583333333333334,4.364928933598741e-05,7.472130015723179e+24,2400931.480844431,20,2025-06-17 00:00:00+00:00,0,-12.270844907407408
1750194000000,51,0.30664886468698954,126.33141726381623,240118.30970601647,0.39418193981483485,20.0,0.39215686274509803,0.2800981917706934,16.0,0.3137254901960784,0.21825881562724495,15.0,0.29411764705882354,,,0.0,,,0.0,0.16270158105824872,0.23148035875658612,20.0,20.0,1433.55,1126.5,1.0899767403367178,0.7,5.6295753182194485e-05,7.857072858955605e+24,957790.8393208806,21,2025-06-17 00:00:00+00:00,0,-12.22917824074074
1750197600000,53,0.31304504623820445,138.33868467202572,271435.153139561,0.35757331143593685,20.0,0.37735849056603776,0.23508614783602427,17.0,0.32075471698113206,0.3402160442933554,16.0,0.3018867924528302,,,0.0,,,0.0,0.19538983180134462,0.16218347963459223,20.0,20.0,1030.95,1148.5,0.9597871117615604,0.95,5.4777646986079004e-05,7.835156987856386e+24,869396.5267638051,22,2025-06-17 00:00:00+00:00,0,-12.187511574074074
1750201200000,22,0.24703559191329696,42.709895246958894,80842.8017527262,0.35531204139990963,11.0,0.5,0.1168220843641634,7.0,0.3181818181818182,0.17714899403609585,4.0,0.18181818181818182,,,0.0,,,0.0,0.29922933061785245,0.05608271078205717,11.0,11.0,1037.7272727272727,1048.0,0.9655237732045188,0.8181818181818182,3.6695428245978616e-05,7.403709883714027e+24,533192.1929499435,23,2025-06-17 00:00:00+00:00,0,-12.145844907407408
1750204800000,41,0.24688548073569702,85.12479505767413,165165.78800905694,0.2522075653804733,12.0,0.2926829268292683,0.2605672144825707,13.0,0.3170731707317073,0.23177750858277993,16.0,0.3902439024390244,,,0.0,,,0.0,0.20090198492177216,0.051305580458701115,12.0,12.0,1338.6666666666667,1351.5,1.1285189468109926,0.6666666666666666,4.708329353209593e-05,7.547644414283543e+24,878767.514832013,0,2025-06-18 00:00:00+00:00,0,-12.10417824074074
1750208400000,36,0.1461675836556647,43.8140620908862,86349.50450784061,0.20354234491100018,9.0,0.25,0.14990973988839784,13.0,0.3611111111111111,0.10580894920398254,14.0,0.3888888888888889,,,0.0,,,0.0,0.23764410939585456,-0.03410176448485439,9.0,9.0,995.6666666666666,961.0,0.9339875099311521,0.7777777777777778,4.93968004838628e-05,7.183880382055447e+24,1022436.8443768432,1,2025-06-18 00:00:00+00:00,0,-12.062511574074074
1750212000000,39,0.3083525544171636,106.8558168872468,210876.05924221317,0.3025828440536603,16.0,0.41025641025641024,0.3490937170516031,13.0,0.3333333333333333,0.2646205795739974,10.0,0.2564102564102564,,,0.0,,,0.0,0.1302532091237334,0.17232963492992692,16.0,16.0,1132.0,903.5,0.9753158806956007,0.875,4.9886018436020224e-05,7.706823282597809e+24,1288746.828961833,2,2025-06-18 00:00:00+00:00,0,-12.020844907407408
1750215600000,27,0.23573639852703132,50.65033015908148,95794.53202839142,0.2561072956294196,10.0,0.37037037037037035,0.3039396608630661,10.0,0.37037037037037035,0.10920188504356979,7.0,0.25925925925925924,,,0.0,,,0.0,0.17940002021477486,0.07670727541464473,10.0,10.0,1202.0,1008.5,1.0565134240976577,0.8,3.812807640856594e-05,7.971032518402479e+24,814486.8582499502,3,2025-06-18 00:00:00+00:00,0,-11.97917824074074
1750219200000,26,0.18247428542916413,48.61247725305042,96164.09907941564,0.3267747761315264,10.0,0.38461538461538464,0.07781501159833117,9.0,0.34615384615384615,0.11089265077971752,7.0,0.2692307692307692,,,0.0,,,0.0,0.1428411029411646,0.1839336731903618,10.0,10.0,1254.4,1234.5,1.1104314560486939,0.9,4.0287413889167245e-05,8.083607158162423e+24,926263.7418861649,4,2025-06-18 00:00:00+00:00,0,-11.937511574074074
1750222800000,7,0.14009449903334611,17.60060928668245,37776.719729635784,0.0839850174277944,2.0,0.2857142857142857,0.04580831881207271,1.0,0.14285714285714285,0.1917207848914403,4.0,0.5714285714285714,,,0.0,,,0.0,0.007461833828607996,0.07652318359918642,2.0,2.0,3659.0,3659.0,1.8327293021007482,0.0,2.600137484885257e-05,8.049305466999921e+24,411411.44246214326,5,2025-06-18 00:00:00+00:00,0,-11.895844907407408
1750226400000,11,0.48967118921646463,34.761432328834736,61822.97527204738,0.803403323625389,5.0,0.45454545454545453,0.3031312944112895,4.0,0.36363636363636365,0.07842064280450411,2.0,0.18181818181818182,,,0.0,,,0.0,0.6195874060867012,0.18381591753868776,5.0,5.0,1009.8,991.0,0.9699235879073405,0.8,3.843400940811659e-05,8.071048452423058e+24,738458.5677809083,6,2025-06-18 00:00:00+00:00,0,-11.85417824074074
1750230000000,11,0.14415805259702733,15.027132717729526,29349.137855265773,0.08948994416669176,2.0,0.18181818181818182,0.3042673758807445,3.0,0.2727272727272727,0.08232609376528059,6.0,0.5454545454545454,,,0.0,,,0.0,0.08948994416669176,0.0,2.0,2.0,865.5,865.5,0.8679148172373075,1.0,3.0397364742583352e-05,8.388466388904132e+24,721609.3185627577,7,2025-06-18 00:00:00+00:00,0,-11.812511574074074
1750233600000,19,0.32400933956876865,56.95137328849833,109961.13753131253,0.17007764486783936,3.0,0.15789473684210525,0.49298806800518896,8.0,0.42105263157894735,0.21275499664519681,8.0,0.42105263157894735,,,0.0,,,0.0,0.17007764486783936,0.0,3.0,3.0,1519.3333333333333,1425.0,1.2004712433298554,0.6666666666666666,3.126118156770642e-05,8.478387050641925e+24,880487.0568853273,8,2025-06-18 00:00:00+00:00,0,-11.770844907407408
1750237200000,20,0.3584878267383672,57.99715604129528,112917.60838435582,0.26221841432486503,8.0,0.4,0.44084084922902267,5.0,0.25,0.4096864248604729,7.0,0.35,,,0.0,,,0.0,0.1658034454142575,0.09641496891060752,8.0,8.0,1129.0,1331.0,1.0201410552365424,0.875,3.09766400711339e-05,7.773228604374646e+24,688993.334830594,9,2025-06-18 00:00:00+00:00,0,-11.72917824074074
1750240800000,43,0.4880815739430828,127.32367543940079,234594.1517375269,0.3026723678938532,12.0,0.27906976744186046,0.7853175855403688,12.0,0.27906976744186046,0.4174541178074683,19.0,0.4418604651162791,,,0.0,,,0.0,0.30258661782458574,8.575006926747619e-05,12.0,12.0,853.75,825.0,0.8765952982915306,0.9166666666666666,6.137291927241785e-05,6.814235239902231e+24,1764844.7051568523,10,2025-06-18 00:00:00+00:00,0,-11.687511574074074
1750244400000,57,0.20387192094433265,90.79860040032668,177783.0728587289,0.30383676117304337,14.0,0.24561403508771928,0.29401977847715793,17.0,0.2982456140350877,0.09110186935741033,26.0,0.45614035087719296,,,0.0,,,0.0,0.3147655449908054,-0.010928783817762022,14.0,14.0,1416.7142857142858,1099.0,1.1114855187692214,0.7857142857142857,5.0650890002238667e-05,7.3125488130999e+24,1385507.8754343286,11,2025-06-18 00:00:00+00:00,0,-11.645844907407408
1750248000000,26,0.2542356885184091,53.5446028659792,103414.83562360785,0.21794136796649421,9.0,0.34615384615384615,0.410507486057635,9.0,0.34615384615384615,0.11926102690768425,8.0,0.3076923076923077,,,0.0,,,0.0,0.11443672289292442,0.10350464507356981,9.0,9.0,903.4444444444445,743.0,0.8421994222676809,0.7777777777777778,4.028704103047132e-05,7.440607874709724e+24,946304.7417819044,12,2025-06-18 00:00:00+00:00,0,-11.60417824074074
1750251600000,76,0.3198103489129753,169.22177393651288,325074.46833564946,0.34853389252988115,24.0,0.3157894736842105,0.6705720509229173,15.0,0.19736842105263158,0.15897817115743823,37.0,0.4868421052631579,,,0.0,,,0.0,0.23140155148154215,0.11713234104833899,24.0,24.0,885.25,889.5,0.90357186731207,0.9583333333333334,8.394064032775856e-05,6.378612203003598e+24,2747579.4159161905,13,2025-06-18 00:00:00+00:00,0,-11.562511574074074
1750255200000,67,0.23818146032006648,124.73979408662505,242653.97607549443,0.27582208858201607,15.0,0.22388059701492538,0.3520069436186933,11.0,0.16417910447761194,0.1938719544611851,41.0,0.6119402985074627,,,0.0,,,0.0,0.13048044231519568,0.14534164626682036,15.0,15.0,942.8666666666667,1005.0,0.8809121481386974,0.8666666666666667,8.52210349995061e-05,7.021532474736563e+24,2511918.4831862226,14,2025-06-18 00:00:00+00:00,0,-11.520844907407408
1750258800000,89,0.31352303823912253,194.84724365825707,374202.7872012322,0.4537715268785686,35.0,0.39325842696629215,0.38975932701696586,19.0,0.21348314606741572,0.13188913569170438,35.0,0.39325842696629215,,,0.0,,,0.0,0.16873072632500238,0.2850408005535662,35.0,35.0,832.7428571428571,948.0,0.8560710564558599,0.9714285714285714,8.109827699330106e-05,6.630182774092625e+24,2173305.3304837695,15,2025-06-18 00:00:00+00:00,0,-11.47917824074074
1750262400000,73,0.24478197812027996,134.40958625845636,258915.08928869973,0.2635152362972237,19.0,0.2602739726027397,0.5021645579594879,16.0,0.2191780821917808,0.13008720631679926,37.0,0.5068493150684932,0.014435352059809399,1.0,0.0136986301369863,,,0.0,0.20602796560696177,0.057487270690261945,19.0,19.0,747.4736842105264,749.0,0.8097487008339486,1.0,6.353749089192471e-05,7.614542113066573e+24,1758396.61116995,16,2025-06-18 00:00:00+00:00,0,-11.437511574074074
1750266000000,89,0.2722235244318459,215.90971614344036,418684.4828274258,0.3149669549623634,19.0,0.21348314606741572,0.2419366394939811,32.0,0.3595505617977528,0.23139425222781693,37.0,0.4157303370786517,1.9399617339127584,1.0,0.011235955056179775,,,0.0,0.2654992114165606,0.04946774354580282,19.0,19.0,1169.6315789473683,1201.0,1.0488442775732392,0.9473684210526315,7.803602665024742e-05,8.504571949711401e+24,2416730.047524382,17,2025-06-18 00:00:00+00:00,0,-11.395844907407408
1750269600000,112,0.3479367922725843,312.20604954855867,596288.6345469183,0.4430602826119479,38.0,0.3392857142857143,0.34436127909686287,33.0,0.29464285714285715,0.2626514093921694,41.0,0.36607142857142855,,,0.0,,,0.0,0.27471987784414315,0.16834040476780482,38.0,38.0,1085.578947368421,1173.0,1.0025470721103449,0.868421052631579,0.00010487702115289499,8.265934334673769e+24,3025612.2401244114,18,2025-06-18 00:00:00+00:00,0,-11.35417824074074
1750273200000,70,0.4043082298934936,221.73908569572512,421414.9804838325,0.4158945782471641,22.0,0.3142857142857143,0.4090094810365186,11.0,0.15714285714285714,0.4178998225778191,35.0,0.5,0.013148644740783484,2.0,0.02857142857142857,,,0.0,0.13887047391914364,0.27702410432802044,22.0,22.0,870.6363636363636,815.5,0.8991283856894324,0.9545454545454546,7.661344744619428e-05,9.12361547845071e+24,2807531.652137775,19,2025-06-18 00:00:00+00:00,0,-11.312511574074074
1750276800000,49,0.1922045883723288,78.56247861163136,151459.19602473525,0.11514155560489514,11.0,0.22448979591836735,0.23456340400803288,16.0,0.32653061224489793,0.19992969338462444,22.0,0.4489795918367347,,,0.0,,,0.0,0.1293371663288763,-0.014195610723981162,11.0,11.0,1721.6363636363637,1336.0,1.1558934928203441,0.5454545454545454,4.912957747781471e-05,8.313380708571734e+24,2198169.643038406,20,2025-06-18 00:00:00+00:00,0,-11.270844907407408
1750280400000,37,0.2620990974990273,76.21220108936382,143772.49220277384,0.36790906321606326,14.0,0.3783783783783784,0.2977031608045787,10.0,0.2702702702702703,0.12076216264564137,13.0,0.35135135135135137,,,0.0,,,0.0,0.30135509013596173,0.06655397308010157,14.0,14.0,949.4285714285714,1099.0,0.938150956928529,0.9285714285714286,4.607925843421925e-05,7.541700778665154e+24,1042983.390762242,21,2025-06-18 00:00:00+00:00,0,-11.22917824074074
1750284000000,28,0.3048440349457674,61.10079486626911,118123.79077932803,0.37146875486046993,8.0,0.2857142857142857,0.28959723125471676,12.0,0.42857142857142855,0.261089520567641,8.0,0.2857142857142857,,,0.0,,,0.0,0.2744054351264168,0.09706331973405313,8.0,8.0,2380.5,1261.0,1.3717969407826072,0.625,4.521312478890972e-05,7.587347205021545e+24,633774.7183317982,22,2025-06-18 00:00:00+00:00,0,-11.187511574074074
1750287600000,21,0.28773197134851664,50.25639511414802,99206.7762753384,0.39828278370132625,7.0,0.3333333333333333,0.17660891230873954,7.0,0.3333333333333333,0.288304218035484,7.0,0.3333333333333333,,,0.0,,,0.0,0.3093734380619102,0.08890934563941602,7.0,7.0,1173.142857142857,1200.0,1.0693218346940878,0.8571428571428571,3.102050155509303e-05,7.653985197191717e+24,591124.3813113404,23,2025-06-18 00:00:00+00:00,0,-11.145844907407408
1750291200000,33,0.19968771298289817,61.7357010345496,122272.32949561355,0.16697364342776222,9.0,0.2727272727272727,0.20123725189433606,8.0,0.24242424242424243,0.21731460765194321,16.0,0.48484848484848486,,,0.0,,,0.0,0.06354078794377402,0.10343285548398819,9.0,9.0,890.7777777777778,994.0,0.9052529321956787,1.0,3.2374070339658345e-05,8.116587537201782e+24,2463082.945129299,0,2025-06-19 00:00:00+00:00,0,-11.10417824074074
1750294800000,35,0.0638335989033095,45.150058103909764,91253.91016855047,0.13278368144446742,3.0,0.08571428571428572,0.06817121638780665,5.0,0.14285714285714285,0.055369216123829515,27.0,0.7714285714285715,,,0.0,,,0.0,0.13278368144446742,0.0,3.0,3.0,1216.3333333333333,1305.0,1.1001242180327329,1.0,4.911109761526513e-05,1.187661309011598e+25,3072560.2601775746,1,2025-06-19 00:00:00+00:00,0,-11.062511574074074
1750298400000,37,0.24387668871360724,108.18988319683743,205638.18972283756,0.40207109442987954,9.0,0.24324324324324326,0.19323010354455486,10.0,0.2702702702702703,0.19291647761605576,18.0,0.4864864864864865,,,0.0,,,0.0,0.3848356172758737,0.017235477154005825,9.0,9.0,947.6666666666666,892.0,0.9668240530158054,1.0,3.930375801327692e-05,1.3147377933141762e+25,1932132.6313475673,2,2025-06-19 00:00:00+00:00,0,-11.020844907407408
1750302000000,10,0.4380926202363121,37.53338335552127,68721.11533762625,0.3564403672329285,4.0,0.4,1.8555945232473547,1.0,0.1,0.21991404203681056,5.0,0.5,,,0.0,,,0.0,0.3564403672329285,0.0,4.0,4.0,1110.75,1146.0,1.0371196645950789,0.75,2.6157920743223253e-05,1.1174900432883579e+25,1371025.5672412673,3,2025-06-19 00:00:00+00:00,0,-10.97917824074074
1750305600000,10,0.2445886421901288,14.056571492735266,26658.11368593022,0.19379664035618516,4.0,0.4,0.2818059161641172,3.0,0.3,0.27509403732806514,3.0,0.3,,,0.0,,,0.0,0.19379664035618516,0.0,4.0,4.0,1383.5,977.5,1.092459113177817,0.75,3.902228454611634e-05,7.522582293033872e+24,967321.8174331019,4,2025-06-19 00:00:00+00:00,0,-10.937511574074074
1750309200000,10,0.48963143109748575,25.512846642345558,45968.67954120201,0.23656779993797442,5.0,0.5,2.1315208441879996,1.0,0.1,0.3954886167742465,4.0,0.4,,,0.0,,,0.0,0.11254660398785521,0.12402119595011918,5.0,5.0,1256.4,687.0,1.044945111597651,0.8,3.7491143387133503e-05,5.06823113432898e+24,1357963.3721236063,5,2025-06-19 00:00:00+00:00,0,-10.895844907407408
1750312800000,14,0.09570720443077073,9.411886121580565,18857.683025061222,0.04843225719064914,5.0,0.35714285714285715,0.14863801466332768,6.0,0.42857142857142855,0.0686371626991928,3.0,0.21428571428571427,,,0.0,,,0.0,0.04843225719064914,0.0,5.0,5.0,1158.8,1127.0,1.0235222335837282,0.8,3.8569424344913974e-05,4.926701176865415e+24,940440.9579894452,6,2025-06-19 00:00:00+00:00,0,-10.85417824074074
1750316400000,10,0.12555050629537312,7.8342373602246935,15542.802348318593,0.05348760889812165,4.0,0.4,0.38940888095140724,2.0,0.2,0.06568421636460753,4.0,0.4,,,0.0,,,0.0,0.05348760889812165,0.0,4.0,4.0,612.5,520.5,0.7416126687988591,1.0,2.9258811622360292e-05,5.0292531212059e+24,610825.7534231081,7,2025-06-19 00:00:00+00:00,0,-10.812511574074074
1750320000000,12,0.23099581963892823,16.808776133441835,31540.815800818757,0.3917642441336788,6.0,0.5,0.11631001493761939,3.0,0.25,0.02781281027431238,2.0,0.16666666666666666,0.016808705503583606,1.0,0.08333333333333333,,,0.0,0.4175706412194305,-0.025806397085751758,6.0,6.0,917.8333333333334,980.0,0.9493043347525352,1.0,2.410345642059642e-05,5.207889290569563e+24,551385.5597901342,8,2025-06-19 00:00:00+00:00,0,-10.770844907407408
1750323600000,21,0.13483508545092032,23.58320525393677,46539.27656350251,0.2635894785209024,5.0,0.23809523809523808,0.09341888529258992,9.0,0.42857142857142855,0.09611706203307223,7.0,0.3333333333333333,,,0.0,,,0.0,0.10860426639769816,0.15498521212320426,5.0,5.0,1357.0,964.0,1.101696967572841,0.8,3.321475519921997e-05,7.750139315249521e+24,746554.5230685122,9,2025-06-19 00:00:00+00:00,0,-10.72917824074074
1750327200000,12,0.11849773510301502,15.39057573356227,30869.961210117133,0.008329037812786384,2.0,0.16666666666666666,0.1428149719626566,7.0,0.5833333333333334,0.1352033139573371,3.0,0.25,,,0.0,,,0.0,0.008329037812786384,0.0,2.0,2.0,1843.5,1843.5,1.3475182252619082,0.5,2.6774485017977114e-05,8.157312616915337e+24,563752.8846152322,10,2025-06-19 00:00:00+00:00,0,-10.687511574074074
1750330800000,4,0.1396746702270234,5.008081037857186,10025.70354048377,0.14647238509691174,2.0,0.5,,,0.0,0.13287695535713506,2.0,0.5,,,0.0,,,0.0,0.14647238509691174,0.0,2.0,2.0,1086.0,1086.0,1.0411557588597402,1.0,2.122733060482204e-05,5.785333505414526e+24,390592.1631384721,11,2025-06-19 00:00:00+00:00,0,-10.645844907407408
1750334400000,8,0.2190028122996167,10.209281730156428,20174.906968176307,0.27215354634069644,2.0,0.25,0.3994619433047248,3.0,0.375,0.0031098586004554723,3.0,0.375,,,0.0,,,0.0,0.42808452196452673,-0.1559309756238303,2.0,2.0,1143.5,1143.5,1.0601630145937415,1.0,3.064724145163244e-05,5.00520827571613e+24,519862.75996222836,12,2025-06-19 00:00:00+00:00,0,-10.60417824074074
1750338000000,12,0.2866996118220802,21.39849842146257,41922.53565861514,0.1843269771759125,4.0,0.3333333333333333,0.43892352708408294,6.0,0.5,0.03477313532840742,2.0,0.16666666666666666,,,0.0,,,0.0,0.1843269771759125,0.0,4.0,4.0,397.75,343.0,0.6184284681782879,1.0,3.797749255898241e-05,5.102481692484728e+24,682848.1117147942,13,2025-06-19 00:00:00+00:00,0,-10.562511574074074
1750341600000,37,0.22104592036354578,51.24211673253448,101111.59115405599,0.29125360782430504,15.0,0.40540540540540543,0.20640100387137475,10.0,0.2702702702702703,0.14549040811440583,12.0,0.32432432432432434,,,0.0,,,0.0,0.1666205602969305,0.12463304752737454,15.0,15.0,1027.2666666666667,1085.0,0.9537247646732377,0.8666666666666667,4.248453226022699e-05,5.491744698157244e+24,912368.1989152245,14,2025-06-19 00:00:00+00:00,0,-10.520844907407408
1750345200000,10,0.2241470029305014,13.565765851679897,26602.56484358231,0.45642598526074873,2.0,0.2,0.45167909295429787,2.0,0.2,0.07087664547915344,6.0,0.6,,,0.0,,,0.0,0.534346809256685,-0.0779208239959362,2.0,2.0,2087.5,2087.5,1.423657476036147,0.5,2.7525274283804184e-05,5.529170326521799e+24,881230.1497877868,15,2025-06-19 00:00:00+00:00,0,-10.47917824074074
1750348800000,21,0.24893983219849267,23.06170649531031,43983.69848725897,0.26770806603293884,8.0,0.38095238095238093,0.2525074449681431,7.0,0.3333333333333333,0.21975330552130548,6.0,0.2857142857142857,,,0.0,,,0.0,0.07251223269986051,0.19519583333307833,8.0,8.0,809.5,761.0,0.8714017871219972,1.0,3.503750162249871e-05,5.222947821537503e+24,585091.8701234038,16,2025-06-19 00:00:00+00:00,0,-10.437511574074074
1750352400000,41,0.2957500132621855,67.74204364703984,130092.99245171584,0.30932113285132423,21.0,0.5121951219512195,0.09493178179264293,9.0,0.21951219512195122,0.4341473379761826,11.0,0.2682926829268293,,,0.0,,,0.0,0.1828147081107933,0.1265064247405309,21.0,21.0,1048.4285714285713,829.0,0.9355736916521347,0.8095238095238095,4.8815380095385355e-05,5.42499882194941e+24,1081328.120355397,17,2025-06-19 00:00:00+00:00,0,-10.395844907407408
1750356000000,8,0.3141296015714322,12.118537766344303,22756.330658639712,0.7880739342897057,1.0,0.125,0.3389891372853289,3.0,0.375,0.17699886660644137,4.0,0.5,,,0.0,,,0.0,0.010495787081126091,0.7775781472085797,1.0,1.0,3205.0,3205.0,1.7902513789968157,0.0,2.967773615834067e-05,5.7860112447965e+24,422802.09419321665,18,2025-06-19 00:00:00+00:00,0,-10.35417824074074
1750359600000,15,0.15100311065067953,14.831262828127615,29333.429150696633,0.13507033585510372,6.0,0.4,0.3688092366555028,2.0,0.13333333333333333,0.10242945304550932,7.0,0.4666666666666667,,,0.0,,,0.0,0.10910190413604848,0.025968431719055236,6.0,6.0,755.1666666666666,746.0,0.8268007673474744,1.0,3.3645400048631416e-05,5.938194612607789e+24,424160.1465615355,19,2025-06-19 00:00:00+00:00,0,-10.312511574074074
1750363200000,17,0.1733277446389603,25.98199650153568,52613.616621514186,0.17378757660288552,7.0,0.4117647058823529,0.2708108582846246,5.0,0.29411764705882354,0.07520086624380073,5.0,0.29411764705882354,,,0.0,,,0.0,0.15152390288812043,0.02226367371476507,7.0,7.0,1373.4285714285713,996.0,1.0667663197112125,0.7142857142857143,3.1420236186087304e-05,5.97702545022448e+24,424494.2036734639,20,2025-06-19 00:00:00+00:00,0,-10.270844907407408
1750366800000,10,0.2762384138570483,15.829282352165981,29909.361747914827,0.5177117495808224,2.0,0.2,0.33681315503198295,5.0,0.5,0.014298288082974404,3.0,0.3,,,0.0,,,0.0,0.1284983510080372,0.38921339857278525,2.0,2.0,531.5,531.5,0.7109492030319695,1.0,3.765311580247732e-05,5.784390675499834e+24,422225.2786394665,21,2025-06-19 00:00:00+00:00,0,-10.22917824074074
1750370400000,7,0.39037272748859353,13.988223021184005,26521.387665947244,0.36348040369579343,3.0,0.42857142857142855,0.5026496087332936,3.0,0.42857142857142855,0.13421905513289356,1.0,0.14285714285714285,,,0.0,,,0.0,0.15643427812332658,0.20704612557246685,3.0,3.0,680.3333333333334,469.0,0.7396455183771252,1.0,2.5250158228928434e-05,5.712451153577238e+24,321303.0330381177,22,2025-06-19 00:00:00+00:00,0,-10.187511574074074
1750374000000,7,0.3995066365798903,14.774536054694682,27196.35191206922,0.6457769380827137,4.0,0.5714285714285714,0.05066161664791114,1.0,0.14285714285714285,0.08138854354023273,2.0,0.2857142857142857,,,0.0,,,0.0,0.06317136786588173,0.582605570216832,4.0,4.0,1997.5,1618.5,1.3787394272833975,0.5,2.213131583814645e-05,5.854144519727545e+24,465680.1645354558,23,2025-06-19 00:00:00+00:00,0,-10.145844907407408
1750377600000,10,0.251132396051461,22.488158004631973,43631.6031556668,0.4070150162782714,4.0,0.4,0.2717932423570108,3.0,0.3,0.02262805611016391,3.0,0.3,,,0.0,,,0.0,0.1746245458680894,0.23239047041018202,4.0,4.0,1084.25,1150.0,1.0308386989984073,1.0,2.4776245092028525e-05,8.641470264234457e+24,416409.673890467,0,2025-06-20 00:00:00+00:00,0,-10.10417824074074
1750381200000,11,0.2847063082386089,24.514252296076336,47548.9764094815,0.9467115946421066,1.0,0.09090909090909091,0.22569491083979532,4.0,0.36363636363636365,0.213713025437235,6.0,0.5454545454545454,,,0.0,,,0.0,0.9467115946421066,0.0,1.0,1.0,1815.0,1815.0,1.347219358530748,0.0,2.7544375979248145e-05,8.179215632413984e+24,631120.1787759031,1,2025-06-20 00:00:00+00:00,0,-10.062511574074074
1750384800000,5,0.11857540988547288,6.271047204597695,12436.798866105111,0.2500641701380689,2.0,0.4,0.017367726350974062,1.0,0.2,0.03769049140012626,2.0,0.4,,,0.0,,,0.0,0.17242148359686726,0.07764268654120166,2.0,2.0,1257.0,1257.0,1.0677787658112776,0.5,2.3166349605571504e-05,9.427897665146767e+24,602627.3300665235,2,2025-06-20 00:00:00+00:00,0,-10.020844907407408
1750388400000,5,0.17417274349019063,8.142667615606406,16044.981345822307,0.18197133761111306,2.0,0.4,0.2312429127315817,2.0,0.4,0.04443521676556362,1.0,0.2,,,0.0,,,0.0,0.18213361091701674,-0.00016227330590368183,2.0,2.0,1487.5,1487.5,1.1490767000609308,0.5,1.791945254405241e-05,9.563226101738555e+24,545185.4476261762,3,2025-06-20 00:00:00+00:00,0,-9.97917824074074
1750392000000,10,1.9063224096446163,231.50755833422625,224662.84037600755,1.539709639639124,2.0,0.2,0.006342741604718934,1.0,0.1,2.282494582223314,7.0,0.7,,,0.0,,,0.0,0.6825379840907962,0.8571716555483277,2.0,2.0,1320.5,1320.5,1.1472815496858586,1.0,4.1502881488892726e-05,6.289398125731152e+24,827199.3522884741,4,2025-06-20 00:00:00+00:00,0,-9.937511574074074
1750395600000,10,0.16846226613532067,10.222302212909868,19971.828825415145,0.1459632714900837,3.0,0.3,0.6231685744700942,1.0,0.1,0.1039273787354769,6.0,0.6,,,0.0,,,0.0,0.09408422493547626,0.051879046554607434,3.0,3.0,1091.0,866.0,0.93266593465966,0.6666666666666666,2.4296007479738734e-05,6.318495839656326e+24,448242.42474132474,5,2025-06-20 00:00:00+00:00,0,-9.895844907407408
1750399200000,11,0.2422731342129733,15.326901359112638,28508.52604721789,0.05686370624906315,3.0,0.2727272727272727,0.44900607441500806,4.0,0.36363636363636365,0.17459726498387107,4.0,0.36363636363636365,,,0.0,,,0.0,0.10851976705417588,-0.05165606080511272,3.0,3.0,550.6666666666666,356.0,0.6839924405098657,1.0,2.353906963280451e-05,6.318785129998837e+24,422828.8550078208,6,2025-06-20 00:00:00+00:00,0,-9.85417824074074
1750402800000,9,0.07012766210630011,9.023710038162346,18257.1852987784,,,0.0,0.11429130177802142,3.0,0.3333333333333333,0.048045842270439475,6.0,0.6666666666666666,,,0.0,,,0.0,,,,,,,,,2.87609307167994e-05,8.505605197717822e+24,748796.5145294219,7,2025-06-20 00:00:00+00:00,0,-9.812511574074074
1750406400000,19,0.3101329074268846,33.73296606089806,63933.39261577967,0.20748127308401354,2.0,0.10526315789473684,0.5094847691163905,5.0,0.2631578947368421,0.24417823744673559,12.0,0.631578947368421,,,0.0,,,0.0,0.20748127308401354,0.0,2.0,2.0,1057.0,1057.0,1.019347002157113,1.0,4.0928162275468865e-05,5.794273441070397e+24,943261.3275364088,8,2025-06-20 00:00:00+00:00,0,-9.770844907407408
1750410000000,8,0.40473425459736523,14.912074193337208,26823.779197499112,0.19054903386551014,2.0,0.25,0.15864921566633317,1.0,0.125,0.5396253506763137,5.0,0.625,,,0.0,,,0.0,0.26783437438504965,-0.0772853405195395,2.0,2.0,954.0,954.0,0.9203465846643335,0.5,2.3153542088375612e-05,5.827022545178368e+24,510709.7655953958,9,2025-06-20 00:00:00+00:00,0,-9.72917824074074
1750413600000,18,0.2837315628668285,31.969699752703363,59607.98520047999,0.3421519740504129,6.0,0.3333333333333333,0.40076680043601237,7.0,0.3888888888888889,0.05926775398873863,4.0,0.2222222222222222,0.011817668293394486,1.0,0.05555555555555555,,,0.0,0.21363996919192244,0.12851200485849054,6.0,6.0,979.1666666666666,1051.0,0.9700419285006777,1.0,3.5356864791116936e-05,5.723059941479956e+24,1092082.3003868838,10,2025-06-20 00:00:00+00:00,0,-9.687511574074074
1750417200000,14,0.14622013718038893,19.51727260704966,40340.81649430187,0.24022902245957478,6.0,0.42857142857142855,0.1032631115769758,3.0,0.21428571428571427,0.059183690207413764,5.0,0.35714285714285715,,,0.0,,,0.0,0.1630137090874494,0.0772153133721254,6.0,6.0,1096.8333333333333,1373.0,0.9855353151704835,0.6666666666666666,2.3378629035411848e-05,5.744747972175814e+24,400223.8576073804,11,2025-06-20 00:00:00+00:00,0,-9.645844907407408
1750420800000,4,0.07909554701618793,3.4552740529892914,6997.054938369151,0.1118575352171457,2.0,0.5,,,0.0,0.046333558815230165,2.0,0.5,,,0.0,,,0.0,0.1118575352171457,0.0,2.0,2.0,2131.5,2131.5,1.4513202979222792,0.0,2.0894663590825437e-05,6.045771956948368e+24,451184.51469527715,12,2025-06-20 00:00:00+00:00,0,-9.60417824074074
1750424400000,37,1.3417228014463312,608.3775726587437,589503.8758070837,3.7744075479705415,10.0,0.2702702702702703,0.5639912675607496,7.0,0.1891891891891892,0.3975864650441795,20.0,0.5405405405405406,,,0.0,,,0.0,0.4975880810915755,3.2768194668789663,10.0,10.0,917.8,978.5,0.9334720084181412,1.0,5.595871846286368e-05,5.90455159131563e+24,2969104.0916455593,13,2025-06-20 00:00:00+00:00,0,-9.562511574074074
1750428000000,71,0.2700779505980624,170.1062705260301,325580.2056258817,0.35303661706281997,19.0,0.2676056338028169,0.27963960686730893,16.0,0.22535211267605634,0.2281833078679744,35.0,0.49295774647887325,0.0071892830128027566,1.0,0.014084507042253521,,,0.0,0.27188258597275233,0.08115403109006761,19.0,19.0,787.7368421052631,720.0,0.8470195016838474,0.9473684210526315,6.819867460216182e-05,8.594401688688192e+24,2960723.0470730537,14,2025-06-20 00:00:00+00:00,0,-9.520844907407408
1750431600000,40,0.20146808248278517,74.90974869643412,146470.06769093868,0.16644344790722385,7.0,0.175,0.2721034294129775,10.0,0.25,0.18963293781285717,22.0,0.55,0.0006602379482066947,1.0,0.025,,,0.0,0.12221976698138234,0.04422368092584149,7.0,7.0,613.1428571428571,643.0,0.7550943121689798,1.0,5.3640869797129756e-05,8.079693751011253e+24,1901135.5959420935,15,2025-06-20 00:00:00+00:00,0,-9.47917824074074
1750435200000,54,0.23887349678624153,89.65273204692141,171683.38837816866,0.25258337155710575,22.0,0.4074074074074074,0.11149145294736973,8.0,0.14814814814814814,0.26876679285923993,24.0,0.4444444444444444,,,0.0,,,0.0,0.13970690315284678,0.11287646840425895,22.0,22.0,1016.6818181818181,985.0,0.9356356854540414,0.8636363636363636,5.0179118240817706e-05,7.83284618775777e+24,1789950.2739006078,16,2025-06-20 00:00:00+00:00,0,-9.437511574074074
1750438800000,56,0.4302069283690016,128.6581497292338,244400.4735270185,0.4745670985781313,16.0,0.2857142857142857,0.6159909762148323,16.0,0.2857142857142857,0.27677744966569445,24.0,0.42857142857142855,,,0.0,,,0.0,0.23033098542638455,0.24423611315174676,16.0,16.0,795.5625,758.5,0.8658191451452839,1.0,8.851139063914448e-05,5.853405455233495e+24,1829366.8606451175,17,2025-06-20 00:00:00+00:00,0,-9.395844907407408
1750442400000,82,0.2746427882886972,104.81578313883702,202171.89720581743,0.3624847844093608,21.0,0.25609756097560976,0.20108866305198206,22.0,0.2682926829268293,0.26436842994837084,37.0,0.45121951219512196,0.35147283592163336,2.0,0.024390243902439025,,,0.0,0.22147224121857886,0.1410125431907819,21.0,21.0,995.8571428571429,987.0,0.9700170975906349,0.8571428571428571,6.33592120744608e-05,5.187329051743626e+24,1311764.0936829883,18,2025-06-20 00:00:00+00:00,0,-9.35417824074074
1750446000000,34,0.46035703154221386,88.39532789031975,133283.3413123961,1.1767561067750862,7.0,0.20588235294117646,0.5559555392317715,12.0,0.35294117647058826,0.04955865694856055,15.0,0.4411764705882353,,,0.0,,,0.0,0.26605521285869055,0.9107008939163956,7.0,7.0,899.1428571428571,828.0,0.9371634292088202,1.0,4.12527550056073e-05,5.232240811810592e+24,873223.1483402222,19,2025-06-20 00:00:00+00:00,0,-9.312511574074074
1750449600000,39,0.2743410363231254,72.32785283143583,137500.69905182524,0.375186669523968,11.0,0.28205128205128205,0.1238594910799713,13.0,0.3333333333333333,0.33080491118657435,15.0,0.38461538461538464,,,0.0,,,0.0,0.13538510412682056,0.23980156539714736,11.0,11.0,1299.0,1150.0,1.060311991088394,0.7272727272727273,3.855337153417965e-05,8.019870885312295e+24,1140613.271384491,20,2025-06-20 00:00:00+00:00,0,-9.270844907407408
1750453200000,11,0.5252122981945413,41.461587315058885,71014.14588290258,1.6248911413879785,2.0,0.18181818181818182,0.1993518239238208,7.0,0.6363636363636364,0.5660451149486256,2.0,0.18181818181818182,,,0.0,,,0.0,0.06971670657718743,1.555174434810791,2.0,2.0,1299.5,1299.5,1.1393670521022905,1.0,2.51056662370704e-05,8.041179970031786e+24,613236.2420022604,21,2025-06-20 00:00:00+00:00,0,-9.22917824074074
1750456800000,26,0.2852525366093604,43.28952261224541,83620.77587080395,0.3264239272832191,9.0,0.34615384615384615,0.2801576767507678,9.0,0.34615384615384615,0.24466643944218594,8.0,0.3076923076923077,,,0.0,,,0.0,0.10133670244488563,0.2250872248383335,9.0,9.0,1958.111111111111,2152.0,1.3548951581381814,0.3333333333333333,4.041405998392445e-05,5.538009792111722e+24,637925.6124881397,22,2025-06-20 00:00:00+00:00,0,-9.187511574074074
1750460400000,9,0.1637424718023152,11.246246453426648,22916.428384216626,0.18207685042126875,4.0,0.4444444444444444,0.0809746686719669,1.0,0.1111111111111111,0.16693510651311516,3.0,0.3333333333333333,0.16359485632444926,1.0,0.1111111111111111,,,0.0,0.1431162725798506,0.038960577841418154,4.0,4.0,679.75,693.0,0.8131586331018261,1.0,3.177949044032477e-05,6.17984410998025e+24,408774.94888652506,23,2025-06-20 00:00:00+00:00,0,-9.145844907407408
1750464000000,7,0.16240203285270702,9.352229070971715,18835.49455264176,0.0553377369918124,3.0,0.42857142857142855,0.3138510171291119,1.0,0.14285714285714285,0.2189833339548,3.0,0.42857142857142855,,,0.0,,,0.0,0.0553377369918124,0.0,3.0,3.0,964.3333333333334,942.0,0.9789282008630406,1.0,3.2038537847030775e-05,6.334199955018544e+24,468114.1461104243,0,2025-06-21 00:00:00+00:00,0,-9.10417824074074
1750467600000,6,0.034988304827847545,3.663589455020072,7414.414334490484,0.0007774870231002165,1.0,0.16666666666666666,0.05849660615879463,3.0,0.5,0.01683126173380057,2.0,0.3333333333333333,,,0.0,,,0.0,0.0007774870231002165,0.0,1.0,1.0,1472.0,1472.0,1.2132600710482482,1.0,2.7126682449578383e-05,5.87738900941249e+24,733121.5506481425,1,2025-06-21 00:00:00+00:00,0,-9.062511574074074
1750471200000,2,0.1340178646008815,1.4354948104978373,2847.111,0.19802400366975437,1.0,0.5,,,0.0,0.07001172553200863,1.0,0.5,,,0.0,,,0.0,0.04271186630211855,0.15531213736763583,1.0,1.0,5557.0,5557.0,2.35732899697942,0.0,1.9860397493309063e-05,5.947052752842395e+24,605768.5443998876,2,2025-06-21 00:00:00+00:00,0,-9.020844907407408
1750474800000,4,0.11472084255421,3.4230510163060743,6916.8360179683905,0.1292984921580408,2.0,0.5,0.043257051839944334,1.0,0.25,0.1570293340608141,1.0,0.25,,,0.0,,,0.0,0.43982689975575073,-0.31052840759770994,2.0,2.0,698.5,698.5,0.8307073702681758,1.0,1.7289794932566418e-05,9.388957078699029e+24,565044.6968109059,3,2025-06-21 00:00:00+00:00,0,-8.97917824074074
1750478400000,5,0.20855667618258514,8.040314636835067,15765.39608383195,,,0.0,0.18786716200203546,1.0,0.2,0.21372905472772252,4.0,0.8,,,0.0,,,0.0,,,,,,,,,2.3633033273197815e-05,7.191466564356132e+24,678405.2284285395,4,2025-06-21 00:00:00+00:00,0,-8.937511574074074
1750482000000,5,0.17429444900763247,4.5175690287529235,8816.856685601098,0.10860764859344385,2.0,0.4,0.11480612660375467,1.0,0.2,0.26972541062376,2.0,0.4,,,0.0,,,0.0,0.10860764859344385,0.0,2.0,2.0,1243.0,1243.0,1.1106105891637528,1.0,1.6645138768704753e-05,5.849492892899163e+24,775109.6070206851,5,2025-06-21 00:00:00+00:00,0,-8.895844907407408
1750485600000,5,0.2175574229751386,5.372109090061494,10071.906467053926,0.0011465641669471463,2.0,0.4,,,0.0,0.36183132884726615,3.0,0.6,,,0.0,,,0.0,0.0011465641669471463,0.0,2.0,2.0,2588.5,2588.5,1.5427639542211313,0.5,2.0573068121930556e-05,5.955775439489476e+24,821525.1148130874,6,2025-06-21 00:00:00+00:00,0,-8.85417824074074
1750489200000,10,0.5240798677638202,47.75719031402894,84086.23376505554,0.5840362996772973,4.0,0.4,,,0.0,0.4841089131548355,6.0,0.6,,,0.0,,,0.0,0.11695151080293609,0.4670847888743612,4.0,4.0,1066.5,1044.0,1.028142313477424,1.0,7.828410045438424e-05,8.453148889798829e+24,1742735.153284617,7,2025-06-21 00:00:00+00:00,0,-8.812511574074074
1750492800000,10,0.04232252155789585,5.7231033313160875,11519.383115411594,0.16476377975361156,2.0,0.2,,,0.0,0.011340359884565538,7.0,0.7,0.014315136879776598,1.0,0.1,,,0.0,0.08681897128493421,0.07794480846867735,2.0,2.0,617.0,617.0,0.7719788210975647,1.0,2.2590840358479295e-05,9.986654759967694e+24,1046354.0109275692,8,2025-06-21 00:00:00+00:00,0,-8.770844907407408
1750496400000,17,0.24432189001111648,40.646443075494254,79422.14404138556,0.152055054474062,3.0,0.17647058823529413,0.1510212828296017,9.0,0.5294117647058824,0.4676230842600758,5.0,0.29411764705882354,,,0.0,,,0.0,0.152055054474062,0.0,3.0,3.0,630.3333333333334,331.0,0.6883124035964481,1.0,2.8271600558930254e-05,8.497144002893189e+24,695612.7454584521,9,2025-06-21 00:00:00+00:00,0,-8.72917824074074
1750500000000,18,0.1373280856466714,30.885532252056688,60558.89690108916,0.2051830216777172,5.0,0.2777777777777778,0.1487097169489181,9.0,0.5,0.018485772498489452,3.0,0.16666666666666666,0.052145663215767864,1.0,0.05555555555555555,,,0.0,0.23639098886774504,-0.03120796719002783,5.0,5.0,1203.8,429.0,0.8897371730966264,0.8,2.8943882919223604e-05,1.101084373609563e+25,796513.2283965857,10,2025-06-21 00:00:00+00:00,0,-8.687511574074074
1750503600000,6,0.5585572160826712,31.09508726431325,57537.74125207474,0.7676309768217581,1.0,0.16666666666666666,0.8507498135681087,3.0,0.5,0.015731439484971584,2.0,0.3333333333333333,,,0.0,,,0.0,0.9232050240665134,-0.15557404724475532,1.0,1.0,292.0,292.0,0.5403702434442518,1.0,2.3019503953959564e-05,1.342866496781479e+25,542206.5312888756,11,2025-06-21 00:00:00+00:00,0,-8.645844907407408
1750507200000,10,0.086829316304886,7.835626576124525,15353.796033840637,0.11573408413050017,3.0,0.3,0.00334455380757593,5.0,0.5,0.2521840708097399,2.0,0.2,,,0.0,,,0.0,0.06376358015314654,0.05197050397735362,3.0,3.0,769.0,579.0,0.8410043893664415,1.0,3.360710177951136e-05,6.931291336449025e+24,579562.9553934264,12,2025-06-21 00:00:00+00:00,0,-8.60417824074074
1750510800000,13,0.12323955414126433,8.164326745307518,15949.109160867092,0.27364556447806876,4.0,0.3076923076923077,0.05707196425753114,5.0,0.38461538461538464,0.0555430311591264,4.0,0.3076923076923077,,,0.0,,,0.0,0.07761021698360782,0.19603534749446094,4.0,4.0,1120.75,981.5,0.8529172045813885,0.5,4.4427019962033186e-05,4.8244071736617146e+24,575209.2691834305,13,2025-06-21 00:00:00+00:00,0,-8.562511574074074
1750514400000,46,0.20200862216710708,50.357668589179504,99568.06238290132,0.27668376822443264,16.0,0.34782608695652173,0.2190526410258082,6.0,0.13043478260869565,0.1479641867475481,24.0,0.5217391304347826,,,0.0,,,0.0,0.3158668102286365,-0.03918304200420386,16.0,16.0,1071.4375,951.5,0.9891451062637605,0.8125,6.847161052039626e-05,4.645045408164879e+24,1613127.201791007,14,2025-06-21 00:00:00+00:00,0,-8.520844907407408
1750518000000,30,0.19275003574056376,30.694302305029556,60833.17453435908,0.18995607614211188,14.0,0.4666666666666667,0.40138957992625224,4.0,0.13333333333333333,0.12646314054352817,12.0,0.4,,,0.0,,,0.0,0.11136194578439987,0.07859413035771201,14.0,14.0,972.0714285714286,800.5,0.9342403753513003,0.9285714285714286,5.8640228291972567e-05,4.7450249789781656e+24,896035.5004671327,15,2025-06-21 00:00:00+00:00,0,-8.47917824074074
1750521600000,26,0.5686134896404392,80.56146968847385,142199.3338908083,0.40018279393181555,9.0,0.34615384615384615,1.1062409958969857,9.0,0.34615384615384615,0.15326707777402626,8.0,0.3076923076923077,,,0.0,,,0.0,0.24323617164713765,0.1569466222846779,9.0,9.0,1047.7777777777778,886.0,1.0102311633141552,0.7777777777777778,4.493145924748547e-05,4.841429782584164e+24,970504.482446863,16,2025-06-21 00:00:00+00:00,0,-8.437511574074074
1750525200000,27,0.3184308524287134,40.38936188995919,78218.62734554736,0.3577038258122309,9.0,0.3333333333333333,0.48135559682513807,8.0,0.2962962962962963,0.152745380866408,10.0,0.37037037037037035,,,0.0,,,0.0,0.2700834989330116,0.08762032687921935,9.0,9.0,1059.3333333333333,893.0,0.9616110525021452,0.7777777777777778,4.998072192001836e-05,4.4043966408204114e+24,882819.814351314,17,2025-06-21 00:00:00+00:00,0,-8.395844907407408
1750528800000,75,0.2180861437631046,86.2367794397266,170406.3985182646,0.25236551878136354,23.0,0.30666666666666664,0.3048896837618682,26.0,0.3466666666666667,0.10350876959870792,25.0,0.3333333333333333,0.037202832485210176,1.0,0.013333333333333334,,,0.0,0.12884619593852947,0.12351932284283407,23.0,23.0,1140.7391304347825,1019.0,1.012116150003439,0.8260869565217391,6.268565110152586e-05,4.2652108191640165e+24,1190213.6539188358,18,2025-06-21 00:00:00+00:00,0,-8.35417824074074
1750532400000,53,0.28279945519204275,66.55820764112849,128207.82248681922,0.42138668458956036,23.0,0.4339622641509434,0.22418737823659984,18.0,0.33962264150943394,0.10509204761329834,12.0,0.22641509433962265,,,0.0,,,0.0,0.16696192443428395,0.2544247601552764,23.0,23.0,1178.4347826086957,1180.0,1.0338950566904226,0.8260869565217391,5.255771528836681e-05,4.0643564307147106e+24,805624.6651004958,19,2025-06-21 00:00:00+00:00,0,-8.312511574074074
1750536000000,37,0.4328133777655503,63.3459588536279,122288.56272968544,0.657963221238904,12.0,0.32432432432432434,0.31031396060801847,13.0,0.35135135135135137,0.3403712362128559,12.0,0.32432432432432434,,,0.0,,,0.0,0.1834907916544399,0.4744724295844642,12.0,12.0,2127.25,1304.5,1.302065631365165,0.6666666666666666,5.487930208819727e-05,4.2596755650395104e+24,747403.5392794394,20,2025-06-21 00:00:00+00:00,0,-8.270844907407408
1750539600000,98,0.77073303515184,299.7193991371728,529666.1574440912,0.7619022838553381,36.0,0.3673469387755102,1.0660941241074229,33.0,0.336734693877551,0.44559479760493786,29.0,0.29591836734693877,,,0.0,,,0.0,0.38043220565495267,0.3814700782003855,36.0,36.0,997.5277777777778,971.5,0.9576342728438753,0.8611111111111112,0.00014373049126840357,3.909747138213054e+24,2466346.7299887124,21,2025-06-21 00:00:00+00:00,0,-8.22917824074074
1750543200000,52,0.40742335433202614,83.35475544130443,160630.2430349023,0.4173183329604412,20.0,0.38461538461538464,0.3356053797839369,21.0,0.40384615384615385,0.5265395264176236,11.0,0.21153846153846154,,,0.0,,,0.0,0.3380268749005365,0.07929145805990467,20.0,20.0,1016.1,931.0,0.9470864858457583,0.85,6.343849657788176e-05,3.931882744754596e+24,1043626.1158171226,22,2025-06-21 00:00:00+00:00,0,-8.187511574074074
1750546800000,84,0.4140184709294428,136.06291613163927,263991.258381487,0.4994252996182435,25.0,0.2976190476190476,0.4781057522779679,22.0,0.2619047619047619,0.3260787844028322,36.0,0.42857142857142855,0.03475627899985224,1.0,0.011904761904761904,,,0.0,0.26277296294903596,0.23665233666920749,25.0,25.0,1109.04,967.0,0.9802699128524165,0.88,0.00010932088661733794,4.107472261271127e+24,1937081.6140021614,23,2025-06-21 00:00:00+00:00,0,-8.145844907407408
1750550400000,60,0.4031473072129927,111.24617760078823,210332.66131620653,0.5372345989537016,22.0,0.36666666666666664,0.47255343740865585,20.0,0.3333333333333333,0.1621449170902783,18.0,0.3,,,0.0,,,0.0,0.16918103117582692,0.36805356777787473,22.0,22.0,1336.590909090909,1333.0,1.1263367449099706,0.7727272727272727,7.153415597166052e-05,4.587113481722403e+24,1651308.9836071075,0,2025-06-22 00:00:00+00:00,0,-8.10417824074074
1750554000000,64,0.29169872062432145,85.20061419750117,165558.9610684968,0.31451651241953016,18.0,0.28125,0.43564614133418267,20.0,0.3125,0.1810555023277055,23.0,0.359375,0.0434071720613833,3.0,0.046875,,,0.0,0.2792892150262578,0.03522729739327238,18.0,18.0,1095.7222222222222,959.5,0.9613310577174415,0.8333333333333334,6.36614529669597e-05,4.2684773267323014e+24,1524622.0358428077,1,2025-06-22 00:00:00+00:00,0,-8.062511574074074
1750557600000,115,0.37817648250252356,196.98862393814554,389842.2317201125,0.5633080855527206,38.0,0.33043478260869563,0.3692951940570813,30.0,0.2608695652173913,0.23743098449470007,46.0,0.4,0.08390712831818792,1.0,0.008695652173913044,,,0.0,0.22431973059844781,0.3389883549542727,38.0,38.0,1136.5263157894738,1103.0,1.0377681549758315,0.868421052631579,9.370802521394275e-05,4.187102611870669e+24,2810445.4743547165,2,2025-06-22 00:00:00+00:00,0,-8.020844907407408
1750561200000,43,0.43606617032057315,80.64309685496417,155066.67735838023,0.4442817219833122,21.0,0.4883720930232558,0.5496080779510973,14.0,0.32558139534883723,0.21580200885246584,8.0,0.18604651162790697,,,0.0,,,0.0,0.2627856024834942,0.181496119499818,21.0,21.0,1063.095238095238,988.0,1.001654815215244,0.8571428571428571,6.001126689086556e-05,4.29759305979811e+24,1516434.380342799,3,2025-06-22 00:00:00+00:00,0,-7.97917824074074
1750564800000,38,0.23800763355219373,46.56380869251613,92787.61118933542,0.27496259250836974,10.0,0.2631578947368421,0.34088237779814246,11.0,0.2894736842105263,0.13077970378820553,15.0,0.39473684210526316,0.29163121864850694,2.0,0.05263157894736842,,,0.0,0.06883162313920266,0.20613096936916708,10.0,10.0,1257.9,1103.0,1.0406948623573864,0.9,5.0070492798342653e-05,4.590166345446062e+24,1326566.1683651528,4,2025-06-22 00:00:00+00:00,0,-7.937511574074074
1750568400000,17,0.32307120377034965,27.72124563258811,54724.93251949499,0.23837875099769634,4.0,0.23529411764705882,0.4012866391284219,5.0,0.29411764705882354,0.31653278305788113,8.0,0.47058823529411764,,,0.0,,,0.0,0.2383324977994804,4.625319821593976e-05,4.0,4.0,992.25,1108.5,0.9824106932476002,1.0,3.8262513486516884e-05,4.7491837680160064e+24,695312.4732120967,5,2025-06-22 00:00:00+00:00,0,-7.895844907407407
1750572000000,14,0.11358795466590853,8.676080136531228,16776.451600645036,0.00811074472418117,3.0,0.21428571428571427,0.0461736808956232,3.0,0.21428571428571427,0.17842226105791328,8.0,0.5714285714285714,,,0.0,,,0.0,0.21802878281074622,-0.20991803808656506,3.0,3.0,3461.0,751.0,1.464486092635662,0.6666666666666666,4.456829070051725e-05,5.037960940305172e+24,748974.7042367844,6,2025-06-22 00:00:00+00:00,0,-7.85417824074074
1750575600000,12,0.46834780437516205,29.382812986164932,56670.34548654689,0.6951911124780706,3.0,0.25,0.9896458198286743,3.0,0.25,0.09427714259695157,6.0,0.5,,,0.0,,,0.0,0.8529316012208751,-0.15774048874280433,3.0,3.0,1487.0,897.0,1.161457584837953,0.6666666666666666,5.4045485984383475e-05,5.019823024400973e+24,766862.0986339004,7,2025-06-22 00:00:00+00:00,0,-7.812511574074074
1750579200000,13,0.4214066521249484,23.759585426765376,43595.73330816205,0.8099107012092125,3.0,0.23076923076923078,0.018151549802396423,4.0,0.3076923076923077,0.49599136246451764,6.0,0.46153846153846156,,,0.0,,,0.0,0.12528456412475453,0.6846261370844579,3.0,3.0,1633.0,1310.0,1.2591123023109072,0.6666666666666666,3.8951973722239334e-05,4.9822907186983e+24,1039807.561103155,8,2025-06-22 00:00:00+00:00,0,-7.770844907407407
1750582800000,37,0.3788192239267706,64.32352314334179,124237.81579645394,0.3270756032908205,9.0,0.24324324324324326,0.3627525735696781,14.0,0.3783783783783784,0.4281496304069737,14.0,0.3783783783783784,,,0.0,,,0.0,0.221503400828621,0.10557220246219955,9.0,9.0,1356.111111111111,1177.0,1.1496791166063365,0.7777777777777778,5.3593670412423906e-05,4.732764956486729e+24,1259881.1446545403,9,2025-06-22 00:00:00+00:00,0,-7.72917824074074
1750586400000,37,0.335450020100139,58.8215419764251,115226.91592014916,0.49099369257132003,17.0,0.4594594594594595,0.29445361680813675,8.0,0.21621621621621623,0.14242741962730074,12.0,0.32432432432432434,,,0.0,,,0.0,0.2945331367122949,0.1964605558590251,17.0,17.0,1176.235294117647,1002.0,1.055867696072896,0.8823529411764706,4.813166611182022e-05,4.4353684052726634e+24,969287.1011057333,10,2025-06-22 00:00:00+00:00,0,-7.687511574074074
1750590000000,29,0.32749060466010527,44.41555148409068,85904.81871183333,0.40969361749160654,12.0,0.41379310344827586,0.4167945759994331,7.0,0.2413793103448276,0.1663342093247743,10.0,0.3448275862068966,,,0.0,,,0.0,0.26412791440731637,0.14556570308429015,12.0,12.0,1320.6666666666667,1300.5,1.1033486517184583,0.75,4.83288026957497e-05,4.6475236843766535e+24,817366.0288827966,11,2025-06-22 00:00:00+00:00,0,-7.645844907407407
1750593600000,40,0.3691311957317077,63.043490597242815,119250.5201424348,0.5756133810544662,13.0,0.325,0.416562368192231,12.0,0.3,0.15223503048356501,15.0,0.375,,,0.0,,,0.0,0.257569968221815,0.3180434128326513,13.0,13.0,1109.8461538461538,1154.0,1.0437908456817615,0.9230769230769231,5.91631980928406e-05,4.607268482833235e+24,1118055.5758931695,12,2025-06-22 00:00:00+00:00,0,-7.60417824074074
1750597200000,116,0.675702767354449,315.126074582699,576051.0752554443,0.6562963443994954,30.0,0.25862068965517243,1.1230563164349818,34.0,0.29310344827586204,0.40167366797258025,51.0,0.4396551724137931,0.023358855740234115,1.0,0.008620689655172414,,,0.0,0.20217032419345574,0.4541260202060397,30.0,30.0,924.2666666666667,1020.5,0.9229209506835166,0.9333333333333333,0.0001368404834482997,3.7532873945786863e+24,4071176.673321316,13,2025-06-22 00:00:00+00:00,0,-7.562511574074074
1750600800000,139,0.6571322790033215,363.0516071334844,670746.9092731057,0.7354791233523987,49.0,0.35251798561151076,0.9954488961098434,35.0,0.2517985611510791,0.3720399704245388,55.0,0.39568345323741005,,,0.0,,,0.0,0.6054618780831048,0.13001724526929395,49.0,49.0,883.530612244898,921.0,0.8773065725502324,0.9387755102040817,0.00013067280144204267,3.745248097106281e+24,5113614.580933875,14,2025-06-22 00:00:00+00:00,0,-7.520844907407407
1750604400000,78,0.4888558305034484,163.87091074274653,295447.9973010389,0.3622800890585208,27.0,0.34615384615384615,0.7407650419731096,18.0,0.23076923076923078,0.45501277633857395,33.0,0.4230769230769231,,,0.0,,,0.0,0.22839936641068445,0.13388072264783643,27.0,27.0,902.8888888888889,1095.0,0.8951783874554955,0.9629629629629629,0.00010650388777069674,3.9351595213976826e+24,2340074.865013978,15,2025-06-22 00:00:00+00:00,0,-7.47917824074074
1750608000000,115,0.405381840075006,182.13190092554032,345605.8925952212,0.48430424491266466,47.0,0.40869565217391307,0.6068502255513446,23.0,0.2,0.219979042445545,45.0,0.391304347826087,,,0.0,,,0.0,0.22903042003755167,0.25527382487511296,47.0,47.0,828.0,817.0,0.8752918706158338,0.9574468085106383,9.44507782519111e-05,3.8129978099649185e+24,2270408.1728069764,16,2025-06-22 00:00:00+00:00,0,-7.437511574074074
1750611600000,92,0.6301497075543554,227.24262798376628,402190.30806821457,0.5753295997478453,43.0,0.4673913043478261,0.890113172953889,27.0,0.29347826086956524,0.4146822291502503,21.0,0.22826086956521738,0.493217823933083,1.0,0.010869565217391304,,,0.0,0.2592922969065916,0.31603730284125364,43.0,43.0,928.8372093023256,933.0,0.9218152170261251,0.9767441860465116,8.714777847086629e-05,3.895654664805296e+24,1603343.5838377734,17,2025-06-22 00:00:00+00:00,0,-7.395844907407407
1750615200000,67,0.38142059352832086,100.9533290820177,196415.07424234063,0.41900904982917675,38.0,0.5671641791044776,0.35262549757326267,21.0,0.31343283582089554,0.2784625529812833,8.0,0.11940298507462686,,,0.0,,,0.0,0.25906839942933874,0.159940650399838,38.0,38.0,1089.3684210526317,1151.5,0.9961011729009895,0.8947368421052632,7.037921178099956e-05,3.87964338259436e+24,1053700.8914184936,18,2025-06-22 00:00:00+00:00,0,-7.35417824074074
1750618800000,53,0.31202004583312765,64.57479230100918,123656.04629194099,0.4748696292332487,21.0,0.39622641509433965,0.3430928712238275,12.0,0.22641509433962265,0.1223842880285807,20.0,0.37735849056603776,,,0.0,,,0.0,0.12114759937218984,0.35372202986105883,21.0,21.0,1094.8095238095239,1093.0,1.0100888785976527,0.8095238095238095,7.867377444819601e-05,3.809716119784418e+24,966391.8102755228,19,2025-06-22 00:00:00+00:00,0,-7.312511574074074
1750622400000,120,0.5609849541584099,240.27253349093687,449014.89382033225,0.4973704694645314,61.0,0.5083333333333333,0.8250125407270076,34.0,0.2833333333333333,0.35712677907818063,25.0,0.20833333333333334,,,0.0,,,0.0,0.2719063543349067,0.22546411512962478,61.0,61.0,1001.2622950819672,965.0,0.9324121764535401,0.9016393442622951,0.00010488669455107205,3.716649586824693e+24,1978084.5901534061,20,2025-06-22 00:00:00+00:00,0,-7.270844907407407
1750626000000,56,0.42858873527354835,91.78909719834844,175117.77197797663,0.5372519726901621,24.0,0.42857142857142855,0.3740804295214249,17.0,0.30357142857142855,0.316503635259373,15.0,0.26785714285714285,,,0.0,,,0.0,0.3245030016531764,0.21274897103698565,24.0,24.0,1038.25,943.0,0.988593383069289,0.9166666666666666,6.307393180121191e-05,3.8314346866342706e+24,769948.2630249497,21,2025-06-22 00:00:00+00:00,0,-7.22917824074074
1750629600000,61,0.5535808400063282,127.915444479131,239827.7723869148,0.48589610350848983,33.0,0.5409836065573771,0.8645769503992299,14.0,0.22950819672131148,0.40212732278690283,14.0,0.22950819672131148,,,0.0,,,0.0,0.24702693616546129,0.23886916734302846,33.0,33.0,1282.3939393939395,1221.0,1.043213859066877,0.7575757575757576,8.907253222752783e-05,3.8822399686343163e+24,1233603.1951033196,22,2025-06-22 00:00:00+00:00,0,-7.187511574074074
1750633200000,45,0.2908549888995477,56.51091939562018,111861.02734912871,0.3999863940765301,21.0,0.4666666666666667,0.06920704162662682,14.0,0.3111111111111111,0.3719861642099741,10.0,0.2222222222222222,,,0.0,,,0.0,0.2220468949941488,0.17793949908238121,21.0,21.0,1000.8571428571429,889.0,0.9584840844253586,0.9523809523809523,5.7196167725910776e-05,3.8007548541153997e+24,530531.3248684837,23,2025-06-22 00:00:00+00:00,0,-7.145844907407407
1750636800000,60,0.3875826199554776,98.35146273819943,192366.19774277537,0.44308680099700665,26.0,0.43333333333333335,0.44389594914700115,16.0,0.26666666666666666,0.25735362139191476,18.0,0.3,,,0.0,,,0.0,0.15012441190364736,0.29296238909335925,26.0,26.0,1491.6538461538462,1374.0,1.1570957833919524,0.6538461538461539,6.258344031911314e-05,3.8215632709355426e+24,906037.09325847,0,2025-06-23 00:00:00+00:00,0,-7.10417824074074
1750640400000,26,0.2360068062029529,26.712360168472312,53104.114418447214,0.32620700543917625,5.0,0.19230769230769232,0.27484886987829754,12.0,0.46153846153846156,0.13410616617125815,9.0,0.34615384615384615,,,0.0,,,0.0,0.2613300759349889,0.06487692950418733,5.0,5.0,1454.4,1381.0,1.1943573320998984,0.6,5.747603703692948e-05,3.8518701841769253e+24,802604.6660416323,1,2025-06-23 00:00:00+00:00,0,-7.062511574074074
1750644000000,38,0.3697732871075732,53.68073675522957,102567.85624244389,0.7112683634246338,12.0,0.3157894736842105,0.3101630988503881,12.0,0.3157894736842105,0.13016525921966976,13.0,0.34210526315789475,0.10205899293181264,1.0,0.02631578947368421,,,0.0,0.21376058397573125,0.49750777944890245,12.0,12.0,1448.6666666666667,1056.5,1.1696932082117244,0.5833333333333334,4.6222899635502425e-05,3.9215754058257087e+24,971257.8816788037,2,2025-06-23 00:00:00+00:00,0,-7.020844907407407
1750647600000,24,0.30490058737740716,33.33131652869474,62839.689322437065,0.38837908767250273,7.0,0.2916666666666667,0.16794127425791563,9.0,0.375,0.44666568416322466,6.0,0.25,0.20374745502483183,2.0,0.08333333333333333,,,0.0,0.24997078473928994,0.13840830293321282,7.0,7.0,1179.142857142857,1213.0,1.0617784254754603,0.5714285714285714,4.659954687804352e-05,4.3698126450003913e+24,877960.5799597105,3,2025-06-23 00:00:00+00:00,0,-6.97917824074074
1750651200000,17,0.06342204278175559,7.751465164088792,15708.049778921817,0.0932566479818437,3.0,0.17647058823529413,0.0658898402724527,5.0,0.29411764705882354,0.052106175775783366,9.0,0.5294117647058824,,,0.0,,,0.0,0.0932566479818437,0.0,3.0,3.0,1234.3333333333333,1000.0,0.9368978359842647,0.6666666666666666,3.331843044211686e-05,4.2061394762731286e+24,914197.0185291875,4,2025-06-23 00:00:00+00:00,0,-6.937511574074074
1750654800000,5,0.3064707005419097,6.699180812865448,13027.241513136953,0.27383180069322194,3.0,0.6,,,0.0,0.35542905031494143,2.0,0.4,,,0.0,,,0.0,0.11304434216430781,0.1607874585289141,3.0,3.0,1654.3333333333333,1291.0,1.271830849513761,0.6666666666666666,2.5682967050716048e-05,4.1773251399007044e+24,323111.8910053122,5,2025-06-23 00:00:00+00:00,0,-6.895844907407407
1750658400000,16,0.3903060699363874,30.503308159202735,58768.590321226955,0.1760628361606034,6.0,0.375,0.6584374579822238,5.0,0.3125,0.30185963374396596,4.0,0.25,0.6888942771315952,1.0,0.0625,,,0.0,0.06913040044058376,0.10693243572001965,6.0,6.0,1198.5,1226.5,1.0781632479767753,0.8333333333333334,4.423483061629823e-05,4.35515819996304e+24,889681.142876058,6,2025-06-23 00:00:00+00:00,0,-6.85417824074074
1750662000000,22,0.1830952422486515,25.05663903728034,53159.0762183594,0.2986670660144507,10.0,0.45454545454545453,0.0506475863929533,5.0,0.22727272727272727,0.11259810533729428,7.0,0.3181818181818182,,,0.0,,,0.0,0.3147782172896506,-0.01611115127519993,10.0,10.0,1946.5,1234.0,1.3056871179873322,0.6,3.826600943402253e-05,4.6149237539451074e+24,903865.268071975,7,2025-06-23 00:00:00+00:00,0,-6.812511574074074
1750665600000,6,0.2652906871743694,10.652488151233054,22483.636996800204,0.2408210651061492,2.0,0.3333333333333333,0.3232004836967216,2.0,0.3333333333333333,0.23185051272023738,2.0,0.3333333333333333,,,0.0,,,0.0,0.9627316411642317,-0.7219105760580824,2.0,2.0,485.0,485.0,0.5905234426662964,1.0,3.405128653663597e-05,4.450269968202133e+24,396004.09041013697,8,2025-06-23 00:00:00+00:00,0,-6.770844907407407
1750669200000,20,0.45494119448769454,44.54461201341276,84466.7702133986,0.6356086875571549,6.0,0.3,0.6855511793522476,6.0,0.3,0.14648308603718452,8.0,0.4,,,0.0,,,0.0,0.2866664915055908,0.3489421960515641,6.0,6.0,809.8333333333334,722.0,0.8894169943254767,1.0,3.8774028438922805e-05,4.3487579603798897e+24,685126.1706319262,9,2025-06-23 00:00:00+00:00,0,-6.72917824074074
1750672800000,17,0.28014243930648397,24.036628240231195,47238.435161167414,0.3206910809021147,7.0,0.4117647058823529,0.29899096147614007,7.0,0.4117647058823529,0.14154905718748137,3.0,0.17647058823529413,,,0.0,,,0.0,0.2283483472386521,0.09234273366346255,7.0,7.0,782.4285714285714,743.0,0.8030220488479041,0.8571428571428571,3.7896313425416315e-05,4.4246576785178524e+24,517820.20492980786,10,2025-06-23 00:00:00+00:00,0,-6.687511574074074
1750676400000,36,0.1729916794948957,35.11004004123671,69285.40359325416,0.13520704610474302,15.0,0.4166666666666667,0.2600831598684479,11.0,0.3055555555555556,0.13386800116921715,10.0,0.2777777777777778,,,0.0,,,0.0,0.14600457764532065,-0.010797531540577646,15.0,15.0,807.5333333333333,932.0,0.8426940830747586,0.9333333333333333,4.9482448816903826e-05,4.249829778863493e+24,1035483.631844421,11,2025-06-23 00:00:00+00:00,0,-6.645844907407407
1750680000000,24,0.7231649320889829,85.15464212259913,133642.52126829635,1.046168858170331,12.0,0.5,0.7239059640288302,5.0,0.20833333333333334,0.16891460742106637,7.0,0.2916666666666667,,,0.0,,,0.0,0.47967937099500896,0.566489487175322,12.0,12.0,1301.8333333333333,1045.0,1.0982112315328347,0.75,4.1824881773306354e-05,4.4032298299642323e+24,768961.8358755173,12,2025-06-23 00:00:00+00:00,0,-6.60417824074074
1750683600000,69,0.5485351602330064,185.23744172474608,322453.18322165264,1.0729094863924231,18.0,0.2608695652173913,0.5231051225461679,15.0,0.21739130434782608,0.30398767404986504,34.0,0.4927536231884058,0.1771987725629519,2.0,0.028985507246376812,,,0.0,0.5821196927470351,0.4907897936453878,18.0,18.0,988.2777777777778,829.0,0.9300281040969095,0.8888888888888888,0.00011912181677243957,4.342835426490485e+24,2560222.6364526274,13,2025-06-23 00:00:00+00:00,0,-6.562511574074074
1750687200000,106,0.6008214492843141,270.1969089892643,510192.13858921884,0.6498086724462544,31.0,0.29245283018867924,0.70579666908965,29.0,0.27358490566037735,0.5016282907544253,46.0,0.4339622641509434,,,0.0,,,0.0,0.26285022493464955,0.3869584475116048,31.0,31.0,1304.5806451612902,1070.0,1.060791512205463,0.9032258064516129,9.243884093986708e-05,4.3433857596411696e+24,2866852.53051644,14,2025-06-23 00:00:00+00:00,0,-6.520844907407407
1750690800000,59,0.31214101131512006,87.27594059777532,170140.54990430447,0.40856260998153904,28.0,0.4745762711864407,0.25120300570997506,11.0,0.1864406779661017,0.2106666762649633,20.0,0.3389830508474576,,,0.0,,,0.0,0.3281891292208155,0.08037348076072355,28.0,28.0,1166.857142857143,1013.5,0.9999453681502939,0.8571428571428571,6.75008872505014e-05,4.4804476054635306e+24,1459896.1460883205,15,2025-06-23 00:00:00+00:00,0,-6.47917824074074
1750694400000,155,0.6460573145015788,455.4670118768524,835717.3764282579,0.6680715711086087,62.0,0.4,1.0593984795579072,41.0,0.2645161290322581,0.29349109844417953,49.0,0.3161290322580645,0.30068161779066266,3.0,0.01935483870967742,,,0.0,0.3668133579400134,0.30125821316859525,62.0,62.0,949.8709677419355,967.0,0.9243259135477464,0.9193548387096774,0.00015126661114771417,4.471866467358916e+24,3780120.606735416,16,2025-06-23 00:00:00+00:00,0,-6.437511574074074
1750698000000,104,0.5103471263830779,243.4458053609772,450750.5255108228,0.6346533680763288,43.0,0.41346153846153844,0.5497500504912781,34.0,0.3269230769230769,0.262759429624241,27.0,0.25961538461538464,,,0.0,,,0.0,0.2632910957784658,0.37136227229786295,43.0,43.0,1102.953488372093,993.0,1.0094442456524484,0.8372093023255814,0.00010221659504999945,4.36447120051418e+24,2181814.47867251,17,2025-06-23 00:00:00+00:00,0,-6.395844907407407
1750701600000,34,0.41562605364587213,57.11585540295823,106221.67761737968,0.2523813893966726,12.0,0.35294117647058826,0.5974381829552873,11.0,0.3235294117647059,0.4118990126083111,11.0,0.3235294117647059,,,0.0,,,0.0,0.11985860177736422,0.13252278761930839,12.0,12.0,1384.0,1082.5,1.1058515918928562,0.75,6.680899098726043e-05,4.1463458277941126e+24,704379.6641953366,18,2025-06-23 00:00:00+00:00,0,-6.35417824074074
1750705200000,38,0.3866324596756857,65.1972483079158,125747.81152985634,0.3925223467501639,18.0,0.47368421052631576,0.342575976075954,13.0,0.34210526315789475,0.3941282166260669,6.0,0.15789473684210525,0.8083742374293034,1.0,0.02631578947368421,,,0.0,0.2689757115213323,0.12354663522883157,18.0,18.0,1361.2777777777778,1109.5,1.057721529620606,0.8333333333333334,5.4182017171534686e-05,4.227246936347341e+24,568634.8752705875,19,2025-06-23 00:00:00+00:00,0,-6.312511574074074
1750708800000,83,0.5220680384255229,184.52642198376194,341551.43333555985,0.5963329502918215,42.0,0.5060240963855421,0.5762828871513735,25.0,0.30120481927710846,0.24241194364234708,16.0,0.1927710843373494,,,0.0,,,0.0,0.21632391866641684,0.3800090316254046,42.0,42.0,1340.3809523809523,990.0,1.0765828573004332,0.7619047619047619,7.788632017554507e-05,4.2846429406251333e+24,1094463.9350484016,20,2025-06-23 00:00:00+00:00,0,-6.270844907407407
1750712400000,62,0.3061407433258403,101.01454717798156,205740.36103312002,0.400112226655654,19.0,0.3064516129032258,0.26869750401583364,14.0,0.22580645161290322,0.26966194334830773,26.0,0.41935483870967744,0.2018727321556656,3.0,0.04838709677419355,,,0.0,0.12569614807722995,0.27441607857842404,19.0,19.0,1540.842105263158,1292.0,1.105352975701387,0.7368421052631579,7.23493790087931e-05,4.292496822355817e+24,1150445.632520885,21,2025-06-23 00:00:00+00:00,0,-6.22917824074074
1750716000000,126,0.5819175609892485,335.8837375341013,623005.4940052048,0.4744528537892346,55.0,0.4365079365079365,1.020188135671078,31.0,0.24603174603174602,0.38001427744308824,39.0,0.30952380952380953,0.7803167001535537,1.0,0.007936507936507936,,,0.0,0.34081485322836846,0.13363800056086605,55.0,55.0,1143.5272727272727,1105.0,1.005203917471454,0.8181818181818182,0.00010094938234459113,4.310756889818427e+24,2359527.4437510557,22,2025-06-23 00:00:00+00:00,0,-6.187511574074074
1750719600000,37,0.47254964433827107,75.50552081057556,143060.19982274275,0.37376450127871597,16.0,0.43243243243243246,0.8189667318875316,11.0,0.2972972972972973,0.24954707692937275,10.0,0.2702702702702703,,,0.0,,,0.0,0.23714583717395366,0.1366186641047623,16.0,16.0,1106.5,1132.0,1.0130661111965735,0.75,5.892057433385173e-05,4.5421672692737786e+24,589361.4438825846,23,2025-06-23 00:00:00+00:00,0,-6.145844907407407
1750723200000,44,0.4251399652155923,111.57932258274225,212920.30877916983,0.41614560485465574,18.0,0.4090909090909091,0.4929419265546354,13.0,0.29545454545454547,0.3697917336070765,13.0,0.29545454545454547,,,0.0,,,0.0,0.1469037157389176,0.26924188911573815,18.0,18.0,1201.7777777777778,1128.5,1.0313870997962942,0.8333333333333334,5.863888302936543e-05,6.53108172476834e+24,1365687.120439218,0,2025-06-24 00:00:00+00:00,0,-6.10417824074074
1750726800000,34,0.3886900077583428,91.86753875664431,171964.03126614375,0.35138066982486493,16.0,0.47058823529411764,0.7377673783566563,8.0,0.23529411764705882,0.16912305197325664,10.0,0.29411764705882354,,,0.0,,,0.0,0.2729641781931734,0.07841649163169151,16.0,16.0,1139.5,1024.0,1.0114794302954475,0.8125,4.8899936879628585e-05,6.164829797336134e+24,1205206.2560570883,1,2025-06-24 00:00:00+00:00,0,-6.062511574074074
1750730400000,23,0.19812409159436928,35.36946173542661,71949.64441516479,0.20990108389383713,7.0,0.30434782608695654,0.3033445021967439,8.0,0.34782608695652173,0.08259881272996028,8.0,0.34782608695652173,,,0.0,,,0.0,0.14268598074399783,0.06721510314983929,7.0,7.0,1135.0,918.0,1.0262308395962318,0.8571428571428571,4.6045182525726525e-05,5.900139694523328e+24,1022447.8996257514,2,2025-06-24 00:00:00+00:00,0,-6.020844907407407
1750734000000,12,0.48546541691711603,31.14873153992714,58240.01715711594,0.020344797853071202,4.0,0.3333333333333333,0.23533427276475402,3.0,0.25,1.0076405986597692,5.0,0.4166666666666667,,,0.0,,,0.0,0.020344797853071202,0.0,4.0,4.0,896.0,887.0,0.9260466820551789,1.0,3.3844235945939534e-05,5.510838313760558e+24,419638.29612971604,3,2025-06-24 00:00:00+00:00,0,-5.97917824074074
1750737600000,16,0.2354988793341244,18.35375603650371,35695.885381762906,0.17468427629249225,6.0,0.375,0.5505383416160069,2.0,0.125,0.20234996604487787,8.0,0.5,,,0.0,,,0.0,0.20075771306323828,-0.026073436770746028,6.0,6.0,641.6666666666666,577.5,0.7093292058880939,1.0,2.7498583561214417e-05,5.354265844706489e+24,505045.70491570415,4,2025-06-24 00:00:00+00:00,0,-5.937511574074074
1750741200000,28,0.2456586735524382,44.3954629710065,87377.83397989134,0.46171807762618744,8.0,0.2857142857142857,0.1297854471587337,15.0,0.5357142857142857,0.24758330621555294,5.0,0.17857142857142858,,,0.0,,,0.0,0.2863318105322853,0.17538626709390215,8.0,8.0,1012.5,1120.5,0.9607171026827824,1.0,4.1264062984804726e-05,5.544947850618703e+24,659093.3824740369,5,2025-06-24 00:00:00+00:00,0,-5.895844907407407
1750744800000,21,0.3479628672071206,37.85650931688693,72513.88360506688,0.5558932267211573,6.0,0.2857142857142857,0.36452157064278995,7.0,0.3333333333333333,0.17752623206538243,8.0,0.38095238095238093,,,0.0,,,0.0,0.5039554739773806,0.0519377527437766,6.0,6.0,1238.8333333333333,1063.5,1.0721220923502384,0.8333333333333334,3.90330569413575e-05,5.364255661942335e+24,776982.1314755958,6,2025-06-24 00:00:00+00:00,0,-5.85417824074074
1750748400000,35,0.22370390647238927,48.85107706457729,95734.78361922155,0.2637956729591668,12.0,0.34285714285714286,0.08588088144323015,13.0,0.37142857142857144,0.2993588541889241,9.0,0.2571428571428571,0.8534075045613142,1.0,0.02857142857142857,,,0.0,0.1336194407365179,0.13017623222264887,12.0,12.0,1218.25,1234.5,1.0592529929952705,0.8333333333333334,4.377524529039467e-05,5.547037915636251e+24,771055.7511136307,7,2025-06-24 00:00:00+00:00,0,-5.812511574074074
1750752000000,26,0.25311264700494945,46.34896680919013,91694.57522274992,0.41013281555757775,9.0,0.34615384615384615,0.24935449667140996,9.0,0.34615384615384615,0.05786571682273071,7.0,0.2692307692307692,0.24048299430868159,1.0,0.038461538461538464,,,0.0,0.2534446306503242,0.15668818490725359,9.0,9.0,1349.2222222222222,1201.0,1.1330837183503604,0.7777777777777778,4.991525437603202e-05,5.682942644614646e+24,862081.4482559051,8,2025-06-24 00:00:00+00:00,0,-5.770844907407407
1750755600000,30,0.2283899040596048,54.254138551230476,108761.00631149014,0.20800216289141182,6.0,0.2,0.24139150412674149,13.0,0.43333333333333335,0.24433490371489777,10.0,0.3333333333333333,0.022245553643056477,1.0,0.03333333333333333,,,0.0,0.3118285257571414,-0.10382636286572951,6.0,6.0,1244.5,1005.0,1.0705543485462776,0.8333333333333334,4.13786750456844e-05,5.70637311827207e+24,893165.4323478453,9,2025-06-24 00:00:00+00:00,0,-5.72917824074074
1750759200000,15,0.3027757405299524,30.775994237452206,61785.56063784617,0.342427682827148,6.0,0.4,0.37975368006908067,6.0,0.4,0.06951597685730455,3.0,0.2,,,0.0,,,0.0,0.18639926382939234,0.15602841899775566,6.0,6.0,1517.1666666666667,1305.5,1.1108925567188066,0.5,4.8357901109327785e-05,5.757201016136497e+24,544211.0075607392,10,2025-06-24 00:00:00+00:00,0,-5.687511574074074
1750762800000,24,0.4024571325231307,62.81041660754801,118543.14373240253,0.13369266572416538,7.0,0.2916666666666667,0.3455206505427232,10.0,0.4166666666666667,0.8512605601505433,6.0,0.25,0.1603526541554866,1.0,0.041666666666666664,,,0.0,0.11137267490207355,0.022319990822091844,7.0,7.0,1331.857142857143,887.0,1.0648619839623847,0.5714285714285714,4.7222356727282224e-05,5.776417528250017e+24,783742.5964550925,11,2025-06-24 00:00:00+00:00,0,-5.645844907407407
1750766400000,31,0.340649814474008,59.819203752689674,110046.85307774344,0.6113818384762036,13.0,0.41935483870967744,0.16705603618672338,10.0,0.3225806451612903,0.08732924226056622,7.0,0.22580645161290322,0.33031529081240396,1.0,0.03225806451612903,,,0.0,0.3348138429017891,0.2765679955744146,13.0,13.0,1523.8461538461538,1105.0,1.129273912167324,0.7692307692307693,4.311144005698587e-05,5.926325291610565e+24,664014.1140389941,12,2025-06-24 00:00:00+00:00,0,-5.60417824074074
1750770000000,38,0.37660953966670013,75.03189138056031,138678.0874914595,0.4403519901627949,10.0,0.2631578947368421,0.6010608608401325,11.0,0.2894736842105263,0.19388077273324697,17.0,0.4473684210526316,,,0.0,,,0.0,0.237147595116065,0.20320439504672994,10.0,10.0,997.6,1079.5,0.9769247168172595,1.0,5.286416672165438e-05,5.941930066456074e+24,1240859.853041541,13,2025-06-24 00:00:00+00:00,0,-5.562511574074074
1750773600000,23,0.15445233283931656,25.213336701580946,50145.3053874318,0.26281367911736914,6.0,0.2608695652173913,0.13769180845224926,7.0,0.30434782608695654,0.10116789214343214,10.0,0.43478260869565216,,,0.0,,,0.0,0.18471509990847668,0.07809857920889247,6.0,6.0,1048.0,1128.0,1.0084082672879655,1.0,4.953526475611604e-05,5.770142297354109e+24,1014516.3013327385,14,2025-06-24 00:00:00+00:00,0,-5.520844907407407
1750777200000,21,0.3393465742227844,42.92969824102742,77941.47330953326,0.7377285785470411,6.0,0.2857142857142857,0.23645255467701046,6.0,0.2857142857142857,0.14235458437046264,9.0,0.42857142857142855,,,0.0,,,0.0,0.3461573136441101,0.39157126490293087,6.0,6.0,558.6666666666666,355.5,0.6244340453079056,1.0,4.5505371730300864e-05,5.86141228567066e+24,845587.2701440721,15,2025-06-24 00:00:00+00:00,0,-5.47917824074074
1750780800000,26,0.29277306148020393,53.51009268921956,105457.79011613938,0.1680992800755553,10.0,0.38461538461538464,0.5792836290757818,7.0,0.2692307692307692,0.20845793268880847,9.0,0.34615384615384615,,,0.0,,,0.0,0.2925655125859449,-0.12446623251038957,10.0,10.0,3297.0,1279.5,1.5399195826966767,0.6,6.037666539615602e-05,5.655853944874052e+24,876436.3440314794,16,2025-06-24 00:00:00+00:00,0,-5.437511574074074
1750784400000,48,0.3823640241300781,95.85881585431319,182960.87687125744,0.3650675665995434,21.0,0.4375,0.5060706073260601,14.0,0.2916666666666667,0.27708198131449935,13.0,0.2708333333333333,,,0.0,,,0.0,0.34291119324987945,0.022156373349664034,21.0,21.0,1161.3809523809523,1263.0,1.0241661684258152,0.8571428571428571,5.049909345330046e-05,5.379857680882153e+24,742518.3994718145,17,2025-06-24 00:00:00+00:00,0,-5.395844907407407
1750788000000,41,0.31110263788080744,67.0993763038333,129719.21815645852,0.3408684780169301,16.0,0.3902439024390244,0.3096088558113318,17.0,0.4146341463414634,0.25474524450619807,8.0,0.1951219512195122,,,0.0,,,0.0,0.1561024358087042,0.1847660422082259,16.0,16.0,1305.375,914.5,0.9556404816614861,0.75,4.880509050206271e-05,5.405846829516196e+24,558976.5259228958,18,2025-06-24 00:00:00+00:00,0,-5.35417824074074
1750791600000,29,0.13708613362172994,25.214922037970226,50237.53730673746,0.18148512140640755,9.0,0.3103448275862069,0.10821850282071699,11.0,0.3793103448275862,0.12796980570495708,9.0,0.3103448275862069,,,0.0,,,0.0,0.19880129044950984,-0.017316169043102292,9.0,9.0,1163.5555555555557,691.0,0.9397084083402506,0.7777777777777778,3.8507772754797044e-05,5.338963687395051e+24,478053.5515977741,19,2025-06-24 00:00:00+00:00,0,-5.312511574074074
1750795200000,8,0.5593565367505204,19.755659560294518,36072.13824707069,0.6545433390440268,5.0,0.625,0.5607196436557871,2.0,0.25,0.08069631147245448,1.0,0.125,,,0.0,,,0.0,0.09532107008325841,0.5592222689607684,5.0,5.0,3312.4,3340.0,1.7692835142948993,0.2,2.128783533217466e-05,5.456151901562265e+24,218572.27384720798,20,2025-06-24 00:00:00+00:00,0,-5.270844907407407
1750798800000,9,0.1426293539286799,10.879893300346856,22038.631455039318,0.14333695572632965,2.0,0.2222222222222222,0.2909531653651715,3.0,0.3333333333333333,0.03103269445248625,4.0,0.4444444444444444,,,0.0,,,0.0,0.14333695572632965,0.0,2.0,2.0,1210.5,1210.5,1.0589172366367725,0.5,2.8977771298898574e-05,5.484729555158138e+24,137913.85090571694,21,2025-06-24 00:00:00+00:00,0,-5.22917824074074
1750802400000,19,0.16528654043835178,23.046047907232744,45952.952846328364,0.08576430459717332,5.0,0.2631578947368421,0.24140515394992207,9.0,0.47368421052631576,0.10779527195870375,5.0,0.2631578947368421,,,0.0,,,0.0,0.08576430459717332,0.0,5.0,5.0,1150.6,877.0,1.0242911154383407,0.8,3.42254485548637e-05,5.444578897598878e+24,325925.4815202254,22,2025-06-24 00:00:00+00:00,0,-5.187511574074074
1750806000000,14,0.12996682381583458,11.693597740146672,23103.307485417557,0.08308950873503906,2.0,0.14285714285714285,0.09672007888650735,9.0,0.6428571428571429,0.26095860199101323,3.0,0.21428571428571427,,,0.0,,,0.0,0.08308950873503906,0.0,2.0,2.0,382.0,382.0,0.6152858286999614,1.0,2.3610043736699744e-05,5.889458811632224e+24,216036.15710181996,23,2025-06-24 00:00:00+00:00,0,-5.145844907407407
1750809600000,23,0.2710956889584733,46.36709939085803,92775.28154551752,0.28247449103106753,9.0,0.391304347826087,0.17002601904107764,6.0,0.2608695652173913,0.3340967890648515,8.0,0.34782608695652173,,,0.0,,,0.0,0.1270308838002875,0.15544360723078002,9.0,9.0,1424.7777777777778,749.0,1.079364675286062,0.6666666666666666,4.325613648685967e-05,5.996996238557102e+24,558324.9182355484,0,2025-06-25 00:00:00+00:00,0,-5.10417824074074
1750813200000,34,0.5403905833543741,112.21537836432402,198708.56337432613,0.8198045514152544,14.0,0.4117647058823529,0.40410337863188184,11.0,0.3235294117647059,0.2723198832538286,9.0,0.2647058823529412,,,0.0,,,0.0,0.6862004992084902,0.13360405220676416,14.0,14.0,1190.0714285714287,1233.5,1.027715292516809,0.7857142857142857,5.598101071098422e-05,6.134290281101007e+24,1048103.6325513768,1,2025-06-25 00:00:00+00:00,0,-5.062511574074074
1750816800000,26,0.3400487818109012,63.70670792430013,120445.16519222557,0.25752254925756124,12.0,0.46153846153846156,0.3983914752340845,7.0,0.2692307692307692,0.4231796299077293,7.0,0.2692307692307692,,,0.0,,,0.0,0.16708407980663117,0.09043846945093008,12.0,12.0,1184.0833333333333,1154.5,1.0260067960578594,0.6666666666666666,4.8558675690458004e-05,7.667654940570875e+24,952611.5982968621,2,2025-06-25 00:00:00+00:00,0,-5.020844907407407
1750820400000,75,1.785050456789469,1241.9738695242816,1206203.671606068,2.1852494047244555,22.0,0.29333333333333333,0.9304683230980804,22.0,0.29333333333333333,2.1075159434553026,31.0,0.41333333333333333,,,0.0,,,0.0,0.8951386792744818,1.290110725449974,22.0,22.0,951.6818181818181,887.5,0.9484975650583646,0.9090909090909091,0.0001414846704329554,5.894159794552941e+24,4141738.597234555,3,2025-06-25 00:00:00+00:00,0,-4.97917824074074
1750824000000,66,0.6843018609088704,282.18947486321787,499791.7020292442,0.6653908283225806,25.0,0.3787878787878788,1.0558289487053072,19.0,0.2878787878787879,0.38492736756909524,22.0,0.3333333333333333,,,0.0,,,0.0,0.37510972353296695,0.29028110478961366,25.0,25.0,1177.88,904.0,0.980481339818629,0.8,0.00010138205374139888,6.333065780841665e+24,2356163.3394159335,4,2025-06-25 00:00:00+00:00,0,-4.937511574074074
1750827600000,40,0.43600095677274064,139.2347425608968,208936.94122165916,0.27879619150826773,14.0,0.35,0.956020651249125,13.0,0.325,0.08527870181194255,13.0,0.325,,,0.0,,,0.0,0.1459445057206691,0.13285168578759862,14.0,14.0,1071.357142857143,1118.0,1.0111973660996922,0.8571428571428571,5.8466828545943936e-05,6.672424034298414e+24,1312821.2699405118,5,2025-06-25 00:00:00+00:00,0,-4.895844907407407
1750831200000,44,0.23841783171025133,79.12777615435735,155585.76218272594,0.1955177508883669,17.0,0.38636363636363635,0.22515608054441294,8.0,0.18181818181818182,0.28462265193023,18.0,0.4090909090909091,0.24212645104937802,1.0,0.022727272727272728,,,0.0,0.13163689717935836,0.06388085370900853,17.0,17.0,816.8235294117648,985.0,0.8464976465604108,1.0,3.489672443263752e-05,6.707756904088353e+24,1580345.7397692986,6,2025-06-25 00:00:00+00:00,0,-4.85417824074074
1750834800000,53,0.19245834532419515,78.48488623237905,153308.20085064534,0.21611269359339982,20.0,0.37735849056603776,0.13735312029115232,9.0,0.16981132075471697,0.1934108478205823,24.0,0.4528301886792453,,,0.0,,,0.0,0.10764029598265157,0.10847239761074823,20.0,20.0,1396.15,996.5,1.0831574612476893,0.8,4.607088943144712e-05,7.345917545747291e+24,1410970.8608109353,7,2025-06-25 00:00:00+00:00,0,-4.812511574074074
1750838400000,18,0.2658404120878607,27.032017989280025,50898.505227122005,0.326249620949408,2.0,0.1111111111111111,0.3092599094185787,8.0,0.4444444444444444,0.2073186125417558,8.0,0.4444444444444444,,,0.0,,,0.0,0.326249620949408,0.0,2.0,2.0,1935.5,1935.5,1.3669411095826256,0.5,3.9632971920044686e-05,7.438181244294987e+24,602674.058591571,8,2025-06-25 00:00:00+00:00,0,-4.770844907407407
1750842000000,25,1.0926727535299374,190.22280008397684,241848.0487396678,1.2647480917589482,8.0,0.32,1.9641921232229833,7.0,0.28,0.3449489241615965,10.0,0.4,,,0.0,,,0.0,0.954270568252623,0.31047752350632507,8.0,8.0,1281.625,920.5,0.9948070005008993,0.875,5.03932055122425e-05,5.623853517203655e+24,792668.362958951,9,2025-06-25 00:00:00+00:00,0,-4.72917824074074
1750845600000,33,0.3137534307899005,53.10816919045592,98448.63805862745,0.23929289952121083,18.0,0.5454545454545454,0.5552033505352442,7.0,0.21212121212121213,0.27002094636727636,8.0,0.24242424242424243,,,0.0,,,0.0,0.15313164258778134,0.0861612569334295,18.0,18.0,1329.3333333333333,1086.5,1.0545926199603366,0.6666666666666666,3.377070725320159e-05,5.673374720579224e+24,431821.78556663427,10,2025-06-25 00:00:00+00:00,0,-4.687511574074074
1750849200000,34,0.3754273919227144,68.29590143782569,128092.13279925735,0.5004410456436427,11.0,0.3235294117647059,0.45805403721673804,15.0,0.4411764705882353,0.04860865813014359,8.0,0.23529411764705882,,,0.0,,,0.0,0.4859354371332309,0.014505608510411766,11.0,11.0,1053.2727272727273,960.0,1.0103354985526647,0.9090909090909091,4.9973197562039e-05,5.326893903506903e+24,605444.1802897532,11,2025-06-25 00:00:00+00:00,0,-4.645844907407407
1750852800000,32,0.37874953629884067,71.53385069552718,131469.0755145687,0.5593589273092744,9.0,0.28125,0.16427645174776107,9.0,0.28125,0.24297578824277452,13.0,0.40625,2.4485815028935143,1.0,0.03125,,,0.0,0.1467583548434367,0.4126005724658377,9.0,9.0,1492.5555555555557,1266.0,1.1441888807206424,0.7777777777777778,3.8520215451829606e-05,5.581501889267339e+24,557280.4689033511,12,2025-06-25 00:00:00+00:00,0,-4.60417824074074
1750856400000,29,0.6648532310958669,104.8213947132725,214461.6664859368,0.752091893172273,10.0,0.3448275862068966,0.8557355634863466,11.0,0.3793103448275862,0.2933416964634493,8.0,0.27586206896551724,,,0.0,,,0.0,1.5751118592561886,-0.8230199660839155,10.0,10.0,1105.7,1271.0,0.9680910173990037,0.7,5.629116456443575e-05,5.604814519460471e+24,1043454.7362671503,13,2025-06-25 00:00:00+00:00,0,-4.562511574074074
1750860000000,59,0.38161994543431865,114.444421481144,218365.83208838673,0.43121150038233175,18.0,0.3050847457627119,0.4454813473590601,20.0,0.3389830508474576,0.29214586947102095,20.0,0.3389830508474576,0.0012254371412100465,1.0,0.01694915254237288,,,0.0,0.2422685851676185,0.18894291521471324,18.0,18.0,1030.1666666666667,1116.0,0.9672535975054076,0.8333333333333334,6.061555339065157e-05,5.640163963504852e+24,1246473.6785236585,14,2025-06-25 00:00:00+00:00,0,-4.520844907407407
1750863600000,46,0.339180755789565,90.15524380880417,172752.38556137888,0.35093127774182936,17.0,0.3695652173913043,0.44882667347852073,14.0,0.30434782608695654,0.2235273077339734,15.0,0.32608695652173914,,,0.0,,,0.0,0.2320371204007871,0.11889415734104226,17.0,17.0,926.2941176470588,845.0,0.8952384861465787,0.8823529411764706,6.353983093174873e-05,5.500591891318041e+24,999216.8636260577,15,2025-06-25 00:00:00+00:00,0,-4.47917824074074
1750867200000,52,0.28901579743277306,87.11242569326815,171327.87131509694,0.318019212160796,20.0,0.38461538461538464,0.2147026360439135,16.0,0.3076923076923077,0.32707469041160386,16.0,0.3076923076923077,,,0.0,,,0.0,0.21703871229883812,0.1009804998619579,20.0,20.0,943.5,934.0,0.9382615346716332,0.95,5.195884208200928e-05,5.546792255392832e+24,978167.2862202072,16,2025-06-25 00:00:00+00:00,0,-4.437511574074074
1750870800000,43,0.30026786238957626,77.85689906502449,152323.59183235106,0.3306034853880384,16.0,0.37209302325581395,0.30651002138765154,13.0,0.3023255813953488,0.2598022884645497,14.0,0.32558139534883723,,,0.0,,,0.0,0.10745848057755902,0.22314500481047939,16.0,16.0,1977.9375,1206.5,1.2592450141573435,0.625,4.797004941343581e-05,5.642669558678199e+24,687061.3464322177,17,2025-06-25 00:00:00+00:00,0,-4.395844907407407
1750874400000,23,0.2096577732198821,30.342514880450555,59193.01807457936,0.27546324373684417,5.0,0.21739130434782608,0.22214722978420187,13.0,0.5652173913043478,0.11137971563568871,5.0,0.21739130434782608,,,0.0,,,0.0,0.05844530948418292,0.21701793425266125,5.0,5.0,1467.4,1194.0,1.1610029945739373,0.8,3.6377369139341796e-05,5.792020784920017e+24,275527.0460507646,18,2025-06-25 00:00:00+00:00,0,-4.35417824074074
1750878000000,19,0.3227571758339054,35.419091975099676,64991.57221063607,0.06023602475047507,5.0,0.2631578947368421,0.5481931954020562,9.0,0.47368421052631576,0.17949349169466433,5.0,0.2631578947368421,,,0.0,,,0.0,0.06023759473128709,-1.569980812021754e-06,5.0,5.0,1509.6,1418.0,1.1277532333502012,0.6,3.160878315770805e-05,5.540095459530714e+24,336989.28152652906,19,2025-06-25 00:00:00+00:00,0,-4.312511574074074
1750881600000,8,0.15184199992954606,5.207953866630428,9972.968658527772,0.462657946172511,2.0,0.25,0.030789169880126848,3.0,0.375,0.06568419915032198,3.0,0.375,,,0.0,,,0.0,0.23057005153870758,0.23208789463380342,2.0,2.0,1357.0,1357.0,1.1635004482242584,1.0,2.522880809926694e-05,5.509585085666157e+24,86441.74204172568,20,2025-06-25 00:00:00+00:00,0,-4.270844907407407
1750885200000,20,0.41234377210936246,49.17319648001799,91888.16573392245,0.3752073254176302,6.0,0.3,0.45628481157194134,13.0,0.65,0.06392893924623155,1.0,0.05,,,0.0,,,0.0,0.3236941701493659,0.051513155268264256,6.0,6.0,1443.8333333333333,1147.0,1.1770373964527774,0.8333333333333334,3.5873633769151194e-05,5.627194332860618e+24,304791.6261531412,21,2025-06-25 00:00:00+00:00,0,-4.22917824074074
1750888800000,50,0.30043222985094864,82.00945924435771,156727.72886090944,0.29317103875793316,17.0,0.34,0.32439568630997845,23.0,0.46,0.2576603048533065,10.0,0.2,,,0.0,,,0.0,0.07460759146734454,0.2185634472905886,17.0,17.0,1940.5294117647059,1037.0,1.24581549445361,0.5882352941176471,4.499985474063901e-05,5.615745771286129e+24,516331.6547483224,22,2025-06-25 00:00:00+00:00,0,-4.187511574074074
1750892400000,21,0.5173818123391678,51.989604984679794,96498.83606442636,0.36127468688821207,8.0,0.38095238095238093,0.6255009079062309,9.0,0.42857142857142855,0.5863280982151875,4.0,0.19047619047619047,,,0.0,,,0.0,0.2254799154005659,0.13579477148764618,8.0,8.0,1031.125,1026.0,0.9904326374087913,0.875,3.745943830308166e-05,5.626793249715651e+24,316389.90623839886,23,2025-06-25 00:00:00+00:00,0,-4.145844907407407
1750896000000,15,0.40817053597971337,28.670168980246807,53335.96028641113,0.4715797650157453,7.0,0.4666666666666667,0.555069845120386,4.0,0.26666666666666666,0.15030507602598486,4.0,0.26666666666666666,,,0.0,,,0.0,0.36122050030222,0.11035926471352527,7.0,7.0,1907.0,1383.0,1.2836252891307967,0.5714285714285714,3.5360085907701146e-05,5.710133977390299e+24,432768.2768120556,0,2025-06-26 00:00:00+00:00,0,-4.10417824074074
1750899600000,29,0.37673643933545375,55.204490946177586,104296.03776953371,0.41637114435851896,9.0,0.3103448275862069,0.38495160895597286,11.0,0.3793103448275862,0.32706097144286506,9.0,0.3103448275862069,,,0.0,,,0.0,0.24458718682291933,0.1717839575355996,9.0,9.0,1434.5555555555557,1492.0,1.0957341592758867,0.6666666666666666,5.883922183768407e-05,5.606773929067284e+24,838548.971992431,1,2025-06-26 00:00:00+00:00,0,-4.062511574074074
1750903200000,12,0.12958120496592718,9.717239337903894,19264.179025401783,0.19047167144526245,5.0,0.4166666666666667,0.053414123071438634,3.0,0.25,0.1105934332876245,4.0,0.3333333333333333,,,0.0,,,0.0,0.12880055170183968,0.061671119743422764,5.0,5.0,4407.4,1330.0,1.6876691961163819,0.6,3.9103687718405886e-05,5.356017742918693e+24,427993.59807796095,2,2025-06-26 00:00:00+00:00,0,-4.020844907407407
1750906800000,20,0.2710167066792323,28.877760649166287,55165.65334618497,0.4321069848643765,8.0,0.4,0.03783440031702046,5.0,0.25,0.2534723218692188,7.0,0.35,,,0.0,,,0.0,0.3549748774638083,0.0771321074005682,8.0,8.0,1339.625,1198.0,1.071639078082929,0.75,3.8241566859620186e-05,5.625551684128813e+24,948502.436712082,3,2025-06-26 00:00:00+00:00,0,-3.979178240740741
1750910400000,26,0.2472323815662733,40.48679366331062,79764.19267975117,0.30878812726454086,6.0,0.23076923076923078,0.30268340402373356,11.0,0.4230769230769231,0.15375599385470273,8.0,0.3076923076923077,0.015747762037170328,1.0,0.038461538461538464,,,0.0,0.30881148104123113,-2.335377669027139e-05,6.0,6.0,1615.3333333333333,1626.5,1.1728383910520488,0.5,3.934154328848061e-05,5.825222460838946e+24,633447.120876914,4,2025-06-26 00:00:00+00:00,0,-3.9375115740740743
1750914000000,15,0.34489579185715147,28.988525966945655,55410.3359446145,0.2952298043671778,6.0,0.4,0.5445239585862521,6.0,0.4,0.044971433378897425,3.0,0.2,,,0.0,,,0.0,0.24368003722889633,0.05154976713828141,6.0,6.0,2393.6666666666665,1240.0,1.3311245174185486,0.5,2.8500228942564022e-05,5.832994796776201e+24,376894.5704509559,5,2025-06-26 00:00:00+00:00,0,-3.8958449074074073
1750917600000,22,0.29692914322537667,38.70968301813724,68868.95287823604,0.4883691063035699,10.0,0.45454545454545453,0.09223419188686843,6.0,0.2727272727272727,0.18255748943356268,6.0,0.2727272727272727,,,0.0,,,0.0,0.3178954708802405,0.17047363542332938,10.0,10.0,1776.6,1128.5,1.2156208129461472,0.7,3.173509026758411e-05,5.926219118636079e+24,359168.1952948407,6,2025-06-26 00:00:00+00:00,0,-3.854178240740741
1750921200000,6,0.28082693014149845,7.7019559906714345,14793.579911960845,0.45712007457973164,3.0,0.5,,,0.0,0.10453378570326528,3.0,0.5,,,0.0,,,0.0,0.04526637064054787,0.4118537039391838,3.0,3.0,1177.6666666666667,1157.0,1.0851081177854964,1.0,3.168215147329621e-05,5.981014371196143e+24,417910.95250633423,7,2025-06-26 00:00:00+00:00,0,-3.8125115740740743
1750924800000,25,0.1730336923330621,30.012342473901025,58870.91112616052,0.264539318552086,10.0,0.4,0.02180799657067623,8.0,0.32,0.21514073574861178,7.0,0.28,,,0.0,,,0.0,0.15654588671421432,0.10799343183787169,10.0,10.0,1069.2,874.0,0.9809422665660689,0.8,3.671416472306882e-05,6.00751822419139e+24,434568.9949102797,8,2025-06-26 00:00:00+00:00,0,-3.7708449074074073
1750928400000,33,0.20978475742708066,47.772646215086446,93116.75687756791,0.26479231448558527,15.0,0.45454545454545453,0.18423660462386968,11.0,0.3333333333333333,0.132058518135331,7.0,0.21212121212121213,,,0.0,,,0.0,0.0897486449029323,0.17504366958265294,15.0,15.0,1083.5333333333333,1062.0,0.9782857374727952,0.8,4.541534740496197e-05,6.288087211062931e+24,544632.4916961446,9,2025-06-26 00:00:00+00:00,0,-3.729178240740741
1750932000000,23,0.10664324387993554,19.625335343947686,39307.58713277609,0.14377479207921734,7.0,0.30434782608695654,0.04543676598293408,7.0,0.30434782608695654,0.12536818920038417,9.0,0.391304347826087,,,0.0,,,0.0,0.05534580358909672,0.08842898849012062,7.0,7.0,1126.5714285714287,806.0,1.0187247000744242,0.8571428571428571,3.6525457848957396e-05,6.451004063626403e+24,581321.9694697293,10,2025-06-26 00:00:00+00:00,0,-3.6875115740740743
1750935600000,15,0.19802241951849975,24.703857170122014,49895.26302612579,0.27166680901897894,7.0,0.4666666666666667,0.12022367927966726,6.0,0.4,0.17366327698332007,2.0,0.13333333333333333,,,0.0,,,0.0,1.5572824247063708,-1.285615615687392,7.0,7.0,1406.2857142857142,1256.0,1.129699621110065,0.7142857142857143,2.7800035630126455e-05,6.252725568722497e+24,313027.52846213756,11,2025-06-26 00:00:00+00:00,0,-3.6458449074074073
1750939200000,40,0.17281424794630007,36.21846913440896,71077.33948287801,0.261380937511791,15.0,0.375,0.18336900045074367,8.0,0.2,0.08970022656289345,17.0,0.425,,,0.0,,,0.0,0.23019327580794452,0.03118766170384646,15.0,15.0,903.4666666666667,1001.0,0.9244312212175206,0.9333333333333333,4.858038034639495e-05,5.70294902220867e+24,737200.784177488,12,2025-06-26 00:00:00+00:00,0,-3.604178240740741
1750942800000,59,0.3775183938483438,148.81377853844933,226737.0241969937,0.6751812972842871,21.0,0.3559322033898305,0.26101593285797337,17.0,0.288135593220339,0.17237790075319992,20.0,0.3389830508474576,0.20994912043271075,1.0,0.01694915254237288,,,0.0,0.19269388845315175,0.48248740883113533,21.0,21.0,878.952380952381,970.0,0.9075731263119421,0.9523809523809523,5.9581978076559045e-05,5.805360195971679e+24,965147.0726691176,13,2025-06-26 00:00:00+00:00,0,-3.5625115740740743
1750946400000,67,0.245562708867171,108.09514113820327,212577.59146215697,0.2632394475889433,23.0,0.34328358208955223,0.2949907021339281,25.0,0.373134328358209,0.15912771822139765,19.0,0.2835820895522388,,,0.0,,,0.0,0.12797330168237767,0.13526614590656563,23.0,23.0,936.0869565217391,758.0,0.9118103869292671,0.8260869565217391,5.6010592260511936e-05,6.087021383532796e+24,1118164.941204927,14,2025-06-26 00:00:00+00:00,0,-3.5208449074074073
1750950000000,43,0.29992834996057877,80.70651878081806,156367.67682486222,0.33678158321291646,12.0,0.27906976744186046,0.4128736398303315,13.0,0.3023255813953488,0.19378792955308782,18.0,0.4186046511627907,,,0.0,,,0.0,0.1943499658517003,0.14243161736121612,12.0,12.0,1109.0833333333333,1232.0,1.0191263045967598,0.75,5.714513993056828e-05,6.258825925840309e+24,874802.3348996703,15,2025-06-26 00:00:00+00:00,0,-3.479178240740741
1750953600000,10,0.1606065463236649,11.696319668889446,23274.910403964474,0.16905201400047465,4.0,0.4,0.020174393181586654,2.0,0.2,0.22237715521789425,4.0,0.4,,,0.0,,,0.0,0.16894323155631097,0.00010878244416367977,4.0,4.0,1157.5,972.0,0.9755419693885469,0.75,4.274856263100585e-05,6.209419164770929e+24,427435.939680463,16,2025-06-26 00:00:00+00:00,0,-3.4375115740740743
1750957200000,43,0.3380030146547819,96.99457326296235,164126.47949172612,0.7869292291728991,12.0,0.27906976744186046,0.20785516189287429,19.0,0.4418604651162791,0.09514423367635183,12.0,0.27906976744186046,,,0.0,,,0.0,0.4264624129846117,0.36046681618828735,12.0,12.0,1435.4166666666667,1328.0,1.1293958432715656,0.8333333333333334,4.068056787144114e-05,5.941668388584387e+24,578449.0578328428,17,2025-06-26 00:00:00+00:00,0,-3.3958449074074073
1750960800000,51,0.2254597809502062,79.50954553132894,157538.4704403943,0.31639470352375176,21.0,0.4117647058823529,0.1314665201537182,13.0,0.2549019607843137,0.18500560543902303,17.0,0.3333333333333333,,,0.0,,,0.0,0.16136739635030833,0.15502730717344346,21.0,21.0,1270.3333333333333,1118.0,1.0609617733602792,0.8571428571428571,4.549466333916729e-05,6.330728512203782e+24,570137.4772994358,18,2025-06-26 00:00:00+00:00,0,-3.354178240740741
1750964400000,27,0.208431424810447,39.57798569984238,78628.46948920863,0.22631226858458187,8.0,0.2962962962962963,0.20611029841074496,15.0,0.5555555555555556,0.18137396126105976,4.0,0.14814814814814814,,,0.0,,,0.0,0.1295273699930587,0.09678489859152317,8.0,8.0,1631.875,1138.5,1.1776225230813377,0.625,3.305927373618323e-05,6.293530967537661e+24,325916.547470473,19,2025-06-26 00:00:00+00:00,0,-3.3125115740740743
1750968000000,28,0.24695555841999028,45.614542198640606,89163.64742558735,0.27546075068209164,11.0,0.39285714285714285,0.1700317744884926,13.0,0.4642857142857143,0.41856857747657894,4.0,0.14285714285714285,,,0.0,,,0.0,0.2331553970608179,0.04230535362127374,11.0,11.0,936.4545454545455,749.0,0.8646744423501752,0.9090909090909091,3.609052640193278e-05,6.377491559526573e+24,352745.9345818992,20,2025-06-26 00:00:00+00:00,0,-3.2708449074074073
1750971600000,44,0.27765463156607234,70.72759990747662,135959.58663700524,0.3164701502820853,17.0,0.38636363636363635,0.21640556628992033,12.0,0.2727272727272727,0.2826629625755127,15.0,0.3409090909090909,,,0.0,,,0.0,0.2982822684062813,0.01818788187580398,17.0,17.0,1204.1176470588234,1143.0,1.0455079706205523,0.7058823529411765,6.289676112794595e-05,6.145679727118143e+24,639397.9509312533,21,2025-06-26 00:00:00+00:00,0,-3.229178240740741
1750975200000,27,0.34003012207723476,54.09051662788149,103100.35153779786,0.4656386842605824,11.0,0.4074074074074074,0.14552768632159363,6.0,0.2222222222222222,0.3185621651289371,10.0,0.37037037037037035,,,0.0,,,0.0,0.22553714424616775,0.24010154001441464,11.0,11.0,1285.4545454545455,1250.0,1.1057726150053784,0.9090909090909091,4.426229602172472e-05,5.99003725456136e+24,404747.6306190428,22,2025-06-26 00:00:00+00:00,0,-3.1875115740740743
1750978800000,5,0.06713938415703768,5.624993506062057,11619.523884969969,0.12407070784925966,2.0,0.4,0.04372081073845003,2.0,0.4,0.00011388360976905681,1.0,0.2,,,0.0,,,0.0,0.04624872350312159,0.07782198434613807,2.0,2.0,1172.5,1172.5,0.930539763157367,0.5,3.187930813083831e-05,5.770365767603601e+24,162642.67873598466,23,2025-06-26 00:00:00+00:00,0,-3.1458449074074073
1750982400000,14,0.5218989214715432,48.238861559020656,87601.25057207832,0.771386087206867,9.0,0.6428571428571429,0.10475196088859078,3.0,0.21428571428571427,0.024927116537014522,2.0,0.14285714285714285,,,0.0,,,0.0,0.39142244725226355,0.37996363995460336,9.0,9.0,840.3333333333334,752.0,0.8469519332031017,0.8888888888888888,3.620055507752991e-05,5.835592447605354e+24,391506.4843261727,0,2025-06-27 00:00:00+00:00,0,-3.104178240740741
1750986000000,32,0.42623197324659096,77.61401828666753,145971.40200506867,0.4672081922986966,9.0,0.28125,0.595069204673934,12.0,0.375,0.20851990519231228,11.0,0.34375,,,0.0,,,0.0,0.08662104198112322,0.38058715031757334,9.0,9.0,1424.2222222222222,1151.0,1.1399989500765222,0.5555555555555556,6.081402335462828e-05,5.774524602014319e+24,983072.3935128449,1,2025-06-27 00:00:00+00:00,0,-3.0625115740740743
1750989600000,4,0.057600846878062995,1.981991463384756,3961.9852049294136,,,0.0,0.01461352490739632,1.0,0.25,0.07192995420161856,3.0,0.75,,,0.0,,,0.0,,,,,,,,,2.3862233272043788e-05,6.702337087617531e+24,236767.5167917336,2,2025-06-27 00:00:00+00:00,0,-3.0208449074074073
1750993200000,4,0.20149610114817296,5.127573918546296,9827.592907227381,,,0.0,0.24783756097324516,3.0,0.75,0.062471721672956344,1.0,0.25,,,0.0,,,0.0,,,,,,,,,2.4226038533950995e-05,6.93148495835044e+24,324911.26144629973,3,2025-06-27 00:00:00+00:00,0,-2.979178240740741
1750996800000,4,0.14522875612460895,4.447827204759431,8824.695645405845,0.14164284058704613,1.0,0.25,0.21737569413482916,2.0,0.5,0.0045207956417313636,1.0,0.25,,,0.0,,,0.0,0.14164284058704613,0.0,1.0,1.0,1349.0,1349.0,1.161464592658769,1.0,2.2096857405990526e-05,7.083004201985507e+24,271784.52519716776,4,2025-06-27 00:00:00+00:00,0,-2.9375115740740743
1751000400000,11,0.16860872766124813,12.781203023440817,24817.249952171904,0.2967728104698074,5.0,0.45454545454545453,0.0024774426998818225,4.0,0.36363636363636365,0.18046109056258242,2.0,0.18181818181818182,,,0.0,,,0.0,0.1105472154535646,0.1862255950162428,5.0,5.0,1048.6,999.0,0.9907246319498487,0.8,2.5810654741230005e-05,6.961377369361505e+24,379402.7210152786,5,2025-06-27 00:00:00+00:00,0,-2.8958449074074073
1751004000000,28,0.2516065726661088,47.22528125383028,90832.28347792158,0.16571997703119112,5.0,0.17857142857142858,0.2550983492876441,14.0,0.5,0.2938896954964527,9.0,0.32142857142857145,,,0.0,,,0.0,0.13470114936565014,0.031018827665540982,5.0,5.0,1750.6,1374.0,1.2921231918778635,0.8,3.3715056083353346e-05,6.932017769036389e+24,552906.7661328947,6,2025-06-27 00:00:00+00:00,0,-2.854178240740741
1751007600000,22,0.37494616093233973,43.68518564040745,81876.6753802185,0.5396380664309216,7.0,0.3181818181818182,0.15817880029650094,7.0,0.3181818181818182,0.4205121841774394,8.0,0.36363636363636365,,,0.0,,,0.0,0.2961802173566242,0.2434578490742975,7.0,7.0,1184.4285714285713,1323.0,1.0558107734079694,0.7142857142857143,3.376395681822703e-05,6.834910065129848e+24,506258.1790126884,7,2025-06-27 00:00:00+00:00,0,-2.8125115740740743
1751011200000,38,0.2532451467111811,63.026372140154095,123076.20248741032,0.2355433458729628,18.0,0.47368421052631576,0.3001592325687314,12.0,0.3157894736842105,0.22270306981084664,8.0,0.21052631578947367,,,0.0,,,0.0,0.15798975855377387,0.07755358731918892,18.0,18.0,1191.111111111111,1001.0,1.034267793768321,0.7777777777777778,3.964950774300554e-05,6.556021123368424e+24,693835.6636464739,8,2025-06-27 00:00:00+00:00,0,-2.7708449074074073
1751014800000,31,0.17429619481499495,42.90735352696325,84661.18596493374,0.35628825199752073,7.0,0.22580645161290322,0.11688538020090464,15.0,0.4838709677419355,0.14344494782631434,8.0,0.25806451612903225,0.008323989658114324,1.0,0.03225806451612903,,,0.0,0.11245048785746714,0.24383776414005354,7.0,7.0,1365.7142857142858,676.0,1.0835916387440914,0.7142857142857143,4.0987758801069225e-05,6.485006585308425e+24,534382.3211660814,9,2025-06-27 00:00:00+00:00,0,-2.729178240740741
1751018400000,13,0.12577383031231892,13.920116194773858,27340.272841446596,0.20122888936954306,3.0,0.23076923076923078,0.051646897955286326,4.0,0.3076923076923077,0.13746425568839526,6.0,0.46153846153846156,,,0.0,,,0.0,0.30477610734732713,-0.1035472179777841,3.0,3.0,2234.3333333333335,1135.0,1.4119882269501598,0.6666666666666666,3.321815868423832e-05,6.781675525771857e+24,260975.8218184516,10,2025-06-27 00:00:00+00:00,0,-2.6875115740740743
1751022000000,15,0.19707480553625395,24.159723186775764,47229.853188194655,0.07675564342261824,6.0,0.4,0.3624631212998429,5.0,0.3333333333333333,0.17081815400222122,4.0,0.26666666666666666,,,0.0,,,0.0,0.05093541914543761,0.025820224277180632,6.0,6.0,2095.1666666666665,1566.0,1.3486882066660335,0.5,3.232279737196832e-05,7.008608542019588e+24,254782.42830850696,11,2025-06-27 00:00:00+00:00,0,-2.6458449074074073
1751025600000,42,0.21228098956269661,72.08324759287842,153279.689523165,0.17562863992771804,13.0,0.30952380952380953,0.37868280688580386,11.0,0.2619047619047619,0.13706213149050445,18.0,0.42857142857142855,,,0.0,,,0.0,0.13976141321101568,0.03586722671670236,13.0,13.0,1154.2307692307693,1137.0,1.018333710527292,0.8461538461538461,5.875638594186587e-05,6.91280998978448e+24,1199956.6128532388,12,2025-06-27 00:00:00+00:00,0,-2.604178240740741
1751029200000,53,0.16368853624969196,62.4875651315023,122434.942630258,0.16316549893813803,18.0,0.33962264150943394,0.21473578410182315,16.0,0.3018867924528302,0.12119688919568518,19.0,0.3584905660377358,,,0.0,,,0.0,0.11143378251502038,0.05173171642311766,18.0,18.0,859.2222222222222,951.5,0.8934053085575324,0.9444444444444444,4.496379087682631e-05,7.041206524643006e+24,868877.7408103087,13,2025-06-27 00:00:00+00:00,0,-2.5625115740740743
1751032800000,53,0.2213642993076926,84.56354018663568,165427.21713318818,0.3920271540061373,11.0,0.20754716981132076,0.14608796112440506,15.0,0.2830188679245283,0.20016753945506938,25.0,0.4716981132075472,0.11225063299869376,2.0,0.03773584905660377,,,0.0,0.20888132066127876,0.18314583334485848,11.0,11.0,1087.3636363636363,1086.0,0.9688430900679065,0.8181818181818182,4.292896485275396e-05,7.104381488654627e+24,869879.94196224,14,2025-06-27 00:00:00+00:00,0,-2.5208449074074073
1751036400000,27,0.1578086340756626,35.26859283515795,69938.32623804682,0.15829359533148668,10.0,0.37037037037037035,0.16046853166840502,5.0,0.18518518518518517,0.15629620903216648,12.0,0.4444444444444444,,,0.0,,,0.0,0.12735247847473363,0.030941116856753048,10.0,10.0,965.1,1039.0,0.8979207726123806,0.9,4.1177123686346933e-05,7.008545237895043e+24,515612.4363992608,15,2025-06-27 00:00:00+00:00,0,-2.479178240740741
1751040000000,30,0.14841262327969662,30.331890150345135,59326.877249301426,0.20863150801699318,9.0,0.3,0.16512594609677678,8.0,0.26666666666666666,0.09643750442028816,13.0,0.43333333333333335,,,0.0,,,0.0,0.3119644425516889,-0.10333293453469573,9.0,9.0,1309.0,943.0,1.0581238991133668,0.6666666666666666,3.7991152841555326e-05,6.733515468982324e+24,607743.2258621024,16,2025-06-27 00:00:00+00:00,0,-2.4375115740740743
1751043600000,28,0.2698069712272294,49.158352737965174,94751.85007630748,0.2968385349902446,8.0,0.2857142857142857,0.27401824189680873,9.0,0.32142857142857145,0.24670206703356248,11.0,0.39285714285714285,,,0.0,,,0.0,0.16107528649736846,0.13576324849287613,8.0,8.0,2109.5,1484.5,1.317342533163786,0.5,4.265288277605306e-05,6.790214301268062e+24,583920.3518162677,17,2025-06-27 00:00:00+00:00,0,-2.3958449074074073
1751047200000,12,0.2946178340180597,23.243533987465515,44903.85958260721,0.4686194441209145,5.0,0.4166666666666667,0.14477887593955951,4.0,0.3333333333333333,0.20440042795130184,3.0,0.25,,,0.0,,,0.0,0.15776360055664174,0.31085584356427276,5.0,5.0,1578.6,1445.0,1.1625951884565926,0.6,4.39053118735855e-05,6.233049389083141e+24,335613.9614816236,18,2025-06-27 00:00:00+00:00,0,-2.354178240740741
1751050800000,18,0.3496085146337918,38.15378217030535,72354.06248646208,0.4685100714565606,7.0,0.3888888888888889,0.2971623554831647,9.0,0.5,0.1694607819319226,2.0,0.1111111111111111,,,0.0,,,0.0,0.06999408970492423,0.39851598175163644,7.0,7.0,1072.857142857143,1054.0,1.0181070750609675,0.7142857142857143,3.5067609242455315e-05,6.591649841177737e+24,391680.57547164074,19,2025-06-27 00:00:00+00:00,0,-2.3125115740740743
1751054400000,5,0.46318485686980704,14.384790075152532,27182.11878074614,0.4576961887172388,3.0,0.6,0.9403620629727704,1.0,0.2,0.0024736552245484614,1.0,0.2,,,0.0,,,0.0,0.30291185149393357,0.15478433722330523,3.0,3.0,2017.3333333333333,1253.0,1.3582375253520436,0.6666666666666666,3.0504663150754878e-05,7.187045195920488e+24,127186.42708178844,20,2025-06-27 00:00:00+00:00,0,-2.2708449074074073
1751058000000,7,0.8055904820549944,44.67510923701783,63295.01048925245,0.06311082532517875,1.0,0.14285714285714285,2.6893780196529704,2.0,0.2857142857142857,0.04931662743846033,4.0,0.5714285714285714,,,0.0,,,0.0,0.06311082532517875,0.0,1.0,1.0,214.0,214.0,0.4626013402488151,1.0,2.7808774753577213e-05,7.090255368729789e+24,175843.53056509767,21,2025-06-27 00:00:00+00:00,0,-2.229178240740741
1751061600000,1,0.7755446228724415,5.087098148442219,9736.076978322633,0.7755446228724415,1.0,1.0,,,0.0,,,0.0,,,0.0,,,0.0,0.0014153602995213913,0.7741292625729201,1.0,1.0,1341.0,1341.0,1.158015543937127,1.0,2.057259278493999e-05,7.09384350434274e+24,97796.61168019028,22,2025-06-27 00:00:00+00:00,0,-2.1875115740740743
1751065200000,16,0.23856395815085185,25.618245330443536,50094.76427219239,0.36709777216648465,2.0,0.125,0.12086057279481634,9.0,0.5625,0.3990165261854627,5.0,0.3125,,,0.0,,,0.0,0.134901734936692,0.23219603722979265,2.0,2.0,1081.0,1081.0,1.035953082521493,1.0,3.058341677359307e-05,7.169613753593437e+24,194740.05242010145,23,2025-06-27 00:00:00+00:00,0,-2.1458449074074073
1751068800000,11,0.23712153284172632,17.013425995014106,33034.33606066296,0.3480935481708956,3.0,0.2727272727272727,0.28172023896589227,5.0,0.45454545454545453,0.0775494195681724,2.0,0.18181818181818182,0.00035618278049643487,1.0,0.09090909090909091,,,0.0,0.29649556354520407,0.051597984625691616,3.0,3.0,2310.0,1643.0,1.4543064685835956,0.3333333333333333,2.514029985706284e-05,7.181087224272609e+24,192397.68863823492,0,2025-06-28 00:00:00+00:00,0,-2.104178240740741
1751072400000,20,0.18706307917193843,31.953123028390173,63165.682148562846,0.2661253707856188,7.0,0.35,0.1861038039040835,7.0,0.35,0.09594289343514202,6.0,0.3,,,0.0,,,0.0,0.17751496462239189,0.08861040616322693,7.0,7.0,899.0,766.0,0.9166339539409604,1.0,2.3770148203388768e-05,7.136228365916053e+24,337936.3576691583,1,2025-06-28 00:00:00+00:00,0,-2.0625115740740743
1751076000000,3,0.5170626254434176,10.859705089095053,21146.46280779782,,,0.0,0.5170626254434176,3.0,1.0,,,0.0,,,0.0,,,0.0,,,,,,,,,2.2746485926291564e-05,7.264456556069506e+24,129482.63194314984,2,2025-06-28 00:00:00+00:00,0,-2.0208449074074073
1751079600000,1,0.0025522551511157968,0.24913920208508095,501.00136147865425,,,0.0,0.0025522551511157968,1.0,1.0,,,0.0,,,0.0,,,0.0,,,,,,,,,2.2109734740399762e-05,7.211855711351395e+24,154299.1987474984,3,2025-06-28 00:00:00+00:00,0,-1.9791782407407408
1751083200000,4,0.10606096127463871,3.0025500727132517,5957.1294886643855,0.2537521746087722,1.0,0.25,0.08340967320552994,2.0,0.5,0.003672324078722762,1.0,0.25,,,0.0,,,0.0,0.2537521746087722,0.0,1.0,1.0,843.0,843.0,0.9181503144910423,1.0,1.650179570912891e-05,7.011043431450427e+24,223109.39781007366,4,2025-06-28 00:00:00+00:00,0,-1.937511574074074
1751086800000,7,0.04513852217772616,3.5570482871539477,7127.443164257842,0.03577681029894927,3.0,0.42857142857142855,0.023940578787189255,2.0,0.2857142857142857,0.08037903338642838,2.0,0.2857142857142857,,,0.0,,,0.0,0.03577681029894927,0.0,3.0,3.0,1081.0,1135.0,1.029361418751576,1.0,1.803858607993497e-05,7.185773072077735e+24,270051.1944579135,5,2025-06-28 00:00:00+00:00,0,-1.8958449074074073
1751090400000,11,0.1699333501877628,11.306009293517498,22185.768316693226,0.30957548096599996,5.0,0.45454545454545453,0.15930275565290575,1.0,0.09090909090909091,0.04037589396238984,4.0,0.36363636363636365,0.0005831157329260275,1.0,0.09090909090909091,,,0.0,0.21679963016086204,0.09277585080513795,5.0,5.0,2184.4,1496.0,1.376346209488244,0.6,2.4734196383504792e-05,7.223165492485741e+24,401373.0916289721,6,2025-06-28 00:00:00+00:00,0,-1.8541782407407408
1751094000000,4,0.0018024662021319873,3.570959560618957,7389.3984641938405,0.0004598198760684749,1.0,0.25,0.0026087324089861877,2.0,0.5,0.001532580114487099,1.0,0.25,,,0.0,,,0.0,0.0004598198760684749,0.0,1.0,1.0,825.0,825.0,0.9082951062292475,1.0,1.60623791223973e-05,7.066848275957293e+24,152733.20675147048,7,2025-06-28 00:00:00+00:00,0,-1.812511574074074
1751097600000,12,0.08190058597118845,9.943211905033166,19724.234003644968,0.005687864635399616,2.0,0.16666666666666666,0.19417759933138423,4.0,0.3333333333333333,0.032453484176320845,6.0,0.5,,,0.0,,,0.0,0.005687864635399616,0.0,2.0,2.0,3213.0,3213.0,1.7192276127329644,0.5,1.6128111648656197e-05,8.418183544027406e+24,286686.9091853021,8,2025-06-28 00:00:00+00:00,0,-1.7708449074074073
1751101200000,15,0.11064616887302305,15.739616039601204,31284.14195968623,0.2008721110707866,7.0,0.4666666666666667,0.041640806209501835,5.0,0.3333333333333333,0.022380588488584048,2.0,0.13333333333333333,0.0006225475751618983,1.0,0.06666666666666667,,,0.0,0.26709106969249125,-0.06621895862170467,7.0,7.0,986.8571428571429,880.0,0.8969169345876866,0.7142857142857143,1.8485613092383085e-05,7.338010953374386e+24,193438.47408507983,9,2025-06-28 00:00:00+00:00,0,-1.7291782407407408
1751112000000,3,0.09302365343374426,3.7359372798274317,7503.894130517167,0.13833583018374884,2.0,0.6666666666666666,0.0023992999337351176,1.0,0.3333333333333333,,,0.0,,,0.0,,,0.0,0.06090910614043199,0.07742672404331685,2.0,2.0,2005.0,2005.0,1.3223744713150603,0.5,1.497033367162076e-05,7.672247190488144e+24,131799.73926356473,12,2025-06-28 00:00:00+00:00,0,-1.6041782407407408
1751115600000,10,0.11719801239307592,11.536241298996531,23366.6582658166,0.1703473636652285,4.0,0.4,0.10467897896290275,3.0,0.3,0.05885124412704564,3.0,0.3,,,0.0,,,0.0,0.4416639932050591,-0.2713166295398306,4.0,4.0,1397.0,1073.5,1.141697876969647,0.75,1.9973645144774645e-05,7.424808141091015e+24,215821.32043000744,13,2025-06-28 00:00:00+00:00,0,-1.562511574074074
1751119200000,6,0.19255092753412295,12.318266743751815,26123.78507284167,0.2947237423861536,1.0,0.16666666666666666,0.00021208244272308968,2.0,0.3333333333333333,0.42985724511946255,2.0,0.3333333333333333,0.00044316769421282737,1.0,0.16666666666666666,,,0.0,0.1399973618626581,0.15472638052349552,1.0,1.0,1253.0,1253.0,1.1193748255164575,1.0,2.0930795803358776e-05,7.384749039627496e+24,205991.38564064674,14,2025-06-28 00:00:00+00:00,0,-1.5208449074074073
1751122800000,17,0.2909592712598285,31.281945465736335,59429.49885434607,0.39435725204841415,7.0,0.4117647058823529,0.3897333033294802,5.0,0.29411764705882354,0.04742806608615691,5.0,0.29411764705882354,,,0.0,,,0.0,0.1511003992649977,0.24325685278341652,7.0,7.0,1337.4285714285713,944.0,1.024964128783264,0.7142857142857143,3.182777212081757e-05,7.555762988784335e+24,364359.58501933934,15,2025-06-28 00:00:00+00:00,0,-1.4791782407407408
1751126400000,13,0.3256349994215476,27.071969098559727,49386.14416739002,0.08539528308205024,3.0,0.23076923076923078,0.2934595352902568,5.0,0.38461538461538464,0.5019542933565367,5.0,0.38461538461538464,,,0.0,,,0.0,0.13687471639305085,-0.05147943331100061,3.0,3.0,752.3333333333334,601.0,0.8584419040509057,1.0,2.132906303785756e-05,7.403860523507802e+24,215237.09515442536,16,2025-06-28 00:00:00+00:00,0,-1.437511574074074
1751130000000,13,0.3278115763595482,27.646688818769913,52868.45256838975,0.31085574336083893,6.0,0.46153846153846156,0.4413556342791657,5.0,0.38461538461538464,0.0948189305566326,2.0,0.15384615384615385,,,0.0,,,0.0,0.1304336761840799,0.18042206717675904,6.0,6.0,3005.0,1380.0,1.551476403782144,0.6666666666666666,2.11788071102121e-05,7.784808237786723e+24,261298.69459964262,17,2025-06-28 00:00:00+00:00,0,-1.3958449074074073
1751133600000,13,0.21616687380889765,18.397934355393375,35484.64388110034,0.32444823918232213,6.0,0.46153846153846156,0.06577731235302575,4.0,0.3076923076923077,0.2001235583365445,3.0,0.23076923076923078,,,0.0,,,0.0,0.29866650671266065,0.025781732469661495,6.0,6.0,1203.5,1343.0,1.0305035060840546,0.6666666666666666,1.8575213360076586e-05,8.008095427817165e+24,157585.98442877491,18,2025-06-28 00:00:00+00:00,0,-1.3541782407407408
1751137200000,2,0.15091375785037264,4.034919925426613,8218.968220675562,0.15091375785037264,2.0,1.0,,,0.0,,,0.0,,,0.0,,,0.0,0.0736785500160585,0.07723520783431415,2.0,2.0,710.5,710.5,0.8392630374731145,1.0,2.0727001428404914e-05,7.816282357145182e+24,179142.0571900645,19,2025-06-28 00:00:00+00:00,0,-1.312511574074074
1751140800000,3,0.11815652668149794,4.628315625232788,9431.499035831936,0.30858696899283433,1.0,0.3333333333333333,0.002940567806479673,1.0,0.3333333333333333,0.04294204324517981,1.0,0.3333333333333333,,,0.0,,,0.0,0.15406721505851084,0.1545197539343235,1.0,1.0,1264.0,1264.0,1.1242775458044156,1.0,1.889788953893614e-05,6.427165196803499e+24,83910.13770082564,20,2025-06-28 00:00:00+00:00,0,-1.2708449074074073
1751144400000,3,0.4768318512695331,12.566636711499836,24494.5405099485,,,0.0,0.04148209274579695,2.0,0.6666666666666666,1.3475313683170054,1.0,0.3333333333333333,,,0.0,,,0.0,,,,,,,,,2.1146941311286026e-05,6.466025636539342e+24,90518.52378503079,21,2025-06-28 00:00:00+00:00,0,-1.2291782407407408
1751151600000,2,0.08135704929080212,1.0008585518093782,1989.8292015296136,0.0061676710211332544,1.0,0.5,0.156546427560471,1.0,0.5,,,0.0,,,0.0,,,0.0,0.0061676710211332544,0.0,1.0,1.0,1176.0,1176.0,1.0844353369380766,1.0,1.550408349974283e-05,5.625751842982823e+24,42896.770179509964,23,2025-06-28 00:00:00+00:00,0,-1.1458449074074073
1751155200000,16,0.37718309468179767,37.327267287442844,68324.04987934607,0.599991210666714,6.0,0.375,0.06381693112034614,5.0,0.3125,0.42317951906134954,5.0,0.3125,,,0.0,,,0.0,0.3169007429898495,0.2830904676768646,6.0,6.0,2207.3333333333335,1579.5,1.4031626672490087,0.3333333333333333,2.5283308540291425e-05,6.221479339305637e+24,190284.5920446921,0,2025-06-29 00:00:00+00:00,0,-1.1041782407407408
1751158800000,7,0.10123139176944983,7.437774617443968,14930.968451609824,0.18016009163494798,3.0,0.42857142857142855,0.0020457099081426858,2.0,0.2857142857142857,0.08202402383250973,2.0,0.2857142857142857,,,0.0,,,0.0,0.23157442673875342,-0.05141433510380544,3.0,3.0,1073.3333333333333,1350.0,0.9786324363584328,0.6666666666666666,2.1928954798556273e-05,6.668865351191012e+24,329640.9371756518,1,2025-06-29 00:00:00+00:00,0,-1.062511574074074
1751162400000,9,0.1408220161381418,10.269391884160608,20482.557101798895,0.1302899375256967,6.0,0.6666666666666666,0.0020980363740806876,1.0,0.1111111111111111,0.24178024185750757,2.0,0.2222222222222222,,,0.0,,,0.0,0.0788782797210144,0.0514116578046823,6.0,6.0,1304.1666666666667,1108.0,1.094171763276507,0.8333333333333334,1.6337508941951506e-05,6.86601429874502e+24,181769.6708982698,2,2025-06-29 00:00:00+00:00,0,-1.0208449074074073
1751166000000,1,0.8972110731914106,4.379712437326868,8040.192443461013,,,0.0,,,0.0,0.8972110731914106,1.0,1.0,,,0.0,,,0.0,,,,,,,,,1.1086508089388227e-05,7.00956766493326e+24,66455.64567871901,3,2025-06-29 00:00:00+00:00,0,-0.9791782407407408
1751169600000,1,0.0007722217915161547,0.5059904769091754,1024.0,,,0.0,,,0.0,0.0007722217915161547,1.0,1.0,,,0.0,,,0.0,,,,,,,,,1.938717833813396e-05,6.773364421009669e+24,134512.94323874038,4,2025-06-29 00:00:00+00:00,0,-0.937511574074074
1751173200000,1,0.3017690786771875,3.9343938444834325,8135.354076066238,0.3017690786771875,1.0,1.0,,,0.0,,,0.0,,,0.0,,,0.0,0.3017690786771875,0.0,1.0,1.0,7726.0,7726.0,2.779568311806709,0.0,8.812392239018215e-06,6.53446490387274e+24,166608.83995022837,5,2025-06-29 00:00:00+00:00,0,-0.8958449074074074
1751176800000,1,0.042263882398811854,0.4729826551035558,950.0,,,0.0,,,0.0,0.042263882398811854,1.0,1.0,,,0.0,,,0.0,,,,,,,,,1.249982927023161e-05,5.968041132087878e+24,203759.5103611729,6,2025-06-29 00:00:00+00:00,0,-0.8541782407407408
1751180400000,7,0.1033757635903548,4.985473579523721,9908.750552530693,0.005006025693980905,2.0,0.2857142857142857,0.1096463194499896,2.0,0.2857142857142857,0.24700242338360645,2.0,0.2857142857142857,0.0003208080773297109,1.0,0.14285714285714285,,,0.0,0.005006025693980905,0.0,2.0,2.0,740.5,740.5,0.8452921331331866,1.0,1.795496701546882e-05,5.774455577475162e+24,244686.90408731214,7,2025-06-29 00:00:00+00:00,0,-0.812511574074074
1751184000000,3,0.03261515190459945,1.478433108101909,2973.083882367402,,,0.0,,,0.0,0.03261515190459945,3.0,1.0,,,0.0,,,0.0,,,,,,,,,2.1303222536492972e-05,6.405601435974097e+24,174565.9828200947,8,2025-06-29 00:00:00+00:00,0,-0.7708449074074074
1751187600000,7,0.47593221678014214,21.05728793564292,42545.89964479279,0.9290501657111028,2.0,0.2857142857142857,0.4642594323106584,3.0,0.42857142857142855,0.040323444553407195,2.0,0.2857142857142857,,,0.0,,,0.0,0.6985889602284567,0.23046120548264604,2.0,2.0,3136.0,3136.0,1.6570694089404925,0.5,2.0661204303051504e-05,6.006049497065175e+24,338590.28588722646,9,2025-06-29 00:00:00+00:00,0,-0.7291782407407408
1751191200000,4,0.13609581512058921,5.335389136612526,10911.10380822367,0.23358601818901803,2.0,0.5,0.00039829425702454097,1.0,0.25,0.07681292984729626,1.0,0.25,,,0.0,,,0.0,0.23358601818901803,0.0,2.0,2.0,2597.5,2597.5,1.4079788769769601,0.5,2.2348603051684612e-05,6.069680658966308e+24,343172.69782388123,10,2025-06-29 00:00:00+00:00,0,-0.687511574074074
1751194800000,9,0.3271707896813186,16.327922199944307,31938.593566315463,0.49304690948548824,2.0,0.2222222222222222,0.38886306079205946,4.0,0.4444444444444444,0.1343303483308843,3.0,0.3333333333333333,,,0.0,,,0.0,0.49304690948548824,0.0,2.0,2.0,891.0,891.0,0.9248796826691215,1.0,1.662554343514043e-05,5.628284908660154e+24,340745.1048443256,11,2025-06-29 00:00:00+00:00,0,-0.6458449074074074
1751198400000,6,0.396590903844108,13.008942259537122,24934.781995266178,0.45630948841901986,5.0,0.8333333333333334,,,0.0,0.09799798096954848,1.0,0.16666666666666666,,,0.0,,,0.0,0.24104053939833384,0.21526894902068605,5.0,5.0,1026.0,1074.0,0.9489892305564551,0.8,1.7375096352642755e-05,5.527055705894777e+24,198321.80215258052,12,2025-06-29 00:00:00+00:00,0,-0.6041782407407408
1751202000000,4,0.04101641270904278,2.634904128576505,5316.689103606415,0.06468777393798131,2.0,0.5,0.01734505148010424,2.0,0.5,,,0.0,,,0.0,,,0.0,0.1414816824629782,-0.0767939085249969,2.0,2.0,2419.5,2419.5,1.4502016286297734,0.5,1.9806459773641004e-05,5.696357054384886e+24,288449.66636846977,13,2025-06-29 00:00:00+00:00,0,-0.562511574074074
1751205600000,4,0.2126178594752436,7.361371553582567,14507.028441763072,0.4227228954273342,2.0,0.5,0.0025128235231529697,2.0,0.5,,,0.0,,,0.0,,,0.0,0.5765028843701714,-0.15377998894283712,2.0,2.0,666.0,666.0,0.8112478373637688,1.0,2.4478164764730703e-05,5.862331332272424e+24,343944.0870591022,14,2025-06-29 00:00:00+00:00,0,-0.5208449074074074
1751209200000,15,0.21239826091431555,25.53836117469342,50689.56682695137,0.7009532867158264,2.0,0.13333333333333333,0.13310583325776715,5.0,0.3333333333333333,0.1398172717492806,8.0,0.5333333333333333,,,0.0,,,0.0,0.5467074877879607,0.1542457989278656,2.0,2.0,871.0,871.0,0.9275774836812962,1.0,2.672174167083311e-05,6.004225101373199e+24,860831.9106711218,15,2025-06-29 00:00:00+00:00,0,-0.4791782407407407
1751212800000,8,0.3149160660624638,15.460717945586884,28592.80997843502,0.8857394537631391,2.0,0.25,0.012940911403029783,3.0,0.375,0.23634229558811437,3.0,0.375,,,0.0,,,0.0,0.036622107469912346,0.8491173462932267,2.0,2.0,994.5,994.5,0.868414616983042,0.5,2.619508274242958e-05,6.146119613390413e+24,378782.55227460904,16,2025-06-29 00:00:00+00:00,0,-0.4375115740740741
1751216400000,3,0.1037069526197834,2.927724708204718,5929.681981058125,,,0.0,0.30890113662585417,1.0,0.3333333333333333,0.001109860616748011,2.0,0.6666666666666666,,,0.0,,,0.0,,,,,,,,,1.9403173682872514e-05,6.133353808208932e+24,196364.1503849407,17,2025-06-29 00:00:00+00:00,0,-0.3958449074074074
1751220000000,4,1.108444400944324,22.444941773785725,37867.87790633064,0.555248915021978,3.0,0.75,2.768030858711361,1.0,0.25,,,0.0,,,0.0,,,0.0,0.8632927666009879,-0.30804385157900965,3.0,3.0,1278.6666666666667,1387.0,1.1283993407454462,1.0,2.233239361016093e-05,6.09039565401445e+24,120534.2452775576,18,2025-06-29 00:00:00+00:00,0,-0.3541782407407407
1751223600000,5,0.4129766889530194,15.077670496065467,30280.212564645102,0.2127705268382543,3.0,0.6,0.0034847327307118217,1.0,0.2,1.4230871315196225,1.0,0.2,,,0.0,,,0.0,0.10992711341658641,0.10284341342166788,3.0,3.0,910.3333333333334,1136.0,0.933341954851541,1.0,1.3357268256622352e-05,6.090646189722659e+24,110310.71173307883,19,2025-06-29 00:00:00+00:00,0,-0.3125115740740741
1751227200000,1,1.5982449579937708,7.625409326531261,13218.538638733078,1.5982449579937708,1.0,1.0,,,0.0,,,0.0,,,0.0,,,0.0,0.3630149561456618,1.2352300018481088,1.0,1.0,1230.0,1230.0,1.1090536506409416,1.0,1.4937585106441556e-05,6.281348384932317e+24,68805.22088388226,20,2025-06-29 00:00:00+00:00,0,-0.2708449074074074
1751230800000,11,0.5277658675342591,36.87684487529279,72830.52999537352,0.5570188342539683,5.0,0.45454545454545453,0.6040116479010303,5.0,0.45454545454545453,,,0.0,0.0002721321018571768,1.0,0.09090909090909091,,,0.0,0.27905808938511345,0.2779607448688548,5.0,5.0,1903.4,921.0,1.1762632520832659,0.8,2.944747951532049e-05,6.137421282561224e+24,282448.86064774165,21,2025-06-29 00:00:00+00:00,0,-0.22917824074074075
1751234400000,25,0.3557856262323344,49.910939388250746,94038.53422097133,0.42019263726199885,9.0,0.36,0.4650058567015657,8.0,0.32,0.17410750835473043,8.0,0.32,,,0.0,,,0.0,0.33537759661078453,0.08481504065121431,9.0,9.0,1139.5555555555557,1165.0,1.063622648673503,1.0,7.366733776009798e-05,5.229765429468805e+24,987457.1626609511,22,2025-06-29 00:00:00+00:00,0,-0.18751157407407407
1751238000000,33,0.35778082059879307,67.5245877016831,134259.78025944845,0.4418551791596696,13.0,0.3939393939393939,0.2166384309223859,15.0,0.45454545454545453,0.5626146573697354,5.0,0.15151515151515152,,,0.0,,,0.0,0.23028890187063109,0.2115662772890385,13.0,13.0,1249.7692307692307,792.0,1.0494725437350214,0.7692307692307693,5.181660697710222e-05,5.024344569963774e+24,679408.4609066204,23,2025-06-29 00:00:00+00:00,0,-0.1458449074074074
1751241600000,26,0.261715523932705,37.116474939261266,67123.37212017408,0.08976772148894685,7.0,0.2692307692307692,0.4472027931645738,4.0,0.15384615384615385,0.35902798479065406,12.0,0.46153846153846156,0.02636086056051912,3.0,0.11538461538461539,,,0.0,0.08976772148894685,0.0,7.0,7.0,1159.7142857142858,568.0,0.9479938003283273,0.7142857142857143,5.1188912997390714e-05,5.331692176625757e+24,987691.8121377537,0,2025-06-30 00:00:00+00:00,0,-0.10417824074074074
1751245200000,49,0.30791656100765386,86.45119890110712,168538.58023547623,0.3482748039626241,23.0,0.46938775510204084,0.29694232019396005,17.0,0.3469387755102041,0.22550795054859613,9.0,0.1836734693877551,,,0.0,,,0.0,0.22860243222359503,0.11967237173902907,23.0,23.0,1194.8695652173913,878.0,0.9460426344436182,0.9565217391304348,4.5427922691708415e-05,6.646593248916092e+24,1820342.7521083537,1,2025-06-30 00:00:00+00:00,0,-0.06251157407407408
1751248800000,19,0.5097468257436192,56.43385831251316,101703.14098430942,0.37243785511856686,8.0,0.42105263157894735,0.8824126198301722,6.0,0.3157894736842105,0.28224222583983927,5.0,0.2631578947368421,,,0.0,,,0.0,0.1624388066305592,0.20999904848800766,8.0,8.0,2626.0,1505.0,1.4989197346803844,0.5,4.977550703535332e-05,7.49948783976051e+24,1296526.6273258075,2,2025-06-30 00:00:00+00:00,0,-0.020844907407407406
1751252400000,9,0.14465647927737132,13.193367301486354,26541.756068049905,0.19690015299463967,3.0,0.3333333333333333,0.1265332349585967,5.0,0.5555555555555556,0.07854167971943926,1.0,0.1111111111111111,,,0.0,,,0.0,0.09500673046781027,0.10189342252682938,3.0,3.0,1645.6666666666667,815.0,1.1771611191719356,0.3333333333333333,2.983419728966307e-05,7.669752736251536e+24,483671.1026872558,3,2025-06-30 00:00:00+00:00,1,0.02082175925925926
1751256000000,19,0.4759073968462479,53.073269177964285,97802.33164863888,0.8338923890421945,3.0,0.15789473684210525,0.2677748923954689,9.0,0.47368421052631576,0.5900841916275581,7.0,0.3684210526315789,,,0.0,,,0.0,0.27477202418117713,0.5591203648610173,3.0,3.0,549.6666666666666,595.0,0.7299099518560515,1.0,4.2166784556902743e-05,7.037980264253349e+24,1103802.143831452,4,2025-06-30 00:00:00+00:00,1,0.062488425925925926
1751259600000,10,0.08163587030485686,6.626892224033833,13233.89320216406,0.05698108965724191,4.0,0.4,0.0942058233357141,3.0,0.3,0.15021118296377078,2.0,0.2,0.005394508484917078,1.0,0.1,,,0.0,0.05698108965724191,0.0,4.0,4.0,790.25,849.5,0.8601892113363883,0.5,3.7327404318828875e-05,7.595637122618825e+24,1098248.3680122031,5,2025-06-30 00:00:00+00:00,1,0.10415509259259259
1751263200000,8,0.16390790589599236,10.503104825575596,20628.699504818695,0.07802795288725395,1.0,0.125,0.11670409420239547,5.0,0.625,0.3248574116343538,2.0,0.25,,,0.0,,,0.0,0.07802795288725395,0.0,1.0,1.0,464.0,464.0,0.6811754546370561,1.0,4.615924624626148e-05,8.483264200228618e+24,784828.5919914522,6,2025-06-30 00:00:00+00:00,1,0.14582175925925925
1751266800000,24,0.34781603309474507,57.17909382013484,107575.65239085618,0.2262399049050568,13.0,0.5416666666666666,0.5402021189944934,6.0,0.25,0.34975667479259387,4.0,0.16666666666666666,0.7662266173708064,1.0,0.041666666666666664,,,0.0,0.1674219428815986,0.05881796202345823,13.0,13.0,742.0,726.0,0.8315230225783505,0.6153846153846154,3.503729757368337e-05,8.500342261403579e+24,565378.2123798243,7,2025-06-30 00:00:00+00:00,1,0.18748842592592593
1751270400000,26,0.25464618252629695,63.02029825117268,121915.70768281943,0.20415236365108955,12.0,0.46153846153846156,0.31993036075189674,13.0,0.5,0.01187769209598944,1.0,0.038461538461538464,,,0.0,,,0.0,0.1149468935303883,0.08920547012070124,12.0,12.0,1564.3333333333333,609.0,0.9986633715715892,0.6666666666666666,2.927265338480953e-05,8.430532808259515e+24,423696.915660116,8,2025-06-30 00:00:00+00:00,1,0.2291550925925926
1751274000000,8,0.2735004697766762,13.089147866204637,25841.263184819207,0.12251759851885709,3.0,0.375,0.5589112147857999,2.0,0.25,0.07832920004114274,1.0,0.125,0.3121496665220479,2.0,0.25,,,0.0,0.12251759851885709,0.0,3.0,3.0,1701.3333333333333,2305.0,1.228006374854121,0.3333333333333333,3.622367714171524e-05,5.587119457321778e+24,483863.2245565171,9,2025-06-30 00:00:00+00:00,1,0.2708217592592593
1751277600000,22,0.14352536713921518,29.246688624574897,59308.866520056596,0.1892944519509505,12.0,0.5454545454545454,0.09599829267602457,7.0,0.3181818181818182,0.07134553497305211,3.0,0.13636363636363635,,,0.0,,,0.0,0.24034682311658165,-0.051052371165631154,12.0,12.0,889.4166666666666,694.5,0.8780034012912278,0.5833333333333334,3.670394398659674e-05,5.634661187431757e+24,590044.9938096732,10,2025-06-30 00:00:00+00:00,1,0.3124884259259259
1751281200000,5,1.1102650855275886,28.431241803405815,50925.34362509452,0.6872519735051695,1.0,0.2,1.6211798386987357,3.0,0.6,0.0005339380365664351,1.0,0.2,,,0.0,,,0.0,0.07585749154326737,0.6113944819619022,1.0,1.0,518.0,518.0,0.7197221686178633,1.0,2.2915925238655514e-05,5.957786177426379e+24,271176.1101937418,11,2025-06-30 00:00:00+00:00,1,0.3541550925925926
1751284800000,9,0.07809702226487865,12.448425038685475,25688.06158880833,0.07363331584409483,2.0,0.2222222222222222,0.07937236695653117,7.0,0.7777777777777778,,,0.0,,,0.0,,,0.0,0.07363331584409483,0.0,2.0,2.0,1035.0,1035.0,1.0141311960204944,0.0,2.8156280938309867e-05,5.985505028527725e+24,254840.73964414923,12,2025-06-30 00:00:00+00:00,1,0.3958217592592593
1751288400000,35,0.20851914038157804,52.15330041654601,102234.10458911414,0.1532164706312977,13.0,0.37142857142857144,0.16332510233155617,16.0,0.45714285714285713,0.44885902630724367,6.0,0.17142857142857143,,,0.0,,,0.0,0.11793162086450791,0.0352848497667898,13.0,13.0,1113.4615384615386,1120.0,0.987959157411566,0.46153846153846156,4.10616937104347e-05,5.994650230715528e+24,499716.01741534774,13,2025-06-30 00:00:00+00:00,1,0.4374884259259259
1751292000000,32,0.38385267110846183,68.46080455663815,132059.38902741717,0.31092142432909575,12.0,0.375,0.3915630881671917,14.0,0.4375,0.5117241915301577,6.0,0.1875,,,0.0,,,0.0,0.20873639176587047,0.10218503256322527,12.0,12.0,1088.8333333333333,614.0,0.9242836375775608,0.6666666666666666,5.060632046327148e-05,5.909000167404424e+24,638800.8390656341,14,2025-06-30 00:00:00+00:00,1,0.4791550925925926
1751295600000,47,0.21923188136627803,62.746298470009634,120997.29313285867,0.3078453601905494,16.0,0.3404255319148936,0.1935192963405614,24.0,0.5106382978723404,0.10484422128468615,7.0,0.14893617021276595,,,0.0,,,0.0,0.16441541793012648,0.14342994226042294,16.0,16.0,1031.1875,670.5,0.9151982707315625,0.75,6.140542843525835e-05,5.901119458826281e+24,983877.9928614364,15,2025-06-30 00:00:00+00:00,1,0.5208217592592592
1751299200000,29,0.27078258219653295,51.11798201918867,97314.7653880533,0.5905425402586534,9.0,0.3103448275862069,0.11610567304806203,15.0,0.5172413793103449,0.15924538513012887,5.0,0.1724137931034483,,,0.0,,,0.0,0.13312783281927298,0.45741470743938034,9.0,9.0,815.5555555555555,694.0,0.8521271295482787,0.6666666666666666,4.644707643683894e-05,5.916713653366362e+24,1213198.895975739,16,2025-06-30 00:00:00+00:00,1,0.562488425925926
1751302800000,18,0.14619343767841453,21.15723573446836,42325.462687674386,0.20196325284068736,3.0,0.16666666666666666,0.050656145616303584,11.0,0.6111111111111112,0.367093629477515,4.0,0.2222222222222222,,,0.0,,,0.0,0.15135484072559702,0.05060841211509034,3.0,3.0,1834.6666666666667,1967.0,1.3077321432588445,0.3333333333333333,3.677707915286942e-05,5.344212410017897e+24,264109.77968398086,17,2025-06-30 00:00:00+00:00,1,0.6041550925925926
1751306400000,21,0.19022394395216147,23.2386498768424,45846.304891788015,0.2626947786867568,6.0,0.2857142857142857,0.1306368405341322,14.0,0.6666666666666666,0.5896183833969991,1.0,0.047619047619047616,,,0.0,,,0.0,0.2626947786867568,0.0,6.0,6.0,571.3333333333334,527.0,0.7480489009668,0.8333333333333334,3.815925040682077e-05,5.486721698741461e+24,618800.5690737376,18,2025-06-30 00:00:00+00:00,1,0.6458217592592592
1751310000000,23,0.20269863381181286,24.648981767952748,46667.18693205953,0.1890971227708248,9.0,0.391304347826087,0.21625864700529038,13.0,0.5652173913043478,0.148832061665498,1.0,0.043478260869565216,,,0.0,,,0.0,0.1890969814976588,1.4127316599271072e-07,9.0,9.0,685.5555555555555,510.0,0.7761844122511353,0.6666666666666666,4.1155093387316355e-05,5.568740020438222e+24,824087.756839944,19,2025-06-30 00:00:00+00:00,1,0.687488425925926
1751313600000,21,0.207358606412537,25.782457899005742,50749.49137191582,0.20133058238880777,5.0,0.23809523809523808,0.21729423428711578,13.0,0.6190476190476191,0.17435092566224467,3.0,0.14285714285714285,,,0.0,,,0.0,0.1709535168396047,0.030377065549203053,5.0,5.0,1094.6,738.0,0.9910709768410684,0.6,4.06545529084303e-05,5.547722021149198e+24,367009.11858078255,20,2025-06-30 00:00:00+00:00,1,0.7291550925925926
1751317200000,27,0.1975530934668235,35.69199034733195,69512.65795361328,0.12019109392525251,8.0,0.2962962962962963,0.2734742234424498,15.0,0.5555555555555556,0.06757285514136668,4.0,0.14814814814814814,,,0.0,,,0.0,0.12019109392525251,0.0,8.0,8.0,1232.25,955.0,1.0449765777704214,0.375,3.650611302688807e-05,5.857421616189991e+24,308093.9686633652,21,2025-06-30 00:00:00+00:00,1,0.7708217592592592
1751320800000,31,0.2256100651141529,42.336773547083745,82271.89131638315,0.2014034838434832,9.0,0.2903225806451613,0.2468719315183519,17.0,0.5483870967741935,0.19689156562708188,5.0,0.16129032258064516,,,0.0,,,0.0,0.10008653701518896,0.10131694682829423,9.0,9.0,1112.2222222222222,877.0,0.9743194007966159,0.4444444444444444,3.484133138139238e-05,5.67937784729381e+24,343912.70553251175,22,2025-06-30 00:00:00+00:00,1,0.812488425925926
1751324400000,9,0.11352755948133196,9.775014904992721,19799.696289608943,0.08278000432382793,5.0,0.5555555555555556,0.2250510098184043,2.0,0.2222222222222222,0.07887299703801964,2.0,0.2222222222222222,,,0.0,,,0.0,0.08278000432382793,0.0,5.0,5.0,1041.6,1111.0,0.9517737877218962,0.4,2.157148208288609e-05,5.71623410146077e+24,144445.68095703807,23,2025-06-30 00:00:00+00:00,1,0.8541550925925926
1751328000000,34,0.26127814149783946,58.097712008311646,116806.67033694997,0.3107546922500794,14.0,0.4117647058823529,0.19029541591688368,14.0,0.4117647058823529,0.3114592160981761,6.0,0.17647058823529413,,,0.0,,,0.0,0.14797546114252394,0.16277923110755552,14.0,14.0,1009.0714285714286,850.0,0.9576725785703849,0.5,4.63000321561664e-05,5.7746488910179e+24,809707.1660097224,0,2025-07-01 00:00:00+00:00,1,0.8958217592592592
1751331600000,21,0.19688382092460466,30.839244096239952,61526.05189076906,0.2877649831290744,7.0,0.3333333333333333,0.15786754857709556,11.0,0.5238095238095238,0.12788744105504188,3.0,0.14285714285714285,,,0.0,,,0.0,0.13582968446977886,0.1519352986592956,7.0,7.0,680.8571428571429,644.0,0.814511664634833,0.7142857142857143,3.329203209169825e-05,5.914474154999696e+24,725009.3001939694,1,2025-07-01 00:00:00+00:00,1,0.937488425925926
1751335200000,6,0.28838247198293304,10.69566200425468,20543.905137230257,0.3244444208189189,2.0,0.3333333333333333,0.3597346005048359,3.0,0.5,0.0022021887452526936,1.0,0.16666666666666666,,,0.0,,,0.0,0.0204835267964042,0.3039608940225147,2.0,2.0,1269.5,1269.5,1.1243144489980947,0.0,3.192183195890061e-05,6.032698822588396e+24,522899.5977100659,2,2025-07-01 00:00:00+00:00,1,0.9791550925925926
1751338800000,9,0.4329032109286708,21.233811714458483,38937.74423462611,0.5032916928765551,2.0,0.2222222222222222,0.41279221608641814,7.0,0.7777777777777778,,,0.0,,,0.0,,,0.0,0.5032916928765551,0.0,2.0,2.0,436.5,436.5,0.6340431483529829,1.0,2.2924336538813845e-05,5.947887246125909e+24,470088.9977860273,3,2025-07-01 00:00:00+00:00,1,1.0208217592592592
1751342400000,13,0.0770547271766347,9.503054805309592,20404.40375359294,0.04151697659308921,3.0,0.23076923076923078,0.07511721881903621,8.0,0.6153846153846154,0.13811138648234678,2.0,0.15384615384615385,,,0.0,,,0.0,0.04151697659308921,0.0,3.0,3.0,1189.6666666666667,1142.0,1.0817883109622093,0.0,3.178442153722691e-05,5.765876076987565e+24,320738.4032175542,4,2025-07-01 00:00:00+00:00,1,1.062488425925926
1751346000000,14,0.3994492439298926,41.39836698347541,82489.82172024851,0.3724162468560265,4.0,0.2857142857142857,0.31913786325111093,9.0,0.6428571428571429,1.230383658334393,1.0,0.07142857142857142,,,0.0,,,0.0,0.10433052674980059,0.2680857201062259,4.0,4.0,322.75,239.5,0.5283960353105523,1.0,4.632184989894708e-05,6.095652303415838e+24,287335.3473110911,5,2025-07-01 00:00:00+00:00,1,1.1041550925925927
1751349600000,20,0.16581965194873305,23.05386862211427,45913.292859629604,0.26384675753985276,8.0,0.4,0.10034684946270012,10.0,0.5,0.10107524201441886,2.0,0.1,,,0.0,,,0.0,0.30229226261641473,-0.03844550507656197,8.0,8.0,1306.625,466.0,0.9165151748110341,0.625,2.6892884352393964e-05,6.073805377602774e+24,211689.29530257295,6,2025-07-01 00:00:00+00:00,1,1.1458217592592592
1751353200000,42,0.193371362099646,56.90167797052199,112012.70729606884,0.2503811298897888,19.0,0.4523809523809524,0.15935229942162296,21.0,0.5,0.001854637020075496,1.0,0.023809523809523808,0.01610281540498793,1.0,0.023809523809523808,,,0.0,0.18593046782904968,0.06445066206073909,19.0,19.0,561.0,521.0,0.7066490714809673,0.7368421052631579,3.272150469041297e-05,6.116264804796469e+24,648468.9058313657,7,2025-07-01 00:00:00+00:00,1,1.187488425925926
1751356800000,25,0.09911016694166708,24.965825356162227,49543.093771685926,0.08048849249237422,8.0,0.32,0.1361433821482208,12.0,0.48,0.03716315640501111,4.0,0.16,0.05147302220398931,1.0,0.04,,,0.0,0.08048849249237422,0.0,8.0,8.0,1813.875,795.0,1.111501281467959,0.5,2.7739884032726376e-05,6.106048394332939e+24,259949.66547416535,8,2025-07-01 00:00:00+00:00,1,1.2291550925925927
1751360400000,8,0.1931610211027045,11.057749978783873,21806.937407007354,0.22758913809318038,2.0,0.25,0.18168498210587922,6.0,0.75,,,0.0,,,0.0,,,0.0,0.22758913809318038,0.0,2.0,2.0,804.5,804.5,0.7944691387185028,0.5,3.099446776049874e-05,6.206380558405751e+24,162007.1804820739,9,2025-07-01 00:00:00+00:00,1,1.2708217592592592
1751364000000,13,0.1271413694159012,10.852793034937058,20552.82331548888,0.4750013611611543,3.0,0.23076923076923078,0.027960900280542437,8.0,0.6153846153846154,0.002073258339456603,2.0,0.15384615384615385,,,0.0,,,0.0,0.6284528072762333,-0.15345144611507897,3.0,3.0,789.3333333333334,832.0,0.882799646750792,0.3333333333333333,2.9242982274730534e-05,6.204612727511956e+24,316129.1814417757,10,2025-07-01 00:00:00+00:00,1,1.312488425925926
1751367600000,16,0.1648421883044442,17.883704810880143,35165.340414680235,0.22879082685556706,4.0,0.25,0.1806685802383408,7.0,0.4375,0.09152632875609068,5.0,0.3125,,,0.0,,,0.0,0.11369948128670415,0.11509134556886291,4.0,4.0,2112.25,1645.0,1.3167759642098624,0.5,2.6612139717747245e-05,6.779598584353137e+24,321309.6667320742,11,2025-07-01 00:00:00+00:00,1,1.3541550925925927
1751371200000,11,0.22551432723081993,15.914289191948072,30041.960234611623,0.010905195815817843,2.0,0.18181818181818182,0.3327433699401626,7.0,0.6363636363636364,0.06482180916312241,2.0,0.18181818181818182,,,0.0,,,0.0,0.010905195815817843,0.0,2.0,2.0,2226.0,2226.0,1.4300110944787165,0.0,2.6004730172348556e-05,6.707587328973577e+24,204342.204466506,12,2025-07-01 00:00:00+00:00,1,1.3958217592592592
1751374800000,24,0.11569495310976163,24.218786954470456,49434.01666763861,0.19661082475339786,9.0,0.375,0.05159655328282765,8.0,0.3333333333333333,0.08491557508443966,7.0,0.2916666666666667,,,0.0,,,0.0,0.21369018817916274,-0.017079363425764882,9.0,9.0,966.8888888888889,906.0,0.9142533537663157,0.4444444444444444,4.7759566255089864e-05,5.995905248268161e+24,790332.351166485,13,2025-07-01 00:00:00+00:00,1,1.437488425925926
1751378400000,50,0.40072690228285957,109.78427427179071,197400.52541698486,0.603882919426912,14.0,0.28,0.28730198838096566,25.0,0.5,0.43482062293454404,10.0,0.2,0.05122830329662865,1.0,0.02,,,0.0,0.19591125470326382,0.40797166472364815,14.0,14.0,918.9285714285714,364.5,0.7590869713664183,0.8571428571428571,6.531190105642319e-05,5.518133587478988e+24,1413440.352728678,14,2025-07-01 00:00:00+00:00,1,1.4791550925925927
1751382000000,15,0.14628620541309373,12.422610804021412,24524.624473391683,0.11486406720162978,5.0,0.3333333333333333,0.18075906879744685,8.0,0.5333333333333333,0.08695009740434123,2.0,0.13333333333333333,,,0.0,,,0.0,0.11486406720162978,0.0,5.0,5.0,531.2,609.0,0.7039945211443562,0.8,3.36665177077142e-05,4.916997973534399e+24,425745.98264876433,15,2025-07-01 00:00:00+00:00,1,1.5208217592592592
1751385600000,5,0.2131886840680596,9.15655119650942,18561.622315627308,0.2669943784511285,3.0,0.6,0.15527362842549397,1.0,0.2,0.1096866565614184,1.0,0.2,,,0.0,,,0.0,0.11220328505257438,0.15479109339855412,3.0,3.0,1888.3333333333333,2493.0,1.2836531651424592,0.3333333333333333,3.2160939188795464e-05,5.36991412931653e+24,292061.1066282918,16,2025-07-01 00:00:00+00:00,1,1.562488425925926
1751389200000,9,0.14558881918252758,8.562743900432714,17039.610514451357,0.08395473993431905,3.0,0.3333333333333333,0.19896263492025656,4.0,0.4444444444444444,0.1312923065793824,2.0,0.2222222222222222,,,0.0,,,0.0,0.1356047379832088,-0.051649998048889735,3.0,3.0,2731.3333333333335,1743.0,1.4982571448328414,0.3333333333333333,2.6222204754945757e-05,5.539820219456887e+24,181291.61108934213,17,2025-07-01 00:00:00+00:00,1,1.6041550925925927
1751392800000,5,0.2093154633068294,5.558616096840695,10818.235308554804,0.0005813201814407545,1.0,0.2,0.1820485908454782,2.0,0.4,0.34094940733087487,2.0,0.4,,,0.0,,,0.0,0.0005813201814407545,0.0,1.0,1.0,3024.0,3024.0,1.7389652095427326,0.0,3.234082481844622e-05,5.509780374758245e+24,263316.009120587,18,2025-07-01 00:00:00+00:00,1,1.6458217592592592
1751396400000,36,0.15764313876935582,36.78443797289337,73050.5009861222,0.13635396714805226,16.0,0.4444444444444444,0.17564857000725045,17.0,0.4722222222222222,0.16915461040157165,3.0,0.08333333333333333,,,0.0,,,0.0,0.09762395709850702,0.03873001004954524,16.0,16.0,1842.4375,673.5,1.1358694011899748,0.5625,3.923144686950042e-05,5.492142248333368e+24,359887.3080894588,19,2025-07-01 00:00:00+00:00,1,1.687488425925926
1751400000000,41,0.2319154203962464,65.53679126157044,131105.2409009785,0.3113070583006769,14.0,0.34146341463414637,0.20465605388148947,22.0,0.5365853658536586,0.12956004692877154,5.0,0.12195121951219512,,,0.0,,,0.0,0.3113286508827643,-2.1592582087424728e-05,14.0,14.0,1390.857142857143,607.0,0.9661233278685261,0.5714285714285714,4.3319156561798034e-05,5.498902514620068e+24,527207.3471828745,20,2025-07-01 00:00:00+00:00,1,1.7291550925925927
1751403600000,17,0.40975603988319226,38.64798772550114,74053.15779470844,0.4488299312187887,7.0,0.4117647058823529,0.45819361714447043,7.0,0.4117647058823529,0.2055626131571515,3.0,0.17647058823529413,,,0.0,,,0.0,0.22788155602360569,0.22094837519518304,7.0,7.0,2296.714285714286,939.0,1.2816588078073665,0.2857142857142857,3.29145125769246e-05,5.66113088517145e+24,360513.4326067507,21,2025-07-01 00:00:00+00:00,1,1.7708217592592592
1751407200000,18,0.2249548129658219,22.72233917180557,44605.96910846001,0.2728828620574041,7.0,0.3888888888888889,0.22770681995954326,5.0,0.2777777777777778,0.16199362547276042,5.0,0.2777777777777778,0.19050437182144708,1.0,0.05555555555555555,,,0.0,0.2728828620574041,0.0,7.0,7.0,1036.142857142857,728.0,0.8980877238725046,0.7142857142857143,3.884260698787296e-05,5.673272138055855e+24,401251.2360597455,22,2025-07-01 00:00:00+00:00,1,1.812488425925926
1751410800000,22,0.18041479999246796,20.67456354422211,40275.900416129734,0.24127014456143836,6.0,0.2727272727272727,0.13492313081420615,10.0,0.45454545454545453,0.19537890405393396,6.0,0.2727272727272727,,,0.0,,,0.0,0.16393202263598627,0.07733812192545209,6.0,6.0,970.5,871.0,0.9376754617669162,0.5,3.100046369882002e-05,5.579882423576168e+24,375634.88923634635,23,2025-07-01 00:00:00+00:00,1,1.8541550925925927
1751414400000,10,0.13036764636831666,11.346413180423081,23024.130570205296,0.16011299133811707,5.0,0.5,0.10062230139851625,5.0,0.5,,,0.0,,,0.0,,,0.0,0.06723212365955955,0.09288086767855752,5.0,5.0,1047.0,1309.0,0.9712829791431513,0.4,2.656176588703211e-05,5.68619909080527e+24,140985.6007154563,0,2025-07-02 00:00:00+00:00,1,1.8958217592592592
1751418000000,26,0.5510173574220448,69.65931933204568,119676.57212640137,0.176240766545183,7.0,0.2692307692307692,0.6049627618905833,16.0,0.6153846153846154,1.1377872456358507,3.0,0.11538461538461539,,,0.0,,,0.0,0.04356882462435902,0.13267194192082396,7.0,7.0,967.4285714285714,668.0,0.9393087612618652,0.7142857142857143,6.136804678135925e-05,5.633629410185917e+24,624062.2265929914,1,2025-07-02 00:00:00+00:00,1,1.937488425925926
1751421600000,7,0.4489235509590029,15.226250481014773,28965.05720771194,0.5776462571999196,1.0,0.14285714285714285,0.5077186061218696,5.0,0.7142857142857143,0.026225568903752612,1.0,0.14285714285714285,,,0.0,,,0.0,0.2688189925031991,0.3088272646967205,1.0,1.0,14211.0,14211.0,3.769748002187945,0.0,3.44727279975684e-05,5.660515029331758e+24,353487.0678509709,2,2025-07-02 00:00:00+00:00,1,1.9791550925925927
1751425200000,4,0.018534910266880707,1.7971797833526995,3662.474944713444,0.03627893377212022,1.0,0.25,0.005210917756186435,2.0,0.5,0.027438871783029735,1.0,0.25,,,0.0,,,0.0,0.03627893377212022,0.0,1.0,1.0,3225.0,3225.0,1.795828499606797,0.0,2.419418602252925e-05,5.579791953224189e+24,285756.1888847587,3,2025-07-02 00:00:00+00:00,1,2.020821759259259
1751428800000,4,0.26185701198889066,8.136036128809238,16596.031618425768,,,0.0,0.26185701198889066,4.0,1.0,,,0.0,,,0.0,,,0.0,,,,,,,,,2.0204443183207633e-05,5.869974808268512e+24,108578.13295249557,4,2025-07-02 00:00:00+00:00,1,2.0624884259259257
1751432400000,1,0.004859895498814278,0.021089979329752855,42.1843947496285,,,0.0,0.004859895498814278,1.0,1.0,,,0.0,,,0.0,,,0.0,,,,,,,,,3.0753860395744846e-05,6.12063310276526e+24,142898.05251948655,5,2025-07-02 00:00:00+00:00,1,2.1041550925925927
1751436000000,26,0.632405706467938,118.5514748556471,191041.22920265558,0.8643152452814944,7.0,0.2692307692307692,0.7074884015182299,14.0,0.5384615384615384,0.09750080598814204,5.0,0.19230769230769232,,,0.0,,,0.0,0.1637002127645293,0.700615032516965,7.0,7.0,1026.2857142857142,447.0,0.9201942289289841,0.5714285714285714,5.3738459570779794e-05,6.564873872048232e+24,836357.6658349093,6,2025-07-02 00:00:00+00:00,1,2.145821759259259
1751439600000,28,0.21090027491356247,46.93441891645864,94249.94410703989,0.21953869388217218,11.0,0.39285714285714285,0.21017508847896949,14.0,0.5,0.18261027539009442,3.0,0.10714285714285714,,,0.0,,,0.0,0.08085626036759329,0.13868243351457885,11.0,11.0,853.2727272727273,455.0,0.764460498805872,0.6363636363636364,3.9782826970719537e-05,5.937549604001987e+24,727631.6483115212,7,2025-07-02 00:00:00+00:00,1,2.1874884259259257
1751443200000,15,0.28882007702091694,20.5401145848669,39406.00368890236,0.25881711664196344,6.0,0.4,0.1799706514243925,3.0,0.2,0.37324775019813267,6.0,0.4,,,0.0,,,0.0,0.9656156457728778,-0.7067985291309142,6.0,6.0,463.8333333333333,443.0,0.6560038008212804,0.8333333333333334,3.9065556609646414e-05,5.484740595963402e+24,691524.6192124736,8,2025-07-02 00:00:00+00:00,1,2.2291550925925927
1751446800000,9,0.188512650773358,10.847304956224777,21339.120427035996,0.4292638589396405,3.0,0.3333333333333333,0.06797404279790686,5.0,0.5555555555555556,0.06895206615176608,1.0,0.1111111111111111,,,0.0,,,0.0,0.12594753015497642,0.3033163287846641,3.0,3.0,703.3333333333334,705.0,0.8295434303450152,0.6666666666666666,2.6682980165151327e-05,5.851324547091216e+24,288872.6577079701,9,2025-07-02 00:00:00+00:00,1,2.270821759259259
1751450400000,7,0.23894595145077008,9.801672151378678,18344.755878036147,0.11960021812141164,2.0,0.2857142857142857,0.33292081067615603,4.0,0.5714285714285714,0.1017379812079432,1.0,0.14285714285714285,,,0.0,,,0.0,0.11960021812141164,0.0,2.0,2.0,1184.5,1184.5,0.9919252359717474,0.5,2.2708623857716524e-05,5.917841253235021e+24,405313.557642196,10,2025-07-02 00:00:00+00:00,1,2.3124884259259257
1751454000000,15,0.16954460336889915,19.530380978373344,38983.490611296496,0.2085521189793037,4.0,0.26666666666666666,0.16440005390947665,9.0,0.6,0.11468004471549154,2.0,0.13333333333333333,,,0.0,,,0.0,0.2085152542466483,3.686473265540613e-05,4.0,4.0,1041.0,991.0,0.8801041945715574,0.5,3.2544776401147684e-05,5.899703159796224e+24,462057.066883248,11,2025-07-02 00:00:00+00:00,1,2.3541550925925927
1751457600000,45,0.2894857291517894,83.29117795878763,161663.546650506,0.4062057775630112,25.0,0.5555555555555556,0.13604929741229277,14.0,0.3111111111111111,0.16117053483052432,6.0,0.13333333333333333,,,0.0,,,0.0,0.1868102920841873,0.21939548547882382,25.0,25.0,811.48,637.0,0.8242166890541391,0.6,3.768083779801737e-05,5.776831472805253e+24,651419.8921122081,12,2025-07-02 00:00:00+00:00,1,2.395821759259259
1751461200000,20,0.23975758259265226,33.973023851644996,67509.40065461329,0.3067169713473372,9.0,0.45,0.15509057521179578,7.0,0.35,0.2372662208111097,4.0,0.2,,,0.0,,,0.0,0.18839032220102453,0.1183266491463127,9.0,9.0,677.7777777777778,743.0,0.8004602155734779,0.6666666666666666,3.405110567447842e-05,6.26500719667298e+24,491666.2108511019,13,2025-07-02 00:00:00+00:00,1,2.4374884259259257
1751464800000,39,0.12729930862968833,46.676096678642104,93482.2076329338,0.20816112798505584,10.0,0.2564102564102564,0.03795506171517392,21.0,0.5384615384615384,0.26455732569835216,7.0,0.1794871794871795,0.2341041808001697,1.0,0.02564102564102564,,,0.0,0.13217809889798804,0.07598302908706778,10.0,10.0,1960.8,990.5,1.1828555024276894,0.4,4.466578700142955e-05,6.224743611710316e+24,742056.1256020265,14,2025-07-02 00:00:00+00:00,1,2.4791550925925927
1751468400000,27,0.2838288063417882,55.614212518641196,110868.91488439872,0.24685155885079568,8.0,0.2962962962962963,0.16491338998698027,12.0,0.4444444444444444,0.669223020905889,5.0,0.18518518518518517,0.18174475802435353,2.0,0.07407407407407407,,,0.0,0.09578548430672507,0.15106607454407062,8.0,8.0,1898.125,682.0,1.1994749143388996,0.5,4.539821465878902e-05,5.283933827871762e+24,656823.1866690381,15,2025-07-02 00:00:00+00:00,1,2.520821759259259
1751472000000,57,0.2519649814097456,79.51861855924749,158076.50288829065,0.24233734379614394,20.0,0.3508771929824561,0.31529766011479265,28.0,0.49122807017543857,0.0763247312464916,9.0,0.15789473684210525,,,0.0,,,0.0,0.30227778987707443,-0.05994044608093052,20.0,20.0,759.2,500.0,0.767010600062427,0.75,5.824259784783165e-05,4.6688419857997623e+24,1202236.8251729296,16,2025-07-02 00:00:00+00:00,1,2.5624884259259257
1751475600000,28,0.24946637480499276,38.40778035786891,75713.51040813839,0.2788248098960543,10.0,0.35714285714285715,0.25170913478161555,14.0,0.5,0.16822062715915898,4.0,0.14285714285714285,,,0.0,,,0.0,0.18846317510146526,0.09036163479458903,10.0,10.0,645.4,596.5,0.7655026735469705,0.7,4.2527245062315785e-05,4.857730481559496e+24,462356.68623301835,17,2025-07-02 00:00:00+00:00,1,2.6041550925925927
1751479200000,31,0.23306495600345065,38.85241510011073,76626.07783398649,0.2626735821870162,14.0,0.45161290322580644,0.09625213808413804,11.0,0.3548387096774194,0.4483986141939943,4.0,0.12903225806451613,0.34760775489362394,2.0,0.06451612903225806,,,0.0,0.24104586183198634,0.02162772035502985,14.0,14.0,892.8571428571429,563.5,0.8537861749941538,0.6428571428571429,3.584237286339708e-05,5.014491150465417e+24,374868.78219220904,18,2025-07-02 00:00:00+00:00,1,2.645821759259259
1751482800000,10,0.3481000818882406,18.27173041139569,35788.31282700511,0.2744809021683842,3.0,0.3,0.3311055210915798,6.0,0.6,0.6709249858277743,1.0,0.1,,,0.0,,,0.0,0.2744809021683842,0.0,3.0,3.0,576.3333333333334,598.0,0.7580061729404807,1.0,2.64164046820471e-05,4.955302064995577e+24,224556.77398487268,19,2025-07-02 00:00:00+00:00,1,2.6874884259259257
1751486400000,17,0.17738725020353813,15.361069208580219,30073.7910773233,0.19784818111089653,9.0,0.5294117647058824,0.2288918442758291,4.0,0.23529411764705882,0.006045601494424242,3.0,0.17647058823529413,0.3012454418754905,1.0,0.058823529411764705,,,0.0,0.24774881145896435,-0.049900630348067826,9.0,9.0,1082.0,336.0,0.8741380204043894,0.5555555555555556,3.302576857604716e-05,4.863467589546053e+24,1189364.8789872052,20,2025-07-02 00:00:00+00:00,1,2.7291550925925927
1751490000000,4,1.4754613444342746,32.78306346891554,46526.72893087851,1.4754613444342746,4.0,1.0,,,0.0,,,0.0,,,0.0,,,0.0,0.2666661545372472,1.2087951898970273,4.0,4.0,1116.25,1073.5,1.0077948738233609,0.25,2.0845151619982477e-05,4.980892501277842e+24,152191.096061603,21,2025-07-02 00:00:00+00:00,1,2.770821759259259
1751493600000,18,0.41596188751202057,48.60108407105622,91862.00791684249,0.2846104412333782,8.0,0.4444444444444444,0.5210430445349344,10.0,0.5555555555555556,,,0.0,,,0.0,,,0.0,1.1925453643858763,-0.907934923152498,8.0,8.0,4655.75,858.5,1.5695459667941856,0.375,3.837270639616733e-05,4.910508003862389e+24,370310.1249037713,22,2025-07-02 00:00:00+00:00,1,2.8124884259259257
1751497200000,22,0.22961898119319882,31.154674861126097,60907.90912074596,0.47350255696993354,4.0,0.18181818181818182,0.18634378747395697,15.0,0.6818181818181818,0.12081684875376186,3.0,0.13636363636363635,,,0.0,,,0.0,0.09570319413649153,0.37779936283344195,4.0,4.0,3200.5,647.5,1.4131230332881488,0.75,3.228325521299506e-05,5.074146238068499e+24,383240.98747865274,23,2025-07-02 00:00:00+00:00,1,2.8541550925925927
1751500800000,31,0.1806659401127009,34.23267145443988,67510.00913317781,0.2957466578888596,11.0,0.3548387096774194,0.10356428344234844,15.0,0.4838709677419355,0.15879333101620918,5.0,0.16129032258064516,,,0.0,,,0.0,0.26828470739926213,0.027461950489597462,11.0,11.0,1095.5454545454545,666.0,0.9491759976304125,0.6363636363636364,4.069600720459533e-05,5.177427878220906e+24,547316.4919627716,0,2025-07-03 00:00:00+00:00,1,2.895821759259259
1751504400000,11,0.3299889564519606,17.547087869189674,33764.22671984618,0.3808099162289123,3.0,0.2727272727272727,0.19250919049394977,7.0,0.6363636363636364,,,0.0,1.1398844388271812,1.0,0.09090909090909091,,,0.0,0.17865337342363977,0.2021565428052726,3.0,3.0,419.3333333333333,477.0,0.6232067340031991,1.0,2.9142405238249905e-05,5.062614822357457e+24,320112.1966689409,1,2025-07-03 00:00:00+00:00,1,2.9374884259259257
1751508000000,30,0.1642520653609746,29.174208901633165,58029.57058752254,0.2671026651250895,10.0,0.3333333333333333,0.09469117917197649,15.0,0.5,0.16723352439973904,5.0,0.16666666666666666,,,0.0,,,0.0,0.16097332640397244,0.10612933872111707,10.0,10.0,773.6,545.5,0.8222165222344057,0.6,3.020101949378884e-05,5.258976030731682e+24,662418.1873796616,2,2025-07-03 00:00:00+00:00,1,2.9791550925925927
1751511600000,15,0.09596562442042127,13.240140864053503,26722.525817145997,0.15204673013980308,5.0,0.3333333333333333,0.08210696268593376,8.0,0.5333333333333333,0.01119750705991674,2.0,0.13333333333333333,,,0.0,,,0.0,0.15204673013980308,0.0,5.0,5.0,363.6,166.0,0.5384600994555534,0.8,2.9980975199040398e-05,5.441052542810344e+24,481219.01606746763,3,2025-07-03 00:00:00+00:00,1,3.020821759259259
1751515200000,10,0.265225942814311,14.749439149154798,28870.657714992776,0.4082976529712388,3.0,0.3,0.23087716923553706,5.0,0.5,,,0.0,0.1364903115258541,2.0,0.2,,,0.0,0.20629396894086335,0.20200368403037552,3.0,3.0,2136.3333333333335,874.0,1.2764582133639537,0.3333333333333333,2.6981295230246793e-05,5.639125561124747e+24,568886.6708010243,4,2025-07-03 00:00:00+00:00,1,3.0624884259259257
1751518800000,39,0.29244047846491655,65.01607175440107,126004.28878083755,0.42812637419805744,12.0,0.3076923076923077,0.17759272578059232,21.0,0.5384615384615384,0.42303582139376966,6.0,0.15384615384615385,,,0.0,,,0.0,0.18875631360761932,0.23937006059043808,12.0,12.0,811.1666666666666,701.0,0.8290167957529376,0.6666666666666666,4.800839316361911e-05,5.435269895848993e+24,787130.6044619275,5,2025-07-03 00:00:00+00:00,1,3.1041550925925927
1751522400000,18,0.2046105604284612,26.808312794394617,53258.55971699818,0.27421233671088163,5.0,0.2777777777777778,0.1895229236011604,12.0,0.6666666666666666,0.03765332094396879,1.0,0.05555555555555555,,,0.0,,,0.0,0.12267362009399807,0.15153871661688356,5.0,5.0,1412.6,557.0,1.0646733445038548,0.6,3.6064493262153005e-05,5.488147681751697e+24,527298.4025652448,6,2025-07-03 00:00:00+00:00,1,3.145821759259259
1751526000000,9,0.018966657599118277,13.331617679347712,28402.33841859372,0.009114700312844344,2.0,0.2222222222222222,0.03426315112381884,4.0,0.4444444444444444,0.005139304423700149,3.0,0.3333333333333333,,,0.0,,,0.0,0.009114700312844344,0.0,2.0,2.0,1541.0,1541.0,1.19056180031611,0.5,2.3214752845634142e-05,5.341896790005973e+24,401518.80904792785,7,2025-07-03 00:00:00+00:00,1,3.1874884259259257
1751529600000,20,0.3708721038107087,40.41615480208457,73453.89607904395,0.636922754613963,7.0,0.35,0.19174264817068287,10.0,0.5,0.3471854374032011,3.0,0.15,,,0.0,,,0.0,0.8529684857295498,-0.21604573111558675,7.0,7.0,719.5714285714286,737.0,0.8333354399120447,0.5714285714285714,3.7423836818907656e-05,5.455612444238447e+24,504576.5237596578,8,2025-07-03 00:00:00+00:00,1,3.2291550925925927
1751533200000,26,0.22209098831946864,32.196851124571175,62857.02923348043,0.14118669029025208,9.0,0.34615384615384615,0.32552976680584933,13.0,0.5,0.06794962880446886,4.0,0.15384615384615385,,,0.0,,,0.0,0.14117093490523075,1.575538502132348e-05,9.0,9.0,1273.111111111111,603.0,0.9921546437997945,0.5555555555555556,2.9128589180557108e-05,5.307903643756536e+24,542575.560241747,9,2025-07-03 00:00:00+00:00,1,3.270821759259259
1751536800000,30,0.28703960401137124,48.550589586207316,89764.29945765297,0.3696432824590356,12.0,0.4,0.25231349173371764,16.0,0.5333333333333333,0.0692264315466139,2.0,0.06666666666666667,,,0.0,,,0.0,0.256652368325713,0.11299091413332259,12.0,12.0,775.0,612.5,0.8364448697691236,0.6666666666666666,3.4944693498315546e-05,5.535994374009167e+24,520214.21463107184,10,2025-07-03 00:00:00+00:00,1,3.3124884259259257
1751540400000,16,0.15732146474323627,16.434535837408642,32136.64290093536,0.03948528621456216,4.0,0.25,0.21619593951373586,9.0,0.5625,0.13781294513663636,3.0,0.1875,,,0.0,,,0.0,0.03948528621456216,0.0,4.0,4.0,931.25,963.5,0.9489470764810054,0.5,2.9918389172358304e-05,5.586255304083982e+24,319712.8481526202,11,2025-07-03 00:00:00+00:00,1,3.3541550925925927
1751544000000,54,0.29412750865512444,111.35037875638315,225136.02583464936,0.28173910030614735,18.0,0.3333333333333333,0.2053810533648187,21.0,0.3888888888888889,0.4641109346702044,14.0,0.25925925925925924,0.0010264558220106704,1.0,0.018518518518518517,,,0.0,0.1808919886237036,0.10084711168244374,18.0,18.0,798.4444444444445,652.0,0.8572032046995695,0.5555555555555556,7.309233659405265e-05,5.427672298297931e+24,1323755.1979331041,12,2025-07-03 00:00:00+00:00,1,3.395821759259259
1751547600000,47,0.2750483202512506,72.16329313294901,142729.53351514653,0.29719583704835173,20.0,0.425531914893617,0.29964013479067286,20.0,0.425531914893617,0.1338174047721451,6.0,0.1276595744680851,0.18764718639541644,1.0,0.02127659574468085,,,0.0,0.25185998731875203,0.0453358497295997,20.0,20.0,806.55,468.0,0.7855991305665552,0.75,6.055421197403387e-05,5.02963045264926e+24,892724.9094257707,13,2025-07-03 00:00:00+00:00,1,3.4374884259259257
1751551200000,53,0.2414216640540305,80.83081491482666,157281.77700064858,0.24550654624886126,23.0,0.4339622641509434,0.19294562333909757,24.0,0.4528301886792453,0.5011769590129765,5.0,0.09433962264150944,0.01211787593658354,1.0,0.018867924528301886,,,0.0,0.15367342077668986,0.0918331254721714,23.0,23.0,942.6521739130435,633.0,0.8759908873782052,0.6086956521739131,5.140590223768608e-05,5.102639421914344e+24,936663.455086073,14,2025-07-03 00:00:00+00:00,1,3.4791550925925927
1751554800000,22,0.23151810461273314,33.072450826837326,66120.49504347878,0.24044332723041753,9.0,0.4090909090909091,0.26364369717513536,10.0,0.45454545454545453,0.09765712821833943,3.0,0.13636363636363635,,,0.0,,,0.0,0.3915292183074706,-0.15108589107705306,9.0,9.0,1037.0,881.0,0.9411992766949496,0.4444444444444444,5.7995835347470005e-05,5.113866310659302e+24,865879.7493417269,15,2025-07-03 00:00:00+00:00,1,3.520821759259259
1751558400000,29,0.3115108952590757,52.64223924528517,103345.1252708334,0.5201799468930122,11.0,0.3793103448275862,0.16174439205572888,14.0,0.4827586206896552,0.2618537644774642,4.0,0.13793103448275862,,,0.0,,,0.0,0.32687765602941005,0.19330229086360215,11.0,11.0,1006.5454545454545,688.0,0.9296041488566023,0.6363636363636364,5.264921278631753e-05,5.125194771169266e+24,813483.638078172,16,2025-07-03 00:00:00+00:00,1,3.5624884259259257
1751562000000,9,0.24870780318696806,13.607861113622924,27042.55617944322,0.32377429448493966,5.0,0.5555555555555556,0.19315838149347886,3.0,0.3333333333333333,0.040023611777577524,1.0,0.1111111111111111,,,0.0,,,0.0,0.11137751453127887,0.2123967799536608,5.0,5.0,580.6,516.0,0.7206148138887031,0.8,2.355257632934425e-05,5.418292872958171e+24,140477.11365289276,17,2025-07-03 00:00:00+00:00,1,3.6041550925925927
1751565600000,15,0.12051923937536131,12.650531217266913,25386.42980842109,0.15002386588895658,3.0,0.2,0.1269904131086007,10.0,0.6666666666666666,0.043906430938771446,2.0,0.13333333333333333,,,0.0,,,0.0,0.15002386588895658,0.0,3.0,3.0,639.6666666666666,640.0,0.7893909502687689,0.6666666666666666,2.829007725072334e-05,5.524907108425269e+24,256140.42547762455,18,2025-07-03 00:00:00+00:00,1,3.645821759259259
1751569200000,11,0.20427160748475198,12.009668118825553,23365.006861271027,0.3193798088816253,7.0,0.6363636363636364,0.0028322550402236704,4.0,0.36363636363636365,,,0.0,,,0.0,,,0.0,0.25466007705263227,0.06471973182899303,7.0,7.0,965.1428571428571,547.0,0.8905724920534136,0.7142857142857143,2.2996511348681678e-05,5.210950177076132e+24,166529.9835482721,19,2025-07-03 00:00:00+00:00,1,3.6874884259259257
1751572800000,6,0.1174712471618865,5.907117557770252,11990.27097205323,0.332220153315692,1.0,0.16666666666666666,0.07192934328853917,4.0,0.6666666666666666,0.08488995650147035,1.0,0.16666666666666666,,,0.0,,,0.0,0.029825490150407925,0.30239466316528407,1.0,1.0,794.0,794.0,0.8910667763978186,0.0,2.157361282177413e-05,5.346965361878861e+24,120502.22063618492,20,2025-07-03 00:00:00+00:00,1,3.7291550925925927
1751576400000,30,0.1566646652336048,36.361621025197095,76670.9843648006,0.6350616601301694,5.0,0.16666666666666666,0.07037171085224214,16.0,0.5333333333333333,0.056870069876095886,6.0,0.2,0.019154621154949338,3.0,0.1,,,0.0,2.7448280242531364,-2.109766364122967,5.0,5.0,388.2,412.0,0.6042439862508142,1.0,2.7194078464274287e-05,5.270968219932552e+24,1806015.1614256555,21,2025-07-03 00:00:00+00:00,1,3.770821759259259
1751580000000,14,0.3711382883114039,36.60966450587151,73489.21217454085,0.4211028486742898,3.0,0.21428571428571427,0.4355448909339088,9.0,0.6428571428571429,0.006361735965802924,2.0,0.14285714285714285,,,0.0,,,0.0,0.1698692455655799,0.25123360310870996,3.0,3.0,576.3333333333334,583.0,0.7591322087449069,1.0,3.235284310068391e-05,6.256028765875422e+24,859279.0857274149,22,2025-07-03 00:00:00+00:00,1,3.8124884259259257
1751583600000,15,0.1997445781412446,24.176859580974245,48251.32889032595,0.09904157052987184,5.0,0.3333333333333333,0.17886928850828723,7.0,0.4666666666666667,0.5463714425280085,2.0,0.13333333333333333,0.15613291485528247,1.0,0.06666666666666667,,,0.0,0.09904157052987184,0.0,5.0,5.0,1023.2,1065.0,0.992460881766253,0.4,2.6532771758656615e-05,6.414118243360996e+24,403285.423112383,23,2025-07-03 00:00:00+00:00,1,3.8541550925925927
1751587200000,17,0.20184736018852398,25.64516805588759,49939.86523182831,0.30967185279531045,7.0,0.4117647058823529,0.16719923024647584,7.0,0.4117647058823529,0.03110251397080126,3.0,0.17647058823529413,,,0.0,,,0.0,0.1590830596404124,0.150588793154898,7.0,7.0,935.8571428571429,617.0,0.8610124710255623,0.8571428571428571,4.146813627752499e-05,6.538078798581158e+24,554219.3064453986,0,2025-07-04 00:00:00+00:00,1,3.895821759259259
1751590800000,8,0.06590896675832003,9.006210844265834,18354.911501187937,0.10091507946156901,3.0,0.375,0.044905299136370654,5.0,0.625,,,0.0,,,0.0,,,0.0,0.05070328908526386,0.05021179037630515,3.0,3.0,630.3333333333334,729.0,0.7633564080217748,0.6666666666666666,3.0778256791616036e-05,6.514202473509222e+24,453798.46747551375,1,2025-07-04 00:00:00+00:00,1,3.9374884259259257
1751594400000,37,0.27961373414523233,68.36870154946767,130395.11003246023,0.37720305077939725,17.0,0.4594594594594595,0.13075423016030485,11.0,0.2972972972972973,0.2772177520400543,9.0,0.24324324324324326,,,0.0,,,0.0,0.19926243564554755,0.1779406151338497,17.0,17.0,801.7058823529412,531.0,0.7974296050311915,0.6470588235294118,5.974432782615257e-05,6.386114646653071e+24,1239614.7856661512,2,2025-07-04 00:00:00+00:00,1,3.9791550925925927
1751598000000,14,0.10741702119914849,14.65199720401442,29415.79767674255,0.08895748274776735,7.0,0.5,0.06274670208428634,5.0,0.35714285714285715,0.2837012035661378,2.0,0.14285714285714285,,,0.0,,,0.0,0.04566701038600119,0.04329047236176616,7.0,7.0,2037.857142857143,2036.0,1.2606223937147578,0.2857142857142857,3.269228291463737e-05,6.677535888235061e+24,378673.05261129217,3,2025-07-04 00:00:00+00:00,1,4.02082175925926
1751601600000,14,0.11284348473814024,16.35640477646993,33076.843532818886,0.3486107452342204,3.0,0.21428571428571427,0.05977515221786567,8.0,0.5714285714285714,0.018591777629458895,3.0,0.21428571428571427,,,0.0,,,0.0,0.24770131748934301,0.10090942774487743,3.0,3.0,2341.0,1322.0,1.4093089974355895,0.3333333333333333,2.746027024006625e-05,6.470374920623332e+24,374819.90899079706,4,2025-07-04 00:00:00+00:00,1,4.062488425925926
1751605200000,14,0.22003168692140654,25.483713426131782,52515.871986409504,0.2796295590771257,5.0,0.35714285714285715,0.20733136455017326,7.0,0.5,0.11548813483142506,2.0,0.14285714285714285,,,0.0,,,0.0,0.21900517699291902,0.06062438208420673,5.0,5.0,1114.8,715.0,0.9986875052262967,0.6,4.096510777926299e-05,6.355522305679707e+24,441413.0479659394,5,2025-07-04 00:00:00+00:00,1,4.104155092592593
1751608800000,16,0.23041802437972092,29.87603400543387,59599.65845978364,0.13723734389981412,5.0,0.3125,0.2588206489837899,9.0,0.5625,0.3355579148611775,2.0,0.125,,,0.0,,,0.0,0.10686408414406923,0.030373259755744897,5.0,5.0,2567.8,1803.0,1.4929222319469921,0.2,3.553385042601389e-05,6.362519905610033e+24,421712.2018630755,6,2025-07-04 00:00:00+00:00,1,4.14582175925926
1751612400000,24,0.19240465883437816,33.88637910564943,67273.13374167572,0.2636391774484036,8.0,0.3333333333333333,0.18084034636174112,13.0,0.5416666666666666,0.05255796324507075,3.0,0.125,,,0.0,,,0.0,0.1303554328312183,0.13328374461718528,8.0,8.0,588.5,592.5,0.7486531113911818,0.75,4.2348323593578415e-05,5.859057923272426e+24,699446.0605129247,7,2025-07-04 00:00:00+00:00,1,4.187488425925926
1751616000000,10,0.10389703444036325,14.140133296481558,30456.296037192584,0.20220375622937314,2.0,0.2,0.07106349506440206,6.0,0.6,0.10409093077923692,2.0,0.2,,,0.0,,,0.0,0.12595341895460954,0.0762503372747636,2.0,2.0,553.5,553.5,0.684322763178117,0.5,3.8846073620842455e-05,6.080545975780135e+24,632640.5189790098,8,2025-07-04 00:00:00+00:00,1,4.229155092592593
1751619600000,8,0.11545170782917713,5.611991837917626,10910.020818996409,0.19190434410843327,4.0,0.5,0.0028432487166558363,3.0,0.375,0.1474665400497165,1.0,0.125,,,0.0,,,0.0,0.19190434410843327,0.0,4.0,4.0,1291.75,938.5,0.975254694716591,0.5,1.925023160631602e-05,6.354676129341653e+24,251331.75078657529,9,2025-07-04 00:00:00+00:00,1,4.27082175925926
1751623200000,20,0.4441794728946057,58.22589542826822,91428.12384653365,0.23809433649188597,11.0,0.55,0.07040250775053758,4.0,0.2,1.1965883450958437,5.0,0.25,,,0.0,,,0.0,0.1552639150724428,0.08283042141944318,11.0,11.0,1362.909090909091,793.0,1.0168913875667802,0.45454545454545453,2.9830969863802107e-05,6.413111531900857e+24,602556.6896529561,10,2025-07-04 00:00:00+00:00,1,4.312488425925926
1751626800000,8,0.1333017654237033,13.851919764784087,29970.19907614615,0.17257396054016094,3.0,0.375,0.11287334949095384,1.0,0.125,0.10895472306954745,4.0,0.5,,,0.0,,,0.0,0.17257396054016094,0.0,3.0,3.0,902.6666666666666,618.0,0.8839456253137739,0.6666666666666666,1.81414864746395e-05,6.937202332637424e+24,182376.31057625616,11,2025-07-04 00:00:00+00:00,1,4.354155092592593
1751630400000,16,0.5792886805614005,71.56503222258289,98328.30187732047,1.4389292422976456,6.0,0.375,0.06769338148046096,6.0,0.375,0.05722078657844232,4.0,0.25,,,0.0,,,0.0,0.5279894429738351,0.9109397993238103,6.0,6.0,893.3333333333334,708.0,0.9146495668034502,0.6666666666666666,3.5351287404789564e-05,6.63426838248915e+24,442063.5402950838,12,2025-07-04 00:00:00+00:00,1,4.39582175925926
1751634000000,32,0.25557234059972195,56.87250774934711,110892.3610892467,0.3982330168460862,7.0,0.21875,0.2351395708503579,19.0,0.59375,0.1538386558519499,6.0,0.1875,,,0.0,,,0.0,0.18038301340784088,0.21785000343824532,7.0,7.0,788.2857142857143,846.0,0.8765899163499247,0.42857142857142855,4.4623710115210154e-05,6.114674051423756e+24,940199.8689092873,13,2025-07-04 00:00:00+00:00,1,4.437488425925926
1751637600000,44,0.28723450995148925,82.06536981760952,156416.5845101595,0.2153033221878548,15.0,0.3409090909090909,0.1896336365863561,17.0,0.38636363636363635,0.515416398589971,12.0,0.2727272727272727,,,0.0,,,0.0,0.09310128813515253,0.12220203405270229,15.0,15.0,681.4,673.0,0.7647031716239373,0.6666666666666666,5.6566431318708614e-05,5.525858445559855e+24,1406809.1797045206,14,2025-07-04 00:00:00+00:00,1,4.479155092592593
1751641200000,34,0.24837419501757071,50.32313299859637,96592.25549636391,0.36940755682183124,8.0,0.23529411764705882,0.24967818742999573,20.0,0.5882352941176471,0.09729101300182552,5.0,0.14705882352941177,0.00944336241371236,1.0,0.029411764705882353,,,0.0,0.17812338512363401,0.19128417169819723,8.0,8.0,935.75,808.0,0.9069201311658859,0.375,4.2346577078996165e-05,5.618965865224788e+24,758478.6308185775,15,2025-07-04 00:00:00+00:00,1,4.52082175925926
1751644800000,71,0.23794297929399413,103.64809730255278,204691.12518441782,0.3556624971844084,19.0,0.2676056338028169,0.22972247154809894,39.0,0.5492957746478874,0.08472354903893853,12.0,0.16901408450704225,0.1605051045267024,1.0,0.014084507042253521,,,0.0,0.13726654281638528,0.2183959543680231,19.0,19.0,829.3684210526316,724.0,0.8538924548474718,0.5263157894736842,7.036625505385656e-05,5.445872434330317e+24,1243675.0865970047,16,2025-07-04 00:00:00+00:00,1,4.562488425925926
1751648400000,27,0.27659971101848385,41.4754280216298,80480.05961525932,0.2279859962341597,12.0,0.4444444444444444,0.3339633403167718,10.0,0.37037037037037035,0.27854536790428586,5.0,0.18518518518518517,,,0.0,,,0.0,0.13864869335402716,0.08933730288013253,12.0,12.0,3003.6666666666665,1451.0,1.3073538432541068,0.3333333333333333,4.037825770247697e-05,5.736225464242467e+24,534389.3499115086,17,2025-07-04 00:00:00+00:00,1,4.604155092592593
1751652000000,24,0.15741081323924552,28.450320329944095,57159.80804251746,0.1939565363419888,6.0,0.25,0.1260187846058346,14.0,0.5833333333333334,0.21246432880206878,4.0,0.16666666666666666,,,0.0,,,0.0,0.11716835505845076,0.07678818128353804,6.0,6.0,1368.5,947.0,1.075781430521645,0.5,3.491380612391476e-05,5.729657932421757e+24,851681.9131650346,18,2025-07-04 00:00:00+00:00,1,4.64582175925926
1751655600000,24,0.22853671611149992,32.83944442441355,64306.75074416829,0.4490370956716826,7.0,0.2916666666666667,0.16550051668072466,12.0,0.5,0.07112306336110474,5.0,0.20833333333333334,,,0.0,,,0.0,0.20789911609943942,0.24113797957224317,7.0,7.0,572.4285714285714,624.0,0.7391208712092959,0.7142857142857143,3.0290517708468756e-05,5.905098024039444e+24,396265.11397600715,19,2025-07-04 00:00:00+00:00,1,4.687488425925926
1751659200000,13,0.10512869867636604,12.447958324345628,24787.584381989473,0.04603697588756883,2.0,0.15384615384615385,0.06415582260706047,7.0,0.5384615384615384,0.20637709319204933,4.0,0.3076923076923077,,,0.0,,,0.0,0.04603697588756883,0.0,2.0,2.0,926.5,926.5,0.9330173676181408,0.5,2.8113436116554948e-05,6.272351124924808e+24,221056.16076817585,20,2025-07-04 00:00:00+00:00,1,4.729155092592593
1751662800000,1,0.7127502289422426,3.7346980679401285,7072.983181141777,,,0.0,0.7127502289422426,1.0,1.0,,,0.0,,,0.0,,,0.0,,,,,,,,,1.8291045668050364e-05,6.301840588515869e+24,69599.44779895415,21,2025-07-04 00:00:00+00:00,1,4.77082175925926
1751666400000,2,0.36662272320242983,8.634285024949257,18730.86127024708,0.2657149201518204,1.0,0.5,0.46753052625303926,1.0,0.5,,,0.0,,,0.0,,,0.0,0.1126444816018689,0.1530704385499515,1.0,1.0,2817.0,2817.0,1.6783920876839238,0.0,2.0391960259423608e-05,6.388706495885227e+24,186243.53181017778,22,2025-07-04 00:00:00+00:00,1,4.812488425925926
1751670000000,3,0.23855909078071066,5.257317492454579,10389.320270082357,0.21109014090026512,2.0,0.6666666666666666,0.2934969905416017,1.0,0.3333333333333333,,,0.0,,,0.0,,,0.0,0.05797119836837161,0.1531189425318935,2.0,2.0,1066.0,1066.0,1.0271546589067888,0.0,2.2195753321424124e-05,6.802714408964379e+24,147404.4337945153,23,2025-07-04 00:00:00+00:00,1,4.854155092592593
1751673600000,5,0.7312302855538898,23.349656093690914,42365.9311939737,1.4371645122013321,2.0,0.4,0.26060746778892835,3.0,0.6,,,0.0,,,0.0,,,0.0,2.8860039763606338,-1.4488394641593016,2.0,2.0,817.5,817.5,0.900490456670791,0.5,1.9121956718048895e-05,7.05299626288283e+24,182080.25345843504,0,2025-07-05 00:00:00+00:00,1,4.89582175925926
1751677200000,2,0.05388181249899471,2.352391086427099,4770.980622624325,0.01907570371384882,1.0,0.5,0.0886879212841406,1.0,0.5,,,0.0,,,0.0,,,0.0,0.01907570371384882,0.0,1.0,1.0,527.0,527.0,0.7259476565152615,1.0,2.03975528675139e-05,8.225009141157332e+24,225570.52043253378,1,2025-07-05 00:00:00+00:00,1,4.937488425925926
1751680800000,17,0.12293847591621328,17.480199625424728,34386.03156269535,0.07588276011466932,4.0,0.23529411764705882,0.18095212571487462,9.0,0.5294117647058824,0.03946347967076925,4.0,0.23529411764705882,,,0.0,,,0.0,0.03761723127577044,0.03826552883889889,4.0,4.0,2241.5,1728.5,1.4423204776110352,0.0,2.8014602720263892e-05,7.51110229903735e+24,581965.5538391902,2,2025-07-05 00:00:00+00:00,1,4.979155092592593
1751684400000,4,0.24976179815450628,8.55911222011164,16957.744884666958,0.06757547494074412,1.0,0.25,0.3104905725590937,3.0,0.75,,,0.0,,,0.0,,,0.0,0.06757547494074412,0.0,1.0,1.0,893.0,893.0,0.944986772394196,0.0,1.8263723632752174e-05,8.065645091924209e+24,231441.29527192653,3,2025-07-05 00:00:00+00:00,1,5.02082175925926
1751688000000,21,0.06602030274992995,20.268802836934984,41072.07710497119,0.10352155020123342,7.0,0.3333333333333333,0.04649977665177613,13.0,0.6190476190476191,0.05727840986680544,1.0,0.047619047619047616,,,0.0,,,0.0,0.12531957309397018,-0.02179802289273677,7.0,7.0,812.2857142857143,593.0,0.8108319676909017,0.5714285714285714,2.397056233163627e-05,7.893194374261636e+24,345131.67815396516,4,2025-07-05 00:00:00+00:00,1,5.062488425925926
1751691600000,9,0.27134571391418827,21.124508770362205,41967.98598176527,0.2439025910617775,5.0,0.5555555555555556,0.30564961747970176,4.0,0.4444444444444444,,,0.0,,,0.0,,,0.0,0.09137104764456605,0.15253154341721142,5.0,5.0,1387.4,976.0,1.123132182086928,0.4,3.533701843396134e-05,8.154541858858471e+24,294331.99330564745,5,2025-07-05 00:00:00+00:00,1,5.104155092592593
1751695200000,14,0.09572240599300195,13.423218958750297,26784.546091041248,0.07805785044723723,1.0,0.07142857142857142,0.10664460374217594,11.0,0.7857142857142857,0.04448259614542749,2.0,0.14285714285714285,,,0.0,,,0.0,0.07805785044723723,0.0,1.0,1.0,579.0,579.0,0.7609204951898719,1.0,2.484977858670656e-05,8.086250129710464e+24,395976.70908996573,6,2025-07-05 00:00:00+00:00,1,5.14582175925926
1751698800000,12,0.04271647346390025,8.083009478365048,16284.934987277293,0.0406190379663021,3.0,0.25,0.03507666771948089,6.0,0.5,0.09013729782292745,2.0,0.16666666666666666,5.965705156436851e-06,1.0,0.08333333333333333,,,0.0,0.0406190379663021,0.0,3.0,3.0,2550.0,2601.0,1.5508569810687904,0.0,2.61923513174175e-05,8.357042397771854e+24,342018.00094176235,7,2025-07-05 00:00:00+00:00,1,5.187488425925926
1751702400000,14,0.3055903315953254,25.829845477358923,49127.38945327756,0.3677640671616621,5.0,0.35714285714285715,0.3144839907519613,5.0,0.35714285714285715,0.21675608819160963,4.0,0.2857142857142857,,,0.0,,,0.0,0.1843511802158736,0.1834128869457885,5.0,5.0,888.2,793.0,0.8864602256937243,0.4,2.6778360758892594e-05,7.929451495538649e+24,351981.295652956,8,2025-07-05 00:00:00+00:00,1,5.229155092592593
1751706000000,19,0.086092055222094,19.742875828437185,39953.21112300316,0.1420288094883303,7.0,0.3684210526315789,0.07013099125856263,9.0,0.47368421052631576,0.003456153824803361,3.0,0.15789473684210525,,,0.0,,,0.0,0.12021347594601309,0.021815333542317208,7.0,7.0,854.8571428571429,993.0,0.8997021422918111,0.42857142857142855,2.8275850940975387e-05,7.900126756142638e+24,511593.48333337717,9,2025-07-05 00:00:00+00:00,1,5.27082175925926
1751709600000,2,0.3677402394303185,4.944649630251577,9361.075428222483,,,0.0,0.006499551869492033,1.0,0.5,0.728980926991145,1.0,0.5,,,0.0,,,0.0,,,,,,,,,1.505508545461735e-05,7.96134168076191e+24,118033.56400626585,10,2025-07-05 00:00:00+00:00,1,5.312488425925926
1751716800000,17,0.1499462721562974,20.8774477354454,40648.52338027613,0.11569208054368774,4.0,0.23529411764705882,0.1631171403007405,11.0,0.6470588235294118,0.14601488058707968,2.0,0.11764705882352941,,,0.0,,,0.0,0.11569208054368774,0.0,4.0,4.0,858.5,561.0,0.8501728004625766,0.75,2.5176213706129864e-05,8.095099030027701e+24,267717.0770497976,12,2025-07-05 00:00:00+00:00,1,5.39582175925926
1751720400000,7,0.0793142286436371,4.467673031084049,8908.96179901137,0.2017492974987255,1.0,0.14285714285714285,0.0589083838344557,6.0,0.8571428571428571,,,0.0,,,0.0,,,0.0,0.2017492974987255,0.0,1.0,1.0,597.0,597.0,0.7726577508832743,1.0,2.0450770684854455e-05,7.44685926501402e+24,212621.4792644541,13,2025-07-05 00:00:00+00:00,1,5.437488425925926
1751724000000,13,0.18708953632203312,19.495915131824535,38812.576574440995,0.21112797504425743,7.0,0.5384615384615384,0.06581395302418958,5.0,0.38461538461538464,0.6251983817556804,1.0,0.07692307692307693,,,0.0,,,0.0,0.1893167918697674,0.021811183174490014,7.0,7.0,462.2857142857143,468.0,0.6439376777756004,1.0,2.1688306273489097e-05,7.078321573297444e+24,237871.7602846156,14,2025-07-05 00:00:00+00:00,1,5.479155092592593
1751727600000,8,0.10205538633193278,8.476787595050762,17193.78529445668,0.15160180780904742,3.0,0.375,0.05120797537478283,4.0,0.5,0.1568057657291887,1.0,0.125,,,0.0,,,0.0,0.10064264374869096,0.050959164060356464,3.0,3.0,1139.6666666666667,1286.0,0.926913276431776,0.3333333333333333,1.852251592952654e-05,7.206163320677203e+24,129419.06167383622,15,2025-07-05 00:00:00+00:00,1,5.52082175925926
1751731200000,11,0.15580335366260337,12.63481605795814,25245.805339524046,0.09830476875416927,4.0,0.36363636363636365,0.060684468726946515,3.0,0.2727272727272727,0.28464110227278006,4.0,0.36363636363636365,,,0.0,,,0.0,0.13662482850396607,-0.0383200597497968,4.0,4.0,1907.75,671.5,1.1348560508790946,0.75,2.529468918472625e-05,6.511099231038621e+24,368475.3286480948,16,2025-07-05 00:00:00+00:00,1,5.562488425925926
1751734800000,23,0.17324346125275938,25.641448401397312,50520.852113695364,0.16277820064708098,7.0,0.30434782608695654,0.17018108683681132,12.0,0.5217391304347826,0.20074479056054073,4.0,0.17391304347826086,,,0.0,,,0.0,0.1191015601840091,0.043676640463071896,7.0,7.0,622.2857142857143,493.0,0.7491498635599128,0.7142857142857143,3.5349076241707456e-05,6.27708649717731e+24,465864.06288027286,17,2025-07-05 00:00:00+00:00,1,5.604155092592593
1751738400000,7,0.20016049991538803,11.876996253052472,23494.349475624724,0.32710228438926225,1.0,0.14285714285714285,0.061288909334660135,5.0,0.7142857142857143,0.7675766683451534,1.0,0.14285714285714285,,,0.0,,,0.0,0.1737639379956234,0.15333834639363886,1.0,1.0,987.0,987.0,0.9934787365615834,0.0,3.1728426355262346e-05,6.859640153023355e+24,173158.96268952495,18,2025-07-05 00:00:00+00:00,1,5.64582175925926
1751742000000,19,0.18719930890768785,23.69242708132845,46026.90942897031,0.27899767916993756,9.0,0.47368421052631576,0.06715859663759653,7.0,0.3684210526315789,0.26948236315993845,2.0,0.10526315789473684,0.03673285393357862,1.0,0.05263157894736842,,,0.0,0.14267552775800782,0.13632215141192974,9.0,9.0,1684.3333333333333,942.0,1.1288386724362431,0.4444444444444444,1.825366095618158e-05,6.819869791775285e+24,281283.7250304311,19,2025-07-05 00:00:00+00:00,1,5.687488425925926
1751745600000,9,0.09823710675131685,9.743434811841057,19616.077960719667,0.09133293087438143,4.0,0.4444444444444444,0.0925704049095687,4.0,0.4444444444444444,0.14852061762605107,1.0,0.1111111111111111,,,0.0,,,0.0,0.12951262578831269,-0.03817969491393125,4.0,4.0,2733.5,1507.0,1.477785203084617,0.25,1.348572360558996e-05,7.421208962390272e+24,120476.90845702152,20,2025-07-05 00:00:00+00:00,1,5.729155092592593
1751749200000,7,0.28837538280162756,13.087339719123776,24551.95484361664,0.49647848836857605,3.0,0.42857142857142855,0.22161575552182444,2.0,0.2857142857142857,0.04298035173100779,2.0,0.2857142857142857,,,0.0,,,0.0,0.03880857769127082,0.4576699106773052,3.0,3.0,1779.6666666666667,1069.0,1.0904834427428358,0.3333333333333333,1.988350939509257e-05,7.113198119940813e+24,131319.20711079624,21,2025-07-05 00:00:00+00:00,1,5.77082175925926
1751752800000,2,0.01095301302656438,0.26427084022031555,529.3136380597247,0.015721567017683465,1.0,0.5,0.006184459035445296,1.0,0.5,,,0.0,,,0.0,,,0.0,0.015721567017683465,0.0,1.0,1.0,409.0,409.0,0.6395310782127792,1.0,1.7901907221601866e-05,7.26646495464066e+24,91457.69427811308,22,2025-07-05 00:00:00+00:00,1,5.812488425925926
1751756400000,3,0.06145018251857859,1.3259450479314696,2639.3384560836357,0.048286813630342595,2.0,0.6666666666666666,0.08777692029505058,1.0,0.3333333333333333,,,0.0,,,0.0,,,0.0,0.048286813630342595,0.0,2.0,2.0,602.5,602.5,0.7284642153985512,0.5,1.441710762436736e-05,8.011306407873466e+24,88866.77347802362,23,2025-07-05 00:00:00+00:00,1,5.854155092592593
1751760000000,3,0.17209973663779177,5.718152167206611,11414.042068619352,0.10423109147062337,1.0,0.3333333333333333,0.20603405922137596,2.0,0.6666666666666666,,,0.0,,,0.0,,,0.0,0.10423109147062337,0.0,1.0,1.0,843.0,843.0,0.9181503144910423,0.0,2.452809111093609e-05,8.011557823028551e+24,70822.11804193488,0,2025-07-06 00:00:00+00:00,1,5.89582175925926
1751763600000,4,0.0502315479206138,5.037179704458261,10477.496676755905,,,0.0,0.0502315479206138,4.0,1.0,,,0.0,,,0.0,,,0.0,,,,,,,,,1.9747942588616276e-05,7.807550551441809e+24,120313.60146186364,1,2025-07-06 00:00:00+00:00,1,5.937488425925926
1751767200000,2,0.02897939891999702,0.796497715317686,1598.7492197044755,0.05406605221025974,1.0,0.5,0.0038927456297343024,1.0,0.5,,,0.0,,,0.0,,,0.0,0.05406605221025974,0.0,1.0,1.0,956.0,956.0,0.9777525249264253,0.0,1.7040258807530978e-05,8.467865351193552e+24,162835.8768918221,2,2025-07-06 00:00:00+00:00,1,5.979155092592593
1751770800000,1,0.22976278309661413,1.288444916904307,2520.5180488558976,,,0.0,0.22976278309661413,1.0,1.0,,,0.0,,,0.0,,,0.0,,,,,,,,,1.528698817309203e-05,8.541082099141771e+24,92618.53293746902,3,2025-07-06 00:00:00+00:00,1,6.02082175925926
1751774400000,13,0.05230747106451155,11.652629471829902,23614.742316892985,0.1629716836631977,3.0,0.23076923076923078,0.014117742914436689,8.0,0.6153846153846154,0.03907006476678177,2.0,0.15384615384615385,,,0.0,,,0.0,0.11200440422558215,0.05096727943761555,3.0,3.0,1560.0,1729.0,1.2264685162524207,0.0,2.0828121236665426e-05,8.132300323514067e+24,330735.1318885889,4,2025-07-06 00:00:00+00:00,1,6.062488425925926
1751778000000,1,0.0047775374872926005,0.12260190039815982,245.67763255781617,,,0.0,0.0047775374872926005,1.0,1.0,,,0.0,,,0.0,,,0.0,,,,,,,,,1.4236614644515584e-05,8.06057542986697e+24,87627.24988265964,5,2025-07-06 00:00:00+00:00,1,6.104155092592593
1751781600000,11,0.1581076447858687,17.97218028092922,36156.54114728084,0.08075644191530162,5.0,0.45454545454545453,0.23804887957091117,5.0,0.45454545454545453,0.1451574852134917,1.0,0.09090909090909091,,,0.0,,,0.0,0.05021563769192372,0.030540804223377904,5.0,5.0,910.2,452.0,0.8290715003244682,0.6,2.9570305526454105e-05,8.187215092139157e+24,432445.1350652132,6,2025-07-06 00:00:00+00:00,1,6.14582175925926
1751785200000,2,0.0026033633954191185,3.2656380123513538,6851.228929480145,,,0.0,0.0026033633954191185,2.0,1.0,,,0.0,,,0.0,,,0.0,,,,,,,,,1.8792038758447158e-05,8.381818110292933e+24,157251.4838828782,7,2025-07-06 00:00:00+00:00,1,6.187488425925926
1751788800000,13,0.3541404263786233,27.31739899943496,48930.44402238296,0.6683745909236194,3.0,0.23076923076923078,0.020444248020458133,7.0,0.5384615384615384,0.8185306780026794,3.0,0.23076923076923078,,,0.0,,,0.0,0.20944291172886753,0.45893167919475175,3.0,3.0,891.0,724.0,0.9297554281851728,0.6666666666666666,2.461127651033558e-05,6.953973470117141e+24,319872.6431023142,8,2025-07-06 00:00:00+00:00,1,6.229155092592593
1751792400000,4,0.3170455390866288,9.301485883495769,18359.007016209795,0.23614446319986537,2.0,0.5,,,0.0,0.39794661497339223,2.0,0.5,,,0.0,,,0.0,0.15967174720133304,0.07647271599853234,2.0,2.0,563.0,563.0,0.7485220849545648,1.0,2.601057314762468e-05,7.215953622427614e+24,128812.63988177462,9,2025-07-06 00:00:00+00:00,1,6.27082175925926
1751796000000,5,0.13092793965697058,4.28528384993325,8334.207516321498,0.5683855780819246,1.0,0.2,0.020738904386220027,3.0,0.6,0.024037407044268273,1.0,0.2,,,0.0,,,0.0,0.11056943499066374,0.45781614309126084,1.0,1.0,1243.0,1243.0,1.1148990985734988,0.0,1.9265109394746404e-05,6.980912956923156e+24,213232.02836488016,10,2025-07-06 00:00:00+00:00,1,6.312488425925926
1751799600000,6,0.12462521596164962,5.062040750003254,9771.614950239273,0.33421982090609414,2.0,0.3333333333333333,0.01982791348942737,4.0,0.6666666666666666,,,0.0,,,0.0,,,0.0,0.2579574724126442,0.07626234849344993,2.0,2.0,496.5,496.5,0.5850531827715694,0.5,1.7152794731610373e-05,7.175973295471093e+24,247056.7840956126,11,2025-07-06 00:00:00+00:00,1,6.354155092592593
1751803200000,4,0.8036231749652999,22.812552550046398,41024.23710109916,0.1641785569794817,2.0,0.5,0.6789882995544881,1.0,0.25,2.207147286347748,1.0,0.25,,,0.0,,,0.0,0.08808323613441071,0.07609532084507098,2.0,2.0,5673.0,5673.0,2.1108296920305922,0.0,2.657823388405319e-05,7.176930746110188e+24,251850.9309840481,12,2025-07-06 00:00:00+00:00,1,6.39582175925926
1751806800000,39,0.21015705560896764,70.7769563998086,145552.1321258007,0.1738987329805196,16.0,0.41025641025641024,0.24510690225051718,13.0,0.3333333333333333,0.22273557118047008,10.0,0.2564102564102564,,,0.0,,,0.0,0.15494792743050034,0.018950805550019267,16.0,16.0,662.875,562.0,0.7787821462478767,0.625,5.547046149000157e-05,5.976586017149862e+24,1004628.5837222514,13,2025-07-06 00:00:00+00:00,1,6.437488425925926
1751810400000,45,0.22974396578068645,74.04178680868071,147852.70119205714,0.308667852264828,18.0,0.4,0.11374598856908608,19.0,0.4222222222222222,0.3276604170689189,8.0,0.17777777777777778,,,0.0,,,0.0,0.1742279083388797,0.1344399439259483,18.0,18.0,613.4444444444445,495.0,0.7122558425204804,0.6111111111111112,6.140349452786395e-05,5.797491729781602e+24,826103.3455784004,14,2025-07-06 00:00:00+00:00,1,6.479155092592593
1751814000000,17,0.39535372549732367,33.426116221390714,62071.93797498859,0.39346476695568006,4.0,0.23529411764705882,0.4986328040128595,10.0,0.5882352941176471,0.053608741834395825,3.0,0.17647058823529413,,,0.0,,,0.0,0.35567983305562645,0.03778493390005358,4.0,4.0,370.25,287.0,0.5885508320193089,1.0,5.129287083023091e-05,5.643184905973241e+24,634501.6650949513,15,2025-07-06 00:00:00+00:00,1,6.52082175925926
1751817600000,10,0.11139108562441702,6.95279740540465,13819.23254003794,0.18833897010351197,3.0,0.3,0.07841342084766204,7.0,0.7,,,0.0,,,0.0,,,0.0,0.13800661401904898,0.050332356084462994,3.0,3.0,637.0,445.0,0.7786306154393087,0.6666666666666666,3.118541862077108e-05,5.868828277568622e+24,289987.95281826233,16,2025-07-06 00:00:00+00:00,1,6.562488425925926
1751821200000,14,0.156909924517767,13.022543453502713,24652.544957301885,0.06947890354362633,3.0,0.21428571428571427,0.23494521090087087,8.0,0.5714285714285714,0.0022823282158678307,2.0,0.14285714285714285,0.10417588897915653,1.0,0.07142857142857142,,,0.0,0.06947890354362633,0.0,3.0,3.0,1280.6666666666667,736.0,0.9487897968194999,0.6666666666666666,2.5649503197320344e-05,6.008302823553236e+24,314866.2055673595,17,2025-07-06 00:00:00+00:00,1,6.604155092592593
1751824800000,27,0.2514108793414818,39.685852508833065,76677.3124017891,0.24715073734551193,14.0,0.5185185185185185,0.29723443781482384,10.0,0.37037037037037035,0.118546347078201,3.0,0.1111111111111111,,,0.0,,,0.0,0.20401488468531184,0.043135852660200084,14.0,14.0,1451.9285714285713,652.5,1.078410178035407,0.5,4.318307763306022e-05,6.104580264565355e+24,449438.77801858605,18,2025-07-06 00:00:00+00:00,1,6.64582175925926
1751828400000,31,0.12730525875336765,32.08137179793199,64092.53168210965,0.2011637181631913,13.0,0.41935483870967744,0.05519588523637079,13.0,0.41935483870967744,0.1197723952953188,4.0,0.12903225806451613,0.13469859597881484,1.0,0.03225806451612903,,,0.0,0.15478496951557655,0.04637874864761475,13.0,13.0,1439.1538461538462,743.0,1.05467053704051,0.5384615384615384,2.7730326176086263e-05,6.790715214716273e+24,520438.4198986071,19,2025-07-06 00:00:00+00:00,1,6.687488425925926
1751832000000,15,0.3040554285694873,33.89891295069321,65947.59571830467,0.48320075031043824,7.0,0.4666666666666667,0.1629677881320778,2.0,0.13333333333333333,0.14208176668418104,6.0,0.4,,,0.0,,,0.0,0.4832263883437219,-2.56380332836719e-05,7.0,7.0,1419.0,1053.0,1.035252119492002,0.42857142857142855,3.4248373942686e-05,7.772299023183588e+24,413896.3762604798,20,2025-07-06 00:00:00+00:00,1,6.729155092592593
1751835600000,36,0.33232823231067404,104.941564135337,206046.45058704139,0.33903350991151954,9.0,0.25,0.3672178919826525,15.0,0.4166666666666667,0.2836871995200669,12.0,0.3333333333333333,,,0.0,,,0.0,0.2049971497820152,0.13403636012950434,9.0,9.0,1208.3333333333333,636.0,0.9771780767208218,0.6666666666666666,6.291289997853733e-05,7.14284772462279e+24,938872.1406823433,21,2025-07-06 00:00:00+00:00,1,6.77082175925926
1751839200000,41,0.14742571766662743,56.028128666741615,112116.59169256203,0.18166094484628903,12.0,0.2926829268292683,0.08960294881788389,22.0,0.5365853658536586,0.3045905757886923,6.0,0.14634146341463414,0.06571475745065658,1.0,0.024390243902439025,,,0.0,0.056220016982637566,0.12544092786365146,12.0,12.0,929.3333333333334,696.0,0.8400200796690392,0.5833333333333334,5.107594437156e-05,7.229895660285897e+24,641368.5988526153,22,2025-07-06 00:00:00+00:00,1,6.812488425925926
1751842800000,20,0.24837041338277457,44.39674183544827,88822.53829856461,0.3322018199643734,6.0,0.3,0.1506401856221683,10.0,0.5,0.3669488729118918,4.0,0.2,,,0.0,,,0.0,0.3322480511167983,-4.6231152424821197e-05,6.0,6.0,749.3333333333334,698.5,0.8511258936896149,0.5,4.2370619794272955e-05,7.872097641847595e+24,487476.76306196937,23,2025-07-06 00:00:00+00:00,1,6.854155092592593
1751846400000,7,0.46738057232471714,24.80301597050065,47116.44855170297,0.4266683261701883,3.0,0.42857142857142855,0.06758621430902767,1.0,0.14285714285714285,0.6413576044844759,3.0,0.42857142857142855,,,0.0,,,0.0,0.07408069344424568,0.3525876327259425,3.0,3.0,2676.0,2579.0,1.5435049770747273,0.3333333333333333,2.7762814567957634e-05,7.573819272852705e+24,297393.16667195957,0,2025-07-07 00:00:00+00:00,1,6.89582175925926
1751850000000,21,0.2369762391586098,31.897008149234626,62646.59393037059,0.3571278017213359,6.0,0.2857142857142857,0.17142497419853509,10.0,0.47619047619047616,0.22389689400348792,5.0,0.23809523809523808,,,0.0,,,0.0,0.23111944987904762,0.1260083518422883,6.0,6.0,1132.5,923.0,1.0270632634850154,0.3333333333333333,3.2923387857387385e-05,6.768409985134256e+24,360536.89902685,1,2025-07-07 00:00:00+00:00,1,6.937488425925926
1751853600000,16,0.3426015542319682,38.78816217088831,72114.14265846548,0.3490622970514544,4.0,0.25,0.3901012263124492,9.0,0.5625,0.1914882142312101,3.0,0.1875,,,0.0,,,0.0,0.12268145325511781,0.22638084379633663,4.0,4.0,1227.25,1000.5,1.0743464831521432,0.5,3.191628985286579e-05,8.035827598795766e+24,590773.2195926403,2,2025-07-07 00:00:00+00:00,1,6.979155092592593
1751857200000,21,0.10119362317447875,22.595941868147644,45235.88220947957,0.09637727505429783,5.0,0.23809523809523808,0.07352376057963854,11.0,0.5238095238095238,0.1668836690033081,5.0,0.23809523809523808,,,0.0,,,0.0,0.09637727505429783,0.0,5.0,5.0,898.4,722.0,0.9116474264120236,0.6,2.8735712638669076e-05,7.814962503049627e+24,718228.5992293924,3,2025-07-07 00:00:00+00:00,1,7.02082175925926
1751860800000,2,0.21387855026644853,2.67979808689463,5166.7166388099195,0.21387855026644853,2.0,1.0,,,0.0,,,0.0,,,0.0,,,0.0,0.21387855026644853,0.0,2.0,2.0,1083.5,1083.5,1.0080032572892226,0.5,1.6023895101091983e-05,8.387218240241069e+24,102149.42738641366,4,2025-07-07 00:00:00+00:00,1,7.062488425925926
1751864400000,2,0.0796583040052522,1.28931197790915,2556.287554384794,,,0.0,0.0796583040052522,2.0,1.0,,,0.0,,,0.0,,,0.0,,,,,,,,,1.614078479181389e-05,8.810552375189898e+24,201263.0139108994,5,2025-07-07 00:00:00+00:00,1,7.104155092592593
1751868000000,4,0.052627472134085695,3.4088376837216448,6936.498324068484,,,0.0,0.1490868039172354,1.0,0.25,0.02047436153970247,3.0,0.75,,,0.0,,,0.0,,,,,,,,,1.8413677043631965e-05,8.933647551417724e+24,238526.45202145388,6,2025-07-07 00:00:00+00:00,1,7.14582175925926
1751871600000,8,0.25315845893145605,21.172975177813022,42810.393825236686,0.2021896351366336,5.0,0.625,0.0007371496307849792,1.0,0.125,0.5067911730688478,2.0,0.25,,,0.0,,,0.0,0.17192156553614157,0.030268069600491998,5.0,5.0,1206.6,886.0,1.0430049437511957,0.4,2.6563182032695266e-05,8.834134776136618e+24,332514.5270999573,7,2025-07-07 00:00:00+00:00,1,7.187488425925926
1751875200000,11,0.07777046838494854,8.84467031686307,17521.47129149187,0.03468880898176122,3.0,0.2727272727272727,0.01885430719717352,5.0,0.45454545454545453,0.21904572976776085,3.0,0.2727272727272727,,,0.0,,,0.0,0.03468880898176122,0.0,3.0,3.0,909.3333333333334,884.0,0.9420225327580863,0.3333333333333333,2.7710579101106292e-05,8.756455272886598e+24,275027.3987773257,8,2025-07-07 00:00:00+00:00,1,7.229155092592593
1751878800000,3,0.10211785162898805,4.657404980366545,9409.162135484383,,,0.0,0.10211785162898805,3.0,1.0,,,0.0,,,0.0,,,0.0,,,,,,,,,1.673643185428581e-05,8.187918165797861e+24,221217.580767716,9,2025-07-07 00:00:00+00:00,1,7.27082175925926
1751882400000,6,0.6773480195406364,28.82904729342372,51828.12293044432,0.7816204494831601,1.0,0.16666666666666666,0.8202840650356524,4.0,0.6666666666666666,0.0013314076180480708,1.0,0.16666666666666666,,,0.0,,,0.0,0.9325449191227618,-0.1509244696396017,1.0,1.0,529.0,529.0,0.7273238618387272,1.0,2.6902236481038993e-05,8.858722876766139e+24,587231.4065887639,10,2025-07-07 00:00:00+00:00,1,7.312488425925926
1751886000000,5,0.20703986089099394,8.28396209966583,16177.054298764264,0.0627060323871208,1.0,0.2,0.3159083326104194,3.0,0.6,0.024768274236590566,1.0,0.2,,,0.0,,,0.0,0.0627060323871208,0.0,1.0,1.0,1443.0,1443.0,1.20124934963562,0.0,2.1708418112958345e-05,8.978490985593719e+24,395260.8719027649,11,2025-07-07 00:00:00+00:00,1,7.354155092592593
1751889600000,13,0.06633126788652138,14.535063933407375,29475.149475110793,0.12679713042289234,3.0,0.23076923076923078,0.05401887862263096,6.0,0.46153846153846156,0.0523190366965249,3.0,0.23076923076923078,0.0008447094307405603,1.0,0.07692307692307693,,,0.0,0.1771544763867804,-0.050357345963888044,3.0,3.0,765.3333333333334,556.0,0.8543840338703861,0.6666666666666666,2.375791457638327e-05,9.054240343422548e+24,486477.78159603185,12,2025-07-07 00:00:00+00:00,1,7.39582175925926
1751893200000,27,0.17519937332100022,41.951076666513714,82161.28602437238,0.22778173462301587,6.0,0.2222222222222222,0.18600461397665194,13.0,0.48148148148148145,0.11820408627905443,8.0,0.2962962962962963,,,0.0,,,0.0,0.12684177174519776,0.1009399628778181,6.0,6.0,778.1666666666666,890.0,0.8662182960199288,0.3333333333333333,3.609041090546968e-05,8.688455994068945e+24,822577.8588121992,13,2025-07-07 00:00:00+00:00,1,7.437488425925926
1751896800000,40,0.2617903871603754,80.51578113632476,156969.57854517375,0.28465430739277753,10.0,0.25,0.13805345252872947,13.0,0.325,0.36075328896087877,16.0,0.4,0.05832490623969722,1.0,0.025,,,0.0,0.19370825790343982,0.09094604948933771,10.0,10.0,729.9,531.5,0.8076896047817745,0.6,5.0183424116638636e-05,7.816747345162247e+24,951189.0034971896,14,2025-07-07 00:00:00+00:00,1,7.479155092592593
1751900400000,26,0.21272252109316295,58.02128342556038,114859.50083981294,0.17565858076203647,11.0,0.4230769230769231,0.22000965625888738,12.0,0.46153846153846156,0.3194750949777287,3.0,0.11538461538461539,,,0.0,,,0.0,0.17565858076203647,0.0,11.0,11.0,1026.6363636363637,521.0,0.8604355265445501,0.7272727272727273,3.722199971656083e-05,8.415440984676237e+24,704666.7966342574,15,2025-07-07 00:00:00+00:00,1,7.52082175925926
1751904000000,61,0.28967362497324906,125.93287158753974,241311.2196548705,0.4949328490570362,18.0,0.29508196721311475,0.15642312821275506,28.0,0.45901639344262296,0.29209681669229315,15.0,0.2459016393442623,,,0.0,,,0.0,0.16615548218807893,0.3287773668689573,18.0,18.0,886.6666666666666,732.0,0.8973695845686908,0.5555555555555556,6.08589293348217e-05,6.136610964062109e+24,1491752.9569168354,16,2025-07-07 00:00:00+00:00,1,7.562488425925926
1751907600000,32,0.2871847144400282,73.07337949788091,143274.77184071357,0.23593811772014278,17.0,0.53125,0.1960255205923029,12.0,0.375,0.9422188712436134,3.0,0.09375,,,0.0,,,0.0,0.14662932890492666,0.08930878881521612,17.0,17.0,727.7058823529412,692.0,0.7923111631472659,0.5882352941176471,4.075596476188051e-05,6.725760038076879e+24,555280.475003327,17,2025-07-07 00:00:00+00:00,1,7.604155092592593
1751911200000,21,0.14848996234149686,28.02119443559367,56436.50206787097,0.14000863084100118,9.0,0.42857142857142855,0.1858574272134471,8.0,0.38095238095238093,0.0928380284737117,4.0,0.19047619047619047,,,0.0,,,0.0,0.156832512447609,-0.016823881606607846,9.0,9.0,532.0,647.0,0.7040032096792602,0.8888888888888888,4.686112863487319e-05,7.292860697033753e+24,627758.0271177543,18,2025-07-07 00:00:00+00:00,1,7.64582175925926
1751914800000,5,0.2093897099538821,10.022612079664523,20975.82670581385,0.12353356902028867,1.0,0.2,0.29949261850681796,2.0,0.4,0.16221487186774286,2.0,0.4,,,0.0,,,0.0,0.27464825531787074,-0.15111468629758207,1.0,1.0,437.0,437.0,0.6610597552415364,1.0,3.518645402224119e-05,7.485041229466428e+24,358632.8264549219,19,2025-07-07 00:00:00+00:00,1,7.687488425925926
1751918400000,43,0.17606693433137685,62.154112052307916,121118.26279909821,0.20746450684270157,8.0,0.18604651162790697,0.13883451809364888,25.0,0.5813953488372093,0.24402991691663703,10.0,0.23255813953488372,,,0.0,,,0.0,0.16954133440453145,0.037923172438170116,8.0,8.0,1172.5,662.5,0.9607135747897736,0.75,3.841237736610658e-05,8.202752074381288e+24,723888.3491692204,20,2025-07-07 00:00:00+00:00,1,7.729155092592593
1751922000000,36,0.2555759660056889,61.03522276701452,118346.9530391342,0.3645481214225332,13.0,0.3611111111111111,0.18254548941240073,15.0,0.4166666666666667,0.21699261674303716,7.0,0.19444444444444445,0.20447853932459725,1.0,0.027777777777777776,,,0.0,0.18955540379591923,0.174992717626614,13.0,13.0,1371.2307692307693,777.0,1.0497014388429127,0.38461538461538464,3.04145205277953e-05,8.038605922238406e+24,431802.4498236551,21,2025-07-07 00:00:00+00:00,1,7.77082175925926
1751925600000,4,0.07433519777888964,8.72072446855796,18300.135795467264,0.07111334976939598,2.0,0.5,0.0775570457883833,2.0,0.5,,,0.0,,,0.0,,,0.0,0.07111334976939598,0.0,2.0,2.0,2278.0,2278.0,1.4527699062828308,0.0,2.617338021329232e-05,8.76443924413962e+24,165910.73631219374,22,2025-07-07 00:00:00+00:00,1,7.812488425925926
1751929200000,9,0.4648461959294624,29.00258860858995,55713.132243456625,0.5454629217521755,1.0,0.1111111111111111,0.4098248074503362,5.0,0.5555555555555556,0.529676268120435,3.0,0.3333333333333333,,,0.0,,,0.0,0.09174699034442557,0.4537159314077499,1.0,1.0,970.0,970.0,0.9848857801796105,0.0,2.026157023741807e-05,8.638388924604467e+24,156891.9618478753,23,2025-07-07 00:00:00+00:00,1,7.854155092592593
1751932800000,21,0.19821882474151623,39.36368464234394,78076.14704353228,0.20203822521436698,6.0,0.2857142857142857,0.19819758698101453,11.0,0.5238095238095238,0.19254812787361952,4.0,0.19047619047619047,,,0.0,,,0.0,0.050848883605962736,0.15118934160840428,6.0,6.0,709.8333333333334,560.5,0.7155987449164685,0.8333333333333334,3.73859534999995e-05,7.364677638131181e+24,740107.0122490095,0,2025-07-08 00:00:00+00:00,1,7.89582175925926
1751936400000,17,0.22440610943563535,27.120948329547954,52729.157113251196,0.3521002103459891,4.0,0.23529411764705882,0.21592409170813395,11.0,0.6470588235294118,0.015669005116185526,2.0,0.11764705882352941,,,0.0,,,0.0,0.3521002103459891,0.0,4.0,4.0,686.25,397.5,0.704756415391834,0.75,3.457847815252914e-05,6.983636878968116e+24,625455.2748038978,1,2025-07-08 00:00:00+00:00,1,7.937488425925926
1751940000000,22,0.38953543861065865,65.85559055980012,129876.00551720744,0.31820277096316607,11.0,0.5,0.373125691678221,8.0,0.36363636363636365,0.6948478784712986,3.0,0.13636363636363635,,,0.0,,,0.0,0.16619158971720605,0.15201118124596003,11.0,11.0,602.2727272727273,711.0,0.749444205229689,0.7272727272727273,5.10245502786072e-05,6.176888805426767e+24,811183.5416481358,2,2025-07-08 00:00:00+00:00,1,7.979155092592593
1751943600000,5,0.42488827596132583,15.487882396840522,29794.94831318949,0.40404931023585877,2.0,0.4,0.43878091977830397,3.0,0.6,,,0.0,,,0.0,,,0.0,0.176609980447333,0.22743932978852577,2.0,2.0,677.5,677.5,0.8073865115515582,0.5,2.0675491715620564e-05,7.017581846312736e+24,253858.95133480584,3,2025-07-08 00:00:00+00:00,1,8.02082175925926
1751947200000,17,0.2529746294158348,25.68711623292757,48391.635919954184,0.2749272967307041,7.0,0.4117647058823529,0.3385918090350806,7.0,0.4117647058823529,0.0017303949284607281,2.0,0.11764705882352941,0.002474169851778181,1.0,0.058823529411764705,,,0.0,0.16649896120530921,0.10842833552539488,7.0,7.0,898.0,501.0,0.8907793461818088,0.5714285714285714,2.8499661064844273e-05,7.225962552416262e+24,498716.368746235,4,2025-07-08 00:00:00+00:00,1,8.062488425925926
1751950800000,7,0.04743636845780423,11.01641370424559,23698.114673686287,0.1100557647132393,2.0,0.2857142857142857,0.02690544202877277,4.0,0.5714285714285714,0.004321281663059902,1.0,0.14285714285714285,,,0.0,,,0.0,2.387071661995037,-2.2770158972817978,2.0,2.0,356.5,356.5,0.5964920863227332,1.0,2.2760821736390903e-05,9.77329024720297e+24,321853.7422744672,5,2025-07-08 00:00:00+00:00,1,8.104155092592592
1751954400000,10,0.20465924750135303,19.39260270576717,38999.671438891164,0.29131977161045863,5.0,0.5,0.07278462012317177,4.0,0.4,0.2988551364685498,1.0,0.1,,,0.0,,,0.0,0.2004837589030294,0.09083601270742925,5.0,5.0,523.2,543.0,0.6778473938344554,0.6,2.591690377940968e-05,7.740578389556349e+24,221870.22937188507,6,2025-07-08 00:00:00+00:00,1,8.14582175925926
1751958000000,13,0.08179737226516631,13.25952607374263,27176.92598293606,0.13209612333342935,5.0,0.38461538461538464,0.041567071891184144,6.0,0.46153846153846156,0.07674139571645522,2.0,0.15384615384615385,,,0.0,,,0.0,0.1018165475087417,0.030279575824687655,5.0,5.0,600.0,787.0,0.7432841049901371,0.4,2.1761523875129844e-05,7.297830085274814e+24,230026.8313082929,7,2025-07-08 00:00:00+00:00,1,8.187488425925926
1751961600000,15,0.12118324980570515,17.481743581286636,35102.82193861552,0.11504314437055674,4.0,0.26666666666666666,0.1250370610841921,8.0,0.5333333333333333,0.09217604467093732,2.0,0.13333333333333333,0.17292759158793902,1.0,0.06666666666666667,,,0.0,0.039402599582853866,0.07564054478770288,4.0,4.0,412.25,423.5,0.6249141598981433,1.0,1.8647859051263084e-05,8.001278140926728e+24,576111.3858791365,8,2025-07-08 00:00:00+00:00,1,8.229155092592592
1751965200000,7,0.5458375886626878,25.982030837127287,50015.0010928372,0.8501730996529665,1.0,0.14285714285714285,0.536400862389823,4.0,0.5714285714285714,0.7999357532456662,1.0,0.14285714285714285,0.02515081818089005,1.0,0.14285714285714285,,,0.0,0.09341540996022235,0.7567576896927442,1.0,1.0,1873.0,1873.0,1.3685759021698432,0.0,3.140541596031481e-05,8.000122003845849e+24,419807.39006245066,9,2025-07-08 00:00:00+00:00,1,8.27082175925926
1751968800000,11,0.20841120740558114,34.3319249093358,82549.38472096375,0.11171797581949627,4.0,0.36363636363636365,0.30758244314810657,6.0,0.5454545454545454,0.00015671929476813312,1.0,0.09090909090909091,,,0.0,,,0.0,0.07382830961661246,0.03788966620288381,4.0,4.0,382.75,449.5,0.5968481195769042,1.0,3.8914387420988005e-05,8.75886056613459e+24,714538.2095035225,10,2025-07-08 00:00:00+00:00,1,8.312488425925926
1751972400000,5,0.08540456800199425,7.222088524484715,14512.920653348254,0.018739430115992557,1.0,0.2,0.12740583247905934,3.0,0.6,0.026065912456800684,1.0,0.2,,,0.0,,,0.0,0.018739430115992557,0.0,1.0,1.0,997.0,997.0,0.9984988733093293,0.0,3.024253603530899e-05,8.229763010437434e+24,331216.1148739022,11,2025-07-08 00:00:00+00:00,1,8.354155092592592
1751976000000,17,0.12807024565921926,23.439619851186347,46019.75611668131,0.019173837750301355,1.0,0.058823529411764705,0.08747953786858875,12.0,0.7058823529411765,0.27706647100834025,4.0,0.23529411764705882,,,0.0,,,0.0,0.019173837750301355,0.0,1.0,1.0,73.0,73.0,0.2701851217221259,1.0,2.2980828113133134e-05,8.73511531288164e+24,1042411.18990818,12,2025-07-08 00:00:00+00:00,1,8.39582175925926
1751979600000,13,0.2459131259274815,45.93422643287825,94162.3967629163,0.11463625785505775,3.0,0.23076923076923078,0.39475040299481573,7.0,0.5384615384615384,0.02990301417612536,3.0,0.23076923076923078,,,0.0,,,0.0,0.11463625785505775,0.0,3.0,3.0,368.0,486.0,0.532047411929727,1.0,3.137218148901617e-05,9.181093694395535e+24,557283.5652679364,13,2025-07-08 00:00:00+00:00,1,8.437488425925926
1751983200000,47,0.2398809558921153,103.95734782421644,210666.53203978052,0.2436464351166757,11.0,0.23404255319148937,0.2321614259969728,20.0,0.425531914893617,0.24129399694380388,15.0,0.3191489361702128,0.33165566654947287,1.0,0.02127659574468085,,,0.0,0.10569318834893941,0.1379532467677363,11.0,11.0,786.9090909090909,662.0,0.7956356600028699,0.6363636363636364,4.857390884829707e-05,7.584318879943903e+24,1096344.6070773473,14,2025-07-08 00:00:00+00:00,1,8.479155092592592
1751986800000,22,0.1287580456102235,28.68617865265874,57881.26555315337,0.2533606553813634,6.0,0.2727272727272727,0.08748688378570409,12.0,0.5454545454545454,0.06566761642707186,4.0,0.18181818181818182,,,0.0,,,0.0,0.17754904402978322,0.07581161135158017,6.0,6.0,987.1666666666666,605.0,0.9167799230559059,0.6666666666666666,2.9110269413160957e-05,7.015814068103742e+24,588295.4710926547,15,2025-07-08 00:00:00+00:00,1,8.52082175925926
1751990400000,47,0.15298479930894981,85.98133504479559,183085.77318222544,0.1736010145234741,13.0,0.2765957446808511,0.1473715737144764,25.0,0.5319148936170213,0.15604741767358699,8.0,0.1702127659574468,0.0008036944648725022,1.0,0.02127659574468085,,,0.0,0.10354713006584576,0.07005388445762833,13.0,13.0,837.6923076923077,724.0,0.854920364517973,0.5384615384615384,4.232161146483969e-05,7.120563559999112e+24,700392.0368820325,16,2025-07-08 00:00:00+00:00,1,8.562488425925926
1751994000000,29,0.1907915518820602,59.57771529889254,121650.56828236672,0.2836560555581205,12.0,0.41379310344827586,0.1644336499835475,9.0,0.3103448275862069,0.08114743600379659,8.0,0.27586206896551724,,,0.0,,,0.0,0.27100502680103805,0.012651028757082461,12.0,12.0,673.5,610.0,0.7829128868977611,0.6666666666666666,3.9965762658959465e-05,8.347658869038591e+24,705116.6751402634,17,2025-07-08 00:00:00+00:00,1,8.604155092592592
1751997600000,2,0.04063586881153814,2.934936300431422,6053.410006969396,0.027321211259483287,1.0,0.5,0.053950526363592995,1.0,0.5,,,0.0,,,0.0,,,0.0,0.027321211259483287,0.0,1.0,1.0,583.0,583.0,0.763544366752843,1.0,2.7370598039899585e-05,9.063321878660801e+24,158582.7327721835,18,2025-07-08 00:00:00+00:00,1,8.64582175925926
1752001200000,19,0.158304657793924,36.13553335909078,72801.53905533934,0.14850896393391277,7.0,0.3684210526315789,0.06525965947884893,8.0,0.42105263157894735,0.36153711867909377,4.0,0.21052631578947367,,,0.0,,,0.0,0.25660136178004594,-0.10809239784613313,7.0,7.0,537.8571428571429,543.0,0.7219794452680689,0.8571428571428571,2.8379792877023928e-05,8.706700578488549e+24,329273.5139751832,19,2025-07-08 00:00:00+00:00,1,8.687488425925926
1752004800000,17,0.20714611252509935,32.950781828685706,64364.51888416834,0.33466183869883226,3.0,0.17647058823529413,0.25077003759488725,10.0,0.5882352941176471,0.0024495052203298354,4.0,0.23529411764705882,,,0.0,,,0.0,0.1832020036131816,0.15145983508565072,3.0,3.0,533.0,546.0,0.7258886824497259,1.0,2.587986710674048e-05,8.714561248270631e+24,400446.84149353707,20,2025-07-08 00:00:00+00:00,1,8.729155092592592
1752008400000,15,0.41487874474196507,50.05136516083126,90401.68064506023,0.32311839223880456,7.0,0.4666666666666667,0.5604563980112978,7.0,0.4666666666666667,0.03815763937875961,1.0,0.06666666666666667,,,0.0,,,0.0,0.19321498011720314,0.12990341212160142,7.0,7.0,278.7142857142857,175.0,0.47327316302090955,1.0,3.395970861898072e-05,7.946192224545089e+24,480594.54765366286,21,2025-07-08 00:00:00+00:00,1,8.77082175925926
1752012000000,19,0.10802212588058517,23.145568963397068,45998.395896961076,0.18443337243194383,6.0,0.3157894736842105,0.03352464925459072,11.0,0.5789473684210527,0.28852450766947857,2.0,0.10526315789473684,,,0.0,,,0.0,0.15919624210418395,0.02523713032775987,6.0,6.0,782.0,621.5,0.8164035589192912,0.6666666666666666,2.3561816579821224e-05,9.380647207514242e+24,338021.3098560384,22,2025-07-08 00:00:00+00:00,1,8.812488425925926
1752015600000,12,0.08469805176520173,12.43791164021033,24883.340332442982,0.07600156996557128,5.0,0.4166666666666667,0.09090982447922348,7.0,0.5833333333333334,,,0.0,,,0.0,,,0.0,0.07600156996557128,0.0,5.0,5.0,1580.2,1752.0,1.146932938303151,0.4,1.8374844133651997e-05,9.030458165252242e+24,180176.34963752027,23,2025-07-08 00:00:00+00:00,1,8.854155092592592
1752019200000,9,0.20686151975671377,12.000022515981582,22964.567284540517,0.0836212372512567,2.0,0.2222222222222222,0.018200665059646577,5.0,0.5555555555555556,0.8017539390048388,2.0,0.2222222222222222,,,0.0,,,0.0,0.007846367392487681,0.07577486985876902,2.0,2.0,786.5,786.5,0.8867995557140032,0.0,1.910391661551071e-05,7.987233901744961e+24,247464.52109714266,0,2025-07-09 00:00:00+00:00,1,8.89582175925926
1752022800000,14,0.07921576916290986,22.140736930443094,45975.67980762755,0.07907694428692351,3.0,0.21428571428571427,0.09124460600215054,9.0,0.6428571428571429,0.04628663502204578,1.0,0.07142857142857142,0.004301846378567016,1.0,0.07142857142857142,,,0.0,0.07907694428692351,0.0,3.0,3.0,1931.0,2468.0,1.3130615738741707,0.3333333333333333,2.7548949244569827e-05,1.047362468970623e+25,477183.00367448595,1,2025-07-09 00:00:00+00:00,1,8.937488425925926
1752026400000,9,0.29314892443911833,26.143598852389346,51044.74319452005,0.29068747746830315,5.0,0.5555555555555556,0.0025335115227996877,2.0,0.2222222222222222,0.589917954782475,2.0,0.2222222222222222,,,0.0,,,0.0,0.2604481942903901,0.030239283177913023,5.0,5.0,1516.6,906.0,1.178583421999861,0.2,2.961347978473653e-05,9.193822549439052e+24,514505.3081606093,2,2025-07-09 00:00:00+00:00,1,8.979155092592592
1752030000000,11,0.37444120805141695,35.93266984113834,67339.51950011961,0.2623955595235138,4.0,0.36363636363636365,0.5074305199416251,5.0,0.45454545454545453,0.2660592253817028,2.0,0.18181818181818182,,,0.0,,,0.0,0.2623955595235138,0.0,4.0,4.0,7410.0,4509.5,2.2164939700102266,0.5,2.9511383626204e-05,1.1058453970419593e+25,387288.241945707,3,2025-07-09 00:00:00+00:00,1,9.02082175925926
1752033600000,2,0.067577451352001,3.7079401699405117,7608.690499226777,0.0957035138532446,1.0,0.5,0.03945138885075739,1.0,0.5,,,0.0,,,0.0,,,0.0,0.0957035138532446,0.0,1.0,1.0,816.0,816.0,0.9033271832508971,0.0,1.753557368004767e-05,1.0180794883416168e+25,112865.27899734516,4,2025-07-09 00:00:00+00:00,1,9.062488425925926
1752037200000,16,0.25508383263886814,33.83617646129813,65466.92723555782,0.10879886174397935,5.0,0.3125,0.3886709646872032,8.0,0.5,0.1426597653347893,3.0,0.1875,,,0.0,,,0.0,0.07857794989052802,0.030220911853451327,5.0,5.0,1289.0,1521.0,0.9919646224198783,0.4,3.0051412344735248e-05,6.434169114179204e+24,574080.6472344135,5,2025-07-09 00:00:00+00:00,1,9.104155092592592
1752040800000,15,0.15263476318613306,13.159217594178621,25678.45464234672,0.25387404457252244,6.0,0.4,0.00900960235324996,6.0,0.4,0.3493278081606642,2.0,0.13333333333333333,0.013563949916033276,1.0,0.06666666666666667,,,0.0,0.2288576760967097,0.02501636847581275,6.0,6.0,940.6666666666666,768.5,0.9478300337401899,0.5,2.139551196294113e-05,5.928577913765342e+24,395895.2081546203,6,2025-07-09 00:00:00+00:00,1,9.14582175925926
1752044400000,7,0.04786400516163007,3.3465145218323857,6694.4333956342125,0.14770410130260803,1.0,0.14285714285714285,0.05630333392422423,3.0,0.42857142857142855,0.006144644352043249,3.0,0.42857142857142855,,,0.0,,,0.0,0.14770410130260803,0.0,1.0,1.0,921.0,921.0,0.9596874491208063,0.0,2.0686956242469456e-05,6.469329455698923e+24,263537.1524274282,7,2025-07-09 00:00:00+00:00,1,9.187488425925926
1752048000000,14,0.4444506444240036,33.24285636490726,62163.85398419335,0.7244160414970934,1.0,0.07142857142857142,0.44877525292571224,11.0,0.7857142857142857,0.5297560936695688,1.0,0.07142857142857142,0.03160910458655398,1.0,0.07142857142857142,,,0.0,0.7244160414970934,0.0,1.0,1.0,2890.0,2890.0,1.7,0.0,2.3036862438979154e-05,7.299268577689967e+24,327841.8633275071,8,2025-07-09 00:00:00+00:00,1,9.229155092592592
1752051600000,8,0.29286926086905407,17.155751109596217,31022.528860776092,0.06452845335958457,2.0,0.25,0.430688977337894,5.0,0.625,0.06045229354379334,1.0,0.125,,,0.0,,,0.0,0.06452845335958457,0.0,2.0,2.0,422.5,422.5,0.5391438270538934,0.5,1.8921032248840992e-05,7.325453075448004e+24,320695.46528076945,9,2025-07-09 00:00:00+00:00,1,9.27082175925926
1752055200000,7,0.051098511632228436,4.9325070012635495,10029.541672121704,0.018861392440676535,1.0,0.14285714285714285,0.05957949837165788,5.0,0.7142857142857143,0.040930697126633116,1.0,0.14285714285714285,,,0.0,,,0.0,0.018861392440676535,0.0,1.0,1.0,446.0,446.0,0.66783231428256,1.0,2.6508684632331436e-05,8.659315901262718e+24,770347.0091661989,10,2025-07-09 00:00:00+00:00,1,9.312488425925926
1752058800000,16,0.35237106594095563,50.99272668077266,96234.92983575315,0.5822332918054051,5.0,0.3125,0.03920091603071708,5.0,0.3125,0.42179433597911314,6.0,0.375,,,0.0,,,0.0,0.2497181971018491,0.332515094703556,5.0,5.0,654.4,647.0,0.8029321766620964,0.8,2.3065159055189975e-05,9.28663013393324e+24,893373.9433799355,11,2025-07-09 00:00:00+00:00,1,9.354155092592592
1752062400000,13,0.21113666509873322,30.187053557582573,60073.17309047727,0.22990300822034893,1.0,0.07692307692307693,0.20443993179786615,10.0,0.7692307692307693,0.2352371600422608,2.0,0.15384615384615385,,,0.0,,,0.0,0.07892232728845971,0.1509806809318892,1.0,1.0,1207.0,1207.0,1.0986355173577815,0.0,3.333720213389037e-05,9.832102516130286e+24,3727917.8454519566,12,2025-07-09 00:00:00+00:00,1,9.39582175925926
1752066000000,11,0.08507124584843907,10.502738762755682,20901.43952956157,0.04970621816847032,5.0,0.45454545454545453,0.045241958030096195,3.0,0.2727272727272727,0.18384224646672986,3.0,0.2727272727272727,,,0.0,,,0.0,0.04970621816847032,0.0,5.0,5.0,635.0,483.0,0.7238572027850261,0.8,3.101128371529636e-05,8.556571286477697e+24,739168.0619298568,13,2025-07-09 00:00:00+00:00,1,9.437488425925926
1752069600000,55,0.3043973448503311,177.41056552367894,350912.72554700205,0.23019763678705943,20.0,0.36363636363636365,0.3397325456210785,25.0,0.45454545454545453,0.3644587590500058,10.0,0.18181818181818182,,,0.0,,,0.0,0.11688461357701063,0.11331302321004877,20.0,20.0,636.55,688.5,0.7453451883239739,0.65,5.273053643904432e-05,9.465008993631537e+24,1484075.4172218023,14,2025-07-09 00:00:00+00:00,1,9.479155092592592
1752073200000,9,0.2813513048558894,35.37643830951811,70072.98890258261,0.696817943049437,3.0,0.3333333333333333,0.07992363515563639,2.0,0.2222222222222222,0.07046516106085521,4.0,0.4444444444444444,,,0.0,,,0.0,0.29389644511953533,0.40292149792990156,3.0,3.0,702.6666666666666,934.0,0.6937035920648781,0.3333333333333333,3.2650931921151374e-05,1.029654033961617e+25,494335.9616787923,15,2025-07-09 00:00:00+00:00,1,9.52082175925926
1752076800000,5,0.11577343662739092,6.759814996844156,13510.286836503794,0.35868479771828266,1.0,0.2,0.06191821136647835,3.0,0.6,0.03442775131923693,1.0,0.2,,,0.0,,,0.0,0.057305510103304765,0.3013792876149779,1.0,1.0,566.0,566.0,0.752329714952161,1.0,2.45750863053938e-05,9.812724987561795e+24,258740.01386630035,16,2025-07-09 00:00:00+00:00,1,9.562488425925926
1752080400000,8,0.3340767917747777,25.820002963434483,44356.195455796165,0.01735188797147725,1.0,0.125,0.6399437825732646,4.0,0.5,0.031829105311228775,3.0,0.375,,,0.0,,,0.0,0.01735188797147725,0.0,1.0,1.0,431.0,431.0,0.6565059024867941,1.0,2.4925121511364924e-05,9.755612775686814e+24,325355.63052082574,17,2025-07-09 00:00:00+00:00,1,9.604155092592592
1752084000000,10,0.7441811840801548,50.6856696784788,98223.66684360964,0.8443351078770375,3.0,0.3,0.7300968011204655,5.0,0.5,0.6291612557840541,2.0,0.2,,,0.0,,,0.0,0.14354053573621653,0.7007945721408207,3.0,3.0,943.3333333333334,954.0,0.9663863373396883,0.3333333333333333,4.171792880781268e-05,6.496219283975723e+24,523757.75683623814,18,2025-07-09 00:00:00+00:00,1,9.64582175925926
1752087600000,44,0.3524798531347858,90.36038194713183,178982.3546774177,0.3655102427935252,10.0,0.22727272727272727,0.30220003270964735,22.0,0.5,0.43380086586525696,12.0,0.2727272727272727,,,0.0,,,0.0,0.3058122574974885,0.05969798529603665,10.0,10.0,594.2,477.5,0.7019101553904361,0.8,6.841194807417648e-05,4.6353392007026706e+24,1292120.0772547827,19,2025-07-09 00:00:00+00:00,1,9.687488425925926
1752091200000,117,0.3615627477173183,218.59454203599412,432582.1374951336,0.45679076724207857,53.0,0.452991452991453,0.2985068202543123,51.0,0.4358974358974359,0.2258065022643221,12.0,0.10256410256410256,0.1594049589542833,1.0,0.008547008547008548,,,0.0,0.2593319725791693,0.1974587946629093,53.0,53.0,645.1320754716982,630.0,0.7666617802486204,0.6981132075471698,6.900950103933951e-05,4.490422203545774e+24,1499517.5204058122,20,2025-07-09 00:00:00+00:00,1,9.729155092592592
1752094800000,40,0.41035949792201254,81.6773127618781,155121.89142705256,0.4139009435659745,20.0,0.5,0.48382248369735514,14.0,0.35,0.2723641695344713,5.0,0.125,0.0010254261256824673,1.0,0.025,,,0.0,0.25682196338417274,0.15707898018180178,20.0,20.0,787.75,554.5,0.8000900808200309,0.6,4.7519304098494565e-05,4.6039295992444646e+24,701049.7381938681,21,2025-07-09 00:00:00+00:00,1,9.77082175925926
1752098400000,42,0.19955130737260146,51.58353354149065,102623.09053651182,0.30294924482049834,20.0,0.47619047619047616,0.07614593437171312,17.0,0.40476190476190477,0.2472576700612893,4.0,0.09523809523809523,0.03865844867501512,1.0,0.023809523809523808,,,0.0,0.2207689239621157,0.08218032085838267,20.0,20.0,844.25,808.5,0.8819745541464394,0.5,4.706693189083162e-05,4.7469557579318755e+24,654584.7531989081,22,2025-07-09 00:00:00+00:00,1,9.812488425925926
1752102000000,23,0.10424129485475131,21.326324179490655,43173.182779288734,0.2985540145285743,6.0,0.2608695652173913,0.03566033496987262,17.0,0.7391304347826086,,,0.0,,,0.0,,,0.0,0.14925712659079296,0.14929688793778131,6.0,6.0,412.8333333333333,321.5,0.6183888618597967,0.8333333333333334,3.270766697582084e-05,5.179651053443946e+24,534517.1639330721,23,2025-07-09 00:00:00+00:00,1,9.854155092592592
1752105600000,33,0.1971470133512405,56.44047791780164,112393.3823263479,0.1743425592256641,10.0,0.30303030303030304,0.1444937887903246,16.0,0.48484848484848486,0.35007503252701444,7.0,0.21212121212121213,,,0.0,,,0.0,0.2341004649731903,-0.05975790574752615,10.0,10.0,823.2,523.5,0.8596820996428945,0.6,4.179538281502099e-05,7.042176302694969e+24,919183.611417402,0,2025-07-10 00:00:00+00:00,1,9.89582175925926
1752109200000,12,0.15058586862099366,15.43806255795141,30770.418837058056,0.0032599483973426782,1.0,0.08333333333333333,0.16896913002876485,7.0,0.5833333333333334,0.15524664121330678,4.0,0.3333333333333333,,,0.0,,,0.0,0.0032599483973426782,0.0,1.0,1.0,1412.0,1412.0,1.1882760622010358,0.0,2.945215557098254e-05,7.36758006589635e+24,487836.8178803117,1,2025-07-10 00:00:00+00:00,1,9.937488425925926
1752112800000,10,0.24903950019817148,24.24554878370479,48406.9431358715,0.2287744039332857,6.0,0.6,0.5224786134261404,2.0,0.2,0.03639567576485969,2.0,0.2,,,0.0,,,0.0,0.12938083162180655,0.09939357231147916,6.0,6.0,1929.8333333333333,1327.0,1.2687223538521553,0.3333333333333333,2.9091986151872872e-05,7.533015308211407e+24,603224.2562067364,2,2025-07-10 00:00:00+00:00,1,9.979155092592592
1752116400000,5,0.6795988554985133,19.186894247599753,33752.346808622184,1.5396364605002644,2.0,0.4,0.15923151669595004,2.0,0.4,0.00025832310013729903,1.0,0.2,,,0.0,,,0.0,0.05082861304073638,1.4888078474595279,2.0,2.0,947.5,947.5,0.9571018858280296,0.5,2.016680388241423e-05,7.515377372906277e+24,347049.5584778196,3,2025-07-10 00:00:00+00:00,1,10.02082175925926
1752120000000,13,0.47735073766691516,33.81154334690718,63436.64911567322,0.2923086027797012,3.0,0.23076923076923078,0.2602354620812085,3.0,0.23076923076923078,0.6497039135838811,7.0,0.5384615384615384,,,0.0,,,0.0,0.09422428526991773,0.1980843175097835,3.0,3.0,1084.0,1159.0,1.030330033599195,0.3333333333333333,3.334995425597435e-05,6.878019263517399e+24,479572.3074846455,4,2025-07-10 00:00:00+00:00,1,10.062488425925926
1752123600000,3,0.28847656702876207,7.32227729191793,14782.36097338945,0.3560319473516803,2.0,0.6666666666666666,0.15336580638292563,1.0,0.3333333333333333,,,0.0,,,0.0,,,0.0,0.2075519966360283,0.148479950715652,2.0,2.0,2071.0,2071.0,1.3340606725497117,0.5,2.169902021275341e-05,5.954598860760514e+24,185332.15485568202,5,2025-07-10 00:00:00+00:00,1,10.104155092592592
1752127200000,16,0.610344198578726,77.22386127893844,153513.18934198128,0.18040024568344737,4.0,0.25,0.9415165033796513,8.0,0.5,0.3779435418721543,4.0,0.25,,,0.0,,,0.0,0.14312650649606506,0.037273739187382304,4.0,4.0,664.0,698.0,0.7544337285708638,0.5,3.2568666984623637e-05,7.082941529134739e+24,752474.7856650121,6,2025-07-10 00:00:00+00:00,1,10.14582175925926
1752130800000,12,0.14534100106332296,25.5474025575499,51568.29644802031,0.28326201721135413,4.0,0.3333333333333333,0.08694163715763169,7.0,0.5833333333333334,0.0024524838110372496,1.0,0.08333333333333333,,,0.0,,,0.0,0.09730382003858995,0.18595819717276418,4.0,4.0,789.5,753.0,0.8759715596560427,0.5,4.029673085191597e-05,8.522630604098494e+24,656007.7153862469,7,2025-07-10 00:00:00+00:00,1,10.187488425925926
1752134400000,25,0.23121836312503408,48.33832687811124,95538.25425718763,0.25278451524346923,10.0,0.4,0.07199825162019102,10.0,0.4,0.5065262818978499,5.0,0.2,,,0.0,,,0.0,0.0894494625478569,0.16333505269561233,10.0,10.0,642.0,665.0,0.7659830187812922,0.7,4.4328361317558175e-05,7.508861563235743e+24,747020.031498429,8,2025-07-10 00:00:00+00:00,1,10.229155092592592
1752138000000,7,0.67778631525668,35.95246937821819,61217.183243317966,0.8175316710257219,2.0,0.2857142857142857,0.05523079050718127,3.0,0.42857142857142855,1.4718742466118862,2.0,0.2857142857142857,,,0.0,,,0.0,0.7432614434138607,0.0742702276118612,2.0,2.0,689.5,689.5,0.8071852198429111,0.5,4.9048437651838085e-05,9.601030258800354e+24,567051.6795156109,9,2025-07-10 00:00:00+00:00,1,10.27082175925926
1752141600000,7,0.05983168648662017,13.860901357044908,29730.39621660646,0.13883299182948938,2.0,0.2857142857142857,0.02823116434947249,5.0,0.7142857142857143,,,0.0,,,0.0,,,0.0,0.21340578963636048,-0.0745727978068711,2.0,2.0,1935.5,1935.5,1.391214023536585,0.0,3.550479106232164e-05,9.089264360983357e+24,847344.3073010218,10,2025-07-10 00:00:00+00:00,1,10.312488425925926
1752145200000,15,0.08631266378752508,32.35712807536408,74924.78089236276,0.0950211660094612,4.0,0.26666666666666666,0.06567493530285506,8.0,0.5333333333333333,0.12973527011739694,3.0,0.2,,,0.0,,,0.0,0.24409640175110814,-0.14907523574164694,4.0,4.0,625.5,630.0,0.7832514201090855,0.5,2.9008452753451308e-05,9.670274180712372e+24,555424.925047347,11,2025-07-10 00:00:00+00:00,1,10.354155092592592
1752148800000,14,0.07003497005728147,17.742385003527374,35851.165839711415,0.005916775917551471,3.0,0.21428571428571427,0.10307960170190228,9.0,0.6428571428571429,0.01751141886608288,2.0,0.14285714285714285,,,0.0,,,0.0,0.005916775917551471,0.0,3.0,3.0,2488.6666666666665,1942.0,1.4007804684405736,0.3333333333333333,2.999475080196576e-05,1.0095490501814529e+25,424511.6013131508,12,2025-07-10 00:00:00+00:00,1,10.39582175925926
1752152400000,46,0.31583948011977814,152.81680792839856,288903.96364287706,0.2503205316371688,11.0,0.2391304347826087,0.29103339614740104,21.0,0.45652173913043476,0.4045277798861083,14.0,0.30434782608695654,,,0.0,,,0.0,0.2503205316371688,0.0,11.0,11.0,872.4545454545455,743.0,0.842288014624786,0.5454545454545454,5.613936816202925e-05,1.0305829541164994e+25,1295124.6686518984,13,2025-07-10 00:00:00+00:00,1,10.437488425925926
1752156000000,41,0.2934074801295383,99.98297502048632,185731.60808286286,0.11720520656783688,11.0,0.2682926829268293,0.3573326049262496,15.0,0.36585365853658536,0.3586973559447414,15.0,0.36585365853658536,,,0.0,,,0.0,0.06291759010008496,0.05428761646775193,11.0,11.0,1156.2727272727273,940.0,0.9761161580692889,0.45454545454545453,5.4099376180573384e-05,8.657808159588551e+24,1737955.8287979995,14,2025-07-10 00:00:00+00:00,1,10.479155092592592
1752159600000,23,0.49447486113292133,85.9186173493034,105690.2992057396,0.07464235234122973,6.0,0.2608695652173913,1.2078351798912204,9.0,0.391304347826087,0.00681888412360377,8.0,0.34782608695652173,,,0.0,,,0.0,0.07464235234122973,0.0,6.0,6.0,613.3333333333334,689.0,0.7306001284840503,0.5,3.984866976950057e-05,7.706192720098448e+24,1445074.0693353943,15,2025-07-10 00:00:00+00:00,1,10.52082175925926
1752163200000,28,0.34215836594568005,100.73329975818433,199812.5348855864,0.33661651611011023,11.0,0.39285714285714285,0.28525458098366696,12.0,0.42857142857142855,0.6017120793661057,4.0,0.14285714285714285,0.04774927999940271,1.0,0.03571428571428571,,,0.0,0.2145368406306881,0.12207967547942208,11.0,11.0,938.3636363636364,434.0,0.7932586305012496,0.9090909090909091,5.101654771135422e-05,9.076364530143822e+24,1472756.7686309158,16,2025-07-10 00:00:00+00:00,1,10.562488425925926
1752166800000,25,0.376192445933725,79.58538156487491,158801.83110209915,0.24765298249463263,4.0,0.16,0.3545687926500606,10.0,0.4,0.44259193562399907,11.0,0.44,,,0.0,,,0.0,0.13644654199618678,0.11120644049844586,4.0,4.0,1284.25,991.5,1.0847231030510247,0.5,4.536677540041603e-05,6.953459673894903e+24,778521.2512638794,17,2025-07-10 00:00:00+00:00,1,10.604155092592592
1752170400000,35,0.23203688415315873,58.43921766063287,116868.4719010333,0.28177515164732453,11.0,0.3142857142857143,0.22032559879501298,17.0,0.4857142857142857,0.18231844253210933,7.0,0.2,,,0.0,,,0.0,0.1740281545270044,0.10774699712032013,11.0,11.0,726.0,740.0,0.8105018218271922,0.5454545454545454,6.95502283174323e-05,5.919464089131417e+24,873176.4047925622,18,2025-07-10 00:00:00+00:00,1,10.64582175925926
1752174000000,29,0.0942941909584608,29.70395115175751,60182.29257360953,0.09840120893904764,11.0,0.3793103448275862,0.09317419153642484,17.0,0.5862068965517241,0.06815698334661657,1.0,0.034482758620689655,,,0.0,,,0.0,0.0984262619457875,-2.5053006739868394e-05,11.0,11.0,837.8181818181819,592.0,0.8381055083544883,0.5454545454545454,5.622416852373555e-05,5.628956493644585e+24,646351.9578611047,19,2025-07-10 00:00:00+00:00,1,10.687488425925926
1752177600000,37,0.21644725666934728,61.97476014251012,123789.23891382453,0.22857591372373084,11.0,0.2972972972972973,0.18333829408129654,20.0,0.5405405405405406,0.3045745940298131,6.0,0.16216216216216217,,,0.0,,,0.0,0.18826485495282863,0.040311058770902235,11.0,11.0,839.3636363636364,711.0,0.8365501066559634,0.7272727272727273,4.80860324281232e-05,5.883948147665121e+24,641746.3348300969,20,2025-07-10 00:00:00+00:00,1,10.729155092592592
1752181200000,125,0.6634183717560216,356.94841073094625,580398.0076617302,0.46565137804626344,42.0,0.336,0.8324874590569379,60.0,0.48,0.5835083064410153,23.0,0.184,,,0.0,,,0.0,0.21151196797937843,0.254139410066885,42.0,42.0,682.8809523809524,505.0,0.766035315188095,0.6666666666666666,0.00012974035641082922,3.194393332437828e+24,2357685.801755321,21,2025-07-10 00:00:00+00:00,1,10.77082175925926
1752184800000,49,0.6972385785061297,78.427285498715,150902.7710864993,0.595727649956059,18.0,0.3673469387755102,0.7252735465601611,26.0,0.5306122448979592,0.9168960874054211,5.0,0.10204081632653061,,,0.0,,,0.0,0.3204636252015793,0.2752640247544797,18.0,18.0,570.7222222222222,547.0,0.7302449995249662,0.7222222222222222,5.396804198279506e-05,1.9782421585216595e+24,452116.72918208875,22,2025-07-10 00:00:00+00:00,1,10.812488425925926
1752188400000,53,0.41652815321116077,56.99854376340574,109224.45324315445,0.49985096885710617,24.0,0.4528301886792453,0.4117404618493294,21.0,0.39622641509433965,0.19766259030575625,7.0,0.1320754716981132,0.04938103664476213,1.0,0.018867924528301886,,,0.0,0.2326899358611418,0.26716103299596433,24.0,24.0,1290.125,839.5,0.9966866366825613,0.4583333333333333,7.667205299280989e-05,2.278209834246949e+24,482755.6983872595,23,2025-07-10 00:00:00+00:00,1,10.854155092592592
1752192000000,98,0.5533228357434449,123.07667529027053,235798.01889619854,0.7018397062071002,42.0,0.42857142857142855,0.41905009108938235,41.0,0.41836734693877553,0.5044877671663142,15.0,0.15306122448979592,,,0.0,,,0.0,0.3381429437199785,0.36369676248712174,42.0,42.0,759.452380952381,577.5,0.8193383193010968,0.6428571428571429,9.570621458310374e-05,2.1637135929075867e+24,868918.985885011,0,2025-07-11 00:00:00+00:00,1,10.89582175925926
1752195600000,64,0.49094389542351463,76.80807259464211,149139.05907673735,0.5686422349132679,29.0,0.453125,0.4219955191843934,21.0,0.328125,0.4334198994105646,14.0,0.21875,,,0.0,,,0.0,0.6721315725071181,-0.1034893375938501,29.0,29.0,809.2758620689655,646.0,0.8168281961293034,0.5517241379310345,7.991663497460713e-05,2.313166641901528e+24,850420.3133168617,1,2025-07-11 00:00:00+00:00,1,10.937488425925926
1752199200000,33,0.4014586103880451,38.11685613979575,71741.57080413043,0.44018002053957656,11.0,0.3333333333333333,0.2898122970890248,19.0,0.5757575757575758,0.9665734240595588,3.0,0.09090909090909091,,,0.0,,,0.0,0.38727749011475515,0.05290253042482136,11.0,11.0,664.9090909090909,691.0,0.7907910398560394,0.6363636363636364,6.108849275469128e-05,2.834701458206477e+24,603025.1938499952,2,2025-07-11 00:00:00+00:00,1,10.979155092592592
1752202800000,14,0.38452419423185435,22.585358919073222,41889.03684821697,0.9326655080949031,4.0,0.2857142857142857,0.1652676686866349,10.0,0.7142857142857143,,,0.0,,,0.0,,,0.0,2.636975804288515,-1.7043102961936119,4.0,4.0,1796.5,1269.5,1.223799278622546,0.5,3.075089056139625e-05,3.618872147772106e+24,373703.4677863443,3,2025-07-11 00:00:00+00:00,1,11.02082175925926
1752206400000,34,0.20729225694085146,30.15942471500907,59168.85826851676,0.35229493112677646,11.0,0.3235294117647059,0.13180853711244397,15.0,0.4411764705882353,0.14944555461346865,8.0,0.23529411764705882,,,0.0,,,0.0,0.18049599798721003,0.1717989331395664,11.0,11.0,953.8181818181819,766.0,0.8853133451483054,0.45454545454545453,4.3526421378712315e-05,3.5346352669887533e+24,762385.7828214769,4,2025-07-11 00:00:00+00:00,1,11.062488425925926
1752210000000,72,0.34581993241077363,85.54165955143358,170656.56162162972,0.3668736045396532,30.0,0.4166666666666667,0.41247280959089166,27.0,0.375,0.19680925270390595,14.0,0.19444444444444445,0.0007316005773460102,1.0,0.013888888888888888,,,0.0,0.17461019090888658,0.1922634136307666,30.0,30.0,994.9,633.5,0.8726294454438067,0.6,8.110379988326673e-05,2.986659812198906e+24,1095737.3744335056,5,2025-07-11 00:00:00+00:00,1,11.104155092592592
1752213600000,52,0.3882123728364274,61.638517761765975,117882.87429344645,0.3455209638348698,19.0,0.36538461538461536,0.38669233305659334,22.0,0.4230769230769231,0.4969521291290401,10.0,0.19230769230769232,0.14539245609624263,1.0,0.019230769230769232,,,0.0,0.4366952950597223,-0.09117433122485252,19.0,19.0,802.6315789473684,673.0,0.8222648551805674,0.5263157894736842,5.599051331355173e-05,2.896192362380704e+24,707111.9279223314,6,2025-07-11 00:00:00+00:00,1,11.14582175925926
1752217200000,33,0.6011450483500589,53.61631251814743,116097.87984336803,0.7316139897879239,12.0,0.36363636363636365,0.605857308770575,15.0,0.45454545454545453,0.32842651442303833,6.0,0.18181818181818182,,,0.0,,,0.0,0.6348277531151346,0.09678623667278934,12.0,12.0,865.1666666666666,580.0,0.8487934562984303,0.6666666666666666,5.413460745460794e-05,2.604166139064151e+24,718503.9789194736,7,2025-07-11 00:00:00+00:00,1,11.187488425925926
1752220800000,52,0.33002307765770494,61.00922208458331,117339.17113291532,0.3449308903379122,24.0,0.46153846153846156,0.28883309691265685,17.0,0.3269230769230769,0.3754068730971215,10.0,0.19230769230769232,0.21862729160438288,1.0,0.019230769230769232,,,0.0,0.229650456339598,0.11528043399831416,24.0,24.0,666.0,673.0,0.7784163697981915,0.6666666666666666,5.789453567629506e-05,3.2429799719203757e+24,598742.6444179551,8,2025-07-11 00:00:00+00:00,1,11.229155092592592
1752224400000,36,0.41865451842050816,53.49357780776911,105582.06762088412,0.38050304810444574,25.0,0.6944444444444444,0.4870242833003777,9.0,0.25,0.5878839554118764,2.0,0.05555555555555555,,,0.0,,,0.0,0.17747457431094726,0.20302847379349842,25.0,25.0,1194.72,1028.0,0.9945370418737025,0.4,5.292509843925839e-05,3.280238842034599e+24,428306.8544626218,9,2025-07-11 00:00:00+00:00,1,11.27082175925926
1752228000000,17,0.29742243545980473,16.208211219945102,31584.217772896816,0.3156205462092653,5.0,0.29411764705882354,0.35951333638151606,5.0,0.29411764705882354,0.15929582930156141,6.0,0.35294117647058826,0.7247370140534047,1.0,0.058823529411764705,,,0.0,0.14125433237522234,0.17436621383404294,5.0,5.0,1068.2,541.0,0.9651035246533898,0.6,3.246794044298938e-05,3.316683455573895e+24,611627.2165843835,10,2025-07-11 00:00:00+00:00,1,11.312488425925926
1752231600000,26,0.299813354799343,33.8780492078048,63791.379077377445,0.5580713674879821,12.0,0.46153846153846156,0.09748518096753134,10.0,0.38461538461538464,0.030859751312954826,4.0,0.15384615384615385,,,0.0,,,0.0,0.5823707373140832,-0.024299369826101074,12.0,12.0,639.4166666666666,528.5,0.7583735889188848,0.6666666666666666,4.0727837837319e-05,3.2760721001001373e+24,545293.6742000224,11,2025-07-11 00:00:00+00:00,1,11.354155092592592
1752235200000,21,0.14624991837588802,13.064687287457758,26045.600385966623,0.11991438313125202,8.0,0.38095238095238093,0.07733274564756132,8.0,0.38095238095238093,0.29865425113262833,5.0,0.23809523809523808,,,0.0,,,0.0,0.0836258272450584,0.03628855588619362,8.0,8.0,441.5,470.0,0.6365605193655901,0.875,3.395511935499684e-05,3.2574586079316104e+24,362495.98056353186,12,2025-07-11 00:00:00+00:00,1,11.39582175925926
1752238800000,108,0.2830566374200528,121.41583067296652,241899.19930495124,0.3467783514134688,48.0,0.4444444444444444,0.27821318730464156,45.0,0.4166666666666667,0.09736063040674572,14.0,0.12962962962962962,0.042113719115892574,1.0,0.009259259259259259,,,0.0,0.2683601225018509,0.07841822891161791,48.0,48.0,652.4375,563.0,0.7620887257179941,0.7083333333333334,7.519197194860559e-05,3.257503998085708e+24,1025157.1434963496,13,2025-07-11 00:00:00+00:00,1,11.437488425925926
1752242400000,85,0.35370427714786173,112.59250210827341,218869.28729906032,0.28354154464329606,36.0,0.4235294117647059,0.39075460954824776,33.0,0.38823529411764707,0.43515411470733834,16.0,0.18823529411764706,,,0.0,,,0.0,0.22332734751055094,0.060214197132745104,36.0,36.0,593.0,532.5,0.7164750484697623,0.8055555555555556,8.854154863939038e-05,3.2341572290152925e+24,941361.2882956051,14,2025-07-11 00:00:00+00:00,1,11.479155092592592
1752246000000,97,0.41993846895331693,157.35497220755377,305527.45057820244,0.38240865025677945,30.0,0.30927835051546393,0.4715560483865193,48.0,0.4948453608247423,0.3438857928749126,18.0,0.18556701030927836,0.43713738646700573,1.0,0.010309278350515464,,,0.0,0.2137509497419316,0.16865770051484782,30.0,30.0,788.3666666666667,670.5,0.8368975290843468,0.6,9.516082998393374e-05,3.4102157866367303e+24,1753528.1208657613,15,2025-07-11 00:00:00+00:00,1,11.52082175925926
1752249600000,159,0.4462181269535285,257.1470174434349,461986.76880097366,0.6472200421601093,58.0,0.36477987421383645,0.39941972982786134,59.0,0.3710691823899371,0.19805698206119654,39.0,0.24528301886792453,0.7066444600314031,3.0,0.018867924528301886,,,0.0,0.19114176638101282,0.4560782757790965,58.0,58.0,674.9655172413793,633.0,0.7845865048214933,0.6551724137931034,0.00011914828575160573,3.035937195008768e+24,1935935.282089451,16,2025-07-11 00:00:00+00:00,1,11.562488425925926
1752253200000,79,0.688516422147388,167.33294167645627,301420.6167316516,0.9107155487834695,26.0,0.3291139240506329,0.6661010592305903,37.0,0.46835443037974683,0.404407566794056,15.0,0.189873417721519,0.0023403878307614104,1.0,0.012658227848101266,,,0.0,0.21882799082320822,0.6918875579602614,26.0,26.0,765.8846153846154,684.0,0.8297037270259877,0.6153846153846154,9.183011647389008e-05,2.718966749631172e+24,967185.7098172694,17,2025-07-11 00:00:00+00:00,1,11.604155092592592
1752256800000,43,0.3649702936701668,44.92403714286995,85803.35041298899,0.3032935130638743,18.0,0.4186046511627907,0.49343577322125565,20.0,0.46511627906976744,0.0731447856484645,5.0,0.11627906976744186,,,0.0,,,0.0,0.398973128363423,-0.09567961529954871,18.0,18.0,802.8888888888889,639.0,0.7677962843679617,0.6111111111111112,5.933521981306268e-05,2.576902954387837e+24,513783.3500400769,18,2025-07-11 00:00:00+00:00,1,11.64582175925926
1752260400000,54,0.37450517947015527,65.23641808182882,127304.48792029846,0.5478402922327035,22.0,0.4074074074074074,0.22144613648396874,22.0,0.4074074074074074,0.3298978259621598,10.0,0.18518518518518517,,,0.0,,,0.0,0.3251994595736191,0.22264083265908433,22.0,22.0,867.7272727272727,733.0,0.8995129054220521,0.6363636363636364,6.583002159333485e-05,2.8453095232655245e+24,593154.7394172971,19,2025-07-11 00:00:00+00:00,1,11.687488425925926
1752264000000,35,0.5146507822355797,48.01258577092739,89989.05050871453,0.47607152341256226,11.0,0.3142857142857143,0.5010242922726159,16.0,0.45714285714285713,0.5949502430431562,8.0,0.22857142857142856,,,0.0,,,0.0,0.2528865613835325,0.22318496202902968,11.0,11.0,925.0909090909091,933.0,0.9197220009126912,0.45454545454545453,4.9350902907325126e-05,3.012835213942136e+24,386624.0667355824,20,2025-07-11 00:00:00+00:00,1,11.729155092592592
1752267600000,63,0.29755426812735414,52.71604506895179,103460.74090326409,0.3670530008969411,30.0,0.47619047619047616,0.3232741980672357,19.0,0.30158730158730157,0.11372279298840014,14.0,0.2222222222222222,,,0.0,,,0.0,0.2704457961343375,0.09660720476260358,30.0,30.0,1194.5,713.0,0.9583760561398699,0.6,8.75826963467303e-05,2.517988706178855e+24,667589.5923712999,21,2025-07-11 00:00:00+00:00,1,11.77082175925926
1752271200000,97,0.4493799670874094,129.4826917328652,233099.60808554085,0.5855379644254562,41.0,0.422680412371134,0.35744093254635617,47.0,0.4845360824742268,0.30923071515069595,9.0,0.09278350515463918,,,0.0,,,0.0,0.18372259330119706,0.40181537112425914,41.0,41.0,677.829268292683,631.0,0.783247166012908,0.7560975609756098,9.411745386455368e-05,2.5865252368913816e+24,928886.5566489537,22,2025-07-11 00:00:00+00:00,1,11.812488425925926
1752274800000,36,0.33960427620772105,31.833322733916955,61195.36051178596,0.4274042363478685,16.0,0.4444444444444444,0.24409271909768981,16.0,0.4444444444444444,0.37045066408725613,4.0,0.1111111111111111,,,0.0,,,0.0,0.1826784206136094,0.2447258157342591,16.0,16.0,1358.6875,889.5,1.0584253210478096,0.375,4.447480933325714e-05,2.5697102808507555e+24,262364.5690848916,23,2025-07-11 00:00:00+00:00,1,11.854155092592592
1752278400000,51,0.42059694773206246,61.996826812551554,118858.65399804429,0.5431794603453635,18.0,0.35294117647058826,0.3951673995217274,20.0,0.39215686274509803,0.2899896967449301,13.0,0.2549019607843137,,,0.0,,,0.0,0.30953655887924886,0.23364290146611466,18.0,18.0,1383.5,1217.5,1.0782788871399773,0.3888888888888889,8.420637259592324e-05,2.776384243829355e+24,752518.3743300303,0,2025-07-12 00:00:00+00:00,1,11.89582175925926
1752282000000,16,0.14329931801768547,8.970799454520709,17837.39814635446,0.20149439014775752,6.0,0.375,0.14460849143361088,6.0,0.375,0.04867726429769614,3.0,0.1875,0.07014000590166869,1.0,0.0625,,,0.0,0.20149439014775752,0.0,6.0,6.0,1815.6666666666667,469.5,1.0286382655233026,0.6666666666666666,3.3856761121876986e-05,3.120355943489863e+24,257437.4704024826,1,2025-07-12 00:00:00+00:00,1,11.937488425925926
1752285600000,5,0.23168840406462712,9.289217240848021,26224.179322835887,,,0.0,0.33893617848132,3.0,0.6,0.07081674243958769,2.0,0.4,,,0.0,,,0.0,,,,,,,,,3.136150477146331e-05,3.4709075996226367e+24,223568.53053664477,2,2025-07-12 00:00:00+00:00,1,11.979155092592592
1752289200000,10,0.23776953798305014,12.060599070553133,23817.040061188254,0.06537549116919938,4.0,0.4,0.2322238400541731,5.0,0.5,0.9550742148828383,1.0,0.1,,,0.0,,,0.0,0.06537549116919938,0.0,4.0,4.0,824.0,958.0,0.852362276595638,0.5,3.249977342475456e-05,3.904358089754067e+24,198210.23428806654,3,2025-07-12 00:00:00+00:00,1,12.02082175925926
1752292800000,58,0.24347149329626916,58.11942047326799,119868.96440019437,0.3549017872901787,23.0,0.39655172413793105,0.2172319072928629,25.0,0.43103448275862066,0.052780782118793,10.0,0.1724137931034483,,,0.0,,,0.0,0.31761011847486914,0.037291668815309584,23.0,23.0,1152.695652173913,614.0,0.9342297149362419,0.6521739130434783,5.6193940260910746e-05,3.389629834323908e+24,644661.9148252422,4,2025-07-12 00:00:00+00:00,1,12.062488425925926
1752296400000,37,0.33701331025557346,42.56310197485254,80635.02365938397,0.43538587154331515,15.0,0.40540540540540543,0.2938343218139245,15.0,0.40540540540540543,0.2187413684425174,7.0,0.1891891891891892,,,0.0,,,0.0,0.32969600502900903,0.10568986651430616,15.0,15.0,1324.4,1235.0,1.100070862951988,0.4,5.005649642162407e-05,3.5104879133022847e+24,465222.3536996562,5,2025-07-12 00:00:00+00:00,1,12.104155092592592
1752300000000,37,0.26344806316339425,36.65339893884959,70823.58961282937,0.19430543665498148,12.0,0.32432432432432434,0.34668826493843524,17.0,0.4594594594594595,0.1902765741540512,8.0,0.21621621621621623,,,0.0,,,0.0,0.11026538687203702,0.08404004978294448,12.0,12.0,1104.9166666666667,816.0,0.9777889181927252,0.5,4.370676642452156e-05,3.691215351229101e+24,457446.68079421547,6,2025-07-12 00:00:00+00:00,1,12.14582175925926
1752303600000,56,0.3164159428441072,62.71215733492783,116877.70545131981,0.2803221411881946,15.0,0.26785714285714285,0.3501908137483603,30.0,0.5357142857142857,0.2735214789996613,11.0,0.19642857142857142,,,0.0,,,0.0,0.18426917130635848,0.09605296988183613,15.0,15.0,867.3333333333334,532.0,0.8657954598226768,0.6,5.2848390978112664e-05,3.7434391773723935e+24,740684.5342228735,7,2025-07-12 00:00:00+00:00,1,12.187488425925926
1752307200000,22,0.18509595263969747,15.522995425189162,30012.826909899068,0.22308968181311994,4.0,0.18181818181818182,0.1449192951756131,12.0,0.5454545454545454,0.2401201147855846,6.0,0.2727272727272727,,,0.0,,,0.0,0.11481371150673814,0.10827597030638181,4.0,4.0,742.25,771.5,0.844627107597949,0.5,3.7584859249989e-05,3.8959689179930297e+24,312117.19967458444,8,2025-07-12 00:00:00+00:00,1,12.229155092592592
1752310800000,16,0.1526960814048116,12.875228329427955,26051.245007102967,0.32832541049188524,5.0,0.3125,0.0621721132872165,8.0,0.5,0.10137778123994252,3.0,0.1875,,,0.0,,,0.0,0.12621915282518426,0.20210625766670098,5.0,5.0,825.4,618.0,0.8813705243861584,0.6,3.071923636512734e-05,3.8150181523984715e+24,279525.8275069466,9,2025-07-12 00:00:00+00:00,1,12.27082175925926
1752314400000,14,0.32730065735279423,18.57928379128261,34103.899926688464,0.2910030758309318,6.0,0.42857142857142855,0.1327072318148036,5.0,0.35714285714285715,1.0793867944625157,2.0,0.14285714285714285,0.013880999954478564,1.0,0.07142857142857142,,,0.0,0.12277017152877127,0.16823290430216056,6.0,6.0,1514.1666666666667,967.0,1.1009191588711362,0.5,3.338714163531819e-05,4.446118903093052e+24,229764.9264252815,10,2025-07-12 00:00:00+00:00,1,12.312488425925926
1752318000000,27,0.27071391551783114,32.37861865374947,62596.649073208755,0.3671138904155812,8.0,0.2962962962962963,0.2852275178329508,13.0,0.48148148148148145,0.11073447730473833,6.0,0.2222222222222222,,,0.0,,,0.0,0.13248979978994646,0.23462409062563472,8.0,8.0,971.375,849.5,0.963901831502449,0.5,4.223473052856787e-05,3.984876251604618e+24,415106.2143821108,11,2025-07-12 00:00:00+00:00,1,12.354155092592592
1752321600000,46,0.49071102091675695,59.30449520397177,108939.94122486991,0.8467837432843235,13.0,0.2826086956521739,0.4508293878628079,22.0,0.4782608695652174,0.14966106968116713,11.0,0.2391304347826087,,,0.0,,,0.0,0.3101462469568465,0.536637496327477,13.0,13.0,975.6153846153846,628.0,0.9281156109895777,0.5384615384615384,7.154691563922882e-05,2.8349336143985556e+24,778184.7227216709,12,2025-07-12 00:00:00+00:00,1,12.39582175925926
1752325200000,60,0.35081961011119034,59.79806797227627,114568.14023045404,0.4654946400476517,21.0,0.35,0.2682351001924309,25.0,0.4166666666666667,0.3262794043471402,14.0,0.23333333333333334,,,0.0,,,0.0,0.3756085400717227,0.08988609997592899,21.0,21.0,976.5238095238095,746.0,0.9347521899345376,0.5238095238095238,7.455433479378226e-05,2.710238054252638e+24,697425.9890604607,13,2025-07-12 00:00:00+00:00,1,12.437488425925926
1752328800000,32,0.28905989611892074,31.127149908142478,60561.09456150526,0.2697492726918592,10.0,0.3125,0.2328262330402404,12.0,0.375,0.3758509152403987,10.0,0.3125,,,0.0,,,0.0,0.1677977102487781,0.10195156244308112,10.0,10.0,1445.3,894.0,1.0870060758891853,0.3,5.4435104839423665e-05,2.800726143953839e+24,352194.3860559061,14,2025-07-12 00:00:00+00:00,1,12.479155092592592
1752332400000,65,0.46282203487462414,131.65279412066016,230226.56056401273,0.7532749269225937,18.0,0.27692307692307694,0.42551887895413726,27.0,0.4153846153846154,0.25177369252410864,20.0,0.3076923076923077,,,0.0,,,0.0,0.3052676058820999,0.44800732104049384,18.0,18.0,824.6111111111111,589.5,0.8450105741201143,0.6111111111111112,8.303896960718871e-05,4.020550979005883e+24,1293985.8460080563,15,2025-07-12 00:00:00+00:00,1,12.52082175925926
1752336000000,47,0.5694864318263044,98.4113411313498,166849.79034245078,0.6370235978484006,20.0,0.425531914893617,0.5613164331426632,21.0,0.44680851063829785,0.3729575404787288,6.0,0.1276595744680851,,,0.0,,,0.0,0.212596424602589,0.4244271732458116,20.0,20.0,1310.0,725.0,1.0235066864092537,0.55,5.959905846960943e-05,3.394513852113047e+24,516017.048230237,16,2025-07-12 00:00:00+00:00,1,12.562488425925926
1752339600000,11,0.535480774323834,15.645230222831252,25980.404958319454,0.20780614217314353,4.0,0.36363636363636365,0.9785360248731934,5.0,0.45454545454545453,0.08319191225181644,2.0,0.18181818181818182,,,0.0,,,0.0,0.20780614217314353,0.0,4.0,4.0,250.75,212.0,0.4664177059979008,1.0,3.703066107082224e-05,2.692001844552634e+24,418937.82186812296,17,2025-07-12 00:00:00+00:00,1,12.604155092592592
1752343200000,23,1.0482548096477249,72.3244420775888,96364.2802490346,0.12874951981462368,4.0,0.17391304347826086,1.0120804833309909,17.0,0.7391304347826086,3.1947471630061663,2.0,0.08695652173913043,,,0.0,,,0.0,0.09226261000333957,0.03648690981128411,4.0,4.0,2037.75,1464.5,1.2996412113010036,0.5,4.026852778912909e-05,2.4041215071876972e+24,862324.7636129139,18,2025-07-12 00:00:00+00:00,1,12.64582175925926
1752346800000,16,0.2566145393764112,14.372701182519839,38281.01979256301,0.25850351121607634,6.0,0.375,0.2978999693709116,6.0,0.375,0.04636288031175725,3.0,0.1875,0.6283231055653803,1.0,0.0625,,,0.0,0.1611744503005096,0.09732906091556674,6.0,6.0,2095.1666666666665,1699.0,1.3427852348192275,0.16666666666666666,4.16452126306925e-05,2.3462049633912828e+24,197966.3745016948,19,2025-07-12 00:00:00+00:00,1,12.687488425925926
1752350400000,30,0.11331282859080646,17.763075296110475,35507.35084266315,0.19582528962195497,11.0,0.36666666666666664,0.05600224335323023,12.0,0.4,0.08189710737770374,7.0,0.23333333333333334,,,0.0,,,0.0,0.14263139990629842,0.05319388971565657,11.0,11.0,606.9090909090909,654.0,0.7111942808063714,0.6363636363636364,3.63421579894929e-05,3.995071380424665e+24,262065.87523795318,20,2025-07-12 00:00:00+00:00,1,12.729155092592592
1752354000000,48,0.2748905055722179,56.69110810663018,110019.42856823189,0.43131971798327384,20.0,0.4166666666666667,0.143695346792901,22.0,0.4583333333333333,0.2810507946923212,5.0,0.10416666666666667,0.0017983048955548878,1.0,0.020833333333333332,,,0.0,0.3359904996505557,0.09532921833271812,20.0,20.0,1157.85,772.5,0.9865458869337911,0.5,4.563700404826334e-05,4.216727271900705e+24,422667.56804057385,21,2025-07-12 00:00:00+00:00,1,12.77082175925926
1752357600000,31,0.1665075108391212,27.42299454838025,54345.19639638083,0.17754566785735518,9.0,0.2903225806451613,0.20224078298471548,16.0,0.5161290322580645,0.062408284884245435,5.0,0.16129032258064516,0.0159278731198852,1.0,0.03225806451612903,,,0.0,0.1612850747829853,0.016260593074369903,9.0,9.0,891.5555555555555,619.0,0.8329433293667852,0.5555555555555556,4.396498476567298e-05,3.377235464888186e+24,305942.92892169993,22,2025-07-12 00:00:00+00:00,1,12.812488425925926
1752361200000,13,0.3420255676524145,11.786951581178267,22709.28721587214,0.4969037774929562,4.0,0.3076923076923077,0.23000353079553332,7.0,0.5384615384615384,0.42434627697041527,2.0,0.15384615384615385,,,0.0,,,0.0,0.3144615291791929,0.18244224831376332,4.0,4.0,2748.5,2885.0,1.6284372317288522,0.0,3.208013527645638e-05,2.5673084923874435e+24,163443.86132318046,23,2025-07-12 00:00:00+00:00,1,12.854155092592592
1752364800000,19,0.3600325483795317,26.724483994079982,52688.92194019772,0.40871517461430046,9.0,0.47368421052631576,0.34058095358842017,9.0,0.47368421052631576,0.09695326538661664,1.0,0.05263157894736842,,,0.0,,,0.0,0.1171152783757722,0.2915998962385282,9.0,9.0,1189.2222222222222,895.0,1.003369349838936,0.4444444444444444,3.7189824103974155e-05,3.5456911555362146e+24,223231.8923687803,0,2025-07-13 00:00:00+00:00,1,12.89582175925926
1752368400000,3,0.5710571651264768,5.892883329855641,11018.224482406833,0.8718102055177467,1.0,0.3333333333333333,0.08751400503548712,1.0,0.3333333333333333,0.7538472848261967,1.0,0.3333333333333333,,,0.0,,,0.0,0.1434854023990616,0.7283248031186851,1.0,1.0,869.0,869.0,0.9322016949137134,0.0,2.7636005273520266e-05,4.4038995814485856e+24,299851.2158533648,1,2025-07-13 00:00:00+00:00,1,12.937488425925926
1752372000000,22,0.1814706479067697,20.46222766948097,40213.37220576394,0.19509665344308746,12.0,0.5454545454545454,0.149226485807734,6.0,0.2727272727272727,0.18895887444636983,4.0,0.18181818181818182,,,0.0,,,0.0,0.1343978615297121,0.060698791913375384,12.0,12.0,1335.0833333333333,672.5,0.9533694969976904,0.6666666666666666,3.117837739843625e-05,4.592767283038719e+24,405919.7642076491,2,2025-07-13 00:00:00+00:00,1,12.979155092592592
1752375600000,11,0.139414642138871,8.588890894124964,16427.84806551121,0.02965242402009228,2.0,0.18181818181818182,0.16380624616526626,9.0,0.8181818181818182,,,0.0,,,0.0,,,0.0,0.02965242402009228,0.0,2.0,2.0,1851.0,1851.0,1.3300146400181903,0.0,1.8853137779230395e-05,4.919961324843742e+24,159154.0048732034,3,2025-07-13 00:00:00+00:00,1,13.02082175925926
1752379200000,6,0.17523923877309192,4.769959143412466,9176.816932064841,0.08923035006196094,3.0,0.5,0.26124812748422294,3.0,0.5,,,0.0,,,0.0,,,0.0,0.04074054884025743,0.04848980122170351,3.0,3.0,303.0,180.0,0.4661496804017136,1.0,1.841196047465093e-05,5.176094355397087e+24,104048.7347558404,4,2025-07-13 00:00:00+00:00,1,13.062488425925926
1752382800000,11,0.2553942517651431,17.646548475765055,36144.97704402598,0.2659750197900367,4.0,0.36363636363636365,0.1768494758568372,5.0,0.45454545454545453,0.4305946554861205,2.0,0.18181818181818182,,,0.0,,,0.0,0.08448305132885847,0.1814919684611782,4.0,4.0,3030.5,2149.0,1.5936966693879024,0.25,2.4320678279838028e-05,5.363582479330465e+24,254446.61061023557,5,2025-07-13 00:00:00+00:00,1,13.104155092592592
1752386400000,9,0.16347988425431334,5.0913707915316175,10021.202076513242,0.1522444569207514,2.0,0.2222222222222222,0.18564288820866348,5.0,0.5555555555555556,0.11930780170199984,2.0,0.2222222222222222,,,0.0,,,0.0,0.07970098035104278,0.07254347656970861,2.0,2.0,1806.5,1806.5,1.1145309309955214,0.5,2.0195033471414858e-05,3.6293901835232035e+24,163712.9163341355,6,2025-07-13 00:00:00+00:00,1,13.14582175925926
1752390000000,21,0.1524636252315529,15.374593105261258,30449.81410683788,0.26711741620541896,8.0,0.38095238095238093,0.0871296709504668,12.0,0.5714285714285714,0.01924074881365801,1.0,0.047619047619047616,,,0.0,,,0.0,0.19462735633163797,0.07249005987378099,8.0,8.0,1848.375,964.0,1.2302844189737117,0.25,2.0218863551417635e-05,3.8060377965723464e+24,197002.02311367044,7,2025-07-13 00:00:00+00:00,1,13.187488425925926
1752393600000,15,0.20006564287471076,13.42730070843992,26453.38158658499,0.3465686779965437,5.0,0.3333333333333333,0.17725961025648565,7.0,0.4666666666666667,0.00910799378084793,3.0,0.2,,,0.0,,,0.0,0.23053022966135642,0.11603844833518728,5.0,5.0,1352.4,1272.0,1.1279471397313992,0.2,2.6844709595725216e-05,4.018895004672508e+24,166641.8675586257,8,2025-07-13 00:00:00+00:00,1,13.229155092592592
1752397200000,25,0.10248738638341404,12.41167530990313,24828.742066595412,0.14969922092919907,8.0,0.32,0.09073692697037383,14.0,0.56,0.031424638188841565,3.0,0.12,,,0.0,,,0.0,0.13155075230017899,0.018148468629020087,8.0,8.0,927.875,926.0,0.8805964769896124,0.375,3.1948324278921024e-05,4.1302388444978165e+24,258011.8815603185,9,2025-07-13 00:00:00+00:00,1,13.27082175925926
1752400800000,17,0.20367476224976447,17.338063606064182,33475.56830994016,0.14162350191704742,5.0,0.29411764705882354,0.03449241922790381,8.0,0.47058823529411764,0.6196035237093821,4.0,0.23529411764705882,,,0.0,,,0.0,0.11261775343396774,0.029005748483079685,5.0,5.0,799.2,717.0,0.7930265423482802,0.6,2.5460880697808812e-05,3.875892269138502e+24,216570.10314056507,10,2025-07-13 00:00:00+00:00,1,13.312488425925926
1752404400000,22,0.19896963225705744,27.70735390468006,57799.891432593075,0.2235243339275871,10.0,0.45454545454545453,0.16277462364581965,6.0,0.2727272727272727,0.17744861979618765,5.0,0.22727272727272727,0.27819772952353705,1.0,0.045454545454545456,,,0.0,0.09316710836771314,0.13035722555987395,10.0,10.0,1435.7,969.0,1.0920288936918452,0.4,2.680874663235182e-05,4.3021729193998577e+24,526098.2525743223,11,2025-07-13 00:00:00+00:00,1,13.354155092592592
1752408000000,30,0.26540737916255286,33.046990335757165,63345.4167435356,0.402324737587838,12.0,0.4,0.22297208924621809,13.0,0.43333333333333335,0.04713747272433889,5.0,0.16666666666666666,,,0.0,,,0.0,0.17360076793038626,0.22872396965745168,12.0,12.0,875.8333333333334,891.5,0.8862665146931598,0.3333333333333333,3.651357627318543e-05,4.2688580461638747e+24,418830.4862655482,12,2025-07-13 00:00:00+00:00,1,13.39582175925926
1752411600000,19,0.16981047010449307,19.963393934357008,39943.55069591297,0.11866500539553948,4.0,0.21052631578947367,0.2451420989933645,11.0,0.5789473684210527,0.013793955369050155,4.0,0.21052631578947367,,,0.0,,,0.0,0.046358577381615425,0.07230642801392406,4.0,4.0,537.0,453.5,0.686845684274525,0.75,3.513915819217942e-05,4.680572029321091e+24,374991.3921153572,13,2025-07-13 00:00:00+00:00,1,13.437488425925926
1752415200000,46,0.3079147010999587,77.3292046674074,151705.96361543873,0.1805466664702124,14.0,0.30434782608695654,0.38119792327620655,18.0,0.391304347826087,0.3410614500745293,14.0,0.30434782608695654,,,0.0,,,0.0,0.11870776935390599,0.06183889711630641,14.0,14.0,1055.142857142857,853.5,0.9889939331829973,0.5,5.514735893825017e-05,4.720884280202414e+24,1354824.6103772507,14,2025-07-13 00:00:00+00:00,1,13.479155092592592
1752418800000,42,0.30913835449847443,64.60506423894473,126051.86362814179,0.42016855116234086,9.0,0.21428571428571427,0.304703306379615,22.0,0.5238095238095238,0.1369693299941898,10.0,0.23809523809523808,1.1291278881814293,1.0,0.023809523809523808,,,0.0,0.2272163745974924,0.19295217656484848,9.0,9.0,1112.0,955.0,0.975079014965535,0.4444444444444444,4.7004808640256555e-05,4.676325939778682e+24,926639.945786189,15,2025-07-13 00:00:00+00:00,1,13.52082175925926
1752422400000,32,0.2533048679729784,34.304765365218095,67230.07595550307,0.335787197707092,13.0,0.40625,0.1593535440465925,17.0,0.53125,0.5157559780755204,2.0,0.0625,,,0.0,,,0.0,0.13528242785593175,0.20050476985116022,13.0,13.0,2385.076923076923,993.0,1.262491873821851,0.46153846153846156,4.7269862831603526e-05,4.377083711227339e+24,471702.6221260513,16,2025-07-13 00:00:00+00:00,1,13.562488425925926
1752426000000,11,0.10971804528939887,9.304268524346544,18931.890918249203,0.16070639314506832,3.0,0.2727272727272727,0.11519692635609136,5.0,0.45454545454545453,0.049598228989241856,3.0,0.2727272727272727,,,0.0,,,0.0,0.11247513644434241,0.04823125670072592,3.0,3.0,2070.6666666666665,648.0,1.25462534764382,0.6666666666666666,2.6312696800443654e-05,3.8090484089186397e+24,241446.8398237627,17,2025-07-13 00:00:00+00:00,1,13.604155092592592
1752429600000,11,0.37363036201130767,24.08308742840051,55508.12363654397,0.4703639831299443,4.0,0.36363636363636365,0.21746525288646615,5.0,0.45454545454545453,1.1292081236297147,1.0,0.09090909090909091,0.011943661542561552,1.0,0.09090909090909091,,,0.0,0.2171336757758645,0.2532303073540798,4.0,4.0,3908.25,1698.0,1.6451514897725392,0.5,2.8003847363806834e-05,4.699555114032285e+24,214711.16222132547,18,2025-07-13 00:00:00+00:00,1,13.64582175925926
1752433200000,22,0.15643294173266514,18.100629218782636,35592.80851964487,0.16697115618039426,8.0,0.36363636363636365,0.19634421333570173,10.0,0.45454545454545453,0.03557833382961551,4.0,0.18181818181818182,,,0.0,,,0.0,0.11281628633078455,0.05415486984960971,8.0,8.0,647.875,543.0,0.7772477798202349,0.75,4.163763479146113e-05,4.743636824496254e+24,335202.32660850213,19,2025-07-13 00:00:00+00:00,1,13.687488425925926
1752436800000,28,0.17376395275326298,26.29155595108884,51549.03412676971,0.21650430636555465,10.0,0.35714285714285715,0.1860785488657848,14.0,0.5,0.02381198232870741,4.0,0.14285714285714285,,,0.0,,,0.0,0.1443382766657163,0.07216602969983832,10.0,10.0,1171.3,828.0,1.0335986663757188,0.4,3.399844185606518e-05,4.7388701848222056e+24,301451.3493283493,20,2025-07-13 00:00:00+00:00,1,13.729155092592592
1752440400000,45,0.34878989332729665,69.35869547524175,133317.87083193462,0.4944565490860907,20.0,0.4444444444444444,0.2946357271851782,19.0,0.4222222222222222,0.03472256691469174,6.0,0.13333333333333333,,,0.0,,,0.0,0.21242890432094255,0.2820276447651482,20.0,20.0,1251.85,597.5,0.9527129406859437,0.7,6.874541606119222e-05,4.499102128511079e+24,607834.7070881781,21,2025-07-13 00:00:00+00:00,1,13.77082175925926
1752444000000,73,0.34246308886838484,122.24897082081132,238070.99775434166,0.3238663594551056,30.0,0.410958904109589,0.38398551009462295,34.0,0.4657534246575342,0.24758970672463862,9.0,0.1232876712328767,,,0.0,,,0.0,0.1549880651297433,0.1688782943253623,30.0,30.0,817.2,663.5,0.8463402000993993,0.6333333333333333,5.972520500394479e-05,4.6101691346962427e+24,835346.0168339052,22,2025-07-13 00:00:00+00:00,1,13.812488425925926
1752447600000,32,0.2571121163389605,51.4112287099763,102309.76592327142,0.32191592992272317,12.0,0.375,0.23543415356669012,14.0,0.4375,0.17808640230673253,6.0,0.1875,,,0.0,,,0.0,0.17739165832762718,0.14452427159509598,12.0,12.0,1358.0833333333333,688.5,1.0064367193120882,0.5833333333333334,4.9245191680501157e-05,5.454241060368737e+24,522864.6259603653,23,2025-07-13 00:00:00+00:00,1,13.854155092592592
1752451200000,24,0.7587633349243568,119.375769758964,180398.36692381997,0.4486222912046114,6.0,0.25,0.43749854084542283,16.0,0.6666666666666666,4.259304818715064,2.0,0.08333333333333333,,,0.0,,,0.0,0.13617491699795228,0.31244737420665913,6.0,6.0,1230.8333333333333,1063.0,1.0751313227943307,0.3333333333333333,4.8457921087493035e-05,5.302154319624151e+24,751974.045176756,0,2025-07-14 00:00:00+00:00,1,13.89582175925926
1752454800000,27,0.3255862848244905,52.26003826659547,100787.62656863495,0.29258559311740473,10.0,0.37037037037037035,0.33706457307451615,15.0,0.5555555555555556,0.40450258148472684,2.0,0.07407407407407407,,,0.0,,,0.0,0.16235207916759797,0.13023351394980676,10.0,10.0,620.7,616.0,0.7686066032173821,0.8,3.841805970921162e-05,5.792502815463727e+24,495491.00773761247,1,2025-07-14 00:00:00+00:00,1,13.937488425925926
1752458400000,37,0.2433738569137757,53.1025011060959,102586.24514431668,0.2234125741641838,11.0,0.2972972972972973,0.30105701019628606,20.0,0.5405405405405406,0.08769236434632628,6.0,0.16216216216216217,,,0.0,,,0.0,0.2891093089558648,-0.06569673479168098,11.0,11.0,791.1818181818181,743.0,0.8582690465452991,0.5454545454545454,4.821201864711677e-05,5.538643717608398e+24,906822.4441402777,2,2025-07-14 00:00:00+00:00,1,13.979155092592592
1752462000000,23,0.30049778514881603,33.47590742324287,66891.08000291367,0.32123636578701864,4.0,0.17391304347826086,0.32029669285535206,13.0,0.5652173913043478,0.2626653237430875,5.0,0.21739130434782608,0.14931996943968062,1.0,0.043478260869565216,,,0.0,0.14115199522907618,0.18008437055794246,4.0,4.0,1070.25,308.5,0.8005357025887889,0.75,6.369013952503047e-05,4.268738954801773e+24,858521.494853839,3,2025-07-14 00:00:00+00:00,1,14.02082175925926
1752465600000,27,0.34832088607314377,33.81303375285971,64853.251595786875,0.6772214390132802,7.0,0.25925925925925924,0.27868728589830905,15.0,0.5555555555555556,0.09676091248145713,5.0,0.18518518518518517,,,0.0,,,0.0,0.4314071769621742,0.24581426205110596,7.0,7.0,623.5714285714286,487.0,0.7742939111438342,0.5714285714285714,4.536603960830509e-05,3.415815674346034e+24,510447.7419859224,4,2025-07-14 00:00:00+00:00,1,14.062488425925926
1752469200000,96,0.4897838300919584,191.10366336989907,353452.04202126624,0.36763784730294913,36.0,0.375,0.695069969749321,36.0,0.375,0.37803957201518373,22.0,0.22916666666666666,0.22244784530612172,2.0,0.020833333333333332,,,0.0,0.216355205206407,0.1512826420965421,36.0,36.0,609.7777777777778,486.5,0.723447906331137,0.7777777777777778,8.63247893255837e-05,3.571067080752234e+24,2105524.183022518,5,2025-07-14 00:00:00+00:00,1,14.104155092592592
1752472800000,65,0.26291110136187434,84.97493397628148,164687.8080751625,0.40251502959120483,22.0,0.3384615384615385,0.24606148116708254,28.0,0.4307692307692308,0.05537388445371444,14.0,0.2153846153846154,0.5689350824850158,1.0,0.015384615384615385,,,0.0,0.27231632587120785,0.13019870371999698,22.0,22.0,878.0909090909091,678.5,0.873879895391386,0.5909090909090909,5.66085135154672e-05,4.866116484281506e+24,879470.8737993448,6,2025-07-14 00:00:00+00:00,1,14.14582175925926
1752476400000,82,0.44085877654217964,120.93204816669976,206808.65659617507,0.30461886483782025,18.0,0.21951219512195122,0.26582551457652503,45.0,0.5487804878048781,0.9844806291281235,19.0,0.23170731707317074,,,0.0,,,0.0,0.5179546779991915,-0.21333581316137126,18.0,18.0,837.7222222222222,481.0,0.7871694495237274,0.5555555555555556,9.123517760495502e-05,3.0541347378180186e+24,1685658.6185421622,7,2025-07-14 00:00:00+00:00,1,14.187488425925926
1752480000000,59,0.323013880269454,83.57632516107621,161056.75155738022,0.44632595690788496,18.0,0.3050847457627119,0.24827977241761587,23.0,0.3898305084745763,0.310368677431529,17.0,0.288135593220339,0.037249429614698466,1.0,0.01694915254237288,,,0.0,0.13898414399336112,0.30734181291452384,18.0,18.0,945.7777777777778,560.5,0.8337703683077158,0.6111111111111112,6.248940733212071e-05,4.086942010701897e+24,1095521.875275441,8,2025-07-14 00:00:00+00:00,1,14.229155092592592
1752483600000,57,0.27970184076449417,76.95939008959176,136841.9572960706,0.19365409690865354,16.0,0.2807017543859649,0.3638955591603032,25.0,0.43859649122807015,0.2341968996268833,16.0,0.2807017543859649,,,0.0,,,0.0,0.14923468962778788,0.04441940728086568,16.0,16.0,886.6875,657.5,0.8377605617719217,0.5625,6.982894081555065e-05,4.562428074617901e+24,1183924.7881502393,9,2025-07-14 00:00:00+00:00,1,14.27082175925926
1752487200000,47,0.48865805327186757,89.32173098652972,172394.29192687134,0.8296981323846531,15.0,0.3191489361702128,0.3894558507232887,21.0,0.44680851063829785,0.21298942298353818,11.0,0.23404255319148937,,,0.0,,,0.0,0.30781902251413,0.521879109870523,15.0,15.0,891.7333333333333,578.0,0.8922163919670091,0.6,7.403405792594879e-05,3.841616439836774e+24,973586.060784292,10,2025-07-14 00:00:00+00:00,1,14.312488425925926
1752490800000,48,0.25381002436195443,62.0297011769621,120304.48055574302,0.2874414096480494,21.0,0.4375,0.2413744882612727,13.0,0.2708333333333333,0.2305399548879804,13.0,0.2708333333333333,0.011723805824486074,1.0,0.020833333333333332,,,0.0,0.0980711970460305,0.18937021260201886,21.0,21.0,807.6190476190476,625.0,0.8280224365568946,0.6666666666666666,5.474513184226993e-05,4.917658577963318e+24,882406.6605459513,11,2025-07-14 00:00:00+00:00,1,14.354155092592592
1752494400000,34,0.26174006891079366,42.66796005827543,82079.77209851796,0.28914419876367525,11.0,0.3235294117647059,0.2575061248313506,14.0,0.4117647058823529,0.29118721086685445,6.0,0.17647058823529413,0.12212238124217407,3.0,0.08823529411764706,,,0.0,0.30202716253561324,-0.012882963771937943,11.0,11.0,628.4545454545455,502.0,0.7336503786749146,0.7272727272727273,5.2894096180756636e-05,5.047894866821437e+24,1166611.312018785,12,2025-07-14 00:00:00+00:00,1,14.39582175925926
1752498000000,71,0.2531551890429392,85.67740393580912,168679.4010124938,0.276373469330806,19.0,0.2676056338028169,0.32169630799204874,31.0,0.43661971830985913,0.13096842652427906,21.0,0.29577464788732394,,,0.0,,,0.0,0.15654671812885904,0.11982675120194691,19.0,19.0,818.578947368421,725.0,0.8749095651440795,0.5263157894736842,6.239314469118798e-05,4.4412518133474916e+24,1227202.5216269868,13,2025-07-14 00:00:00+00:00,1,14.437488425925926
1752501600000,82,0.33308911762278764,99.53125047411174,195242.56032161426,0.33221603545075407,19.0,0.23170731707317074,0.4456037600150718,36.0,0.43902439024390244,0.1902943053434739,26.0,0.3170731707317073,0.011815672031349929,1.0,0.012195121951219513,,,0.0,0.18937580158371642,0.14284023386703765,19.0,19.0,1051.4736842105262,764.0,0.9578601471044232,0.47368421052631576,9.700685782494132e-05,3.816541044688925e+24,1550047.0451877234,14,2025-07-14 00:00:00+00:00,1,14.479155092592592
1752505200000,55,0.4738131809664832,69.39663349510508,133418.41184221444,0.4070424174191227,22.0,0.4,0.8221214148882657,19.0,0.34545454545454546,0.10603463478991633,14.0,0.2545454545454545,,,0.0,,,0.0,0.14561514297124317,0.2614272744478795,22.0,22.0,1458.1818181818182,666.5,0.99021414758316,0.6363636363636364,7.938715635809463e-05,2.3402997279711673e+24,874035.6376534199,15,2025-07-14 00:00:00+00:00,1,14.52082175925926
1752508800000,68,0.2936161872093829,57.10242619347206,110411.59106796482,0.31015883232807556,23.0,0.3382352941176471,0.33450892758210066,30.0,0.4411764705882353,0.19935420568694084,14.0,0.20588235294117646,0.006020879612105186,1.0,0.014705882352941176,,,0.0,0.09668820570362208,0.21347062662445343,23.0,23.0,695.3913043478261,427.0,0.7184586825315584,0.7391304347826086,6.923885718627941e-05,2.796590165228236e+24,880877.049193456,16,2025-07-14 00:00:00+00:00,1,14.562488425925926
1752512400000,40,0.4090691891671149,53.207039556451704,101404.8085496605,0.44769012632189903,17.0,0.425,0.5040332409360205,14.0,0.35,0.18839667178978056,9.0,0.225,,,0.0,,,0.0,0.16755576031499728,0.2801343660069018,17.0,17.0,894.9411764705883,568.0,0.8510178726008643,0.6470588235294118,5.7090749389783664e-05,3.311907314047136e+24,628262.0749284955,17,2025-07-14 00:00:00+00:00,1,14.604155092592592
1752516000000,61,0.3346665219668437,72.21318859568879,141527.68551439964,0.3426188417139789,15.0,0.2459016393442623,0.3422884394396013,39.0,0.639344262295082,0.13960986744739953,6.0,0.09836065573770492,1.0884668714389356,1.0,0.01639344262295082,,,0.0,0.24604871786264274,0.09657012385133612,15.0,15.0,1075.4,885.0,0.9094122567135138,0.4666666666666667,6.164409082298109e-05,3.131351186373545e+24,679801.9701463362,18,2025-07-14 00:00:00+00:00,1,14.64582175925926
1752519600000,64,0.3511887507058652,68.61848879876766,131245.42155911337,0.40329550921622453,22.0,0.34375,0.3192066022012355,30.0,0.46875,0.35549316159743644,11.0,0.171875,0.11695599880956908,1.0,0.015625,,,0.0,0.23191480174494722,0.1713807074712773,22.0,22.0,1004.8636363636364,687.0,0.9407890811384966,0.5909090909090909,5.573006848337917e-05,3.094501215379909e+24,503203.1049889858,19,2025-07-14 00:00:00+00:00,1,14.687488425925926
1752523200000,95,0.32838067755541905,105.50705517389092,204399.21868622984,0.3974666768652796,35.0,0.3684210526315789,0.31315519880594744,38.0,0.4,0.26920635037014795,20.0,0.21052631578947367,0.00040305772553306946,2.0,0.021052631578947368,,,0.0,0.16086969592764525,0.23659698093763432,35.0,35.0,865.1428571428571,655.0,0.859166505631483,0.5714285714285714,7.790714820951558e-05,3.1559244469803373e+24,905623.800796165,20,2025-07-14 00:00:00+00:00,1,14.729155092592592
1752526800000,24,1.8509772734215435,389.2705537471372,226919.0215663003,0.2728611036761962,8.0,0.3333333333333333,4.050995952495811,10.0,0.4166666666666667,0.34587427044352903,5.0,0.20833333333333334,0.0012348555317219859,1.0,0.041666666666666664,,,0.0,0.0921351569666039,0.1807259467095923,8.0,8.0,3150.5,3016.5,1.6916285235667134,0.0,5.018189084146e-05,3.2895322387929685e+24,1351133.4596443498,21,2025-07-14 00:00:00+00:00,1,14.77082175925926
1752530400000,23,0.24954273863598636,23.4871755943903,46087.76251453287,0.242836261252585,9.0,0.391304347826087,0.3089821853699339,11.0,0.4782608695652174,0.051717532761716124,3.0,0.13043478260869565,,,0.0,,,0.0,0.09814438305124075,0.14469187820134424,9.0,9.0,985.5555555555555,803.0,0.9411196354537589,0.3333333333333333,3.929680266114116e-05,3.307154819541699e+24,207049.3903240357,22,2025-07-14 00:00:00+00:00,1,14.812488425925926
1752534000000,28,0.14903861478367886,21.173684537983323,41803.99630528493,0.06289191335144521,3.0,0.10714285714285714,0.12868170119786324,19.0,0.6785714285714286,0.2565755251882117,6.0,0.21428571428571427,,,0.0,,,0.0,0.06289191335144521,0.0,3.0,3.0,1086.3333333333333,1329.0,0.9642056863099676,0.3333333333333333,3.715516248954692e-05,4.204157744222111e+24,364472.948090417,23,2025-07-14 00:00:00+00:00,1,14.854155092592592
1752537600000,50,0.28821740860749834,53.88681146949086,103245.18514928769,0.39288686711704884,12.0,0.24,0.32205118489935075,26.0,0.52,0.11024143479893433,12.0,0.24,,,0.0,,,0.0,0.16306045632824995,0.22982641078879892,12.0,12.0,1139.0833333333333,916.5,0.9827977589736862,0.4166666666666667,5.9764802133150265e-05,3.6207605871016283e+24,749062.0413310087,0,2025-07-15 00:00:00+00:00,1,14.89582175925926
1752541200000,73,0.40485662030912567,103.11862157517126,196899.78592823655,0.4633783592701878,20.0,0.273972602739726,0.41687938949491676,44.0,0.6027397260273972,0.2160303288206754,9.0,0.1232876712328767,,,0.0,,,0.0,0.20858111920180492,0.2547972400683829,20.0,20.0,1381.35,925.5,1.0467704732508456,0.4,8.088257356095378e-05,3.38112743788618e+24,1094233.4633106138,1,2025-07-15 00:00:00+00:00,1,14.937488425925926
1752544800000,65,0.5123895566817968,130.2573098902469,246464.092785369,0.6086618346864255,22.0,0.3384615384615385,0.5333641498382866,33.0,0.5076923076923077,0.2313743876551965,10.0,0.15384615384615385,,,0.0,,,0.0,0.15709000331154843,0.4515718313748771,22.0,22.0,994.5,820.5,0.9465337974660041,0.45454545454545453,7.684357717994732e-05,3.9326231718902627e+24,1482313.19789128,2,2025-07-15 00:00:00+00:00,1,14.979155092592592
1752548400000,100,0.4431276419943607,192.03704722872243,403117.85129760194,0.5852762951265307,37.0,0.37,0.4316085602765636,42.0,0.42,0.2157134165780366,21.0,0.21,,,0.0,,,0.0,1.4371044632918686,-0.8518281681653379,37.0,37.0,694.0,570.0,0.7947530384477607,0.7837837837837838,0.00012459374708218324,4.092862679534141e+24,2537180.816830368,3,2025-07-15 00:00:00+00:00,1,15.02082175925926
1752552000000,59,0.3534179930594619,97.3709093730883,170992.61121707162,0.6984932546641893,14.0,0.23728813559322035,0.24227270548245627,32.0,0.5423728813559322,0.2553868807516155,13.0,0.22033898305084745,,,0.0,,,0.0,0.5826274429369793,0.11586581172720997,14.0,14.0,746.7142857142857,672.5,0.8193886952731332,0.6428571428571429,7.17419346735784e-05,4.261822841874144e+24,1188426.9362976714,4,2025-07-15 00:00:00+00:00,1,15.062488425925926
1752555600000,35,0.13578474076930333,26.78643253907262,53667.689598897945,0.1269863430428163,12.0,0.34285714285714286,0.14859957440688676,16.0,0.45714285714285713,0.1363580903720136,6.0,0.17142857142857143,0.03288807766955049,1.0,0.02857142857142857,,,0.0,0.05365332812840451,0.0733330149144118,12.0,12.0,651.0,544.0,0.7429918912391349,0.6666666666666666,4.8561520053868165e-05,4.4013726788259995e+24,611325.5514168558,5,2025-07-15 00:00:00+00:00,1,15.104155092592592
1752559200000,27,0.2535402215192894,37.47228099207892,73782.19358055091,0.3131837197316146,7.0,0.25925925925925924,0.2206077082824678,13.0,0.48148148148148145,0.2715670931755923,6.0,0.2222222222222222,0.15599717617387643,1.0,0.037037037037037035,,,0.0,0.37593243915271796,-0.06274871942110342,7.0,7.0,1617.5714285714287,1370.0,1.20511413457923,0.2857142857142857,4.401387175793247e-05,4.946448542100034e+24,721993.8025257103,6,2025-07-15 00:00:00+00:00,1,15.14582175925926
1752562800000,49,0.1380985917331864,44.09699523372603,88070.24899815355,0.1889278445989977,16.0,0.32653061224489793,0.13709575095790438,26.0,0.5306122448979592,0.02564227949095092,7.0,0.14285714285714285,,,0.0,,,0.0,0.16140844527057652,0.02751939932842118,16.0,16.0,1093.1875,563.5,0.9336785656471165,0.625,5.01378093915924e-05,5.070519758260955e+24,929116.9901125922,7,2025-07-15 00:00:00+00:00,1,15.187488425925926
1752566400000,41,0.23740618049998885,43.15922317096468,83585.8872365988,0.3227359079592121,15.0,0.36585365853658536,0.12475731681423753,17.0,0.4146341463414634,0.260993980686119,7.0,0.17073170731707318,0.47239126523324504,2.0,0.04878048780487805,,,0.0,0.17557288748508396,0.1471630204741281,15.0,15.0,779.9333333333333,723.0,0.8506577165652534,0.5333333333333333,5.6794856161236096e-05,4.486186105414118e+24,882830.0812660524,8,2025-07-15 00:00:00+00:00,1,15.229155092592592
1752570000000,25,0.14834560557253507,20.31777528916379,40052.51636153748,0.17202456122883836,4.0,0.16,0.15743323396642667,17.0,0.68,0.08604422924219246,4.0,0.16,,,0.0,,,0.0,0.0983884210684115,0.07363614016042686,4.0,4.0,1132.25,789.0,1.0053822775257253,0.5,3.6499195768429344e-05,4.5047872203480034e+24,775309.1908435799,9,2025-07-15 00:00:00+00:00,1,15.27082175925926
1752573600000,29,0.26706288797022076,35.291065943739795,68314.74481943525,0.26940317465867714,11.0,0.3793103448275862,0.19601927265544986,15.0,0.5172413793103449,0.6136999133530687,3.0,0.10344827586206896,,,0.0,,,0.0,0.3629601842066574,-0.09355700954798025,11.0,11.0,650.9090909090909,477.0,0.7632266143593583,0.8181818181818182,3.748346820046652e-05,4.608243830240474e+24,407961.97559831134,10,2025-07-15 00:00:00+00:00,1,15.312488425925926
1752577200000,58,0.24155785038602406,70.73578772150874,139916.70860568373,0.2729493927692839,26.0,0.4482758620689655,0.19508143351507115,21.0,0.3620689655172414,0.25608736423377454,11.0,0.1896551724137931,,,0.0,,,0.0,0.18219773480215015,0.09075165796713379,26.0,26.0,931.5769230769231,605.0,0.8665611865197508,0.6923076923076923,5.114247418628842e-05,4.4852105663814424e+24,983305.8257154885,11,2025-07-15 00:00:00+00:00,1,15.354155092592592
1752580800000,62,0.29748649076495187,105.14857355455732,207064.27886556924,0.34928964559683295,20.0,0.3225806451612903,0.3085595361523906,29.0,0.46774193548387094,0.19308792054392526,13.0,0.20967741935483872,,,0.0,,,0.0,0.23174132931331073,0.11754831628352225,20.0,20.0,820.95,681.5,0.8552849649650144,0.6,7.609773798077354e-05,5.006941039787655e+24,1268803.0096229443,12,2025-07-15 00:00:00+00:00,1,15.39582175925926
1752584400000,87,0.3860806434682715,154.04510478089173,302448.6394208416,0.44713794755117636,30.0,0.3448275862068966,0.4361128990413376,33.0,0.3793103448275862,0.15994918780150935,21.0,0.2413793103448276,0.808072981002832,3.0,0.034482758620689655,,,0.0,0.3988102905145884,0.04832765703658796,30.0,30.0,877.4,811.0,0.8950353215572204,0.4,8.712061180101429e-05,3.7683719002064837e+24,1606699.1805085996,13,2025-07-15 00:00:00+00:00,1,15.437488425925926
1752588000000,90,0.43904528277886845,180.95527209171908,368521.1172519397,0.3410301193190472,35.0,0.3888888888888889,0.6133144350366186,38.0,0.4222222222222222,0.2512983966200005,17.0,0.18888888888888888,,,0.0,,,0.0,0.17790323960157614,0.16312687971747103,35.0,35.0,1049.4857142857143,688.0,0.9137308551726131,0.6285714285714286,0.00010364070057042977,3.8056302736548656e+24,1763469.6531450402,14,2025-07-15 00:00:00+00:00,1,15.479155092592592
1752591600000,72,0.27721867945643874,123.26429135253368,258035.84949563086,0.2745124403284572,28.0,0.3888888888888889,0.29585710395946,32.0,0.4444444444444444,0.23383077208033887,12.0,0.16666666666666666,,,0.0,,,0.0,0.1434443777017715,0.13106806262668563,28.0,28.0,909.0,571.0,0.8351494243051548,0.6428571428571429,8.221077066206541e-05,4.883142748923487e+24,1631806.3358566095,15,2025-07-15 00:00:00+00:00,1,15.52082175925926
1752595200000,70,0.31836244816915754,93.4188832025913,190029.45951289966,0.37972441119728684,32.0,0.45714285714285713,0.34304208351234744,23.0,0.32857142857142857,0.1496148195162571,15.0,0.21428571428571427,,,0.0,,,0.0,0.15601299136126529,0.22371141983602155,32.0,32.0,759.5,671.0,0.8162260526280068,0.59375,6.982617450041477e-05,3.609589344479483e+24,813684.0456223328,16,2025-07-15 00:00:00+00:00,1,15.562488425925926
1752598800000,31,0.33238897728945327,30.999181845759317,60317.7764868727,0.3689418891273493,9.0,0.2903225806451613,0.41275312211035114,15.0,0.4838709677419355,0.11318349459594872,7.0,0.22580645161290322,,,0.0,,,0.0,0.20663564485472158,0.16230624427262777,9.0,9.0,1218.888888888889,777.0,1.0358211895409521,0.4444444444444444,4.610985211330622e-05,2.6770342683441676e+24,442438.55010810326,17,2025-07-15 00:00:00+00:00,1,15.604155092592592
1752602400000,56,0.36874001279532703,73.29985697505676,144550.84805770084,0.43120898522171375,25.0,0.44642857142857145,0.33631696203066797,23.0,0.4107142857142857,0.2667407449112634,8.0,0.14285714285714285,,,0.0,,,0.0,0.3612054630175264,0.07000352220418726,25.0,25.0,1354.52,770.0,1.0077253887110158,0.48,8.224553686015141e-05,2.7302529757161405e+24,773190.3479662718,18,2025-07-15 00:00:00+00:00,1,15.64582175925926
1752606000000,62,0.3040978313741383,57.97889831238756,114436.14136369157,0.4318267801061192,20.0,0.3225806451612903,0.25185872793274205,26.0,0.41935483870967744,0.22932518855143125,16.0,0.25806451612903225,,,0.0,,,0.0,0.15469430235737647,0.2771324777487427,20.0,20.0,778.95,549.5,0.8127413290700808,0.65,6.207685185731112e-05,2.7180255652683005e+24,538961.4564950422,19,2025-07-15 00:00:00+00:00,1,15.687488425925926
1752609600000,64,0.3125560460134945,63.74163999276168,126365.47454496352,0.37963233792206597,23.0,0.359375,0.29016564284511065,34.0,0.53125,0.20091590227462433,7.0,0.109375,,,0.0,,,0.0,0.16391322694344765,0.2157191109786183,23.0,23.0,998.8695652173913,771.0,0.9334994454260191,0.4782608695652174,7.628350028244485e-05,2.64415951117306e+24,508082.6593953974,20,2025-07-15 00:00:00+00:00,1,15.729155092592592
1752613200000,25,0.4594359581246365,29.436899288846643,53029.30084261194,0.5084691547918617,6.0,0.24,0.4448122783821161,15.0,0.6,0.44072496215824974,4.0,0.16,,,0.0,,,0.0,0.33867122211798906,0.16979793267387264,6.0,6.0,2945.5,1065.0,1.444739864505457,0.0,4.2165315092428095e-05,2.689451447528272e+24,244351.39900059707,21,2025-07-15 00:00:00+00:00,1,15.77082175925926
1752616800000,39,0.43443930742274844,49.12609374830131,101793.12800341175,0.31319754171764386,12.0,0.3076923076923077,0.5481986566289154,17.0,0.4358974358974359,0.42808709148171836,9.0,0.23076923076923078,0.012601502848434872,1.0,0.02564102564102564,,,0.0,0.09566649958316971,0.21753104213447413,12.0,12.0,3670.6666666666665,816.0,1.405269615076457,0.5,4.386098870789352e-05,2.6630539529460557e+24,385022.9349469031,22,2025-07-15 00:00:00+00:00,1,15.812488425925926
1752620400000,24,0.41219769026143877,37.464717412155544,81111.03991594532,0.5850381374440831,11.0,0.4583333333333333,0.3973446947908065,8.0,0.3333333333333333,0.0557134992126328,5.0,0.20833333333333334,,,0.0,,,0.0,1.2568308123493606,-0.6717926749052775,11.0,11.0,700.2727272727273,532.0,0.7921158224215968,0.7272727272727273,5.777175816267929e-05,2.497638812235448e+24,326323.93777058565,23,2025-07-15 00:00:00+00:00,1,15.854155092592592
1752624000000,34,0.18236444544553468,28.959037705330335,58357.763819991196,0.18870690059332454,11.0,0.3235294117647059,0.2440035693931037,15.0,0.4411764705882353,0.05807021221563169,8.0,0.23529411764705882,,,0.0,,,0.0,0.13604869616753174,0.05265820442579283,11.0,11.0,821.8181818181819,761.0,0.872072496714818,0.45454545454545453,5.519735226127603e-05,2.9862229463435587e+24,624637.6621360511,0,2025-07-16 00:00:00+00:00,1,15.89582175925926
1752627600000,26,0.17620116910990113,24.665856057296324,50138.06747679097,0.2832395979254062,11.0,0.4230769230769231,0.11722237461382286,9.0,0.34615384615384615,0.06843224135892582,6.0,0.23076923076923078,,,0.0,,,0.0,0.16489477039628775,0.11834482752911848,11.0,11.0,690.0909090909091,740.0,0.790301755626389,0.5454545454545454,5.295608941584104e-05,3.296340946899065e+24,482523.83056555263,1,2025-07-16 00:00:00+00:00,1,15.937488425925926
1752631200000,48,0.2596017375365853,51.46756018317534,101004.77023354749,0.3210943959336453,23.0,0.4791666666666667,0.18266131231141125,19.0,0.3958333333333333,0.26752456022757287,6.0,0.125,,,0.0,,,0.0,0.2135032676318668,0.1075911283017785,23.0,23.0,896.2608695652174,734.0,0.8736881508871106,0.6521739130434783,5.469997038079588e-05,3.502515303343842e+24,840460.5542603763,2,2025-07-16 00:00:00+00:00,1,15.979155092592592
1752634800000,30,0.42592801331417024,53.09758675945417,97643.76455087459,0.5760897693861721,15.0,0.5,0.33044172905972047,10.0,0.3333333333333333,0.1664153136070644,5.0,0.16666666666666666,,,0.0,,,0.0,0.4405940735916165,0.1354956957945556,15.0,15.0,659.1333333333333,644.0,0.7850422809782411,0.7333333333333333,4.619354755434262e-05,3.9452380705091867e+24,488629.3431394025,3,2025-07-16 00:00:00+00:00,1,16.02082175925926
1752638400000,38,0.2345154463497972,37.52804299511626,72688.90190990522,0.36272366052734084,16.0,0.42105263157894735,0.1683975050786182,15.0,0.39473684210526316,0.08314940238222376,7.0,0.18421052631578946,,,0.0,,,0.0,0.14426169998360983,0.21846196054373102,16.0,16.0,1356.375,856.0,1.0584930609468706,0.4375,4.741258754472791e-05,3.8483248228965856e+24,502759.2707047814,4,2025-07-16 00:00:00+00:00,1,16.062488425925928
1752642000000,22,0.16766701927472516,18.056685772261982,36256.53533994714,0.2826916625905686,9.0,0.4090909090909091,0.09522491281244594,10.0,0.45454545454545453,0.0640667775347924,3.0,0.13636363636363635,,,0.0,,,0.0,0.2665512020543135,0.0161404605362551,9.0,9.0,732.2222222222222,540.0,0.8187078676833293,0.7777777777777778,3.714637932704447e-05,3.77731561298576e+24,340739.5691067336,5,2025-07-16 00:00:00+00:00,1,16.104155092592592
1752645600000,22,0.21701573902340457,19.11516049770008,38005.878859660195,0.23057922823588753,5.0,0.22727272727272727,0.18927360989915523,13.0,0.5909090909090909,0.2902232971616113,4.0,0.18181818181818182,,,0.0,,,0.0,0.2303876030412865,0.00019162519460103056,5.0,5.0,412.6,475.0,0.617000296766822,1.0,3.850158238034395e-05,3.644421098471846e+24,465216.77338752407,6,2025-07-16 00:00:00+00:00,1,16.14582175925926
1752649200000,21,0.2844576898621505,21.812276065579184,42017.395585783255,0.26464606205956354,5.0,0.23809523809523808,0.3102072297681971,12.0,0.5714285714285714,0.23197360489724417,4.0,0.19047619047619047,,,0.0,,,0.0,0.2356712019581141,0.02897486010144945,5.0,5.0,601.8,649.0,0.7672176522254415,0.8,3.711179844139192e-05,3.39634922276148e+24,522086.7541776224,7,2025-07-16 00:00:00+00:00,1,16.187488425925928
1752652800000,47,0.24541599293020752,44.681926430599184,86669.05976862847,0.2968639909152333,23.0,0.48936170212765956,0.1581254365573591,15.0,0.3191489361702128,0.25942203647877793,9.0,0.19148936170212766,,,0.0,,,0.0,0.19642246180444486,0.10044152911078842,23.0,23.0,510.2173913043478,482.0,0.6822196760803964,0.8260869565217391,4.647420094845451e-05,3.7553380576879495e+24,626120.039527129,8,2025-07-16 00:00:00+00:00,1,16.229155092592592
1752656400000,27,0.5282488190201551,52.008096552202346,90962.24639791448,0.17917686088129792,11.0,0.4074074074074074,0.9499338752467821,10.0,0.37037037037037035,0.5584828019097365,5.0,0.18518518518518517,1.9881833406183713e-05,1.0,0.037037037037037035,,,0.0,0.12703593851259276,0.05214092236870516,11.0,11.0,940.3636363636364,665.0,0.8528459662380746,0.6363636363636364,4.0535220033700337e-05,3.3375627219714695e+24,662416.6193862805,9,2025-07-16 00:00:00+00:00,1,16.27082175925926
1752660000000,20,0.25234936217133785,24.106713021105147,48148.73773669017,0.4048602792563673,7.0,0.35,0.13646651408383714,10.0,0.5,0.2827667159312714,3.0,0.15,,,0.0,,,0.0,0.3637699570734704,0.04109032218289699,7.0,7.0,948.4285714285714,791.0,0.893848748847616,0.42857142857142855,3.8498117741781145e-05,3.2971811197045154e+24,339555.38698679325,10,2025-07-16 00:00:00+00:00,1,16.312488425925928
1752663600000,37,0.2542121160973312,34.496062409336076,65200.819912226165,0.21963330820929264,15.0,0.40540540540540543,0.10476846363265095,15.0,0.40540540540540543,0.6485459597103002,7.0,0.1891891891891892,,,0.0,,,0.0,0.10426887017212384,0.11536443803716878,15.0,15.0,1721.9333333333334,705.0,1.1655643960025006,0.5333333333333333,4.980299822045778e-05,3.526923328277453e+24,454044.01338172104,11,2025-07-16 00:00:00+00:00,1,16.354155092592592
1752667200000,67,0.24891233579361444,74.21764627137512,147674.59565752072,0.354006650667542,20.0,0.29850746268656714,0.19960543956360544,31.0,0.4626865671641791,0.23395371885480643,14.0,0.208955223880597,0.06693639719113509,2.0,0.029850746268656716,,,0.0,0.25309816163538323,0.10090848903215877,20.0,20.0,645.45,673.0,0.7626894202505261,0.65,7.062161205670652e-05,3.6368823199792895e+24,787388.9572500703,12,2025-07-16 00:00:00+00:00,1,16.39582175925926
1752670800000,81,0.34118708243441,111.35197273783275,204907.08562488342,0.28766121706010955,15.0,0.18518518518518517,0.4758336206061551,35.0,0.43209876543209874,0.2205051346900098,29.0,0.35802469135802467,0.13620489702992777,2.0,0.024691358024691357,,,0.0,0.27796511582478967,0.009696101235319913,15.0,15.0,597.2666666666667,493.0,0.7323955700306501,0.7333333333333333,7.00875488019744e-05,3.3009927425840184e+24,3009985.91604596,13,2025-07-16 00:00:00+00:00,1,16.437488425925928
1752674400000,88,0.5880482106347716,159.80828295895506,293792.07188446226,0.34617880794295636,34.0,0.38636363636363635,0.8564751428238131,39.0,0.4431818181818182,0.46591450946019647,14.0,0.1590909090909091,0.052829363227928534,1.0,0.011363636363636364,,,0.0,0.2239017545644351,0.12227705337852125,34.0,34.0,695.2058823529412,629.0,0.7620715414967095,0.6764705882352942,8.95878956356271e-05,3.063778350194883e+24,2425626.337627919,14,2025-07-16 00:00:00+00:00,1,16.479155092592592
1752678000000,124,0.4266415351194334,151.56328341511778,316496.96470393235,0.46127842299847205,49.0,0.3951612903225806,0.3896339257905662,45.0,0.3629032258064516,0.4391693170712776,29.0,0.23387096774193547,0.03147077224208584,1.0,0.008064516129032258,,,0.0,0.4642508319305679,-0.0029724089320958473,49.0,49.0,687.8163265306123,487.0,0.7526835116310964,0.6530612244897959,0.00011095100495441457,2.5344639329060523e+24,2069391.6069649,15,2025-07-16 00:00:00+00:00,1,16.52082175925926
1752681600000,76,0.3664813215598712,77.01791861060254,147329.5583543288,0.5001616202406248,22.0,0.2894736842105263,0.3301671837589262,41.0,0.5394736842105263,0.25478232762619163,13.0,0.17105263157894737,,,0.0,,,0.0,0.22768121801772415,0.27248040222290065,22.0,22.0,725.6363636363636,651.0,0.7825982244260662,0.5909090909090909,8.197502719606307e-05,2.2968726292310512e+24,898563.394267966,16,2025-07-16 00:00:00+00:00,1,16.562488425925928
1752685200000,30,0.12928337887700675,22.78469831360231,49057.60429530836,0.23774835072599024,10.0,0.3333333333333333,0.12911859386733215,11.0,0.36666666666666664,0.007379096648861723,8.0,0.26666666666666666,0.02168055331875241,1.0,0.03333333333333333,,,0.0,0.18059188862185482,0.057156462104135386,10.0,10.0,999.7,1000.0,0.9026017179978707,0.4,8.014295013600017e-05,2.606479605298082e+24,697935.952807982,17,2025-07-16 00:00:00+00:00,1,16.604155092592592
1752688800000,42,0.834692095287784,112.31370227398106,170530.85102658003,0.9231982290499128,13.0,0.30952380952380953,0.9374979973632638,23.0,0.5476190476190477,0.24883951418049952,6.0,0.14285714285714285,,,0.0,,,0.0,0.2621331092050915,0.6610651198448212,13.0,13.0,627.0769230769231,600.0,0.7686414527898889,0.7692307692307693,8.887001547651142e-05,2.2558409221335868e+24,685455.9036531548,18,2025-07-16 00:00:00+00:00,1,16.64582175925926
1752692400000,64,0.5114592753185281,83.35374652822699,156883.5536194822,0.554737688174327,20.0,0.3125,0.5064363570311258,37.0,0.578125,0.4143563781068008,7.0,0.109375,,,0.0,,,0.0,0.2859888294282674,0.2687488587460596,20.0,20.0,893.4,540.0,0.8818885319258876,0.6,8.410910852986889e-05,2.4662871908276704e+24,733609.7933263177,19,2025-07-16 00:00:00+00:00,1,16.687488425925928
1752696000000,77,0.4768809434310907,97.37444470895147,185577.12019447386,0.7352888484873594,30.0,0.38961038961038963,0.3537223830113882,29.0,0.37662337662337664,0.24462322679127466,18.0,0.23376623376623376,,,0.0,,,0.0,0.6430175644665014,0.092271284020858,30.0,30.0,1036.2666666666667,656.0,0.8807895141233444,0.5333333333333333,9.686919000655235e-05,2.3241398952625786e+24,802510.9016514468,20,2025-07-16 00:00:00+00:00,1,16.729155092592592
1752699600000,80,0.41800330226253896,87.18840079880493,185384.29261778094,0.5752624325490342,27.0,0.3375,0.314172679758923,41.0,0.5125,0.4189248860052792,12.0,0.15,,,0.0,,,0.0,0.3103825078516231,0.264879924697411,27.0,27.0,1300.148148148148,713.0,0.9833672320507029,0.6296296296296297,8.08984922191064e-05,2.189695313433318e+24,699350.7290694843,21,2025-07-16 00:00:00+00:00,1,16.77082175925926
1752703200000,102,0.4795802594465037,141.7971452363633,277295.5332368094,0.44706649166669715,53.0,0.5196078431372549,0.5264386494287838,37.0,0.3627450980392157,0.5209793513018427,11.0,0.10784313725490197,0.01365951202314964,1.0,0.00980392156862745,,,0.0,0.3123917241271189,0.13467476753957827,53.0,53.0,785.1320754716982,690.0,0.8424983401350625,0.6226415094339622,9.687898080811351e-05,2.337523968063155e+24,837400.8833897613,22,2025-07-16 00:00:00+00:00,1,16.812488425925928
1752706800000,113,0.3885869133826585,157.33869517548567,307579.82372833247,0.3760237003875887,50.0,0.4424778761061947,0.4104371488640607,52.0,0.46017699115044247,0.3424004047208928,11.0,0.09734513274336283,,,0.0,,,0.0,0.26886427272803537,0.10715942765955333,50.0,50.0,647.34,622.5,0.7681449243887343,0.76,8.9431191261776e-05,2.9146749136939933e+24,1001619.6774527953,23,2025-07-16 00:00:00+00:00,1,16.854155092592592
1752710400000,64,0.6998758336111037,140.5614639445635,234786.28986112992,0.9298614309343244,30.0,0.46875,0.5573589611780094,27.0,0.421875,0.2639312101820933,7.0,0.109375,,,0.0,,,0.0,1.1248701460735466,-0.19500871513922213,30.0,30.0,808.8333333333334,616.5,0.8424597042858909,0.5333333333333333,0.00010215673564183109,2.690619720710476e+24,1226365.7570907902,0,2025-07-17 00:00:00+00:00,1,16.89582175925926
1752714000000,246,0.5212407377819114,380.49668364206383,756809.2888707562,0.48680998071052456,102.0,0.4146341463414634,0.7071373721519966,83.0,0.33739837398373984,0.3112869667105004,55.0,0.22357723577235772,0.4595697340305744,6.0,0.024390243902439025,,,0.0,0.5299916064845486,-0.04318162577402406,102.0,102.0,594.1372549019608,580.5,0.7195113023201177,0.7843137254901961,0.00019473424582413764,2.5123720376867564e+24,3312677.434719475,1,2025-07-17 00:00:00+00:00,1,16.937488425925928
1752717600000,162,0.6269657381714439,320.0152920947286,609717.8099643107,0.5140830935554216,74.0,0.4567901234567901,0.8629685127256725,62.0,0.38271604938271603,0.31094544365193955,22.0,0.13580246913580246,0.7953632778345865,4.0,0.024691358024691357,,,0.0,0.25640063790315254,0.257682455652269,74.0,74.0,697.7027027027027,542.0,0.7575986778958976,0.7702702702702703,0.00012702938859849623,2.5665195629211666e+24,2677929.25146507,2,2025-07-17 00:00:00+00:00,1,16.979155092592592
1752721200000,140,0.4411546915329297,195.5800352369315,391650.61638926517,0.4918286705656777,57.0,0.40714285714285714,0.48591214637379926,53.0,0.37857142857142856,0.2640097221464041,28.0,0.2,0.2909033072279231,2.0,0.014285714285714285,,,0.0,0.23366120942978588,0.25816746113589184,57.0,57.0,655.1929824561404,640.0,0.7816531982108219,0.6666666666666666,0.00012075594590873272,2.6585216805531104e+24,2021741.0472743819,3,2025-07-17 00:00:00+00:00,1,17.02082175925926
1752724800000,40,0.2088505738877299,27.46768537429084,54862.76131427022,0.23225627912336932,18.0,0.45,0.20370884978757092,14.0,0.35,0.16463290493723054,7.0,0.175,0.1690556997019409,1.0,0.025,,,0.0,0.16964351507547754,0.06261276404789179,18.0,18.0,832.1666666666666,540.0,0.7857093544990981,0.7222222222222222,6.278394101457946e-05,2.645392127945769e+24,659304.4877557468,4,2025-07-17 00:00:00+00:00,1,17.062488425925928
1752728400000,68,0.2638483503598381,68.01603243551531,136861.4650767754,0.3257064772653854,37.0,0.5441176470588235,0.19282577105362175,20.0,0.29411764705882354,0.18410651505055153,8.0,0.11764705882352941,0.18706020805762916,3.0,0.04411764705882353,,,0.0,0.17335470276472556,0.15235177450065981,37.0,37.0,739.2972972972973,622.0,0.8070944023430573,0.6216216216216216,8.50729921629665e-05,2.687371200901078e+24,1093701.3370094544,5,2025-07-17 00:00:00+00:00,1,17.104155092592592
1752732000000,119,0.5351266593836856,203.85250178036347,375848.12295729417,0.4338455290364881,39.0,0.3277310924369748,0.6661204914359314,57.0,0.4789915966386555,0.3822273401038028,23.0,0.19327731092436976,,,0.0,,,0.0,0.18355897318483297,0.25028655585165516,39.0,39.0,676.6923076923077,575.0,0.7720851870010607,0.6666666666666666,0.0001660958362107243,2.693528626849157e+24,2622209.8186153467,6,2025-07-17 00:00:00+00:00,1,17.14582175925926
1752735600000,116,0.349235016770805,148.19732345807057,295510.24813625216,0.31362377654968515,47.0,0.4051724137931034,0.39275758335348954,52.0,0.4482758620689655,0.33062781384666107,16.0,0.13793103448275862,0.057505091650149505,1.0,0.008620689655172414,,,0.0,0.15356701069318338,0.16005676585650178,47.0,47.0,675.7234042553191,606.0,0.7742093627048927,0.6808510638297872,0.00010949845093742067,2.786352382955863e+24,1598045.4163254155,7,2025-07-17 00:00:00+00:00,1,17.187488425925928
1752739200000,60,0.46258755050377237,87.19096925703337,170338.04866486546,0.5124640273970122,29.0,0.48333333333333334,0.4914954322644492,22.0,0.36666666666666664,0.23121074732167823,9.0,0.15,,,0.0,,,0.0,0.23937201314732298,0.2730920142496892,29.0,29.0,882.1379310344828,600.0,0.8287131078633254,0.5862068965517241,0.0001376079550688003,2.7677303879696826e+24,1396527.112270502,8,2025-07-17 00:00:00+00:00,1,17.229155092592592
1752742800000,74,0.5375177244578924,131.824679964317,252029.76366196683,0.542190671701746,36.0,0.4864864864864865,0.7385323652414238,26.0,0.35135135135135137,0.08796716102867981,12.0,0.16216216216216217,,,0.0,,,0.0,0.23304023506313298,0.3091504366386129,36.0,36.0,809.0555555555555,558.0,0.8034560610696445,0.6388888888888888,0.00010268391855802781,2.7940554936053707e+24,1209726.0241720641,9,2025-07-17 00:00:00+00:00,1,17.27082175925926
1752746400000,130,0.43723999571501004,193.14499969859057,379968.4317703571,0.49706915107049404,54.0,0.4153846153846154,0.44461722377751983,52.0,0.4,0.2836676168934019,22.0,0.16923076923076924,0.31934103852937923,2.0,0.015384615384615385,,,0.0,0.18207385114953245,0.3149952999209615,54.0,54.0,735.425925925926,628.0,0.8138583926172607,0.6851851851851852,0.00011440936192376978,2.834001710511296e+24,1832028.0370744134,10,2025-07-17 00:00:00+00:00,1,17.312488425925928
1752750000000,81,0.3887808556487942,130.54697389998648,260266.05124555464,0.4620060062317965,43.0,0.5308641975308642,0.3690645484757544,31.0,0.38271604938271603,0.02628429097667113,7.0,0.08641975308641975,,,0.0,,,0.0,0.1607363480624435,0.301269658169353,43.0,43.0,908.6046511627907,579.0,0.8481818753670546,0.6744186046511628,7.702862538181318e-05,3.033612933383238e+24,1051614.189263978,11,2025-07-17 00:00:00+00:00,1,17.354155092592592
1752753600000,103,0.37884242398571877,140.70273795272274,272492.99442640913,0.27108945992528133,43.0,0.4174757281553398,0.5422382828104311,45.0,0.4368932038834951,0.19754667781816918,15.0,0.14563106796116504,,,0.0,,,0.0,0.12824878543047957,0.14284067449480176,43.0,43.0,660.6976744186046,515.0,0.7543356371505505,0.7441860465116279,8.750968788705258e-05,2.924272490316297e+24,1299287.6246131759,12,2025-07-17 00:00:00+00:00,1,17.39582175925926
1752757200000,129,0.4451984714819136,185.78666609834295,349204.89717305143,0.47917947955107115,33.0,0.2558139534883721,0.5710310609823858,56.0,0.43410852713178294,0.22937794711078732,38.0,0.29457364341085274,0.4617892953789936,2.0,0.015503875968992248,,,0.0,0.2133774039150281,0.2658020756360431,33.0,33.0,600.1212121212121,496.0,0.7123342523529126,0.8181818181818182,0.0001342416623494588,3.000330984901014e+24,2607685.8963152976,13,2025-07-17 00:00:00+00:00,1,17.437488425925928
1752760800000,115,0.7590356677153436,246.88794847336328,420841.82740776613,0.7362962017736245,39.0,0.3391304347826087,1.000130879846274,44.0,0.3826086956521739,0.3875270376173091,28.0,0.24347826086956523,0.9292585378931116,4.0,0.034782608695652174,,,0.0,0.43554045792549456,0.3007557438481299,39.0,39.0,687.1538461538462,586.0,0.7573323405112186,0.7435897435897436,0.0001464453905089636,2.2293974160411552e+24,2367341.541412901,14,2025-07-17 00:00:00+00:00,1,17.479155092592592
1752764400000,115,0.43141689103667963,156.72920578357954,296929.492986352,0.40876945008811466,41.0,0.3565217391304348,0.4753655116722155,47.0,0.40869565217391307,0.4030677245613218,26.0,0.22608695652173913,0.03145512841696164,1.0,0.008695652173913044,,,0.0,0.2028686756449708,0.2059007744431438,41.0,41.0,700.390243902439,634.0,0.818977268073897,0.6341463414634146,0.00010183180915802899,2.6274462720231307e+24,1880912.713668284,15,2025-07-17 00:00:00+00:00,1,17.52082175925926
1752768000000,132,0.4748751650062647,183.16808704810728,355210.8584198533,0.4435153404092569,48.0,0.36363636363636365,0.6249017503072459,55.0,0.4166666666666667,0.2533401242680108,27.0,0.20454545454545456,0.09250290952389928,2.0,0.015151515151515152,,,0.0,0.17033514859428303,0.2731801918149738,48.0,48.0,674.0,641.5,0.7557095293200957,0.6041666666666666,0.00012130504173227629,2.573348916708588e+24,1646186.1911461826,16,2025-07-17 00:00:00+00:00,1,17.562488425925928
1752771600000,90,0.4908032173896688,142.77952166910632,275937.66343141266,0.5157188002420393,41.0,0.45555555555555555,0.5436817547281397,41.0,0.45555555555555555,0.092108351411606,8.0,0.08888888888888889,,,0.0,,,0.0,0.13108911792605424,0.38462968231598504,41.0,41.0,567.560975609756,590.0,0.7229699512140672,0.7804878048780488,8.096418781519911e-05,2.6166583683385006e+24,857518.5810076554,17,2025-07-17 00:00:00+00:00,1,17.604155092592592
1752775200000,60,0.26356899202270084,60.975803686228204,121612.50180098324,0.288659196493961,40.0,0.6666666666666666,0.22986966794362895,16.0,0.26666666666666666,0.14746424362638721,4.0,0.06666666666666667,,,0.0,,,0.0,0.11472523971431825,0.17393395677964274,40.0,40.0,994.6,679.5,0.9058207478715424,0.575,5.135883073965009e-05,2.74062835029284e+24,425314.8064801464,18,2025-07-17 00:00:00+00:00,1,17.64582175925926
1752778800000,39,0.33320025137182446,58.44111408321599,118470.10142890338,0.23497711315947278,26.0,0.6666666666666666,0.6550078056812058,8.0,0.20512820512820512,0.329068483181043,5.0,0.1282051282051282,,,0.0,,,0.0,0.256945017551883,-0.021967904392410195,26.0,26.0,608.5384615384615,511.0,0.7496335602303292,0.7692307692307693,5.84995094166669e-05,2.8529514521845136e+24,453889.7238414348,19,2025-07-17 00:00:00+00:00,1,17.687488425925928
1752782400000,125,0.49422291510763816,190.88939120623814,383520.718385785,0.4814463684728172,65.0,0.52,0.5207110693660736,45.0,0.36,0.4701234877498893,15.0,0.12,,,0.0,,,0.0,0.1689036921780907,0.3125426762947265,65.0,65.0,659.8,680.0,0.768352905030751,0.6615384615384615,0.0001193535206200896,2.406221978103427e+24,1172167.9761958201,20,2025-07-17 00:00:00+00:00,1,17.729155092592592
1752786000000,128,0.4750959046600839,221.29924331172214,428668.2093876677,0.4799222918702127,57.0,0.4453125,0.5490841927122876,51.0,0.3984375,0.26578321756264667,19.0,0.1484375,0.4035301978716531,1.0,0.0078125,,,0.0,0.18070047674846623,0.29922181512174656,57.0,57.0,1001.1228070175439,589.0,0.865094059896217,0.6842105263157895,0.0001269186692893421,2.8984937429919205e+24,1464802.284493439,21,2025-07-17 00:00:00+00:00,1,17.77082175925926
1752789600000,48,0.40382604218264667,69.45739825549656,135344.0597343077,0.40378561428926923,25.0,0.5208333333333334,0.4368837348730441,21.0,0.4375,0.057225617600691225,2.0,0.041666666666666664,,,0.0,,,0.0,0.1661688541939198,0.23761676009534938,25.0,25.0,682.6,500.0,0.7545678294950533,0.76,5.657713868096761e-05,2.813105093184224e+24,473835.5031037154,22,2025-07-17 00:00:00+00:00,1,17.812488425925928
1752793200000,121,0.3243345816205761,139.76181171339996,275333.786123748,0.40544348473659775,57.0,0.47107438016528924,0.3283175484833706,47.0,0.3884297520661157,0.04136946866971874,17.0,0.14049586776859505,,,0.0,,,0.0,0.1482461635781028,0.257197321158495,57.0,57.0,818.2982456140351,669.0,0.834314627512314,0.5789473684210527,8.344512570200172e-05,2.9731568312988184e+24,973281.4999817747,23,2025-07-17 00:00:00+00:00,1,17.854155092592592
1752796800000,79,0.29730218343409853,99.69507010343229,202226.04655254897,0.35440189783110776,37.0,0.46835443037974683,0.30298820156171674,33.0,0.4177215189873418,0.041710180000682634,9.0,0.11392405063291139,,,0.0,,,0.0,0.19737943438727126,0.15702246344383652,37.0,37.0,674.8648648648649,572.0,0.7514315289599013,0.7297297297297297,7.807828849269677e-05,2.756822836197035e+24,983654.7077630688,0,2025-07-18 00:00:00+00:00,1,17.89582175925926
1752800400000,74,0.517529410090634,80.1752141949234,155994.67868433215,0.3897063477513808,31.0,0.4189189189189189,0.7912371552640839,30.0,0.40540540540540543,0.19070499296089188,13.0,0.17567567567567569,,,0.0,,,0.0,0.1599713513273217,0.22973499642405912,31.0,31.0,751.3548387096774,717.0,0.8132044330220891,0.6129032258064516,9.151435425336772e-05,1.6204291372220813e+24,1060006.6184651225,1,2025-07-18 00:00:00+00:00,1,17.937488425925928
1752804000000,83,0.5185083065253501,104.1400047804887,194264.9838339929,0.5345896182152106,36.0,0.43373493975903615,0.49870668490505365,36.0,0.43373493975903615,0.5306838662976859,11.0,0.13253012048192772,,,0.0,,,0.0,0.1918451804113745,0.3427444378038362,36.0,36.0,794.5,636.0,0.8186810426631504,0.6111111111111112,8.646706979885159e-05,1.8400085305923644e+24,1037854.3062634359,2,2025-07-18 00:00:00+00:00,1,17.979155092592592
1752807600000,62,0.4930595282674932,62.91518266993561,119014.04155215248,0.6527879502684674,20.0,0.3225806451612903,0.5504919367191011,23.0,0.3709677419354839,0.26545291489884093,16.0,0.25806451612903225,0.2017901880981505,3.0,0.04838709677419355,,,0.0,0.4342073941872625,0.21858055608120486,20.0,20.0,991.45,690.0,0.9167594580734475,0.55,6.94852797690647e-05,1.7333480930684963e+24,1122308.1575643967,3,2025-07-18 00:00:00+00:00,1,18.02082175925926
1752811200000,58,0.8999073416020581,112.77391733909387,199939.46815407724,0.7091530531598705,13.0,0.22413793103448276,1.104965460872896,26.0,0.4482758620689655,0.7498175862708292,19.0,0.3275862068965517,,,0.0,,,0.0,0.1564749834372894,0.5526780697225812,13.0,13.0,589.8461538461538,573.0,0.7033012495855379,0.7692307692307693,9.92600242226979e-05,1.969543122764778e+24,1003287.4954915587,4,2025-07-18 00:00:00+00:00,1,18.062488425925928
1752814800000,82,0.5913970880687345,165.47208529017976,317008.8653410311,0.6210480682788999,34.0,0.4146341463414634,0.7426184186295155,30.0,0.36585365853658536,0.2833541300704537,18.0,0.21951219512195122,,,0.0,,,0.0,0.4637476566046619,0.15730041167423792,34.0,34.0,742.2647058823529,501.5,0.8170268392842365,0.6764705882352942,0.00010169547120256971,2.8213751918074034e+24,1898795.0590791933,5,2025-07-18 00:00:00+00:00,1,18.104155092592592
1752818400000,110,0.362863887986185,184.60967644448596,372016.3609862708,0.4563281598905053,41.0,0.37272727272727274,0.36156528483665223,46.0,0.41818181818181815,0.20214211528533102,21.0,0.19090909090909092,0.16429279974583977,2.0,0.01818181818181818,,,0.0,0.21128176311065439,0.24504639677985096,41.0,41.0,555.3170731707318,512.0,0.7067643215055023,0.7560975609756098,9.569932310332385e-05,3.3693771689327024e+24,2075303.7024062776,6,2025-07-18 00:00:00+00:00,1,18.14582175925926
1752822000000,117,0.41755105559455646,134.87503037524468,270159.82520929317,0.5071452795551561,47.0,0.4017094017094017,0.43502716810689834,40.0,0.3418803418803419,0.2577902873459149,29.0,0.24786324786324787,0.1406403081633022,1.0,0.008547008547008548,,,0.0,0.21825999693778686,0.2888852826173692,47.0,47.0,664.4893617021277,566.0,0.7676302470284957,0.7021276595744681,9.52891851446325e-05,2.2403418628480385e+24,1754189.251272812,7,2025-07-18 00:00:00+00:00,1,18.187488425925928
1752825600000,162,0.5767820535273452,233.17323922349516,446441.58245498076,0.4818831816063453,54.0,0.3333333333333333,0.7207493535363089,71.0,0.4382716049382716,0.41072676144119724,34.0,0.20987654320987653,0.7596956248695541,3.0,0.018518518518518517,,,0.0,0.21593590143342856,0.2659472801729167,54.0,54.0,631.7777777777778,522.0,0.7360345161493775,0.7407407407407407,0.00011885851974375784,2.0574168027658005e+24,2533602.158580029,8,2025-07-18 00:00:00+00:00,1,18.229155092592592
1752829200000,130,0.49862015790183795,155.23166450265444,291466.6622033506,0.5369185718644908,50.0,0.38461538461538464,0.5514829845552164,46.0,0.35384615384615387,0.38432456696584644,31.0,0.23846153846153847,0.23080435617773165,3.0,0.023076923076923078,,,0.0,0.5806614385230934,-0.04374286665860261,50.0,50.0,662.98,661.5,0.7713271536361979,0.58,0.0001060191734080647,2.1474347002715244e+24,1341384.7663576822,9,2025-07-18 00:00:00+00:00,1,18.27082175925926
1752832800000,112,0.36891837574828584,128.9537312751727,259467.21998487934,0.42984687609780275,48.0,0.42857142857142855,0.37014182515303373,49.0,0.4375,0.17757886360146694,13.0,0.11607142857142858,0.12036668589788124,2.0,0.017857142857142856,,,0.0,0.384052851944293,0.04579402415350967,48.0,48.0,668.625,606.5,0.7584963209336802,0.6875,9.620575110884834e-05,2.199321133215369e+24,1487925.1862893014,10,2025-07-18 00:00:00+00:00,1,18.312488425925928
1752836400000,73,0.3614840987277839,83.71860985814008,164493.12511319225,0.39356914206094606,41.0,0.5616438356164384,0.24826455825674879,24.0,0.3287671232876712,0.5367068730584333,8.0,0.1095890410958904,,,0.0,,,0.0,0.14172406007325042,0.2518450819876956,41.0,41.0,819.2439024390244,662.0,0.865558368377054,0.6097560975609756,7.73927284667662e-05,2.3027727145702139e+24,829904.9973362316,11,2025-07-18 00:00:00+00:00,1,18.354155092592592
1752840000000,42,0.42210184852004706,48.56666975904392,97159.06193141695,0.5495255380420254,17.0,0.40476190476190477,0.42581290209392314,18.0,0.42857142857142855,0.10310160763384667,7.0,0.16666666666666666,,,0.0,,,0.0,0.21646582637849512,0.3330597116635303,17.0,17.0,1643.0,716.0,1.076637059663729,0.5294117647058824,7.895151501073826e-05,2.3300103652584337e+24,1080114.1114535164,12,2025-07-18 00:00:00+00:00,1,18.39582175925926
1752843600000,232,1.1847415011169422,451.17335170080725,726702.952045259,0.7878438969358822,78.0,0.33620689655172414,1.8020839923194185,100.0,0.43103448275862066,0.6205269882469987,45.0,0.1939655172413793,0.5862322883416649,9.0,0.03879310344827586,,,0.0,0.2913899739504853,0.49645392298539676,78.0,78.0,645.3461538461538,591.0,0.7597089829506217,0.6666666666666666,0.00023094602716033292,1.2928629708071514e+24,3608561.410076371,13,2025-07-18 00:00:00+00:00,1,18.437488425925928
1752847200000,222,0.8548517370550313,382.1275568005029,711267.2564218573,0.8177789843057495,87.0,0.3918918918918919,1.027448341668398,83.0,0.3738738738738739,0.6413865698680719,52.0,0.23423423423423423,,,0.0,,,0.0,0.5426980545831429,0.2750809297226064,87.0,87.0,617.3103448275862,584.0,0.7417761007841239,0.7701149425287356,0.00018659810703724143,1.7191960278503958e+24,2967803.8313099714,14,2025-07-18 00:00:00+00:00,1,18.479155092592592
1752850800000,192,0.5903087264487216,277.64421934072857,531578.9550348953,0.5740284802390055,73.0,0.3802083333333333,0.7058479079043247,78.0,0.40625,0.40469493457472144,39.0,0.203125,0.29797857787783755,2.0,0.010416666666666666,,,0.0,0.2361946929296473,0.3378337873093582,73.0,73.0,662.1780821917808,600.0,0.7597607201255111,0.684931506849315,0.0001947137545722428,2.1070145119730227e+24,2704522.603325727,15,2025-07-18 00:00:00+00:00,1,18.52082175925926
1752854400000,147,0.6394529441032183,327.2108493928173,621367.5529061042,0.6443972843969735,44.0,0.29931972789115646,0.6964460696231225,67.0,0.4557823129251701,0.30663474633526316,33.0,0.22448979591836735,2.9550896586311204,3.0,0.02040816326530612,,,0.0,0.15563442127952112,0.4887628631174524,44.0,44.0,695.7954545454545,644.5,0.7866424522534605,0.6136363636363636,0.0001487277539045854,2.99844344803565e+24,2454657.9528821213,16,2025-07-18 00:00:00+00:00,1,18.562488425925928
1752858000000,79,0.4347547689596506,127.98784147457225,249002.1396408428,0.5301416793452223,26.0,0.3291139240506329,0.36489450236597304,31.0,0.3924050632911392,0.29240728325058585,21.0,0.26582278481012656,3.1096605632291485,1.0,0.012658227848101266,,,0.0,0.20876656450598174,0.32137511483924047,26.0,26.0,647.2307692307693,648.5,0.7766815151971896,0.7307692307692307,0.00015076961528176643,3.0866791127945674e+24,2831627.8002242628,17,2025-07-18 00:00:00+00:00,1,18.604155092592592
1752861600000,138,0.4083187161264927,180.61620053422655,347736.5013129802,0.41512834214830896,69.0,0.5,0.43118291712767554,59.0,0.427536231884058,0.2264335106689818,10.0,0.07246376811594203,,,0.0,,,0.0,0.1798392450699796,0.23528909707832935,69.0,69.0,670.3623188405797,601.0,0.7745486400137671,0.6666666666666666,0.00010005904260678899,2.471449734712139e+24,986285.7441714366,18,2025-07-18 00:00:00+00:00,1,18.64582175925926
1752865200000,124,0.5432735281007198,188.31803948487104,359250.95344166236,0.547592315074835,55.0,0.4435483870967742,0.6000882576450115,56.0,0.45161290322580644,0.2802613636348228,13.0,0.10483870967741936,,,0.0,,,0.0,0.19021827642474057,0.3573740386500945,55.0,55.0,685.8909090909091,595.0,0.7761898223421947,0.7272727272727273,0.00012062517519252301,2.4893868649330064e+24,1436040.2511933018,19,2025-07-18 00:00:00+00:00,1,18.687488425925928
1752868800000,137,0.7400351738647767,256.61774659491823,506767.0621151098,0.7085830976276282,57.0,0.41605839416058393,0.8247785896036386,61.0,0.44525547445255476,0.6167217250009261,17.0,0.12408759124087591,0.09990948193095306,2.0,0.014598540145985401,,,0.0,0.6326076003640333,0.0759754972635949,57.0,57.0,641.0526315789474,572.0,0.7726886452211686,0.7017543859649122,0.00016521920518287148,2.1281298404425882e+24,1962277.2500129521,20,2025-07-18 00:00:00+00:00,1,18.729155092592592
1752872400000,88,0.7276133877526406,193.60932079278072,366695.8537264158,0.7216974091595663,49.0,0.5568181818181818,0.7729917294325713,31.0,0.3522727272727273,0.6619962657170461,7.0,0.07954545454545454,0.07008760098459621,1.0,0.011363636363636364,,,0.0,0.3191782287213743,0.40251918043819185,49.0,49.0,1009.4081632653061,683.0,0.906545682173919,0.5510204081632653,0.00011180705023127409,2.5244715819234947e+24,1175824.338708431,21,2025-07-18 00:00:00+00:00,1,18.77082175925926
1752876000000,121,0.5157359046650063,192.16784043228952,390762.4141564421,0.5374904701997351,50.0,0.4132231404958678,0.5409520003232847,52.0,0.4297520661157025,0.3963424567991339,18.0,0.1487603305785124,0.26585271528379184,1.0,0.008264462809917356,,,0.0,0.22271274611298952,0.31477772408674554,50.0,50.0,720.04,622.0,0.8041970533650027,0.7,0.00010781642544873054,2.5892142005715136e+24,1211560.7316610275,22,2025-07-18 00:00:00+00:00,1,18.812488425925928
1752879600000,184,0.6257352361588835,301.78695441525804,571753.198795672,0.6129832217988173,86.0,0.4673913043478261,0.7155286505621977,65.0,0.3532608695652174,0.43303985233684744,32.0,0.17391304347826086,2.052088817214308,1.0,0.005434782608695652,,,0.0,0.23897962142609025,0.37400360037272706,86.0,86.0,851.7906976744187,648.5,0.8651727912507492,0.627906976744186,0.0001228178845567203,2.4290708084702574e+24,1536342.9000952898,23,2025-07-18 00:00:00+00:00,1,18.854155092592592
1752883200000,141,0.40811654426948385,179.71725969058485,357234.0374939984,0.3934832519796413,63.0,0.44680851063829785,0.45848171648227526,54.0,0.3829787234042553,0.3530462571779987,22.0,0.15602836879432624,0.11497875966049331,2.0,0.014184397163120567,,,0.0,0.2944945883425295,0.09898866363711178,63.0,63.0,713.031746031746,603.0,0.7785301074677893,0.6825396825396826,0.0001153110691073949,2.516287724595568e+24,1355637.7101222388,0,2025-07-19 00:00:00+00:00,1,18.89582175925926
1752886800000,127,0.38150469974095647,152.7688887900719,310655.38184738276,0.3428011820502875,53.0,0.41732283464566927,0.522613874445842,47.0,0.3700787401574803,0.21184378220302444,27.0,0.2125984251968504,,,0.0,,,0.0,0.3219822849567884,0.020818897093499083,53.0,53.0,745.2452830188679,566.0,0.8054681924386541,0.6981132075471698,0.0001268925981657475,2.2816671490282224e+24,1539761.9391358881,1,2025-07-19 00:00:00+00:00,1,18.937488425925928
1752890400000,97,0.4339213558174964,125.37756201991382,253726.58293765108,0.49373152839788265,36.0,0.3711340206185567,0.4453004471910986,44.0,0.4536082474226804,0.2778127538567671,17.0,0.17525773195876287,,,0.0,,,0.0,0.4816625331441073,0.01206899525377534,36.0,36.0,774.9444444444445,717.5,0.8366525369358627,0.5833333333333334,9.549603509416356e-05,2.4237594046874785e+24,1426766.5168101848,2,2025-07-19 00:00:00+00:00,1,18.979155092592592
1752894000000,25,0.34281058915753165,31.253352164264392,67784.825199379,0.40940235918843654,8.0,0.32,0.2888797309819606,11.0,0.44,0.35289480243820526,6.0,0.24,,,0.0,,,0.0,0.08552314850946308,0.3238792106789734,8.0,8.0,732.625,492.0,0.7976648249640148,0.75,5.359265257900684e-05,2.5792851273599306e+24,735503.8349459289,3,2025-07-19 00:00:00+00:00,1,19.02082175925926
1752897600000,50,0.3914123700784299,64.15341166605782,117071.28450089926,0.6103534037830193,20.0,0.4,0.28745687183140844,18.0,0.36,0.18244389460797972,12.0,0.24,,,0.0,,,0.0,0.3456977348855793,0.26465566889743997,20.0,20.0,481.95,524.5,0.6644036902693762,0.95,7.464875269921724e-05,2.79075384168991e+24,918296.6004570834,4,2025-07-19 00:00:00+00:00,1,19.062488425925928
1752901200000,49,0.34835730702868895,60.8753066484841,120958.53532431101,0.33959612431581104,19.0,0.3877551020408163,0.4305204867059626,22.0,0.4489795918367347,0.1432163718592715,8.0,0.16326530612244897,,,0.0,,,0.0,0.19641174787982832,0.14318437643598267,19.0,19.0,692.5263157894736,493.0,0.7636014588012097,0.6842105263157895,7.4528284517612e-05,2.768511947462376e+24,748836.1691049442,5,2025-07-19 00:00:00+00:00,1,19.104155092592592
1752904800000,55,0.3048557698276432,50.65591948754604,98619.8772262605,0.45597665079661726,22.0,0.4,0.2222772584807076,23.0,0.41818181818181815,0.16232040779385215,10.0,0.18181818181818182,,,0.0,,,0.0,0.22052939530700824,0.23544725548960901,22.0,22.0,817.1818181818181,556.0,0.838309199999507,0.6818181818181818,6.546695438916271e-05,2.6275012325800614e+24,617516.5295566978,6,2025-07-19 00:00:00+00:00,1,19.14582175925926
1752908400000,66,0.42057740566665053,74.60481266168028,139816.35244096536,0.5715348456229773,24.0,0.36363636363636365,0.3311149655607865,30.0,0.45454545454545453,0.34231862601865676,12.0,0.18181818181818182,,,0.0,,,0.0,0.2304307820952762,0.3411040635277011,24.0,24.0,950.2916666666666,721.0,0.8983936520970884,0.5416666666666666,7.459345962708866e-05,2.5743747778568767e+24,724420.9124830747,7,2025-07-19 00:00:00+00:00,1,19.187488425925928
1752912000000,48,0.3965130793896346,59.226386950990594,113777.02321460407,0.3070765036655136,18.0,0.375,0.4515389812581053,19.0,0.3958333333333333,0.5437878418211165,9.0,0.1875,0.015959762214583402,2.0,0.041666666666666664,,,0.0,0.10915565417978533,0.19792084948572825,18.0,18.0,954.8333333333334,581.5,0.8780129432096875,0.6666666666666666,6.800282180510119e-05,2.577283063134961e+24,755711.6453992798,8,2025-07-19 00:00:00+00:00,1,19.229155092592592
1752915600000,63,0.37065101716230375,70.60383867202589,163530.71529729862,0.49682270955813745,24.0,0.38095238095238093,0.2565341288199702,23.0,0.36507936507936506,0.34543650556065775,16.0,0.25396825396825395,,,0.0,,,0.0,0.1555572469296391,0.34126546262849833,24.0,24.0,836.375,687.5,0.850313278588362,0.7083333333333334,6.809954457800761e-05,2.589613374281956e+24,1148897.0562119198,9,2025-07-19 00:00:00+00:00,1,19.27082175925926
1752919200000,63,0.45831909369200013,103.01291675608284,222843.3011188309,0.4952701537458459,23.0,0.36507936507936506,0.430935234261815,26.0,0.4126984126984127,0.5260154625541064,11.0,0.1746031746031746,0.164134395846398,3.0,0.047619047619047616,,,0.0,0.3064365336317487,0.18883362011409713,23.0,23.0,883.5652173913044,654.0,0.8627605662927106,0.6086956521739131,8.529375887741544e-05,2.6700846253605964e+24,1068489.222919088,10,2025-07-19 00:00:00+00:00,1,19.312488425925928
1752922800000,97,0.415720665674994,138.75254131667583,260917.92779856038,0.4846388177359144,45.0,0.4639175257731959,0.4089929954379731,38.0,0.3917525773195876,0.20340781106036349,11.0,0.1134020618556701,0.2456460080170981,3.0,0.030927835051546393,,,0.0,0.21902785413915388,0.2656109635967605,45.0,45.0,726.6222222222223,636.0,0.8055500994012672,0.7333333333333333,7.823089495554523e-05,2.7912360590411155e+24,1130070.431215349,11,2025-07-19 00:00:00+00:00,1,19.354155092592592
1752926400000,61,0.42120768169621925,86.18743883138039,164310.6594789621,0.40726611007236174,27.0,0.4426229508196721,0.5883567493840858,23.0,0.3770491803278688,0.07059468885640008,10.0,0.16393442622950818,0.4593314871176356,1.0,0.01639344262295082,,,0.0,0.161333437923967,0.2459326721483947,27.0,27.0,573.8518518518518,474.0,0.7190919464821123,0.7407407407407407,9.55540427918442e-05,2.60557782222128e+24,1101874.3696796473,12,2025-07-19 00:00:00+00:00,1,19.39582175925926
1752930000000,58,0.3859120749318368,66.43177300547676,129393.43694229648,0.5081354194322825,24.0,0.41379310344827586,0.21131893281322653,24.0,0.41379310344827586,0.5115995892154322,10.0,0.1724137931034483,,,0.0,,,0.0,0.23678025597075017,0.27135516346153227,24.0,24.0,1138.7083333333333,702.0,0.9628198429370133,0.5416666666666666,6.99789471850619e-05,2.4891979085955375e+24,841111.7144600429,13,2025-07-19 00:00:00+00:00,1,19.437488425925928
1752933600000,89,0.4618227563899344,119.99800862728752,224884.18872465365,0.6377706247666094,39.0,0.43820224719101125,0.3637630894745998,35.0,0.39325842696629215,0.2445970271016875,14.0,0.15730337078651685,0.07310444177178066,1.0,0.011235955056179775,,,0.0,0.14103945308426338,0.4967311716823459,39.0,39.0,868.2820512820513,693.0,0.8624772908067575,0.5897435897435898,0.0001028337768243094,2.720495043423282e+24,1273012.5748688334,14,2025-07-19 00:00:00+00:00,1,19.479155092592592
1752937200000,75,0.28422948985192886,80.45562470523096,160303.97897512832,0.31444672465829665,24.0,0.32,0.3359454530508814,33.0,0.44,0.13240258807893182,17.0,0.22666666666666666,0.433446399074615,1.0,0.013333333333333334,,,0.0,0.126078775112656,0.18836794954564065,24.0,24.0,653.875,634.5,0.7456688008490637,0.7083333333333334,8.017829183618037e-05,2.706882886118026e+24,1041595.9663531557,15,2025-07-19 00:00:00+00:00,1,19.52082175925926
1752940800000,73,0.3316617426639551,87.8150573255474,172531.7222201817,0.3787753901569983,46.0,0.6301369863013698,0.36764262873307746,18.0,0.2465753424657534,0.018896883339044865,9.0,0.1232876712328767,,,0.0,,,0.0,0.17936327226015839,0.1994121178968399,46.0,46.0,826.4782608695652,676.0,0.8415267723941484,0.5434782608695652,7.433725176738366e-05,2.72730623228498e+24,707568.1630774016,16,2025-07-19 00:00:00+00:00,1,19.562488425925928
1752944400000,44,0.22087440325409322,43.09192683856774,86972.03634522016,0.2644951169934564,19.0,0.4318181818181818,0.15892372840532845,21.0,0.4772727272727273,0.4326036103069519,3.0,0.06818181818181818,0.057857392871678466,1.0,0.022727272727272728,,,0.0,0.38040279897105345,-0.11590768197759709,19.0,19.0,928.9473684210526,718.0,0.906860669094533,0.5263157894736842,5.933581339320424e-05,2.7029720260106197e+24,529129.7592115968,17,2025-07-19 00:00:00+00:00,1,19.604155092592592
1752948000000,50,0.35133158738274595,65.00514842619025,141326.21411172164,0.3375228519619149,32.0,0.64,0.20134910892567648,13.0,0.26,0.36664011278914493,4.0,0.08,2.6817492391656472,1.0,0.02,,,0.0,0.18772999719089428,0.1497928547710206,32.0,32.0,791.21875,689.0,0.8307718770926068,0.625,5.67578014945029e-05,2.8005690222076894e+24,531474.9954566034,18,2025-07-19 00:00:00+00:00,1,19.64582175925926
1752951600000,72,0.3282057256719756,84.37817019630833,165645.28714017768,0.4332754896889177,27.0,0.375,0.29073544484157915,34.0,0.4722222222222222,0.18612444565161554,11.0,0.1527777777777778,,,0.0,,,0.0,0.134579312148553,0.29869617754036465,27.0,27.0,1344.6296296296296,1000.0,1.0597187595763182,0.37037037037037035,6.521794322429573e-05,2.7920862043690884e+24,577315.7954221661,19,2025-07-19 00:00:00+00:00,1,19.687488425925928
1752955200000,35,0.19858633100543435,39.54849472757025,81769.45840086564,0.22179990534714356,16.0,0.45714285714285713,0.22059384017923914,14.0,0.4,0.06268186742531145,5.0,0.14285714285714285,,,0.0,,,0.0,0.1962830610669668,0.025516844280176754,16.0,16.0,730.25,772.0,0.8360240246027928,0.5,5.551314287048955e-05,2.9037407436898834e+24,368167.82906344533,20,2025-07-19 00:00:00+00:00,1,19.729155092592592
1752958800000,87,0.4180892995754322,113.87243691310509,219369.49261751256,0.4802440331335065,36.0,0.41379310344827586,0.3749071166296211,37.0,0.42528735632183906,0.37238718249717034,14.0,0.16091954022988506,,,0.0,,,0.0,0.23957076319769216,0.24067326993581434,36.0,36.0,1153.2777777777778,760.0,0.9826940706532965,0.5,8.279492315013735e-05,2.7860489102100753e+24,806312.0453905612,21,2025-07-19 00:00:00+00:00,1,19.77082175925926
1752962400000,53,0.23989040273808773,66.53974925684768,133410.79570230414,0.21428216332419267,24.0,0.4528301886792453,0.2389849794541642,25.0,0.4716981132075472,0.3991987347459801,4.0,0.07547169811320754,,,0.0,,,0.0,0.14014993399286568,0.07413222933132697,24.0,24.0,777.5416666666666,750.5,0.8456955245622745,0.5,5.281320477074317e-05,4.1644571945371616e+24,396118.9620590343,22,2025-07-19 00:00:00+00:00,1,19.812488425925928
1752966000000,38,0.3210320963958653,48.08586817468752,94152.0651489644,0.2744472807991308,24.0,0.631578947368421,0.4499988203682292,11.0,0.2894736842105263,0.2208326332710737,3.0,0.07894736842105263,,,0.0,,,0.0,0.15488576085266573,0.11956151994646502,24.0,24.0,698.0833333333334,555.0,0.7753990429821149,0.7083333333333334,4.190144290331689e-05,3.255402643238128e+24,338065.2161307473,23,2025-07-19 00:00:00+00:00,1,19.854155092592592
1752969600000,51,0.3828329845556306,94.98079934751034,177745.22123509418,0.3585838785922974,22.0,0.43137254901960786,0.370916020491645,25.0,0.49019607843137253,0.5906840927538726,4.0,0.0784313725490196,,,0.0,,,0.0,0.1291075141561937,0.2294763644361037,22.0,22.0,816.1363636363636,613.0,0.8333300472039302,0.5909090909090909,5.168377667856087e-05,4.390261966577085e+24,904838.2051454714,0,2025-07-20 00:00:00+00:00,1,19.89582175925926
1752973200000,35,0.3825912850461295,70.41255664151798,151169.25143416564,0.6481880323484727,13.0,0.37142857142857144,0.2940877133889856,14.0,0.4,0.1058778210798238,8.0,0.22857142857142856,,,0.0,,,0.0,0.20061191908974893,0.4475761132587237,13.0,13.0,883.5384615384615,837.0,0.9229437974534503,0.38461538461538464,6.95374414916875e-05,4.4178214540186393e+24,921804.6464031411,1,2025-07-20 00:00:00+00:00,1,19.937488425925928
1752976800000,44,0.43071835834157957,48.344915699931725,92694.72631769763,0.445215149351225,14.0,0.3181818181818182,0.5059704187902665,22.0,0.5,0.19840580784081122,8.0,0.18181818181818182,,,0.0,,,0.0,0.1648603381402154,0.2803548112110096,14.0,14.0,709.9285714285714,709.5,0.8169548437251756,0.5,6.847387503140342e-05,2.396071684800791e+24,877135.8920544719,2,2025-07-20 00:00:00+00:00,1,19.979155092592592
1752980400000,35,0.5007290053479263,41.47670625770703,75041.46054035799,0.964395493206386,11.0,0.3142857142857143,0.29859196742805066,22.0,0.6285714285714286,0.17407073924502903,2.0,0.05714285714285714,,,0.0,,,0.0,1.1975555369233402,-0.23316004371695423,11.0,11.0,1229.1818181818182,663.0,0.9900200815923902,0.5454545454545454,6.752993833476549e-05,2.2775994024664302e+24,674031.7418083786,3,2025-07-20 00:00:00+00:00,1,20.02082175925926
1752984000000,48,0.3810156170902104,47.53093851353985,87653.82863541285,0.6477470327100825,21.0,0.4375,0.20680533691828137,17.0,0.3541666666666667,0.11703712058075844,10.0,0.20833333333333334,,,0.0,,,0.0,0.834073795529328,-0.18632676281924548,21.0,21.0,1078.904761904762,636.0,0.8677721093760942,0.5714285714285714,6.253221081619953e-05,2.4492944878989977e+24,523093.48858529085,4,2025-07-20 00:00:00+00:00,1,20.062488425925928
1752987600000,32,0.11375930726788708,15.262363289171235,30758.795529298655,0.1222829367823333,6.0,0.1875,0.1352988317124314,16.0,0.5,0.07418189044794843,10.0,0.3125,,,0.0,,,0.0,0.05502996560232739,0.06725297118000591,6.0,6.0,548.5,390.5,0.6658413153741463,0.6666666666666666,5.340255970149558e-05,2.5725769904311974e+24,785838.363473777,5,2025-07-20 00:00:00+00:00,1,20.104155092592592
1752991200000,6,0.2095892160079296,4.398523648376061,8829.880443325363,0.3110447954988574,3.0,0.5,0.14837771630083363,2.0,0.3333333333333333,0.027645476949338284,1.0,0.16666666666666666,,,0.0,,,0.0,0.13146221061392763,0.17958258488492973,3.0,3.0,614.3333333333334,551.0,0.7817378540299771,1.0,3.3163826585278395e-05,2.516671722813615e+24,409608.76433424215,6,2025-07-20 00:00:00+00:00,1,20.14582175925926
1752994800000,22,0.12324574577858374,7.289375716618741,14287.255919519394,0.08430249614092804,6.0,0.2727272727272727,0.1698759303187938,12.0,0.5454545454545454,0.04177006661443705,4.0,0.18181818181818182,,,0.0,,,0.0,0.061890919703659786,0.02241157643726825,6.0,6.0,543.3333333333334,340.5,0.6262580312611513,0.8333333333333334,3.943896685638148e-05,2.7623921384939897e+24,468895.4527126912,7,2025-07-20 00:00:00+00:00,1,20.187488425925928
1752998400000,35,0.5055823397122909,46.45258085819081,85476.243334509,0.6417454921912449,9.0,0.2571428571428571,0.6419945006607316,17.0,0.4857142857142857,0.1074758651303841,8.0,0.22857142857142856,0.1459590279334665,1.0,0.02857142857142857,,,0.0,0.19677205733747183,0.4449734348537731,9.0,9.0,1138.6666666666667,871.0,0.9364112238558516,0.4444444444444444,8.01243242511465e-05,2.391014130075886e+24,663432.028603791,8,2025-07-20 00:00:00+00:00,1,20.229155092592592
1753002000000,35,0.22140823950865765,31.84332708190465,64140.52301943403,0.44999143617765536,12.0,0.34285714285714286,0.12306309895217682,16.0,0.45714285714285713,0.054340223633760634,7.0,0.2,,,0.0,,,0.0,0.17183881416212918,0.27815262201552615,12.0,12.0,635.1666666666666,617.5,0.7378849780145277,0.75,5.8096601832158505e-05,2.5139538164713137e+24,736366.7217998701,9,2025-07-20 00:00:00+00:00,1,20.27082175925926
1753005600000,32,0.4871001988481687,56.80160403348284,103287.51293176532,0.8902838265803771,13.0,0.40625,0.1796771242473837,13.0,0.40625,0.27961900039675125,6.0,0.1875,,,0.0,,,0.0,1.1175628864335456,-0.22727905985316846,13.0,13.0,1470.2307692307693,709.0,1.0530026027508586,0.5384615384615384,6.621764870677827e-05,2.435150614948756e+24,579496.4024334754,10,2025-07-20 00:00:00+00:00,1,20.312488425925928
1753009200000,30,0.4375721318411136,53.296597656360774,97100.38206747339,0.7586005657010255,12.0,0.4,0.17843338611406734,12.0,0.4,0.37649133382922517,5.0,0.16666666666666666,0.0002998643061679143,1.0,0.03333333333333333,,,0.0,0.35855888244396444,0.4000416832570612,12.0,12.0,928.9166666666666,629.5,0.9015201888298242,0.5833333333333334,5.626041454478286e-05,3.2940004140674717e+24,645809.1924179425,11,2025-07-20 00:00:00+00:00,1,20.354155092592592
1753012800000,43,0.3103243905695462,69.82040913476325,139629.93603951755,0.4562396468212092,16.0,0.37209302325581395,0.26838027923649,19.0,0.4418604651162791,0.11811114248222887,8.0,0.18604651162790697,,,0.0,,,0.0,0.5064558825946435,-0.05021623577343425,16.0,16.0,638.25,611.5,0.7807077598665929,0.6875,5.974615830828665e-05,3.8665558285866616e+24,803836.4897231623,12,2025-07-20 00:00:00+00:00,1,20.39582175925926
1753016400000,17,0.2753371597439247,27.95463622072734,55555.24377559789,0.32140226996917015,6.0,0.35294117647058826,0.2662114282804594,8.0,0.47058823529411764,0.20754222319600804,3.0,0.17647058823529413,,,0.0,,,0.0,0.2989776934118474,0.022424576557322773,6.0,6.0,936.0,783.0,0.8980427850633254,0.3333333333333333,4.1243254003673514e-05,4.4576307209726295e+24,560518.3837077321,13,2025-07-20 00:00:00+00:00,1,20.437488425925928
1753020000000,57,0.49199217680574553,130.9090083686598,258661.90120402773,0.5029059823223521,22.0,0.38596491228070173,0.3153741266390309,19.0,0.3333333333333333,0.6800938805037967,15.0,0.2631578947368421,0.7861058531372133,1.0,0.017543859649122806,,,0.0,0.1195097433222439,0.38339623900010805,22.0,22.0,883.6818181818181,736.5,0.8911035066435237,0.5454545454545454,7.146481076168636e-05,3.863561860264834e+24,958251.974081882,14,2025-07-20 00:00:00+00:00,1,20.479155092592592
1753023600000,28,0.1522401604846873,25.864283321041846,51701.58080698807,0.09984547888261566,7.0,0.25,0.19399944362052146,18.0,0.6428571428571429,0.02393871874118315,3.0,0.10714285714285714,,,0.0,,,0.0,0.06157163479379958,0.03827384408881608,7.0,7.0,526.8571428571429,429.0,0.7021328507297495,0.7142857142857143,5.836189216803285e-05,3.872704600548829e+24,706551.4395518575,15,2025-07-20 00:00:00+00:00,1,20.52082175925926
1753027200000,96,0.3423525921489124,140.27646997703977,277460.1713435719,0.3460336582761088,29.0,0.3020833333333333,0.3080446494561659,43.0,0.4479166666666667,0.399373034569721,24.0,0.25,,,0.0,,,0.0,0.09890441978845665,0.2471292384876522,29.0,29.0,873.1724137931035,683.0,0.8349802195115434,0.7241379310344828,0.00010300709536218606,3.1588968383110215e+24,1879669.1367521996,16,2025-07-20 00:00:00+00:00,1,20.562488425925928
1753030800000,180,0.4992625736054702,370.193067208143,722001.6487226572,0.4997482053678216,79.0,0.4388888888888889,0.5137533671998703,65.0,0.3611111111111111,0.48539244382121155,35.0,0.19444444444444445,0.004450623192768684,1.0,0.005555555555555556,,,0.0,0.1661094751147185,0.3336387302531031,79.0,79.0,705.506329113924,637.0,0.8011647421539434,0.6329113924050633,0.00012185666467070306,3.3080917427996184e+24,2191085.2434665533,17,2025-07-20 00:00:00+00:00,1,20.604155092592592
1753034400000,78,0.3349817093471771,141.4006446030096,302063.35387033835,0.3899536422162479,38.0,0.48717948717948717,0.320866088564936,31.0,0.3974358974358974,0.151498464372153,9.0,0.11538461538461539,,,0.0,,,0.0,0.5140951136219505,-0.12414147140570261,38.0,38.0,836.4736842105264,766.5,0.8782418786657709,0.47368421052631576,8.958349680540239e-05,3.63501890888422e+24,1152654.3577218598,18,2025-07-20 00:00:00+00:00,1,20.64582175925926
1753038000000,44,0.5654018366849637,93.8723800909294,168423.14328245126,0.4127110416662959,16.0,0.36363636363636365,0.6419169135243772,19.0,0.4318181818181818,0.6753203100571672,9.0,0.20454545454545456,,,0.0,,,0.0,0.8538303622318598,-0.4411193205655639,16.0,16.0,1205.875,638.5,0.9414492772864962,0.5625,7.673486224980572e-05,3.2431570584872605e+24,832575.8242879511,19,2025-07-20 00:00:00+00:00,1,20.687488425925928
1753041600000,109,0.57768734393423,240.6800113838214,459692.9538447547,0.6087362925267028,55.0,0.5045871559633027,0.5951346615014446,46.0,0.42201834862385323,0.2639037463494963,8.0,0.07339449541284404,,,0.0,,,0.0,0.22211800760635267,0.3866182849203501,55.0,55.0,882.9818181818182,595.0,0.8530821352441117,0.7090909090909091,0.00011027160350235604,3.2139138312541027e+24,1355935.4169550592,20,2025-07-20 00:00:00+00:00,1,20.729155092592592
1753045200000,86,0.5830615973105074,183.42689602331575,335681.42566583253,0.6726127176066435,36.0,0.4186046511627907,0.671336255827413,33.0,0.38372093023255816,0.22206724073881456,17.0,0.19767441860465115,,,0.0,,,0.0,0.8590708633314712,-0.18645814572482777,36.0,36.0,1001.4444444444445,604.5,0.8852546893685154,0.6111111111111112,0.00011932118507952762,3.25770092888287e+24,1280680.1865995126,21,2025-07-20 00:00:00+00:00,1,20.77082175925926
1753048800000,243,0.8519999028462236,780.3283687086288,1422437.4985082033,0.8676723179715234,114.0,0.4691358024691358,0.9391483232333117,94.0,0.3868312757201646,0.5668968502556394,35.0,0.1440329218106996,,,0.0,,,0.0,0.2881110503321738,0.5795612676393497,114.0,114.0,655.938596491228,641.5,0.7679336943070938,0.6666666666666666,0.00024638271117153183,3.1409429632047855e+24,4524007.050164383,22,2025-07-20 00:00:00+00:00,1,20.812488425925928
1753052400000,184,0.5940758556692615,474.73192565820284,910418.2734139818,0.6506659611447392,91.0,0.4945652173913043,0.6111182224387631,72.0,0.391304347826087,0.29042109349437634,21.0,0.11413043478260869,,,0.0,,,0.0,0.2133924881445538,0.4372734730001853,91.0,91.0,624.3626373626373,581.0,0.7577630263519382,0.7032967032967034,0.00015349218527693526,3.466462961287327e+24,2721799.798189089,23,2025-07-20 00:00:00+00:00,1,20.854155092592592
1753056000000,123,0.3725294802997681,237.2045365225971,477499.5526356481,0.39187346581809657,49.0,0.3983739837398374,0.3875524738713086,61.0,0.4959349593495935,0.22912502658730177,13.0,0.10569105691056911,,,0.0,,,0.0,0.2371370273842461,0.15473643843385043,49.0,49.0,737.0408163265306,578.0,0.7852770380249918,0.6326530612244898,0.00014405109162401745,3.7392396174707635e+24,2625703.3040865487,0,2025-07-21 00:00:00+00:00,1,20.89582175925926
1753059600000,121,0.4007916700215545,227.24869034444214,449296.15194854914,0.4319323228061703,37.0,0.30578512396694213,0.42561998443961613,64.0,0.5289256198347108,0.26373085623221815,20.0,0.1652892561983471,,,0.0,,,0.0,0.20887535499782553,0.22305696780834472,37.0,37.0,708.027027027027,569.0,0.7871687450218501,0.7027027027027027,0.00011834113670711123,3.7283289417118044e+24,2125374.648321526,1,2025-07-21 00:00:00+00:00,1,20.937488425925928
1753063200000,82,0.298522527154448,115.0238242191092,220685.66536893617,0.36277430463295457,22.0,0.2682926829268293,0.36058869984602615,36.0,0.43902439024390244,0.1513913371692903,23.0,0.2804878048780488,0.03461857538911584,1.0,0.012195121951219513,,,0.0,0.20024770388881707,0.16252660074413747,22.0,22.0,687.6363636363636,558.0,0.7701640154293948,0.7272727272727273,9.141762301613999e-05,4.165423889568842e+24,1959602.3527064568,2,2025-07-21 00:00:00+00:00,1,20.979155092592592
1753066800000,104,0.5427565362703114,280.4784130552928,527768.4222760025,0.5654102423185642,29.0,0.27884615384615385,0.4090419822856875,47.0,0.4519230769230769,0.5243176340387852,27.0,0.25961538461538464,6.668233458399513,1.0,0.009615384615384616,,,0.0,0.39371455381930603,0.17169568849925804,29.0,29.0,857.6896551724138,601.0,0.8097255527804537,0.6551724137931034,0.00011425228043812413,3.7261003593138367e+24,2718274.669680473,3,2025-07-21 00:00:00+00:00,1,21.02082175925926
1753070400000,66,0.32677411718527866,107.90501867139803,229851.32128660465,0.2906116387555665,19.0,0.2878787878787879,0.4090275765054254,35.0,0.5303030303030303,0.14412545168189486,12.0,0.18181818181818182,,,0.0,,,0.0,0.13877299504566176,0.1518386437099047,19.0,19.0,819.0,739.0,0.8415105929770157,0.5789473684210527,7.592075105405043e-05,3.7357329329682e+24,1474008.877952009,4,2025-07-21 00:00:00+00:00,1,21.062488425925928
1753074000000,36,0.27434529608816133,62.893258776904254,127874.68801986343,0.4291721684176507,15.0,0.4166666666666667,0.21975481757372609,13.0,0.3611111111111111,0.07275443805632598,8.0,0.2222222222222222,,,0.0,,,0.0,0.20993023757402665,0.21924193084362406,15.0,15.0,747.2666666666667,709.0,0.8262475979610449,0.6,4.907501842990582e-05,4.10010341936926e+24,912784.0229076326,5,2025-07-21 00:00:00+00:00,1,21.104155092592592
1753077600000,71,0.4286753311275589,162.08516075537398,320949.70265664393,0.47333055729924917,29.0,0.4084507042253521,0.46817179836941547,31.0,0.43661971830985913,0.1996396908115072,11.0,0.15492957746478872,,,0.0,,,0.0,0.1711235396885769,0.30220701761067226,29.0,29.0,836.0344827586207,819.0,0.8348097016883642,0.4827586206896552,8.260935946121884e-05,4.3982340580006363e+24,1746716.9687600161,6,2025-07-21 00:00:00+00:00,1,21.14582175925926
1753081200000,73,0.38110054616850925,150.29119827455963,341359.61170167587,0.5329506149219091,21.0,0.2876712328767123,0.3863702843138356,33.0,0.4520547945205479,0.20411355655707955,19.0,0.2602739726027397,,,0.0,,,0.0,0.8264437432598543,-0.2934931283379453,21.0,21.0,755.6666666666666,625.0,0.8313572670038857,0.6190476190476191,6.402085646494261e-05,4.421152420394193e+24,2343211.7829503003,7,2025-07-21 00:00:00+00:00,1,21.187488425925928
1753084800000,79,0.3052482518394565,137.89394330688046,267344.7663700675,0.5073200022013489,27.0,0.34177215189873417,0.1451873041545118,36.0,0.45569620253164556,0.32438930539488864,16.0,0.20253164556962025,,,0.0,,,0.0,0.2257581477381468,0.281561854463202,27.0,27.0,794.2592592592592,638.0,0.8184349942044687,0.7037037037037037,6.46578374106522e-05,4.3246087173776277e+24,1331189.3330551335,8,2025-07-21 00:00:00+00:00,1,21.229155092592592
1753088400000,46,0.46732717967245085,146.73529406290183,257700.37277524,0.5992541050191995,16.0,0.34782608695652173,0.3781179601517775,17.0,0.3695652173913043,0.4216137893881022,13.0,0.2826086956521739,,,0.0,,,0.0,0.1410144527672118,0.4582396522519877,16.0,16.0,643.25,563.5,0.7626706745747714,0.75,6.870831257477949e-05,4.617566131115831e+24,1172587.0387653944,9,2025-07-21 00:00:00+00:00,1,21.27082175925926
1753092000000,107,0.5197092245812625,331.4950425541812,695682.3786446827,0.5438510095043635,50.0,0.4672897196261682,0.688439729111741,37.0,0.34579439252336447,0.14720332889212473,20.0,0.18691588785046728,,,0.0,,,0.0,0.2003894479203837,0.34346156158397984,50.0,50.0,852.56,701.5,0.8684163759920506,0.54,0.00010237360578828891,4.320513456056955e+24,2166943.8366750595,10,2025-07-21 00:00:00+00:00,1,21.312488425925928
1753095600000,121,0.6504646885845728,231.2054702620278,445141.9227452033,0.7946234680654,42.0,0.34710743801652894,0.6154965630298141,51.0,0.4214876033057851,0.4457429139341646,26.0,0.21487603305785125,1.176200591588854,2.0,0.01652892561983471,,,0.0,0.290274008785678,0.5043494592797219,42.0,42.0,713.8095238095239,608.0,0.7872701119667854,0.6666666666666666,0.00011212143707239727,2.515687082382698e+24,2020637.0962175715,11,2025-07-21 00:00:00+00:00,1,21.354155092592592
1753099200000,111,0.4093362531389795,167.67835147665872,317218.25426043704,0.46823235388333667,35.0,0.3153153153153153,0.46961750655270645,56.0,0.5045045045045045,0.14261482301983205,19.0,0.17117117117117117,0.03992970818156739,1.0,0.009009009009009009,,,0.0,0.17871341909148508,0.2895189347918516,35.0,35.0,662.1428571428571,658.0,0.7716425733022485,0.6857142857142857,9.594179030131593e-05,3.23499294036664e+24,1587883.758578723,12,2025-07-21 00:00:00+00:00,1,21.39582175925926
1753102800000,109,0.38933722632933454,185.64349029620965,367046.51024511707,0.3349034487118936,24.0,0.22018348623853212,0.4237114090031967,63.0,0.5779816513761468,0.3421500617453897,21.0,0.1926605504587156,0.5211048369574466,1.0,0.009174311926605505,,,0.0,0.12966243262820873,0.20524101608368484,24.0,24.0,694.75,630.5,0.7821586823107434,0.5833333333333334,0.00011919938087422011,3.378683632788716e+24,2332695.729266189,13,2025-07-21 00:00:00+00:00,1,21.437488425925928
1753106400000,70,0.45946472131672167,116.4883689597072,223959.2350280873,0.42862266348304023,20.0,0.2857142857142857,0.612851031267134,26.0,0.37142857142857144,0.3016661894971614,23.0,0.32857142857142857,0.7176280511295196,1.0,0.014285714285714285,,,0.0,0.27438008745167985,0.15424257603136038,20.0,20.0,815.05,787.5,0.8327821148306211,0.45,9.82604420209731e-05,3.0334720532534113e+24,1570237.6303462745,14,2025-07-21 00:00:00+00:00,1,21.479155092592592
1753110000000,121,0.4486476075832162,219.2762102323705,421869.38850349456,0.351783140121633,49.0,0.4049586776859504,0.5617130139750983,46.0,0.38016528925619836,0.42235650581583944,25.0,0.2066115702479339,0.651275363358632,1.0,0.008264462809917356,,,0.0,0.31727823986660053,0.03450490025503248,49.0,49.0,685.7755102040817,641.0,0.7711317723097403,0.6938775510204082,0.0001045165745187366,3.066081858020786e+24,1991381.8662448884,15,2025-07-21 00:00:00+00:00,1,21.52082175925926
1753113600000,163,0.6123635401897166,349.97980479648515,683903.9257449658,0.7013308875381592,69.0,0.4233128834355828,0.6731896272824961,62.0,0.3803680981595092,0.30267715372737664,32.0,0.19631901840490798,,,0.0,,,0.0,0.2701995153019817,0.43113137223617753,69.0,69.0,849.5072463768116,612.0,0.8154466329227181,0.7246376811594203,0.00013741503123094768,2.78822697145814e+24,2524888.826135034,16,2025-07-21 00:00:00+00:00,1,21.562488425925928
1753117200000,131,0.5151125185813895,237.7154515766814,454522.2120222814,0.47190185926583716,51.0,0.3893129770992366,0.5426644637313888,67.0,0.5114503816793893,0.5426327724308674,13.0,0.09923664122137404,,,0.0,,,0.0,0.1795925382522692,0.292309321013568,51.0,51.0,680.0784313725491,613.0,0.7816149426532627,0.6078431372549019,0.00010805004721473825,2.905462876230726e+24,1459452.4984488022,17,2025-07-21 00:00:00+00:00,1,21.604155092592592
1753120800000,90,0.6388797762220042,213.07375109242727,392194.7074424122,0.5129708214787723,37.0,0.4111111111111111,0.6453587042079986,42.0,0.4666666666666667,1.0376539898663517,11.0,0.12222222222222222,,,0.0,,,0.0,0.13833901123307668,0.37463181024569553,37.0,37.0,851.5945945945946,790.0,0.86796132760164,0.4594594594594595,9.701296219475201e-05,2.884124917969758e+24,1187740.4499973455,18,2025-07-21 00:00:00+00:00,1,21.64582175925926
1753124400000,121,0.399079919240426,231.85224196015156,483721.9836996081,0.49209777919485675,49.0,0.4049586776859504,0.3620846079715655,54.0,0.4462809917355372,0.25685056761550196,18.0,0.1487603305785124,,,0.0,,,0.0,0.21285329557695765,0.27924448361789905,49.0,49.0,662.3265306122449,537.0,0.7610993173401531,0.7142857142857143,0.00011957581816258264,3.654178149089198e+24,1889686.9255993215,19,2025-07-21 00:00:00+00:00,1,21.687488425925928
1753128000000,120,0.4847361579257365,311.09803163256635,601241.6955354991,0.551891713183352,63.0,0.525,0.4623532110148727,44.0,0.36666666666666664,0.22211978728532247,11.0,0.09166666666666666,0.30615103787213094,2.0,0.016666666666666666,,,0.0,0.18307924654193627,0.36881246664141565,63.0,63.0,586.2222222222222,537.0,0.7238512907716839,0.7777777777777778,9.925201849944567e-05,4.2150992295754e+24,1911295.1389241617,20,2025-07-21 00:00:00+00:00,1,21.729155092592592
1753131600000,82,0.4929649898276289,212.8456661832715,417587.4008100592,0.5562596215609427,42.0,0.5121951219512195,0.4591714442184083,34.0,0.4146341463414634,0.09921251140821308,5.0,0.06097560975609756,0.952333399839027,1.0,0.012195121951219513,,,0.0,0.2875451982280549,0.26871442333288786,42.0,42.0,868.4761904761905,598.5,0.8569962229842003,0.6666666666666666,8.76294253182655e-05,3.808414085270689e+24,1021445.1407634178,21,2025-07-21 00:00:00+00:00,1,21.77082175925926
1753135200000,47,0.47026877201067196,99.59604827751053,196760.94690103695,0.4239226639658438,27.0,0.574468085106383,0.5328360178711898,20.0,0.425531914893617,,,0.0,,,0.0,,,0.0,0.21536453911557935,0.20855812485026454,27.0,27.0,1151.9259259259259,642.0,0.9380004007840732,0.5555555555555556,4.916428720995863e-05,3.4966060532315907e+24,557249.9635950223,22,2025-07-21 00:00:00+00:00,1,21.812488425925928
1753138800000,49,0.4399402795012749,98.12064394260206,195423.0630254156,0.37910042614813344,19.0,0.3877551020408163,0.5582301165328177,24.0,0.4897959183673469,0.1594404669933849,6.0,0.12244897959183673,,,0.0,,,0.0,0.17952940080945712,0.19957102533867632,19.0,19.0,846.0,676.0,0.8626623265636202,0.5789473684210527,5.839499687735741e-05,3.225819188213463e+24,630264.3672734592,23,2025-07-21 00:00:00+00:00,1,21.854155092592592
1753142400000,81,0.4753442376543604,136.1079515016343,263840.37535562285,0.5813785045846561,39.0,0.48148148148148145,0.42153507853187433,27.0,0.3333333333333333,0.2965116300560665,15.0,0.18518518518518517,,,0.0,,,0.0,0.19299096620224765,0.38838753838240847,39.0,39.0,919.5384615384615,645.0,0.8679799290546066,0.6153846153846154,8.879302430879661e-05,2.798851377216108e+24,1111808.4348521212,0,2025-07-22 00:00:00+00:00,1,21.89582175925926
1753146000000,137,0.5154811681550195,299.7456010751262,588134.3123319038,0.4635326123275253,49.0,0.35766423357664234,0.6072760375598348,62.0,0.45255474452554745,0.3944887578645837,26.0,0.1897810218978102,,,0.0,,,0.0,0.3295238691157683,0.13400874321175696,49.0,49.0,563.0,533.0,0.7115142373514943,0.7755102040816326,0.00015814607926434334,3.3308522495469416e+24,2887278.525909819,1,2025-07-22 00:00:00+00:00,1,21.937488425925928
1753149600000,144,0.5712166308138293,306.417060938589,578893.5747594777,0.4976825486127752,53.0,0.3680555555555556,0.5859526763254586,66.0,0.4583333333333333,0.6882057249293626,25.0,0.1736111111111111,,,0.0,,,0.0,0.19102157764584202,0.3066609709669332,53.0,53.0,798.3396226415094,703.0,0.8388172023592678,0.5660377358490566,0.00012352042285109093,3.0513914494993714e+24,1936660.3720221086,2,2025-07-22 00:00:00+00:00,1,21.979155092592592
1753153200000,204,0.5500960062971599,439.80218867982273,877407.1199550411,0.46539578413385957,83.0,0.4068627450980392,0.7739439642584106,76.0,0.37254901960784315,0.328266531508246,45.0,0.22058823529411764,,,0.0,,,0.0,0.16805340435812427,0.2973423797757353,83.0,83.0,702.0,643.0,0.8007579054268488,0.6506024096385542,0.00015169842302133088,3.281975018360141e+24,3431910.899819432,3,2025-07-22 00:00:00+00:00,1,22.02082175925926
1753156800000,174,0.668372228628075,446.3891774530104,839938.5894030138,0.6540068971913006,68.0,0.39080459770114945,0.7994306809741955,71.0,0.40804597701149425,0.4304205835173923,35.0,0.20114942528735633,,,0.0,,,0.0,0.1771852676586329,0.47682162953266766,68.0,68.0,689.3088235294117,659.5,0.8040902876701203,0.6911764705882353,0.00015357459178064748,3.400777220223307e+24,3729333.0380907324,4,2025-07-22 00:00:00+00:00,1,22.062488425925928
1753160400000,192,0.4480366110351505,312.0394529153259,611538.8732360012,0.5283552349152325,72.0,0.375,0.44071707301612595,86.0,0.4479166666666667,0.29646423898427415,34.0,0.17708333333333334,,,0.0,,,0.0,0.3621867300064474,0.16616850490878501,72.0,72.0,743.9444444444445,659.5,0.8238591717063056,0.6805555555555556,0.00015246553732851869,2.984789457622842e+24,2487743.72918582,5,2025-07-22 00:00:00+00:00,1,22.104155092592592
1753164000000,104,0.43456096291398844,235.32433523587193,455626.5433310836,0.45030785882083524,35.0,0.33653846153846156,0.48456837776094547,50.0,0.4807692307692308,0.2739550629620154,19.0,0.18269230769230768,,,0.0,,,0.0,0.1522277332915715,0.2980801255292637,35.0,35.0,789.4857142857143,610.0,0.8200389608503444,0.7428571428571429,9.860543168481534e-05,4.4140025448053687e+24,1969110.3715099304,6,2025-07-22 00:00:00+00:00,1,22.14582175925926
1753167600000,88,0.5945879116159335,255.61543267952595,431637.58475384506,0.7381706650404064,35.0,0.3977272727272727,0.4992334648244873,39.0,0.4431818181818182,0.4585896739686723,12.0,0.13636363636363635,0.7572908650044274,2.0,0.022727272727272728,,,0.0,0.18900690998352096,0.5491637550568853,35.0,35.0,930.8571428571429,766.0,0.90894116542319,0.4857142857142857,0.00010628832245117051,3.954409783024682e+24,1969574.4309350527,7,2025-07-22 00:00:00+00:00,1,22.187488425925928
1753171200000,138,0.5012137700287902,296.77503315526815,584964.1970095845,0.5213286035412737,48.0,0.34782608695652173,0.6400301681429316,51.0,0.3695652173913043,0.2779394746654978,37.0,0.26811594202898553,0.6092140780394928,2.0,0.014492753623188406,,,0.0,0.17051740630353185,0.35081119723774185,48.0,48.0,722.4583333333334,611.0,0.804787100190642,0.6666666666666666,0.00013864773877180124,3.6770447702609616e+24,2850461.2317479714,8,2025-07-22 00:00:00+00:00,1,22.229155092592592
1753174800000,124,0.43054024025870696,310.7822144160035,646342.8096063546,0.4894866422903869,43.0,0.3467741935483871,0.36713022346078084,50.0,0.4032258064516129,0.4510500967920638,31.0,0.25,,,0.0,,,0.0,1.2867947408428495,-0.7973080985524625,43.0,43.0,766.953488372093,612.0,0.8067616450197636,0.5581395348837209,9.393724474833777e-05,4.2843305613942625e+24,2229640.2478318037,9,2025-07-22 00:00:00+00:00,1,22.27082175925926
1753178400000,54,0.5676809246883472,182.1360337550283,358891.03067561385,0.3240890812204325,9.0,0.16666666666666666,0.7169213373621205,31.0,0.5740740740740741,0.42352227947731413,13.0,0.24074074074074073,0.007617110756035113,1.0,0.018518518518518517,,,0.0,0.10433339145774675,0.21975568976268572,9.0,9.0,425.0,453.0,0.6352916520945643,1.0,8.654677301525179e-05,4.679915718547409e+24,3303201.928684225,10,2025-07-22 00:00:00+00:00,1,22.312488425925928
1753182000000,64,0.3355932042039449,109.09613088416066,218093.27431275006,0.35643368977813944,25.0,0.390625,0.3687671681882283,24.0,0.375,0.19430068910333076,14.0,0.21875,0.9965011406348799,1.0,0.015625,,,0.0,0.12022672556753367,0.23620696421060572,25.0,25.0,911.68,611.0,0.8536987943209026,0.56,7.149832660394347e-05,3.6602510130852966e+24,1222012.1987163373,11,2025-07-22 00:00:00+00:00,1,22.354155092592592
1753185600000,48,0.423115967892883,77.25804321873294,147047.01476710517,0.4858265374082189,18.0,0.375,0.4543932882835901,18.0,0.375,0.29098736574685646,11.0,0.22916666666666666,0.18474857319040072,1.0,0.020833333333333332,,,0.0,0.22450157358713932,0.26132496382107956,18.0,18.0,652.8333333333334,664.5,0.7567220722536723,0.6111111111111112,6.304783680812389e-05,3.4187947970445225e+24,947855.3051120938,12,2025-07-22 00:00:00+00:00,1,22.39582175925926
1753189200000,78,0.44308697284488446,155.05393386416705,296435.26109330787,0.4580606032061939,26.0,0.3333333333333333,0.4791611292293358,35.0,0.44871794871794873,0.3815474686051226,15.0,0.19230769230769232,0.07867832321817747,2.0,0.02564102564102564,,,0.0,0.16126150774987869,0.2967990954563152,26.0,26.0,748.1923076923077,747.0,0.8282315467452376,0.5,0.00010696014405219085,3.815674083936999e+24,1716641.4129910558,13,2025-07-22 00:00:00+00:00,1,22.437488425925928
1753192800000,98,0.40759519467750616,235.3869145730952,461080.4510186361,0.3006158735250117,29.0,0.29591836734693877,0.5263994476627939,46.0,0.46938775510204084,0.3048736588557281,23.0,0.23469387755102042,,,0.0,,,0.0,0.11913460835922907,0.18148126516578264,29.0,29.0,693.9310344827586,508.0,0.7581202314944996,0.7586206896551724,0.00010470949059247763,4.3513889411542886e+24,2452512.3352958206,14,2025-07-22 00:00:00+00:00,1,22.479155092592592
1753196400000,81,0.34358905682858126,130.66472547687496,256847.3729307078,0.34325181978007274,23.0,0.2839506172839506,0.3483911513734401,36.0,0.4444444444444444,0.33608364994225304,22.0,0.2716049382716049,,,0.0,,,0.0,0.17277400189238784,0.1704778178876849,23.0,23.0,880.9565217391304,692.0,0.8703173378115316,0.5217391304347826,9.85136248935112e-05,3.882503360137083e+24,1616703.7367831285,15,2025-07-22 00:00:00+00:00,1,22.52082175925926
1753200000000,60,0.6004819006321889,147.78347762260643,261496.22298503888,0.5028033776972799,26.0,0.43333333333333335,0.7822165294250268,27.0,0.45,0.2623114176180469,7.0,0.11666666666666667,,,0.0,,,0.0,0.17272352866590882,0.33007984903137105,26.0,26.0,1210.2692307692307,716.0,0.9851566738850743,0.5384615384615384,9.084022877677485e-05,3.3570529348346914e+24,1119776.9130707355,16,2025-07-22 00:00:00+00:00,1,22.562488425925928
1753203600000,117,0.4902898433713537,224.48392591693604,438180.7980725312,0.4959848423297747,56.0,0.47863247863247865,0.5429813787808877,44.0,0.37606837606837606,0.33918102312409815,16.0,0.13675213675213677,0.2706834676363722,1.0,0.008547008547008548,,,0.0,0.1537607811652507,0.342224061164524,56.0,56.0,661.3392857142857,651.0,0.7769971191919669,0.6428571428571429,0.00010033876518121933,3.2977683898660416e+24,1496376.1818804902,17,2025-07-22 00:00:00+00:00,1,22.604155092592592
1753207200000,88,0.6481588190676612,209.14208260371169,390413.7260769354,0.6912250614381913,45.0,0.5113636363636364,0.6787606644226637,36.0,0.4090909090909091,0.2899503209380415,5.0,0.056818181818181816,0.02385639466473844,2.0,0.022727272727272728,,,0.0,0.15847754223417185,0.5327475192040194,45.0,45.0,732.7111111111111,568.0,0.7997335233749474,0.6666666666666666,0.000103283182841878,3.201131360012846e+24,1273890.8102820641,18,2025-07-22 00:00:00+00:00,1,22.64582175925926
1753210800000,64,0.7789328645081738,186.2824826332105,271460.81956736825,0.5191938839688394,29.0,0.453125,0.6797157908145607,27.0,0.421875,0.2640577422267765,7.0,0.109375,14.594350145846207,1.0,0.015625,,,0.0,0.18960100584344786,0.32959287812539156,29.0,29.0,942.0344827586207,604.0,0.8380655122181898,0.7241379310344828,8.683638925106497e-05,2.573482696967415e+24,1523006.1675609807,19,2025-07-22 00:00:00+00:00,1,22.687488425925928
1753214400000,38,0.7867901272528288,90.78146431282838,165937.76756151306,0.6164301743594477,21.0,0.5526315789473685,1.0493208924607134,16.0,0.42105263157894735,0.1638568946876794,1.0,0.02631578947368421,,,0.0,,,0.0,0.6704935794691484,-0.05406340510970077,21.0,21.0,1047.6190476190477,696.0,0.9260319684106113,0.6666666666666666,8.234021525846042e-05,2.490278038129077e+24,586485.4445871097,20,2025-07-22 00:00:00+00:00,1,22.729155092592592
1753218000000,26,0.6021916538561828,48.62734861532453,94481.54465650482,0.6846867864478398,19.0,0.7307692307692307,0.37827629396454243,7.0,0.2692307692307692,,,0.0,,,0.0,,,0.0,0.2034195900406055,0.4812671964072342,19.0,19.0,1126.5263157894738,561.0,0.912480726536009,0.631578947368421,4.570303653987349e-05,2.433200642301596e+24,284282.6227127854,21,2025-07-22 00:00:00+00:00,1,22.77082175925926
1753221600000,30,0.4304376091202088,48.84112829005712,98431.26130720052,0.4832908435659749,18.0,0.6,0.22159230668201013,8.0,0.26666666666666666,0.6102886589906587,4.0,0.13333333333333333,,,0.0,,,0.0,0.22567892921969396,0.25761191434628095,18.0,18.0,762.9444444444445,649.5,0.8166295610499384,0.6666666666666666,5.309089204305404e-05,2.5077711090401147e+24,417330.81860973174,22,2025-07-22 00:00:00+00:00,1,22.812488425925928
1753225200000,88,1.0603833008930126,219.71303303566737,377246.1436643818,0.9675182439894019,39.0,0.4431818181818182,1.0405313712653328,29.0,0.32954545454545453,1.2702554598151883,20.0,0.22727272727272727,,,0.0,,,0.0,0.3952426268328457,0.5722756171565562,39.0,39.0,726.7948717948718,635.0,0.7972828547978454,0.6153846153846154,0.0001513934056243017,1.908156112427216e+24,1423980.8226707946,23,2025-07-22 00:00:00+00:00,1,22.854155092592592
1753228800000,181,1.3351953115403616,291.6407913245175,536833.3073396394,1.5055432718604222,68.0,0.3756906077348066,1.2275625532021783,79.0,0.43646408839779005,1.3723058176478422,30.0,0.16574585635359115,0.2866981674723478,4.0,0.022099447513812154,,,0.0,0.7262682272199275,0.7792750446404948,68.0,68.0,706.5882352941177,583.0,0.782531470878941,0.6911764705882353,0.0002135364073894632,9.750826988068668e+23,2163469.8193711964,0,2025-07-23 00:00:00+00:00,1,22.89582175925926
1753232400000,143,0.771582874757956,156.80791394859233,293310.1480086598,0.802067773129318,66.0,0.46153846153846156,0.8046306821198285,53.0,0.3706293706293706,0.6210571264763528,23.0,0.16083916083916083,0.47013800254569904,1.0,0.006993006993006993,,,0.0,0.4278294952850555,0.37423827784426256,66.0,66.0,826.8636363636364,728.0,0.8563567592982472,0.5151515151515151,0.00013186843254122684,1.1592606439517371e+24,1246286.639114305,1,2025-07-23 00:00:00+00:00,1,22.937488425925928
1753236000000,130,0.9877591650075402,254.27037749802906,442781.6609511721,1.133197646411618,58.0,0.4461538461538462,0.7978161527382691,52.0,0.4,1.0764553511246284,18.0,0.13846153846153847,0.9102958482365464,2.0,0.015384615384615385,,,0.0,0.39610907077632096,0.7370885756352968,58.0,58.0,878.2931034482758,654.5,0.8736740141728221,0.6379310344827587,0.00016318225246392338,1.5282407792591605e+24,1295068.5734857437,2,2025-07-23 00:00:00+00:00,1,22.979155092592592
1753239600000,114,0.6746810740850783,146.95196385171747,278063.1878126298,0.9923524348970414,43.0,0.37719298245614036,0.5365796537237505,51.0,0.4473684210526316,0.3239987505702018,19.0,0.16666666666666666,0.7209491443810377,1.0,0.008771929824561403,,,0.0,0.7158500353061097,0.2765023995909316,43.0,43.0,1047.7906976744187,770.0,0.9188876300878569,0.46511627906976744,0.00010787885587375694,1.5164993004563022e+24,1028824.3686734223,3,2025-07-23 00:00:00+00:00,1,23.02082175925926
1753243200000,101,0.757880633998954,148.02290753639846,282045.2682463449,0.6211171768830946,50.0,0.49504950495049505,1.0367340639613942,38.0,0.37623762376237624,0.46878390455435714,13.0,0.12871287128712872,,,0.0,,,0.0,0.3324140067235514,0.2887031701595433,50.0,50.0,876.5,725.5,0.870949557279912,0.5,0.00010304016906003632,1.506717784826299e+24,892860.6767037235,4,2025-07-23 00:00:00+00:00,1,23.062488425925928
1753246800000,83,0.564038330576013,92.074637115493,171812.01994528374,0.6371908241615706,35.0,0.42168674698795183,0.49239955115114775,37.0,0.4457831325301205,0.5722471999601493,11.0,0.13253012048192772,,,0.0,,,0.0,0.25083718010255207,0.3863536440590184,35.0,35.0,1277.9142857142858,823.0,1.0009695192688672,0.45714285714285713,9.282249460179424e-05,1.5255890721537624e+24,675661.513183071,5,2025-07-23 00:00:00+00:00,1,23.104155092592592
1753250400000,85,0.6755821335720448,107.77680398949849,200743.6323007981,0.8169808091544768,35.0,0.4117647058823529,0.6320166292629256,39.0,0.4588235294117647,0.38013677199663826,11.0,0.12941176470588237,,,0.0,,,0.0,0.27073504566869355,0.5462457634857834,35.0,35.0,1244.9714285714285,893.0,1.0115064423006674,0.45714285714285713,9.635404668303681e-05,1.5964290715585057e+24,723749.9024153535,6,2025-07-23 00:00:00+00:00,1,23.14582175925926
1753254000000,87,0.7233621037722991,153.87311625405246,269376.3955973805,0.7058033657717554,40.0,0.45977011494252873,0.6949715801904297,38.0,0.4367816091954023,0.9212720388981646,9.0,0.10344827586206896,,,0.0,,,0.0,0.22533990867146683,0.4804634571002886,40.0,40.0,974.75,689.0,0.875525535260784,0.575,0.0001046405012098014,1.894185042504721e+24,941815.8895884163,7,2025-07-23 00:00:00+00:00,1,23.187488425925928
1753257600000,100,0.5662848618360127,134.4881990846202,252174.48548700626,0.9202299247694431,37.0,0.37,0.37851619082777005,48.0,0.48,0.2940801204932607,15.0,0.15,,,0.0,,,0.0,0.44649008688447,0.4737398378849731,37.0,37.0,814.1891891891892,743.0,0.8400519835851522,0.5405405405405406,9.916680728118194e-05,1.8465488694188737e+24,1071950.7580620635,8,2025-07-23 00:00:00+00:00,1,23.229155092592592
1753261200000,80,0.5267882919794591,105.84373117835113,194669.7555316489,0.7103926249224556,28.0,0.35,0.45661281549333504,35.0,0.4375,0.38172139406829775,16.0,0.2,0.16307901316848106,1.0,0.0125,,,0.0,0.17380344521145555,0.5365891797110001,28.0,28.0,933.9642857142857,780.0,0.8988472032468119,0.5,9.485842562078229e-05,2.0368168595546474e+24,1346281.0192193112,9,2025-07-23 00:00:00+00:00,1,23.27082175925926
1753264800000,73,0.8637221434006791,166.36693091915765,287415.21780875814,0.8219685217574401,23.0,0.3150684931506849,1.0674404942650102,34.0,0.4657534246575342,0.37630213630542925,15.0,0.2054794520547945,2.208931618236658,1.0,0.0136986301369863,,,0.0,0.6123001162478036,0.20966840550963656,23.0,23.0,759.1739130434783,696.0,0.8378826005799103,0.5652173913043478,0.00013173088171361164,2.108488304328789e+24,1346752.2421725977,10,2025-07-23 00:00:00+00:00,1,23.312488425925928
1753268400000,104,0.6833531266586002,253.14247995300502,421684.90490487864,0.5251852042593699,42.0,0.40384615384615385,0.8420235962430843,43.0,0.41346153846153844,0.6738911555341186,19.0,0.18269230769230768,,,0.0,,,0.0,0.24062584543680385,0.28455935882256594,42.0,42.0,1132.595238095238,977.0,0.9890677151800851,0.3333333333333333,0.00014266639706544712,2.5030902228100553e+24,1977605.8961663898,11,2025-07-23 00:00:00+00:00,1,23.354155092592592
1753272000000,161,0.5864613987132374,332.57754536923574,619345.6074781555,0.598712804004938,47.0,0.2919254658385093,0.5992178284224781,69.0,0.42857142857142855,0.5656316126213982,44.0,0.2732919254658385,0.046962288106637724,1.0,0.006211180124223602,,,0.0,0.5190088846383674,0.07970391936657058,47.0,47.0,683.1702127659574,631.0,0.7777141541800865,0.7021276595744681,0.00012650908011104507,2.7870033818122106e+24,3138014.5445741657,12,2025-07-23 00:00:00+00:00,1,23.39582175925926
1753275600000,189,0.9092653404374968,651.1802671724431,1122616.2125947785,0.6005839983770136,59.0,0.31216931216931215,1.0538976297482996,77.0,0.4074074074074074,1.0427655839212082,53.0,0.2804232804232804,,,0.0,,,0.0,0.39361897794341655,0.20696502043359702,59.0,59.0,686.3559322033898,477.0,0.7488302368520356,0.7288135593220338,0.000244693014543703,2.9350565350172144e+24,6167909.553335934,13,2025-07-23 00:00:00+00:00,1,23.437488425925928
1753279200000,133,0.6390883742574505,315.26970389734,591778.1057720638,0.7097667223387906,39.0,0.2932330827067669,0.8020372069831688,59.0,0.44360902255639095,0.2856473255148892,35.0,0.2631578947368421,,,0.0,,,0.0,0.6394591500990418,0.07030757223974869,39.0,39.0,890.3846153846154,738.0,0.8729660540094516,0.5641025641025641,0.00015628819936101867,3.300791025943548e+24,2864794.3155440064,14,2025-07-23 00:00:00+00:00,1,23.479155092592592
1753282800000,157,0.5730521055870119,328.31731962000583,605799.0691074678,0.3934783157178507,38.0,0.24203821656050956,0.7574838585008046,69.0,0.4394904458598726,0.4550123668665406,50.0,0.3184713375796178,,,0.0,,,0.0,0.17518603259083465,0.21829228312701604,38.0,38.0,598.6315789473684,476.0,0.7153235697713893,0.7368421052631579,0.00016293835148486815,3.285695266403794e+24,2649738.437869516,15,2025-07-23 00:00:00+00:00,1,23.52082175925926
1753286400000,172,0.8766785933655449,433.8602228671869,804789.405243826,0.7879693924064126,73.0,0.42441860465116277,1.1021848654156399,74.0,0.43023255813953487,0.46821089489792905,25.0,0.14534883720930233,,,0.0,,,0.0,0.6472082977068394,0.14076109469957307,73.0,73.0,673.986301369863,624.0,0.7588072539125719,0.6164383561643836,0.0001923287021105725,2.4048743392828238e+24,3341392.9610392894,16,2025-07-23 00:00:00+00:00,1,23.562488425925928
1753290000000,199,0.760556920716972,350.2979114835825,663384.3250001802,0.7055189562934678,87.0,0.4371859296482412,0.8874540633869055,83.0,0.41708542713567837,0.46830635588426184,26.0,0.1306532663316583,1.378675170347255,3.0,0.01507537688442211,,,0.0,0.1932562360431401,0.5122627202503277,87.0,87.0,850.0344827586207,734.0,0.8657570417550161,0.5172413793103449,0.0001768412816252738,1.9900634926274534e+24,2845937.1181882806,17,2025-07-23 00:00:00+00:00,1,23.604155092592592
1753293600000,160,0.6740362672409241,278.1563360291891,532454.0488992579,0.6803899397193678,81.0,0.50625,0.7111627923582583,66.0,0.4125,0.44370023881820164,12.0,0.075,0.47307047981560035,1.0,0.00625,,,0.0,0.17820847508464743,0.5021814646347202,81.0,81.0,989.3827160493827,881.0,0.9346278798132072,0.43209876543209874,0.00012267343451927924,2.1198141554815044e+24,1353932.3011033656,18,2025-07-23 00:00:00+00:00,1,23.64582175925926
1753297200000,143,0.6777109114850574,279.9013917227194,541383.7433880289,0.7143267374018312,87.0,0.6083916083916084,0.6375299440074963,46.0,0.32167832167832167,0.31621217274371965,9.0,0.06293706293706294,2.59394720936557,1.0,0.006993006993006993,,,0.0,0.2105596004267896,0.5037671369750416,87.0,87.0,775.9310344827586,719.0,0.8458936527001625,0.5402298850574713,0.0001472940026979217,2.3831685896690645e+24,1356333.4203873053,19,2025-07-23 00:00:00+00:00,1,23.687488425925928
1753300800000,224,0.7181376836196917,418.3995957255917,793174.0534623578,0.6842330453720856,93.0,0.41517857142857145,0.9329583421853835,78.0,0.3482142857142857,0.4554603959246964,52.0,0.23214285714285715,0.7744766326628393,1.0,0.004464285714285714,,,0.0,0.31864881243894627,0.3655842329331394,93.0,93.0,665.8387096774194,594.0,0.7670084982300174,0.6881720430107527,0.0001974624777574756,2.1286662078057422e+24,2972757.0692685135,20,2025-07-23 00:00:00+00:00,1,23.729155092592592
1753304400000,211,0.8481550935465085,473.87719967801576,850742.4580693004,0.7954929992355362,73.0,0.3459715639810427,0.9367502066965879,96.0,0.4549763033175355,0.7371837131249217,42.0,0.1990521327014218,,,0.0,,,0.0,0.20348668096933176,0.5920063182662044,73.0,73.0,903.6164383561644,748.0,0.8744467606532407,0.5068493150684932,0.0002283863860140677,2.1875321145359757e+24,2968678.1981811607,21,2025-07-23 00:00:00+00:00,1,23.77082175925926
1753308000000,115,0.9164817326641588,270.47508768134634,486808.4575397569,0.9882355296840958,68.0,0.591304347826087,0.980995549696519,37.0,0.3217391304347826,0.18985478990885418,10.0,0.08695652173913043,,,0.0,,,0.0,0.24989272403461105,0.7383428056494847,68.0,68.0,948.7794117647059,783.0,0.9010879858820507,0.4852941176470588,0.0001235125497593264,2.144916240586938e+24,1093482.6611608758,22,2025-07-23 00:00:00+00:00,1,23.812488425925928
1753311600000,48,0.5143279257441797,81.07838302143067,156153.39089625035,0.6336046046375394,21.0,0.4375,0.43248336780037805,25.0,0.5208333333333334,0.2849797716614243,2.0,0.041666666666666664,,,0.0,,,0.0,0.8559322253061626,-0.22232762066862333,21.0,21.0,958.1428571428571,733.0,0.9265406245568325,0.5238095238095238,6.294602540038796e-05,2.657025736844994e+24,471524.49503962544,23,2025-07-23 00:00:00+00:00,1,23.854155092592592
1753315200000,81,0.6003830011557506,187.30893210613317,365062.1824225292,0.6154314439542662,55.0,0.6790123456790124,0.5184626788149705,22.0,0.2716049382716049,0.8440286855504509,4.0,0.04938271604938271,,,0.0,,,0.0,0.17628876620124237,0.4391426777530238,55.0,55.0,666.5818181818182,574.0,0.7638579560848632,0.6363636363636364,0.0001137216038245576,2.854612151306921e+24,1234042.4873726338,0,2025-07-24 00:00:00+00:00,1,23.89582175925926
1753318800000,100,0.5833106655169938,276.4991608295358,523566.73421750567,0.5123339783947483,64.0,0.64,0.567666778920872,31.0,0.31,0.0818459056456432,4.0,0.04,7.616638165305893,1.0,0.01,,,0.0,0.17906792854024012,0.33326604985450814,64.0,64.0,604.828125,614.5,0.7373794655248997,0.71875,9.451487755267556e-05,3.2672309789417453e+24,1290226.0801871696,1,2025-07-24 00:00:00+00:00,1,23.937488425925928
1753322400000,66,0.6855604459063541,247.48888787768072,383251.52267801226,0.9194676781899952,38.0,0.5757575757575758,0.37919236152229835,24.0,0.36363636363636365,0.38044054852286147,3.0,0.045454545454545456,0.06527933649580919,1.0,0.015151515151515152,,,0.0,0.2434063630870488,0.6760613151029464,38.0,38.0,693.2368421052631,524.0,0.756791031046608,0.7368421052631579,7.543028493847338e-05,3.2279122709204344e+24,1045089.1219148828,2,2025-07-24 00:00:00+00:00,1,23.979155092592592
1753326000000,83,0.43581327374523543,170.4498358748757,343378.63580764155,0.4661504638481088,54.0,0.6506024096385542,0.41053166425238996,24.0,0.2891566265060241,0.22952334619986017,5.0,0.060240963855421686,,,0.0,,,0.0,0.21503954677883355,0.2511109170692753,54.0,54.0,704.9444444444445,700.0,0.798295607694162,0.5925925925925926,7.153491074399104e-05,3.160305159118039e+24,892652.177284527,3,2025-07-24 00:00:00+00:00,1,24.02082175925926
1753329600000,137,0.6004517768394754,274.26667092416267,527154.0271027702,0.5542447349174306,72.0,0.5255474452554745,0.7655200827730996,47.0,0.34306569343065696,0.3542682568120792,18.0,0.13138686131386862,,,0.0,,,0.0,0.18611198288269123,0.36813275203473944,72.0,72.0,697.5972222222222,678.0,0.7828023800148459,0.625,0.00011541972019208243,2.635532496219822e+24,1542231.3831024356,4,2025-07-24 00:00:00+00:00,1,24.062488425925928
1753333200000,146,0.8443943282026416,387.8664430352616,720640.8328797392,0.823750902544741,82.0,0.5616438356164384,0.946431132418723,54.0,0.3698630136986301,0.4626716758305881,10.0,0.0684931506849315,,,0.0,,,0.0,0.48632249874208155,0.33742840380265937,82.0,82.0,708.7317073170732,659.0,0.7956714925011242,0.6829268292682927,0.0001549541295695846,2.418877263482328e+24,2772740.0636837785,5,2025-07-24 00:00:00+00:00,1,24.104155092592592
1753336800000,203,0.8080006742245167,539.9784802116876,1019234.8885902048,0.6928025196843517,116.0,0.5714285714285714,1.0988788406574148,69.0,0.3399014778325123,0.4353558099350261,18.0,0.08866995073891626,,,0.0,,,0.0,0.29105850560799007,0.40174401407636157,116.0,116.0,623.8448275862069,586.5,0.7598137433921227,0.7413793103448276,0.00018856303580742115,2.564451129482346e+24,4064526.891943864,6,2025-07-24 00:00:00+00:00,1,24.14582175925926
1753340400000,221,0.7247216100650735,527.2067830862495,994435.3767599158,0.7377144439762803,135.0,0.6108597285067874,0.7916666224695083,71.0,0.3212669683257919,0.30875601550176823,14.0,0.06334841628959276,0.04111147522356962,1.0,0.004524886877828055,,,0.0,0.2873443564126281,0.45037008756365216,135.0,135.0,649.8296296296296,605.0,0.7587513360640645,0.725925925925926,0.0001697333423714514,2.6019933277540833e+24,2773067.2664484065,7,2025-07-24 00:00:00+00:00,1,24.187488425925928
1753344000000,110,0.6676802627793065,226.8632704305117,441466.9029343007,0.6436287352077188,64.0,0.5818181818181818,0.774243963650668,33.0,0.3,0.5155799270736668,13.0,0.11818181818181818,,,0.0,,,0.0,0.18012453255346425,0.4635042026542545,64.0,64.0,682.25,636.0,0.8017714747958236,0.65625,0.00011014019791035938,2.468609730545638e+24,1207143.6837325813,8,2025-07-24 00:00:00+00:00,1,24.229155092592592
1753347600000,120,0.5194239692971288,208.8027069333909,410958.4637027455,0.4102477011536742,74.0,0.6166666666666667,0.722451145163733,39.0,0.325,0.5424216812711384,7.0,0.058333333333333334,,,0.0,,,0.0,0.17200988791641592,0.2382378132372583,74.0,74.0,693.1216216216217,537.5,0.754903796997427,0.6756756756756757,0.00011686982142897705,2.3197608471999867e+24,1252962.5925367037,9,2025-07-24 00:00:00+00:00,1,24.27082175925926
1753351200000,176,0.6228726840583954,364.01125283325007,695976.1116726899,0.6261770569430054,86.0,0.48863636363636365,0.659206154710903,69.0,0.39204545454545453,0.4515181760646698,18.0,0.10227272727272728,0.7206045509875884,3.0,0.017045454545454544,,,0.0,0.22155945385454262,0.4046176030884628,86.0,86.0,625.1860465116279,552.0,0.7442934786375768,0.813953488372093,0.00013421646546667266,2.538931824272128e+24,2202869.2402540646,10,2025-07-24 00:00:00+00:00,1,24.312488425925928
1753354800000,84,0.8264657477948076,198.06868412756,367615.05044205824,0.8374602481733268,46.0,0.5476190476190477,0.856819565701675,34.0,0.40476190476190477,0.5723625516523877,3.0,0.03571428571428571,0.05099850997670064,1.0,0.011904761904761904,,,0.0,0.24583368298332606,0.5916265651900008,46.0,46.0,990.2173913043479,785.5,0.9286555031876168,0.4782608695652174,0.00010416284422611815,2.3228526431702182e+24,1151137.1471602868,11,2025-07-24 00:00:00+00:00,1,24.354155092592592
1753358400000,225,0.5581422858817446,422.8132463473642,851007.606621382,0.5070465925388226,126.0,0.56,0.6970518439179371,64.0,0.28444444444444444,0.41388493324400516,27.0,0.12,0.7384915568955973,8.0,0.035555555555555556,,,0.0,0.2042921570115572,0.3027544355272654,126.0,126.0,583.9126984126984,554.0,0.7310751875163558,0.7777777777777778,0.00013388820544431532,2.364581292808321e+24,2392027.0810943167,12,2025-07-24 00:00:00+00:00,1,24.39582175925926
1753362000000,251,0.672870356644008,511.15335857843394,988403.5990758579,0.6141114246604227,153.0,0.6095617529880478,0.8254198103468086,86.0,0.3426294820717131,0.32877565456465097,12.0,0.04780876494023904,,,0.0,,,0.0,0.2297848405572724,0.38432658410315024,153.0,153.0,632.9869281045752,595.0,0.7525642351621558,0.673202614379085,0.000148766066603211,2.3480722510000359e+24,2286633.016383788,13,2025-07-24 00:00:00+00:00,1,24.437488425925928
1753365600000,237,0.6680174564068636,529.4385764007881,1043669.2804019881,0.6074248464195119,121.0,0.510548523206751,0.8138746970278434,91.0,0.38396624472573837,0.4050848523354288,20.0,0.08438818565400844,0.5314872550846771,5.0,0.02109704641350211,,,0.0,0.2644003701518926,0.34302447626761934,121.0,121.0,748.8925619834711,646.0,0.8043956528709746,0.6528925619834711,0.00016235182657193525,2.5431071633162434e+24,3417049.896589979,14,2025-07-24 00:00:00+00:00,1,24.479155092592592
1753369200000,179,0.6553751403913857,466.04283549392574,890196.9010285942,0.5390146815548624,108.0,0.6033519553072626,1.0098458416709666,53.0,0.29608938547486036,0.24733089233911365,16.0,0.0893854748603352,0.8097203180729196,2.0,0.0111731843575419,,,0.0,0.237578618919983,0.3014360626348794,108.0,108.0,603.425925925926,547.0,0.7325597410204788,0.7407407407407407,0.00014812549678513282,2.992784496200336e+24,3022141.369802596,15,2025-07-24 00:00:00+00:00,1,24.52082175925926
1753372800000,246,0.67162368073823,562.2411861475159,1090373.1013599865,0.5775013317728183,147.0,0.5975609756097561,0.8773096131286766,79.0,0.32113821138211385,0.5127459982634865,19.0,0.07723577235772358,1.2770962868285984,1.0,0.0040650406504065045,,,0.0,0.20937305580412666,0.36812827596869163,147.0,147.0,625.1156462585034,624.0,0.7446442154508165,0.7414965986394558,0.00014674477533359472,2.679864175232876e+24,2699960.7286483576,16,2025-07-24 00:00:00+00:00,1,24.562488425925928
1753376400000,57,0.6999267841458636,169.8821461496019,321567.63382730377,0.6915483806924126,36.0,0.631578947368421,0.8168229524781079,18.0,0.3157894736842105,0.09909061559380787,3.0,0.05263157894736842,,,0.0,,,0.0,0.2579494193114028,0.4335989613810099,36.0,36.0,758.8333333333334,683.0,0.8249601422570075,0.6111111111111112,0.00010622625209263051,3.2539811773291925e+24,1324124.170348266,17,2025-07-24 00:00:00+00:00,1,24.604155092592592
1753380000000,92,0.5385390298913906,230.7925092846768,453411.4775591016,0.49204681840204006,63.0,0.6847826086956522,0.6814916715674244,27.0,0.29347826086956524,0.07318302917947317,2.0,0.021739130434782608,,,0.0,,,0.0,0.16969759056531303,0.322349227836727,63.0,63.0,603.952380952381,579.0,0.7382446099026619,0.6825396825396826,9.618680508028766e-05,3.295173641179549e+24,1164413.6335921192,18,2025-07-24 00:00:00+00:00,1,24.64582175925926
1753383600000,65,0.5077233735296202,152.4398970995141,280828.7458200605,0.6440640797643659,35.0,0.5384615384615384,0.3767322948399509,26.0,0.4,0.16618420545844603,4.0,0.06153846153846154,,,0.0,,,0.0,0.30723734712320744,0.3368267326411584,35.0,35.0,958.4,792.0,0.9255121015509478,0.45714285714285713,7.669690468254594e-05,3.129727844896656e+24,888503.8408604262,19,2025-07-24 00:00:00+00:00,1,24.687488425925928
1753387200000,51,0.43652088230203223,96.82378866404102,194722.22783233365,0.44513900104212933,36.0,0.7058823529411765,0.3965025461074781,14.0,0.27450980392156865,0.6865253143822957,1.0,0.0196078431372549,,,0.0,,,0.0,0.15637874167153124,0.28876025937059807,36.0,36.0,868.2777777777778,621.0,0.8603851062462948,0.6111111111111112,6.656073875726397e-05,3.03165713880299e+24,869462.6240854394,20,2025-07-24 00:00:00+00:00,1,24.729155092592592
1753390800000,61,0.4906542854843329,141.91692730891418,287764.9146529932,0.4495264604656787,45.0,0.7377049180327869,0.64496216868308,15.0,0.2459016393442623,0.026788163342565847,1.0,0.01639344262295082,,,0.0,,,0.0,0.15510569194464893,0.2944207685210297,45.0,45.0,684.2666666666667,587.0,0.7736026591517632,0.6888888888888889,8.352830488794314e-05,3.008974669585557e+24,877716.255223937,21,2025-07-24 00:00:00+00:00,1,24.77082175925926
1753394400000,114,0.4683542709224158,216.47948641794915,435233.9425225095,0.487996206165013,78.0,0.6842105263157895,0.42319799479667214,35.0,0.30701754385964913,0.5167529864008634,1.0,0.008771929824561403,,,0.0,,,0.0,0.18276237059847375,0.3052338355665392,78.0,78.0,692.5769230769231,614.5,0.7847087530660597,0.7564102564102564,0.00010047472261697873,2.7055637758114866e+24,1140182.8103265616,22,2025-07-24 00:00:00+00:00,1,24.812488425925928
1753398000000,187,0.5779503449678743,295.61536518169953,577539.7167939278,0.6137718709629948,107.0,0.5721925133689839,0.6173563585676898,64.0,0.3422459893048128,0.1807698354762454,16.0,0.0855614973262032,,,0.0,,,0.0,0.22294653860591818,0.39082533235707656,107.0,107.0,772.9906542056075,664.0,0.8278890675933916,0.616822429906542,0.00014601019133442304,2.1703422035994955e+24,1520433.937282599,23,2025-07-24 00:00:00+00:00,1,24.854155092592592
1753401600000,159,0.7246823535311329,286.70454618851926,545797.3649710582,0.6699576230836654,91.0,0.5723270440251572,0.810032809724326,59.0,0.3710691823899371,0.07431091673985839,6.0,0.03773584905660377,2.0068497455540633,3.0,0.018867924528301886,,,0.0,0.22957491842568822,0.4403827046579771,91.0,91.0,720.978021978022,667.0,0.8117437633092315,0.5824175824175825,0.0001337196610036907,1.9735235009137974e+24,1356609.492743039,0,2025-07-25 00:00:00+00:00,1,24.89582175925926
1753405200000,168,0.6888128018360308,321.379813417382,622592.3737821637,0.6412047613237771,102.0,0.6071428571428571,0.7982099439095478,54.0,0.32142857142857145,0.6061205630422969,11.0,0.06547619047619048,0.5470018888470473,1.0,0.005952380952380952,,,0.0,0.29604453937432806,0.3451602219494492,102.0,102.0,711.4215686274509,643.5,0.8077135546346068,0.6666666666666666,0.00015724891067322248,2.0200148827846486e+24,1581150.8873096765,1,2025-07-25 00:00:00+00:00,1,24.937488425925928
1753408800000,175,0.6910832763472767,305.8760438867337,581579.2933002022,0.6604344876102914,102.0,0.5828571428571429,0.8117967302084472,59.0,0.33714285714285713,0.40566061015894966,14.0,0.08,,,0.0,,,0.0,0.2474445594616826,0.41298992814860896,102.0,102.0,662.6274509803922,598.0,0.7762401156009133,0.6666666666666666,0.00015497949884666552,2.1181172214501002e+24,1651103.0568602106,2,2025-07-25 00:00:00+00:00,1,24.979155092592592
1753412400000,221,0.7524394565057396,440.4709951764673,839647.1860273139,0.6344463479012249,117.0,0.5294117647058824,0.9977144146141896,85.0,0.38461538461538464,0.3958753251861131,18.0,0.08144796380090498,0.12741608776900992,1.0,0.004524886877828055,,,0.0,0.25091667758278235,0.38352967031844243,117.0,117.0,632.3076923076923,629.0,0.7625634182123486,0.6923076923076923,0.0001618727355830497,2.2178255098250244e+24,2441050.449282418,3,2025-07-25 00:00:00+00:00,1,25.02082175925926
1753416000000,229,0.7837626343636713,487.39381658883445,928719.4796326577,0.6932186470937415,112.0,0.4890829694323144,0.9087636828483328,98.0,0.4279475982532751,0.3497072181474258,14.0,0.0611353711790393,1.5772825643162225,5.0,0.021834061135371178,,,0.0,0.22609099333550572,0.46712765375823573,112.0,112.0,747.5982142857143,615.5,0.7932948254835647,0.625,0.00015025372447152865,2.2478478717233726e+24,2247859.5488308244,4,2025-07-25 00:00:00+00:00,1,25.062488425925928
1753419600000,144,0.5073476928472027,242.6005437080997,478925.07449956384,0.49698738993442676,95.0,0.6597222222222222,0.5124439532398267,43.0,0.2986111111111111,0.7038051904132469,5.0,0.034722222222222224,0.290149784847875,1.0,0.006944444444444444,,,0.0,0.22611882594072397,0.27086856399370274,95.0,95.0,626.0736842105263,593.0,0.7405778126437492,0.7052631578947368,0.00011314779524908665,2.3570810948870708e+24,1207606.028503086,5,2025-07-25 00:00:00+00:00,1,25.104155092592592
1753423200000,174,0.47441393216159217,267.64219444904865,530470.5029967208,0.4675947054695436,103.0,0.5919540229885057,0.48908470066628584,58.0,0.3333333333333333,0.4629889918545747,13.0,0.07471264367816093,,,0.0,,,0.0,0.21942696519415647,0.24816774027538716,103.0,103.0,650.7669902912621,630.0,0.7785253874186681,0.6796116504854369,0.00011021765145619984,2.2582487413670195e+24,1595138.6484123883,6,2025-07-25 00:00:00+00:00,1,25.14582175925926
1753426800000,147,0.6439245997854628,304.84748374809936,582365.3385925421,0.5233420283433564,67.0,0.4557823129251701,0.837896446170348,62.0,0.4217687074829932,0.4246344781609204,18.0,0.12244897959183673,,,0.0,,,0.0,0.2527627163567072,0.2705793119866493,67.0,67.0,533.8507462686567,555.0,0.6989936400167043,0.7910447761194029,0.0001369889366417183,2.6296571297920977e+24,1807638.6310788784,7,2025-07-25 00:00:00+00:00,1,25.187488425925928
1753430400000,134,0.561625715753577,332.66209003451326,662574.6580066581,0.47496963530879693,71.0,0.5298507462686567,0.7425601847412702,51.0,0.3805970149253731,0.3050053287515754,11.0,0.08208955223880597,0.3093737659826167,1.0,0.007462686567164179,,,0.0,0.21893775513064745,0.25603188017814954,71.0,71.0,629.7323943661971,620.0,0.7588226401637913,0.7464788732394366,0.00011906186545282634,3.35702778519211e+24,1962581.9564299562,8,2025-07-25 00:00:00+00:00,1,25.229155092592592
1753434000000,168,0.6592560526031361,464.40139480008185,771108.9721952835,0.4466367955996349,97.0,0.5773809523809523,1.1260146952222219,54.0,0.32142857142857145,0.39248478592250585,15.0,0.08928571428571429,0.36959116666235736,2.0,0.011904761904761904,,,0.0,0.15785737675947226,0.2887794188401626,97.0,97.0,684.8865979381443,545.0,0.7491869921377271,0.7835051546391752,0.00011746204695054803,2.7905056027183244e+24,1790922.7892358266,9,2025-07-25 00:00:00+00:00,1,25.27082175925926
1753437600000,87,0.4919952560890335,112.38255943621562,216890.87541627552,0.633494779441608,43.0,0.4942528735632184,0.33890733175641846,38.0,0.4367816091954023,0.4474721928354785,6.0,0.06896551724137931,,,0.0,,,0.0,0.1894218392598194,0.44407294018178856,43.0,43.0,1102.906976744186,692.0,0.9389281301524505,0.5813953488372093,8.302158409955196e-05,2.1149922899067366e+24,1004102.1344237629,10,2025-07-25 00:00:00+00:00,1,25.312488425925928
1753441200000,50,0.6017185678448155,86.44493671081811,160155.64342372777,0.37169529205217827,26.0,0.52,0.9657409369235068,21.0,0.42,0.04709704116349881,3.0,0.06,,,0.0,,,0.0,0.18212580586797378,0.18956948618420455,26.0,26.0,764.2692307692307,662.0,0.8344196724765701,0.6153846153846154,7.303296489105802e-05,2.173372086332987e+24,517859.06568620924,11,2025-07-25 00:00:00+00:00,1,25.354155092592592
1753444800000,154,0.47339612789278407,264.9179619027301,527304.942706121,0.485111395999913,92.0,0.5974025974025974,0.5097015843147633,50.0,0.3246753246753247,0.2563156672426058,10.0,0.06493506493506493,0.11225968766626504,2.0,0.012987012987012988,,,0.0,0.20251959427937405,0.28259180172053894,92.0,92.0,592.1847826086956,571.0,0.7385728486382257,0.7608695652173914,0.00010974535600186675,2.592188072964528e+24,1388832.0776428364,12,2025-07-25 00:00:00+00:00,1,25.39582175925926
1753448400000,122,0.663824728499678,260.14907107142494,498368.5551074579,0.6971594448522905,77.0,0.6311475409836066,0.6453324070028476,41.0,0.3360655737704918,0.21167773405439838,4.0,0.03278688524590164,,,0.0,,,0.0,0.19669055332399926,0.5004688915282913,77.0,77.0,722.012987012987,609.0,0.7912964271977851,0.6883116883116883,0.00011940569587881116,2.5564594684087864e+24,1241299.7537461938,13,2025-07-25 00:00:00+00:00,1,25.437488425925928
1753452000000,192,0.6533328421830922,385.01255606626256,751498.1234008681,0.5488044877495831,112.0,0.5833333333333334,0.8602934503285006,67.0,0.3489583333333333,0.32729673986487284,10.0,0.052083333333333336,1.020391500180707,3.0,0.015625,,,0.0,0.20411278083116433,0.3446917069184188,112.0,112.0,686.2053571428571,592.0,0.7794543763702918,0.7410714285714286,0.0001332842359911424,2.4100842487546895e+24,2399985.3640661007,14,2025-07-25 00:00:00+00:00,1,25.479155092592592
1753455600000,209,0.5927554674870952,396.2804381888783,769109.3995553311,0.5349355628016352,119.0,0.569377990430622,0.7559058528839182,73.0,0.3492822966507177,0.2983182230774416,16.0,0.07655502392344497,0.27434190164322014,1.0,0.004784688995215311,,,0.0,0.17881170423687437,0.35612385856476086,119.0,119.0,653.2268907563025,578.0,0.7569941244522849,0.7983193277310925,0.00012442490062442317,2.495048108064501e+24,1896598.0732596382,15,2025-07-25 00:00:00+00:00,1,25.52082175925926
1753459200000,123,0.6028204703354555,224.49029327862067,437299.14121955057,0.5676691199952295,75.0,0.6097560975609756,0.665063253370862,46.0,0.37398373983739835,0.4894120982795779,2.0,0.016260162601626018,,,0.0,,,0.0,0.2163403421047119,0.3513287778905176,75.0,75.0,957.32,591.0,0.8569239244831073,0.64,0.0001272106141625661,2.398278536672888e+24,1404290.1613398897,16,2025-07-25 00:00:00+00:00,1,25.562488425925928
1753462800000,72,0.5587451407773657,144.2386079280274,285762.0915214064,0.4633802288876662,41.0,0.5694444444444444,0.7469831632005762,27.0,0.375,0.03786984725381367,3.0,0.041666666666666664,0.9489058033990182,1.0,0.013888888888888888,,,0.0,0.1639696984473188,0.29941053044034743,41.0,41.0,624.4146341463414,594.0,0.7399143339847296,0.7073170731707317,8.302468105182816e-05,2.7424055944907455e+24,886209.542021489,17,2025-07-25 00:00:00+00:00,1,25.604155092592592
1753466400000,59,0.46437091931369656,109.07408736846654,215706.1714065097,0.5239941222085808,40.0,0.6779661016949152,0.37278167432854437,16.0,0.2711864406779661,0.1578708539693854,3.0,0.05084745762711865,,,0.0,,,0.0,0.15628068125428818,0.3677134409542926,40.0,40.0,665.475,698.0,0.779651693578262,0.575,7.543456069239137e-05,2.903525524450611e+24,651876.3449526344,18,2025-07-25 00:00:00+00:00,1,25.64582175925926
1753470000000,40,0.38225929488136956,65.72901216310238,132278.52806388866,0.43736187170700264,25.0,0.625,0.29042166683864784,15.0,0.375,,,0.0,,,0.0,,,0.0,0.18993068099127253,0.24743119071573005,25.0,25.0,843.6,667.0,0.8651357205871723,0.56,5.5900750956217454e-05,3.0123182109150147e+24,401810.1346786499,19,2025-07-25 00:00:00+00:00,1,25.687488425925928
1753473600000,41,0.381143784830404,75.77950472246229,154037.7640015999,0.3186510482798296,23.0,0.5609756097560976,0.46099561486724894,18.0,0.43902439024390244,,,0.0,,,0.0,,,0.0,0.167576832368903,0.15107421591092665,23.0,23.0,1011.304347826087,670.0,0.8889652738185359,0.5652173913043478,5.448552093449773e-05,2.993702359860812e+24,515933.65045623085,20,2025-07-25 00:00:00+00:00,1,25.729155092592592
1753477200000,37,1.2665661404918707,368.0328218456195,290946.1068991302,0.3818907776204127,17.0,0.4594594594594595,2.428227804897158,15.0,0.40540540540540543,0.372698348626581,4.0,0.10810810810810811,2.456593510688503,1.0,0.02702702702702703,,,0.0,0.28338177837921597,0.09850899924119674,17.0,17.0,994.5294117647059,810.0,0.9283986537546919,0.35294117647058826,5.727972188268479e-05,3.1324447573314647e+24,837800.9014686745,21,2025-07-25 00:00:00+00:00,1,25.77082175925926
1753480800000,48,0.46697992866993393,102.82376080463767,203586.23904077237,0.4300243622056554,38.0,0.7916666666666666,0.6746292431401426,9.0,0.1875,0.002447624080641371,1.0,0.020833333333333332,,,0.0,,,0.0,0.2818477632689045,0.14817659893675095,38.0,38.0,856.578947368421,618.0,0.8416334739362366,0.631578947368421,6.293581156503164e-05,3.2427131703225173e+24,542673.6303709374,22,2025-07-25 00:00:00+00:00,1,25.812488425925928
1753484400000,25,0.5169956975346323,55.29455213036338,108924.53441848002,0.6135384387967501,13.0,0.52,0.41240772783400464,12.0,0.48,,,0.0,,,0.0,,,0.0,0.37811508182849646,0.23542335696825367,13.0,13.0,1002.3846153846154,852.0,0.9597093118913912,0.46153846153846156,5.573620013688174e-05,3.4219420106209846e+24,346722.56034391886,23,2025-07-25 00:00:00+00:00,1,25.854155092592592
1753488000000,39,0.5183376758838616,92.7025367406272,170584.8510424313,0.6655316871043747,20.0,0.5128205128205128,0.36522089324191015,15.0,0.38461538461538464,0.3565555546886134,4.0,0.10256410256410256,,,0.0,,,0.0,0.21848824927206847,0.44704343783230627,20.0,20.0,846.2,589.5,0.7970851631576357,0.5,5.5256039207855916e-05,3.6611139897977336e+24,672674.8942308364,0,2025-07-26 00:00:00+00:00,1,25.89582175925926
1753491600000,40,0.3353376576605881,78.83984681378513,153258.08984063088,0.4020987503038408,20.0,0.5,0.29255932966025494,18.0,0.45,0.0527316832310597,2.0,0.05,,,0.0,,,0.0,0.4726551428773139,-0.07055639257347315,20.0,20.0,738.85,692.5,0.7906277988440216,0.75,4.757262586399895e-05,3.722699745147054e+24,511283.2533446686,1,2025-07-26 00:00:00+00:00,1,25.937488425925928
1753495200000,52,0.5252266328708524,136.46971022431157,267971.0326264312,0.47179220372575326,34.0,0.6538461538461539,0.6502059218825371,17.0,0.3269230769230769,0.21734931060557894,1.0,0.019230769230769232,,,0.0,,,0.0,0.4378931924747199,0.033899011251033416,34.0,34.0,820.7941176470588,765.5,0.8626096179075565,0.5,5.636974760167323e-05,3.7488117469655695e+24,640622.3492619686,2,2025-07-26 00:00:00+00:00,1,25.979155092592592
1753498800000,29,0.18423967111413586,40.71782918806838,82181.30217761052,0.22124237745822897,13.0,0.4482758620689655,0.18564981291914373,13.0,0.4482758620689655,0.017783995801365072,3.0,0.10344827586206896,,,0.0,,,0.0,0.12309271366712532,0.09814966379110365,13.0,13.0,745.5384615384615,616.0,0.8230491363563772,0.8461538461538461,4.146817075716931e-05,4.1539591019932686e+24,296614.24899668706,3,2025-07-26 00:00:00+00:00,1,26.02082175925926
1753502400000,19,0.25691811245942403,29.854734190333886,59976.899102368436,0.3345087656321565,8.0,0.42105263157894735,0.12441725594306134,9.0,0.47368421052631576,0.5428093540921264,2.0,0.10526315789473684,,,0.0,,,0.0,1.1013768073074626,-0.766868041675306,8.0,8.0,1020.625,531.0,0.8826209855766319,0.75,3.834291904076757e-05,4.0982807126737414e+24,367257.3939160223,4,2025-07-26 00:00:00+00:00,1,26.062488425925928
1753506000000,14,0.36485635700285296,33.82721209135305,68465.84608366234,0.38049055644050006,11.0,0.7857142857142857,0.0022656829140642668,1.0,0.07142857142857142,0.4601635971401884,2.0,0.14285714285714285,,,0.0,,,0.0,0.25253046335065343,0.12796009308984663,11.0,11.0,862.0909090909091,555.0,0.8522911731426038,0.7272727272727273,2.7610031798635158e-05,4.0542474907637665e+24,357738.4981434246,5,2025-07-26 00:00:00+00:00,1,26.104155092592592
1753509600000,12,0.2583348898488368,19.28376887782505,37969.35230749851,0.11927681031587578,2.0,0.16666666666666666,0.34768340034227896,8.0,0.6666666666666666,0.03999892740802913,2.0,0.16666666666666666,,,0.0,,,0.0,0.18336244870409846,-0.06408563838822268,2.0,2.0,704.5,704.5,0.8139602717348224,0.5,3.841538800716303e-05,4.4356912135760975e+24,293187.93583084753,6,2025-07-26 00:00:00+00:00,1,26.14582175925926
1753513200000,25,0.3929884593531872,66.43146381703878,132178.00067057848,0.6146686905379969,14.0,0.56,0.10121049742601185,8.0,0.32,0.13655527896320988,3.0,0.12,,,0.0,,,0.0,0.6972249850205975,-0.0825562944826005,14.0,14.0,809.2142857142857,744.5,0.8629474317878405,0.5714285714285714,3.0026010451048613e-05,5.088491662381904e+24,432098.88557393325,7,2025-07-26 00:00:00+00:00,1,26.187488425925928
1753516800000,35,0.42556326045175363,104.45081495683164,208227.86788519472,0.36782927266665755,21.0,0.6,0.5572721592171566,11.0,0.3142857142857143,0.39054960875973144,2.0,0.05714285714285714,0.25920642090338386,1.0,0.02857142857142857,,,0.0,0.13668114690086974,0.2311481257657878,21.0,21.0,765.5714285714286,583.0,0.8056722652644501,0.6666666666666666,4.206838785214996e-05,4.7646478143620007e+24,496718.3400999576,8,2025-07-26 00:00:00+00:00,1,26.229155092592592
1753520400000,13,0.14658304385624704,12.953023211380946,25868.27220079819,0.18198472819721334,7.0,0.5384615384615384,0.10528107879178634,6.0,0.46153846153846156,,,0.0,,,0.0,,,0.0,0.12731896319316774,0.054665765004045595,7.0,7.0,929.4285714285714,905.0,0.932971201751429,0.42857142857142855,3.357110994964037e-05,4.817100653197587e+24,386036.97247265925,9,2025-07-26 00:00:00+00:00,1,26.27082175925926
1753524000000,44,0.2752642318200496,81.27372863670331,161974.40947978914,0.3694260286568386,21.0,0.4772727272727273,0.21418043890073554,17.0,0.38636363636363635,0.11876868949601149,6.0,0.13636363636363635,,,0.0,,,0.0,0.1567611342971465,0.2126648943596921,21.0,21.0,1009.7142857142857,690.0,0.8857296420528723,0.6190476190476191,4.618641089214462e-05,4.818549587834445e+24,689092.8805192692,10,2025-07-26 00:00:00+00:00,1,26.312488425925928
1753527600000,43,0.4624004659255942,133.2855161553814,269425.77203616715,0.5341347872310079,27.0,0.627906976744186,0.3247296832532767,13.0,0.3023255813953488,0.41336496575691334,3.0,0.06976744186046512,,,0.0,,,0.0,0.5817980331885608,-0.04766324595755294,27.0,27.0,689.2592592592592,617.0,0.7981448094686557,0.5925925925925926,5.766340510839845e-05,4.531322586755695e+24,718066.8583789164,11,2025-07-26 00:00:00+00:00,1,26.354155092592592
1753531200000,26,0.35345656107107837,58.85705251433217,119484.56665930939,0.24452034769392234,15.0,0.5769230769230769,0.49329363140052923,7.0,0.2692307692307692,0.018435059813697204,1.0,0.038461538461538464,0.6835249642739337,3.0,0.11538461538461539,,,0.0,0.11661095332412616,0.1279093943697962,15.0,15.0,607.9333333333333,580.0,0.7633679742637328,0.8,3.629992783393383e-05,4.129759830336408e+24,968356.1365158741,12,2025-07-26 00:00:00+00:00,1,26.39582175925926
1753534800000,12,0.5272915621003744,36.072924093969014,70196.54982405307,0.5632570788454059,9.0,0.75,0.5758650388681995,2.0,0.16666666666666666,0.10645495785944081,1.0,0.08333333333333333,,,0.0,,,0.0,0.4065246830354357,0.15673239580997014,9.0,9.0,881.3333333333334,743.0,0.8523920834517132,0.5555555555555556,3.0950794379380445e-05,4.217336862350048e+24,257372.98985579622,13,2025-07-26 00:00:00+00:00,1,26.437488425925928
1753538400000,37,0.28291611685264545,62.278069875474806,129865.85812183861,0.24722790150033966,14.0,0.3783783783783784,0.359683720329701,18.0,0.4864864864864865,0.10647974732170151,5.0,0.13513513513513514,,,0.0,,,0.0,0.3205031999252273,-0.0732752984248876,14.0,14.0,901.7142857142857,708.5,0.8489484164021545,0.5,4.75305427611304e-05,4.056592081565357e+24,407840.7199635794,14,2025-07-26 00:00:00+00:00,1,26.479155092592592
1753542000000,26,0.21428843993527896,33.60350124286903,67978.5545541774,0.20876416112436838,10.0,0.38461538461538464,0.24812390240926183,11.0,0.4230769230769231,0.15244878576626142,4.0,0.15384615384615385,0.1446997575066432,1.0,0.038461538461538464,,,0.0,0.09341685140363143,0.11534730972073692,10.0,10.0,1031.5,652.5,0.9244406324124412,0.5,3.684691004523623e-05,3.6435637978336857e+24,429026.07620794524,15,2025-07-26 00:00:00+00:00,1,26.52082175925926
1753545600000,34,0.3830423002167089,83.16818051213932,174490.39515170478,0.37824872636867285,25.0,0.7352941176470589,0.4754983812623146,7.0,0.20588235294117646,0.11936568965754002,2.0,0.058823529411764705,,,0.0,,,0.0,0.45546663722493713,-0.07721791085626428,25.0,25.0,788.08,665.0,0.8514992172819171,0.6,4.699861268739459e-05,3.8362719536602224e+24,520537.488974411,16,2025-07-26 00:00:00+00:00,1,26.562488425925928
1753549200000,15,0.3504585048709251,32.06233767309143,65215.89298671465,0.34525749175221215,13.0,0.8666666666666667,0.38426509014255916,2.0,0.13333333333333333,,,0.0,,,0.0,,,0.0,0.29593308021235853,0.04932441153985364,13.0,13.0,575.6153846153846,659.0,0.6925133423212775,0.6153846153846154,3.514833977787754e-05,3.5507878810761623e+24,303954.8391482942,17,2025-07-26 00:00:00+00:00,1,26.604155092592592
1753552800000,35,0.30267743575648803,58.802394267840775,118296.14529836051,0.32896666223431337,20.0,0.5714285714285714,0.3031908553212814,11.0,0.3142857142857143,0.16981939956417935,4.0,0.11428571428571428,,,0.0,,,0.0,0.2585247876190676,0.07044187461524576,20.0,20.0,1212.1,704.0,1.0077153854379086,0.55,3.829981968060601e-05,3.917375024254568e+24,419566.40112885844,18,2025-07-26 00:00:00+00:00,1,26.64582175925926
1753556400000,20,0.15577526607441372,24.163671752330714,52213.58633382385,0.22170668805856297,7.0,0.35,0.08709945117402629,10.0,0.5,0.23085466444602362,3.0,0.15,,,0.0,,,0.0,0.11233224582780758,0.10937444223075536,7.0,7.0,1061.2857142857142,565.0,0.8235432118698977,0.5714285714285714,2.3906086932342287e-05,4.268157737572193e+24,247291.75362905615,19,2025-07-26 00:00:00+00:00,1,26.687488425925928
1753560000000,20,0.34692388995577905,39.236292790294556,83988.45303991881,0.21664659751323392,6.0,0.3,0.43364531737909273,13.0,0.65,0.001209088107971719,1.0,0.05,,,0.0,,,0.0,0.1529119377036191,0.06373465980961483,6.0,6.0,1463.3333333333333,918.5,1.1294302707853665,0.3333333333333333,3.040214953043979e-05,4.160062277971408e+24,242881.72346898945,20,2025-07-26 00:00:00+00:00,1,26.729155092592592
1753563600000,12,0.8990332758108535,54.38032479466197,104382.14636094561,0.7302697696818653,3.0,0.25,0.9552877778538497,9.0,0.75,,,0.0,,,0.0,,,0.0,3.858710185852825,-3.12844041617096,3.0,3.0,818.0,941.0,0.8775252578540246,0.3333333333333333,3.829850582325277e-05,3.721459966966314e+24,523738.6831300942,21,2025-07-26 00:00:00+00:00,1,26.77082175925926
1753567200000,116,0.8412151643733895,327.53736044278816,611824.3480167255,0.8331917642112721,81.0,0.6982758620689655,0.9308546056607656,29.0,0.25,0.5162737670063262,6.0,0.05172413793103448,,,0.0,,,0.0,0.2083302413165315,0.6248615228947404,81.0,81.0,657.5555555555555,589.0,0.7486095163212771,0.7654320987654321,0.00013128443766267505,2.4550873390614614e+24,1587790.158568407,22,2025-07-26 00:00:00+00:00,1,26.812488425925928
1753570800000,63,0.5535907279080995,118.41720236888465,225099.20952978893,0.42156373944943637,40.0,0.6349206349206349,0.818691158944077,22.0,0.3492063492063492,0.002460783463113965,1.0,0.015873015873015872,,,0.0,,,0.0,0.3428058817063805,0.07875785774305588,40.0,40.0,1185.725,761.0,0.9403239571785706,0.5,7.505893892067294e-05,2.444166026957262e+24,643853.647823654,23,2025-07-26 00:00:00+00:00,1,26.854155092592592
1753574400000,53,0.6760794051572646,123.42805791675295,256157.55603545532,0.4925343508142043,30.0,0.5660377358490566,0.7640710695210606,19.0,0.3584905660377358,1.6347069070021858,4.0,0.07547169811320754,,,0.0,,,0.0,0.21553010040950066,0.2770042504047036,30.0,30.0,743.2666666666667,591.5,0.7950065397080988,0.6666666666666666,7.970206363492242e-05,2.5091688422182436e+24,882387.4210113066,0,2025-07-27 00:00:00+00:00,1,26.89582175925926
1753578000000,48,0.6321700152724371,111.54666501811845,212776.95249279006,0.7543658018384864,21.0,0.4375,0.3604926824401543,20.0,0.4166666666666667,1.0418036065236689,7.0,0.14583333333333334,,,0.0,,,0.0,0.15684093192057616,0.5975248699179103,21.0,21.0,1039.904761904762,675.0,0.9439992946373122,0.6666666666666666,4.4585560130448935e-05,2.742989436353324e+24,809267.489239997,1,2025-07-27 00:00:00+00:00,1,26.937488425925928
1753581600000,37,0.5594634846433332,60.61713057833863,113957.62508866278,0.4971957656851227,16.0,0.43243243243243246,0.5926182939672819,17.0,0.4594594594594595,0.6680436300375151,3.0,0.08108108108108109,0.6663747932850227,1.0,0.02702702702702703,,,0.0,0.33218908336373354,0.16500668232138915,16.0,16.0,1451.125,852.0,1.007242121416722,0.4375,5.1187511694685934e-05,2.768656795063249e+24,391227.2042932932,2,2025-07-27 00:00:00+00:00,1,26.979155092592592
1753585200000,20,0.4482846929015393,40.51671033911491,82489.83409533244,0.5564814850430878,9.0,0.45,0.3618399846434571,10.0,0.5,0.3389606462084237,1.0,0.05,,,0.0,,,0.0,0.2631291311014096,0.29335235394167825,9.0,9.0,663.5555555555555,595.0,0.7826446087175064,0.7777777777777778,5.056139600926272e-05,2.777290777797722e+24,311895.71788889944,3,2025-07-27 00:00:00+00:00,1,27.02082175925926
1753588800000,55,0.3241014081067254,75.1440760123795,146339.6075481952,0.4167497472241464,19.0,0.34545454545454546,0.274284300146238,29.0,0.5272727272727272,0.2885592301055161,4.0,0.07272727272727272,0.26628354131604864,3.0,0.05454545454545454,,,0.0,1.6061664260805724,-1.189416678856426,19.0,19.0,728.8421052631579,574.0,0.8186726191113057,0.631578947368421,5.5326406370356214e-05,2.774346641863377e+24,1037294.5401568548,4,2025-07-27 00:00:00+00:00,1,27.062488425925928
1753592400000,21,0.29774921887173783,28.483371420149634,59854.27164023843,0.27265575062796354,10.0,0.47619047619047616,0.351490346141463,10.0,0.47619047619047616,0.011272628612228781,1.0,0.047619047619047616,,,0.0,,,0.0,0.12201192729533339,0.15064382333263016,10.0,10.0,696.8,689.0,0.7752111366164803,0.7,4.0260065890129274e-05,2.7731468529538646e+24,285288.99211955565,5,2025-07-27 00:00:00+00:00,1,27.104155092592592
1753596000000,60,0.26044541818534056,67.088602501446,136486.88018900296,0.2536167349915174,25.0,0.4166666666666667,0.2738987543977734,28.0,0.4666666666666667,0.2226775231728472,6.0,0.1,0.2810764541577625,1.0,0.016666666666666666,,,0.0,0.14305317572611986,0.11056355926539752,25.0,25.0,886.4,777.0,0.8481563836225458,0.44,6.21167497053006e-05,2.7547500114540583e+24,526813.319252531,6,2025-07-27 00:00:00+00:00,1,27.14582175925926
1753599600000,31,0.38728342681323236,44.412345991590335,86397.22853252174,0.39435203267283697,15.0,0.4838709677419355,0.39652193850872813,13.0,0.41935483870967744,0.31190684683472775,3.0,0.0967741935483871,,,0.0,,,0.0,0.2686066124794835,0.12574542019335352,15.0,15.0,701.6,499.0,0.7907191564123739,0.6666666666666666,4.017961494502382e-05,2.76678715554742e+24,313572.98811276857,7,2025-07-27 00:00:00+00:00,1,27.187488425925928
1753603200000,51,0.25155228092464754,49.129013681447766,97030.38480156577,0.3543188312269982,23.0,0.45098039215686275,0.19249994624798586,20.0,0.39215686274509803,0.07785302559441791,6.0,0.11764705882352941,0.1813580652049217,2.0,0.0392156862745098,,,0.0,0.16883236392839457,0.1854864672986036,23.0,23.0,982.3478260869565,743.0,0.8779294536564664,0.5217391304347826,4.482176058748623e-05,2.7735942504557463e+24,393889.8259064903,8,2025-07-27 00:00:00+00:00,1,27.229155092592592
1753606800000,44,0.36166808963630453,64.22977984472085,153616.18693349048,0.46612569806253756,19.0,0.4318181818181818,0.31370203275606356,18.0,0.4090909090909091,0.17388792498000652,6.0,0.13636363636363635,0.3670435413200045,1.0,0.022727272727272728,,,0.0,0.6846478869408908,-0.21852218887835326,19.0,19.0,835.2105263157895,616.0,0.8320080425184009,0.631578947368421,4.5615211364200024e-05,2.8377143800818853e+24,521600.856293507,9,2025-07-27 00:00:00+00:00,1,27.27082175925926
1753610400000,51,0.3280077166937539,68.27188125332368,135806.55824432062,0.38451733141360417,28.0,0.5490196078431373,0.28398002993839183,19.0,0.37254901960784315,0.14157192574277155,4.0,0.0784313725490196,,,0.0,,,0.0,0.20525362708519812,0.17926370432840605,28.0,28.0,869.5357142857143,700.0,0.8917989386318689,0.5714285714285714,5.331849279773153e-05,2.9951663885853463e+24,469358.92411278206,10,2025-07-27 00:00:00+00:00,1,27.312488425925928
1753614000000,43,0.47900962451977663,80.66927771830119,157367.77462875607,0.5957805438396853,23.0,0.5348837209302325,0.3797538566443783,18.0,0.4186046511627907,0.02944596321941429,2.0,0.046511627906976744,,,0.0,,,0.0,0.24151922563039713,0.3542613182092881,23.0,23.0,1229.4782608695652,772.0,0.9875440935212683,0.4782608695652174,6.237363440827894e-05,2.981687859848001e+24,772734.8541369868,11,2025-07-27 00:00:00+00:00,1,27.354155092592592
1753617600000,57,0.37927329135657734,77.18589757333582,149928.04183441223,0.35238753539809836,22.0,0.38596491228070173,0.38352729089626897,30.0,0.5263157894736842,0.5103551598745247,4.0,0.07017543859649122,0.31881246218057757,1.0,0.017543859649122806,,,0.0,0.12986503324410548,0.22252250215399288,22.0,22.0,641.6363636363636,478.0,0.7612686589573247,0.7727272727272727,6.210220306149326e-05,2.994152899741695e+24,645131.9556725678,12,2025-07-27 00:00:00+00:00,1,27.39582175925926
1753621200000,24,0.5876364749787854,45.387588595178045,85852.46127250862,0.6770740771143269,14.0,0.5833333333333334,0.46242383198902715,10.0,0.4166666666666667,,,0.0,,,0.0,,,0.0,0.4702517567966385,0.2068223203176884,14.0,14.0,579.8571428571429,490.5,0.7193047802502553,0.8571428571428571,3.790047751935219e-05,3.0064467912029765e+24,361387.9862654852,13,2025-07-27 00:00:00+00:00,1,27.437488425925928
1753624800000,36,0.36390220367727927,52.528046276551954,103259.81016067033,0.3201372434164561,20.0,0.5555555555555556,0.5153203810900183,11.0,0.3055555555555556,0.20584205441254602,5.0,0.1388888888888889,,,0.0,,,0.0,0.1760334846410182,0.1441037587754379,20.0,20.0,726.3,654.5,0.798861367472789,0.7,5.594600063861856e-05,3.0011367767327943e+24,531344.5552303429,14,2025-07-27 00:00:00+00:00,1,27.479155092592592
1753628400000,77,0.5931572028189002,182.6309097298844,367237.28781736543,0.5674255738417481,39.0,0.5064935064935064,0.6370043557548101,31.0,0.4025974025974026,0.5423388869754333,7.0,0.09090909090909091,,,0.0,,,0.0,0.6799666923606338,-0.11254111851888578,39.0,39.0,699.5897435897435,557.0,0.7450036606158478,0.7692307692307693,0.00016064065192400638,2.8158479114675085e+24,2131653.387420594,15,2025-07-27 00:00:00+00:00,1,27.52082175925926
1753632000000,210,1.2277394779416777,630.0670313869325,976876.6392522261,0.9815550701327743,94.0,0.44761904761904764,1.3035095113559212,73.0,0.3476190476190476,0.9542425778272727,38.0,0.18095238095238095,6.828340297770579,5.0,0.023809523809523808,,,0.0,0.5314170651563017,0.4501380049764726,94.0,94.0,712.2127659574468,561.0,0.77064837537089,0.6808510638297872,0.00018011112879948602,1.7963358132293547e+24,3675997.7771584652,16,2025-07-27 00:00:00+00:00,1,27.562488425925928
1753635600000,130,0.8018255877359921,221.2061403877232,401730.6975313901,0.7526409249107063,57.0,0.43846153846153846,0.7727095646927619,57.0,0.43846153846153846,1.144272707565494,15.0,0.11538461538461539,0.12825788479887013,1.0,0.007692307692307693,,,0.0,0.3193558806603635,0.4332850442503428,57.0,57.0,718.4035087719299,607.0,0.8046373663185751,0.6666666666666666,0.00011678501352757571,1.7523924872225175e+24,1623421.467167449,17,2025-07-27 00:00:00+00:00,1,27.604155092592592
1753639200000,88,0.6207136458627515,93.37323548930593,181913.54042147112,0.6033499692161919,44.0,0.5,0.7662172550224189,31.0,0.3522727272727273,0.29207702492299564,12.0,0.13636363636363635,0.8177429856387518,1.0,0.011363636363636364,,,0.0,0.2919729064839316,0.31137706273226035,44.0,44.0,907.8409090909091,658.0,0.8766271328973206,0.5681818181818182,8.929354440001728e-05,1.3389726149729386e+24,760943.286949655,18,2025-07-27 00:00:00+00:00,1,27.64582175925926
1753642800000,93,0.5790102121696767,88.67224841096058,180685.56494948536,0.6206290486621795,45.0,0.4838709677419355,0.5685189424279419,36.0,0.3870967741935484,0.36569787341865306,11.0,0.11827956989247312,1.4302840069707656,1.0,0.010752688172043012,,,0.0,0.20425665501433865,0.4163723936478409,45.0,45.0,873.9111111111112,538.0,0.8144529912510989,0.6888888888888889,0.00010247076732572106,1.200125510438573e+24,725722.6007812889,19,2025-07-27 00:00:00+00:00,1,27.687488425925928
1753646400000,69,0.5230071654412669,56.02660349809895,110977.1690547331,0.6197086838182709,34.0,0.4927536231884058,0.4700166760196319,29.0,0.42028985507246375,0.23115259350948036,6.0,0.08695652173913043,,,0.0,,,0.0,0.3006924907617047,0.31901619305656626,34.0,34.0,1064.4411764705883,748.5,0.9107951364808367,0.5,8.055429544199072e-05,1.1922468737268566e+24,527708.4779321994,20,2025-07-27 00:00:00+00:00,1,27.729155092592592
1753650000000,69,0.8698469071219248,80.68177730781427,149378.4335443765,0.8870406086066815,34.0,0.4927536231884058,0.7059292779998864,26.0,0.37681159420289856,0.37644239221186326,7.0,0.10144927536231885,4.435398962652775,2.0,0.028985507246376812,,,0.0,1.5268227064907425,-0.6397820978840607,34.0,34.0,675.2941176470588,618.0,0.7839608932400476,0.6470588235294118,0.00012134917237752528,9.155220855046304e+23,691757.6970292651,21,2025-07-27 00:00:00+00:00,1,27.77082175925926
1753653600000,149,1.0414923113347565,191.81482607237186,334000.9607434531,0.9070817176282013,80.0,0.5369127516778524,1.115553049736422,51.0,0.3422818791946309,1.3282173156342658,15.0,0.10067114093959731,1.933117235850365,3.0,0.020134228187919462,,,0.0,0.4854126587662865,0.42166905886191486,80.0,80.0,656.3375,605.0,0.7787498549703703,0.725,0.0001416985599745332,9.245886374097563e+23,1476893.8608277002,22,2025-07-27 00:00:00+00:00,1,27.812488425925928
1753657200000,125,0.7191800119021162,111.00119355281666,218119.43928659588,0.7592740024238265,66.0,0.528,0.7493166878382457,47.0,0.376,0.3319594826241168,9.0,0.072,0.5266325519257955,3.0,0.024,,,0.0,0.23725101294266032,0.5220229894811662,66.0,66.0,879.1515151515151,696.0,0.8871289128673977,0.6212121212121212,0.00010711081220214085,9.317183578413542e+23,693812.6646542035,23,2025-07-27 00:00:00+00:00,1,27.854155092592592
1753660800000,219,0.9371675518728976,359.28296116736266,665151.4104192863,0.7389857278457422,103.0,0.4703196347031963,1.1992366132328502,80.0,0.365296803652968,0.7542140678105755,31.0,0.1415525114155251,1.960919746259453,5.0,0.0228310502283105,,,0.0,0.33645371574507466,0.4025320121006675,103.0,103.0,702.1553398058253,606.0,0.7886575006919468,0.6504854368932039,0.0001449351412520462,1.3472486416344405e+24,2151320.889676774,0,2025-07-28 00:00:00+00:00,1,27.89582175925926
1753664400000,168,0.6125611794508232,274.09524707159443,528625.6792093494,0.7265646723187359,85.0,0.5059523809523809,0.5190474649054871,67.0,0.39880952380952384,0.419868814272033,14.0,0.08333333333333333,0.2489687260848238,2.0,0.011904761904761904,,,0.0,0.23329889578634755,0.4932657765323883,85.0,85.0,730.035294117647,656.0,0.8150263935808666,0.6941176470588235,0.00012106122477451501,2.0063357727986114e+24,1461810.0934768058,1,2025-07-28 00:00:00+00:00,1,27.937488425925928
1753668000000,107,0.6678061378849911,187.6820025729837,355676.35922825796,0.8302947102276282,53.0,0.4953271028037383,0.5108800396650267,37.0,0.34579439252336447,0.46795298753796216,14.0,0.1308411214953271,0.6652446061640956,3.0,0.028037383177570093,,,0.0,0.42060529803959995,0.4096894121880283,53.0,53.0,745.5849056603773,521.0,0.7862765583914589,0.7358490566037735,0.00011845729675285696,2.0155495272032315e+24,1284348.591614967,2,2025-07-28 00:00:00+00:00,1,27.979155092592592
1753671600000,113,0.5782938715545208,197.4307431145618,365750.7699374911,0.6499868297231688,57.0,0.504424778761062,0.5858645198487922,42.0,0.37168141592920356,0.2509108681563405,12.0,0.10619469026548672,0.3403589699574371,2.0,0.017699115044247787,,,0.0,0.3484808441862125,0.3015059855369563,57.0,57.0,624.9824561403509,606.0,0.7550757925598658,0.6666666666666666,8.031796529192102e-05,2.1541857139338262e+24,1051117.1495815902,3,2025-07-28 00:00:00+00:00,1,28.02082175925926
1753675200000,73,0.5779930315317416,141.24419560093295,274607.88871998445,0.8006436267103595,33.0,0.4520547945205479,0.3575004391337096,32.0,0.4383561643835616,0.591716460750914,7.0,0.0958904109589041,0.19022234284016715,1.0,0.0136986301369863,,,0.0,0.27149627052887204,0.5291473561814876,33.0,33.0,683.3636363636364,590.0,0.791363457545835,0.6666666666666666,7.326498301223385e-05,2.496786469794448e+24,795287.1944358028,4,2025-07-28 00:00:00+00:00,1,28.062488425925928
1753678800000,91,0.717127175965135,221.51937537914858,395373.6192253515,0.9936457466784393,45.0,0.4945054945054945,0.516758900256905,37.0,0.4065934065934066,0.1582705669768931,9.0,0.0989010989010989,,,0.0,,,0.0,0.6876802881992765,0.3059654584791627,45.0,45.0,854.7777777777778,717.0,0.8512217559357447,0.6444444444444445,0.00010170876285626992,2.512679724692197e+24,1708806.1380767527,5,2025-07-28 00:00:00+00:00,1,28.104155092592592
1753682400000,104,0.5544651162777436,157.4094397277213,318907.68764268636,0.5638058232146567,34.0,0.3269230769230769,0.5600267915824972,55.0,0.5288461538461539,0.512900037769978,15.0,0.14423076923076922,,,0.0,,,0.0,0.3807945644516773,0.18301125876297927,34.0,34.0,554.5588235294117,542.5,0.6878811275027517,0.7647058823529411,0.00010284818906009096,2.1562188711184658e+24,1193951.2911304703,6,2025-07-28 00:00:00+00:00,1,28.14582175925926
1753686000000,155,0.6155129369316361,283.3370099216418,547842.593119339,0.6273180685573188,71.0,0.45806451612903226,0.7665255336190454,49.0,0.3161290322580645,0.3787242410826943,34.0,0.21935483870967742,0.4285470126891332,1.0,0.0064516129032258064,,,0.0,0.5515430620378982,0.07577500651942051,71.0,71.0,687.4366197183099,577.0,0.7770379299778255,0.7183098591549296,0.00014504331916623356,2.3556762053319467e+24,2101871.0339726983,7,2025-07-28 00:00:00+00:00,1,28.187488425925928
1753689600000,172,0.48452481352162563,264.2726246174711,518757.2933465618,0.5474329575549658,68.0,0.3953488372093023,0.5104182253501844,69.0,0.4011627906976744,0.31125626465197714,35.0,0.20348837209302326,,,0.0,,,0.0,0.5444795033944968,0.0029534541604689935,68.0,68.0,843.3235294117648,676.0,0.8553611527364746,0.5735294117647058,0.00012135120557528168,2.3994762239751918e+24,1812342.3014809468,8,2025-07-28 00:00:00+00:00,1,28.229155092592592
1753693200000,111,0.5495097288452468,189.4935856718995,375451.20996101457,0.6255544875289872,32.0,0.2882882882882883,0.5895327272451483,52.0,0.46846846846846846,0.3823012771906334,27.0,0.24324324324324326,,,0.0,,,0.0,0.37721838612885406,0.24833610140013315,32.0,32.0,794.78125,594.5,0.8321164653850217,0.59375,0.00010960632442460149,2.500950929825607e+24,1776062.9812286792,9,2025-07-28 00:00:00+00:00,1,28.27082175925926
1753696800000,75,0.6972452836505353,187.68999899087225,318849.9618569591,1.1611153273205763,25.0,0.3333333333333333,0.49371158771007795,36.0,0.48,0.25585989591636027,11.0,0.14666666666666667,0.8924790260443208,3.0,0.04,,,0.0,1.3386141526998063,-0.17749882537922979,25.0,25.0,779.8,673.0,0.8158131423166918,0.6,8.758727194371538e-05,2.634334443396799e+24,2097692.583970817,10,2025-07-28 00:00:00+00:00,1,28.312488425925928
1753700400000,53,0.6669149426268182,128.84792129331518,254302.21340733184,0.6509399414476449,15.0,0.2830188679245283,0.9191569447178404,24.0,0.4528301886792453,0.25161615459132236,14.0,0.2641509433962264,,,0.0,,,0.0,0.3042373113232343,0.34670263012441066,15.0,15.0,842.7333333333333,758.0,0.864296205102789,0.4666666666666667,7.933662226515072e-05,2.7387363658481305e+24,1055276.0988050292,11,2025-07-28 00:00:00+00:00,1,28.354155092592592
1753704000000,129,0.5103695702920611,226.91087316251478,445411.86042569176,0.5039346243652434,59.0,0.4573643410852713,0.6153294246586335,49.0,0.3798449612403101,0.28354237723111747,21.0,0.16279069767441862,,,0.0,,,0.0,0.21982933299549615,0.2841052913697472,59.0,59.0,594.1694915254237,584.0,0.7417294953904927,0.7288135593220338,0.00015650177515884255,2.3376986839702083e+24,2126245.045502925,12,2025-07-28 00:00:00+00:00,1,28.39582175925926
1753707600000,179,0.5337759996361616,375.2517484823797,778571.7364165761,0.5793884058720137,75.0,0.41899441340782123,0.6207474244788177,71.0,0.39664804469273746,0.25744330204841986,31.0,0.17318435754189945,0.01898199648742594,2.0,0.0111731843575419,,,0.0,0.3130614019599656,0.266327003912048,75.0,75.0,635.4266666666666,554.0,0.7569314226464356,0.6933333333333334,0.0001319447520233357,2.7276066647845156e+24,2464832.9826153107,13,2025-07-28 00:00:00+00:00,1,28.437488425925928
1753711200000,189,0.660345475053774,474.3028916949023,928654.913494161,0.5829010692752985,83.0,0.43915343915343913,0.7736482645522111,77.0,0.4074074074074074,0.581158264303215,29.0,0.15343915343915343,,,0.0,,,0.0,0.5976444012935672,-0.014743332018268761,83.0,83.0,703.9277108433735,582.0,0.7909012810964232,0.6626506024096386,0.00016932297090931526,2.6894797335781614e+24,3212588.9573980826,14,2025-07-28 00:00:00+00:00,1,28.479155092592592
1753714800000,209,0.625902376830962,437.4820141267348,856162.6371158323,0.5776932282075333,88.0,0.42105263157894735,0.7846379369412396,86.0,0.41148325358851673,0.3639427419595564,34.0,0.16267942583732056,0.12367687183656872,1.0,0.004784688995215311,,,0.0,0.23951642404903026,0.3381768041585031,88.0,88.0,613.1022727272727,583.0,0.7523508544099319,0.7272727272727273,0.00014780496374605748,2.607470502289665e+24,2542669.7874436053,15,2025-07-28 00:00:00+00:00,1,28.52082175925926
1753718400000,130,0.5415068219194934,254.91606427347375,470818.97526319517,0.6117945254602981,52.0,0.4,0.5829609694442853,62.0,0.47692307692307695,0.1524369637533095,16.0,0.12307692307692308,,,0.0,,,0.0,0.3368865241268167,0.27490800133348137,52.0,52.0,718.7884615384615,579.0,0.7703143693715465,0.7307692307692307,0.0001390572156522919,2.71349318150565e+24,2018242.9763916626,16,2025-07-28 00:00:00+00:00,1,28.562488425925928
1753722000000,135,0.6991749682895742,281.9290225440748,510842.8915215153,0.711664597833436,60.0,0.4444444444444444,0.7878818385284679,63.0,0.4666666666666667,0.17101575181607329,12.0,0.08888888888888889,,,0.0,,,0.0,0.21021746482680503,0.5014471330066309,60.0,60.0,749.2666666666667,637.5,0.8329691401171164,0.6333333333333333,0.00010708420256853388,2.526480578830249e+24,2015444.8343499547,17,2025-07-28 00:00:00+00:00,1,28.604155092592592
1753725600000,211,0.6655748306101,398.6825544968414,760909.7729594792,0.7068111830746119,93.0,0.44075829383886256,0.6161421872719304,85.0,0.4028436018957346,0.6891391408879991,31.0,0.14691943127962084,0.48372497357507693,2.0,0.009478672985781991,,,0.0,0.24134052937451778,0.46547065370009416,93.0,93.0,793.6236559139785,675.0,0.8408472340568627,0.5913978494623656,0.0001397150591142159,2.2161467826077823e+24,2452338.2936671027,18,2025-07-28 00:00:00+00:00,1,28.64582175925926
1753729200000,124,0.4848132352691792,183.89471054343022,358102.60227791104,0.49221843663029824,69.0,0.5564516129032258,0.5342662456372013,43.0,0.3467741935483871,0.2700612162593817,11.0,0.08870967741935484,0.20964710463478464,1.0,0.008064516129032258,,,0.0,0.21019110606876487,0.2820273305615334,69.0,69.0,831.7101449275362,648.0,0.847365759940193,0.6521739130434783,0.00011567056272838189,2.328613853745955e+24,1199152.18096284,19,2025-07-28 00:00:00+00:00,1,28.687488425925928
1753732800000,158,0.5599371132903651,256.127449117962,484953.2114031584,0.635243583157343,90.0,0.569620253164557,0.47340573667881286,59.0,0.37341772151898733,0.3741336612963171,9.0,0.056962025316455694,,,0.0,,,0.0,0.22554945702012752,0.40969412613721545,90.0,90.0,773.4777777777778,702.5,0.8285829253540014,0.6,0.00012953069008940005,2.213713047876364e+24,1346772.2597309004,20,2025-07-28 00:00:00+00:00,1,28.729155092592592
1753736400000,156,0.5975460306514473,283.4475667105862,556708.4133611576,0.5760970689413715,79.0,0.5064102564102564,0.6482509062527453,72.0,0.46153846153846156,0.2062894170119555,5.0,0.03205128205128205,,,0.0,,,0.0,0.5337164260602475,0.042380642881123955,79.0,79.0,795.3164556962025,721.0,0.8324258517986302,0.5822784810126582,0.00010851923615113576,2.1855419084280649e+24,1432237.777746934,21,2025-07-28 00:00:00+00:00,1,28.77082175925926
1753740000000,158,0.7321369676229973,309.89746085820025,589920.7813483092,0.7250442616200912,87.0,0.5506329113924051,0.8075802379300943,61.0,0.3860759493670886,0.36125510023490975,9.0,0.056962025316455694,0.08509970763570951,1.0,0.006329113924050633,,,0.0,0.46558793933700054,0.25945632228309057,87.0,87.0,738.7471264367816,642.0,0.821833828370523,0.6551724137931034,0.00015608335175624816,2.2469108858113125e+24,1594745.1705563816,22,2025-07-28 00:00:00+00:00,1,28.812488425925928
1753743600000,172,0.5906637500630009,319.7035965086221,612897.8478378108,0.6068086031066032,78.0,0.45348837209302323,0.6068068059038662,77.0,0.4476744186046512,0.47061936694785694,16.0,0.09302325581395349,0.009060042757695792,1.0,0.005813953488372093,,,0.0,0.25986752611030123,0.34694107699630194,78.0,78.0,664.4230769230769,639.0,0.7869453634621627,0.7435897435897436,0.00020396942192733083,2.515475809228573e+24,1885959.3788371875,23,2025-07-28 00:00:00+00:00,1,28.854155092592592
1753747200000,175,0.7436337431494027,376.56656966798795,693959.5492188779,0.8365714352458138,67.0,0.38285714285714284,0.7624466943763675,86.0,0.49142857142857144,0.3870546896958329,22.0,0.12571428571428572,,,0.0,,,0.0,0.26288442969207704,0.5736870055537368,67.0,67.0,766.8805970149253,634.0,0.844071002280774,0.6417910447761194,0.00016843271556849057,2.551553279931925e+24,2507040.7516198074,0,2025-07-29 00:00:00+00:00,1,28.89582175925926
1753750800000,109,0.5297390789959538,201.87566821584494,387556.7216087764,0.58480556610751,55.0,0.5045871559633027,0.518135238821191,42.0,0.3853211009174312,0.31796445367965764,12.0,0.11009174311926606,,,0.0,,,0.0,0.2035866532483719,0.38121891285913817,55.0,55.0,941.1454545454545,696.0,0.9138609233391536,0.6181818181818182,0.00012692721130891317,2.592996808786539e+24,1385297.9910396475,1,2025-07-29 00:00:00+00:00,1,28.937488425925928
1753754400000,169,1.0288382097966078,437.4313323439058,691864.5950189176,1.1456857021980982,74.0,0.4378698224852071,1.0081400297495715,73.0,0.4319526627218935,0.7044860600567611,22.0,0.1301775147928994,,,0.0,,,0.0,0.4550786756905775,0.6906070265075207,74.0,74.0,878.5,735.5,0.8989933210777404,0.5135135135135135,0.00014716101084455554,1.8917915413560991e+24,2019072.9152197104,2,2025-07-29 00:00:00+00:00,1,28.979155092592592
1753758000000,99,0.6167628908081625,185.4052298762601,349729.95832830376,0.5644501927767249,53.0,0.5353535353535354,0.745080023952053,41.0,0.41414141414141414,0.11907699816149797,5.0,0.050505050505050504,,,0.0,,,0.0,0.2753698143508763,0.28908037842584855,53.0,53.0,832.7547169811321,739.0,0.857661949139468,0.5471698113207547,0.0001297404538190766,2.533992255911175e+24,1585753.2026742743,3,2025-07-29 00:00:00+00:00,1,29.02082175925926
1753761600000,108,0.5328089679251024,187.18924642841785,363648.51253827056,0.723320787425921,47.0,0.4351851851851852,0.3890790059816783,40.0,0.37037037037037035,0.3801967279821729,21.0,0.19444444444444445,,,0.0,,,0.0,0.34863370228039786,0.37468708514552307,47.0,47.0,914.4468085106383,717.0,0.8684757032282377,0.5531914893617021,9.259417094958095e-05,2.6654012759918813e+24,1152919.4138682692,4,2025-07-29 00:00:00+00:00,1,29.062488425925928
1753765200000,100,0.36795074470195466,131.77805262424516,258905.84271344688,0.4510909086836457,41.0,0.41,0.3425309376350087,43.0,0.43,0.22321980599128868,16.0,0.16,,,0.0,,,0.0,0.3927462919476419,0.05834461673600388,41.0,41.0,1101.780487804878,717.0,0.931620027938965,0.5365853658536586,8.775322172901557e-05,2.6816046995244946e+24,966825.2588257885,5,2025-07-29 00:00:00+00:00,1,29.104155092592592
1753768800000,69,0.4560363381991118,126.53206350166408,267976.4203221927,0.5283409306795394,23.0,0.3333333333333333,0.5314316480494095,29.0,0.42028985507246375,0.25374774759712604,15.0,0.21739130434782608,0.04846596135977144,2.0,0.028985507246376812,,,0.0,1.3694415058707339,-0.8411005751911946,23.0,23.0,593.9565217391304,513.0,0.730368262317447,0.8260869565217391,7.432227257136057e-05,2.7049267374255885e+24,886024.1818148377,6,2025-07-29 00:00:00+00:00,1,29.14582175925926
1753772400000,97,0.454412742191713,146.8986628796697,287313.5847714766,0.5651265792733273,39.0,0.4020618556701031,0.45429684072028564,42.0,0.4329896907216495,0.18485200566777538,16.0,0.16494845360824742,,,0.0,,,0.0,0.3795059865651538,0.18562059270817344,39.0,39.0,812.4102564102565,721.0,0.83832078715377,0.5641025641025641,0.0001156954550323217,2.65861888459399e+24,1230102.412211184,7,2025-07-29 00:00:00+00:00,1,29.187488425925928
1753776000000,145,0.47357535570813397,240.41072531413633,469541.5859621813,0.5188649968343251,57.0,0.3931034482758621,0.5459477049273086,61.0,0.4206896551724138,0.20832729590625643,25.0,0.1724137931034483,0.29106467995033014,2.0,0.013793103448275862,,,0.0,0.27974479262872326,0.23912020420560182,57.0,57.0,782.1228070175439,687.0,0.8479154113793067,0.6140350877192983,0.00011053917821187978,2.6582116845535877e+24,1586520.9108690799,8,2025-07-29 00:00:00+00:00,1,29.229155092592592
1753779600000,92,0.5551339084035306,176.77038096820976,328122.049639547,0.6273146715591421,36.0,0.391304347826087,0.5449308035143947,44.0,0.4782608695652174,0.37600300353019406,12.0,0.13043478260869565,,,0.0,,,0.0,0.43609120734003487,0.19122346421910721,36.0,36.0,627.6666666666666,511.5,0.7028507424290545,0.6944444444444444,9.520522017049003e-05,2.663638346264753e+24,1149503.5414417975,9,2025-07-29 00:00:00+00:00,1,29.27082175925926
1753783200000,136,0.4704235364822511,204.73138592881125,395119.5725197242,0.5161033335362732,45.0,0.33088235294117646,0.44598134522209254,63.0,0.4632352941176471,0.4581120442205054,26.0,0.19117647058823528,0.37260652686444284,2.0,0.014705882352941176,,,0.0,0.2719120555342828,0.24419127800199034,45.0,45.0,713.4888888888889,564.0,0.7858648156421297,0.6666666666666666,0.00011734813644924629,2.6588322484292654e+24,1934090.7221560008,10,2025-07-29 00:00:00+00:00,1,29.312488425925928
1753786800000,162,0.5189530275583183,314.81858626378835,623883.5646209954,0.6070003155530959,85.0,0.5246913580246914,0.5523883493691305,50.0,0.30864197530864196,0.17984985829547753,27.0,0.16666666666666666,,,0.0,,,0.0,0.2666276511940569,0.3403726643590389,85.0,85.0,812.9058823529411,689.0,0.8551319487199452,0.5294117647058824,0.00011597844173671662,2.6533614150543054e+24,1680263.9359784494,11,2025-07-29 00:00:00+00:00,1,29.354155092592592
1753790400000,200,0.5900440520551152,454.3966893009078,939439.8723373809,0.6258695172620448,98.0,0.49,0.5806979080387008,75.0,0.375,0.5571724291613166,20.0,0.1,0.28254371903053804,7.0,0.035,,,0.0,0.3317880882881721,0.2940814289738728,98.0,98.0,701.469387755102,643.5,0.7918508744808745,0.7346938775510204,0.00014034988952495945,2.6555608758502205e+24,2408366.9026966025,12,2025-07-29 00:00:00+00:00,1,29.39582175925926
1753794000000,141,0.5876105011485652,241.67156775064217,492529.4422221738,0.588006497373935,67.0,0.475177304964539,0.6524728547236919,54.0,0.3829787234042553,0.40779962475454756,18.0,0.1276595744680851,0.44135896861641644,2.0,0.014184397163120567,,,0.0,0.3973709675778867,0.1906355297960482,67.0,67.0,684.0149253731344,594.0,0.7745602197376531,0.6865671641791045,0.00013041062376059796,2.1623398707025105e+24,1837048.134695132,13,2025-07-29 00:00:00+00:00,1,29.437488425925928
1753797600000,183,0.8066718903884297,213.05220950248352,416892.1655831995,0.789015833061113,86.0,0.46994535519125685,0.8919796949695519,67.0,0.366120218579235,0.6384758548912017,27.0,0.14754098360655737,0.9213688842681597,3.0,0.01639344262295082,,,0.0,0.5044327670741661,0.28458306598694694,86.0,86.0,763.6279069767442,672.0,0.8195012293682647,0.6162790697674418,0.00012950843872144393,1.065897541656099e+24,1529026.1844535081,14,2025-07-29 00:00:00+00:00,1,29.479155092592592
1753801200000,204,0.6558066974682951,140.09113079152823,268825.5856691533,0.711969827621821,100.0,0.49019607843137253,0.6241181107770889,73.0,0.35784313725490197,0.515586781682257,26.0,0.12745098039215685,0.724341022176782,5.0,0.024509803921568627,,,0.0,0.43399395844492694,0.2779758691768941,100.0,100.0,806.89,647.0,0.8480090952797507,0.6,0.00012179766787599648,8.55304277080956e+23,1210803.6736293852,15,2025-07-29 00:00:00+00:00,1,29.52082175925926
1753804800000,137,1.1724771973190709,162.00977669055263,294819.31013214827,1.3211794467780944,59.0,0.4306569343065693,1.269012380134977,55.0,0.40145985401459855,0.5601785984948432,23.0,0.1678832116788321,,,0.0,,,0.0,1.6458611866183643,-0.32468173984026993,59.0,59.0,772.8474576271186,690.0,0.847598227060504,0.576271186440678,0.0001266798564223935,7.868169565698612e+23,846276.96415229,16,2025-07-29 00:00:00+00:00,1,29.562488425925928
1753808400000,106,0.7161821219125842,124.21889766121396,258769.2311682751,0.6120249551011844,63.0,0.5943396226415094,0.9998799273974084,32.0,0.3018867924528302,0.38895416557327855,10.0,0.09433962264150944,1.4720334189094508,1.0,0.009433962264150943,,,0.0,0.8106667970341745,-0.1986418419329901,63.0,63.0,1032.7460317460318,843.0,0.9225182354228404,0.4603174603174603,0.00010505657778394984,1.1299595515722603e+24,790628.2097273623,17,2025-07-29 00:00:00+00:00,1,29.604155092592592
1753812000000,110,0.5911382277362798,100.15630050558899,205512.62991901778,0.649072909689486,60.0,0.5454545454545454,0.5697450533701933,36.0,0.32727272727272727,0.2966964201920459,13.0,0.11818181818181818,1.7129550857980558,1.0,0.00909090909090909,,,0.0,0.48320020226315347,0.16587270742633256,60.0,60.0,987.4166666666666,741.5,0.9376136316826338,0.5166666666666667,9.124695752369284e-05,1.1261253738736337e+24,526600.3078372079,18,2025-07-29 00:00:00+00:00,1,29.64582175925926
1753815600000,51,0.46268503984593784,27.13530575454047,59197.33008078362,0.6068920661038301,25.0,0.49019607843137253,0.2788705940965645,14.0,0.27450980392156865,0.3767039218495978,12.0,0.23529411764705882,,,0.0,,,0.0,0.3685970908124769,0.23829497529135324,25.0,25.0,930.92,550.0,0.8468000185298018,0.72,6.606908522242969e-05,8.46315864586921e+23,256008.84250714674,19,2025-07-29 00:00:00+00:00,1,29.687488425925928
1753819200000,99,0.5604300310429168,75.15125174923111,168733.1072486371,0.6419538343741288,53.0,0.5353535353535354,0.5267645541937429,32.0,0.32323232323232326,0.2925626292173924,13.0,0.13131313131313133,0.7992399373940627,1.0,0.010101010101010102,,,0.0,0.3035269234722584,0.3384269109018703,53.0,53.0,1048.0,758.0,0.9496935750717302,0.4716981132075472,0.00010079813684010706,8.615557365492907e+23,472040.78151144856,20,2025-07-29 00:00:00+00:00,1,29.729155092592592
1753822800000,79,0.5335425759655756,64.65829899806592,151047.4302143933,0.565563021173241,39.0,0.4936708860759494,0.5565493546856588,29.0,0.3670886075949367,0.35936130814908884,11.0,0.13924050632911392,,,0.0,,,0.0,0.3610730770086839,0.2044899441645571,39.0,39.0,1319.923076923077,810.0,1.044662885976338,0.48717948717948717,0.00010837349939456139,8.806857123951051e+23,393174.5507908382,21,2025-07-29 00:00:00+00:00,1,29.77082175925926
1753826400000,107,0.640402148605658,76.49373942802349,156949.75880257564,0.7348042818835332,69.0,0.6448598130841121,0.5031351973913637,29.0,0.27102803738317754,0.35895708072134064,9.0,0.08411214953271028,,,0.0,,,0.0,0.38309895553295864,0.35170532635057467,69.0,69.0,1251.1304347826087,741.0,0.9832271465360154,0.5362318840579711,0.00010418967740268284,8.722673239110009e+23,330490.1266841369,22,2025-07-29 00:00:00+00:00,1,29.812488425925928
1753830000000,98,0.5989486276350984,89.497992110271,177638.5300290259,0.7950728461423653,55.0,0.5612244897959183,0.43429643444852983,28.0,0.2857142857142857,0.19113400058057714,14.0,0.14285714285714285,0.13178279772263923,1.0,0.01020408163265306,,,0.0,0.3467903846673638,0.4482824614750015,55.0,55.0,675.5818181818182,564.0,0.7618044298267158,0.6363636363636364,9.17487687961661e-05,9.365709809331105e+23,394190.91383633425,23,2025-07-29 00:00:00+00:00,1,29.854155092592592
1753833600000,118,0.7788047871980439,97.15322688583448,185779.21432817687,0.7758691548028183,70.0,0.5932203389830508,0.8679705684959295,36.0,0.3050847457627119,0.52843196560987,12.0,0.1016949152542373,,,0.0,,,0.0,0.7036963808216878,0.07217277398113049,70.0,70.0,877.6285714285714,666.5,0.8652908904138582,0.6428571428571429,0.00012385984660116217,8.752754272312853e+23,455614.66455142444,0,2025-07-30 00:00:00+00:00,1,29.89582175925926
1753837200000,119,0.6644996532653966,112.967169576097,249912.34010415638,0.7133106519444218,74.0,0.6218487394957983,0.6730002873649903,32.0,0.2689075630252101,0.3657277922319463,13.0,0.1092436974789916,,,0.0,,,0.0,0.2743698133842017,0.43894083856022004,74.0,74.0,932.6216216216217,703.5,0.8809403609929416,0.5675675675675675,0.00010370772053814591,9.696156669929249e+23,478388.3107951295,1,2025-07-30 00:00:00+00:00,1,29.937488425925928
1753840800000,40,0.48184920483218974,60.094370891993066,164576.88420528162,0.39675825478918497,27.0,0.675,1.0014416824146395,6.0,0.15,0.36469217421310834,7.0,0.175,,,0.0,,,0.0,0.27339705538046827,0.12336119940871672,27.0,27.0,802.8148148148148,708.0,0.8678796126694281,0.5925925925925926,6.509587360458068e-05,1.1079992066157522e+24,298003.8975344697,2,2025-07-30 00:00:00+00:00,1,29.979155092592592
